日期,1513.TW價,6414.TW價,Z-Score,持倉,未實現損益,累計已實現損益,凍結保證金,帳戶淨值,動作
2021-07-06,42.029422760009766,180.67755126953125,0.40271787430207945,0,0.0,0.0,0.0,200000.0,
2021-07-07,42.029422760009766,184.81202697753903,0.8319815899828192,0,0.0,0.0,0.0,200000.0,
2021-07-08,41.945194244384766,189.77340698242188,1.3402815751894843,0,0.0,0.0,0.0,200000.0,
2021-07-09,41.35560607910156,190.18687438964844,1.4364873048801436,0,0.0,0.0,0.0,200000.0,
2021-07-12,41.8609733581543,193.49449157714844,1.7101531506985326,0,0.0,0.0,0.0,200000.0,
2021-07-13,41.8609733581543,193.90792846679688,1.741124399122708,0,0.0,0.0,0.0,200000.0,
2021-07-14,41.31349182128906,193.0810546875,1.7113517734672368,0,0.0,0.0,0.0,200000.0,
2021-07-15,42.2821044921875,195.1482696533203,1.8151734918338889,0,0.0,0.0,0.0,200000.0,
2021-07-16,42.2821044921875,192.6675720214844,1.5594943875246734,0,0.0,0.0,0.0,200000.0,
2021-07-19,42.78746795654297,188.946533203125,1.1551894564439844,0,0.0,0.0,0.0,200000.0,
2021-07-20,41.945194244384766,185.22547912597656,0.8853880807016146,0,0.0,0.0,0.0,200000.0,
2021-07-21,41.31349182128906,183.5716857910156,0.7919749586212785,0,0.0,0.0,0.0,200000.0,
2021-07-22,41.4398307800293,185.22547912597656,0.9560232334052515,0,0.0,0.0,0.0,200000.0,
2021-07-23,41.73462677001953,184.81202697753903,0.8986609400536628,0,0.0,0.0,0.0,200000.0,
2021-07-26,41.90308380126953,188.5330810546875,1.2531602965461253,0,0.0,0.0,0.0,200000.0,
2021-07-27,42.95592498779297,187.70620727539065,1.0571304571221702,0,0.0,0.0,0.0,200000.0,
2021-07-28,42.3663330078125,186.8792724609375,1.0070026113433042,0,0.0,0.0,0.0,200000.0,
2021-07-29,42.2821044921875,186.8792724609375,0.9863569176094951,0,0.0,0.0,0.0,200000.0,
2021-07-30,42.534786224365234,185.22547912597656,0.783458857956344,0,0.0,0.0,0.0,200000.0,
2021-08-02,42.1978759765625,187.70620727539065,1.0337327419338949,0,0.0,0.0,0.0,200000.0,
2021-08-03,42.2821044921875,187.70620727539065,0.9992459862911468,0,0.0,0.0,0.0,200000.0,
2021-08-04,42.87169647216797,187.292724609375,0.8767519084130339,0,0.0,0.0,0.0,200000.0,
2021-08-05,42.61901473999024,186.05239868164065,0.7561815598299196,0,0.0,0.0,0.0,200000.0,
2021-08-06,42.113651275634766,183.9851226806641,0.579898998213372,0,0.0,0.0,0.0,200000.0,
2021-08-09,41.4398307800293,181.09100341796875,0.3275776187995994,0,0.0,0.0,0.0,200000.0,
2021-08-10,40.59756088256836,177.78338623046875,0.028127827596709856,0,0.0,0.0,0.0,200000.0,
2021-08-11,39.881622314453125,173.23544311523438,-0.4333653300025345,0,0.0,0.0,0.0,200000.0,
2021-08-12,40.09218978881836,175.7161407470703,-0.22035189705032354,0,0.0,0.0,0.0,200000.0,
2021-08-13,39.67105865478516,171.16819763183594,-0.7793713236909351,0,0.0,0.0,0.0,200000.0,
2021-08-16,39.12358093261719,165.79335021972656,-1.4674223065430119,0,0.0,0.0,0.0,200000.0,
2021-08-17,39.12358093261719,164.55300903320312,-1.6532678799636291,0,0.0,0.0,0.0,200000.0,
2021-08-18,39.33414840698242,167.860595703125,-1.247237650107165,0,0.0,0.0,0.0,200000.0,
2021-08-19,38.74455642700195,162.89920043945312,-1.7935006116824859,0,0.0,0.0,0.0,200000.0,
2021-08-20,38.74455642700195,162.07229614257812,-1.8608003487649956,0,0.0,0.0,0.0,200000.0,
2021-08-23,39.50260162353516,165.37989807128906,-1.506029045490459,0,0.0,0.0,0.0,200000.0,
2021-08-24,39.881622314453125,164.55300903320312,-1.6179251757377022,0,0.0,0.0,0.0,200000.0,
2021-08-25,40.17642593383789,167.860595703125,-1.2264256576572055,0,0.0,0.0,0.0,200000.0,
2021-08-26,40.09218978881836,164.96644592285156,-1.5520575912726398,0,0.0,0.0,0.0,200000.0,
2021-08-27,40.17642593383789,164.1395721435547,-1.632514884137247,0,0.0,0.0,0.0,200000.0,
2021-08-30,40.850242614746094,162.48573303222656,-1.8586552491410016,0,0.0,0.0,0.0,200000.0,
2021-08-31,41.27137756347656,161.6588592529297,-1.955683858047149,0,0.0,0.0,0.0,200000.0,
2021-09-01,41.22926330566406,164.96644592285156,-1.5417609853760998,0,0.0,0.0,0.0,200000.0,
2021-09-02,40.850242614746094,163.31263732910156,-1.643246891584958,0,0.0,0.0,0.0,200000.0,
2021-09-03,41.01869583129883,166.20680236816406,-1.2912936841679636,0,0.0,0.0,0.0,200000.0,
2021-09-06,40.30276107788086,160.83193969726562,-1.740480280213971,0,0.0,0.0,0.0,200000.0,
2021-09-07,40.61176300048828,160.00506591796875,-1.7846823368061961,0,0.0,0.0,0.0,200000.0,
2021-09-08,39.72890090942383,155.0436553955078,-2.100310400035851,1,0.0,-67.79090225219727,52588.59020233154,199932.2090977478,"開倉: 多Spread (多6414.TW×1, 空1513.TW×1)"
2021-09-09,39.81718444824219,157.52435302734375,-1.7763654237572277,1,4784.828186035156,-67.79090225219727,53282.2151184082,204717.03728378296,
2021-09-10,40.2144775390625,159.1781768798828,-1.5876531262063027,1,7297.889709472656,-67.79090225219727,53836.016693115234,207230.09880722046,
2021-09-13,40.12619018554688,157.93780517578125,-1.637887162715115,1,4993.721008300767,-67.79090225219727,53477.278747558594,204925.9301060486,
2021-09-14,40.17033386230469,157.11090087890625,-1.6617382607899056,1,3251.6250610351562,-67.79090225219727,53265.93338012695,203183.83415878296,
2021-09-15,40.655906677246094,156.28399658203125,-1.7101219840735808,1,626.6708374023438,-67.79090225219727,53173.77388000488,200558.87993515015,
2021-09-16,40.87662124633789,155.87054443359375,-1.6918068383128844,1,-641.66259765625,-67.79090225219727,53121.73473358154,199290.54650009156,
2021-09-17,40.52347946166992,158.76470947265625,-1.3618454717616568,1,5852.9510498046875,-67.79090225219727,53807.81101226807,205785.1601475525,
2021-09-22,40.25861740112305,159.5915985107422,-1.229495943488578,1,8036.4532470703125,-67.79090225219727,53959.55829620361,207968.66234481812,
2021-09-23,40.70005035400391,160.00506591796875,-1.1920756883518822,1,7980.522155761704,-67.79090225219727,54190.38139343262,207912.73125350953,
2021-09-24,40.832481384277344,164.96644592285156,-0.7632760739855782,1,17638.42010498047,-67.79090225219727,55565.710372924805,217570.62920272828,
2021-09-27,40.832481384277344,163.31263732910156,-0.8756074140723276,1,14330.802917480469,-67.79090225219727,55119.182052612305,214263.01201522828,
2021-09-28,41.53877258300781,161.6588592529297,-1.0388344926147342,1,9610.664367675781,-67.79090225219727,54863.360595703125,209542.8734654236,
2021-09-29,42.99550247192383,158.76470947265625,-1.3435313140579437,1,908.905029296875,-67.79090225219727,54475.25722503662,200841.11412704468,
2021-09-30,43.039642333984375,159.1781768798828,-1.2678801741333992,1,1647.5601196289062,-67.79090225219727,54598.81118774414,201579.7692173767,
2021-10-01,41.05319595336914,153.38986206054688,-1.5180651773380793,1,-5956.1767578125,-67.79090225219727,52499.625663757324,193976.0323399353,
2021-10-04,40.96491241455078,156.78907775878906,-1.202011310331938,1,1018.8217163085938,-67.79090225219727,53393.57734680176,200951.0308140564,
2021-10-05,40.78833770751953,154.2396697998047,-1.346761306267416,1,-3726.8447875976562,-67.79090225219727,52657.56202697754,196205.36431015015,
2021-10-06,41.05319595336914,149.56573486328125,-1.6826278211712207,1,-13604.43115234375,-67.79090225219727,51467.111320495605,186327.77794540406,
2021-10-07,42.2009162902832,151.26535034179688,-1.5877006262869262,1,-12500.640869140625,-67.79090225219727,52235.89199066162,187431.56822860718,
2021-10-08,41.406341552734375,154.2396697998047,-1.256098087148484,1,-4962.852478027344,-67.79090225219727,52824.42306518555,194969.35661972046,
2021-10-12,40.832481384277344,151.26535034179688,-1.421467264294414,1,-9763.771057128906,-67.79090225219727,51866.41456604004,190168.4380406189,
2021-10-13,40.47933197021485,151.26535034179688,-1.3598353781147179,1,-9057.47222900392,-67.79090225219727,51771.064224243164,190874.7368687439,
2021-10-14,40.08205032348633,152.96495056152344,-1.1511372736190428,1,-4863.70849609375,-67.79090225219727,52122.69023895264,195068.50060165406,
2021-10-15,40.39104843139648,157.6388702392578,-0.7509096091157575,1,3866.1346435547016,-67.79090225219727,53468.07804107666,203798.3437413025,
2021-10-18,40.39104843139648,154.2396697998047,-1.0123892898893359,1,-2932.2662353515484,-67.79090225219727,52550.29392242432,196999.94286239624,
2021-10-19,41.05319595336914,154.2396697998047,-1.0369877220191717,1,-4256.561279296875,-67.79090225219727,52729.07375335693,195675.64781845093,
2021-10-20,40.39104843139648,151.26535034179688,-1.2080545439298003,1,-8880.905151367173,-67.79090225219727,51747.22766876221,191051.30394638062,
2021-10-21,36.46230316162109,151.6902618408203,-0.8100359093935581,1,-173.5916137695167,-67.79090225219727,50801.19255065918,199758.61748397828,
2021-10-22,36.63887405395508,153.8147735595703,-0.605603612205558,1,3722.2900390625,-67.79090225219727,51422.484855651855,203654.4991368103,
2021-10-25,35.491153717041016,155.93927001953125,-0.27104681726784713,1,10266.7236328125,-67.79090225219727,51686.21440887451,210198.9327305603,
2021-10-26,34.74071502685547,157.21397399902344,-0.04027038451457289,1,14317.008972167969,-67.79090225219727,51827.766036987305,214249.21806991578,
2021-10-27,35.09386444091797,157.21397399902344,-0.040919188419342466,1,13610.710144042969,-67.79090225219727,51923.11637878418,213542.91924179078,
2021-10-28,36.28572845458984,157.21397399902344,-0.12523169594881559,1,11226.982116699233,-67.79090225219727,52244.919662475586,211159.19121444703,
2021-10-29,36.329872131347656,156.36416625976562,-0.18911029095662568,1,9439.079284667969,-67.79090225219727,52027.390365600586,209371.28838241578,
2021-11-01,37.12445068359375,162.7377166748047,0.5556301401924584,0,0.0,20461.237621307373,0.0,220461.23762130737,"平倉: 多Spread, 損益=+20,529"
2021-11-02,36.418155670166016,164.01242065429688,0.8997014543804349,0,0.0,20461.237621307373,0.0,220461.23762130737,
2021-11-03,36.329872131347656,180.15872192382807,3.0826775558696466,-1,0.0,20392.578077545168,58451.92039489745,220392.57807754516,"開倉: 空Spread (空6414.TW×1, 多1513.TW×1)"
2021-11-04,36.15330123901367,186.10736083984372,3.6273819121185076,-1,-12250.419616699275,20392.578077545168,60010.3787612915,208142.15846084588,
2021-11-05,36.418155670166016,184.8326416015625,3.210128576698655,-1,-9171.272277832144,20392.578077545168,59737.7152633667,211221.305799713,
2021-11-08,37.12445068359375,185.68246459960935,2.9962929390184647,-1,-9458.328247070369,20392.578077545168,60157.86712646484,210934.2498304748,
2021-11-09,37.565879821777344,186.10736083984372,2.8217071419524404,-1,-9425.262451171931,20392.578077545168,60391.77497863769,210967.31562637322,
2021-11-10,37.61002349853516,191.2061920166016,3.064846055669998,-1,-19534.63745117203,20392.578077545168,61780.37818908693,200857.94062637314,
2021-11-11,38.18388748168945,192.48089599609372,2.8679721345063713,-1,-20936.317443847714,20392.578077545168,62279.49153900146,199456.26063369744,
2021-11-12,38.49289321899414,192.48089599609372,2.627731305020324,-1,-20318.30596923834,20392.578077545168,62362.92308807372,200074.27210830682,
2021-11-15,38.80189514160156,195.45523071289065,2.6453068641705326,-1,-25648.97155761736,20392.578077545168,63249.423980712905,194743.6065199278,
2021-11-16,40.302764892578125,191.63108825683597,2.103191332725485,-1,-14998.947143554858,20392.578077545168,62622.14035034181,205393.6309339903,
2021-11-17,40.2144775390625,181.4334259033203,1.284816314417186,-1,5219.802856445199,20392.578077545168,59844.93392944336,225612.38093399035,
2021-11-18,40.25861740112305,181.4334259033203,1.245435548209371,-1,5308.082580566293,20392.578077545168,59856.85169219971,225700.66065811145,
2021-11-19,39.72890090942383,181.00852966308597,1.215267049052098,-1,5098.442077636548,20392.578077545168,59599.10625457765,225491.0201551817,
2021-11-22,40.2144775390625,183.55795288085935,1.329434295906028,-1,970.7489013671311,20392.578077545168,60418.5562133789,221363.3269789123,
2021-11-23,40.56761932373047,180.15872192382807,1.0304740426231025,-1,8475.494384765625,20392.578077545168,59596.112136840806,228868.07246231078,
2021-11-24,40.39104843139648,183.13304138183597,1.2184156425938353,-1,2173.7136840818457,20392.578077545168,60351.50424957277,222566.291761627,
2021-11-25,40.34690475463867,191.63108825683597,1.7437710409921587,-1,-14910.667419433765,20392.578077545168,62634.05811309816,205481.9106581114,
2021-11-26,39.46404266357422,188.2318878173828,1.5062421334851233,-1,-9877.990722656363,20392.578077545168,61477.9012298584,210514.5873548888,
2021-11-29,39.28746795654297,199.70425415039065,2.1634515174123914,-1,-33175.87280273454,20392.578077545168,64527.764968872085,187216.7052748106,
2021-11-30,39.59646987915039,207.3524932861328,2.4566951588133343,-1,-47854.34722900402,20392.578077545168,66676.22005462646,172538.23084854113,
2021-12-01,39.86133193969727,205.22799682617188,2.1746723535587673,-1,-43075.63018798838,20392.578077545168,66174.11876678468,177316.94788955676,
2021-12-02,39.55233001708984,203.72607421875,1.9925265488633954,-1,-40689.788818359506,20392.578077545168,65685.16914367676,179702.78925918567,
2021-12-03,39.68476104736328,198.59011840820312,1.6203659342308314,-1,-30153.015136718866,20392.578077545168,64334.21745300293,190239.5629408263,
2021-12-06,40.03790283203125,196.02215576171875,1.4032845395077775,-1,-24310.806274414175,20392.578077545168,63736.2158203125,196081.77180313098,
2021-12-07,39.72890090942383,202.8700714111328,1.719665027622362,-1,-38624.64141845715,20392.578077545168,65501.72252655029,181767.936659088,
2021-12-08,39.11089324951172,204.154052734375,1.739703448274015,-1,-42428.61938476574,20392.578077545168,65681.53541564941,177963.95869277942,
2021-12-09,38.62532424926758,204.58206176757807,1.7087453394940975,-1,-44255.775451660156,20392.578077545168,65665.99422454833,176136.802625885,
2021-12-10,38.581180572509766,205.8660430908203,1.7005433950864617,-1,-46912.02545166027,20392.578077545168,66000.75038909912,173480.55262588488,
2021-12-13,38.22802734375,200.30210876464844,1.3822325780061528,-1,-36490.463256836054,20392.578077545168,64403.13674926758,183902.1148207091,
2021-12-14,38.18388748168945,199.44610595703125,1.2943570515175744,-1,-34866.73736572277,20392.578077545168,64160.09822845459,185525.84071182238,
2021-12-15,38.44874954223633,193.8821563720703,0.9698725425623584,-1,-23209.114074707144,20392.578077545168,62729.34459686279,197183.464002838,
2021-12-16,38.0073127746582,204.154052734375,1.4481908211429309,-1,-44635.78033447277,20392.578077545168,65383.568687438965,175756.79774307238,
2021-12-17,38.0073127746582,205.8660430908203,1.4741545157944467,-1,-48059.7610473634,20392.578077545168,65845.8060836792,172332.81703018176,
2021-12-20,38.22802734375,202.44207763671875,1.251592803755328,-1,-40770.40100097668,20392.578077545168,64980.92834472656,179622.17707656848,
2021-12-21,38.53703689575195,194.31016540527344,0.8168565287357388,-1,-23888.557434082144,20392.578077545168,62868.744621276855,196504.020643463,
2021-12-22,38.669464111328125,191.7421722412109,0.6623982977194316,-1,-18487.716674804746,20392.578077545168,62211.14181518554,201904.8614027404,
2021-12-23,39.55233001708984,192.5981903076172,0.6377128894228105,-1,-18434.020996093877,20392.578077545168,62680.6404876709,201958.5570814513,
2021-12-24,39.64061737060547,192.5981903076172,0.6088603518204785,-1,-18257.446289062613,20392.578077545168,62704.47807312012,202135.13178848254,
2021-12-27,39.68476104736328,194.7381591796875,0.6858759716979559,-1,-22449.096679687613,20392.578077545168,63294.18846130371,197943.48139785754,
2021-12-28,39.55233001708984,191.7421722412109,0.5186590180120395,-1,-16721.984863281323,20392.578077545168,62449.515609741204,203670.59321426385,
2021-12-29,40.03790283203125,195.5941467285156,0.6634964549362189,-1,-23454.78820800787,20392.578077545168,63620.65338134765,196937.7898695373,
2021-12-30,39.94961929321289,202.44207763671875,0.9903647099340863,-1,-37327.2171020509,20392.578077545168,65445.75817108154,183065.36097549426,
2022-01-03,39.59646987915039,208.8620147705078,1.3080226279284144,-1,-50873.39019775402,20392.578077545168,67083.79085540771,169519.18787979113,
2022-01-04,39.81718444824219,214.8539581298828,1.5635796995667364,-1,-62415.84777832043,20392.578077545168,68761.20849609375,157976.73029922473,
2022-01-05,40.03790283203125,236.25375366210935,2.538415007771194,-1,-104774.00207519537,20392.578077545168,74598.74725341797,115618.57600234979,
2022-01-06,39.90547561645508,220.8459014892578,1.6996998168709625,-1,-74223.15216064465,20392.578077545168,70402.87181854248,146169.4259169005,
2022-01-07,39.46404266357422,208.8620147705078,1.0728032762304347,-1,-51138.24462890637,20392.578077545168,67048.03550720215,169254.3334486388,
2022-01-10,39.46404266357422,211.8579864501953,1.197369439012303,-1,-57130.18798828137,20392.578077545168,67856.94786071777,163262.3900892638,
2022-01-11,39.28746795654297,203.29808044433597,0.7243560196977574,-1,-40363.52539062517,20392.578077545168,65498.09806823732,180029.05268691998,
2022-01-12,39.1550407409668,200.30210876464844,0.5415363553985415,-1,-34636.43646240246,20392.578077545168,64653.43036651611,185756.1416151427,
2022-01-13,39.06674957275391,197.3061370849609,0.3466123763528749,-1,-28821.07543945317,20392.578077545168,63820.679397583,191571.50263809197,
2022-01-14,38.40460968017578,196.02215576171875,0.27748942470581883,-1,-27577.392578125113,20392.578077545168,63295.22666931152,192815.18549942004,
2022-01-17,38.3604621887207,201.1580810546875,0.5782339825494363,-1,-37937.53814697277,20392.578077545168,64670.006675720215,182455.03993057238,
2022-01-18,38.22802734375,198.59011840820312,0.39133341204980493,-1,-33066.48254394543,20392.578077545168,63940.899353027344,187326.09553359973,
2022-01-19,38.27217102050781,193.4541778564453,0.0012833673774571184,-1,-22706.314086914175,20392.578077545168,62566.114196777344,197686.26399063098,
2022-01-20,38.27217102050781,196.02215576171875,0.1489236326841935,-1,-27842.26989746105,20392.578077545168,63259.46823120117,192550.3081800841,
2022-01-21,37.34516525268555,192.5981903076172,-0.08891593707854097,0,0.0,-2524.9701815797016,0.0,197475.0298184203,"平倉: 空Spread, 損益=-22,918"
2022-01-24,36.9478759765625,190.45819091796875,-0.2954735830794408,0,0.0,-2524.9701815797016,0.0,197475.0298184203,
2022-01-25,36.418155670166016,181.8982696533203,-1.076369675604913,0,0.0,-2524.9701815797016,0.0,197475.0298184203,
2022-01-26,37.08030700683594,180.61428833007807,-1.3431558948205473,0,0.0,-2524.9701815797016,0.0,197475.0298184203,
2022-02-07,37.87488555908203,185.750244140625,-0.937292307911967,0,0.0,-2524.9701815797016,0.0,197475.0298184203,
2022-02-08,38.581180572509766,188.7462158203125,-0.714028904809572,0,0.0,-2524.9701815797016,0.0,197475.0298184203,
2022-02-09,38.84603500366211,194.7381591796875,-0.17256787143902289,0,0.0,-2524.9701815797016,0.0,197475.0298184203,
2022-02-10,38.53703689575195,193.8821563720703,-0.2396376227752969,0,0.0,-2524.9701815797016,0.0,197475.0298184203,
2022-02-11,38.581180572509766,190.45819091796875,-0.5872145601089482,0,0.0,-2524.9701815797016,0.0,197475.0298184203,
2022-02-14,37.69831085205078,182.7542724609375,-1.2331500276324776,0,0.0,-2524.9701815797016,0.0,197475.0298184203,
2022-02-15,37.65417098999024,181.0422821044922,-1.357031895466255,0,0.0,-2524.9701815797016,0.0,197475.0298184203,
2022-02-16,37.96316909790039,185.3222503662109,-0.9582316553351147,0,0.0,-2524.9701815797016,0.0,197475.0298184203,
2022-02-17,38.13974380493164,181.8982696533203,-1.261887616489359,0,0.0,-2524.9701815797016,0.0,197475.0298184203,
2022-02-18,38.0073127746582,181.4702911376953,-1.2631930512568765,0,0.0,-2524.9701815797016,0.0,197475.0298184203,
2022-02-21,38.316314697265625,180.186279296875,-1.4125145976627271,0,0.0,-2524.9701815797016,0.0,197475.0298184203,
2022-02-22,37.69831085205078,172.9103546142578,-1.990684159435147,0,0.0,-2524.9701815797016,0.0,197475.0298184203,
2022-02-23,37.43345260620117,173.33834838867188,-1.8933918048490779,0,0.0,-2524.9701815797016,0.0,197475.0298184203,
2022-02-24,36.37401580810547,168.202392578125,-2.1806374487695455,1,0.0,-2593.153237915151,55235.63026428223,197406.84676208484,"開倉: 多Spread (多6414.TW×1, 空1513.TW×1)"
2022-02-25,36.90373611450195,172.9103546142578,-1.791871513161108,1,8356.483459472656,-2593.153237915151,56649.80449676514,205763.3302215575,
2022-03-01,37.565879821777344,178.04632568359375,-1.3923092039918874,1,17304.13818359375,-2593.153237915151,58215.295486450195,214710.9849456786,
2022-03-02,37.61002349853516,177.1903076171875,-1.4295095225843886,1,15503.81469726561,-2593.153237915151,57996.08940124512,212910.66145935043,
2022-03-03,38.22802734375,176.7623291015625,-1.4783932271243831,1,13411.849975585938,-2593.153237915151,58047.396240234375,210818.69673767078,
2022-03-04,38.62532424926758,173.766357421875,-1.6844471729641857,1,6625.312805175781,-2593.153237915151,57345.754051208496,204032.15956726062,
2022-03-07,37.742454528808594,164.7784423828125,-2.212428574936302,1,-9584.77783203125,-2593.153237915151,54680.642166137695,187822.0689300536,
2022-03-08,36.63887405395508,161.782470703125,-2.2237783372261837,1,-13369.560241699219,-2593.153237915151,53573.76308441162,184037.28652038562,
2022-03-09,37.30102157592773,163.49444580078125,-2.028261597227265,1,-11269.905090332017,-2593.153237915151,54214.776191711426,186136.94167175284,
2022-03-10,39.24332809448242,164.35044860839844,-1.9917035352759875,1,-13442.512512207031,-2593.153237915151,54970.31970977783,183964.3342498778,
2022-03-11,40.2144775390625,164.7784423828125,-1.9263274224519136,1,-14528.823852539062,-2593.153237915151,55348.08837890625,182878.02290954578,
2022-03-14,44.23151016235352,164.7784423828125,-2.0709528418711134,1,-22562.88909912111,-2593.153237915151,56432.687187194824,174843.95766296372,
2022-03-15,43.3486442565918,162.21044921875,-2.067388668261145,1,-25933.143615722656,-2593.153237915151,55500.955238342285,171473.70314636218,
2022-03-16,45.8206672668457,162.63845825195312,-2.0751622052398147,1,-30021.17156982422,-2593.153237915151,56283.96389007568,167385.67519226062,
2022-03-17,45.11437225341797,168.63040161132812,-1.5941251601135706,1,-16624.69482421875,-2593.153237915151,57711.088943481445,180782.1519378661,
2022-03-18,44.84951400756836,170.34239196777344,-1.4179978232134622,1,-12670.997619628906,-2593.153237915151,58101.814613342285,184735.84914245593,
2022-03-21,47.762969970703125,172.4823455810547,-1.4036347485646998,1,-14218.002319335938,-2593.153237915151,59466.23519897461,183188.8444427489,
2022-03-22,48.46925735473633,173.33834838867188,-1.3434835067460658,1,-13918.571472167969,-2593.153237915151,59888.053550720215,183488.27528991687,
2022-03-23,48.29268646240234,175.05035400390625,-1.191059220683424,1,-10141.418457031235,-2593.153237915151,60302.62092590332,187265.42830505362,
2022-03-24,47.40982437133789,175.05035400390625,-1.1042510282982279,1,-8375.694274902344,-2593.153237915151,60064.24816131592,189031.1524871825,
2022-03-25,47.49810791015625,173.766357421875,-1.145671920929923,1,-11120.254516601562,-2593.153237915151,59741.40563964844,186286.59224548328,
2022-03-28,48.29268646240234,171.62637329101562,-1.2708970810197204,1,-16989.379882812485,-2593.153237915151,59378.14613342285,180417.46687927237,
2022-03-29,47.6746826171875,170.7703857421875,-1.2426450873813775,1,-17465.347290039062,-2593.153237915151,58980.16845703125,179941.49947204578,
2022-03-30,47.93954086303711,173.33834838867188,-1.0743246008262388,1,-12859.138488769531,-2593.153237915151,59745.030097961426,184547.7082733153,
2022-03-31,48.29268646240234,172.9103546142578,-1.082580610527901,1,-14421.41723632811,-2593.153237915151,59724.82109069824,182985.42952575674,
2022-04-01,47.6746826171875,173.766357421875,-0.9687222378751126,1,-11473.403930664062,-2593.153237915151,59789.080810546875,185933.44283142078,
2022-04-06,47.58639526367188,172.9103546142578,-0.9810274477988888,1,-13008.834838867202,-2593.153237915151,59534.122467041016,184398.01192321762,
2022-04-07,45.55580520629883,170.7703857421875,-0.9598494959699404,1,-13227.592468261719,-2593.153237915151,58408.07155609131,184179.25429382312,
2022-04-08,46.70353317260742,172.9103546142578,-0.8719978096864192,1,-11243.110656738281,-2593.153237915151,59295.74970245361,186163.73610534656,
2022-04-11,47.321533203125,167.34642028808594,-1.1812166902134724,1,-23606.979370117188,-2593.153237915151,57960.34744262695,173799.86739196765,
2022-04-12,46.6152458190918,170.34239196777344,-0.9485967033047408,1,-16202.461242675781,-2593.153237915151,58578.56220245361,181204.38551940906,
2022-04-13,46.70353317260742,171.62637329101562,-0.8892393451207969,1,-13811.073303222656,-2593.153237915151,58949.07474517822,183595.77345886218,
2022-04-14,48.99897766113281,173.33834838867188,-0.9119627722939337,1,-14978.012084960938,-2593.153237915151,60031.078033447266,182428.8346771239,
2022-04-15,49.08726119995117,171.1983642578125,-1.0398233309397094,1,-19434.547424316406,-2593.153237915151,59477.11887359619,177972.29933776843,
2022-04-18,48.82240295410156,175.05035400390625,-0.7369531476384182,1,-11200.851440429688,-2593.153237915151,60445.64437866211,186205.99532165515,
2022-04-19,50.588134765625,178.9022979736328,-0.5549494929307324,1,-7028.4271240234375,-2593.153237915151,61962.41683959961,190378.4196380614,
2022-04-20,50.85299682617188,187.46221923828125,0.10336545879114951,0,0.0,6899.005437621945,0.0,206899.00543762193,"平倉: 多Spread, 損益=+9,492"
2022-04-21,49.70526885986328,185.750244140625,0.08651930201946101,0,0.0,6899.005437621945,0.0,206899.00543762193,
2022-04-22,49.88183975219727,184.46624755859372,0.0006110500529676314,0,0.0,6899.005437621945,0.0,206899.00543762193,
2022-04-25,47.762969970703125,169.9143829345703,-1.008416386671727,0,0.0,6899.005437621945,0.0,206899.00543762193,
2022-04-26,49.793556213378906,173.766357421875,-0.8264265544163957,0,0.0,6899.005437621945,0.0,206899.00543762193,
2022-04-27,50.323272705078125,170.7703857421875,-1.1094081808074903,0,0.0,6899.005437621945,0.0,206899.00543762193,
2022-04-28,49.08726119995117,170.34239196777344,-1.0218687995158986,0,0.0,6899.005437621945,0.0,206899.00543762193,
2022-04-29,48.02782440185547,169.4863739013672,-0.9855123677905352,0,0.0,6899.005437621945,0.0,206899.00543762193,
2022-05-03,46.35038375854492,169.0583953857422,-0.8489322589787961,0,0.0,6899.005437621945,0.0,206899.00543762193,
2022-05-04,46.43866729736328,169.9143829345703,-0.7448753847302771,0,0.0,6899.005437621945,0.0,206899.00543762193,
2022-05-05,46.26210021972656,170.7703857421875,-0.616086815148072,0,0.0,6899.005437621945,0.0,206899.00543762193,
2022-05-06,45.73237609863281,168.202392578125,-0.8003330835864619,0,0.0,6899.005437621945,0.0,206899.00543762193,
2022-05-09,44.14322280883789,162.63845825195312,-1.1966929395289456,0,0.0,6899.005437621945,0.0,206899.00543762193,
2022-05-10,43.70178985595703,167.7744140625,-0.5843707947929482,0,0.0,6899.005437621945,0.0,206899.00543762193,
2022-05-11,42.42163848876953,164.7784423828125,-0.7822955501017943,0,0.0,6899.005437621945,0.0,206899.00543762193,
2022-05-12,40.9207649230957,164.7784423828125,-0.5873750796440502,0,0.0,6899.005437621945,0.0,206899.00543762193,
2022-05-13,43.039642333984375,166.9184112548828,-0.5493514955820274,0,0.0,6899.005437621945,0.0,206899.00543762193,
2022-05-16,43.65764617919922,166.0624237060547,-0.7282858187652,0,0.0,6899.005437621945,0.0,206899.00543762193,
2022-05-17,43.922508239746094,170.7703857421875,-0.04210360922386143,0,0.0,6899.005437621945,0.0,206899.00543762193,
2022-05-18,43.65764617919922,178.47430419921875,1.2690982567735656,0,0.0,6899.005437621945,0.0,206899.00543762193,
2022-05-19,43.26036071777344,175.05035400390625,0.8547179718371569,0,0.0,6899.005437621945,0.0,206899.00543762193,
2022-05-20,43.216217041015625,174.19435119628906,0.7871672726431205,0,0.0,6899.005437621945,0.0,206899.00543762193,
2022-05-23,44.23151016235352,174.6223602294922,0.7129717393288515,0,0.0,6899.005437621945,0.0,206899.00543762193,
2022-05-24,43.26036071777344,172.4823455810547,0.5222458772242297,0,0.0,6899.005437621945,0.0,206899.00543762193,
2022-05-25,43.70178985595703,178.04632568359375,1.4649744405628224,0,0.0,6899.005437621945,0.0,206899.00543762193,
2022-05-26,43.61350631713867,174.6223602294922,0.8749592018040061,0,0.0,6899.005437621945,0.0,206899.00543762193,
2022-05-27,43.96664810180664,177.1903076171875,1.3833636576339274,0,0.0,6899.005437621945,0.0,206899.00543762193,
2022-05-30,45.8206672668457,177.61831665039062,1.1965521372616825,0,0.0,6899.005437621945,0.0,206899.00543762193,
2022-05-31,45.4675178527832,178.47430419921875,1.5223771693209966,0,0.0,6899.005437621945,0.0,206899.00543762193,
2022-06-01,44.84951400756836,178.47430419921875,1.67001458783858,0,0.0,6899.005437621945,0.0,206899.00543762193,
2022-06-02,44.31979751586914,179.75830078125,1.963049667779317,0,0.0,6899.005437621945,0.0,206899.00543762193,
2022-06-06,44.14322280883789,184.46624755859372,2.7454495655296403,-1,0.0,6829.861058807248,61724.556999206536,206829.86105880723,"開倉: 空Spread (空6414.TW×1, 多1513.TW×1)"
2022-06-07,44.23151016235352,184.0382537841797,2.4593856867066557,-1,1032.5622558593323,6829.861058807248,61632.836265563965,207862.42331466658,
2022-06-08,43.96664810180664,185.3222503662109,2.543549837914891,-1,-2065.155029296875,6829.861058807248,61908.00258636474,204764.70602951036,
2022-06-09,45.11437225341797,190.45819091796875,2.9496699241010513,-1,-10041.5878295899,6829.861058807248,63604.592056274414,196788.27322921733,
2022-06-10,45.29094314575195,194.31016540527344,3.187184639310783,-1,-17392.39501953131,6829.861058807248,64692.299308776855,189437.46603927593,
2022-06-13,44.09907913208008,184.46624755859372,1.8076053594163812,-1,-88.287353515625,6829.861058807248,61712.638206481926,206741.5737052916,
2022-06-14,43.52521896362305,181.4702911376953,1.4047062110751347,-1,4755.905151367131,6829.861058807248,60748.78772735596,211585.76621017436,
2022-06-15,42.42163848876953,178.47430419921875,1.0800868171752276,-1,8540.718078613225,6829.861058807248,59641.904525756836,215370.57913742046,
2022-06-16,42.06848907470703,174.6223602294922,0.5432063304482032,-1,15538.307189941348,6829.861058807248,58506.52931213379,222368.16824874858,
2022-06-17,42.33335113525391,171.62637329101562,0.052339035902921854,-1,22060.005187988238,6829.861058807248,57769.12559509277,228889.86624679546,
2022-06-20,41.406341552734375,168.202392578125,-0.3277826117025018,0,0.0,33815.42415817242,0.0,233815.42415817242,"平倉: 空Spread, 損益=+26,986"
2022-06-21,42.86307144165039,172.9103546142578,0.1559130560967601,0,0.0,33815.42415817242,0.0,233815.42415817242,
2022-06-22,43.30450439453125,167.34642028808594,-0.7211867870167276,0,0.0,33815.42415817242,0.0,233815.42415817242,
2022-06-23,43.216217041015625,170.7703857421875,-0.2051038811307521,0,0.0,33815.42415817242,0.0,233815.42415817242,
2022-06-24,47.49810791015625,173.766357421875,-0.37925839667354827,0,0.0,33815.42415817242,0.0,233815.42415817242,
2022-06-27,48.46925735473633,181.4702911376953,0.6046723327476972,0,0.0,33815.42415817242,0.0,233815.42415817242,
2022-06-28,48.55754470825195,180.61428833007807,0.44807481076168354,0,0.0,33815.42415817242,0.0,233815.42415817242,
2022-06-29,48.02782440185547,184.8942413330078,1.1241951647472892,0,0.0,33815.42415817242,0.0,233815.42415817242,
2022-06-30,48.64583206176758,183.1822509765625,0.759299901483242,0,0.0,33815.42415817242,0.0,233815.42415817242,
2022-07-01,48.99897766113281,174.19435119628906,-0.618249779780814,0,0.0,33815.42415817242,0.0,233815.42415817242,
2022-07-04,49.08726119995117,174.19435119628906,-0.6308852943023613,0,0.0,33815.42415817242,0.0,233815.42415817242,
2022-07-05,48.29268646240234,180.61428833007807,0.415153821858544,0,0.0,33815.42415817242,0.0,233815.42415817242,
2022-07-06,47.762969970703125,181.8982696533203,0.6541963900073882,0,0.0,33815.42415817242,0.0,233815.42415817242,
2022-07-07,48.99897766113281,174.19435119628906,-0.6839715128991375,0,0.0,33815.42415817242,0.0,233815.42415817242,
2022-07-08,47.85125732421875,172.4823455810547,-0.7746006089646039,0,0.0,33815.42415817242,0.0,233815.42415817242,
2022-07-11,48.55754470825195,176.7623291015625,-0.24445033728261928,0,0.0,33815.42415817242,0.0,233815.42415817242,
2022-07-12,47.762969970703125,172.9103546142578,-0.7236032872493044,0,0.0,33815.42415817242,0.0,233815.42415817242,
2022-07-13,48.3809700012207,185.3222503662109,1.0398474759001723,0,0.0,33815.42415817242,0.0,233815.42415817242,
2022-07-14,49.793556213378906,190.45819091796875,1.5476513128758806,0,0.0,33815.42415817242,0.0,233815.42415817242,
2022-07-15,47.6746826171875,190.0301971435547,1.7385907138851235,0,0.0,33815.42415817242,0.0,233815.42415817242,
2022-07-18,48.20439910888672,190.0301971435547,1.6226877006831482,0,0.0,33815.42415817242,0.0,233815.42415817242,
2022-07-19,48.20439910888672,191.31417846679688,1.7438252222941155,0,0.0,33815.42415817242,0.0,233815.42415817242,
2022-07-20,47.762969970703125,192.5981903076172,1.8916399195855598,0,0.0,33815.42415817242,0.0,233815.42415817242,
2022-07-21,47.58639526367188,190.0301971435547,1.5036908794958692,0,0.0,33815.42415817242,0.0,233815.42415817242,
2022-07-22,48.3809700012207,191.31417846679688,1.5208052311323998,0,0.0,33815.42415817242,0.0,233815.42415817242,
2022-07-25,49.21833801269531,190.45819091796875,1.2562563622659566,0,0.0,33815.42415817242,0.0,233815.42415817242,
2022-07-26,49.68354034423828,186.17822265625,0.5915692378896202,0,0.0,33815.42415817242,0.0,233815.42415817242,
2022-07-27,50.61394119262695,189.1741943359375,0.8510808023943006,0,0.0,33815.42415817242,0.0,233815.42415817242,
2022-07-28,52.753868103027344,187.0342254638672,0.24774301706487353,0,0.0,33815.42415817242,0.0,233815.42415817242,
2022-07-29,54.14947509765625,190.12936401367188,0.4710709404225858,0,0.0,33815.42415817242,0.0,233815.42415817242,
2022-08-01,54.98683547973633,191.4558258056641,0.5200183028387907,0,0.0,33815.42415817242,0.0,233815.42415817242,
2022-08-02,54.800758361816406,187.9185485839844,-0.0005149551482473909,0,0.0,33815.42415817242,0.0,233815.42415817242,
2022-08-03,53.68427276611328,187.9185485839844,0.1365621697114498,0,0.0,33815.42415817242,0.0,233815.42415817242,
2022-08-04,53.312110900878906,195.43528747558597,1.3048706776325234,0,0.0,33815.42415817242,0.0,233815.42415817242,
2022-08-05,53.68427276611328,205.162841796875,2.5812747466161228,-1,0.0,33745.0702735899,69888.72093200685,233745.0702735899,"開倉: 空Spread (空6414.TW×1, 多1513.TW×1)"
2022-08-08,54.24251174926758,207.37364196777344,2.6439177052542897,-1,-3305.1223754882812,33745.0702735899,70636.36150360109,230439.94789810161,
2022-08-09,54.33555603027344,207.8157958984375,2.54153757020357,-1,-4003.3416748046875,33745.0702735899,70780.86502075197,229741.7285987852,
2022-08-10,57.21979904174805,210.46876525878903,2.3706387677843646,-1,-3540.7943725585374,33745.0702735899,72275.91236114502,230204.27590103136,
2022-08-11,58.522369384765625,214.44821166992188,2.533863946927507,-1,-8894.546508789062,33745.0702735899,73702.05688476564,224850.52376480083,
2022-08-12,58.70845031738281,203.8363494873047,1.1374452192783049,-1,12701.339721679688,33745.0702735899,70887.09594726562,246446.40999526958,
2022-08-15,60.19709014892578,202.0677032470703,0.7142519517128663,-1,19215.911865234375,33745.0702735899,70811.49421691895,252960.98213882427,
2022-08-16,57.77804565429688,203.8363494873047,1.183095232681343,-1,10840.530395507827,33745.0702735899,70635.88668823242,244585.60066909774,
2022-08-17,57.68500518798828,201.62554931640625,0.8898742350234958,-1,15076.0498046875,33745.0702735899,70013.84971618652,248821.1200782774,
2022-08-18,59.54581451416016,203.39419555664065,0.8620436395473757,-1,15260.375976562458,33745.0702735899,70993.80271911623,249005.44625015237,
2022-08-19,59.266693115234375,201.62554931640625,0.6534261994761003,-1,18239.425659179688,33745.0702735899,70440.90545654297,251984.49593276958,
2022-08-22,60.8483772277832,202.50987243652344,0.5561140360426684,-1,19634.14764404297,33745.0702735899,71106.7274093628,253379.21791763286,
2022-08-23,61.22053909301758,200.74124145507807,0.2771619694878423,-1,23915.733337402457,33745.0702735899,70729.68074798583,257660.80361099236,
2022-08-24,60.8483772277832,205.60501098632807,0.8964454408257055,-1,13443.870544433707,33745.0702735899,71942.41481781004,247188.9408180236,
2022-08-25,60.47621536254883,205.60501098632807,0.911548635277156,-1,12699.546813964957,33745.0702735899,71841.93111419676,246444.61708755486,
2022-08-26,59.73189163208008,202.50987243652344,0.6009662767446088,-1,17401.17645263672,33745.0702735899,70805.27629852295,251146.24672622661,
2022-08-29,59.91797256469727,190.12936401367188,-0.9165998941105894,0,0.0,76209.423543701,0.0,276209.423543701,"平倉: 空Spread, 損益=+42,464"
2022-08-30,61.68574142456055,192.7823181152344,-0.7798413812508969,0,0.0,76209.423543701,0.0,276209.423543701,
2022-08-31,61.59269332885742,195.43528747558597,-0.4328696902140761,0,0.0,76209.423543701,0.0,276209.423543701,
2022-09-01,61.22053909301758,193.22447204589844,-0.6342373001284838,0,0.0,76209.423543701,0.0,276209.423543701,
2022-09-02,60.29013442993164,192.34014892578125,-0.6077256917457511,0,0.0,76209.423543701,0.0,276209.423543701,
2022-09-05,60.66229248046875,187.47637939453125,-1.2110708783421247,0,0.0,76209.423543701,0.0,276209.423543701,
2022-09-06,59.08061218261719,188.8028717041016,-0.843392274650536,0,0.0,76209.423543701,0.0,276209.423543701,
2022-09-07,59.35973358154297,173.3272247314453,-2.552212372065096,1,0.0,76140.1160653685,62825.478744506836,276140.11606536846,"開倉: 多Spread (多6414.TW×1, 空1513.TW×1)"
2022-09-08,62.24398040771485,179.0753173828125,-2.103460624728241,1,5727.69165039061,76140.1160653685,65156.21040344238,281867.8077157591,
2022-09-12,61.4066162109375,185.70773315429688,-1.26705355245185,1,20667.251586914062,76140.1160653685,66720.87432861328,296807.3676522825,
2022-09-13,61.499656677246094,185.70773315429688,-1.268590603693815,1,20481.170654296875,76140.1160653685,66745.9952545166,296621.28671966534,
2022-09-14,61.22053909301758,185.70773315429688,-1.2201642727798205,1,21039.405822753906,76140.1160653685,66670.6335067749,297179.52188812237,
2022-09-15,61.4066162109375,182.1704559326172,-1.6049239255528716,1,13592.697143554688,76140.1160653685,65765.80947875977,289732.81320892315,
2022-09-16,60.01101303100586,179.9596405029297,-1.6583264824083142,1,11962.272644042969,76140.1160653685,64792.0764541626,288102.38870941143,
2022-09-19,59.73189163208008,179.51748657226562,-1.6424533507920225,1,11636.207580566406,76140.1160653685,64597.33211517334,287776.32364593487,
2022-09-20,61.68574142456055,182.1704559326172,-1.5117902742150149,1,13034.446716308594,76140.1160653685,65841.17328643799,289174.56278167706,
2022-09-21,60.8483772277832,179.0753173828125,-1.6820268010888377,1,8518.898010253906,76140.1160653685,64779.39754486084,284659.01407562237,
2022-09-22,61.96485900878906,179.9596405029297,-1.6317935013492302,1,8054.5806884765625,76140.1160653685,65319.61486816406,284194.696753845,
2022-09-23,59.35973358154297,178.1909942626953,-1.5055568343366332,1,9727.5390625,76140.1160653685,64138.696517944336,285867.65512786846,
2022-09-26,56.38243865966797,169.78993225097656,-1.961914430787709,1,-1119.9951171875,76140.1160653685,61066.54014587402,275020.12094818096,
2022-09-27,56.661563873291016,171.55857849121094,-1.7704798469631011,1,1859.0469360351562,76140.1160653685,61619.43843841553,277999.1630014036,
2022-09-28,53.59123229980469,164.04183959960938,-2.072164693288743,1,-7033.7677001953125,76140.1160653685,58760.9294128418,269106.34836517315,
2022-09-29,53.032989501953125,167.57913208007812,-1.6478204428779082,1,1157.3028564453125,76140.1160653685,59565.27282714844,277297.4189218138,
2022-09-30,52.93994903564453,168.46343994140625,-1.5271427103072062,1,3111.99951171875,76140.1160653685,59778.91502380371,279252.1155770872,
2022-10-03,52.288665771484375,167.13697814941406,-1.5478788262896337,1,1761.6424560546875,76140.1160653685,59244.92385864258,277901.75852142315,
2022-10-04,53.21907424926758,173.3272247314453,-1.089512283112388,1,12281.318664550781,76140.1160653685,61167.50072479248,288421.43472991925,
2022-10-05,53.032989501953125,171.55857849121094,-1.2009797913704658,1,9116.195678710938,76140.1160653685,60639.7233581543,285256.3117440794,
2022-10-06,53.49819564819336,172.88507080078125,-1.0951826803974931,1,10838.768005371094,76140.1160653685,61123.481941223145,286978.88407073956,
2022-10-07,53.12602615356445,172.88507080078125,-1.0322074439477775,1,11583.106994628906,76140.1160653685,61022.99617767334,287723.22305999737,
2022-10-11,52.47474670410156,166.69480895996094,-1.4221082620797612,1,505.1422119140625,76140.1160653685,59175.780029296875,276645.2582772825,
2022-10-12,52.19562530517578,168.90560913085938,-1.1845024445514933,1,5484.9853515625,76140.1160653685,59697.33329772949,281625.10141693096,
2022-10-13,49.49745941162109,158.29373168945312,-1.7338818641657607,1,-10342.43774414061,76140.1160653685,56103.62159729004,265797.67832122784,
2022-10-14,51.54434585571289,165.81048583984375,-1.2621860246599923,1,597.2976684570312,76140.1160653685,58685.80455780029,276737.4137338255,
2022-10-17,50.70697784423828,164.92616271972656,-1.224673734088176,1,503.387451171875,76140.1160653685,58220.94795227051,276643.50351654034,
2022-10-18,50.61394119262695,167.13697814941406,-1.0152621801638533,1,5111.091613769531,76140.1160653685,58792.748222351074,281251.207679138,
2022-10-19,50.42786407470703,164.92616271972656,-1.1304662355503234,1,1061.614990234375,76140.1160653685,58145.58723449707,277201.73105560284,
2022-10-20,49.12529754638672,169.78993225097656,-0.6473454162260281,1,13394.287109375,76140.1160653685,59107.112045288086,289534.40317474346,
2022-10-21,48.4740104675293,162.71534729003906,-1.096926800481645,1,547.6913452148438,76140.1160653685,57021.12659454346,276687.8074105833,
2022-10-24,48.3809700012207,164.92616271972656,-0.8969582669855023,1,5155.403137207031,76140.1160653685,57592.92583465576,281295.5192025755,
2022-10-25,47.54360580444336,161.83103942871094,-1.033932580058738,1,639.8849487304688,76140.1160653685,56531.15421295166,276780.00101409893,
2022-10-26,46.52016830444336,160.94671630859375,-0.9938456879809509,1,918.1137084960938,76140.1160653685,56016.05884552002,277058.22977386456,
2022-10-27,47.17145156860352,164.04183959960938,-0.7881566919235112,1,5805.793762207017,76140.1160653685,57027.58861541748,281945.9098275755,
2022-10-28,45.63628387451172,160.0623779296875,-0.9424203700218576,1,917.205810546875,76140.1160653685,55538.63868713379,277057.32187591534,
2022-10-31,45.9619255065918,163.59967041015625,-0.6810159131802507,1,7340.507507324219,76140.1160653685,56581.63089752197,283480.6235726927,
2022-11-01,48.75313186645508,167.13697814941406,-0.5928321528092765,1,8832.710266113281,76140.1160653685,58290.32970428467,284972.82633148175,
2022-11-02,48.56705093383789,167.57913208007812,-0.5206768416123856,1,10089.179992675781,76140.1160653685,58359.469413757324,286229.29605804425,
2022-11-03,49.12529754638672,171.11642456054688,-0.25506137933352857,1,16047.271728515625,76140.1160653685,59465.26496887207,292187.3877938841,
2022-11-04,49.31137847900391,171.55857849121094,-0.20039089964973028,1,16559.41772460936,76140.1160653685,59634.88838195801,292699.53378997784,
2022-11-07,49.77658081054688,173.76937866210938,-0.003140955509346631,1,20050.613403320298,76140.1160653685,60357.40905761719,296190.7294686888,
2022-11-08,49.21833801269531,173.3272247314453,0.0395882660740034,0,0.0,96354.00538055404,0.0,296354.005380554,"平倉: 多Spread, 損益=+20,214"
2022-11-09,49.404415130615234,175.53802490234375,0.26548414569158285,0,0.0,96354.00538055404,0.0,296354.005380554,
2022-11-10,48.19488906860352,176.86451721191406,0.5609054128959403,0,0.0,96354.00538055404,0.0,296354.005380554,
2022-11-11,48.10184860229492,177.74884033203125,0.7111770761710348,0,0.0,96354.00538055404,0.0,296354.005380554,
2022-11-14,48.84617233276367,179.51748657226562,0.880708601966289,0,0.0,96354.00538055404,0.0,296354.005380554,
2022-11-15,49.49745941162109,179.9596405029297,0.9161376195392215,0,0.0,96354.00538055404,0.0,296354.005380554,
2022-11-16,48.56705093383789,176.42234802246094,0.6686986391765278,0,0.0,96354.00538055404,0.0,296354.005380554,
2022-11-17,51.54434585571289,177.30667114257812,0.4795325876068749,0,0.0,96354.00538055404,0.0,296354.005380554,
2022-11-18,50.42786407470703,179.51748657226562,0.9838402310611163,0,0.0,96354.00538055404,0.0,296354.005380554,
2022-11-21,51.823463439941406,176.42234802246094,0.4852597201933998,0,0.0,96354.00538055404,0.0,296354.005380554,
2022-11-22,51.26522064208984,178.63316345214844,1.005727579267858,0,0.0,96354.00538055404,0.0,296354.005380554,
2022-11-23,50.80001831054688,178.63316345214844,1.0942140850193376,0,0.0,96354.00538055404,0.0,296354.005380554,
2022-11-24,51.91650390625,181.2861328125,1.364522022994606,0,0.0,96354.00538055404,0.0,296354.005380554,
2022-11-25,53.21907424926758,178.1909942626953,0.7139996392539072,0,0.0,96354.00538055404,0.0,296354.005380554,
2022-11-28,54.428592681884766,180.4018096923828,0.9312301946682988,0,0.0,96354.00538055404,0.0,296354.005380554,
2022-11-29,53.87035369873047,180.4018096923828,1.0676928670767238,0,0.0,96354.00538055404,0.0,296354.005380554,
2022-11-30,54.800758361816406,182.1704559326172,1.2197031282466357,0,0.0,96354.00538055404,0.0,296354.005380554,
2022-12-01,55.17291641235352,183.9391021728516,1.4793771341298037,0,0.0,96354.00538055404,0.0,296354.005380554,
2022-12-02,60.66229248046875,183.9391021728516,0.5219727338786654,0,0.0,96354.00538055404,0.0,296354.005380554,
2022-12-05,60.29013442993164,185.2655792236328,0.7970587196273559,0,0.0,96354.00538055404,0.0,296354.005380554,
2022-12-06,60.01101303100586,179.9596405029297,-0.08829531177792461,0,0.0,96354.00538055404,0.0,296354.005380554,
2022-12-07,58.42932891845703,187.9185485839844,1.5651039877123216,0,0.0,96354.00538055404,0.0,296354.005380554,
2022-12-08,58.70845031738281,183.4969482421875,0.7393804372177897,0,0.0,96354.00538055404,0.0,296354.005380554,
2022-12-09,59.266693115234375,188.3607177734375,1.4490759140929559,0,0.0,96354.00538055404,0.0,296354.005380554,
2022-12-12,59.54581451416016,183.9391021728516,0.6248999979626683,0,0.0,96354.00538055404,0.0,296354.005380554,
2022-12-13,59.17364883422852,184.3812713623047,0.7435945904880389,0,0.0,96354.00538055404,0.0,296354.005380554,
2022-12-14,61.87181854248047,187.9185485839844,0.8836325607980464,0,0.0,96354.00538055404,0.0,296354.005380554,
2022-12-15,63.73262786865234,189.68719482421875,0.8543081447985292,0,0.0,96354.00538055404,0.0,296354.005380554,
2022-12-16,63.54654693603516,183.4969482421875,-0.16962885022974886,0,0.0,96354.00538055404,0.0,296354.005380554,
2022-12-19,61.4066162109375,181.2861328125,-0.19935587585332515,0,0.0,96354.00538055404,0.0,296354.005380554,
2022-12-20,59.54581451416016,175.53802490234375,-0.8873177621593545,0,0.0,96354.00538055404,0.0,296354.005380554,
2022-12-21,60.94141387939453,174.21153259277344,-1.3331798635580163,0,0.0,96354.00538055404,0.0,296354.005380554,
2022-12-22,61.31357955932617,175.9801788330078,-1.1275903080200358,0,0.0,96354.00538055404,0.0,296354.005380554,
2022-12-23,61.4066162109375,175.53802490234375,-1.219372401864877,0,0.0,96354.00538055404,0.0,296354.005380554,
2022-12-26,61.87181854248047,176.86451721191406,-1.0654048153113884,0,0.0,96354.00538055404,0.0,296354.005380554,
2022-12-27,62.70918273925781,176.86451721191406,-1.2031100940586534,0,0.0,96354.00538055404,0.0,296354.005380554,
2022-12-28,62.33702087402344,174.65370178222656,-1.4754269693772784,0,0.0,96354.00538055404,0.0,296354.005380554,
2022-12-29,62.33702087402344,175.53802490234375,-1.2942645954676444,0,0.0,96354.00538055404,0.0,296354.005380554,
2022-12-30,62.52309799194336,179.9596405029297,-0.5751287038448386,0,0.0,96354.00538055404,0.0,296354.005380554,
2023-01-03,67.08207702636719,187.47637939453125,-0.0519037634878267,0,0.0,96354.00538055404,0.0,296354.005380554,
2023-01-04,68.84984588623047,194.1088104248047,0.7494586399885613,0,0.0,96354.00538055404,0.0,296354.005380554,
2023-01-05,66.89600372314453,197.20391845703125,1.5276339654050932,0,0.0,96354.00538055404,0.0,296354.005380554,
2023-01-06,67.64031982421875,198.08824157714844,1.526798033405222,0,0.0,96354.00538055404,0.0,296354.005380554,
2023-01-09,68.10552215576172,194.1088104248047,0.7456507698036685,0,0.0,96354.00538055404,0.0,296354.005380554,
2023-01-10,67.36119842529297,196.7617645263672,1.2837964432068365,0,0.0,96354.00538055404,0.0,296354.005380554,
2023-01-11,66.9890365600586,195.43528747558597,1.0797598451719201,0,0.0,96354.00538055404,0.0,296354.005380554,
2023-01-12,66.24471282958984,195.43528747558597,1.1664896592285023,0,0.0,96354.00538055404,0.0,296354.005380554,
2023-01-13,65.68647003173828,192.34014892578125,0.7008915853677397,0,0.0,96354.00538055404,0.0,296354.005380554,
2023-01-16,66.61687469482422,193.6666412353516,0.7492793616745971,0,0.0,96354.00538055404,0.0,296354.005380554,
2023-01-17,68.01248168945312,192.34014892578125,0.25748729916813545,0,0.0,96354.00538055404,0.0,296354.005380554,
2023-01-30,70.24545288085938,195.43528747558597,0.4012553809046056,0,0.0,96354.00538055404,0.0,296354.005380554,
2023-01-31,75.3626708984375,197.20391845703125,-0.2048739374457889,0,0.0,96354.00538055404,0.0,296354.005380554,
2023-02-01,74.61834716796875,199.8569183349609,0.4029420160535234,0,0.0,96354.00538055404,0.0,296354.005380554,
2023-02-02,74.2461929321289,203.8363494873047,1.1984798058838209,0,0.0,96354.00538055404,0.0,296354.005380554,
2023-02-03,72.66449737548828,203.39419555664065,1.3607081675851016,0,0.0,96354.00538055404,0.0,296354.005380554,
2023-02-06,72.9436264038086,204.72067260742188,1.508563361905297,0,0.0,96354.00538055404,0.0,296354.005380554,
2023-02-07,73.68794250488281,201.62554931640625,0.7487164594715144,0,0.0,96354.00538055404,0.0,296354.005380554,
2023-02-08,73.68794250488281,202.9520263671875,0.9737448699070844,0,0.0,96354.00538055404,0.0,296354.005380554,
2023-02-09,76.29307556152344,203.39419555664065,0.5581296099910245,0,0.0,96354.00538055404,0.0,296354.005380554,
2023-02-10,76.20003509521484,198.9725799560547,-0.2753648268233938,0,0.0,96354.00538055404,0.0,296354.005380554,
2023-02-13,77.22347259521484,203.39419555664065,0.37611729090509954,0,0.0,96354.00538055404,0.0,296354.005380554,
2023-02-14,78.24691772460938,202.50987243652344,0.01927010972719679,0,0.0,96354.00538055404,0.0,296354.005380554,
2023-02-15,80.4798812866211,202.50987243652344,-0.37705640592425466,0,0.0,96354.00538055404,0.0,296354.005380554,
2023-02-16,81.68942260742188,204.2785186767578,-0.2429931516819986,0,0.0,96354.00538055404,0.0,296354.005380554,
2023-02-17,84.3875732421875,202.0677032470703,-1.1355569904911782,0,0.0,96354.00538055404,0.0,296354.005380554,
2023-02-20,85.69013977050781,207.8157958984375,-0.24450225327632458,0,0.0,96354.00538055404,0.0,296354.005380554,
2023-02-21,89.69087982177734,208.25796508789065,-0.8812681811656022,0,0.0,96354.00538055404,0.0,296354.005380554,
2023-02-22,87.64398956298828,203.39419555664065,-1.3945706975523258,0,0.0,96354.00538055404,0.0,296354.005380554,
2023-02-23,89.03958892822266,205.162841796875,-1.2667123639027609,0,0.0,96354.00538055404,0.0,296354.005380554,
2023-02-24,88.29527282714844,206.4893341064453,-0.8571797187219105,0,0.0,96354.00538055404,0.0,296354.005380554,
2023-03-01,89.78392028808594,207.8157958984375,-0.8494442371923354,0,0.0,96354.00538055404,0.0,296354.005380554,
2023-03-02,89.41175842285156,209.58444213867188,-0.43070956868828164,0,0.0,96354.00538055404,0.0,296354.005380554,
2023-03-03,88.01615142822266,210.026611328125,-0.07586031197039504,0,0.0,96354.00538055404,0.0,296354.005380554,
2023-03-06,90.2491226196289,214.0060577392578,0.2731226881217355,0,0.0,96354.00538055404,0.0,296354.005380554,
2023-03-07,91.6447296142578,210.46876525878903,-0.6375270931230836,0,0.0,96354.00538055404,0.0,296354.005380554,
2023-03-08,93.50553131103516,215.7747039794922,0.04062454519242205,0,0.0,96354.00538055404,0.0,296354.005380554,
2023-03-09,93.50553131103516,212.2374267578125,-0.6123266905352522,0,0.0,96354.00538055404,0.0,296354.005380554,
2023-03-10,90.15608215332033,207.37364196777344,-0.8962215030033965,0,0.0,96354.00538055404,0.0,296354.005380554,
2023-03-13,88.853515625,207.8157958984375,-0.560403973169874,0,0.0,96354.00538055404,0.0,296354.005380554,
2023-03-14,88.10919189453125,210.46876525878903,0.08737120260750252,0,0.0,96354.00538055404,0.0,296354.005380554,
2023-03-15,88.38831329345703,210.026611328125,-0.057465967855454644,0,0.0,96354.00538055404,0.0,296354.005380554,
2023-03-16,86.71358489990234,205.60501098632807,-0.5720658150098725,0,0.0,96354.00538055404,0.0,296354.005380554,
2023-03-17,88.29527282714844,207.37364196777344,-0.508553255189663,0,0.0,96354.00538055404,0.0,296354.005380554,
2023-03-20,91.9238510131836,209.58444213867188,-0.7282523332445621,0,0.0,96354.00538055404,0.0,296354.005380554,
2023-03-21,91.6447296142578,208.7001190185547,-0.824591856500753,0,0.0,96354.00538055404,0.0,296354.005380554,
2023-03-22,90.2491226196289,212.2374267578125,0.1284738356965316,0,0.0,96354.00538055404,0.0,296354.005380554,
2023-03-23,89.22566986083984,216.65902709960935,1.1624362843400942,0,0.0,96354.00538055404,0.0,296354.005380554,
2023-03-24,89.22566986083984,223.73361206054688,2.381215531363937,-1,0.0,96281.48700927719,84499.00611877441,296281.48700927716,"開倉: 空Spread (空6414.TW×1, 多1513.TW×1)"
2023-03-27,87.92311096191406,229.4817047119141,3.260184193120768,-1,-14101.303100585994,96281.48700927719,85699.30023193361,282180.18390869116,
2023-03-28,88.20223999023438,225.50225830078125,2.381332456698969,-1,-5584.1522216796875,96281.48700927719,84700.21453857422,290697.3347875975,
2023-03-29,88.10919189453125,228.1552276611328,2.6143507001001316,-1,-11076.187133789062,96281.48700927719,85391.3932800293,285205.2998754881,
2023-03-30,89.31871032714844,233.0189971923828,2.9210467790664167,-1,-18384.689331054688,96281.48700927719,87031.18103027344,277896.7976782225,
2023-03-31,88.01615142822266,234.34548950195312,3.000105104600351,-1,-23642.791748046875,96281.48700927719,87037.64305114746,272638.6952612303,
2023-04-06,89.03958892822266,233.46115112304688,2.5700453471076274,-1,-19827.239990234375,96281.48700927719,87075.19981384277,276454.2470190428,
2023-04-07,90.06304168701172,230.36602783203125,1.9564047226306622,-1,-11590.087890625,96281.48700927719,86515.8487701416,284691.39911865216,
2023-04-10,94.4359359741211,226.38658142089844,0.9030183528568198,-1,5114.593505859375,96281.48700927719,86622.07969665527,301396.08051513653,
2023-04-11,100.48355865478516,228.1552276611328,0.36515394098032317,-1,13672.54638671875,96281.48700927719,88732.47230529785,309954.0333959959,
2023-04-12,106.99639129638672,228.1552276611328,-0.47995075140396903,0,0.0,122906.29261444077,0.0,322906.2926144407,"平倉: 空Spread, 損益=+26,625"
2023-04-13,100.48355865478516,227.2709045410156,0.21332699480490822,0,0.0,122906.29261444077,0.0,322906.2926144407,
2023-04-14,98.15755462646484,226.8287353515625,0.43525608257988135,0,0.0,122906.29261444077,0.0,322906.2926144407,
2023-04-17,101.41395568847656,226.8287353515625,0.00884821851106236,0,0.0,122906.29261444077,0.0,322906.2926144407,
2023-04-18,101.41395568847656,225.50225830078125,-0.15998847477866213,0,0.0,122906.29261444077,0.0,322906.2926144407,
2023-04-19,100.48355865478516,225.9444122314453,0.029523956325583606,0,0.0,122906.29261444077,0.0,322906.2926144407,
2023-04-20,98.15755462646484,221.52281188964844,-0.2642690732998979,0,0.0,122906.29261444077,0.0,322906.2926144407,
2023-04-21,95.3663330078125,217.5433654785156,-0.4266345690935369,0,0.0,122906.29261444077,0.0,322906.2926144407,
2023-04-24,97.69234466552734,220.19631958007807,-0.35891209781447314,0,0.0,122906.29261444077,0.0,322906.2926144407,
2023-04-25,95.3663330078125,215.7747039794922,-0.6370531866943384,0,0.0,122906.29261444077,0.0,322906.2926144407,
2023-04-26,95.83153533935548,216.21685791015625,-0.6241341814933178,0,0.0,122906.29261444077,0.0,322906.2926144407,
2023-04-27,93.97073364257812,217.9855194091797,-0.13982143099133654,0,0.0,122906.29261444077,0.0,322906.2926144407,
2023-04-28,94.4359359741211,221.52281188964844,0.2686385247735583,0,0.0,122906.29261444077,0.0,322906.2926144407,
2023-05-02,100.48355865478516,225.06008911132807,-0.039203735305456684,0,0.0,122906.29261444077,0.0,322906.2926144407,
2023-05-03,98.15755462646484,223.73361206054688,0.0730562691614523,0,0.0,122906.29261444077,0.0,322906.2926144407,
2023-05-04,101.87915802001952,226.38658142089844,-0.05243077498226205,0,0.0,122906.29261444077,0.0,322906.2926144407,
2023-05-05,100.48355865478516,226.8287353515625,0.1940665085401271,0,0.0,122906.29261444077,0.0,322906.2926144407,
2023-05-08,102.80956268310548,226.8287353515625,-0.0965866859470901,0,0.0,122906.29261444077,0.0,322906.2926144407,
2023-05-09,96.29673767089844,225.06008911132807,0.5200450639402195,0,0.0,122906.29261444077,0.0,322906.2926144407,
2023-05-10,98.6227569580078,226.38658142089844,0.3941081238943694,0,0.0,122906.29261444077,0.0,322906.2926144407,
2023-05-11,93.97073364257812,225.9444122314453,0.9298202423973216,0,0.0,122906.29261444077,0.0,322906.2926144407,
2023-05-12,97.22714233398438,239.6514129638672,2.2264665082605033,-1,0.0,122832.81747222885,90957.20993041992,322832.81747222884,"開倉: 空Spread (空6414.TW×1, 多1513.TW×1)"
2023-05-15,97.22714233398438,236.9984436035156,1.7948209871892689,-1,5305.938720703181,122832.81747222885,90240.908203125,328138.756192932,
2023-05-16,97.69234466552734,244.9573516845703,2.542350889998119,-1,-9681.472778320312,122832.81747222885,92515.41801452637,313151.3446939085,
2023-05-17,97.69234466552734,251.5897979736328,3.0075830668539734,-1,-22946.365356445312,122832.81747222885,94306.17851257324,299886.4521157835,
2023-05-18,100.48355865478516,249.82113647460935,2.354775194262504,-1,-13826.614379882754,122832.81747222885,94582.26768493652,309006.2030923461,
2023-05-19,101.41395568847656,252.47412109375,2.369411321796986,-1,-17271.78955078125,122832.81747222885,95549.78073120117,305561.0279214476,
2023-05-22,108.85718536376952,250.26329040527344,1.3873480460468328,-1,2036.3311767577834,122832.81747222885,96962.5284576416,324869.1486489866,
2023-05-23,106.06597900390624,250.26329040527344,1.5837779487010188,-1,-3546.081542968779,122832.81747222885,96208.90274047852,319286.73592926003,
2023-05-24,104.67037200927734,252.916259765625,1.876941462618252,-1,-11643.234252929688,122832.81747222885,96548.39057922363,311189.58321929915,
2023-05-25,104.67037200927734,250.70545959472656,1.6049283157508387,-1,-7221.6339111328125,122832.81747222885,95951.47453308105,315611.183561096,
2023-05-26,104.20516967773438,244.0730133056641,0.9926947921761508,-1,5112.854003906194,122832.81747222885,94035.10940551759,327945.67147613503,
2023-05-29,105.60077667236328,248.49464416503903,1.2395409447913173,-1,-939.1937255858793,122832.81747222885,95605.76362609863,321893.62374664296,
2023-05-30,104.20516967773438,247.6103515625,1.2395256337665264,-1,-1961.822509765625,122832.81747222885,94990.19073486328,320870.9949624632,
2023-05-31,106.53118896484376,251.14761352539065,1.3137884527958112,-1,-4384.307861328154,122832.81747222885,96573.27667236331,318448.50961090066,
2023-06-01,105.60077667236328,247.1681671142578,0.9928931743100156,-1,1713.7603759765625,122832.81747222885,95247.6148223877,324546.5778482054,
2023-06-02,108.85718536376952,247.6103515625,0.7189925496325116,-1,7342.208862304658,122832.81747222885,96246.23497009277,330175.02633453347,
2023-06-05,106.99639129638672,245.39952087402344,0.6541118641248629,-1,8042.2821044921875,122832.81747222885,95146.89628601074,330875.099576721,
2023-06-06,105.60077667236328,240.97789001464844,0.3462258024570309,-1,14094.314575195312,122832.81747222885,93576.24000549318,336927.13204742415,
2023-06-07,107.46157836914062,243.630859375,0.40466443923732104,-1,12509.979248046875,122832.81747222885,94794.95819091797,335342.7967202757,
2023-06-08,107.46157836914062,244.0730133056641,0.42224050511684796,-1,11625.671386718694,122832.81747222885,94914.33975219728,334458.48885894753,
2023-06-09,106.53118896484376,245.39952087402344,0.6125851273690266,-1,7111.877441406279,122832.81747222885,95021.29165649414,329944.69491363515,
2023-06-12,104.20516967773438,241.8622131347656,0.4620049796156702,-1,9534.454345703181,122832.81747222885,93438.193359375,332367.271817932,
2023-06-13,105.13557434082033,245.8417053222656,0.7413672457143541,-1,3436.2792968750855,122832.81747222885,94763.8655090332,326269.0967691039,
2023-06-14,104.67037200927734,247.1681671142578,0.8899827214299847,-1,-147.0489501953125,122832.81747222885,94996.40556335449,322685.7685220335,
2023-06-15,108.39198303222656,247.1681671142578,0.5023527889394145,-1,7296.173095703125,122832.81747222885,96001.24053955078,330128.99056793196,
2023-06-16,119.09162902832033,240.97789001464844,-1.2252855249902679,0,0.0,163834.43397857653,0.0,363834.4339785765,"平倉: 空Spread, 損益=+41,002"
2023-06-19,119.55682373046876,241.4200439453125,-1.2565732058959658,0,0.0,163834.43397857653,0.0,363834.4339785765,
2023-06-20,122.813232421875,246.28384399414065,-1.0832305838913794,0,0.0,163834.43397857653,0.0,363834.4339785765,
2023-06-21,123.2784423828125,254.24273681640625,-0.288293272061501,0,0.0,163834.43397857653,0.0,363834.4339785765,
2023-06-26,124.20884704589844,254.68490600585935,-0.3318498489951956,0,0.0,163834.43397857653,0.0,363834.4339785765,
2023-06-27,122.813232421875,240.09356689453125,-1.6812896885399589,0,0.0,163834.43397857653,0.0,363834.4339785765,
2023-06-28,120.02202606201172,239.6514129638672,-1.3935636101621485,0,0.0,163834.43397857653,0.0,363834.4339785765,
2023-06-29,122.813232421875,241.4200439453125,-1.4319163092179,0,0.0,163834.43397857653,0.0,363834.4339785765,
2023-06-30,127.46525573730467,241.4200439453125,-1.8034297106890158,0,0.0,163834.43397857653,0.0,363834.4339785765,
2023-07-03,128.3956756591797,246.28384399414065,-1.3587791465578303,0,0.0,163834.43397857653,0.0,363834.4339785765,
2023-07-04,125.13925170898438,259.9908142089844,0.3403348503249962,0,0.0,163834.43397857653,0.0,363834.4339785765,
2023-07-05,121.41763305664062,264.4124450683594,1.1337593499192293,0,0.0,163834.43397857653,0.0,363834.4339785765,
2023-07-06,121.88282775878906,257.780029296875,0.414629967059258,0,0.0,163834.43397857653,0.0,363834.4339785765,
2023-07-07,120.48722839355467,256.4535522460937,0.4011634636448357,0,0.0,163834.43397857653,0.0,363834.4339785765,
2023-07-10,122.34803771972656,251.5897979736328,-0.28304039084529803,0,0.0,163834.43397857653,0.0,363834.4339785765,
2023-07-11,123.2784423828125,257.780029296875,0.23965384857481523,0,0.0,163834.43397857653,0.0,363834.4339785765,
2023-07-12,125.6044464111328,254.68490600585935,-0.3045847719388657,0,0.0,163834.43397857653,0.0,363834.4339785765,
2023-07-13,124.67404174804688,259.5486755371094,0.2645152911579835,0,0.0,163834.43397857653,0.0,363834.4339785765,
2023-07-14,131.1742401123047,282.098876953125,1.840650284717097,0,0.0,163834.43397857653,0.0,363834.4339785765,
2023-07-17,134.51321411132812,278.1194152832031,1.0856371488183705,0,0.0,163834.43397857653,0.0,363834.4339785765,
2023-07-18,129.7432403564453,267.9497375488281,0.5072199032704289,0,0.0,163834.43397857653,0.0,363834.4339785765,
2023-07-19,116.86431121826172,260.8751525878906,1.004671569694455,0,0.0,163834.43397857653,0.0,363834.4339785765,
2023-07-20,105.4163818359375,258.2221984863281,1.7677552145539899,0,0.0,163834.43397857653,0.0,363834.4339785765,
2023-07-21,107.32437133789062,257.337890625,1.4497765585487414,0,0.0,163834.43397857653,0.0,363834.4339785765,
2023-07-24,101.1234130859375,256.4535522460937,1.8756971840627608,0,0.0,163834.43397857653,0.0,363834.4339785765,
2023-07-25,106.37037658691406,271.92919921875,2.6859810334272765,-1,0.0,163759.30199554432,102140.8854675293,363759.3019955443,"開倉: 空Spread (空6414.TW×1, 多1513.TW×1)"
2023-07-26,103.03140258789062,272.8135070800781,2.810452877451832,-1,-8446.563720703125,163759.30199554432,101478.12561035156,355312.73827484116,
2023-07-27,105.4163818359375,267.0654296875,2.004715026467686,-1,7819.549560546875,163759.30199554432,100570.08911132812,371578.85155609116,
2023-07-28,107.32437133789062,270.6026916503906,2.0404037727225837,-1,4561.004638671875,163759.30199554432,102040.30700683594,368320.30663421616,
2023-07-31,111.61734771728516,267.507568359375,1.3914072474778283,-1,19337.203979492188,163759.30199554432,102363.72734069824,383096.5059750365,
2023-08-01,108.75536346435548,267.0654296875,1.521943049420511,-1,14497.512817382842,163759.30199554432,101471.61415100098,378256.81481292716,
2023-08-02,105.4163818359375,259.9908142089844,1.1674650303086886,-1,21968.780517578125,163759.30199554432,98659.9429321289,385728.0825131224,
2023-08-04,110.6633529663086,265.2970275878906,1.1494690907692153,-1,21850.296020507812,163759.30199554432,101509.30274963379,385609.5980160521,
2023-08-07,111.14035034179688,264.3726501464844,1.0026580022978397,-1,24653.045654296875,163759.30199554432,101388.51013183594,388412.34764984116,
2023-08-08,109.70936584472656,254.2044677734375,0.26643427025272415,-1,42127.44140625,163759.30199554432,98256.7350769043,405886.7434017943,
2023-08-09,110.6633529663086,254.2044677734375,0.18877562324129177,-1,44035.41564941406,163759.30199554432,98514.31159973145,407794.71764495835,
2023-08-10,108.75536346435548,242.64971923828125,-0.601232798711526,0,0.0,227014.17950805655,0.0,427014.1795080565,"平倉: 空Spread, 損益=+63,255"
2023-08-11,109.23236846923828,239.4143829345703,-0.8769926281065403,0,0.0,227014.17950805655,0.0,427014.1795080565,
2023-08-14,103.5083999633789,239.87657165527344,-0.37019283524887237,0,0.0,227014.17950805655,0.0,427014.1795080565,
2023-08-15,106.37037658691406,245.8850555419922,-0.08944464159910627,0,0.0,227014.17950805655,0.0,427014.1795080565,
2023-08-16,105.4163818359375,248.19601440429688,0.1892412675449291,0,0.0,227014.17950805655,0.0,427014.1795080565,
2023-08-17,104.93938446044922,241.725341796875,-0.30316726659679344,0,0.0,227014.17950805655,0.0,427014.1795080565,
2023-08-18,107.8013687133789,245.4228515625,-0.215575611701876,0,0.0,227014.17950805655,0.0,427014.1795080565,
2023-08-21,108.2783660888672,239.87657165527344,-0.6908949691260303,0,0.0,227014.17950805655,0.0,427014.1795080565,
2023-08-22,104.93938446044922,239.4143829345703,-0.4473161616634338,0,0.0,227014.17950805655,0.0,427014.1795080565,
2023-08-23,104.93938446044922,239.4143829345703,-0.43916349867325805,0,0.0,227014.17950805655,0.0,427014.1795080565,
2023-08-24,109.70936584472656,243.1119079589844,-0.4987840323322728,0,0.0,227014.17950805655,0.0,427014.1795080565,
2023-08-25,108.2783660888672,239.87657165527344,-0.6350003089970733,0,0.0,227014.17950805655,0.0,427014.1795080565,
2023-08-28,106.84737396240234,236.6412506103516,-0.7655381298799924,0,0.0,227014.17950805655,0.0,427014.1795080565,
2023-08-29,108.2783660888672,239.87657165527344,-0.5973508662820565,0,0.0,227014.17950805655,0.0,427014.1795080565,
2023-08-30,107.32437133789062,241.725341796875,-0.3641255219732593,0,0.0,227014.17950805655,0.0,427014.1795080565,
2023-08-31,108.2783660888672,242.64971923828125,-0.3576433671003193,0,0.0,227014.17950805655,0.0,427014.1795080565,
2023-09-01,106.37037658691406,244.4984893798828,-0.060219237626436065,0,0.0,227014.17950805655,0.0,427014.1795080565,
2023-09-04,105.4163818359375,244.03628540039065,-0.02627506822981066,0,0.0,227014.17950805655,0.0,427014.1795080565,
2023-09-05,105.4163818359375,247.2716064453125,0.23166411163493306,0,0.0,227014.17950805655,0.0,427014.1795080565,
2023-09-06,105.4163818359375,250.0447540283203,0.4502024882091139,0,0.0,227014.17950805655,0.0,427014.1795080565,
2023-09-07,103.5083999633789,251.43133544921875,0.6966222515047045,0,0.0,227014.17950805655,0.0,427014.1795080565,
2023-09-08,102.07740783691406,254.2044677734375,1.010136791676693,0,0.0,227014.17950805655,0.0,427014.1795080565,
2023-09-11,98.73841857910156,250.9691467285156,0.9871980313322387,0,0.0,227014.17950805655,0.0,427014.1795080565,
2023-09-12,99.21541595458984,247.7337951660156,0.6762507800594929,0,0.0,227014.17950805655,0.0,427014.1795080565,
2023-09-13,98.26142120361328,256.9776306152344,1.4369307280263575,0,0.0,227014.17950805655,0.0,427014.1795080565,
2023-09-14,99.21541595458984,262.0616760253906,1.702529363220896,0,0.0,227014.17950805655,0.0,427014.1795080565,
2023-09-15,98.73841857910156,258.82635498046875,1.4325958524715496,0,0.0,227014.17950805655,0.0,427014.1795080565,
2023-09-18,96.83043670654295,254.66665649414065,1.206261624096309,0,0.0,227014.17950805655,0.0,427014.1795080565,
2023-09-19,96.35343933105467,249.5825653076172,0.8162501107024125,0,0.0,227014.17950805655,0.0,427014.1795080565,
2023-09-20,95.8764419555664,247.2716064453125,0.6465337144880986,0,0.0,227014.17950805655,0.0,427014.1795080565,
2023-09-21,94.15924835205078,240.80096435546875,0.229463739683315,0,0.0,227014.17950805655,0.0,427014.1795080565,
2023-09-22,97.30743408203124,244.03628540039065,0.21704752967148447,0,0.0,227014.17950805655,0.0,427014.1795080565,
2023-09-25,101.60041046142578,244.96066284179688,-0.10484092392508601,0,0.0,227014.17950805655,0.0,427014.1795080565,
2023-09-26,101.60041046142578,243.5740966796875,-0.27935647614457854,0,0.0,227014.17950805655,0.0,427014.1795080565,
2023-09-27,101.1234130859375,242.64971923828125,-0.3349496861484614,0,0.0,227014.17950805655,0.0,427014.1795080565,
2023-09-28,102.55440521240234,243.1119079589844,-0.4170210531897832,0,0.0,227014.17950805655,0.0,427014.1795080565,
2023-10-02,103.98538970947266,248.19601440429688,-0.07331380933726504,0,0.0,227014.17950805655,0.0,427014.1795080565,
2023-10-03,102.55440521240234,244.03628540039065,-0.3515969763497048,0,0.0,227014.17950805655,0.0,427014.1795080565,
2023-10-04,101.1234130859375,244.03628540039065,-0.24342047146326148,0,0.0,227014.17950805655,0.0,427014.1795080565,
2023-10-05,103.03140258789062,247.7337951660156,-0.07530593296160704,0,0.0,227014.17950805655,0.0,427014.1795080565,
2023-10-06,101.60041046142578,243.1119079589844,-0.4260929385874399,0,0.0,227014.17950805655,0.0,427014.1795080565,
2023-10-11,100.1694107055664,244.03628540039065,-0.20790166739517285,0,0.0,227014.17950805655,0.0,427014.1795080565,
2023-10-12,101.1234130859375,246.3472442626953,-0.05346513806910297,0,0.0,227014.17950805655,0.0,427014.1795080565,
2023-10-13,97.784423828125,243.5740966796875,-0.010091071098771344,0,0.0,227014.17950805655,0.0,427014.1795080565,
2023-10-16,97.784423828125,238.95220947265625,-0.4890255238568806,0,0.0,227014.17950805655,0.0,427014.1795080565,
2023-10-17,95.39944458007812,237.1034393310547,-0.4374071455231496,0,0.0,227014.17950805655,0.0,427014.1795080565,
2023-10-18,94.44544982910156,231.094970703125,-0.9300768683672694,0,0.0,227014.17950805655,0.0,427014.1795080565,
2023-10-19,93.58685302734376,232.9437255859375,-0.6358719568350946,0,0.0,227014.17950805655,0.0,427014.1795080565,
2023-10-20,91.77426147460938,233.86810302734372,-0.342486905153663,0,0.0,227014.17950805655,0.0,427014.1795080565,
2023-10-23,95.30404663085938,231.55715942382807,-0.9103628510383804,0,0.0,227014.17950805655,0.0,427014.1795080565,
2023-10-24,95.39944458007812,230.63278198242188,-1.0143751510152323,0,0.0,227014.17950805655,0.0,427014.1795080565,
2023-10-25,97.30743408203124,232.9437255859375,-0.9372217878319639,0,0.0,227014.17950805655,0.0,427014.1795080565,
2023-10-26,95.39944458007812,230.63278198242188,-0.976673312445141,0,0.0,227014.17950805655,0.0,427014.1795080565,
2023-10-27,94.54084777832033,230.1705780029297,-0.9044060888485991,0,0.0,227014.17950805655,0.0,427014.1795080565,
2023-10-30,93.10985565185548,229.2462158203125,-0.8251566156092222,0,0.0,227014.17950805655,0.0,427014.1795080565,
2023-10-31,88.91227722167969,230.1705780029297,-0.17028590680603453,0,0.0,227014.17950805655,0.0,427014.1795080565,
2023-11-01,90.15247344970705,229.2462158203125,-0.41894338500780953,0,0.0,227014.17950805655,0.0,427014.1795080565,
2023-11-02,92.06046295166016,233.4059295654297,-0.0839111598129533,0,0.0,227014.17950805655,0.0,427014.1795080565,
2023-11-03,93.77765655517578,229.7084045410156,-0.7854227122623187,0,0.0,227014.17950805655,0.0,427014.1795080565,
2023-11-06,95.8764419555664,232.4815368652344,-0.6642777830651225,0,0.0,227014.17950805655,0.0,427014.1795080565,
2023-11-07,97.784423828125,232.4815368652344,-0.9127760029366656,0,0.0,227014.17950805655,0.0,427014.1795080565,
2023-11-08,95.8764419555664,235.2546844482422,-0.3167782448527395,0,0.0,227014.17950805655,0.0,427014.1795080565,
2023-11-09,94.73165130615234,235.71685791015625,-0.11259414400277223,0,0.0,227014.17950805655,0.0,427014.1795080565,
2023-11-10,97.784423828125,233.4059295654297,-0.8211887380222244,0,0.0,227014.17950805655,0.0,427014.1795080565,
2023-11-13,96.35343933105467,236.17906188964844,-0.24493223159677788,0,0.0,227014.17950805655,0.0,427014.1795080565,
2023-11-14,97.30743408203124,238.95220947265625,-0.0008255104366777231,0,0.0,227014.17950805655,0.0,427014.1795080565,
2023-11-15,98.73841857910156,241.725341796875,0.18037253038223416,0,0.0,227014.17950805655,0.0,427014.1795080565,
2023-11-16,98.26142120361328,255.59103393554688,2.050244707181597,-1,0.0,226940.025409851,95540.16288757324,426940.02540985093,"開倉: 空Spread (空6414.TW×1, 多1513.TW×1)"
2023-11-17,99.21541595458984,256.05322265625,1.8945750490865714,-1,983.612060546875,226940.025409851,95922.53242492676,427923.6374703978,
2023-11-20,97.784423828125,256.9776306152344,2.0808873784868585,-1,-3727.1881103515625,226940.025409851,95785.75469970703,423212.83729949937,
2023-11-21,97.784423828125,256.51544189453125,1.9271045221827456,-1,-2802.8106689453125,226940.025409851,95660.96374511719,424137.2147409056,
2023-11-22,97.784423828125,257.4397888183594,1.9527933653682077,-1,-4651.5045166015625,226940.025409851,95910.53741455078,422288.52089324937,
2023-11-23,101.60041046142578,257.9019775390625,1.5118189570855813,-1,2056.09130859375,226940.025409851,97065.64476013184,428996.1167184447,
2023-11-24,111.61734771728516,256.9776306152344,0.1825197805231181,-1,23938.65966796875,226940.025409851,99520.64414978027,450878.6850778197,
2023-11-27,113.52533721923828,251.43133544921875,-0.7622097949990538,0,0.0,265712.6561468505,0.0,465712.65614685044,"平倉: 空Spread, 損益=+38,773"
2023-11-28,118.2953109741211,256.05322265625,-0.7714560369642898,0,0.0,265712.6561468505,0.0,465712.65614685044,
2023-11-29,115.4333267211914,255.59103393554688,-0.48496720353551015,0,0.0,265712.6561468505,0.0,465712.65614685044,
2023-11-30,115.91032409667967,254.2044677734375,-0.7225377242109464,0,0.0,265712.6561468505,0.0,465712.65614685044,
2023-12-01,114.95632934570312,256.05322265625,-0.3659011485906595,0,0.0,265712.6561468505,0.0,465712.65614685044,
2023-12-04,120.6802978515625,252.81788635253903,-1.4373316666107327,0,0.0,265712.6561468505,0.0,465712.65614685044,
2023-12-05,123.54227447509766,246.80941772460935,-2.3735509068043394,1,0.0,265637.8420791625,99994.9568939209,465637.8420791624,"開倉: 多Spread (多6414.TW×1, 空1513.TW×1)"
2023-12-06,120.6802978515625,251.89352416992188,-1.3800498301182134,1,15892.166137695369,265637.8420791625,100594.93194580078,481530.0082168578,
2023-12-07,120.6802978515625,254.66665649414065,-1.0149077924381753,1,21438.430786132925,265637.8420791625,101343.67767333986,487076.27286529535,
2023-12-08,120.20330047607422,252.81788635253903,-1.141575461415726,1,18694.88525390625,265637.8420791625,100715.72044372559,484332.7273330687,
2023-12-11,120.20330047607422,253.74229431152344,-1.0055617653896785,1,20543.70117187506,265637.8420791625,100965.31059265137,486181.5432510375,
2023-12-12,119.24930572509766,251.43133544921875,-1.1620298189189395,1,17829.77294921881,265637.8420791625,100083.77311706543,483467.61502838123,
2023-12-13,118.77230834960938,255.59103393554688,-0.5559270738846008,1,27103.16467285162,265637.8420791625,101078.10241699219,492741.00675201404,
2023-12-14,119.24930572509766,259.2885437011719,-0.09596787444428635,1,33544.18945312506,265637.8420791625,102205.21934509277,499182.0315322875,
2023-12-15,116.38731384277344,254.66665649414065,-0.32702629831091223,1,30024.39880371105,265637.8420791625,100184.57199096681,495662.2408828735,
2023-12-18,114.95632934570312,247.7337951660156,-1.0705646863303142,1,19020.645141601562,265637.8420791625,97926.33361816406,484658.487220764,
2023-12-19,111.61734771728516,246.80941772460935,-0.7240361747687518,1,23849.853515625,265637.8420791625,96775.22666931152,489487.6955947874,
2023-12-20,112.09434509277344,248.6581878662109,-0.5073243817713071,1,26593.399047851562,265637.8420791625,97403.18389892578,492231.241127014,
2023-12-21,109.70936584472656,245.4228515625,-0.6224306673782076,1,24892.684936523496,265637.8420791625,95885.69869995117,490530.5270156859,
2023-12-22,110.6633529663086,245.8850555419922,-0.6691872845767601,1,23909.11865234381,265637.8420791625,96268.07029724121,489546.96073150623,
2023-12-25,112.09434509277344,243.5740966796875,-1.1521387144112172,1,16425.216674804746,265637.8420791625,96030.47927856445,482063.05875396717,
2023-12-26,111.14035034179688,246.80941772460935,-0.5624130295883725,1,24803.848266601562,265637.8420791625,96646.43737792969,490441.690345764,
2023-12-27,110.6633529663086,248.19601440429688,-0.2922391296589177,1,28531.036376953183,265637.8420791625,96892.02919006348,494168.8784561156,
2023-12-28,113.52533721923828,245.4228515625,-1.0298568794953353,1,17260.74218750006,265637.8420791625,96916.01097106934,482898.5842666625,
2023-12-29,111.14035034179688,247.7337951660156,-0.38200868814021727,1,26652.603149414062,265637.8420791625,96896.01928710938,492290.4452285765,
2024-01-02,113.52533721923828,244.96066284179688,-1.0450967317945261,1,16336.364746093806,265637.8420791625,96791.22001647949,481974.20682525623,
2024-01-03,114.47933197021484,243.5740966796875,-1.3145397997515946,1,11655.242919921931,265637.8420791625,96674.42573547363,477293.08499908436,
2024-01-04,113.04833984375,241.725341796875,-1.3291305618091642,1,10819.717407226619,265637.8420791625,95788.89404296876,476457.55948638904,
2024-01-05,114.00233459472656,248.6581878662109,-0.5052170982282871,1,22777.420043945312,265637.8420791625,97918.34106445312,488415.26212310774,
2024-01-08,112.57134246826172,248.6581878662109,-0.30254262395498793,1,25639.404296875,265637.8420791625,97531.97319030762,491277.2463760374,
2024-01-09,114.47933197021484,245.4228515625,-0.9575531232374093,1,15352.752685546931,265637.8420791625,97173.58955383301,480990.59476470936,
2024-01-10,114.00233459472656,243.1119079589844,-1.1666920139909447,1,11684.8602294923,265637.8420791625,96420.84548950197,477322.7023086547,
2024-01-11,113.52533721923828,245.4228515625,-0.7873003037277144,1,17260.74218750006,265637.8420791625,96916.01097106934,482898.5842666625,
2024-01-12,114.95632934570312,244.4984893798828,-1.060330309692345,1,12550.033569335994,265637.8420791625,97052.8010559082,478187.8756484984,
2024-01-15,115.91032409667967,246.3472442626953,-0.9103906009492984,1,14339.553833007898,265637.8420791625,97809.54345703125,479977.3959121703,
2024-01-16,113.04833984375,244.4984893798828,-0.7809058751463492,1,16366.012573242244,265637.8420791625,96537.64389038086,482003.85465240467,
2024-01-17,109.70936584472656,238.4900054931641,-1.119432395274866,1,11026.992797851675,265637.8420791625,94013.83026123048,476664.8348770141,
2024-01-18,110.18635559082033,237.1034393310547,-1.318910376195493,1,7299.880981445342,265637.8420791625,93768.24462890626,472937.7230606078,
2024-01-19,110.18635559082033,244.4984893798828,-0.38497034817135917,1,22089.98107910159,265637.8420791625,95764.90814208984,487727.82315826404,
2024-01-22,113.04833984375,247.2716064453125,-0.3803333939957735,1,21912.24670410162,265637.8420791625,97286.38549804688,487550.08878326404,
2024-01-23,114.95632934570312,246.3472442626953,-0.7169637230694249,1,16247.543334960994,265637.8420791625,97551.96487426758,481885.3854141234,
2024-01-24,114.00233459472656,250.50694274902344,-0.07167637568978659,1,26474.92980957037,265637.8420791625,98417.5048828125,492112.7718887328,
2024-01-25,112.57134246826172,249.5825653076172,-0.012556113096830765,1,27488.15917968756,265637.8420791625,97781.5550994873,493126.00125885,
2024-01-26,113.52533721923828,250.0447540283203,-0.06143375304573406,1,26504.547119140683,265637.8420791625,98163.92463684082,492142.3891983031,
2024-01-29,114.95632934570312,251.43133544921875,-0.06284261170454591,1,26415.72570800787,265637.8420791625,98924.6694946289,492053.5677871703,
2024-01-30,113.04833984375,251.43133544921875,0.1629607489400362,0,0.0,295794.9676040649,0.0,495794.96760406485,"平倉: 多Spread, 損益=+30,157"
2024-01-31,114.00233459472656,249.1203765869141,-0.24613842225020635,0,0.0,295794.9676040649,0.0,495794.96760406485,
2024-02-01,120.20330047607422,251.89352416992188,-0.6314637952084792,0,0.0,295794.9676040649,0.0,495794.96760406485,
2024-02-02,118.77230834960938,251.43133544921875,-0.5009497495807097,0,0.0,295794.9676040649,0.0,495794.96760406485,
2024-02-05,116.86431121826172,255.12884521484372,0.1867172391454778,0,0.0,295794.9676040649,0.0,495794.96760406485,
2024-02-15,114.95632934570312,261.5994873046875,1.1998579965978262,0,0.0,295794.9676040649,0.0,495794.96760406485,
2024-02-16,123.06527709960938,262.5238952636719,0.3502971650037587,0,0.0,295794.9676040649,0.0,495794.96760406485,
2024-02-19,123.54227447509766,264.8348083496094,0.5826105171876006,0,0.0,295794.9676040649,0.0,495794.96760406485,
2024-02-20,122.11128997802734,261.1372985839844,0.347811729070563,0,0.0,295794.9676040649,0.0,495794.96760406485,
2024-02-21,126.40426635742188,259.2885437011719,-0.40958743675756293,0,0.0,295794.9676040649,0.0,495794.96760406485,
2024-02-22,127.35826110839844,262.0616760253906,-0.10608342377422826,0,0.0,295794.9676040649,0.0,495794.96760406485,
2024-02-23,136.42120361328125,258.82635498046875,-1.9794180636148575,0,0.0,295794.9676040649,0.0,495794.96760406485,
2024-02-26,145.9611358642578,270.84332275390625,-1.6146774082015882,0,0.0,295794.9676040649,0.0,495794.96760406485,
2024-02-27,148.34613037109375,272.2298583984375,-1.9064499103218742,0,0.0,295794.9676040649,0.0,495794.96760406485,
2024-02-29,163.13304138183594,276.3895874023437,-3.6174142765553734,1,0.0,295717.3866989135,118671.1097717285,495717.38669891347,"開倉: 多Spread (多6414.TW×1, 空1513.TW×1)"
2024-03-01,163.13304138183594,278.23834228515625,-2.95630856263534,1,3697.5097656251137,295717.3866989135,119170.27359008789,499414.8964645386,
2024-03-04,159.3170623779297,278.23834228515625,-2.163529580141249,1,11329.467773437613,295717.3866989135,118139.9592590332,507046.8544723511,
2024-03-05,161.2250518798828,283.7846069335937,-1.4638670571463395,1,18606.01806640625,295717.3866989135,120152.60787963866,514323.4047653197,
2024-03-06,165.9950408935547,281.93585205078125,-2.4065664788139203,1,5368.530273437613,295717.3866989135,120941.3410949707,501085.9169723511,
2024-03-07,163.13304138183594,275.0030212402344,-2.852752852338835,1,-2773.1323242186363,295717.3866989135,118296.73690795898,492944.25437469484,
2024-03-08,154.07009887695312,268.5323486328125,-2.3423547349171367,1,2411.407470703238,295717.3866989135,114102.66082763672,498128.7941696167,
2024-03-11,156.9320831298828,268.0701904296875,-2.651533957803827,1,-4236.877441406137,295717.3866989135,114750.61386108398,491480.50925750734,
2024-03-12,162.17904663085938,275.0030212402344,-2.2415257652702296,1,-865.1428222655113,295717.3866989135,118039.15832519531,494852.24387664796,
2024-03-13,165.51803588867188,276.3895874023437,-2.3254676606768845,1,-4769.989013671875,295717.3866989135,119315.0582885742,490947.3976852416,
2024-03-14,165.04103088378906,262.986083984375,-3.4853459652683942,1,-30622.985839843637,295717.3866989135,115567.3210144043,465094.40085906984,
2024-03-15,161.70205688476562,271.7677001953125,-2.0032645487071727,1,-6381.805419921762,295717.3866989135,117036.8344116211,489335.5812789917,
2024-03-18,170.28799438476562,269.45672607421875,-2.881965596743231,1,-28175.628662109262,295717.3866989135,118731.07452392578,467541.7580368042,
2024-03-19,171.718994140625,289.7930908203125,-0.9129755093738189,1,9635.101318359488,295717.3866989135,124608.26293945312,505352.48801727296,
2024-03-20,168.85702514648438,306.4319152832031,1.0666019190659553,0,0.0,344275.06337371835,0.0,544275.0633737183,"平倉: 多Spread, 損益=+48,558"
2024-03-21,173.1499786376953,309.205078125,0.9286659494681453,0,0.0,344275.06337371835,0.0,544275.0633737183,
2024-03-22,169.33401489257812,304.1209716796875,0.773597700276802,0,0.0,344275.06337371835,0.0,544275.0633737183,
2024-03-25,176.4889678955078,311.5160217285156,0.8202751795323959,0,0.0,344275.06337371835,0.0,544275.0633737183,
2024-03-26,178.39695739746094,303.19659423828125,-0.19443397827804426,0,0.0,344275.06337371835,0.0,544275.0633737183,
2024-03-27,167.9030303955078,313.3647766113281,1.8007379008834994,0,0.0,344275.06337371835,0.0,544275.0633737183,
2024-03-28,168.85702514648438,322.60858154296875,2.460655344081997,-1,0.0,344195.4047494508,132695.71380615234,544195.4047494507,"開倉: 空Spread (空6414.TW×1, 多1513.TW×1)"
2024-03-29,168.85702514648438,336.9364624023437,3.36456151785775,-1,-28655.761718749887,344195.4047494508,136564.2416381836,515539.64303070086,
2024-04-01,169.33401489257812,330.9280090332031,2.6136505031511885,-1,-15684.87548828125,344195.4047494508,135070.74645996094,528510.5292611695,
2024-04-02,170.28799438476562,319.3732604980469,1.5724098136533657,-1,9332.58056640625,344195.4047494508,132208.53881835938,553527.985315857,
2024-04-03,170.28799438476562,310.5916442871094,0.867935051005038,-1,26895.81298828125,344195.4047494508,129837.50244140625,571091.217737732,
2024-04-08,173.62698364257812,315.2135314941406,0.9615072193256138,-1,24330.01708984375,344195.4047494508,131986.93908691406,568525.4218392945,
2024-04-09,176.4889678955078,314.2891540527344,0.6648200814384381,-1,31902.740478515625,344195.4047494508,132510.0929260254,576098.1452279664,
2024-04-10,174.5809783935547,311.97821044921875,0.6127069991664346,-1,32708.648681640625,344195.4047494508,131370.98098754883,576904.0534310914,
2024-04-11,184.1209259033203,311.97821044921875,-0.09053732711757466,0,0.0,395904.1044851686,0.0,595904.1044851685,"平倉: 空Spread, 損益=+51,709"
2024-04-12,202.246826171875,317.9866638183594,-0.9363274204763257,0,0.0,395904.1044851686,0.0,595904.1044851685,
2024-04-15,193.66087341308597,310.1294250488281,-0.8808529971156082,0,0.0,395904.1044851686,0.0,595904.1044851685,
2024-04-16,181.73594665527344,295.8015441894531,-1.0692263040362648,0,0.0,395904.1044851686,0.0,595904.1044851685,
2024-04-17,199.86183166503903,301.34783935546875,-1.8676212526631266,0,0.0,395904.1044851686,0.0,595904.1044851685,
2024-04-18,194.13787841796875,305.0453796386719,-1.165644398027966,0,0.0,395904.1044851686,0.0,595904.1044851685,
2024-04-19,188.4138946533203,299.49908447265625,-1.137631472868976,0,0.0,395904.1044851686,0.0,595904.1044851685,
2024-04-22,176.4889678955078,293.0284118652344,-0.7670458521944475,0,0.0,395904.1044851686,0.0,595904.1044851685,
2024-04-23,179.8279571533203,295.8015441894531,-0.7785402719724823,0,0.0,395904.1044851686,0.0,595904.1044851685,
2024-04-24,185.55191040039065,305.9697265625,-0.4440565917933309,0,0.0,395904.1044851686,0.0,595904.1044851685,
2024-04-25,182.2129364013672,300.8856506347656,-0.567746034791403,0,0.0,395904.1044851686,0.0,595904.1044851685,
2024-04-26,179.8279571533203,305.9697265625,-0.04644024435308344,0,0.0,395904.1044851686,0.0,595904.1044851685,
2024-04-29,177.44296264648438,306.89410400390625,0.1810278277884167,0,0.0,395904.1044851686,0.0,595904.1044851685,
2024-04-30,175.53497314453125,303.19659423828125,0.052165711457516306,0,0.0,395904.1044851686,0.0,595904.1044851685,
2024-05-02,173.1499786376953,301.8100280761719,0.12210751356084473,0,0.0,395904.1044851686,0.0,595904.1044851685,
2024-05-03,170.28799438476562,295.8015441894531,-0.09583271223153846,0,0.0,395904.1044851686,0.0,595904.1044851685,
2024-05-06,169.33401489257812,299.49908447265625,0.23368944590364757,0,0.0,395904.1044851686,0.0,595904.1044851685,
2024-05-07,171.718994140625,298.5746765136719,0.01602235728982276,0,0.0,395904.1044851686,0.0,595904.1044851685,
2024-05-08,175.53497314453125,300.4234619140625,-0.09958347921044204,0,0.0,395904.1044851686,0.0,595904.1044851685,
2024-05-09,171.2419891357422,292.56622314453125,-0.35068552521270113,0,0.0,395904.1044851686,0.0,595904.1044851685,
2024-05-10,169.81100463867188,295.33935546875,-0.05172565875999293,0,0.0,395904.1044851686,0.0,595904.1044851685,
2024-05-13,159.7940673828125,298.1125183105469,0.8147235378625298,0,0.0,395904.1044851686,0.0,595904.1044851685,
2024-05-14,159.3170623779297,293.95281982421875,0.5566083168712948,0,0.0,395904.1044851686,0.0,595904.1044851685,
2024-05-15,160.27105712890625,293.0284118652344,0.44636706601349296,0,0.0,395904.1044851686,0.0,595904.1044851685,
2024-05-16,161.2250518798828,290.2552795410156,0.194003249334401,0,0.0,395904.1044851686,0.0,595904.1044851685,
2024-05-17,162.6560516357422,282.8602600097656,-0.41647703850802387,0,0.0,395904.1044851686,0.0,595904.1044851685,
2024-05-20,161.70205688476562,282.3980712890625,-0.36508499768484437,0,0.0,395904.1044851686,0.0,595904.1044851685,
2024-05-21,159.7940673828125,286.5577697753906,0.07713459385205634,0,0.0,395904.1044851686,0.0,595904.1044851685,
2024-05-22,157.40907287597656,295.33935546875,0.875659772263386,0,0.0,395904.1044851686,0.0,595904.1044851685,
2024-05-23,154.54710388183594,295.33935546875,1.0431583367136823,0,0.0,395904.1044851686,0.0,595904.1044851685,
2024-05-24,155.97808837890625,295.8015441894531,0.9516774365484442,0,0.0,395904.1044851686,0.0,595904.1044851685,
2024-05-27,160.74806213378906,313.3647766113281,1.7932179900735894,0,0.0,395904.1044851686,0.0,595904.1044851685,
2024-05-28,160.74806213378906,308.7428894042969,1.4177249262059974,0,0.0,395904.1044851686,0.0,595904.1044851685,
2024-05-29,160.74806213378906,308.7428894042969,1.3660440792730129,0,0.0,395904.1044851686,0.0,595904.1044851685,
2024-05-30,159.3170623779297,299.9612731933594,0.8348964144028418,0,0.0,395904.1044851686,0.0,595904.1044851685,
2024-05-31,156.45509338378906,302.272216796875,1.140769129680662,0,0.0,395904.1044851686,0.0,595904.1044851685,
2024-06-03,158.84007263183594,308.2807006835937,1.34048755598723,0,0.0,395904.1044851686,0.0,595904.1044851685,
2024-06-04,159.7940673828125,302.7344055175781,0.8801925761981132,0,0.0,395904.1044851686,0.0,595904.1044851685,
2024-06-05,157.40907287597656,301.8100280761719,0.9396994877762007,0,0.0,395904.1044851686,0.0,595904.1044851685,
2024-06-06,158.36306762695312,301.8100280761719,0.84918263215566,0,0.0,395904.1044851686,0.0,595904.1044851685,
2024-06-07,173.62698364257812,302.272216796875,-0.13006904263332936,0,0.0,395904.1044851686,0.0,595904.1044851685,
2024-06-11,169.33401489257812,301.8100280761719,0.0971988913464263,0,0.0,395904.1044851686,0.0,595904.1044851685,
2024-06-12,167.426025390625,302.7344055175781,0.25757094736817016,0,0.0,395904.1044851686,0.0,595904.1044851685,
2024-06-13,172.19598388671875,306.89410400390625,0.2007328486883692,0,0.0,395904.1044851686,0.0,595904.1044851685,
2024-06-14,182.2129364013672,309.667236328125,-0.3649833623811422,0,0.0,395904.1044851686,0.0,595904.1044851685,
2024-06-17,175.53497314453125,310.5916442871094,0.19228465411413923,0,0.0,395904.1044851686,0.0,595904.1044851685,
2024-06-18,179.3509521484375,305.507568359375,-0.4889394153492779,0,0.0,395904.1044851686,0.0,595904.1044851685,
2024-06-19,179.3509521484375,306.89410400390625,-0.36756462926280764,0,0.0,395904.1044851686,0.0,595904.1044851685,
2024-06-20,179.3509521484375,313.82696533203125,0.18324755343589172,0,0.0,395904.1044851686,0.0,595904.1044851685,
2024-06-21,179.3509521484375,309.205078125,-0.17735126677030036,0,0.0,395904.1044851686,0.0,595904.1044851685,
2024-06-24,175.53497314453125,303.6587829589844,-0.3317393108634683,0,0.0,395904.1044851686,0.0,595904.1044851685,
2024-06-25,179.8279571533203,306.89410400390625,-0.38168653388682816,0,0.0,395904.1044851686,0.0,595904.1044851685,
2024-06-26,177.9199676513672,309.205078125,-0.0200454560238849,0,0.0,395904.1044851686,0.0,595904.1044851685,
2024-06-27,177.44296264648438,316.137939453125,0.6807460195099628,0,0.0,395904.1044851686,0.0,595904.1044851685,
2024-06-28,179.3509521484375,310.1294250488281,0.028385017712116687,0,0.0,395904.1044851686,0.0,595904.1044851685,
2024-07-01,180.42083740234372,306.4319152832031,-0.39614599149239466,0,0.0,395904.1044851686,0.0,595904.1044851685,
2024-07-02,181.39344787597656,308.7428894042969,-0.2428916031489287,0,0.0,395904.1044851686,0.0,595904.1044851685,
2024-07-03,181.8797607421875,302.7344055175781,-0.8517405514931274,0,0.0,395904.1044851686,0.0,595904.1044851685,
2024-07-04,195.49642944335935,316.137939453125,-0.7927171772634294,0,0.0,395904.1044851686,0.0,595904.1044851685,
2024-07-05,197.4416656494141,316.137939453125,-0.9461225038538693,0,0.0,395904.1044851686,0.0,595904.1044851685,
2024-07-08,196.95535278320312,314.2891540527344,-1.0559408320433499,0,0.0,395904.1044851686,0.0,595904.1044851685,
2024-07-09,201.8184509277344,322.60858154296875,-0.7127750562539352,0,0.0,395904.1044851686,0.0,595904.1044851685,
2024-07-10,221.75714111328125,319.3732604980469,-2.732281323585872,1,0.0,395822.4592691041,146105.2084350586,595822.4592691041,"開倉: 多Spread (多6414.TW×1, 空1513.TW×1)"
2024-07-11,221.75714111328125,315.6757202148437,-2.868763154494218,1,-7395.080566406364,395822.4592691041,145106.87255859375,588427.3787026977,
2024-07-12,225.16131591796875,309.667236328125,-3.4255060148328735,1,-26220.39794921875,395822.4592691041,144403.7091064453,569602.0613198853,
2024-07-15,229.05178833007807,311.5160217285156,-3.2556752738758123,1,-30303.771972656137,395822.4592691041,145953.3087158203,565518.6872964479,
2024-07-16,222.2434539794922,317.52447509765625,-2.2198839315292345,1,-4670.196533203125,395822.4592691041,145737.34085083008,591152.2627359009,
2024-07-17,217.3803558349609,312.902587890625,-2.1178139371773015,1,-4187.774658203069,395822.4592691041,143176.3948059082,591634.6846109009,
2024-07-18,217.3803558349609,309.667236328125,-2.2301356525825375,1,-10658.477783203069,395822.4592691041,142302.8498840332,585163.9814859009,
2024-07-19,214.46250915527344,299.9612731933594,-2.514852401884652,1,-24234.710693359375,395822.4592691041,138894.42123413086,571587.7485757447,
2024-07-22,203.76368713378903,291.1796569824219,-2.281176863033608,1,-20400.299072265567,395822.4592691041,133634.70291137695,575422.1601968384,
2024-07-23,210.08572387695312,293.0284118652344,-2.373030879898102,1,-29346.86279296875,395822.4592691041,135840.81665039062,566475.5964761353,
2024-07-26,206.6815490722656,295.8015441894531,-1.9199158785575836,1,-16992.24853515619,395822.4592691041,135670.43518066406,578830.2107339478,
2024-07-29,188.68809509277344,279.1627502441406,-1.7973489750252385,1,-14282.928466796875,395822.4592691041,126319.7282409668,581539.5308023072,
2024-07-30,186.74285888671875,283.3224182128906,-1.4137119211352212,1,-2073.1201171875,395822.4592691041,126917.62481689453,593749.3391519166,
2024-07-31,183.8249969482422,290.8600769042969,-0.834929724912495,1,18837.921142578125,395822.4592691041,128164.96994018555,614660.3804116822,
2024-08-01,183.8249969482422,301.8993225097656,-0.2329647364971991,1,40916.412353515625,395822.4592691041,131145.5662536621,636738.8716226197,
2024-08-02,174.09881591796875,287.5003356933594,-0.49147197747659543,1,31570.80078125,395822.4592691041,124631.7709350586,627393.2600503541,
2024-08-05,157.07797241210938,259.1822509765625,-1.100036116593238,1,8976.318359375,395822.4592691041,112390.2603149414,604798.7776284791,
2024-08-06,150.75595092773438,262.5420227050781,-0.5891479953046675,1,28339.90478515625,395822.4592691041,111590.45288085938,624162.3640542603,
2024-08-07,162.9136962890625,278.3809509277344,-0.3598502585470165,1,35702.2705078125,395822.4592691041,119149.55474853516,631524.7297769166,
2024-08-08,157.07797241210938,272.141357421875,-0.3746047359467919,1,34894.53125,395822.4592691041,115889.21905517578,630716.9905191041,
2024-08-09,172.63987731933594,274.54119873046875,-1.007001955930191,1,8570.404052734375,395822.4592691041,120738.89053344727,604392.8633218384,
2024-08-12,176.53036499023438,281.2607421875,-0.8231104534658364,1,14228.515625,395822.4592691041,123603.59893798828,610050.9748941041,
2024-08-13,165.83154296875,287.5003356933594,0.052958327966208585,0,0.0,443849.67267364514,0.0,643849.6726736451,"平倉: 多Spread, 損益=+48,027"
2024-08-14,170.69464111328125,275.02117919921875,-0.8328035519456,0,0.0,443849.67267364514,0.0,643849.6726736451,
2024-08-15,168.26309204101562,275.02117919921875,-0.6954983700097253,0,0.0,443849.67267364514,0.0,643849.6726736451,
2024-08-16,171.1809539794922,276.4610900878906,-0.7454555379481911,0,0.0,443849.67267364514,0.0,643849.6726736451,
2024-08-19,171.66726684570312,278.3809509277344,-0.6458000141727619,0,0.0,443849.67267364514,0.0,643849.6726736451,
2024-08-20,172.15357971191406,281.2607421875,-0.49704006511444626,0,0.0,443849.67267364514,0.0,643849.6726736451,
2024-08-21,174.09881591796875,280.3008117675781,-0.6213465736546906,0,0.0,443849.67267364514,0.0,643849.6726736451,
2024-08-22,171.1809539794922,280.3008117675781,-0.4467904214096527,0,0.0,443849.67267364514,0.0,643849.6726736451,
2024-08-23,170.69464111328125,280.3008117675781,-0.39570282615437324,0,0.0,443849.67267364514,0.0,643849.6726736451,
2024-08-26,168.26309204101562,286.0604248046875,0.08534606656672619,0,0.0,443849.67267364514,0.0,643849.6726736451,
2024-08-27,171.66726684570312,279.82086181640625,-0.4344737652739548,0,0.0,443849.67267364514,0.0,643849.6726736451,
2024-08-28,169.72203063964844,277.9009704589844,-0.4115538560428863,0,0.0,443849.67267364514,0.0,643849.6726736451,
2024-08-29,167.77679443359375,281.74072265625,-0.038447218740046744,0,0.0,443849.67267364514,0.0,643849.6726736451,
2024-08-30,166.31785583496094,285.1004943847656,0.28723094900262236,0,0.0,443849.67267364514,0.0,643849.6726736451,
2024-09-02,167.2904815673828,282.7006530761719,0.10971844709169246,0,0.0,443849.67267364514,0.0,643849.6726736451,
2024-09-03,163.39999389648438,280.3008117675781,0.23321242398310893,0,0.0,443849.67267364514,0.0,643849.6726736451,
2024-09-04,156.10536193847656,268.7816162109375,-0.05310214797025265,0,0.0,443849.67267364514,0.0,643849.6726736451,
2024-09-05,153.1875,267.3417053222656,0.062261890361713965,0,0.0,443849.67267364514,0.0,643849.6726736451,
2024-09-06,155.1327362060547,268.7816162109375,0.059407490009815295,0,0.0,443849.67267364514,0.0,643849.6726736451,
2024-09-09,155.61904907226562,274.0612487792969,0.42850444231323664,0,0.0,443849.67267364514,0.0,643849.6726736451,
2024-09-10,149.78334045410156,269.2615661621094,0.5025583994240652,0,0.0,443849.67267364514,0.0,643849.6726736451,
2024-09-11,151.2422637939453,268.3016357421875,0.36233728717522223,0,0.0,443849.67267364514,0.0,643849.6726736451,
2024-09-12,159.02320861816406,276.4610900878906,0.4294393841612583,0,0.0,443849.67267364514,0.0,643849.6726736451,
2024-09-13,159.99583435058594,275.9811096191406,0.34257045579841466,0,0.0,443849.67267364514,0.0,643849.6726736451,
2024-09-16,159.509521484375,278.3809509277344,0.5978472985467009,0,0.0,443849.67267364514,0.0,643849.6726736451,
2024-09-18,162.9136962890625,271.6614074707031,-0.16021022089294076,0,0.0,443849.67267364514,0.0,643849.6726736451,
2024-09-19,164.8589324951172,275.02117919921875,-0.016687088354876256,0,0.0,443849.67267364514,0.0,643849.6726736451,
2024-09-20,166.31785583496094,275.9811096191406,-0.028792484691316917,0,0.0,443849.67267364514,0.0,643849.6726736451,
2024-09-23,170.2083282470703,275.5011291503906,-0.3515867810112169,0,0.0,443849.67267364514,0.0,643849.6726736451,
2024-09-24,168.26309204101562,275.5011291503906,-0.15592513340123823,0,0.0,443849.67267364514,0.0,643849.6726736451,
2024-09-25,170.2083282470703,279.34088134765625,0.057150173828817534,0,0.0,443849.67267364514,0.0,643849.6726736451,
2024-09-26,169.2357177734375,279.34088134765625,0.1742927763788276,0,0.0,443849.67267364514,0.0,643849.6726736451,
2024-09-27,171.1809539794922,279.34088134765625,0.027251509141506,0,0.0,443849.67267364514,0.0,643849.6726736451,
2024-09-30,167.77679443359375,277.4210205078125,0.18296999411315873,0,0.0,443849.67267364514,0.0,643849.6726736451,
2024-10-01,164.8589324951172,275.9811096191406,0.3433077346306471,0,0.0,443849.67267364514,0.0,643849.6726736451,
2024-10-04,158.05059814453125,278.86090087890625,1.302262599963876,0,0.0,443849.67267364514,0.0,643849.6726736451,
2024-10-07,163.8863067626953,283.1806030273437,1.1685484032606817,0,0.0,443849.67267364514,0.0,643849.6726736451,
2024-10-08,159.99583435058594,283.6605834960937,1.5906888977835827,0,0.0,443849.67267364514,0.0,643849.6726736451,
2024-10-09,158.5369110107422,279.34088134765625,1.2494536135599057,0,0.0,443849.67267364514,0.0,643849.6726736451,
2024-10-11,158.05059814453125,280.3008117675781,1.3455605892059188,0,0.0,443849.67267364514,0.0,643849.6726736451,
2024-10-14,160.48214721679688,280.3008117675781,1.090959926273461,0,0.0,443849.67267364514,0.0,643849.6726736451,
2024-10-15,158.05059814453125,287.0203552246094,1.9963909449722708,0,0.0,443849.67267364514,0.0,643849.6726736451,
2024-10-16,158.5369110107422,292.29998779296875,2.3573711769338286,-1,0.0,443771.639197693,121725.96267700195,643771.639197693,"開倉: 空Spread (空6414.TW×1, 多1513.TW×1)"
2024-10-17,159.99583435058594,287.5003356933594,1.6577120018203815,-1,12517.15087890625,443771.639197693,120823.96591186523,656288.7900765992,
2024-10-18,158.5369110107422,287.98028564453125,1.7836013079445912,-1,8639.404296875,443771.639197693,120559.64309692383,652411.043494568,
2024-10-21,160.48214721679688,288.46026611328125,1.6241641547828032,-1,11569.915771484375,443771.639197693,121214.4515991211,655341.5549691773,
2024-10-22,157.5642852783203,294.2198486328125,2.431498145531341,-1,-5784.97314453125,443771.639197693,121981.71615600586,637986.6660531617,
2024-10-23,160.48214721679688,295.6597595214844,2.2782188067078137,-1,-2829.071044921875,443771.639197693,123158.31481933594,640942.5681527711,
2024-10-24,155.61904907226562,293.7398986816406,2.4888940633657035,-1,-8715.545654296875,443771.639197693,121326.91589355469,635056.0935433961,
2024-10-25,156.10536193847656,292.29998779296875,2.2305317911845983,-1,-4863.09814453125,443771.639197693,121069.44442749023,638908.5410531617,
2024-10-28,155.1327362060547,289.900146484375,2.0002845388174206,-1,-2008.6669921875,443771.639197693,120158.87832641602,641762.9722055055,
2024-10-29,152.2148895263672,282.2206726074219,1.416071850462807,-1,7514.58740234375,443771.639197693,117297.60177612305,651286.2266000367,
2024-10-30,155.1327362060547,281.2607421875,0.9915242361269964,-1,15270.1416015625,443771.639197693,117826.23916625977,659041.7807992555,
2024-11-01,156.10536193847656,287.98028564453125,1.544939015786169,-1,3776.30615234375,443771.639197693,119903.12484741211,647547.9453500367,
2024-11-04,156.10536193847656,288.46026611328125,1.543225301537091,-1,2816.34521484375,443771.639197693,120032.71957397461,646587.9844125367,
2024-11-05,160.48214721679688,295.6597595214844,1.7711182029006747,-1,-2829.071044921875,443771.639197693,123158.31481933594,640942.5681527711,
2024-11-06,159.509521484375,298.53955078125,2.0434627475926836,-1,-10533.905029296875,443771.639197693,123673.24951171875,633237.7341683961,
2024-11-07,164.8589324951172,299.01953125,1.5237522729715218,-1,-795.0439453125,443771.639197693,125247.18521118164,642976.5952523805,
2024-11-08,162.42738342285156,296.1397399902344,1.425802715987762,-1,101.4404296875,443771.639197693,123813.1233215332,643873.0796273805,
2024-11-11,165.83154296875,305.25909423828125,1.9038367275265344,-1,-11328.948974609375,443771.639197693,127194.47204589844,632442.6902230836,
2024-11-12,162.42738342285156,299.9794616699219,1.6484068037021904,-1,-7578.0029296875,443771.639197693,124849.84817504883,636193.6362680055,
2024-11-13,158.5369110107422,299.9794616699219,1.9097580207640652,-1,-15358.94775390625,443771.639197693,123799.4206237793,628412.6914437867,
2024-11-14,156.10536193847656,293.7398986816406,1.4964645427646415,-1,-7742.919921875,443771.639197693,121458.22036743164,636028.719275818,
2024-11-15,156.10536193847656,298.0596008300781,1.8122377248732122,-1,-16382.32421875,443771.639197693,122624.53994750977,627389.314978943,
2024-11-18,151.2422637939453,296.61968994140625,2.0030100509053996,-1,-23228.69873046875,443771.639197693,120922.72750854492,620542.9404672242,
2024-11-19,155.1327362060547,298.0596008300781,1.725445326600057,-1,-18327.57568359375,443771.639197693,122361.93099975586,625444.0635140992,
2024-11-20,152.2148895263672,299.01953125,1.9595768823432664,-1,-26083.1298828125,443771.639197693,121833.29360961914,617688.5093148805,
2024-11-21,154.64642333984375,296.1397399902344,1.4612817382932892,-1,-15460.479736328125,443771.639197693,121712.2640991211,628311.1594613648,
2024-11-22,157.07797241210938,299.49951171875,1.4913142212443304,-1,-17316.925048828125,443771.639197693,123275.92071533203,626454.7141488648,
2024-11-25,160.9684600830078,303.3392333984375,1.4430197243589857,-1,-17215.39306640625,443771.639197693,125363.07723999023,626556.2461312867,
2024-11-26,159.509521484375,301.4193725585937,1.3541969248660695,-1,-16293.548583984262,443771.639197693,124450.80139160155,627478.0906137087,
2024-11-27,156.5916748046875,290.380126953125,0.6482136301857869,-1,-50.750732421875,443771.639197693,120682.38647460938,643720.8884652711,
2024-11-28,153.1875,286.0604248046875,0.5378550130349163,-1,1780.303955078125,443771.639197693,118596.93969726562,645551.9431527711,
2024-11-29,153.67381286621094,288.9402160644531,0.7175970583470449,-1,-3006.65283203125,443771.639197693,119505.7878112793,640764.9863656617,
2024-12-02,153.1875,294.2198486328125,1.1602628586189638,-1,-14538.543701171875,443771.639197693,120799.98413085938,629233.0954965211,
2024-12-03,156.10536193847656,289.4201965332031,0.5034220255506038,-1,896.484375,443771.639197693,120291.90078735352,644668.123572693,
2024-12-04,153.1875,288.9402160644531,0.6726142385557344,-1,-3979.278564453125,443771.639197693,119374.48333740234,639792.3606332398,
2024-12-05,151.2422637939453,289.4201965332031,0.8425496404387576,-1,-8829.7119140625,443771.639197693,118978.86428833008,634941.9272836305,
2024-12-06,157.07797241210938,296.1397399902344,0.9069037282813625,-1,-10597.381591796875,443771.639197693,122368.78234863281,633174.2576058961,
2024-12-09,155.1327362060547,292.77996826171875,0.7527590730437316,-1,-7768.310546875,443771.639197693,120936.43020629883,636003.328650818,
2024-12-10,153.67381286621094,292.77996826171875,0.8446184887307894,-1,-10686.1572265625,443771.639197693,120542.52090454102,633085.4819711305,
2024-12-11,152.70118713378906,289.4201965332031,0.6120005573461337,-1,-5911.865234375,443771.639197693,119372.77359008789,637859.773963318,
2024-12-12,151.72857666015625,290.8600769042969,0.7894854112384728,-1,-10736.846923828125,443771.639197693,119498.93646240234,633034.7922738648,
2024-12-13,148.8107147216797,287.5003356933594,0.714604057514068,-1,-9853.08837890625,443771.639197693,117803.98361206055,633918.5508187867,
2024-12-16,145.89285278320312,270.70147705078125,-0.5209226973288612,0,0.0,461603.8804537965,0.0,661603.8804537965,"平倉: 空Spread, 損益=+17,832"
2024-12-17,145.89285278320312,278.3809509277344,0.12501588362549085,0,0.0,461603.8804537965,0.0,661603.8804537965,
2024-12-18,147.83810424804688,281.2607421875,0.1881372814083019,0,0.0,461603.8804537965,0.0,661603.8804537965,
2024-12-19,145.40655517578125,285.1004943847656,0.7419021929673623,0,0.0,461603.8804537965,0.0,661603.8804537965,
2024-12-20,145.40655517578125,279.34088134765625,0.1507224057284639,0,0.0,461603.8804537965,0.0,661603.8804537965,
2024-12-23,148.32440185546875,281.74072265625,0.0703850837714455,0,0.0,461603.8804537965,0.0,661603.8804537965,
2024-12-24,148.32440185546875,284.6205139160156,0.3517689777119227,0,0.0,461603.8804537965,0.0,661603.8804537965,
2024-12-25,148.8107147216797,285.1004943847656,0.3232509224782857,0,0.0,461603.8804537965,0.0,661603.8804537965,
2024-12-26,149.78334045410156,287.0203552246094,0.417437720030817,0,0.0,461603.8804537965,0.0,661603.8804537965,
2024-12-27,147.83810424804688,284.1405639648437,0.2506792261205291,0,0.0,461603.8804537965,0.0,661603.8804537965,
2024-12-30,148.32440185546875,280.7807922363281,-0.38022957797515294,0,0.0,461603.8804537965,0.0,661603.8804537965,
2024-12-31,149.78334045410156,279.82086181640625,-0.8039594714540214,0,0.0,461603.8804537965,0.0,661603.8804537965,
2025-01-02,152.2148895263672,280.3008117675781,-1.179585588225651,0,0.0,461603.8804537965,0.0,661603.8804537965,
2025-01-03,153.1875,278.3809509277344,-1.6806817209000202,0,0.0,461603.8804537965,0.0,661603.8804537965,
2025-01-06,153.67381286621094,282.2206726074219,-1.1696532154168129,0,0.0,461603.8804537965,0.0,661603.8804537965,
2025-01-07,154.64642333984375,284.1405639648437,-1.0525574151295485,0,0.0,461603.8804537965,0.0,661603.8804537965,
2025-01-08,155.1327362060547,287.0203552246094,-0.6877127813704339,0,0.0,461603.8804537965,0.0,661603.8804537965,
2025-01-09,151.2422637939453,279.82086181640625,-1.3688128209748627,0,0.0,461603.8804537965,0.0,661603.8804537965,
2025-01-10,150.75595092773438,278.3809509277344,-1.5105535714749627,0,0.0,461603.8804537965,0.0,661603.8804537965,
2025-01-13,148.32440185546875,268.7816162109375,-2.7518993199419275,1,0.0,461527.1962130738,112618.62487792969,661527.1962130738,"開倉: 多Spread (多6414.TW×1, 空1513.TW×1)"
2025-01-14,148.32440185546875,269.7415466308594,-2.436919275136985,1,1919.86083984375,461527.1962130738,112877.8060913086,663447.0570529175,
2025-01-15,143.4613037109375,267.3417053222656,-1.977522336937877,1,6846.37451171875,461527.1962130738,110916.81243896484,668373.5707247925,
2025-01-16,143.4613037109375,270.70147705078125,-1.3490995025764594,1,13565.91796875,461527.1962130738,111823.95080566406,675093.1141818238,
2025-01-17,141.5160675048828,273.5812683105469,-0.5304332485429035,1,23215.972900390625,461527.1962130738,112076.28067016602,684743.1691134644,
2025-01-20,142.97500610351562,273.5812683105469,-0.7439509296921186,1,20298.095703125,461527.1962130738,112470.19409179688,681825.2919161988,
2025-01-21,147.83810424804688,273.5812683105469,-1.4762905659493513,1,10571.8994140625,461527.1962130738,113783.23059082031,672099.0956271363,
2025-01-22,150.75595092773438,275.9811096191406,-1.4871945155640764,1,9535.888671875,461527.1962130738,115219.00634765625,671063.0848849488,
2025-02-03,148.8107147216797,270.22149658203125,-2.0299866430793307,1,1907.135009765625,461527.1962130738,113138.69705200195,663434.3312228394,
2025-02-04,145.89285278320312,272.621337890625,-1.2113387766182235,1,12542.54150390625,461527.1962130738,112998.8314819336,674069.73771698,
2025-02-05,146.865478515625,287.5003356933594,0.9599383089390758,0,0.0,501805.1072250367,0.0,701805.1072250367,"平倉: 多Spread, 損益=+40,278"
2025-02-06,149.78334045410156,294.2198486328125,1.5129577983467177,0,0.0,501805.1072250367,0.0,701805.1072250367,
2025-02-07,147.83810424804688,296.61968994140625,2.056375315127118,-1,0.0,501727.32891326916,120003.60443115234,701727.3289132691,"開倉: 空Spread (空6414.TW×1, 多1513.TW×1)"
2025-02-10,145.40655517578125,298.0596008300781,2.4548680246575723,-1,-7742.919921875,501727.32891326916,119735.86212158203,693984.4089913941,
2025-02-11,143.94761657714844,296.1397399902344,2.238260398421462,-1,-6821.075439453125,501727.32891326916,118823.58627319336,694906.253473816,
2025-02-12,142.4886932373047,296.61968994140625,2.330293522677634,-1,-10698.822021484375,501727.32891326916,118559.26345825195,691028.5068917847,
2025-02-13,144.9202423095703,290.380126953125,1.2092775550736097,-1,6643.402099609375,501727.32891326916,117531.09970092773,708370.7310128785,
2025-02-14,143.94761657714844,292.77996826171875,1.5759110334816073,-1,-101.531982421875,501727.32891326916,117916.44790649414,701625.7969308472,
2025-02-17,145.40655517578125,298.0596008300781,1.9745795707513671,-1,-7742.919921875,501727.32891326916,119735.86212158203,693984.4089913941,
2025-02-18,145.89285278320312,297.5796203613281,1.7829485903697708,-1,-5810.36376953125,501727.32891326916,119737.56774902344,695916.9651437378,
2025-02-19,146.37916564941406,309.0988464355469,2.8314345409566486,-1,-27876.190185546875,501727.32891326916,122979.06326293945,673851.1387277222,
2025-02-20,158.05059814453125,309.0988464355469,1.5748099116656138,-1,-4533.3251953125,501727.32891326916,126130.3500366211,697194.0037179566,
2025-02-21,156.10536193847656,314.37847900390625,2.224852283984574,-1,-18983.062744140625,501727.32891326916,127030.63705444336,682744.2661691285,
2025-02-24,154.16012573242188,310.05877685546875,1.9104275716809702,-1,-14234.130859375,501727.32891326916,125339.10369873047,687493.1980538941,
2025-02-25,149.78334045410156,306.2190246582031,1.8671215479526517,-1,-15308.197021484375,501727.32891326916,123120.63858032227,686419.1318917847,
2025-02-26,150.26963806152344,309.57879638671875,2.050130910976304,-1,-21055.145263671875,501727.32891326916,124159.07730102539,680672.1836495972,
2025-02-27,147.83810424804688,302.8592834472656,1.5837518333969418,-1,-12479.18701171875,501727.32891326916,121688.29467773438,689248.1419015503,
2025-03-03,144.9202423095703,296.1397399902344,1.193517841103061,-1,-4875.823974609375,501727.32891326916,119086.19522094727,696851.5049386597,
2025-03-04,143.94761657714844,303.3392333984375,1.8471588290669043,-1,-21220.062255859375,501727.32891326916,120767.4494934082,680507.2666574097,
2025-03-05,145.89285278320312,307.658935546875,1.9591143097593728,-1,-25968.994140625,501727.32891326916,122458.9828491211,675758.3347726441,
2025-03-06,143.94761657714844,301.4193725585937,1.520317290033175,-1,-17380.340576171762,501727.32891326916,120249.08706665038,684346.9883370973,
2025-03-07,142.00238037109375,295.1798095703125,1.1215922701501673,-1,-8791.68701171875,501727.32891326916,118039.19128417969,692935.6419015503,
2025-03-10,141.5160675048828,296.61968994140625,1.237704566951606,-1,-12644.073486328125,501727.32891326916,118296.65451049805,689083.255426941,
2025-03-11,140.05714416503906,287.0203552246094,0.5430453384496603,-1,3636.749267578125,501727.32891326916,115310.92483520508,705364.0781808472,
2025-03-12,142.00238037109375,287.0203552246094,0.3792072386397836,-1,7527.2216796875,501727.32891326916,115836.13861083984,709254.5505929566,
2025-03-13,139.57083129882812,278.86090087890625,-0.1012302335852916,0,0.0,520633.62387054454,0.0,720633.6238705445,"平倉: 空Spread, 損益=+18,906"
2025-03-14,141.5160675048828,276.9410400390625,-0.4098844956256697,0,0.0,520633.62387054454,0.0,720633.6238705445,
2025-03-17,141.02976989746094,295.1798095703125,1.1017983459534246,0,0.0,520633.62387054454,0.0,720633.6238705445,
2025-03-18,141.02976989746094,300.4594421386719,1.4751363764832164,0,0.0,520633.62387054454,0.0,720633.6238705445,
2025-03-19,139.0845184326172,287.5003356933594,0.572914773673238,0,0.0,520633.62387054454,0.0,720633.6238705445,
2025-03-20,142.4886932373047,295.6597595214844,0.9378476649471265,0,0.0,520633.62387054454,0.0,720633.6238705445,
2025-03-21,142.00238037109375,294.6998291015625,0.869228157407742,0,0.0,520633.62387054454,0.0,720633.6238705445,
2025-03-24,143.94761657714844,287.98028564453125,0.16758588015269252,0,0.0,520633.62387054454,0.0,720633.6238705445,
2025-03-25,142.97500610351562,286.0604248046875,0.07598887196583481,0,0.0,520633.62387054454,0.0,720633.6238705445,
2025-03-26,146.37916564941406,290.8600769042969,0.1929082366314767,0,0.0,520633.62387054454,0.0,720633.6238705445,
2025-03-27,146.37916564941406,287.0203552246094,-0.1263787392084579,0,0.0,520633.62387054454,0.0,720633.6238705445,
2025-03-28,141.5160675048828,279.34088134765625,-0.37668429277926035,0,0.0,520633.62387054454,0.0,720633.6238705445,
2025-03-31,127.41309356689452,271.1814270019531,0.05195640401417058,0,0.0,520633.62387054454,0.0,720633.6238705445,
2025-04-01,128.8720245361328,273.5812683105469,0.1230898262873472,0,0.0,520633.62387054454,0.0,720633.6238705445,
2025-04-02,131.78988647460938,276.9410400390625,0.1589181092575294,0,0.0,520633.62387054454,0.0,720633.6238705445,
2025-04-07,118.6595230102539,249.5829162597656,-1.0288294897090964,0,0.0,520633.62387054454,0.0,720633.6238705445,
2025-04-08,109.41964721679688,230.86419677734372,-1.7703644273634762,0,0.0,520633.62387054454,0.0,720633.6238705445,
2025-04-09,103.58393096923828,207.8257751464844,-2.904198768337615,1,0.0,520561.1674822999,84080.62065124513,720561.1674822998,"開倉: 多Spread (多6414.TW×1, 空1513.TW×1)"
2025-04-10,113.7964324951172,228.46435546875,-2.027806492929288,1,20852.15759277335,520561.1674822999,92410.41275024416,741413.3250750732,
2025-04-11,122.06369018554688,244.7832489013672,-1.4131610117540294,1,36955.42907714838,520561.1674822999,99048.6735534668,757516.5965594482,
2025-04-14,122.5500030517578,247.66305541992188,-1.227833924149811,1,41742.41638183591,520561.1674822999,99957.52578735352,762303.5838641358,
2025-04-15,125.46785736083984,250.06288146972656,-1.2399517060751963,1,40706.35986328119,520561.1674822999,101393.29948425293,761267.527345581,
2025-04-16,122.5500030517578,247.66305541992188,-1.1915410102172934,1,41742.41638183591,520561.1674822999,99957.52578735352,762303.5838641358,
2025-04-17,122.06369018554688,250.5428466796875,-0.9549528166765623,1,48474.624633789004,520561.1674822999,100603.76495361328,769035.7921160888,
2025-04-18,122.5500030517578,248.1430206298828,-1.146892348602635,1,42702.34680175778,520561.1674822999,100087.11639404297,763263.5142840577,
2025-04-21,118.6595230102539,247.18307495117188,-0.9713576396133502,1,48563.41552734369,520561.1674822999,98777.50144958496,769124.5830096435,
2025-04-22,117.20059967041016,247.66305541992188,-0.8574135098709238,1,52441.22314453119,520561.1674822999,98513.18687438965,773002.390626831,
2025-04-23,119.63214111328124,251.98275756835935,-0.732162526203864,1,56217.544555663975,520561.1674822999,100336.02264404297,776778.7120379638,
2025-04-24,120.60476684570312,257.74237060546875,-0.40065276884207285,1,65791.519165039,520561.1674822999,102153.7271118164,786352.6866473388,
2025-04-25,119.63214111328124,256.3024597167969,-0.44279416195687255,1,64856.94885253903,520561.1674822999,101502.3422241211,785418.1163348389,
2025-04-28,122.06369018554688,256.78240966796875,-0.5826218699346112,1,60953.750610351504,520561.1674822999,102288.44696044922,781514.9180926513,
2025-04-29,124.4952392578125,258.7023010253906,-0.6271006961752765,1,59930.435180664004,520561.1674822999,103463.33587646484,780491.6026629638,
2025-04-30,123.52262115478516,256.78240966796875,-0.7135996148509277,1,58035.88867187494,520561.1674822999,102682.35832214355,778597.0561541747,
2025-05-02,131.78988647460938,261.1021423339844,-1.0009735479134143,1,50140.823364257754,520561.1674822999,106080.84777832031,770701.9908465575,
2025-05-05,134.221435546875,257.26239013671875,-1.4466526747487227,1,37598.220825195254,520561.1674822999,105700.63293457031,758159.388307495,
2025-05-06,134.70773315429688,256.3024597167969,-1.498562270428084,1,34705.764770507754,520561.1674822999,105572.75207519531,755266.9322528075,
2025-05-07,133.73512268066406,257.26239013671875,-1.3152734241483903,1,38570.84655761713,520561.1674822999,105569.32846069336,759132.0140399169,
2025-05-08,134.70773315429688,261.1021423339844,-1.0718154224738685,1,44305.130004882754,520561.1674822999,106868.66638183594,764866.2974871825,
2025-05-09,132.7624969482422,261.1021423339844,-0.908507821371386,1,48195.60241699213,520561.1674822999,106343.45260620117,768756.7698992919,
2025-05-12,133.73512268066406,267.3417053222656,-0.511370850147692,1,58729.47692871088,520561.1674822999,108290.74356079102,779290.6444110107,
2025-05-13,136.1666717529297,271.6614074707031,-0.35018429993402334,1,62505.78308105463,520561.1674822999,110113.58139038086,783066.9505633544,
2025-05-14,138.5982208251953,275.9811096191406,-0.19811802924489855,1,66282.08923339838,520561.1674822999,111936.4192199707,786843.2567156982,
2025-05-15,140.05714416503906,275.02117919921875,-0.3517342184307747,1,61444.38171386713,520561.1674822999,112071.14730834961,782005.5491961669,
2025-05-16,146.865478515625,285.5804443359375,-0.04614955457626524,1,68946.24328613275,520561.1674822999,116760.39916992188,789507.4107684325,
2025-05-19,147.35179138183594,281.74072265625,-0.3396456023185041,1,60294.17419433588,520561.1674822999,115854.9787902832,780855.3416766357,
2025-05-20,145.40655517578125,287.0203552246094,0.21296537025933487,0,0.0,595227.7821490479,0.0,795227.7821490478,"平倉: 多Spread, 損益=+74,667"
2025-05-21,147.35179138183594,292.29998779296875,0.4793260110911443,0,0.0,595227.7821490479,0.0,795227.7821490478,
2025-05-22,147.35179138183594,292.29998779296875,0.5054064552645519,0,0.0,595227.7821490479,0.0,795227.7821490478,
2025-05-23,149.29702758789062,287.98028564453125,0.05409801618143032,0,0.0,595227.7821490479,0.0,795227.7821490478,
2025-05-26,148.32440185546875,284.6205139160156,-0.11066292253558703,0,0.0,595227.7821490479,0.0,795227.7821490478,
2025-05-27,146.865478515625,285.1004943847656,0.06843308645735002,0,0.0,595227.7821490479,0.0,795227.7821490478,
2025-05-28,147.83810424804688,287.98028564453125,0.25149026435318433,0,0.0,595227.7821490479,0.0,795227.7821490478,
2025-05-29,147.35179138183594,290.8600769042969,0.5444438539036625,0,0.0,595227.7821490479,0.0,795227.7821490478,
2025-06-02,146.865478515625,281.74072265625,-0.14992919423304224,0,0.0,595227.7821490479,0.0,795227.7821490478,
2025-06-03,148.8107147216797,287.0203552246094,0.1856486018832728,0,0.0,595227.7821490479,0.0,795227.7821490478,
2025-06-04,151.2422637939453,290.380126953125,0.3145233603208274,0,0.0,595227.7821490479,0.0,795227.7821490478,
2025-06-05,150.26963806152344,289.900146484375,0.3850742466036993,0,0.0,595227.7821490479,0.0,795227.7821490478,
2025-06-06,154.64642333984375,287.5003356933594,-0.21251622493541275,0,0.0,595227.7821490479,0.0,795227.7821490478,
2025-06-09,153.1875,288.46026611328125,0.03638965137655295,0,0.0,595227.7821490479,0.0,795227.7821490478,
2025-06-10,154.64642333984375,289.900146484375,0.05584989039044353,0,0.0,595227.7821490479,0.0,795227.7821490478,
2025-06-11,154.64642333984375,295.6597595214844,0.6231589096060263,0,0.0,595227.7821490479,0.0,795227.7821490478,
2025-06-12,155.61904907226562,291.8200378417969,0.1474343743160982,0,0.0,595227.7821490479,0.0,795227.7821490478,
2025-06-13,156.10536193847656,292.29998779296875,0.1829478616424858,0,0.0,595227.7821490479,0.0,795227.7821490478,
2025-06-16,157.5642852783203,291.8200378417969,0.03424063905478207,0,0.0,595227.7821490479,0.0,795227.7821490478,
2025-06-17,159.509521484375,288.9402160644531,-0.45495595900355357,0,0.0,595227.7821490479,0.0,795227.7821490478,
2025-06-18,160.48214721679688,290.380126953125,-0.37159974617905583,0,0.0,595227.7821490479,0.0,795227.7821490478,
2025-06-19,157.07797241210938,287.5003356933594,-0.2975346631101396,0,0.0,595227.7821490479,0.0,795227.7821490478,
2025-06-20,157.07797241210938,283.1806030273437,-0.7846242333949252,0,0.0,595227.7821490479,0.0,795227.7821490478,
2025-06-23,158.05059814453125,287.98028564453125,-0.2981063326317744,0,0.0,595227.7821490479,0.0,795227.7821490478,
2025-06-24,161.4547576904297,296.61968994140625,0.3788882888939867,0,0.0,595227.7821490479,0.0,795227.7821490478,
2025-06-25,160.48214721679688,293.7398986816406,0.15364623455209236,0,0.0,595227.7821490479,0.0,795227.7821490478,
2025-06-26,160.9684600830078,292.29998779296875,-0.07244370059351651,0,0.0,595227.7821490479,0.0,795227.7821490478,
2025-06-27,161.4547576904297,280.0,-1.6074304870807086,0,0.0,595227.7821490479,0.0,795227.7821490478,
2025-06-30,157.5642852783203,288.0,-0.12555037486253065,0,0.0,595227.7821490479,0.0,795227.7821490478,
2025-07-01,159.02320861816406,290.0,-0.02268310251642255,0,0.0,595227.7821490479,0.0,795227.7821490478,
2025-07-02,158.5369110107422,292.5,0.3512771479895669,0,0.0,595227.7821490479,0.0,795227.7821490478,
2025-07-03,160.9684600830078,300.0,0.9887390426020672,0,0.0,595227.7821490479,0.0,795227.7821490478,
2025-07-04,157.07797241210938,301.0,1.7156166134897564,0,0.0,595227.7821490479,0.0,795227.7821490478,
2025-07-07,155.61904907226562,293.5,0.8068478820782735,0,0.0,595227.7821490479,0.0,795227.7821490478,
2025-07-08,156.10536193847656,298.5,1.485535849550335,0,0.0,595227.7821490479,0.0,795227.7821490478,
2025-07-09,157.5642852783203,296.0,0.8318689089566528,0,0.0,595227.7821490479,0.0,795227.7821490478,
2025-07-10,158.05059814453125,296.0,0.729734810632928,0,0.0,595227.7821490479,0.0,795227.7821490478,
2025-07-11,160.48214721679688,299.0,0.8128908077326065,0,0.0,595227.7821490479,0.0,795227.7821490478,
2025-07-14,161.4547576904297,298.0,0.4640399210124936,0,0.0,595227.7821490479,0.0,795227.7821490478,
2025-07-15,161.4547576904297,302.5,1.1959054421446262,0,0.0,595227.7821490479,0.0,795227.7821490478,
2025-07-16,159.509521484375,305.5,1.940729778459424,0,0.0,595227.7821490479,0.0,795227.7821490478,
2025-07-17,159.99583435058594,307.0,2.0069973937938044,-1,0.0,595149.102315674,126088.8752746582,795149.1023156738,"開倉: 空Spread (空6414.TW×1, 多1513.TW×1)"
2025-07-18,159.99583435058594,303.5,1.379502790311986,-1,7000.0,595149.102315674,125143.8752746582,802149.1023156738,
2025-07-21,157.5642852783203,304.0,1.7611795422176255,-1,1136.90185546875,595149.102315674,124622.35702514648,796286.0041711426,
2025-07-22,154.16012573242188,296.0,0.9895463654929261,-1,10328.582763671875,595149.102315674,121543.2339477539,805477.6850793457,
2025-07-23,159.02320861816406,303.0,1.307275764320092,-1,6054.74853515625,595149.102315674,124746.2663269043,801203.8508508301,
2025-07-24,159.02320861816406,303.0,1.2627965073517673,-1,6054.74853515625,595149.102315674,124746.2663269043,801203.8508508301,
2025-07-25,160.48214721679688,301.0,0.7215643783069771,-1,12972.625732421875,595149.102315674,124600.17974853516,808121.7280480957,
2025-07-28,159.99583435058594,303.0,1.061085147908774,-1,8000.0,595149.102315674,125008.8752746582,803149.1023156738,
2025-07-29,160.48214721679688,300.0,0.5077750565668666,-1,14972.625732421875,595149.102315674,124330.17974853516,810121.7280480957,
2025-07-30,160.48214721679688,304.0,1.130736774326057,-1,6972.625732421875,595149.102315674,125410.17974853516,802121.7280480957,
2025-07-31,160.48214721679688,306.0,1.4439148382944718,-1,2972.625732421875,595149.102315674,125950.17974853516,798121.7280480957,
2025-08-01,160.48214721679688,306.0,1.4120739304515055,-1,2972.625732421875,595149.102315674,125950.17974853516,798121.7280480957,
2025-08-04,161.94107055664062,303.0,0.6199757610178294,-1,11890.472412109375,595149.102315674,125534.08905029297,807039.5747277832,
2025-08-05,164.37261962890625,308.5,1.145140962303133,-1,5753.570556640625,595149.102315674,127675.60729980469,800902.6728723145,
2025-08-06,165.34524536132812,311.5,1.4545307177899547,-1,1698.822021484375,595149.102315674,128748.2162475586,796847.9243371582,
2025-08-07,163.8863067626953,313.5,1.945732933642345,-1,-5219.05517578125,595149.102315674,128894.30282592773,789930.0471398926,
2025-08-08,161.4547576904297,316.0,2.560054632527684,-1,-15082.1533203125,595149.102315674,128912.78457641602,780066.9489953613,
2025-08-11,161.94107055664062,307.0,1.0163486271880062,-1,3890.472412109375,595149.102315674,126614.08905029297,799039.5747277832,
2025-08-12,159.509521484375,303.5,0.8044874178506407,-1,6027.374267578125,595149.102315674,125012.57080078125,801176.476583252,
2025-08-13,159.02320861816406,311.0,1.9719534898736464,-1,-9945.25146484375,595149.102315674,126906.2663269043,785203.8508508301,
2025-08-14,159.509521484375,319.0,2.8769718985243418,-1,-24972.625732421875,595149.102315674,129197.57080078125,770176.476583252,
2025-08-15,160.9684600830078,309.0,1.2290499605329221,-1,-2054.74853515625,595149.102315674,126891.48422241211,793094.3537805176,
2025-08-18,162.9136962890625,304.0,0.24920470695841773,-1,11835.723876953125,595149.102315674,126066.69799804688,806984.826192627,
2025-08-19,162.42738342285156,313.0,1.5265527314826375,-1,-7136.90185546875,595149.102315674,128365.39352416992,788012.2004602051,
2025-08-20,161.94107055664062,310.5,1.204078482156225,-1,-3109.527587890625,595149.102315674,127559.08905029297,792039.5747277832,
2025-08-21,159.509521484375,318.0,2.3857619435339354,-1,-22972.625732421875,595149.102315674,128927.57080078125,772176.476583252,
2025-08-22,159.509521484375,311.5,1.490672240605894,-1,-9972.625732421875,595149.102315674,127172.57080078125,785176.476583252,
2025-08-25,162.42738342285156,315.0,1.5176719443651905,-1,-11136.90185546875,595149.102315674,128905.39352416992,784012.2004602051,
2025-08-26,162.9136962890625,311.0,0.9263004112297006,-1,-2164.276123046875,595149.102315674,127956.69799804688,792984.826192627,
2025-08-27,163.39999389648438,320.5,1.9536573469092138,-1,-20191.680908203125,595149.102315674,130652.99835205078,774957.4214074707,
2025-08-28,167.0,326.0,2.0795793383610994,-1,-23991.668701171875,595149.102315674,133110.0,771157.433614502,
2025-08-29,171.5,322.0,1.072010938944854,-1,-6991.668701171875,595149.102315674,133245.0,788157.433614502,
2025-09-01,165.0,319.0,1.3964213949236464,-1,-13991.668701171875,595149.102315674,130680.0,781157.433614502,
2025-09-02,162.0,311.0,0.7800190399738379,-1,-3991.668701171875,595149.102315674,127710.0,791157.433614502,
2025-09-03,165.0,314.0,0.7737093487538977,-1,-3991.668701171875,595149.102315674,129330.0,791157.433614502,
2025-09-04,166.5,307.5,-0.14785955088910216,0,0.0,607078.4736145021,0.0,807078.473614502,"平倉: 空Spread, 損益=+11,929"
2025-09-05,165.5,309.5,0.17840152458913075,0,0.0,607078.4736145021,0.0,807078.473614502,
2025-09-08,164.0,308.5,0.21087254558209784,0,0.0,607078.4736145021,0.0,807078.473614502,
2025-09-09,163.5,305.5,-0.11027548088987861,0,0.0,607078.4736145021,0.0,807078.473614502,
2025-09-10,164.0,309.0,0.22421081844349364,0,0.0,607078.4736145021,0.0,807078.473614502,
2025-09-11,161.5,301.5,-0.42522211115148917,0,0.0,607078.4736145021,0.0,807078.473614502,
2025-09-12,163.5,302.5,-0.5898390813828732,0,0.0,607078.4736145021,0.0,807078.473614502,
2025-09-15,161.5,298.0,-0.9572301380170275,0,0.0,607078.4736145021,0.0,807078.473614502,
2025-09-16,161.5,299.0,-0.8346583761270697,0,0.0,607078.4736145021,0.0,807078.473614502,
2025-09-17,159.5,298.0,-0.7331208476548813,0,0.0,607078.4736145021,0.0,807078.473614502,
2025-09-18,160.0,303.0,-0.15566836559162647,0,0.0,607078.4736145021,0.0,807078.473614502,
2025-09-19,159.0,303.5,-0.015574215194569595,0,0.0,607078.4736145021,0.0,807078.473614502,
2025-09-22,160.0,300.0,-0.7625065396524069,0,0.0,607078.4736145021,0.0,807078.473614502,
2025-09-23,159.0,299.0,-0.8244869778645313,0,0.0,607078.4736145021,0.0,807078.473614502,
2025-09-24,159.5,301.0,-0.6066836915495367,0,0.0,607078.4736145021,0.0,807078.473614502,
2025-09-25,158.0,298.0,-0.8800794690608972,0,0.0,607078.4736145021,0.0,807078.473614502,
2025-09-26,153.5,290.5,-1.385961828863653,0,0.0,607078.4736145021,0.0,807078.473614502,
2025-09-30,155.5,294.5,-1.03942300284635,0,0.0,607078.4736145021,0.0,807078.473614502,
2025-10-01,155.5,297.5,-0.5259707493979332,0,0.0,607078.4736145021,0.0,807078.473614502,
2025-10-02,153.5,296.5,-0.38509084348496,0,0.0,607078.4736145021,0.0,807078.473614502,
2025-10-03,155.0,293.0,-1.235404470871477,0,0.0,607078.4736145021,0.0,807078.473614502,
2025-10-07,159.0,293.0,-1.8472013456181242,0,0.0,607078.4736145021,0.0,807078.473614502,
2025-10-08,159.5,295.0,-1.5799228447394342,0,0.0,607078.4736145021,0.0,807078.473614502,
2025-10-09,155.0,296.0,-0.6844372873502882,0,0.0,607078.4736145021,0.0,807078.473614502,
2025-10-13,155.5,290.0,-1.6967729325583902,0,0.0,607078.4736145021,0.0,807078.473614502,
2025-10-14,155.0,284.0,-2.421598960195422,1,0.0,607000.9136145021,118530.0,807000.913614502,"開倉: 多Spread (多6414.TW×1, 空1513.TW×1)"
2025-10-15,156.5,291.0,-1.5038212183572481,1,11000.0,607000.9136145021,120825.0,818000.913614502,
2025-10-16,158.5,293.0,-1.4366240168396274,1,11000.0,607000.9136145021,121905.0,818000.913614502,
2025-10-17,157.0,297.5,-0.5428062089644188,1,23000.0,607000.9136145021,122715.0,830000.913614502,
2025-10-20,154.0,295.5,-0.4036720975889548,1,25000.0,607000.9136145021,121365.0,832000.913614502,
2025-10-21,154.0,295.0,-0.4695658914355806,1,24000.0,607000.9136145021,121230.0,831000.913614502,
2025-10-22,153.5,293.5,-0.6189412632545522,1,22000.0,607000.9136145021,120690.0,829000.913614502,
2025-10-23,151.5,290.0,-0.8371066687139366,1,19000.0,607000.9136145021,119205.0,826000.913614502,
2025-10-27,152.0,291.0,-0.7569299660568292,1,20000.0,607000.9136145021,119610.0,827000.913614502,
2025-10-28,149.5,292.0,-0.250374136497057,1,27000.0,607000.9136145021,119205.0,834000.913614502,
2025-10-29,148.0,296.0,0.5475507246981839,0,0.0,644923.153614502,0.0,844923.1536145019,"平倉: 多Spread, 損益=+37,922"
2025-10-30,151.0,291.5,-0.526739182676132,0,0.0,644923.153614502,0.0,844923.1536145019,
2025-10-31,153.0,292.5,-0.6560073665310017,0,0.0,644923.153614502,0.0,844923.1536145019,
2025-11-03,157.5,293.0,-1.1811025577396272,0,0.0,644923.153614502,0.0,844923.1536145019,
2025-11-04,153.0,281.5,-2.097240340580177,1,0.0,644845.773614502,117315.0,844845.7736145019,"開倉: 多Spread (多6414.TW×1, 空1513.TW×1)"
2025-11-05,151.5,280.5,-1.935269123991697,1,1000.0,644845.773614502,116640.0,845845.7736145019,
2025-11-06,151.0,285.0,-1.2215498522331025,1,11000.0,644845.773614502,117720.0,855845.7736145019,
2025-11-07,145.0,283.5,-0.6181611740647918,1,20000.0,644845.773614502,115695.0,864845.7736145019,
2025-11-10,144.5,279.0,-1.1336177835974819,1,12000.0,644845.773614502,114345.0,856845.7736145019,
2025-11-11,144.0,279.5,-0.9688644612667999,1,14000.0,644845.773614502,114345.0,858845.7736145019,
2025-11-12,143.5,282.5,-0.4685795691426927,1,21000.0,644845.773614502,115020.0,865845.7736145019,
2025-11-13,150.0,276.0,-2.1666809740583175,1,-5000.0,644845.773614502,115020.0,839845.7736145019,
2025-11-14,146.0,282.0,-0.7852706561708376,1,15000.0,644845.773614502,115560.0,859845.7736145019,
2025-11-17,145.0,297.0,1.4097037196661573,0,0.0,691768.093614502,0.0,891768.0936145019,"平倉: 多Spread, 損益=+46,922"
2025-11-18,147.0,288.5,-0.005888387387739089,0,0.0,691768.093614502,0.0,891768.0936145019,
2025-11-19,150.0,288.0,-0.4495153450803046,0,0.0,691768.093614502,0.0,891768.0936145019,
2025-11-20,151.0,294.0,0.316807951954701,0,0.0,691768.093614502,0.0,891768.0936145019,
2025-11-21,151.5,287.0,-0.7766208022767331,0,0.0,691768.093614502,0.0,891768.0936145019,
2025-11-24,151.5,282.0,-1.4868832820051645,0,0.0,691768.093614502,0.0,891768.0936145019,
2025-11-25,149.0,290.0,0.14753482665485362,0,0.0,691768.093614502,0.0,891768.0936145019,
2025-11-26,150.0,294.0,0.7478524098969549,0,0.0,691768.093614502,0.0,891768.0936145019,
2025-11-27,150.5,296.0,1.0642736973166886,0,0.0,691768.093614502,0.0,891768.0936145019,
2025-11-28,149.5,298.0,1.694726211360055,0,0.0,691768.093614502,0.0,891768.0936145019,
2025-12-01,147.0,288.0,0.282002383544257,0,0.0,691768.093614502,0.0,891768.0936145019,
2025-12-02,147.0,286.0,-0.07888829479009105,0,0.0,691768.093614502,0.0,891768.0936145019,
2025-12-03,147.5,291.0,0.8325933309039097,0,0.0,691768.093614502,0.0,891768.0936145019,
2025-12-04,147.5,290.0,0.6413524630108268,0,0.0,691768.093614502,0.0,891768.0936145019,
2025-12-05,147.5,290.5,0.7562589750966912,0,0.0,691768.093614502,0.0,891768.0936145019,
2025-12-08,148.5,291.0,0.6619634636508251,0,0.0,691768.093614502,0.0,891768.0936145019,
2025-12-09,150.0,287.5,-0.3316925171698869,0,0.0,691768.093614502,0.0,891768.0936145019,
2025-12-10,150.5,292.5,0.6044160427009769,0,0.0,691768.093614502,0.0,891768.0936145019,
2025-12-11,149.5,292.5,0.7881824214325581,0,0.0,691768.093614502,0.0,891768.0936145019,
2025-12-12,152.5,294.5,0.5872102726574971,0,0.0,691768.093614502,0.0,891768.0936145019,
2025-12-15,148.5,292.5,0.9408759195425276,0,0.0,691768.093614502,0.0,891768.0936145019,
2025-12-16,146.5,288.5,0.5027197160369343,0,0.0,691768.093614502,0.0,891768.0936145019,
2025-12-17,146.5,293.5,1.4945835770065727,0,0.0,691768.093614502,0.0,891768.0936145019,
2025-12-18,144.5,296.5,2.3679124006785917,-1,0.0,691690.453614502,119070.0,891690.4536145019,"開倉: 空Spread (空6414.TW×1, 多1513.TW×1)"
2025-12-19,151.0,298.0,1.4017587352710756,-1,10000.0,691690.453614502,121230.0,901690.4536145019,
2025-12-22,152.0,300.5,1.6308407073214417,-1,7000.0,691690.453614502,122175.0,898690.4536145019,
2025-12-23,151.0,299.0,1.4840381538123415,-1,8000.0,691690.453614502,121500.0,899690.4536145019,
2025-12-24,149.5,297.5,1.4243111404460698,-1,8000.0,691690.453614502,120690.0,899690.4536145019,
2025-12-26,150.5,293.0,0.42653028715663144,-1,19000.0,691690.453614502,119745.0,910690.4536145019,
2025-12-29,150.5,293.0,0.4161018803876033,-1,19000.0,691690.453614502,119745.0,910690.4536145019,
2025-12-30,151.0,288.5,-0.4647788268592605,0,0.0,720612.873614502,0.0,920612.8736145019,"平倉: 空Spread, 損益=+28,922"
2025-12-31,149.5,286.5,-0.5467519519102717,0,0.0,720612.873614502,0.0,920612.8736145019,
2026-01-02,148.5,286.0,-0.4613451476274906,0,0.0,720612.873614502,0.0,920612.8736145019,
2026-01-05,147.0,283.0,-0.7487709993231298,0,0.0,720612.873614502,0.0,920612.8736145019,
2026-01-06,147.0,283.0,-0.7488040997782219,0,0.0,720612.873614502,0.0,920612.8736145019,
2026-01-07,146.0,287.5,0.23468600455810246,0,0.0,720612.873614502,0.0,920612.8736145019,
2026-01-08,145.0,291.0,1.0042916056886992,0,0.0,720612.873614502,0.0,920612.8736145019,
2026-01-09,146.5,288.0,0.1742677683396156,0,0.0,720612.873614502,0.0,920612.8736145019,
2026-01-12,146.0,293.5,1.2453027579074942,0,0.0,720612.873614502,0.0,920612.8736145019,
2026-01-13,147.0,288.5,0.11922917313207153,0,0.0,720612.873614502,0.0,920612.8736145019,
2026-01-14,157.0,297.0,-0.0865969905988013,0,0.0,720612.873614502,0.0,920612.8736145019,
2026-01-15,151.0,297.0,0.9729637502879988,0,0.0,720612.873614502,0.0,920612.8736145019,
2026-01-16,160.0,304.0,0.6544049998704331,0,0.0,720612.873614502,0.0,920612.8736145019,
2026-01-19,160.5,293.5,-1.3395782505949516,0,0.0,720612.873614502,0.0,920612.8736145019,
2026-01-20,176.5,296.0,-3.2834451788128978,1,0.0,720533.973614502,127575.0,920533.9736145019,"開倉: 多Spread (多6414.TW×1, 空1513.TW×1)"
2026-01-21,177.5,287.0,-4.091126706093005,1,-20000.0,720533.973614502,125415.0,900533.9736145019,
2026-01-22,184.0,290.5,-3.8082080360197903,1,-26000.0,720533.973614502,128115.0,894533.9736145019,
2026-01-23,184.0,291.0,-3.3296860591467783,1,-25000.0,720533.973614502,128250.0,895533.9736145019,
2026-01-26,181.0,288.5,-2.974361419974737,1,-24000.0,720533.973614502,126765.0,896533.9736145019,
2026-01-27,177.0,292.0,-2.1087672043094683,1,-9000.0,720533.973614502,126630.0,911533.9736145019,
2026-01-28,185.5,293.5,-2.555818236081153,1,-23000.0,720533.973614502,129330.0,897533.9736145019,
2026-01-29,178.0,289.5,-2.1588664123773076,1,-16000.0,720533.973614502,126225.0,904533.9736145019,
2026-01-30,168.5,284.0,-1.7780854146253924,1,-8000.0,720533.973614502,122175.0,912533.9736145019,
2026-02-02,163.5,281.0,-1.5666381593814642,1,-4000.0,720533.973614502,120015.0,916533.9736145019,
2026-02-03,169.0,285.0,-1.607689306426153,1,-7000.0,720533.973614502,122580.0,913533.9736145019,
2026-02-04,170.5,288.5,-1.3932853254035795,1,-3000.0,720533.973614502,123930.0,917533.9736145019,
2026-02-05,164.5,282.5,-1.3673828193451576,1,-3000.0,720533.973614502,120690.0,917533.9736145019,
2026-02-06,158.5,280.5,-1.0365517400812019,1,5000.0,720533.973614502,118530.0,925533.9736145019,
2026-02-09,163.0,284.0,-1.0895862307439688,1,3000.0,720533.973614502,120690.0,923533.9736145019,
2026-02-10,163.0,278.0,-1.5039958765330068,1,-9000.0,720533.973614502,119070.0,911533.9736145019,
2026-02-11,163.5,280.0,-1.3407843104272081,1,-6000.0,720533.973614502,119745.0,914533.9736145019,
2026-02-23,168.0,279.5,-1.6390151398263806,1,-16000.0,720533.973614502,120825.0,904533.9736145019,
2026-02-24,168.0,283.5,-1.2925668666319161,1,-8000.0,720533.973614502,121905.0,912533.9736145019,
2026-02-25,170.5,285.0,-1.3109417453936336,1,-10000.0,720533.973614502,122985.0,910533.9736145019,
2026-02-26,175.5,285.0,-1.5971585894882143,1,-20000.0,720533.973614502,124335.0,900533.9736145019,
2026-03-02,171.5,280.5,-1.5845148381366885,1,-21000.0,720533.973614502,122040.0,899533.9736145019,
2026-03-03,165.5,275.0,-1.5044398300060233,1,-20000.0,720533.973614502,118935.0,900533.9736145019,
2026-03-04,155.0,258.5,-1.8552887906426885,1,-32000.0,720533.973614502,111645.0,888533.9736145019,
2026-03-05,160.0,270.0,-1.3533652180054223,1,-19000.0,720533.973614502,116100.0,901533.9736145019,
2026-03-06,160.0,273.0,-1.1153322848952352,1,-13000.0,720533.973614502,116910.0,907533.9736145019,
2026-03-09,151.5,265.0,-1.0680375611570494,1,-12000.0,720533.973614502,112455.0,908533.9736145019,
2026-03-10,151.0,271.5,-0.5826184968052665,1,2000.0,720533.973614502,114075.0,922533.9736145019,
2026-03-11,156.5,276.5,-0.5785494206672942,1,1000.0,720533.973614502,116910.0,921533.9736145019,
2026-03-12,157.5,274.0,-0.783226955033227,1,-6000.0,720533.973614502,116505.0,914533.9736145019,
2026-03-13,158.0,276.0,-0.6566170122079044,1,-3000.0,720533.973614502,117180.0,917533.9736145019,
2026-03-16,158.5,274.5,-0.7631788889666052,1,-7000.0,720533.973614502,116910.0,913533.9736145019,
2026-03-17,162.0,276.0,-0.8609395723393436,1,-11000.0,720533.973614502,118260.0,909533.9736145019,
2026-03-18,162.0,279.0,-0.6342347444893282,1,-5000.0,720533.973614502,119070.0,915533.9736145019,
2026-03-19,159.5,271.5,-0.9478759713084868,1,-15000.0,720533.973614502,116370.0,905533.9736145019,
2026-03-20,157.5,270.0,-0.8888508423932121,1,-14000.0,720533.973614502,115425.0,906533.9736145019,
2026-03-23,154.0,264.0,-1.0345204140136564,1,-19000.0,720533.973614502,112860.0,901533.9736145019,
2026-03-24,156.5,265.0,-1.0936231848560296,1,-22000.0,720533.973614502,113805.0,898533.9736145019,
2026-03-25,158.5,269.0,-0.9217964803564913,1,-18000.0,720533.973614502,115425.0,902533.9736145019,
2026-03-26,153.5,266.0,-0.7724395924531949,1,-14000.0,720533.973614502,113265.0,906533.9736145019,
2026-03-27,152.0,264.0,-0.7860725312943502,1,-15000.0,720533.973614502,112320.0,905533.9736145019,
2026-03-30,149.0,269.0,-0.18319239887363967,1,1000.0,720533.973614502,112860.0,921533.9736145019,
2026-03-31,143.0,271.0,0.43855034610816784,0,0.0,737457.413614502,0.0,937457.4136145018,"平倉: 多Spread, 損益=+16,923"
2026-04-01,145.0,274.5,0.6044916694901258,0,0.0,737457.413614502,0.0,937457.4136145018,
2026-04-02,144.0,272.5,0.5521997846831614,0,0.0,737457.413614502,0.0,937457.4136145018,
2026-04-07,144.5,276.0,0.8311204689510332,0,0.0,737457.413614502,0.0,937457.4136145018,
2026-04-08,148.0,283.5,1.1839749660329797,0,0.0,737457.413614502,0.0,937457.4136145018,
2026-04-09,150.0,278.0,0.5817552921977892,0,0.0,737457.413614502,0.0,937457.4136145018,
2026-04-10,150.5,283.0,0.9802621827811978,0,0.0,737457.413614502,0.0,937457.4136145018,
