Date,Price1,Price2,Indicator,Position,Upper,Lower,Equity,Action
2013-09-30,60.24958419799805,57.28455352783203,0.9138276368962117,0,0.99,0.010000000000000009,1000000.0,
2013-10-01,59.96269607543945,56.861114501953125,0.9963090497227597,-1,0.99,0.010000000000000009,999935.3270475769,Short Spread
2013-10-02,59.38888168334961,56.55866622924805,0.9523394200380685,-1,0.99,0.010000000000000009,999392.5948088074,
2013-10-03,59.38888168334961,56.74013519287109,0.8730501975165208,-1,0.99,0.010000000000000009,999029.6568815613,
2013-10-04,59.675777435302734,56.861114501953125,0.9034141131515626,-1,0.99,0.010000000000000009,999361.4897673035,
2013-10-07,59.96269607543945,56.67965316772461,0.9608389719509767,-1,0.99,0.010000000000000009,1000298.2497160339,
2013-10-08,57.38057327270508,56.37718963623047,0.8385915133049068,-1,0.99,0.010000000000000009,995738.9311735535,
2013-10-09,56.23295593261719,56.31669998168945,0.8314602051681266,-1,0.99,0.010000000000000009,993564.6758024597,
2013-10-11,54.62628936767578,56.13523864746094,0.793191097688356,-1,0.99,0.010000000000000009,990714.2653410339,
2013-10-14,55.60175704956055,56.37718963623047,0.6270846430479813,-1,0.99,0.010000000000000009,992181.2987272644,
2013-10-15,56.23295593261719,56.25621032714844,0.7585283783533366,-1,0.99,0.010000000000000009,993685.6551115417,
2013-10-16,56.69199752807617,56.55866622924805,0.6555531370780368,-1,0.99,0.010000000000000009,993998.8264982605,
2013-10-17,55.42962265014648,56.55866622924805,0.9207206265967753,-1,0.99,0.010000000000000009,991474.0767424011,
2013-10-18,54.741058349609375,56.49817657470703,0.9235301758793392,-1,0.99,0.010000000000000009,990217.9274504089,
2013-10-21,52.21631240844727,55.89326858520508,0.8407248697562872,-1,0.99,0.010000000000000009,986378.2515470886,
2013-10-22,50.66703414916992,54.804443359375,0.2214952004277711,0,0.99,0.010000000000000009,985393.1266210937,Close
2013-10-23,53.76559066772461,55.832786560058594,0.017572386958336378,0,0.99,0.010000000000000009,985393.1266210937,
2013-10-24,53.0770149230957,56.0747299194336,0.3664522352198447,0,0.99,0.010000000000000009,985393.1266210937,
2013-10-25,53.65082550048828,55.832786560058594,0.6101900474496755,0,0.99,0.010000000000000009,985393.1266210937,
2013-10-28,54.22462463378906,56.37718963623047,0.439215789321229,0,0.99,0.010000000000000009,985393.1266210937,
2013-10-29,54.22462463378906,56.37718963623047,0.9794303441177721,0,0.99,0.010000000000000009,985393.1266210937,
2013-10-30,56.806766510009766,57.10307312011719,0.9784787549804745,0,0.99,0.010000000000000009,985393.1266210937,
2013-10-31,57.6674690246582,57.22405624389648,0.9988140838166362,-1,0.99,0.010000000000000009,985328.530960083,Short Spread
2013-11-01,55.60175704956055,56.43768310546875,0.9990411842213138,-1,0.99,0.010000000000000009,982769.8532867432,
2013-11-04,54.85581970214844,55.95375061035156,0.9613431301050042,-1,0.99,0.010000000000000009,982245.8435821533,
2013-11-05,54.511531829833984,56.25621032714844,0.5690389046083262,-1,0.99,0.010000000000000009,980952.3484039307,
2013-11-06,55.946044921875,56.43768310546875,0.865615758913906,-1,0.99,0.010000000000000009,983458.4290313721,
2013-11-07,56.00342559814453,56.25621032714844,0.963386530512816,-1,0.99,0.010000000000000009,983936.1359405518,
2013-11-08,56.175567626953125,56.25621032714844,0.8759335961259975,-1,0.99,0.010000000000000009,984280.419998169,
2013-11-11,55.65914916992188,55.89326858520508,0.8795262196356521,-1,0.99,0.010000000000000009,983973.4665679932,
2013-11-12,55.65914916992188,56.25621032714844,0.4924336970788742,0,0.99,0.010000000000000009,983183.1064697265,Close
2013-11-13,55.08534622192383,55.89326858520508,0.8993494106664708,0,0.99,0.010000000000000009,983183.1064697265,
2013-11-14,55.65914916992188,55.59081268310547,0.5217551661900994,0,0.99,0.010000000000000009,983183.1064697265,
2013-11-15,55.142723083496094,55.59081268310547,0.21916215604596873,0,0.99,0.010000000000000009,983183.1064697265,
2013-11-18,55.142723083496094,55.59081268310547,0.24620730276463348,0,0.99,0.010000000000000009,983183.1064697265,
2013-11-19,55.31487274169922,55.832786560058594,0.2616506457408378,0,0.99,0.010000000000000009,983183.1064697265,
2013-11-20,56.00342559814453,55.53033065795898,0.49260680632625153,0,0.99,0.010000000000000009,983183.1064697265,
2013-11-21,55.37224197387695,55.28836441040039,0.1167756063830161,0,0.99,0.010000000000000009,983183.1064697265,
2013-11-22,55.20009994506836,55.34885025024414,0.04317117265485943,0,0.99,0.010000000000000009,983183.1064697265,
2013-11-25,55.08534622192383,55.34885025024414,0.07476186886755111,0,0.99,0.010000000000000009,983183.1064697265,
2013-11-26,54.62628936767578,56.13523864746094,0.07275543052652786,0,0.99,0.010000000000000009,983183.1064697265,
2013-11-27,55.08534622192383,55.95375061035156,0.9362064079129613,0,0.99,0.010000000000000009,983183.1064697265,
2013-11-28,55.142723083496094,55.95375061035156,0.6579399209300876,0,0.99,0.010000000000000009,983183.1064697265,
2013-11-29,55.60175704956055,56.13523864746094,0.6641138705133467,0,0.99,0.010000000000000009,983183.1064697265,
2013-12-02,55.65914916992188,56.0747299194336,0.9052992574079437,0,0.99,0.010000000000000009,983183.1064697265,
2013-12-03,54.62628936767578,55.832786560058594,0.853675914408879,0,0.99,0.010000000000000009,983183.1064697265,
2013-12-04,55.02796173095703,55.59081268310547,0.5632247963040418,0,0.99,0.010000000000000009,983183.1064697265,
2013-12-05,54.798431396484375,55.53033065795898,0.28938502248546755,0,0.99,0.010000000000000009,983183.1064697265,
2013-12-06,54.511531829833984,55.59081268310547,0.28689136165684803,0,0.99,0.010000000000000009,983183.1064697265,
2013-12-09,54.97057723999024,56.0747299194336,0.4786836689155969,0,0.99,0.010000000000000009,983183.1064697265,
2013-12-10,54.798431396484375,55.95375061035156,0.9410554857642374,0,0.99,0.010000000000000009,983183.1064697265,
2013-12-11,55.20009994506836,56.19571304321289,0.8367857286254128,0,0.99,0.010000000000000009,983183.1064697265,
2013-12-12,54.97057723999024,55.95375061035156,0.9081535637039393,0,0.99,0.010000000000000009,983183.1064697265,
2013-12-13,54.97057723999024,55.832786560058594,0.763036068961403,0,0.99,0.010000000000000009,983183.1064697265,
2013-12-16,53.9377326965332,55.59081268310547,0.5362574386280119,0,0.99,0.010000000000000009,983183.1064697265,
2013-12-17,54.62628936767578,55.65130233764648,0.458005393881413,0,0.99,0.010000000000000009,983183.1064697265,
2013-12-18,54.798431396484375,55.65130233764648,0.35371882130384746,0,0.99,0.010000000000000009,983183.1064697265,
2013-12-19,55.08534622192383,55.832786560058594,0.14274483011178285,0,0.99,0.010000000000000009,983183.1064697265,
2013-12-20,55.65914916992188,56.01424407958984,0.47911000669129566,0,0.99,0.010000000000000009,983183.1064697265,
2013-12-23,55.37224197387695,55.89326858520508,0.5568944220714489,0,0.99,0.010000000000000009,983183.1064697265,
2013-12-24,55.31487274169922,55.89326858520508,0.6820263251754921,0,0.99,0.010000000000000009,983183.1064697265,
2013-12-25,55.60175704956055,56.01424407958984,0.6752298767543201,0,0.99,0.010000000000000009,983183.1064697265,
2013-12-26,55.65914916992188,56.25621032714844,0.5706968438722368,0,0.99,0.010000000000000009,983183.1064697265,
2013-12-27,56.00342559814453,56.49817657470703,0.5264556238225349,0,0.99,0.010000000000000009,983183.1064697265,
2013-12-30,56.405086517333984,56.37718963623047,0.6268058692294838,0,0.99,0.010000000000000009,983183.1064697265,
2013-12-31,55.25748825073242,56.31669998168945,0.3479075441976887,0,0.99,0.010000000000000009,983183.1064697265,
2014-01-02,55.65914916992188,56.13523864746094,0.7558236594525274,0,0.99,0.010000000000000009,983183.1064697265,
2014-01-03,55.42962265014648,56.13523864746094,0.5400751919157432,0,0.99,0.010000000000000009,983183.1064697265,
2014-01-06,54.913204193115234,55.832786560058594,0.6011887359299118,0,0.99,0.010000000000000009,983183.1064697265,
2014-01-07,54.56891632080078,55.7117919921875,0.6080308114958171,0,0.99,0.010000000000000009,983183.1064697265,
2014-01-08,54.45415878295898,55.7117919921875,0.43886299708347365,0,0.99,0.010000000000000009,983183.1064697265,
2014-01-09,54.052494049072266,55.7117919921875,0.46140496394939656,0,0.99,0.010000000000000009,983183.1064697265,
2014-01-10,53.9377326965332,55.59081268310547,0.5756461809498381,0,0.99,0.010000000000000009,983183.1064697265,
2014-01-13,54.45415878295898,55.65130233764648,0.34757521713001494,0,0.99,0.010000000000000009,983183.1064697265,
2014-01-14,53.9377326965332,55.65130233764648,0.35100618955633545,0,0.99,0.010000000000000009,983183.1064697265,
2014-01-15,53.65082550048828,55.65130233764648,0.4913005904162406,0,0.99,0.010000000000000009,983183.1064697265,
2014-01-16,53.9377326965332,55.65130233764648,0.5305457226100934,0,0.99,0.010000000000000009,983183.1064697265,
2014-01-17,54.16725158691406,55.65130233764648,0.48456999919755367,0,0.99,0.010000000000000009,983183.1064697265,
2014-01-20,53.36392211914063,55.53033065795898,0.43754009617225426,0,0.99,0.010000000000000009,983183.1064697265,
2014-01-21,53.0770149230957,55.59081268310547,0.3915831158568972,0,0.99,0.010000000000000009,983183.1064697265,
2014-01-22,52.50321960449219,55.59081268310547,0.5596056765086879,0,0.99,0.010000000000000009,983183.1064697265,
2014-01-23,52.273685455322266,55.53033065795898,0.72101702368183,0,0.99,0.010000000000000009,983183.1064697265,
2014-01-24,51.64250946044922,55.46982955932617,0.7374572550023558,0,0.99,0.010000000000000009,983183.1064697265,
2014-01-27,50.95394515991211,55.59081268310547,0.844941369602073,0,0.99,0.010000000000000009,983183.1064697265,
2014-02-05,48.773475646972656,54.62297058105469,0.9939292936714998,-1,0.99,0.010000000000000009,983118.9706118774,Short Spread
2014-02-06,48.94562149047852,54.62297058105469,0.31884683470593944,0,0.99,0.010000000000000009,983399.1195552063,Close
2014-02-07,49.92109298706055,54.6834602355957,0.34249284969933325,0,0.99,0.010000000000000009,983399.1195552063,
2014-02-10,50.66703414916992,54.62297058105469,0.49771094962229484,0,0.99,0.010000000000000009,983399.1195552063,
2014-02-11,49.80632781982422,54.50198745727539,0.3787639308251497,0,0.99,0.010000000000000009,983399.1195552063,
2014-02-12,50.4375114440918,54.86492919921875,0.14584008620236322,0,0.99,0.010000000000000009,983399.1195552063,
2014-02-13,49.92109298706055,54.86492919921875,0.6621761504856258,0,0.99,0.010000000000000009,983399.1195552063,
2014-02-14,50.78180313110352,55.16738510131836,0.7485451387097448,0,0.99,0.010000000000000009,983399.1195552063,
2014-02-17,51.011322021484375,55.16738510131836,0.8157394101947769,0,0.99,0.010000000000000009,983399.1195552063,
2014-02-18,51.12607955932617,55.22786331176758,0.7850814332644249,0,0.99,0.010000000000000009,983399.1195552063,
2014-02-19,52.04417037963867,55.53033065795898,0.7301974899918718,0,0.99,0.010000000000000009,983399.1195552063,
2014-02-20,52.21631240844727,55.22786331176758,0.9602562430197858,0,0.99,0.010000000000000009,983399.1195552063,
2014-02-21,53.01963806152344,55.46982955932617,0.34519874925599814,0,0.99,0.010000000000000009,983399.1195552063,
2014-02-24,52.61797332763672,55.53033065795898,0.7632447405771295,0,0.99,0.010000000000000009,983399.1195552063,
2014-02-25,51.64250946044922,55.28836441040039,0.8865753836029541,0,0.99,0.010000000000000009,983399.1195552063,
2014-02-26,51.69988250732422,55.28836441040039,0.6168049819616543,0,0.99,0.010000000000000009,983399.1195552063,
2014-02-27,52.273685455322266,55.65130233764648,0.6022631393761428,0,0.99,0.010000000000000009,983399.1195552063,
2014-03-03,51.3556022644043,55.46982955932617,0.9887566734900124,0,0.99,0.010000000000000009,983399.1195552063,
2014-03-04,51.12607955932617,55.22786331176758,0.99549655642795,-1,0.99,0.010000000000000009,983334.8653974914,Short Spread
2014-03-05,51.29822540283203,55.59081268310547,0.6078633338234627,-1,0.99,0.010000000000000009,982953.2583418273,
2014-03-06,51.47036361694336,55.832786560058594,0.9978392330897824,-1,0.99,0.010000000000000009,982813.5870161437,
2014-03-07,51.69988250732422,55.89326858520508,0.9992235258764632,-1,0.99,0.010000000000000009,983151.6607466125,
2014-03-10,51.872032165527344,55.89326858520508,0.9986861048212602,-1,0.99,0.010000000000000009,983495.9600630187,
2014-03-11,52.21631240844727,56.25621032714844,0.9955660257858959,-1,0.99,0.010000000000000009,983458.6370649718,
2014-03-12,52.1015510559082,56.25621032714844,0.9999862966108375,-1,0.99,0.010000000000000009,983229.1143598937,
2014-03-13,52.21631240844727,56.37718963623047,0.9970481123979413,-1,0.99,0.010000000000000009,983216.6784468078,
2014-03-14,52.1015510559082,55.77228164672852,0.9999641540532443,-1,0.99,0.010000000000000009,984196.9717207336,
2014-03-17,52.50321960449219,55.95375061035156,0.7921109752242641,-1,0.99,0.010000000000000009,984637.3708906554,
2014-03-18,53.47867965698242,56.25621032714844,0.8574364767487477,-1,0.99,0.010000000000000009,985983.3715620422,
2014-03-19,53.9377326965332,56.43768310546875,0.6478063823521668,-1,0.99,0.010000000000000009,986538.5320845031,
2014-03-20,53.47867965698242,56.19571304321289,0.9888047728324477,-1,0.99,0.010000000000000009,986104.3661299133,
2014-03-21,52.61797332763672,56.25621032714844,0.5580830442802917,-1,0.99,0.010000000000000009,984261.9589033508,
2014-03-24,53.24916076660156,56.19571304321289,0.9062937595896094,-1,0.99,0.010000000000000009,985645.3283491515,
2014-03-25,53.30654525756836,56.67965316772461,0.6079599555048706,-1,0.99,0.010000000000000009,984792.2170820617,
2014-03-26,53.191776275634766,56.13523864746094,0.9997553005131038,-1,0.99,0.010000000000000009,985651.5081587218,
2014-03-27,54.282005310058594,56.43768310546875,0.4963156228401906,0,0.99,0.010000000000000009,987162.6485240173,Close
2014-03-28,54.511531829833984,56.49817657470703,0.04884032805712095,0,0.99,0.010000000000000009,987162.6485240173,
2014-03-31,54.741058349609375,56.67965316772461,0.07385089495104742,0,0.99,0.010000000000000009,987162.6485240173,
2014-04-01,54.741058349609375,56.67965316772461,0.15374715576554188,0,0.99,0.010000000000000009,987162.6485240173,
2014-04-02,54.10987091064453,56.67965316772461,0.04567053304031448,0,0.99,0.010000000000000009,987162.6485240173,
2014-04-03,54.10987091064453,56.49817657470703,0.7540907143634852,0,0.99,0.010000000000000009,987162.6485240173,
2014-04-07,54.10987091064453,56.55866622924805,0.4725786321450888,0,0.99,0.010000000000000009,987162.6485240173,
2014-04-08,54.45415878295898,56.37718963623047,0.6478747609343828,0,0.99,0.010000000000000009,987162.6485240173,
2014-04-09,54.741058349609375,56.49817657470703,0.07994593116791815,0,0.99,0.010000000000000009,987162.6485240173,
2014-04-10,55.08534622192383,56.67965316772461,0.00016899195502219577,1,0.99,0.010000000000000009,987098.1779240418,Long Spread
2014-04-11,55.65914916992188,56.67965316772461,0.001832261579319386,1,0.99,0.010000000000000009,985950.5720280457,
2014-04-14,55.31487274169922,56.67965316772461,0.0004382749928466865,1,0.99,0.010000000000000009,986639.124884491,
2014-04-15,55.946044921875,56.861114501953125,0.05477054297852118,1,0.99,0.010000000000000009,985739.7031925964,
2014-04-16,55.888668060302734,56.861114501953125,0.7405557107527458,0,0.99,0.010000000000000009,985789.9469244385,Close
2014-04-17,55.77390670776367,57.0425910949707,0.6659743715432104,0,0.99,0.010000000000000009,985789.9469244385,
2014-04-18,55.888668060302734,57.16355895996094,0.9999171984161185,-1,0.99,0.010000000000000009,985725.4248353577,Short Spread
2014-04-21,55.42962265014648,57.10307312011719,0.9999484398568207,-1,0.99,0.010000000000000009,984928.3056947327,
2014-04-22,55.08534622192383,57.10307312011719,0.9963012459557448,-1,0.99,0.010000000000000009,984239.7528382874,
2014-04-23,55.08534622192383,57.16355895996094,0.9625286334328059,-1,0.99,0.010000000000000009,984118.7811585999,
2014-04-24,55.08534622192383,57.16355895996094,0.9997917183919316,-1,0.99,0.010000000000000009,984118.7811585999,
2014-04-25,54.62628936767578,56.67965316772461,0.9665237357431272,-1,0.99,0.010000000000000009,984168.4790345764,
2014-04-28,55.487003326416016,56.861114501953125,0.21770787430630356,0,0.99,0.010000000000000009,985462.4903588868,Close
2014-04-29,55.77390670776367,56.92159652709961,0.08028932151596946,0,0.99,0.010000000000000009,985462.4903588868,
2014-04-30,55.888668060302734,56.98209381103516,0.02653551479238061,0,0.99,0.010000000000000009,985462.4903588868,
2014-05-02,55.71652603149414,57.10307312011719,0.05674005782409636,0,0.99,0.010000000000000009,985462.4903588868,
2014-05-05,55.37224197387695,56.861114501953125,0.656310442357574,0,0.99,0.010000000000000009,985462.4903588868,
2014-05-06,55.08534622192383,56.861114501953125,0.10672983758100951,0,0.99,0.010000000000000009,985462.4903588868,
2014-05-07,54.62628936767578,56.861114501953125,0.2920424560922835,0,0.99,0.010000000000000009,985462.4903588868,
2014-05-08,55.83128356933594,56.92159652709961,0.41872153117434296,0,0.99,0.010000000000000009,985462.4903588868,
2014-05-09,55.37224197387695,57.34503936767578,0.02482444198954068,0,0.99,0.010000000000000009,985462.4903588868,
2014-05-12,54.68367767333984,56.861114501953125,0.9911749917310883,-1,0.99,0.010000000000000009,985398.0285671997,Short Spread
2014-05-13,54.85581970214844,57.10307312011719,0.22805807143753815,0,0.99,0.010000000000000009,985193.9170327759,Close
2014-05-14,54.913204193115234,57.34503936767578,0.6528675433869415,0,0.99,0.010000000000000009,985193.9170327759,
2014-05-15,55.65914916992188,57.22405624389648,0.9564895532381668,0,0.99,0.010000000000000009,985193.9170327759,
2014-05-16,55.65914916992188,57.40553665161133,0.5290322568905371,0,0.99,0.010000000000000009,985193.9170327759,
2014-05-19,55.71652603149414,57.46601104736328,0.8641932772933911,0,0.99,0.010000000000000009,985193.9170327759,
2014-05-20,56.175567626953125,57.52650833129883,0.9474102484291674,0,0.99,0.010000000000000009,985193.9170327759,
2014-05-21,56.74936294555664,57.70798873901367,0.8181703248976759,0,0.99,0.010000000000000009,985193.9170327759,
2014-05-22,57.38057327270508,58.0709342956543,0.8158235817647272,0,0.99,0.010000000000000009,985193.9170327759,
2014-05-23,57.32317352294922,58.373382568359375,0.9989446727070039,-1,0.99,0.010000000000000009,985129.2891705323,Short Spread
2014-05-26,56.69199752807617,58.55485534667969,0.9999554551363499,-1,0.99,0.010000000000000009,983503.9916241455,
2014-05-27,56.92151641845703,58.19190979003906,0.99999851156052,-1,0.99,0.010000000000000009,984688.9205181885,
2014-05-28,56.86414337158203,58.494361877441406,0.9712939733158485,-1,0.99,0.010000000000000009,983969.2702496338,
2014-05-29,56.69199752807617,58.373382568359375,0.9893486473716375,-1,0.99,0.010000000000000009,983866.9371807862,
2014-05-30,56.74936294555664,58.0709342956543,0.9888947979585658,-1,0.99,0.010000000000000009,984586.5645611573,
2014-06-03,56.9788932800293,58.373382568359375,0.8692845208194784,-1,0.99,0.010000000000000009,984440.7286846924,
2014-06-04,56.806766510009766,57.76847839355469,0.9374700310257232,-1,0.99,0.010000000000000009,985306.2834942627,
2014-06-05,56.23295593261719,57.46601104736328,0.3448230085022034,0,0.99,0.010000000000000009,984699.0490731812,Close
2014-06-06,56.175567626953125,57.70798873901367,0.06967888771589907,0,0.99,0.010000000000000009,984699.0490731812,
2014-06-09,56.405086517333984,58.0709342956543,0.35834342588814927,0,0.99,0.010000000000000009,984699.0490731812,
2014-06-10,56.806766510009766,58.433876037597656,0.8668291382017514,0,0.99,0.010000000000000009,984699.0490731812,
2014-06-11,56.74936294555664,58.373382568359375,0.9713389607571526,0,0.99,0.010000000000000009,984699.0490731812,
2014-06-12,56.69199752807617,58.13142395019531,0.9563523631898055,0,0.99,0.010000000000000009,984699.0490731812,
2014-06-13,56.63461685180664,58.19190979003906,0.7256141536619687,0,0.99,0.010000000000000009,984699.0490731812,
2014-06-16,56.74936294555664,58.31289291381836,0.8090885482030094,0,0.99,0.010000000000000009,984699.0490731812,
2014-06-17,56.74936294555664,58.19190979003906,0.8691812014489386,0,0.99,0.010000000000000009,984699.0490731812,
2014-06-18,57.15103530883789,58.373382568359375,0.6169885439173033,0,0.99,0.010000000000000009,984699.0490731812,
2014-06-19,57.6674690246582,58.615333557128906,0.7974891043531955,0,0.99,0.010000000000000009,984699.0490731812,
2014-06-20,57.32317352294922,58.31289291381836,0.8722764459701724,0,0.99,0.010000000000000009,984699.0490731812,
2014-06-23,57.26579284667969,58.31289291381836,0.5242766505632774,0,0.99,0.010000000000000009,984699.0490731812,
2014-06-24,57.38057327270508,58.31289291381836,0.4661724656234699,0,0.99,0.010000000000000009,984699.0490731812,
2014-06-25,57.03628158569336,58.13142395019531,0.3773231725098544,0,0.99,0.010000000000000009,984699.0490731812,
2014-06-26,56.86414337158203,58.0709342956543,0.19259844377041463,0,0.99,0.010000000000000009,984699.0490731812,
2014-06-27,56.68168258666992,58.373382568359375,0.2251494197843324,0,0.99,0.010000000000000009,984699.0490731812,
2014-06-30,56.19514846801758,58.19190979003906,0.7134483736735603,0,0.99,0.010000000000000009,984699.0490731812,
2014-07-01,55.83024215698242,58.13142395019531,0.34019473790207844,0,0.99,0.010000000000000009,984699.0490731812,
2014-07-02,56.19514846801758,58.0709342956543,0.25395919503925657,0,0.99,0.010000000000000009,984699.0490731812,
2014-07-03,55.526153564453125,57.94994735717773,0.15552772295335038,0,0.99,0.010000000000000009,984699.0490731812,
2014-07-04,54.73553466796875,57.8289680480957,0.13692247437927502,0,0.99,0.010000000000000009,984699.0490731812,
2014-07-07,55.34370803833008,57.8289680480957,0.15964669131269504,0,0.99,0.010000000000000009,984699.0490731812,
2014-07-08,55.28288650512695,58.13142395019531,0.11487714080317751,0,0.99,0.010000000000000009,984699.0490731812,
2014-07-09,55.46534729003906,58.13142395019531,0.386330311372599,0,0.99,0.010000000000000009,984699.0490731812,
2014-07-10,55.22207260131836,58.0709342956543,0.27603313106441674,0,0.99,0.010000000000000009,984699.0490731812,
2014-07-11,55.28288650512695,57.94994735717773,0.42536248527347786,0,0.99,0.010000000000000009,984699.0490731812,
2014-07-14,54.9179916381836,57.94994735717773,0.22310983824909703,0,0.99,0.010000000000000009,984699.0490731812,
2014-07-15,54.73553466796875,58.01043701171875,0.26473243177963074,0,0.99,0.010000000000000009,984699.0490731812,
2014-07-16,54.9179916381836,57.8289680480957,0.5520166022171751,0,0.99,0.010000000000000009,984699.0490731812,
2014-07-17,55.100433349609375,58.41636657714844,0.060054968000515505,0,0.99,0.010000000000000009,984699.0490731812,
2014-07-18,55.83024215698242,58.41636657714844,0.7913621339792278,0,0.99,0.010000000000000009,984699.0490731812,
2014-07-21,55.95187377929688,58.162376403808594,0.5331912305296554,0,0.99,0.010000000000000009,984699.0490731812,
2014-07-22,56.073516845703125,58.35286712646485,0.1546171834175662,0,0.99,0.010000000000000009,984699.0490731812,
2014-07-23,56.073516845703125,58.35286712646485,0.34290523487491986,0,0.99,0.010000000000000009,984699.0490731812,
2014-07-24,56.073516845703125,58.41636657714844,0.30706077221558314,0,0.99,0.010000000000000009,984699.0490731812,
2014-07-25,55.95187377929688,58.162376403808594,0.45634682178160013,0,0.99,0.010000000000000009,984699.0490731812,
2014-07-28,55.95187377929688,57.97188568115234,0.10579544739764113,0,0.99,0.010000000000000009,984699.0490731812,
2014-07-29,56.31678009033203,58.162376403808594,0.0021791975934674257,1,0.99,0.010000000000000009,984634.4699069215,Long Spread
2014-07-30,56.31678009033203,58.162376403808594,0.009754666761590187,1,0.99,0.010000000000000009,984634.4699069215,
2014-07-31,55.95187377929688,58.09889221191406,0.005131150882505263,1,0.99,0.010000000000000009,985237.3141452027,
2014-08-01,56.073516845703125,58.41636657714844,0.022489889289154533,1,0.99,0.010000000000000009,985628.976742859,
2014-08-04,56.25596237182617,58.09889221191406,0.32720293918124144,1,0.99,0.010000000000000009,984629.1369601442,
2014-08-05,55.404518127441406,57.84489822387695,0.0008112324960483535,1,0.99,0.010000000000000009,985824.0374728395,
2014-08-06,55.46534729003906,57.84489822387695,0.005490136156659653,1,0.99,0.010000000000000009,985702.3791476442,
2014-08-07,56.560054779052734,58.28938293457031,0.002558629767058819,1,0.99,0.010000000000000009,984401.9335910035,
2014-08-08,56.68168258666992,58.09889221191406,0.026973036374979956,1,0.99,0.010000000000000009,983777.6965304567,
2014-08-11,57.1074104309082,58.28938293457031,0.0004500595403788081,1,0.99,0.010000000000000009,983307.2222872926,
2014-08-12,56.74250411987305,58.28938293457031,0.01063800954835648,1,0.99,0.010000000000000009,984037.0349093629,
2014-08-13,56.8641357421875,58.54335403442383,0.014159782810171818,1,0.99,0.010000000000000009,984301.713864441,
2014-08-14,57.16822814941406,58.41636657714844,0.24169145270695142,1,0.99,0.010000000000000009,983439.5541354371,
2014-08-15,57.47230529785156,58.41636657714844,0.1118044240659114,1,0.99,0.010000000000000009,982831.3998385621,
2014-08-18,57.47230529785156,58.35286712646485,0.06968947179021036,1,0.99,0.010000000000000009,982704.4009371949,
2014-08-19,57.71558380126953,59.05132675170898,0.031123618678694835,1,0.99,0.010000000000000009,983614.7631808473,
2014-08-20,57.77639389038086,59.241817474365234,0.47580955686546117,1,0.99,0.010000000000000009,983874.1244479371,
2014-08-21,57.9588508605957,59.17830657958984,0.7286797112868485,0,0.99,0.010000000000000009,983317.5032316591,Close
2014-08-22,58.3237533569336,59.43230438232422,0.37553360984727424,0,0.99,0.010000000000000009,983317.5032316591,
2014-08-25,58.08047866821289,59.36880493164063,0.6530154757103264,0,0.99,0.010000000000000009,983317.5032316591,
2014-08-26,58.26293182373047,59.36880493164063,0.6493932893042985,0,0.99,0.010000000000000009,983317.5032316591,
2014-08-27,58.8102912902832,59.36880493164063,0.5918767808523342,0,0.99,0.010000000000000009,983317.5032316591,
2014-08-28,58.93191909790039,59.49580001831055,0.031035837433847777,0,0.99,0.010000000000000009,983317.5032316591,
2014-08-29,57.9588508605957,58.98783493041992,0.08240759155063399,0,0.99,0.010000000000000009,983317.5032316591,
2014-09-01,56.13433074951172,58.54335403442383,0.34064889556496014,0,0.99,0.010000000000000009,983317.5032316591,
2014-09-02,55.100433349609375,58.35286712646485,0.36319402337931883,0,0.99,0.010000000000000009,983317.5032316591,
2014-09-03,55.404518127441406,58.98783493041992,0.5898519678071978,0,0.99,0.010000000000000009,983317.5032316591,
2014-09-04,55.708614349365234,58.73384475708008,0.9791124705772025,0,0.99,0.010000000000000009,983317.5032316591,
2014-09-05,55.46534729003906,58.41636657714844,0.7734591218857625,0,0.99,0.010000000000000009,983317.5032316591,
2014-09-09,55.34370803833008,58.60686111450195,0.2781749178436146,0,0.99,0.010000000000000009,983317.5032316591,
2014-09-10,55.34370803833008,58.35286712646485,0.803019516402749,0,0.99,0.010000000000000009,983317.5032316591,
2014-09-11,54.97880554199219,58.28938293457031,0.11007012890468426,0,0.99,0.010000000000000009,983317.5032316591,
2014-09-12,55.34370803833008,58.47985458374024,0.34062157096524487,0,0.99,0.010000000000000009,983317.5032316591,
2014-09-15,55.100433349609375,58.162376403808594,0.3970759042188696,0,0.99,0.010000000000000009,983317.5032316591,
2014-09-16,54.73553466796875,58.03538131713867,0.1771590180836366,0,0.99,0.010000000000000009,983317.5032316591,
2014-09-17,55.100433349609375,58.22587585449219,0.20495356401434411,0,0.99,0.010000000000000009,983317.5032316591,
2014-09-18,55.03961944580078,58.41636657714844,0.1798156351071546,0,0.99,0.010000000000000009,983317.5032316591,
2014-09-19,55.22207260131836,58.41636657714844,0.45009301626053283,0,0.99,0.010000000000000009,983317.5032316591,
2014-09-22,54.49227142333984,58.162376403808594,0.2385799008989768,0,0.99,0.010000000000000009,983317.5032316591,
2014-09-23,54.24900436401367,58.22587585449219,0.5493884276866943,0,0.99,0.010000000000000009,983317.5032316591,
2014-09-24,55.34370803833008,58.28938293457031,0.6874421014976431,0,0.99,0.010000000000000009,983317.5032316591,
2014-09-25,54.49227142333984,58.09889221191406,0.07459138068163153,0,0.99,0.010000000000000009,983317.5032316591,
2014-09-26,55.95187377929688,58.09889221191406,0.18571682931964972,0,0.99,0.010000000000000009,983317.5032316591,
2014-09-29,55.647796630859375,57.78141784667969,0.0010767388014992399,1,0.99,0.010000000000000009,983252.96606308,Long Spread
2014-09-30,56.13433074951172,58.22587585449219,0.000997300919267399,1,0.99,0.010000000000000009,983168.8138414003,
2014-10-01,55.95187377929688,58.22587585449219,0.025164670358034547,1,0.99,0.010000000000000009,983533.72778183,
2014-10-02,56.13433074951172,58.09889221191406,0.05010153591559596,1,0.99,0.010000000000000009,982914.8465562441,
2014-10-03,56.68168258666992,58.28938293457031,0.0027867257848960833,1,0.99,0.010000000000000009,982201.1243272402,
2014-10-06,55.95187377929688,57.84489822387695,0.037778803628060055,1,0.99,0.010000000000000009,982771.7725205995,
2014-10-07,56.62086486816406,57.84489822387695,0.006561005018538861,1,0.99,0.010000000000000009,981433.7903428652,
2014-10-08,56.49923706054688,58.09889221191406,0.002343839252527166,1,0.99,0.010000000000000009,982185.0339341738,
2014-10-09,56.92495346069336,58.03538131713867,0.011181988463359903,1,0.99,0.010000000000000009,981206.57934433,
2014-10-13,57.41149139404297,57.84489822387695,0.004400355257859207,1,0.99,0.010000000000000009,979852.5372911074,
2014-10-14,57.89802551269531,58.03538131713867,0.004351951023966773,1,0.99,0.010000000000000009,979260.4352403261,
2014-10-15,58.26293182373047,58.09889221191406,0.006218595712700123,1,0.99,0.010000000000000009,978657.6444078066,
2014-10-16,58.384578704833984,58.09889221191406,0.019761457907694045,1,0.99,0.010000000000000009,978414.3506455995,
2014-10-17,58.99274826049805,57.33694839477539,0.024227348883551915,1,0.99,0.010000000000000009,975674.1238999941,
2014-10-20,58.87110900878906,57.84489822387695,0.0001681158118141587,1,0.99,0.010000000000000009,976933.3020616152,
2014-10-21,58.384578704833984,58.22587585449219,0.02225900047212798,1,0.99,0.010000000000000009,978668.3179307558,
2014-10-22,58.01966857910156,58.162376403808594,0.2511949880023615,1,0.99,0.010000000000000009,979271.1392808534,
2014-10-23,58.20212173461914,58.03538131713867,0.23432724069048977,1,0.99,0.010000000000000009,978652.2427964784,
2014-10-24,58.50620269775391,58.22587585449219,0.09638814375861487,1,0.99,0.010000000000000009,978425.069944916,
2014-10-27,58.14130401611328,58.162376403808594,0.3022248121376344,1,0.99,0.010000000000000009,979027.86840683,
2014-10-28,58.01966857910156,58.41636657714844,0.2893224506031531,1,0.99,0.010000000000000009,979779.1196275331,
2014-10-29,58.68865585327149,58.67034912109375,0.6048452264487293,0,0.99,0.010000000000000009,978884.4158068849,Close
2014-10-30,60.02663803100586,58.86083984375,0.6830261487945514,0,0.99,0.010000000000000009,978884.4158068849,
2014-10-31,60.02663803100586,58.86083984375,0.5304936582912225,0,0.99,0.010000000000000009,978884.4158068849,
2014-11-03,59.78336334228516,58.73384475708008,0.6110699618350858,0,0.99,0.010000000000000009,978884.4158068849,
2014-11-04,59.84418487548828,58.73384475708008,0.5704134103935365,0,0.99,0.010000000000000009,978884.4158068849,
2014-11-05,59.54009628295898,58.67034912109375,0.5444238870454867,0,0.99,0.010000000000000009,978884.4158068849,
2014-11-06,60.02663803100586,58.73384475708008,0.5389648447639411,0,0.99,0.010000000000000009,978884.4158068849,
2014-11-07,59.114376068115234,58.54335403442383,0.4967150520094882,0,0.99,0.010000000000000009,978884.4158068849,
2014-11-10,59.72254943847656,58.86083984375,0.5043578443492203,0,0.99,0.010000000000000009,978884.4158068849,
2014-11-11,59.60091781616211,58.9243392944336,0.6731828699249285,0,0.99,0.010000000000000009,978884.4158068849,
2014-11-12,59.053558349609375,58.67034912109375,0.7225536443275764,0,0.99,0.010000000000000009,978884.4158068849,
2014-11-13,59.84418487548828,58.73384475708008,0.5945888942761629,0,0.99,0.010000000000000009,978884.4158068849,
2014-11-14,59.60091781616211,58.98783493041992,0.5256330433144961,0,0.99,0.010000000000000009,978884.4158068849,
2014-11-17,59.053558349609375,58.79734420776367,0.8148820531822806,0,0.99,0.010000000000000009,978884.4158068849,
2014-11-18,59.47927474975586,58.86083984375,0.7845416521179863,0,0.99,0.010000000000000009,978884.4158068849,
2014-11-19,59.90499877929688,59.17830657958984,0.7781068830848463,0,0.99,0.010000000000000009,978884.4158068849,
2014-11-20,59.60091781616211,59.43230438232422,0.9095916586924364,0,0.99,0.010000000000000009,978884.4158068849,
2014-11-21,59.60091781616211,59.36880493164063,0.9559401748678974,0,0.99,0.010000000000000009,978884.4158068849,
2014-11-24,59.6617317199707,59.17830657958984,0.9559447423647288,0,0.99,0.010000000000000009,978884.4158068849,
2014-11-25,59.29682540893555,58.67034912109375,0.9519858380610956,0,0.99,0.010000000000000009,978884.4158068849,
2014-11-26,59.17518997192383,58.79734420776367,0.6730154108031993,0,0.99,0.010000000000000009,978884.4158068849,
2014-11-27,59.60091781616211,58.79734420776367,0.8170791940291579,0,0.99,0.010000000000000009,978884.4158068849,
2014-11-28,59.84418487548828,59.05132675170898,0.7501477897312729,0,0.99,0.010000000000000009,978884.4158068849,
2014-12-01,59.72254943847656,58.67034912109375,0.9100798713159913,0,0.99,0.010000000000000009,978884.4158068849,
2014-12-02,59.60091781616211,58.54335403442383,0.574032498404906,0,0.99,0.010000000000000009,978884.4158068849,
2014-12-03,60.8172721862793,58.86083984375,0.5871158260463536,0,0.99,0.010000000000000009,978884.4158068849,
2014-12-04,61.12135314941406,58.9243392944336,0.5241330134115321,0,0.99,0.010000000000000009,978884.4158068849,
2014-12-05,60.20909881591797,58.9243392944336,0.5852926710149895,0,0.99,0.010000000000000009,978884.4158068849,
2014-12-08,60.39153289794922,59.05132675170898,0.8220908684812376,0,0.99,0.010000000000000009,978884.4158068849,
2014-12-09,60.8172721862793,58.86083984375,0.887003589307848,0,0.99,0.010000000000000009,978884.4158068849,
2014-12-10,60.20909881591797,58.47985458374024,0.5125617803191589,0,0.99,0.010000000000000009,978884.4158068849,
2014-12-11,59.90499877929688,58.28938293457031,0.43074297333113026,0,0.99,0.010000000000000009,978884.4158068849,
2014-12-12,59.78336334228516,58.35286712646485,0.37373810153645703,0,0.99,0.010000000000000009,978884.4158068849,
2014-12-15,59.29682540893555,58.162376403808594,0.5279779744786324,0,0.99,0.010000000000000009,978884.4158068849,
2014-12-16,60.5131721496582,58.41636657714844,0.23859911904616476,0,0.99,0.010000000000000009,978884.4158068849,
2014-12-17,59.41845703125,58.28938293457031,0.4709841517090831,0,0.99,0.010000000000000009,978884.4158068849,
2014-12-18,60.26991271972656,58.41636657714844,0.4936399351177294,0,0.99,0.010000000000000009,978884.4158068849,
2014-12-19,61.42543029785156,58.73384475708008,0.6094060994894823,0,0.99,0.010000000000000009,978884.4158068849,
2014-12-22,60.75643157958984,58.79734420776367,0.32306818182787567,0,0.99,0.010000000000000009,978884.4158068849,
2014-12-23,61.12135314941406,58.41636657714844,0.727921354242987,0,0.99,0.010000000000000009,978884.4158068849,
2014-12-24,61.12135314941406,59.05132675170898,0.3214635025699974,0,0.99,0.010000000000000009,978884.4158068849,
2014-12-25,61.42543029785156,58.98783493041992,0.9286250837828361,0,0.99,0.010000000000000009,978884.4158068849,
2014-12-26,61.42543029785156,59.05132675170898,0.7742378948217331,0,0.99,0.010000000000000009,978884.4158068849,
2014-12-29,61.42543029785156,59.17830657958984,0.8874809657996416,0,0.99,0.010000000000000009,978884.4158068849,
2014-12-30,62.64176940917969,59.17830657958984,0.957221197379236,0,0.99,0.010000000000000009,978884.4158068849,
2014-12-31,63.554046630859375,59.6862907409668,0.6314436248716832,0,0.99,0.010000000000000009,978884.4158068849,
2015-01-05,63.24994659423828,59.05132675170898,0.9478038086853183,0,0.99,0.010000000000000009,978884.4158068849,
2015-01-06,61.7295150756836,58.73384475708008,0.17435201129291344,0,0.99,0.010000000000000009,978884.4158068849,
2015-01-07,61.12135314941406,58.73384475708008,0.4375803383581717,0,0.99,0.010000000000000009,978884.4158068849,
2015-01-08,63.554046630859375,58.9243392944336,0.6760864062410651,0,0.99,0.010000000000000009,978884.4158068849,
2015-01-09,64.16222381591797,59.05132675170898,0.08369456212618542,0,0.99,0.010000000000000009,978884.4158068849,
2015-01-12,65.68263244628906,59.49580001831055,0.08288740040052273,0,0.99,0.010000000000000009,978884.4158068849,
2015-01-13,67.20306396484375,59.74977493286133,0.5799791135540635,0,0.99,0.010000000000000009,978884.4158068849,
2015-01-14,65.68263244628906,59.62279510498047,0.5087160955290434,0,0.99,0.010000000000000009,978884.4158068849,
2015-01-15,64.16222381591797,59.36880493164063,0.6662084515496141,0,0.99,0.010000000000000009,978884.4158068849,
2015-01-16,65.68263244628906,59.559303283691406,0.4761600356034922,0,0.99,0.010000000000000009,978884.4158068849,
2015-01-19,65.68263244628906,59.62279510498047,0.5261662146072883,0,0.99,0.010000000000000009,978884.4158068849,
2015-01-20,64.46629333496094,59.94026565551758,0.6530383608326787,0,0.99,0.010000000000000009,978884.4158068849,
2015-01-21,65.68263244628906,60.321250915527344,0.9726030455166457,0,0.99,0.010000000000000009,978884.4158068849,
2015-01-22,65.68263244628906,60.5117416381836,0.9982550615748944,-1,0.99,0.010000000000000009,978819.3680319214,Short Spread
2015-01-23,65.68263244628906,60.63872909545898,0.9987674983714605,-1,0.99,0.010000000000000009,978565.3931173707,
2015-01-26,65.68263244628906,60.5117416381836,0.9991153824542565,-1,0.99,0.010000000000000009,978819.3680319214,
2015-01-27,65.68263244628906,60.63872909545898,0.9302596416222125,-1,0.99,0.010000000000000009,978565.3931173707,
2015-01-28,65.98673248291016,60.63872909545898,0.975418251752613,-1,0.99,0.010000000000000009,979173.5931906129,
2015-01-29,65.37855529785156,60.321250915527344,0.9197978775380515,-1,0.99,0.010000000000000009,978592.195180359,
2015-01-30,63.24994659423828,60.63872909545898,0.8490987696902221,-1,0.99,0.010000000000000009,973700.0214132691,
2015-02-02,64.46629333496094,60.575233459472656,0.9990179111442633,-1,0.99,0.010000000000000009,976259.7061666871,
2015-02-03,63.554046630859375,60.63872909545898,0.9108340571871044,-1,0.99,0.010000000000000009,974308.2214865113,
2015-02-04,63.85811614990234,60.82921600341797,0.9919691416568802,-1,0.99,0.010000000000000009,974535.3867086793,
2015-02-05,64.7703857421875,60.95621109008789,0.9982903150829742,-1,0.99,0.010000000000000009,976105.9357199097,
2015-02-06,65.07447052001953,60.95621109008789,0.9996704823354272,-1,0.99,0.010000000000000009,976714.1052755738,
2015-02-09,65.07447052001953,60.70222091674805,0.9718630092037984,-1,0.99,0.010000000000000009,977222.0856222535,
2015-02-10,65.07447052001953,60.95621109008789,0.7812904804865304,-1,0.99,0.010000000000000009,976714.1052755738,
2015-02-11,65.37855529785156,60.95621109008789,0.9229197392622626,-1,0.99,0.010000000000000009,977322.2748312379,
2015-02-12,65.07447052001953,61.2736930847168,0.8548447716365939,-1,0.99,0.010000000000000009,976079.141286316,
2015-02-13,65.37855529785156,61.52766799926758,0.9997190578873544,-1,0.99,0.010000000000000009,976179.3610128785,
2015-02-24,66.29080963134766,62.60710525512695,0.9995649982424246,-1,0.99,0.010000000000000009,975844.9951681519,
2015-02-25,67.20306396484375,62.7975959777832,0.9990670071296553,-1,0.99,0.010000000000000009,977288.5223898316,
2015-02-26,65.37855529785156,62.35312271118164,0.998383072691776,-1,0.99,0.010000000000000009,974528.4515890504,
2015-03-02,66.89898681640625,62.22613906860352,0.9815265955598684,-1,0.99,0.010000000000000009,977823.281911316,
2015-03-03,66.89898681640625,62.22613906860352,0.9299254172172251,-1,0.99,0.010000000000000009,977823.281911316,
2015-03-04,66.29080963134766,62.22613906860352,0.9140173572338701,-1,0.99,0.010000000000000009,976606.9275411988,
2015-03-05,65.98673248291016,62.22613906860352,0.9198578913788319,-1,0.99,0.010000000000000009,975998.7732443238,
2015-03-06,65.68263244628906,62.22613906860352,0.9287980740685132,-1,0.99,0.010000000000000009,975390.5731710816,
2015-03-09,64.46629333496094,61.71815872192383,0.9262267479586945,-1,0.99,0.010000000000000009,973973.8556417847,
2015-03-10,65.98673248291016,61.78166580200195,0.9432748358819303,-1,0.99,0.010000000000000009,976887.7197775269,
2015-03-11,65.98673248291016,61.78166580200195,0.868260838381518,-1,0.99,0.010000000000000009,976887.7197775269,
2015-03-12,65.98673248291016,61.90864181518555,0.8405616109731202,-1,0.99,0.010000000000000009,976633.7677511597,
2015-03-13,66.89898681640625,62.54360580444336,0.8770017798746943,-1,0.99,0.010000000000000009,977188.3484396363,
2015-03-16,65.68263244628906,62.22613906860352,0.8988154659669896,-1,0.99,0.010000000000000009,975390.5731710816,
2015-03-17,66.59490203857422,62.48012161254883,0.9013156947085657,-1,0.99,0.010000000000000009,976707.1472677613,
2015-03-18,65.98673248291016,62.60710525512695,0.8689215905067987,-1,0.99,0.010000000000000009,975236.8408712769,
2015-03-19,66.59490203857422,62.8610954284668,0.8950509527232875,-1,0.99,0.010000000000000009,975945.1996359254,
2015-03-20,67.81124877929688,62.92458724975586,0.9116630380898327,-1,0.99,0.010000000000000009,978250.9094747925,
2015-03-23,67.20306396484375,62.73408889770508,0.8772168281645094,-1,0.99,0.010000000000000009,977415.5365499879,
2015-03-24,67.50716400146484,63.30556106567383,0.7871590680478584,-1,0.99,0.010000000000000009,976880.7922872925,
2015-03-25,67.20306396484375,63.1785774230957,0.9501047740514352,-1,0.99,0.010000000000000009,976526.5594992066,
2015-03-26,66.89898681640625,63.36906051635742,0.8804895797720595,-1,0.99,0.010000000000000009,975537.4390158082,
2015-03-27,66.89898681640625,63.1785774230957,0.9068101025187969,-1,0.99,0.010000000000000009,975918.4052023316,
2015-03-30,66.89898681640625,63.1785774230957,0.7254268458702018,-1,0.99,0.010000000000000009,975918.4052023316,
2015-03-31,66.59490203857422,63.1785774230957,0.6695301267876835,-1,0.99,0.010000000000000009,975310.2356466675,
2015-04-01,66.29080963134766,62.67060470581055,0.5622160288022885,-1,0.99,0.010000000000000009,975717.9962667847,
2015-04-02,67.50716400146484,63.051570892333984,0.2557332863000397,0,0.99,0.010000000000000009,977323.5502845765,Close
2015-04-07,66.89898681640625,62.73408889770508,0.5732987340145292,0,0.99,0.010000000000000009,977323.5502845765,
2015-04-08,65.68263244628906,62.73408889770508,0.20893116012681867,0,0.99,0.010000000000000009,977323.5502845765,
2015-04-09,67.20306396484375,62.92458724975586,0.14722048163243068,0,0.99,0.010000000000000009,977323.5502845765,
2015-04-10,65.68263244628906,63.1785774230957,0.28993477684627056,0,0.99,0.010000000000000009,977323.5502845765,
2015-04-13,67.20306396484375,63.242069244384766,0.3917913120911266,0,0.99,0.010000000000000009,977323.5502845765,
2015-04-14,66.29080963134766,62.8610954284668,0.4232137982019045,0,0.99,0.010000000000000009,977323.5502845765,
2015-04-15,63.554046630859375,61.90864181518555,0.07616895606835625,0,0.99,0.010000000000000009,977323.5502845765,
2015-04-16,63.24994659423828,62.28962326049805,0.009124510848157267,1,0.99,0.010000000000000009,977258.5287017823,Long Spread
2015-04-17,62.94586181640625,61.97214889526367,0.05839432985958636,1,0.99,0.010000000000000009,977231.7495269777,
2015-04-20,62.94586181640625,62.0991325378418,0.04104270289243065,1,0.99,0.010000000000000009,977485.7168121339,
2015-04-21,64.46629333496094,62.22613906860352,0.13978260456029729,1,0.99,0.010000000000000009,974698.866836548,
2015-04-22,64.7703857421875,62.22613906860352,0.15899962180729693,1,0.99,0.010000000000000009,974090.6820220948,
2015-04-23,65.68263244628906,62.73408889770508,0.16088514319874803,1,0.99,0.010000000000000009,973282.0882720948,
2015-04-24,66.59490203857422,63.11507797241211,0.30177330947092174,1,0.99,0.010000000000000009,972219.5272369386,
2015-04-27,66.59490203857422,63.051570892333984,0.27536873862646255,1,0.99,0.010000000000000009,972092.5130767823,
2015-04-28,66.29080963134766,63.051570892333984,0.2475898156376361,1,0.99,0.010000000000000009,972700.6978912355,
2015-04-29,65.98673248291016,63.11507797241211,0.25127520776983836,1,0.99,0.010000000000000009,973435.8663482667,
2015-04-30,65.68263244628906,62.8610954284668,0.3133818737946242,1,0.99,0.010000000000000009,973536.1013336183,
2015-05-04,65.98673248291016,62.8610954284668,0.3253146263793466,1,0.99,0.010000000000000009,972927.9012603761,
2015-05-05,65.68263244628906,63.051570892333984,0.21808255979793856,1,0.99,0.010000000000000009,973917.0522613527,
2015-05-06,66.29080963134766,63.11507797241211,0.4874703743700857,1,0.99,0.010000000000000009,972827.7120513917,
2015-05-07,66.59490203857422,62.67060470581055,0.27057138228364674,1,0.99,0.010000000000000009,971330.5807037355,
2015-05-08,65.98673248291016,62.7975959777832,0.03040200405212031,1,0.99,0.010000000000000009,972800.9023590089,
2015-05-11,66.59490203857422,62.92458724975586,0.18616564785876,1,0.99,0.010000000000000009,971838.5457916261,
2015-05-12,65.68263244628906,62.92458724975586,0.10768454726200055,1,0.99,0.010000000000000009,973663.0849761964,
2015-05-13,64.7703857421875,62.67060470581055,0.423146927920987,1,0.99,0.010000000000000009,974979.6132965089,
2015-05-14,65.37855529785156,62.48012161254883,0.023858957950432604,1,0.99,0.010000000000000009,973382.3079986573,
2015-05-15,64.46629333496094,62.48012161254883,0.01140581525311389,1,0.99,0.010000000000000009,975206.8319244386,
2015-05-18,65.07447052001953,62.48012161254883,0.031034828552257965,1,0.99,0.010000000000000009,973990.4775543214,
2015-05-19,65.98673248291016,62.8610954284668,0.005324510874687999,1,0.99,0.010000000000000009,972927.9012603761,
2015-05-20,65.98673248291016,62.54360580444336,0.08631503941530355,1,0.99,0.010000000000000009,972292.9220123292,
2015-05-21,64.46629333496094,61.97214889526367,0.0031108250609271472,1,0.99,0.010000000000000009,974190.8864898683,
2015-05-22,64.7703857421875,62.35312271118164,0.025749614518286484,1,0.99,0.010000000000000009,974344.6493072511,
2015-05-25,65.37855529785156,62.22613906860352,0.032651035619122776,1,0.99,0.010000000000000009,972874.3429107667,
2015-05-26,65.07447052001953,62.0991325378418,0.008161709898530682,1,0.99,0.010000000000000009,973228.4994049073,
2015-05-27,65.37855529785156,62.0991325378418,0.013129701940481629,1,0.99,0.010000000000000009,972620.3298492433,
2015-05-28,64.46629333496094,61.78166580200195,0.018024895633135845,1,0.99,0.010000000000000009,973809.9203033448,
2015-05-29,65.68263244628906,61.5911750793457,0.01541372002070201,1,0.99,0.010000000000000009,970996.2606353761,
2015-06-01,64.46629333496094,61.6546745300293,0.0009754884577390508,1,0.99,0.010000000000000009,973555.9377593995,
2015-06-02,63.85811614990234,61.52766799926758,0.04960774542326268,1,0.99,0.010000000000000009,974518.2790679933,
2015-06-03,64.16222381591797,61.33719253540039,0.0379627141108695,1,0.99,0.010000000000000009,973529.1128082277,
2015-06-04,63.24994659423828,60.82921600341797,0.02698740102623189,1,0.99,0.010000000000000009,974337.7141876222,
2015-06-05,62.94586181640625,60.95621109008789,0.05376824172773084,1,0.99,0.010000000000000009,975199.8739166261,
2015-06-08,63.85811614990234,62.0356330871582,0.2047568028627607,1,0.99,0.010000000000000009,975534.2092437745,
2015-06-09,63.554046630859375,61.5911750793457,0.5376949643941854,0,0.99,0.010000000000000009,975188.426457367,Close
2015-06-10,63.554046630859375,61.5911750793457,0.307400125790356,0,0.99,0.010000000000000009,975188.426457367,
2015-06-11,64.46629333496094,61.90864181518555,0.37950291909995615,0,0.99,0.010000000000000009,975188.426457367,
2015-06-12,63.554046630859375,61.5911750793457,0.169567167621332,0,0.99,0.010000000000000009,975188.426457367,
2015-06-15,63.554046630859375,61.33719253540039,0.38574709256042694,0,0.99,0.010000000000000009,975188.426457367,
2015-06-16,63.554046630859375,60.95621109008789,0.08042325574861198,0,0.99,0.010000000000000009,975188.426457367,
2015-06-17,62.64176940917969,60.765716552734375,0.039369137361832736,0,0.99,0.010000000000000009,975188.426457367,
2015-06-18,64.16222381591797,60.8927116394043,0.14493960928263977,0,0.99,0.010000000000000009,975188.426457367,
2015-06-22,64.46629333496094,61.40068435668945,0.019686359874384548,0,0.99,0.010000000000000009,975188.426457367,
2015-06-23,65.07447052001953,61.5911750793457,0.05963565761220117,0,0.99,0.010000000000000009,975188.426457367,
2015-06-24,65.07447052001953,61.71815872192383,0.08784717539082781,0,0.99,0.010000000000000009,975188.426457367,
2015-06-25,65.37855529785156,61.90864181518555,0.13379877475427215,0,0.99,0.010000000000000009,975188.426457367,
2015-06-26,66.08431243896484,61.90864181518555,0.11544348193910453,0,0.99,0.010000000000000009,975188.426457367,
2015-06-29,67.04670715332031,61.90864181518555,0.04514565793765349,0,0.99,0.010000000000000009,975188.426457367,
2015-06-30,66.08431243896484,62.48012161254883,0.018565045235616712,0,0.99,0.010000000000000009,975188.426457367,
2015-07-01,67.36750793457031,62.22613906860352,0.21034109950279567,0,0.99,0.010000000000000009,975188.426457367,
2015-07-02,66.08431243896484,62.28962326049805,0.014974926309578277,0,0.99,0.010000000000000009,975188.426457367,
2015-07-03,66.08431243896484,62.4166145324707,0.18708709075109653,0,0.99,0.010000000000000009,975188.426457367,
2015-07-06,65.44271850585938,62.4166145324707,0.24157038977567663,0,0.99,0.010000000000000009,975188.426457367,
2015-07-07,65.44271850585938,62.67060470581055,0.45190636072334656,0,0.99,0.010000000000000009,975188.426457367,
2015-07-08,65.44271850585938,62.22613906860352,0.675384156580392,0,0.99,0.010000000000000009,975188.426457367,
2015-07-09,64.1595230102539,62.0356330871582,0.36581930191508416,0,0.99,0.010000000000000009,975188.426457367,
2015-07-10,64.1595230102539,62.0356330871582,0.4916110035567614,0,0.99,0.010000000000000009,975188.426457367,
2015-07-13,64.48031616210938,62.35312271118164,0.5038513272233759,0,0.99,0.010000000000000009,975188.426457367,
2015-07-14,66.08431243896484,62.35312271118164,0.6526471301376187,0,0.99,0.010000000000000009,975188.426457367,
2015-07-15,65.44271850585938,62.35312271118164,0.13064629053352161,0,0.99,0.010000000000000009,975188.426457367,
2015-07-16,65.76351928710938,63.39278793334961,0.42914814316967065,0,0.99,0.010000000000000009,975188.426457367,
2015-07-17,65.44271850585938,63.52638244628906,0.9997297754581786,-1,0.99,0.010000000000000009,975123.2676933289,Short Spread
2015-07-20,64.48031616210938,63.459590911865234,0.9999431279870001,-1,0.99,0.010000000000000009,973332.0460746766,
2015-07-21,64.48031616210938,63.52638244628906,0.9991184613863332,-1,0.99,0.010000000000000009,973198.4630058289,
2015-07-22,64.80111694335938,63.65999221801758,0.9984425722385287,-1,0.99,0.010000000000000009,973572.8450248719,
2015-07-23,65.12191772460938,63.72678756713867,0.9999589576283169,-1,0.99,0.010000000000000009,974080.8558891297,
2015-07-24,66.40510559082031,63.79358673095703,0.9998322210367399,-1,0.99,0.010000000000000009,976513.6332939148,
2015-07-27,65.76351928710938,64.1275863647461,0.9936573416808542,-1,0.99,0.010000000000000009,974562.4614189148,
2015-07-28,65.76351928710938,63.79358673095703,0.9992063011272784,-1,0.99,0.010000000000000009,975230.460686493,
2015-07-29,65.44271850585938,64.1275863647461,0.9363720044333608,-1,0.99,0.010000000000000009,973920.8598564148,
2015-07-30,66.08431243896484,64.46158599853516,0.9866030953784618,-1,0.99,0.010000000000000009,974536.0484550477,
2015-07-31,67.04670715332031,65.46358489990234,0.9960990688508875,-1,0.99,0.010000000000000009,974456.8400810242,
2015-08-03,66.40510559082031,65.32997131347656,0.9874872533071041,-1,0.99,0.010000000000000009,973440.8641288758,
2015-08-04,67.36750793457031,66.06477355957031,0.9343531732052709,-1,0.99,0.010000000000000009,973896.0643241883,
2015-08-05,67.68830108642578,66.33196258544922,0.8945205456989477,-1,0.99,0.010000000000000009,974003.2725761414,
2015-08-06,66.40510559082031,65.86437225341797,0.8805871697512002,-1,0.99,0.010000000000000009,972372.062248993,
2015-08-07,67.04670715332031,65.46358489990234,0.9226021563049782,-1,0.99,0.010000000000000009,974456.8400810242,
2015-08-10,66.08431243896484,65.59717559814453,0.6934800593087938,-1,0.99,0.010000000000000009,972264.8692558289,
2015-08-11,66.08431243896484,65.9311752319336,0.9370488021230683,-1,0.99,0.010000000000000009,971596.8699882508,
2015-08-12,65.44271850585938,66.13157653808594,0.9646195439561253,-1,0.99,0.010000000000000009,969912.8795097352,
2015-08-13,65.76351928710938,65.73078155517578,0.9955242387371052,-1,0.99,0.010000000000000009,971356.0710380555,
2015-08-14,65.76351928710938,65.12957000732422,0.8814646391983979,-1,0.99,0.010000000000000009,972558.4941337586,
2015-08-17,64.80111694335938,65.06277465820312,0.8450340939345333,-1,0.99,0.010000000000000009,970767.2801445008,
2015-08-18,64.48031616210938,65.73078155517578,0.926779988524057,-1,0.99,0.010000000000000009,968789.6647880555,
2015-08-19,65.12191772460938,65.73078155517578,0.9631370670056202,-1,0.99,0.010000000000000009,970072.8679130555,
2015-08-20,64.48031616210938,65.39677429199219,0.9083279662028223,-1,0.99,0.010000000000000009,969457.6793144227,
2015-08-21,64.1595230102539,65.12957000732422,0.9378942157794422,-1,0.99,0.010000000000000009,969350.5015800477,
2015-08-24,62.49136734008789,63.52638244628906,0.9205336829206356,-1,0.99,0.010000000000000009,969220.5653617859,
2015-08-25,62.17058181762695,63.65999221801758,0.9345581941001108,-1,0.99,0.010000000000000009,968311.774773407,
2015-08-26,62.23473739624024,63.52638244628906,0.9658392086605804,-1,0.99,0.010000000000000009,968707.3054740906,
2015-08-27,63.06880569458008,64.19438171386719,0.9126096766286098,-1,0.99,0.010000000000000009,969039.4435356141,
2015-08-28,63.00465774536133,64.19438171386719,0.8203452817737081,-1,0.99,0.010000000000000009,968911.1476371766,
2015-08-31,62.74801254272461,65.99796295166016,0.8199358302015621,-1,0.99,0.010000000000000009,964790.6947563172,
2015-09-01,63.83872222900391,65.06277465820312,0.9607405625952287,-1,0.99,0.010000000000000009,968842.4907157898,
2015-09-02,64.03120422363281,64.79558563232422,0.8203123932789661,-1,0.99,0.010000000000000009,969761.8327568055,
2015-09-03,65.12191772460938,64.99598693847656,0.6608572289178885,-1,0.99,0.010000000000000009,971542.4571464539,
2015-09-04,64.03120422363281,65.12957000732422,0.6005806138352441,-1,0.99,0.010000000000000009,969093.8640068055,
2015-09-07,64.80111694335938,65.12957000732422,0.742346263885861,-1,0.99,0.010000000000000009,970633.6894462586,
2015-09-08,64.1595230102539,64.46158599853516,0.6166340656788883,-1,0.99,0.010000000000000009,970686.4695976258,
2015-09-09,64.1595230102539,65.12957000732422,0.5303107012245161,-1,0.99,0.010000000000000009,969350.5015800477,
2015-09-10,64.1595230102539,65.12957000732422,0.6168890630037586,-1,0.99,0.010000000000000009,969350.5015800477,
2015-09-11,64.80111694335938,65.46358489990234,0.535690569634511,-1,0.99,0.010000000000000009,969965.6596611023,
2015-09-14,64.80111694335938,65.46358489990234,0.637115472864968,-1,0.99,0.010000000000000009,969965.6596611023,
2015-09-15,65.12191772460938,65.73078155517578,0.5723311664015341,-1,0.99,0.010000000000000009,970072.8679130555,
2015-09-16,64.80111694335938,65.73078155517578,0.6814108644991437,-1,0.99,0.010000000000000009,969431.2663505555,
2015-09-17,64.80111694335938,65.79756927490234,0.6534590219174768,-1,0.99,0.010000000000000009,969297.6909111023,
2015-09-18,66.72590637207031,65.79756927490234,0.6455677205427717,-1,0.99,0.010000000000000009,973147.2697685242,
2015-09-21,65.76351928710938,65.12957000732422,0.3849066163014989,0,0.99,0.010000000000000009,972493.2584101869,Close
2015-09-22,66.72590637207031,65.66397094726562,0.20554635795669746,0,0.99,0.010000000000000009,972493.2584101869,
2015-09-23,64.80111694335938,65.26316833496094,0.16381318500225844,0,0.99,0.010000000000000009,972493.2584101869,
2015-09-24,64.80111694335938,65.5303726196289,0.2703516873490498,0,0.99,0.010000000000000009,972493.2584101869,
2015-09-25,64.1595230102539,65.46358489990234,0.2833272973868767,0,0.99,0.010000000000000009,972493.2584101869,
2015-09-29,64.1595230102539,65.46358489990234,0.38428849084557926,0,0.99,0.010000000000000009,972493.2584101869,
2015-09-30,64.48031616210938,65.99796295166016,0.33084046746746604,0,0.99,0.010000000000000009,972493.2584101869,
2015-10-01,64.1595230102539,65.9311752319336,0.45623878975035165,0,0.99,0.010000000000000009,972493.2584101869,
2015-10-02,64.48031616210938,66.13157653808594,0.3691567954376273,0,0.99,0.010000000000000009,972493.2584101869,
2015-10-05,63.90288925170898,65.86437225341797,0.4471554408644496,0,0.99,0.010000000000000009,972493.2584101869,
2015-10-06,64.1595230102539,65.86437225341797,0.45534542522613725,0,0.99,0.010000000000000009,972493.2584101869,
2015-10-07,64.48031616210938,65.79756927490234,0.2780831844693318,0,0.99,0.010000000000000009,972493.2584101869,
2015-10-08,64.48031616210938,65.79756927490234,0.10523286071720778,0,0.99,0.010000000000000009,972493.2584101869,
2015-10-12,64.80111694335938,66.13157653808594,0.047154160290726096,0,0.99,0.010000000000000009,972493.2584101869,
2015-10-13,65.12191772460938,66.06477355957031,0.14860532427803397,0,0.99,0.010000000000000009,972493.2584101869,
2015-10-14,64.48031616210938,66.06477355957031,0.0755060393540238,0,0.99,0.010000000000000009,972493.2584101869,
2015-10-15,65.12191772460938,66.33196258544922,0.14903064437661506,0,0.99,0.010000000000000009,972493.2584101869,
2015-10-16,66.08431243896484,65.9311752319336,0.1640033716438567,0,0.99,0.010000000000000009,972493.2584101869,
2015-10-19,65.44271850585938,66.66596984863281,0.0037262730485179254,1,0.99,0.010000000000000009,972427.9740626527,Long Spread
2015-10-20,66.08431243896484,66.79956817626953,0.3086557922000518,1,0.99,0.010000000000000009,971411.9828517152,
2015-10-21,64.80111694335938,66.66596984863281,0.2499566321036979,1,0.99,0.010000000000000009,973711.1771876527,
2015-10-22,65.44271850585938,66.73277282714844,0.3487389511605833,1,0.99,0.010000000000000009,972561.5800196839,
2015-10-23,65.44271850585938,66.79956817626953,0.25031046844379523,1,0.99,0.010000000000000009,972695.1707179261,
2015-10-26,66.72590637207031,67.13356018066406,0.29397308194844035,1,0.99,0.010000000000000009,970796.7789942933,
2015-10-27,66.08431243896484,67.13356018066406,0.34025045306081514,1,0.99,0.010000000000000009,972079.9668605042,
2015-10-28,66.08431243896484,67.13356018066406,0.4393457392050832,1,0.99,0.010000000000000009,972079.9668605042,
2015-10-29,65.76351928710938,67.13356018066406,0.39013375870923633,1,0.99,0.010000000000000009,972721.5531642152,
2015-10-30,65.76351928710938,66.59916687011719,0.48031404287109725,1,0.99,0.010000000000000009,971652.7665431214,
2015-11-02,65.12191772460938,67.13356018066406,0.14464236513213186,1,0.99,0.010000000000000009,974004.7562892152,
2015-11-03,65.44271850585938,66.79956817626953,0.6028971781006632,0,0.99,0.010000000000000009,972629.8810264588,Close
2015-11-04,65.44271850585938,66.79956817626953,0.2659995610202175,0,0.99,0.010000000000000009,972629.8810264588,
2015-11-05,65.44271850585938,66.79956817626953,0.26666955738360665,0,0.99,0.010000000000000009,972629.8810264588,
2015-11-06,65.76351928710938,66.13157653808594,0.2618445444443254,0,0.99,0.010000000000000009,972629.8810264588,
2015-11-09,65.44271850585938,66.26517486572266,0.028845158261135304,0,0.99,0.010000000000000009,972629.8810264588,
2015-11-10,64.48031616210938,65.79756927490234,0.06355360855314515,0,0.99,0.010000000000000009,972629.8810264588,
2015-11-11,64.48031616210938,65.79756927490234,0.015527892308235541,0,0.99,0.010000000000000009,972629.8810264588,
2015-11-12,64.48031616210938,66.13157653808594,0.015475900641998863,0,0.99,0.010000000000000009,972629.8810264588,
2015-11-13,64.1595230102539,65.5303726196289,0.07869070140482554,0,0.99,0.010000000000000009,972629.8810264588,
2015-11-16,64.1595230102539,64.99598693847656,0.01847163960665553,0,0.99,0.010000000000000009,972629.8810264588,
2015-11-17,64.48031616210938,66.465576171875,0.01855752011577825,0,0.99,0.010000000000000009,972629.8810264588,
2015-11-18,65.12191772460938,65.99796295166016,0.19877591598941996,0,0.99,0.010000000000000009,972629.8810264588,
2015-11-19,64.80111694335938,66.79956817626953,0.06975268138528408,0,0.99,0.010000000000000009,972629.8810264588,
2015-11-20,64.80111694335938,66.33196258544922,0.38744257177671915,0,0.99,0.010000000000000009,972629.8810264588,
2015-11-23,64.48031616210938,66.39877319335938,0.13158708121763274,0,0.99,0.010000000000000009,972629.8810264588,
2015-11-24,64.80111694335938,66.13157653808594,0.15288083988241313,0,0.99,0.010000000000000009,972629.8810264588,
2015-11-25,63.710411071777344,66.13157653808594,0.08286513621972452,0,0.99,0.010000000000000009,972629.8810264588,
2015-11-26,63.6462516784668,66.33196258544922,0.17517246409374343,0,0.99,0.010000000000000009,972629.8810264588,
2015-11-27,64.1595230102539,66.13157653808594,0.30053083601743946,0,0.99,0.010000000000000009,972629.8810264588,
2015-11-30,63.26129150390625,66.66596984863281,0.12015474536030474,0,0.99,0.010000000000000009,972629.8810264588,
2015-12-01,64.1595230102539,66.73277282714844,0.5130361563610943,0,0.99,0.010000000000000009,972629.8810264588,
2015-12-02,63.710411071777344,66.19837188720703,0.37944186094798926,0,0.99,0.010000000000000009,972629.8810264588,
2015-12-03,63.51792907714844,65.9311752319336,0.19599587333491714,0,0.99,0.010000000000000009,972629.8810264588,
2015-12-04,63.38960647583008,66.13157653808594,0.17078072307063696,0,0.99,0.010000000000000009,972629.8810264588,
2015-12-07,63.3254508972168,66.13157653808594,0.23708460620628857,0,0.99,0.010000000000000009,972629.8810264588,
2015-12-08,62.87633514404297,65.86437225341797,0.2595160998134738,0,0.99,0.010000000000000009,972629.8810264588,
2015-12-09,62.87633514404297,65.73078155517578,0.2210343269533953,0,0.99,0.010000000000000009,972629.8810264588,
2015-12-10,62.5555419921875,65.79756927490234,0.1811913317336168,0,0.99,0.010000000000000009,972629.8810264588,
2015-12-11,62.87633514404297,65.46358489990234,0.35512183130966724,0,0.99,0.010000000000000009,972629.8810264588,
2015-12-14,62.42721176147461,65.32997131347656,0.13297215244924782,0,0.99,0.010000000000000009,972629.8810264588,
2015-12-15,62.23473739624024,65.46358489990234,0.19254563986623513,0,0.99,0.010000000000000009,972629.8810264588,
2015-12-16,62.29888916015625,65.46358489990234,0.5249729966096057,0,0.99,0.010000000000000009,972629.8810264588,
2015-12-17,63.26129150390625,65.73078155517578,0.33968751898722943,0,0.99,0.010000000000000009,972629.8810264588,
2015-12-18,62.68385696411133,65.79756927490234,0.16500391904447964,0,0.99,0.010000000000000009,972629.8810264588,
2015-12-21,63.38960647583008,65.59717559814453,0.3808814855555686,0,0.99,0.010000000000000009,972629.8810264588,
2015-12-22,62.94049072265625,66.39877319335938,0.0889915173353042,0,0.99,0.010000000000000009,972629.8810264588,
2015-12-23,62.87633514404297,66.39877319335938,0.7002982326494771,0,0.99,0.010000000000000009,972629.8810264588,
2015-12-24,63.1971435546875,66.39877319335938,0.7286833881607047,0,0.99,0.010000000000000009,972629.8810264588,
2015-12-25,63.3254508972168,66.465576171875,0.5458701266133787,0,0.99,0.010000000000000009,972629.8810264588,
2015-12-28,63.58208847045898,66.465576171875,0.5650875779819186,0,0.99,0.010000000000000009,972629.8810264588,
2015-12-29,63.06880569458008,66.13157653808594,0.5003022210996273,0,0.99,0.010000000000000009,972629.8810264588,
2015-12-30,62.87633514404297,66.19837188720703,0.3520227874242494,0,0.99,0.010000000000000009,972629.8810264588,
2015-12-31,64.1595230102539,66.19837188720703,0.44835664694791655,0,0.99,0.010000000000000009,972629.8810264588,
2016-01-04,62.87633514404297,65.59717559814453,0.06121384144494215,0,0.99,0.010000000000000009,972629.8810264588,
2016-01-05,63.13297271728516,65.99796295166016,0.10035541280111748,0,0.99,0.010000000000000009,972629.8810264588,
2016-01-06,62.5555419921875,65.9311752319336,0.16997213204758566,0,0.99,0.010000000000000009,972629.8810264588,
2016-01-07,62.5555419921875,66.26517486572266,0.511624949801106,0,0.99,0.010000000000000009,972629.8810264588,
2016-01-08,62.5555419921875,66.39877319335938,0.7667456075639064,0,0.99,0.010000000000000009,972629.8810264588,
2016-01-11,63.06880569458008,66.79956817626953,0.8756117406618488,0,0.99,0.010000000000000009,972629.8810264588,
2016-01-12,63.83872222900391,67.46756744384766,0.8401100335030909,0,0.99,0.010000000000000009,972629.8810264588,
2016-01-13,63.83872222900391,67.80155944824219,0.8834478908659188,0,0.99,0.010000000000000009,972629.8810264588,
2016-01-14,63.774559020996094,68.46955871582031,0.9923271171455984,-1,0.99,0.010000000000000009,972564.5912617494,Short Spread
2016-01-15,62.87633514404297,67.46756744384766,0.9999932727502395,-1,0.99,0.010000000000000009,972772.1260517885,
2016-01-18,62.87633514404297,66.79956817626953,0.9563533995028393,-1,0.99,0.010000000000000009,974108.1245869447,
2016-01-19,62.87633514404297,67.80155944824219,0.7752270329065906,-1,0.99,0.010000000000000009,972104.1420429994,
2016-01-20,62.23473739624024,67.80155944824219,0.9677930472985844,-1,0.99,0.010000000000000009,970820.9465473939,
2016-01-21,62.23473739624024,67.13356018066406,0.9892990269513426,-1,0.99,0.010000000000000009,972156.9450825502,
2016-01-22,63.710411071777344,67.13356018066406,0.9191528362914703,-1,0.99,0.010000000000000009,975108.2924336244,
2016-01-25,64.09535217285156,68.13555145263672,0.5839491492787973,-1,0.99,0.010000000000000009,973874.1920918275,
2016-01-26,63.06880569458008,68.13555145263672,0.9479752124016136,-1,0.99,0.010000000000000009,971821.0991352845,
2016-01-27,63.6462516784668,68.13555145263672,0.9729146648210181,-1,0.99,0.010000000000000009,972975.991103058,
2016-01-28,63.90288925170898,68.46955871582031,0.8680609213581284,-1,0.99,0.010000000000000009,972821.2517231752,
2016-01-29,64.1595230102539,68.80355072021484,0.9390019183762314,-1,0.99,0.010000000000000009,972666.535231476,
2016-01-30,64.1595230102539,68.80355072021484,0.9935636664610009,-1,0.99,0.010000000000000009,972666.535231476,
2016-02-01,64.09535217285156,68.80355072021484,0.835360477653657,-1,0.99,0.010000000000000009,972538.1935566713,
2016-02-02,63.90288925170898,68.80355072021484,0.782953168074803,-1,0.99,0.010000000000000009,972153.2677143861,
2016-02-03,63.90288925170898,68.80355072021484,0.79230202322632,-1,0.99,0.010000000000000009,972153.2677143861,
2016-02-15,63.58208847045898,69.80554962158203,0.6556732417494197,-1,0.99,0.010000000000000009,969507.6683491517,
2016-02-16,64.1595230102539,70.1395492553711,0.9996633253883114,-1,0.99,0.010000000000000009,969994.5381611635,
2016-02-17,65.12191772460938,70.47354125976562,0.8663204543913499,-1,0.99,0.010000000000000009,971251.3435810853,
2016-02-18,65.44271850585938,69.80554962158203,0.8360853367077159,-1,0.99,0.010000000000000009,973228.9284199525,
2016-02-19,64.80111694335938,70.1395492553711,0.04840542022595989,0,0.99,0.010000000000000009,971212.3284007264,Close
2016-02-22,64.80111694335938,69.47154998779297,0.6911436063762371,0,0.99,0.010000000000000009,971212.3284007264,
2016-02-23,65.44271850585938,69.47154998779297,0.40449769405514324,0,0.99,0.010000000000000009,971212.3284007264,
2016-02-24,64.1595230102539,68.80355072021484,0.12111139523886993,0,0.99,0.010000000000000009,971212.3284007264,
2016-02-25,65.44271850585938,69.80554962158203,0.1304040682651752,0,0.99,0.010000000000000009,971212.3284007264,
2016-02-26,65.76351928710938,69.80554962158203,0.30539642517274124,0,0.99,0.010000000000000009,971212.3284007264,
2016-03-01,66.40510559082031,70.47354125976562,0.001142162970407305,1,0.99,0.010000000000000009,971146.8532548524,Long Spread
2016-03-02,66.40510559082031,70.47354125976562,0.027743488391412947,1,0.99,0.010000000000000009,971146.8532548524,
2016-03-03,66.72590637207031,70.80754089355469,0.13664787886729596,1,0.99,0.010000000000000009,971173.2509599305,
2016-03-04,65.44271850585938,70.80754089355469,0.019601494499750752,1,0.99,0.010000000000000009,973739.6266923524,
2016-03-07,66.40510559082031,70.80754089355469,0.9038236051198243,0,0.99,0.010000000000000009,971749.3640165711,Close
2016-03-08,66.08431243896484,70.1395492553711,0.5189063144882243,0,0.99,0.010000000000000009,971749.3640165711,
2016-03-09,65.44271850585938,70.47354125976562,0.12570483731388543,0,0.99,0.010000000000000009,971749.3640165711,
2016-03-10,65.76351928710938,70.80754089355469,0.6391182819880965,0,0.99,0.010000000000000009,971749.3640165711,
2016-03-11,66.08431243896484,70.80754089355469,0.5940649728033586,0,0.99,0.010000000000000009,971749.3640165711,
2016-03-14,66.08431243896484,70.80754089355469,0.33568078044547567,0,0.99,0.010000000000000009,971749.3640165711,
2016-03-15,66.08431243896484,71.47554016113281,0.3008544646635747,0,0.99,0.010000000000000009,971749.3640165711,
2016-03-16,65.76351928710938,71.80953216552734,0.9949713254319289,-1,0.99,0.010000000000000009,971683.861094513,Short Spread
2016-03-17,67.04670715332031,72.1435317993164,0.9999999808135925,-1,0.99,0.010000000000000009,973582.2375593567,
2016-03-18,66.08431243896484,72.47752380371094,0.9962060902559396,-1,0.99,0.010000000000000009,970989.4641218567,
2016-03-21,66.72590637207031,72.1435317993164,0.999999962201624,-1,0.99,0.010000000000000009,972940.6359968567,
2016-03-22,67.36750793457031,72.8115234375,0.8178088870710063,-1,0.99,0.010000000000000009,972887.8558454895,
2016-03-23,67.36750793457031,72.8115234375,0.9959183665905312,-1,0.99,0.010000000000000009,972887.8558454895,
2016-03-24,67.36750793457031,73.4795150756836,0.6681429309790298,-1,0.99,0.010000000000000009,971551.8725691224,
2016-03-25,67.04670715332031,73.81352233886719,0.9999636764842108,-1,0.99,0.010000000000000009,970242.2564802552,
2016-03-28,67.04670715332031,73.14552307128906,0.9999986702719423,-1,0.99,0.010000000000000009,971578.2550154114,
2016-03-29,66.40510559082031,72.8115234375,0.8760139191419424,-1,0.99,0.010000000000000009,970963.0511579895,
2016-03-30,67.04670715332031,73.81352233886719,0.9278732926305844,-1,0.99,0.010000000000000009,970242.2564802552,
2016-03-31,67.04670715332031,73.14552307128906,0.9908925572174415,-1,0.99,0.010000000000000009,971578.2550154114,
2016-04-01,67.04670715332031,73.14552307128906,0.8163974782533739,-1,0.99,0.010000000000000009,971578.2550154114,
2016-04-06,65.76351928710938,71.47554016113281,0.6909829490890794,-1,0.99,0.010000000000000009,972351.845103302,
2016-04-07,66.72590637207031,72.1435317993164,0.20490739101818206,0,0.99,0.010000000000000009,972875.0812193298,Close
2016-04-08,66.72590637207031,72.47752380371094,0.22954512498951246,0,0.99,0.010000000000000009,972875.0812193298,
2016-04-11,68.00909423828125,73.14552307128906,0.4434257858985658,0,0.99,0.010000000000000009,972875.0812193298,
2016-04-12,67.68830108642578,73.14552307128906,0.03074852597931765,0,0.99,0.010000000000000009,972875.0812193298,
2016-04-13,67.68830108642578,73.4795150756836,0.10693371552759179,0,0.99,0.010000000000000009,972875.0812193298,
2016-04-14,67.36750793457031,73.14552307128906,0.39643682481922504,0,0.99,0.010000000000000009,972875.0812193298,
2016-04-15,68.32988739013672,73.81352233886719,0.30475494816706633,0,0.99,0.010000000000000009,972875.0812193298,
2016-04-18,68.32988739013672,74.14751434326172,0.16303545637082922,0,0.99,0.010000000000000009,972875.0812193298,
2016-04-19,68.32988739013672,73.14552307128906,0.3779295779477629,0,0.99,0.010000000000000009,972875.0812193298,
2016-04-20,68.00909423828125,72.8115234375,0.032760480904164876,0,0.99,0.010000000000000009,972875.0812193298,
2016-04-21,68.00909423828125,73.4795150756836,0.01944891124397775,0,0.99,0.010000000000000009,972875.0812193298,
2016-04-22,68.00909423828125,73.81352233886719,0.22123361940112923,0,0.99,0.010000000000000009,972875.0812193298,
2016-04-25,68.00909423828125,74.48152160644531,0.38547145586197884,0,0.99,0.010000000000000009,972875.0812193298,
2016-04-26,68.32988739013672,73.4795150756836,0.8009991978448965,0,0.99,0.010000000000000009,972875.0812193298,
2016-04-27,68.32988739013672,73.4795150756836,0.05949623073655851,0,0.99,0.010000000000000009,972875.0812193298,
2016-04-28,68.00909423828125,72.8115234375,0.0708674477786481,0,0.99,0.010000000000000009,972875.0812193298,
2016-04-29,68.32988739013672,72.8115234375,0.007876781805762597,1,0.99,0.010000000000000009,972809.4355628968,Long Spread
2016-05-03,68.97149658203125,73.81352233886719,0.00613520451407637,1,0.99,0.010000000000000009,973530.2149818421,
2016-05-04,68.97149658203125,73.81352233886719,0.06446455805772229,1,0.99,0.010000000000000009,973530.2149818421,
2016-05-05,68.32988739013672,73.14552307128906,0.042693593323800176,1,0.99,0.010000000000000009,973477.4348304749,
2016-05-06,68.65069580078125,73.4795150756836,0.03599058102547601,1,0.99,0.010000000000000009,973503.8020179749,
2016-05-09,69.29228973388672,73.81352233886719,0.058970786489139566,1,0.99,0.010000000000000009,972888.6286781312,
2016-05-10,70.89627075195312,74.14751434326172,0.056707950470435246,1,0.99,0.010000000000000009,970348.6506507874,
2016-05-11,71.2170639038086,73.81352233886719,0.033668113360632836,1,0.99,0.010000000000000009,969039.0803382874,
2016-05-12,71.2170639038086,74.48152160644531,0.035777747046512105,1,0.99,0.010000000000000009,970375.0788734437,
2016-05-13,70.89627075195312,74.81552124023438,0.1926957930818558,1,0.99,0.010000000000000009,971684.6644447327,
2016-05-16,70.89627075195312,73.81352233886719,0.31159166789357695,1,0.99,0.010000000000000009,969680.6666419983,
2016-05-17,71.53787231445312,73.81352233886719,0.0554784914820374,1,0.99,0.010000000000000009,968397.4635169983,
2016-05-18,71.8586654663086,74.14751434326172,0.06609523017310176,1,0.99,0.010000000000000009,968423.8612220765,
2016-05-19,70.89627075195312,73.14552307128906,0.17140482300620885,1,0.99,0.010000000000000009,968344.6681068421,
2016-05-20,71.2170639038086,73.4795150756836,0.021023998652541193,1,0.99,0.010000000000000009,968371.0658119202,
2016-05-23,70.89627075195312,73.4795150756836,0.04593017841012708,1,0.99,0.010000000000000009,969012.6521156312,
2016-05-24,71.2170639038086,73.81352233886719,0.04580093277140792,1,0.99,0.010000000000000009,969039.0803382874,
2016-05-25,71.53787231445312,73.81352233886719,0.1023605759808,1,0.99,0.010000000000000009,968397.4635169983,
2016-05-26,70.57546997070312,73.4795150756836,0.11100048157834952,1,0.99,0.010000000000000009,969654.2536781312,
2016-05-27,71.2170639038086,73.81352233886719,0.014137098985354802,1,0.99,0.010000000000000009,969039.0803382874,
2016-05-30,71.53787231445312,73.4795150756836,0.11230111538155485,1,0.99,0.010000000000000009,967729.4489906312,
2016-05-31,71.53787231445312,73.4795150756836,0.02570644756482703,1,0.99,0.010000000000000009,967729.4489906312,
2016-06-01,70.89627075195312,73.81352233886719,0.02489280627307533,1,0.99,0.010000000000000009,969680.6666419983,
2016-06-02,70.89627075195312,74.14751434326172,0.07353263790263868,1,0.99,0.010000000000000009,970348.6506507874,
2016-06-03,71.8586654663086,74.81552124023438,0.1469077901015035,1,0.99,0.010000000000000009,969759.8750160218,
2016-06-04,71.8586654663086,74.81552124023438,0.36824483361259075,1,0.99,0.010000000000000009,969759.8750160218,
2016-06-06,71.8586654663086,74.81552124023438,0.3561129982018839,1,0.99,0.010000000000000009,969759.8750160218,
2016-06-07,72.50025177001953,75.1495132446289,0.34358613563097007,1,0.99,0.010000000000000009,969144.686417389,
2016-06-08,73.14186096191406,75.48351287841797,0.5289649428152141,0,0.99,0.010000000000000009,968463.5222862244,Close
2016-06-13,72.82106018066406,74.81552124023438,0.6190492276836799,0,0.99,0.010000000000000009,968463.5222862244,
2016-06-14,73.46265411376953,74.81552124023438,0.30880151216203033,0,0.99,0.010000000000000009,968463.5222862244,
2016-06-15,74.104248046875,75.1495132446289,0.3847130726836452,0,0.99,0.010000000000000009,968463.5222862244,
2016-06-16,72.82106018066406,74.81552124023438,0.7269660308143041,0,0.99,0.010000000000000009,968463.5222862244,
2016-06-17,73.46265411376953,75.1495132446289,0.2582676711996359,0,0.99,0.010000000000000009,968463.5222862244,
2016-06-20,73.78345489501953,75.48351287841797,0.42531379017778126,0,0.99,0.010000000000000009,968463.5222862244,
2016-06-21,73.14186096191406,75.48351287841797,0.5999828271746022,0,0.99,0.010000000000000009,968463.5222862244,
2016-06-22,73.14186096191406,75.8175048828125,0.519103351258197,0,0.99,0.010000000000000009,968463.5222862244,
2016-06-23,73.14186096191406,75.48351287841797,0.6046295860757842,0,0.99,0.010000000000000009,968463.5222862244,
2016-06-24,72.1794662475586,75.1495132446289,0.42453279632891605,0,0.99,0.010000000000000009,968463.5222862244,
2016-06-27,72.50025177001953,74.81552124023438,0.1320074441606573,0,0.99,0.010000000000000009,968463.5222862244,
2016-06-28,72.50025177001953,75.1495132446289,0.07657030260203186,0,0.99,0.010000000000000009,968463.5222862244,
2016-06-29,73.78345489501953,76.15150451660156,0.16899996286001717,0,0.99,0.010000000000000009,968463.5222862244,
2016-06-30,75.87419891357422,77.82148742675781,0.7221099897053431,0,0.99,0.010000000000000009,968463.5222862244,
2016-07-01,75.87419891357422,78.82349395751953,0.9995394423976143,-1,0.99,0.010000000000000009,968397.3343785095,Short Spread
2016-07-04,74.86255645751953,79.49148559570312,0.998449827614466,-1,0.99,0.010000000000000009,965038.066190033,
2016-07-05,74.52533721923828,78.82349395751953,0.9986354631051138,-1,0.99,0.010000000000000009,965699.6109898377,
2016-07-06,74.52533721923828,78.48949432373047,0.961025405193057,-1,0.99,0.010000000000000009,966367.6102574158,
2016-07-07,75.87419891357422,78.82349395751953,0.9444428580251495,-1,0.99,0.010000000000000009,968397.3343785095,
2016-07-08,75.87419891357422,78.82349395751953,0.8997224985927585,-1,0.99,0.010000000000000009,968397.3343785095,
2016-07-11,76.88587188720703,81.8294677734375,0.8636002465065895,-1,0.99,0.010000000000000009,964408.7326939392,
2016-07-12,76.21142578125,82.49746704101562,0.9753059647879156,-1,0.99,0.010000000000000009,961723.8419468689,
2016-07-13,76.88587188720703,81.16146850585938,0.9971448415243032,-1,0.99,0.010000000000000009,965744.7312290955,
2016-07-14,75.19977569580078,80.15948486328125,0.8746819821115183,-1,0.99,0.010000000000000009,964376.5061314392,
2016-07-15,75.87419891357422,82.16346740722656,0.9611440138031736,-1,0.99,0.010000000000000009,961717.3874790955,
2016-07-18,76.88587188720703,82.83145904541016,0.9651193104473653,-1,0.99,0.010000000000000009,962404.7501499939,
2016-07-19,76.54863739013672,82.49746704101562,0.9499774767544185,-1,0.99,0.010000000000000009,962398.2651646424,
2016-07-20,76.21142578125,82.16346740722656,0.9154337928720054,-1,0.99,0.010000000000000009,962391.841214447,
2016-07-21,76.54863739013672,82.852294921875,0.9209743429506182,-1,0.99,0.010000000000000009,961688.6094029236,
2016-07-22,74.86255645751953,81.10435485839844,0.9521525841586247,-1,0.99,0.010000000000000009,961812.3276646424,
2016-07-25,74.1881103515625,81.10435485839844,0.9771206482422754,-1,0.99,0.010000000000000009,960463.4354527283,
2016-07-26,74.1881103515625,81.10435485839844,0.9809716495812457,-1,0.99,0.010000000000000009,960463.4354527283,
2016-07-27,74.86255645751953,81.45393371582031,0.9620107746524388,-1,0.99,0.010000000000000009,961113.1699497986,
2016-07-28,75.53699493408203,81.45393371582031,0.9401145317851574,-1,0.99,0.010000000000000009,962462.0469029236,
2016-07-29,74.1881103515625,79.3564224243164,0.8673807965540119,-1,0.99,0.010000000000000009,963959.3003208924,
2016-08-01,74.86255645751953,80.40518188476562,0.8486360146020324,-1,0.99,0.010000000000000009,963210.673611908,
2016-08-02,74.52533721923828,80.40518188476562,0.7867570546667206,-1,0.99,0.010000000000000009,962536.2351353455,
2016-08-03,74.52533721923828,80.75477600097656,0.7832515226265668,-1,0.99,0.010000000000000009,961837.0469029236,
2016-08-04,74.52533721923828,80.75477600097656,0.785754079758511,-1,0.99,0.010000000000000009,961837.0469029236,
2016-08-05,74.86255645751953,80.40518188476562,0.7668819786970746,-1,0.99,0.010000000000000009,963210.673611908,
2016-08-08,76.54863739013672,81.45393371582031,0.6835166688235972,-1,0.99,0.010000000000000009,964485.331815033,
2016-08-09,77.56029510498047,81.45393371582031,0.7235013796694859,-1,0.99,0.010000000000000009,966508.6472447205,
2016-08-10,77.56029510498047,81.45393371582031,0.6152206094891091,-1,0.99,0.010000000000000009,966508.6472447205,
2016-08-11,77.89751434326172,81.45393371582031,0.6032756086258717,-1,0.99,0.010000000000000009,967183.085721283,
2016-08-12,78.2347412109375,80.40518188476562,0.5205373760540811,-1,0.99,0.010000000000000009,969955.0431187439,
2016-08-15,78.2347412109375,80.75477600097656,0.39629526850092844,0,0.99,0.010000000000000009,969189.4953056335,Close
2016-08-16,77.22308349609375,80.40518188476562,0.4336320989706117,0,0.99,0.010000000000000009,969189.4953056335,
2016-08-17,76.88587188720703,79.3564224243164,0.495929731989941,0,0.99,0.010000000000000009,969189.4953056335,
2016-08-18,76.88587188720703,79.3564224243164,0.1820332186314237,0,0.99,0.010000000000000009,969189.4953056335,
2016-08-19,75.19977569580078,79.3564224243164,0.15089410842787748,0,0.99,0.010000000000000009,969189.4953056335,
2016-08-22,75.53699493408203,79.70600128173828,0.24470400821614863,0,0.99,0.010000000000000009,969189.4953056335,
2016-08-23,75.87419891357422,80.40518188476562,0.36498324537744886,0,0.99,0.010000000000000009,969189.4953056335,
2016-08-24,76.88587188720703,80.75477600097656,0.5421000431221212,0,0.99,0.010000000000000009,969189.4953056335,
2016-08-25,76.88587188720703,81.45393371582031,0.507544981838344,0,0.99,0.010000000000000009,969189.4953056335,
2016-08-26,76.88587188720703,81.10435485839844,0.5783124933268241,0,0.99,0.010000000000000009,969189.4953056335,
2016-08-29,76.54863739013672,80.75477600097656,0.5068764008392509,0,0.99,0.010000000000000009,969189.4953056335,
2016-08-30,76.54863739013672,80.40518188476562,0.37475184102478226,0,0.99,0.010000000000000009,969189.4953056335,
2016-08-31,75.19977569580078,80.05559539794922,0.21065455780008946,0,0.99,0.010000000000000009,969189.4953056335,
2016-09-01,75.53699493408203,79.0068359375,0.0842930266657495,0,0.99,0.010000000000000009,969189.4953056335,
2016-09-02,75.19977569580078,79.0068359375,0.07288251150116538,0,0.99,0.010000000000000009,969189.4953056335,
2016-09-05,75.87419891357422,79.70600128173828,0.1096386723980255,0,0.99,0.010000000000000009,969189.4953056335,
2016-09-06,75.53699493408203,80.05559539794922,0.15921948081555648,0,0.99,0.010000000000000009,969189.4953056335,
2016-09-07,76.54863739013672,80.05559539794922,0.24834412879968892,0,0.99,0.010000000000000009,969189.4953056335,
2016-09-08,76.54863739013672,79.70600128173828,0.11515752764789056,0,0.99,0.010000000000000009,969189.4953056335,
2016-09-09,76.21142578125,79.3564224243164,0.0910552973757589,0,0.99,0.010000000000000009,969189.4953056335,
2016-09-10,76.21142578125,79.3564224243164,0.03679277228704504,0,0.99,0.010000000000000009,969189.4953056335,
2016-09-12,75.53699493408203,79.0068359375,0.0352703855134123,0,0.99,0.010000000000000009,969189.4953056335,
2016-09-13,74.86255645751953,78.30766296386719,0.1223506096594561,0,0.99,0.010000000000000009,969189.4953056335,
2016-09-14,75.19977569580078,77.95807647705078,0.20849336696446602,0,0.99,0.010000000000000009,969189.4953056335,
2016-09-19,77.56029510498047,77.95807647705078,0.13064290400240125,0,0.99,0.010000000000000009,969189.4953056335,
2016-09-20,76.88587188720703,77.95807647705078,0.0011632193298679572,1,0.99,0.010000000000000009,969123.3015476989,Long Spread
2016-09-21,76.88587188720703,77.95807647705078,0.006810176755566734,1,0.99,0.010000000000000009,969123.3015476989,
2016-09-22,76.54863739013672,77.95807647705078,0.009573484044583868,1,0.99,0.010000000000000009,969797.7705418395,
2016-09-23,77.22308349609375,77.95807647705078,0.019246667008246097,1,0.99,0.010000000000000009,968448.8783299255,
2016-09-26,76.54863739013672,78.30766296386719,0.0014703076238204583,1,0.99,0.010000000000000009,970496.9435154723,
2016-09-27,76.54863739013672,78.30766296386719,0.26941879443537553,1,0.99,0.010000000000000009,970496.9435154723,
2016-09-28,76.54863739013672,78.30766296386719,0.31330079729817734,1,0.99,0.010000000000000009,970496.9435154723,
2016-09-29,76.54863739013672,78.30766296386719,0.3912815394535988,1,0.99,0.010000000000000009,970496.9435154723,
2016-09-30,76.54863739013672,77.60847473144531,0.43513781112228306,1,0.99,0.010000000000000009,969098.5670506286,
2016-10-03,76.54863739013672,77.60847473144531,0.021469309565404427,1,0.99,0.010000000000000009,969098.5670506286,
2016-10-04,76.21142578125,78.30766296386719,0.05964501444250095,1,0.99,0.010000000000000009,971171.3667332458,
2016-10-05,76.54863739013672,78.30766296386719,0.6363297327807715,0,0.99,0.010000000000000009,970430.7492634582,Close
2016-10-06,75.87419891357422,78.65724182128906,0.5102380685342081,0,0.99,0.010000000000000009,970430.7492634582,
2016-10-07,75.19977569580078,78.30766296386719,0.8369903455502462,0,0.99,0.010000000000000009,970430.7492634582,
2016-10-11,75.19977569580078,78.30766296386719,0.9386339004330873,0,0.99,0.010000000000000009,970430.7492634582,
2016-10-12,75.53699493408203,78.30766296386719,0.8902709053646438,0,0.99,0.010000000000000009,970430.7492634582,
2016-10-13,75.87419891357422,78.30766296386719,0.8026994535905034,0,0.99,0.010000000000000009,970430.7492634582,
2016-10-14,75.19977569580078,77.95807647705078,0.705295357856194,0,0.99,0.010000000000000009,970430.7492634582,
2016-10-17,74.86255645751953,78.65724182128906,0.749594534103055,0,0.99,0.010000000000000009,970430.7492634582,
2016-10-18,75.19977569580078,78.65724182128906,0.9373342757684187,0,0.99,0.010000000000000009,970430.7492634582,
2016-10-19,74.86255645751953,77.95807647705078,0.818013270791151,0,0.99,0.010000000000000009,970430.7492634582,
2016-10-20,74.86255645751953,77.95807647705078,0.9116423674996372,0,0.99,0.010000000000000009,970430.7492634582,
2016-10-21,75.19977569580078,78.30766296386719,0.9408827854376246,0,0.99,0.010000000000000009,970430.7492634582,
2016-10-24,75.19977569580078,78.65724182128906,0.8235446066670318,0,0.99,0.010000000000000009,970430.7492634582,
2016-10-25,75.53699493408203,77.95807647705078,0.8543226877805389,0,0.99,0.010000000000000009,970430.7492634582,
2016-10-26,75.19977569580078,77.95807647705078,0.6657793447785176,0,0.99,0.010000000000000009,970430.7492634582,
2016-10-27,74.52533721923828,77.60847473144531,0.8295666481395461,0,0.99,0.010000000000000009,970430.7492634582,
2016-10-28,74.52533721923828,77.2588882446289,0.9330444498681045,0,0.99,0.010000000000000009,970430.7492634582,
2016-10-31,74.52533721923828,75.51094818115234,0.740851774514947,0,0.99,0.010000000000000009,970430.7492634582,
2016-11-01,73.51368713378906,76.21012878417969,0.13166235178007651,0,0.99,0.010000000000000009,970430.7492634582,
2016-11-02,73.51368713378906,75.51094818115234,0.40076729346542717,0,0.99,0.010000000000000009,970430.7492634582,
2016-11-03,73.51368713378906,75.86053466796875,0.2656941385935947,0,0.99,0.010000000000000009,970430.7492634582,
2016-11-04,72.83924102783203,75.51094818115234,0.2814266558089623,0,0.99,0.010000000000000009,970430.7492634582,
2016-11-07,73.85089111328125,75.86053466796875,0.49359266965787196,0,0.99,0.010000000000000009,970430.7492634582,
2016-11-08,74.1881103515625,76.90929412841797,0.35524326837864717,0,0.99,0.010000000000000009,970430.7492634582,
2016-11-09,73.17645263671875,76.21012878417969,0.7663486870422727,0,0.99,0.010000000000000009,970430.7492634582,
2016-11-10,73.17645263671875,76.21012878417969,0.5061006780084499,0,0.99,0.010000000000000009,970430.7492634582,
2016-11-11,71.15314483642578,74.81178283691406,0.5436860921091637,0,0.99,0.010000000000000009,970430.7492634582,
2016-11-14,71.15314483642578,73.4134292602539,0.2960652175922036,0,0.99,0.010000000000000009,970430.7492634582,
2016-11-15,70.1414794921875,72.71424865722656,0.1181470211472666,0,0.99,0.010000000000000009,970430.7492634582,
2016-11-16,70.81592559814453,74.11260223388672,0.2028250904153744,0,0.99,0.010000000000000009,970430.7492634582,
2016-11-17,71.49036407470703,73.76300811767578,0.33824485358692924,0,0.99,0.010000000000000009,970430.7492634582,
2016-11-18,71.49036407470703,73.76300811767578,0.17991804637711384,0,0.99,0.010000000000000009,970430.7492634582,
2016-11-21,71.49036407470703,73.4134292602539,0.20786120199580033,0,0.99,0.010000000000000009,970430.7492634582,
2016-11-22,71.49036407470703,74.11260223388672,0.12789294109566818,0,0.99,0.010000000000000009,970430.7492634582,
2016-11-23,72.50200653076172,75.16136169433594,0.3800602877690951,0,0.99,0.010000000000000009,970430.7492634582,
2016-11-24,72.16480255126953,75.16136169433594,0.45759194107438084,0,0.99,0.010000000000000009,970430.7492634582,
2016-11-25,72.50200653076172,75.16136169433594,0.682443899566604,0,0.99,0.010000000000000009,970430.7492634582,
2016-11-28,72.83924102783203,75.16136169433594,0.6246081551355455,0,0.99,0.010000000000000009,970430.7492634582,
2016-11-29,72.50200653076172,75.16136169433594,0.6305894564614912,0,0.99,0.010000000000000009,970430.7492634582,
2016-11-30,72.50200653076172,75.16136169433594,0.693140920804363,0,0.99,0.010000000000000009,970430.7492634582,
2016-12-01,71.15314483642578,74.46219635009766,0.6933566438437253,0,0.99,0.010000000000000009,970430.7492634582,
2016-12-02,71.15314483642578,74.11260223388672,0.5471258049934437,0,0.99,0.010000000000000009,970430.7492634582,
2016-12-05,71.49036407470703,74.11260223388672,0.4815824069374817,0,0.99,0.010000000000000009,970430.7492634582,
2016-12-06,71.49036407470703,74.11260223388672,0.4847363420242511,0,0.99,0.010000000000000009,970430.7492634582,
2016-12-07,71.49036407470703,74.11260223388672,0.4857242299604378,0,0.99,0.010000000000000009,970430.7492634582,
2016-12-08,72.16480255126953,74.11260223388672,0.5383512124477603,0,0.99,0.010000000000000009,970430.7492634582,
2016-12-09,71.15314483642578,73.4134292602539,0.3784845766002668,0,0.99,0.010000000000000009,970430.7492634582,
2016-12-12,70.81592559814453,73.4134292602539,0.35803010157294024,0,0.99,0.010000000000000009,970430.7492634582,
2016-12-13,70.81592559814453,73.0638427734375,0.41135616575548056,0,0.99,0.010000000000000009,970430.7492634582,
2016-12-14,70.1414794921875,73.0638427734375,0.3323831504691913,0,0.99,0.010000000000000009,970430.7492634582,
2016-12-15,70.1414794921875,72.71424865722656,0.5846215558331758,0,0.99,0.010000000000000009,970430.7492634582,
2016-12-16,69.46704864501953,72.01507568359375,0.3850633823649174,0,0.99,0.010000000000000009,970430.7492634582,
2016-12-19,69.12983703613281,70.96630859375,0.36513800986119616,0,0.99,0.010000000000000009,970430.7492634582,
2016-12-20,69.80427551269531,70.96630859375,0.11281660395135068,0,0.99,0.010000000000000009,970430.7492634582,
2016-12-21,68.79261016845703,70.61672973632812,0.052331099502199455,0,0.99,0.010000000000000009,970430.7492634582,
2016-12-22,69.12983703613281,70.61672973632812,0.1973703982503054,0,0.99,0.010000000000000009,970430.7492634582,
2016-12-23,68.79261016845703,70.61672973632812,0.1505061824413062,0,0.99,0.010000000000000009,970430.7492634582,
2016-12-26,68.79261016845703,70.61672973632812,0.3609712339180066,0,0.99,0.010000000000000009,970430.7492634582,
2016-12-27,68.79261016845703,70.61672973632812,0.3342659038052331,0,0.99,0.010000000000000009,970430.7492634582,
2016-12-28,68.45539093017578,70.96630859375,0.30464442077802617,0,0.99,0.010000000000000009,970430.7492634582,
2016-12-29,68.79261016845703,70.96630859375,0.5812129490332149,0,0.99,0.010000000000000009,970430.7492634582,
2016-12-30,70.1414794921875,70.96630859375,0.39764346534459183,0,0.99,0.010000000000000009,970430.7492634582,
2017-01-03,70.47870635986328,71.66548919677734,0.021804699117799756,0,0.99,0.010000000000000009,970430.7492634582,
2017-01-04,71.82757568359375,72.36466979980469,0.06486036062371817,0,0.99,0.010000000000000009,970430.7492634582,
2017-01-05,72.50200653076172,73.0638427734375,0.0012379467685787713,1,0.99,0.010000000000000009,970364.926629486,Long Spread
2017-01-06,71.49036407470703,72.01507568359375,0.0010713090734100722,1,0.99,0.010000000000000009,970290.6773619079,
2017-01-09,71.15314483642578,71.31590270996094,0.00750951669749182,1,0.99,0.010000000000000009,969566.7698912048,
2017-01-10,71.15314483642578,71.31590270996094,0.006138193101946467,1,0.99,0.010000000000000009,969566.7698912048,
2017-01-11,72.16480255126953,70.96630859375,0.0163866059806093,1,0.99,0.010000000000000009,966844.2662290954,
2017-01-12,71.82757568359375,71.31590270996094,0.001563746705691374,1,0.99,0.010000000000000009,968217.9081968688,
2017-01-13,72.50200653076172,71.31590270996094,0.042926697268468886,1,0.99,0.010000000000000009,966869.0465025329,
2017-01-16,72.16480255126953,71.31590270996094,0.0033900309335198413,1,0.99,0.010000000000000009,967543.4544615173,
2017-01-17,72.50200653076172,71.66548919677734,0.08884234442172317,1,0.99,0.010000000000000009,967568.2194761657,
2017-01-18,72.16480255126953,70.96630859375,0.07997003845052247,1,0.99,0.010000000000000009,966844.2662290954,
2017-01-19,71.15314483642578,70.61672973632812,0.11996213725122734,1,0.99,0.010000000000000009,968168.4239439392,
2017-01-20,70.81592559814453,70.96630859375,0.22943536862243652,1,0.99,0.010000000000000009,969542.0201353454,
2017-01-23,71.15314483642578,70.96630859375,0.5874224929933063,0,0.99,0.010000000000000009,968801.8968806457,Close
2017-01-24,70.47870635986328,71.31590270996094,0.6865426991618284,0,0.99,0.010000000000000009,968801.8968806457,
2017-02-02,68.79261016845703,69.91754913330078,0.9712193376242261,0,0.99,0.010000000000000009,968801.8968806457,
2017-02-03,69.12983703613281,69.91754913330078,0.3757825241507777,0,0.99,0.010000000000000009,968801.8968806457,
2017-02-06,70.81592559814453,70.26713562011719,0.3237126802488792,0,0.99,0.010000000000000009,968801.8968806457,
2017-02-07,70.47870635986328,70.61672973632812,0.3418877757494979,0,0.99,0.010000000000000009,968801.8968806457,
2017-02-08,70.1414794921875,70.26713562011719,0.8010435491294757,0,0.99,0.010000000000000009,968801.8968806457,
2017-02-09,70.81592559814453,69.91754913330078,0.6166587319593811,0,0.99,0.010000000000000009,968801.8968806457,
2017-02-10,70.81592559814453,70.61672973632812,0.17463423954039048,0,0.99,0.010000000000000009,968801.8968806457,
2017-02-13,70.81592559814453,70.61672973632812,0.9227954243117775,0,0.99,0.010000000000000009,968801.8968806457,
2017-02-14,71.82757568359375,70.61672973632812,0.9709335235092176,0,0.99,0.010000000000000009,968801.8968806457,
2017-02-15,71.49036407470703,70.61672973632812,0.3249795238630298,0,0.99,0.010000000000000009,968801.8968806457,
2017-02-16,71.82757568359375,70.61672973632812,0.937044676692177,0,0.99,0.010000000000000009,968801.8968806457,
2017-02-17,71.82757568359375,70.61672973632812,0.7761771164038028,0,0.99,0.010000000000000009,968801.8968806457,
2017-02-18,71.82757568359375,70.61672973632812,0.8677195892394967,0,0.99,0.010000000000000009,968801.8968806457,
2017-02-20,72.16480255126953,70.96630859375,0.9980954952387263,-1,0.99,0.010000000000000009,968736.1716361998,Short Spread
2017-02-21,72.83924102783203,70.61672973632812,0.8565195179087961,-1,0.99,0.010000000000000009,970784.2063041686,
2017-02-22,72.16480255126953,70.61672973632812,0.30247586002908033,0,0.99,0.010000000000000009,969369.618089752,Close
2017-02-23,72.83924102783203,71.31590270996094,0.8650878586715507,0,0.99,0.010000000000000009,969369.618089752,
2017-02-24,72.83924102783203,71.31590270996094,0.9903262450904399,-1,0.99,0.010000000000000009,969303.8518840026,Short Spread
2017-03-01,72.83924102783203,70.96630859375,0.997633239392212,-1,0.99,0.010000000000000009,970003.0401164244,
2017-03-02,72.83924102783203,71.31590270996094,0.7963819306041262,-1,0.99,0.010000000000000009,969303.8518840026,
2017-03-03,73.17645263671875,71.66548919677734,0.999665136936234,-1,0.99,0.010000000000000009,969279.1021281432,
2017-03-06,72.83924102783203,71.66548919677734,0.7901885667656393,-1,0.99,0.010000000000000009,968604.6789103698,
2017-03-07,73.51368713378906,71.66548919677734,0.9999843083472829,-1,0.99,0.010000000000000009,969953.5711222838,
2017-03-08,73.17645263671875,72.01507568359375,0.7642615307515195,-1,0.99,0.010000000000000009,968579.9291545104,
2017-03-09,73.17645263671875,72.36466979980469,0.9995763963778317,-1,0.99,0.010000000000000009,967880.7409220885,
2017-03-10,73.51368713378906,72.01507568359375,0.9999136374463642,-1,0.99,0.010000000000000009,969254.398148651,
2017-03-13,73.85089111328125,72.36466979980469,0.6770890304598608,-1,0.99,0.010000000000000009,969229.6178752135,
2017-03-14,73.85089111328125,72.36466979980469,0.7393847607454506,-1,0.99,0.010000000000000009,969229.6178752135,
2017-03-15,74.1881103515625,72.01507568359375,0.998115933305632,-1,0.99,0.010000000000000009,970603.2445841979,
2017-03-16,73.85089111328125,72.71424865722656,0.0006734460753990877,0,0.99,0.010000000000000009,968464.5975547789,Close
2017-03-17,74.1881103515625,73.4134292602539,0.9999856176345929,-1,0.99,0.010000000000000009,968398.6934931944,Short Spread
2017-03-20,75.19977569580078,74.11260223388672,0.9984460606350835,-1,0.99,0.010000000000000009,969023.6782344053,
2017-03-21,75.53699493408203,74.11260223388672,0.7216098883121465,-1,0.99,0.010000000000000009,969698.1167109678,
2017-03-22,75.19977569580078,73.0638427734375,0.01612525574602402,0,0.99,0.010000000000000009,971055.266610565,Close
2017-03-23,75.19977569580078,73.0638427734375,0.4120951965561432,0,0.99,0.010000000000000009,971055.266610565,
2017-03-24,75.53699493408203,73.0638427734375,0.4513176796371898,0,0.99,0.010000000000000009,971055.266610565,
2017-03-27,76.54863739013672,73.4134292602539,0.16567512440507132,0,0.99,0.010000000000000009,971055.266610565,
2017-03-28,75.19977569580078,73.4134292602539,0.0001566491656207912,1,0.99,0.010000000000000009,970989.3220823668,Long Spread
2017-03-29,75.19977569580078,72.71424865722656,0.8030947875384389,0,0.99,0.010000000000000009,969525.044315338,Close
2017-03-30,75.19977569580078,72.71424865722656,0.41733117086393645,0,0.99,0.010000000000000009,969525.044315338,
2017-03-31,75.19977569580078,72.01507568359375,0.5029161519193596,0,0.99,0.010000000000000009,969525.044315338,
2017-04-05,76.21142578125,72.36466979980469,0.23838958793022846,0,0.99,0.010000000000000009,969525.044315338,
2017-04-06,76.54863739013672,72.71424865722656,0.03482647046024936,0,0.99,0.010000000000000009,969525.044315338,
2017-04-07,76.88587188720703,73.0638427734375,0.013647878702552504,0,0.99,0.010000000000000009,969525.044315338,
2017-04-10,76.21142578125,72.71424865722656,0.005861552234891519,1,0.99,0.010000000000000009,969459.0872883605,Long Spread
2017-04-11,76.88587188720703,72.36466979980469,0.2209015550973828,1,0.99,0.010000000000000009,967411.0373616026,
2017-04-12,76.21142578125,72.36466979980469,0.003296051904765502,1,0.99,0.010000000000000009,968759.9295735167,
2017-04-13,76.54863739013672,72.36466979980469,0.1762973382195267,1,0.99,0.010000000000000009,968085.5063557433,
2017-04-14,76.21142578125,72.36466979980469,0.08856673773031642,1,0.99,0.010000000000000009,968759.9295735167,
2017-04-17,76.88587188720703,73.0638427734375,0.2022996769108319,1,0.99,0.010000000000000009,968809.3833088683,
2017-04-18,76.54863739013672,72.71424865722656,0.44799025794895686,1,0.99,0.010000000000000009,968784.664070587,
2017-04-19,74.52533721923828,72.01507568359375,0.3528639264093737,1,0.99,0.010000000000000009,971432.9184651183,
2017-04-20,74.1881103515625,71.66548919677734,0.8393082957722446,0,0.99,0.010000000000000009,971342.3650828551,Close
2017-04-21,74.86255645751953,72.01507568359375,0.8888025415843712,0,0.99,0.010000000000000009,971342.3650828551,
2017-04-24,74.52533721923828,72.01507568359375,0.752425108405914,0,0.99,0.010000000000000009,971342.3650828551,
2017-04-25,75.53699493408203,72.36466979980469,0.8331170667914419,0,0.99,0.010000000000000009,971342.3650828551,
2017-04-26,75.53699493408203,72.01507568359375,0.6229810017264368,0,0.99,0.010000000000000009,971342.3650828551,
2017-04-27,74.86255645751953,72.01507568359375,0.4147242413371334,0,0.99,0.010000000000000009,971342.3650828551,
2017-04-28,75.19977569580078,71.31590270996094,0.7020838616843753,0,0.99,0.010000000000000009,971342.3650828551,
2017-05-02,75.19977569580078,72.01507568359375,0.34596562546395837,0,0.99,0.010000000000000009,971342.3650828551,
2017-05-03,76.21142578125,72.36466979980469,0.6226119438447218,0,0.99,0.010000000000000009,971342.3650828551,
2017-05-04,77.22308349609375,72.71424865722656,0.47434188169398167,0,0.99,0.010000000000000009,971342.3650828551,
2017-05-05,75.87419891357422,72.36466979980469,0.39790276544082753,0,0.99,0.010000000000000009,971342.3650828551,
2017-05-08,76.88587188720703,73.0638427734375,0.755873927432204,0,0.99,0.010000000000000009,971342.3650828551,
2017-05-09,75.87419891357422,73.4134292602539,0.8114173524410171,0,0.99,0.010000000000000009,971342.3650828551,
2017-05-10,75.87419891357422,73.0638427734375,0.9927844540666683,-1,0.99,0.010000000000000009,971276.4075611876,Short Spread
2017-05-11,76.88587188720703,73.0638427734375,0.934984897245083,-1,0.99,0.010000000000000009,973299.7535084533,
2017-05-12,77.22308349609375,73.76300811767578,0.6933108505002864,-1,0.99,0.010000000000000009,972575.8460377501,
2017-05-15,76.88587188720703,74.11260223388672,0.9390446434975718,-1,0.99,0.010000000000000009,971202.2345875548,
2017-05-16,76.88587188720703,74.11260223388672,0.9870242103288592,-1,0.99,0.010000000000000009,971202.2345875548,
2017-05-17,76.54863739013672,74.11260223388672,0.9817661909968768,-1,0.99,0.010000000000000009,970527.7655934142,
2017-05-18,76.88587188720703,74.11260223388672,0.980549432377366,-1,0.99,0.010000000000000009,971202.2345875548,
2017-05-19,76.54863739013672,73.76300811767578,0.9317632018458037,-1,0.99,0.010000000000000009,971226.9538258361,
2017-05-22,76.88587188720703,74.11260223388672,0.9169147576678606,-1,0.99,0.010000000000000009,971202.2345875548,
2017-05-23,76.54863739013672,74.11260223388672,0.9344165942085008,-1,0.99,0.010000000000000009,970527.7655934142,
2017-05-24,75.87419891357422,74.11260223388672,0.9541994880239317,-1,0.99,0.010000000000000009,969178.8886402892,
2017-05-25,75.87419891357422,74.81178283691406,0.9683918530197487,-1,0.99,0.010000000000000009,967780.5274342345,
2017-05-26,76.21142578125,74.81178283691406,0.9967043351705074,-1,0.99,0.010000000000000009,968454.9811695861,
2017-05-31,75.53699493408203,75.16136169433594,0.9837814131147786,-1,0.99,0.010000000000000009,966406.9617604064,
2017-06-01,76.21142578125,75.51094818115234,0.9925761795399528,-1,0.99,0.010000000000000009,967056.6504811095,
2017-06-02,76.21142578125,75.51094818115234,0.9831424669135619,-1,0.99,0.010000000000000009,967056.6504811095,
2017-06-03,76.21142578125,75.51094818115234,0.9661079136663479,-1,0.99,0.010000000000000009,967056.6504811095,
2017-06-05,76.54863739013672,75.51094818115234,0.9436122383814018,-1,0.99,0.010000000000000009,967731.073698883,
2017-06-06,76.21142578125,75.51094818115234,0.9204171925295509,-1,0.99,0.010000000000000009,967056.6504811095,
2017-06-07,76.21142578125,75.16136169433594,0.89453883801064,-1,0.99,0.010000000000000009,967755.8234547423,
2017-06-08,76.21142578125,75.86053466796875,0.7613565566854751,-1,0.99,0.010000000000000009,966357.4775074767,
2017-06-09,76.21142578125,75.51094818115234,0.9337747284929641,-1,0.99,0.010000000000000009,967056.6504811095,
2017-06-12,75.87419891357422,75.51094818115234,0.8032697347396851,-1,0.99,0.010000000000000009,966382.196745758,
2017-06-13,76.21142578125,75.51094818115234,0.7389443322729733,-1,0.99,0.010000000000000009,967056.6504811095,
2017-06-14,76.21142578125,75.51094818115234,0.71340147751191,-1,0.99,0.010000000000000009,967056.6504811095,
2017-06-15,75.87419891357422,75.86053466796875,0.6649515587347774,-1,0.99,0.010000000000000009,965683.0237721251,
2017-06-16,76.21142578125,75.16136169433594,0.7620999847347769,-1,0.99,0.010000000000000009,967755.8234547423,
2017-06-19,76.54863739013672,75.51094818115234,0.43261590481197953,0,0.99,0.010000000000000009,967664.9913154601,Close
2017-06-20,76.88587188720703,75.16136169433594,0.6238485649692799,0,0.99,0.010000000000000009,967664.9913154601,
2017-06-21,77.22308349609375,75.16136169433594,0.5011190040754784,0,0.99,0.010000000000000009,967664.9913154601,
2017-06-22,77.56029510498047,75.86053466796875,0.5074699082066813,0,0.99,0.010000000000000009,967664.9913154601,
2017-06-23,77.22308349609375,75.86053466796875,0.8693817653990468,0,0.99,0.010000000000000009,967664.9913154601,
2017-06-26,77.56029510498047,76.21012878417969,0.8189045906955283,0,0.99,0.010000000000000009,967664.9913154601,
2017-06-27,77.56029510498047,76.21012878417969,0.9510689611626236,0,0.99,0.010000000000000009,967664.9913154601,
2017-06-28,77.56029510498047,75.86053466796875,0.9169533677247045,0,0.99,0.010000000000000009,967664.9913154601,
2017-06-29,76.88587188720703,75.51094818115234,0.701046628679002,0,0.99,0.010000000000000009,967664.9913154601,
2017-06-30,77.22308349609375,75.51094818115234,0.4177442206801745,0,0.99,0.010000000000000009,967664.9913154601,
2017-07-03,77.56029510498047,76.21012878417969,0.4134421931463958,0,0.99,0.010000000000000009,967664.9913154601,
2017-07-04,77.22308349609375,75.51094818115234,0.8165551045215189,0,0.99,0.010000000000000009,967664.9913154601,
2017-07-05,77.56029510498047,76.21012878417969,0.335049563959155,0,0.99,0.010000000000000009,967664.9913154601,
2017-07-06,77.56029510498047,75.86053466796875,0.735718659261763,0,0.99,0.010000000000000009,967664.9913154601,
2017-07-07,77.22308349609375,75.86053466796875,0.5478001800373367,0,0.99,0.010000000000000009,967664.9913154601,
2017-07-10,76.21142578125,75.86053466796875,0.44014267409031615,0,0.99,0.010000000000000009,967664.9913154601,
2017-07-11,75.6514663696289,76.21012878417969,0.1138593257418673,0,0.99,0.010000000000000009,967664.9913154601,
2017-07-12,75.6514663696289,76.21012878417969,0.24793652810837175,0,0.99,0.010000000000000009,967664.9913154601,
2017-07-13,76.00497436523438,76.55970764160156,0.24866371853325958,0,0.99,0.010000000000000009,967664.9913154601,
2017-07-14,75.29795837402344,76.55970764160156,0.42067260386126015,0,0.99,0.010000000000000009,967664.9913154601,
2017-07-17,74.94444274902344,76.90929412841797,0.2581082491449747,0,0.99,0.010000000000000009,967664.9913154601,
2017-07-18,75.6514663696289,77.2588882446289,0.4814734375591529,0,0.99,0.010000000000000009,967664.9913154601,
2017-07-19,75.29795837402344,76.90929412841797,0.8313524930610112,0,0.99,0.010000000000000009,967664.9913154601,
2017-07-20,75.6514663696289,76.55970764160156,0.30043133477700035,0,0.99,0.010000000000000009,967664.9913154601,
2017-07-21,75.6514663696289,75.78495788574219,0.14544546968725686,0,0.99,0.010000000000000009,967664.9913154601,
2017-07-24,76.35848999023438,75.78495788574219,0.024284019742194008,0,0.99,0.010000000000000009,967664.9913154601,
2017-07-25,75.6514663696289,75.78495788574219,0.032918421594774386,0,0.99,0.010000000000000009,967664.9913154601,
2017-07-26,75.6514663696289,75.78495788574219,0.018446737374851186,0,0.99,0.010000000000000009,967664.9913154601,
2017-07-27,76.35848999023438,75.78495788574219,0.01902816840056448,0,0.99,0.010000000000000009,967664.9913154601,
2017-07-28,76.00497436523438,75.41883850097656,0.02390276983334617,0,0.99,0.010000000000000009,967664.9913154601,
2017-07-31,76.35848999023438,74.68661499023438,0.015102527807361535,0,0.99,0.010000000000000009,967664.9913154601,
2017-08-01,76.35848999023438,74.68661499023438,0.01776810657345816,0,0.99,0.010000000000000009,967664.9913154601,
2017-08-02,76.35848999023438,74.68661499023438,0.01868793265004903,0,0.99,0.010000000000000009,967664.9913154601,
2017-08-03,76.00497436523438,74.68661499023438,0.01939998463104149,0,0.99,0.010000000000000009,967664.9913154601,
2017-08-04,76.00497436523438,75.05272674560547,0.023419524512313824,0,0.99,0.010000000000000009,967664.9913154601,
2017-08-07,76.00497436523438,74.68661499023438,0.11137169181418027,0,0.99,0.010000000000000009,967664.9913154601,
2017-08-08,76.00497436523438,75.05272674560547,0.02266123414351155,0,0.99,0.010000000000000009,967664.9913154601,
2017-08-09,76.00497436523438,74.68661499023438,0.1303391155476477,0,0.99,0.010000000000000009,967664.9913154601,
2017-08-10,76.35848999023438,74.68661499023438,0.020802721159909564,0,0.99,0.010000000000000009,967664.9913154601,
2017-08-11,75.6514663696289,74.68661499023438,0.01386734736774066,0,0.99,0.010000000000000009,967664.9913154601,
2017-08-14,76.00497436523438,74.68661499023438,0.02672533577136506,0,0.99,0.010000000000000009,967664.9913154601,
2017-08-15,76.00497436523438,75.05272674560547,0.017478700450849437,0,0.99,0.010000000000000009,967664.9913154601,
2017-08-16,76.00497436523438,75.05272674560547,0.19289290411413257,0,0.99,0.010000000000000009,967664.9913154601,
2017-08-17,76.35848999023438,75.05272674560547,0.18738378531213673,0,0.99,0.010000000000000009,967664.9913154601,
2017-08-18,75.6514663696289,75.05272674560547,0.1400062315170339,0,0.99,0.010000000000000009,967664.9913154601,
2017-08-21,76.35848999023438,75.05272674560547,0.2500012472069249,0,0.99,0.010000000000000009,967664.9913154601,
2017-08-22,75.6514663696289,75.41883850097656,0.13159211765069534,0,0.99,0.010000000000000009,967664.9913154601,
2017-08-23,76.00497436523438,75.41883850097656,0.4069292543461509,0,0.99,0.010000000000000009,967664.9913154601,
2017-08-24,76.00497436523438,75.41883850097656,0.32991243011780275,0,0.99,0.010000000000000009,967664.9913154601,
2017-08-25,76.00497436523438,75.78495788574219,0.3414710514661172,0,0.99,0.010000000000000009,967664.9913154601,
2017-08-28,76.71199798583984,76.15106201171875,0.36432122891936236,0,0.99,0.010000000000000009,967664.9913154601,
2017-08-29,76.35848999023438,76.15106201171875,0.28395177826810436,0,0.99,0.010000000000000009,967664.9913154601,
2017-08-30,76.00497436523438,76.51716613769531,0.320357507163305,0,0.99,0.010000000000000009,967664.9913154601,
2017-08-31,76.35848999023438,76.8832778930664,0.5169615282154759,0,0.99,0.010000000000000009,967664.9913154601,
2017-09-01,76.35848999023438,76.51716613769531,0.4297109623381121,0,0.99,0.010000000000000009,967664.9913154601,
2017-09-04,76.35848999023438,76.8832778930664,0.4201115414880532,0,0.99,0.010000000000000009,967664.9913154601,
2017-09-05,76.00497436523438,76.51716613769531,0.47634891498603016,0,0.99,0.010000000000000009,967664.9913154601,
2017-09-06,76.00497436523438,76.15106201171875,0.5374893202112316,0,0.99,0.010000000000000009,967664.9913154601,
2017-09-07,75.6514663696289,76.51716613769531,0.39567587586427166,0,0.99,0.010000000000000009,967664.9913154601,
2017-09-08,76.00497436523438,76.8832778930664,0.6196049980357918,0,0.99,0.010000000000000009,967664.9913154601,
2017-09-11,75.6514663696289,76.51716613769531,0.5720553136908388,0,0.99,0.010000000000000009,967664.9913154601,
2017-09-12,75.6514663696289,76.51716613769531,0.5887610465211812,0,0.99,0.010000000000000009,967664.9913154601,
2017-09-13,75.6514663696289,76.15106201171875,0.5775912478825439,0,0.99,0.010000000000000009,967664.9913154601,
2017-09-14,75.6514663696289,76.15106201171875,0.44101208461628394,0,0.99,0.010000000000000009,967664.9913154601,
2017-09-15,76.35848999023438,76.51716613769531,0.4279726017971155,0,0.99,0.010000000000000009,967664.9913154601,
2017-09-18,75.6514663696289,76.15106201171875,0.39133325739371827,0,0.99,0.010000000000000009,967664.9913154601,
2017-09-19,76.35848999023438,76.15106201171875,0.40842703069669795,0,0.99,0.010000000000000009,967664.9913154601,
2017-09-20,76.00497436523438,76.15106201171875,0.3110735646980246,0,0.99,0.010000000000000009,967664.9913154601,
2017-09-21,75.6514663696289,75.78495788574219,0.34896635454603486,0,0.99,0.010000000000000009,967664.9913154601,
2017-09-22,75.6514663696289,75.78495788574219,0.35000281116185594,0,0.99,0.010000000000000009,967664.9913154601,
2017-09-25,75.6514663696289,75.41883850097656,0.34304661069289744,0,0.99,0.010000000000000009,967664.9913154601,
2017-09-26,75.6514663696289,75.41883850097656,0.2668677814398602,0,0.99,0.010000000000000009,967664.9913154601,
2017-09-27,75.6514663696289,75.41883850097656,0.2821401308222177,0,0.99,0.010000000000000009,967664.9913154601,
2017-09-28,76.35848999023438,75.41883850097656,0.31699270864922424,0,0.99,0.010000000000000009,967664.9913154601,
2017-09-29,76.35848999023438,76.51716613769531,0.5380581166988916,0,0.99,0.010000000000000009,967664.9913154601,
2017-10-02,76.71199798583984,75.78495788574219,0.9526771899689586,0,0.99,0.010000000000000009,967664.9913154601,
2017-10-03,75.6514663696289,75.41883850097656,0.8568601965711028,0,0.99,0.010000000000000009,967664.9913154601,
2017-10-05,76.00497436523438,75.41883850097656,0.3760870882306183,0,0.99,0.010000000000000009,967664.9913154601,
2017-10-06,76.35848999023438,75.41883850097656,0.48839650472011564,0,0.99,0.010000000000000009,967664.9913154601,
2017-10-11,76.35848999023438,75.41883850097656,0.6088426878302742,0,0.99,0.010000000000000009,967664.9913154601,
2017-10-12,76.00497436523438,75.41883850097656,0.5861987419891982,0,0.99,0.010000000000000009,967664.9913154601,
2017-10-13,77.06551361083984,75.78495788574219,0.47970637542491795,0,0.99,0.010000000000000009,967664.9913154601,
2017-10-16,76.35848999023438,75.41883850097656,0.7338202299407273,0,0.99,0.010000000000000009,967664.9913154601,
2017-10-17,76.35848999023438,75.78495788574219,0.47203910295196433,0,0.99,0.010000000000000009,967664.9913154601,
2017-10-18,76.35848999023438,75.41883850097656,0.5922199334645118,0,0.99,0.010000000000000009,967664.9913154601,
2017-10-19,76.00497436523438,75.05272674560547,0.44909462405513756,0,0.99,0.010000000000000009,967664.9913154601,
2017-10-20,76.00497436523438,75.05272674560547,0.1674521737367305,0,0.99,0.010000000000000009,967664.9913154601,
2017-10-23,76.00497436523438,75.41883850097656,0.18181320670618872,0,0.99,0.010000000000000009,967664.9913154601,
2017-10-24,76.00497436523438,75.05272674560547,0.49667897978272746,0,0.99,0.010000000000000009,967664.9913154601,
2017-10-25,75.6514663696289,75.05272674560547,0.19617883652493834,0,0.99,0.010000000000000009,967664.9913154601,
2017-10-26,76.00497436523438,75.05272674560547,0.22980497411086487,0,0.99,0.010000000000000009,967664.9913154601,
2017-10-27,76.00497436523438,75.41883850097656,0.18524217572163093,0,0.99,0.010000000000000009,967664.9913154601,
2017-10-30,75.6514663696289,75.05272674560547,0.5239586351147116,0,0.99,0.010000000000000009,967664.9913154601,
2017-10-31,76.00497436523438,75.41883850097656,0.16059656989302706,0,0.99,0.010000000000000009,967664.9913154601,
2017-11-01,75.29795837402344,75.05272674560547,0.49078495062725164,0,0.99,0.010000000000000009,967664.9913154601,
2017-11-02,74.94444274902344,74.68661499023438,0.15115726377229888,0,0.99,0.010000000000000009,967664.9913154601,
2017-11-03,74.94444274902344,74.68661499023438,0.030005252843565117,0,0.99,0.010000000000000009,967664.9913154601,
2017-11-06,75.29795837402344,74.68661499023438,0.06076308534017262,0,0.99,0.010000000000000009,967664.9913154601,
2017-11-07,75.6514663696289,75.05272674560547,0.06688912874026762,0,0.99,0.010000000000000009,967664.9913154601,
2017-11-08,75.6514663696289,75.41883850097656,0.1347662705870049,0,0.99,0.010000000000000009,967664.9913154601,
2017-11-09,76.35848999023438,75.41883850097656,0.5098112812788828,0,0.99,0.010000000000000009,967664.9913154601,
2017-11-10,76.00497436523438,75.78495788574219,0.36654614704792643,0,0.99,0.010000000000000009,967664.9913154601,
2017-11-13,75.6514663696289,75.05272674560547,0.6254393218587182,0,0.99,0.010000000000000009,967664.9913154601,
2017-11-14,75.6514663696289,75.41883850097656,0.07349984239163115,0,0.99,0.010000000000000009,967664.9913154601,
2017-11-15,75.6514663696289,75.05272674560547,0.4085355895249244,0,0.99,0.010000000000000009,967664.9913154601,
2017-11-16,75.6514663696289,75.05272674560547,0.06761896459956383,0,0.99,0.010000000000000009,967664.9913154601,
2017-11-17,76.00497436523438,75.41883850097656,0.06973954198958722,0,0.99,0.010000000000000009,967664.9913154601,
2017-11-20,76.35848999023438,75.05272674560547,0.35551808795449846,0,0.99,0.010000000000000009,967664.9913154601,
2017-11-21,76.00497436523438,75.41883850097656,0.07192406600940668,0,0.99,0.010000000000000009,967664.9913154601,
2017-11-22,76.71199798583984,75.78495788574219,0.41852582074125966,0,0.99,0.010000000000000009,967664.9913154601,
2017-11-23,76.71199798583984,75.78495788574219,0.558105920549492,0,0.99,0.010000000000000009,967664.9913154601,
2017-11-24,76.71199798583984,76.15106201171875,0.6006232267725846,0,0.99,0.010000000000000009,967664.9913154601,
2017-11-27,76.71199798583984,76.15106201171875,0.7535082669795854,0,0.99,0.010000000000000009,967664.9913154601,
2017-11-28,76.71199798583984,76.51716613769531,0.7630627176226152,0,0.99,0.010000000000000009,967664.9913154601,
2017-11-29,76.35848999023438,76.51716613769531,0.9432195448045636,0,0.99,0.010000000000000009,967664.9913154601,
2017-11-30,76.00497436523438,75.78495788574219,0.9437752432296431,0,0.99,0.010000000000000009,967664.9913154601,
2017-12-01,76.71199798583984,76.15106201171875,0.6966982442486609,0,0.99,0.010000000000000009,967664.9913154601,
2017-12-04,76.35848999023438,76.15106201171875,0.7857600330618119,0,0.99,0.010000000000000009,967664.9913154601,
2017-12-05,76.35848999023438,76.15106201171875,0.8169560924484829,0,0.99,0.010000000000000009,967664.9913154601,
2017-12-06,76.00497436523438,76.15106201171875,0.8488744348582054,0,0.99,0.010000000000000009,967664.9913154601,
2017-12-07,75.6514663696289,76.51716613769531,0.9158094479852557,0,0.99,0.010000000000000009,967664.9913154601,
2017-12-08,75.29795837402344,76.51716613769531,0.9999267558036807,-1,0.99,0.010000000000000009,967598.9187104796,Short Spread
2017-12-11,75.29795837402344,76.51716613769531,0.9995607402861363,-1,0.99,0.010000000000000009,967598.9187104796,
2017-12-12,75.29795837402344,76.51716613769531,0.9944127136562161,-1,0.99,0.010000000000000009,967598.9187104796,
2017-12-13,75.29795837402344,76.51716613769531,0.986042150185341,-1,0.99,0.010000000000000009,967598.9187104796,
2017-12-14,75.29795837402344,76.8832778930664,0.975623274749795,-1,0.99,0.010000000000000009,966866.6951997374,
2017-12-15,74.94444274902344,77.24938201904297,0.9996621289564807,-1,0.99,0.010000000000000009,965427.4556977843,
2017-12-18,75.6514663696289,76.8832778930664,0.999474873877865,-1,0.99,0.010000000000000009,967573.7111909484,
2017-12-19,74.94444274902344,76.8832778930664,0.9684260465128407,-1,0.99,0.010000000000000009,966159.6639497374,
2017-12-20,75.29795837402344,77.24938201904297,0.9530730969749206,-1,0.99,0.010000000000000009,966134.4869477843,
2017-12-21,75.29795837402344,76.8832778930664,0.982480700758573,-1,0.99,0.010000000000000009,966866.6951997374,
2017-12-22,75.29795837402344,77.24938201904297,0.9095497375969885,-1,0.99,0.010000000000000009,966134.4869477843,
2017-12-25,75.29795837402344,77.6155014038086,0.9616160976872137,-1,0.99,0.010000000000000009,965402.2481782531,
2017-12-26,75.29795837402344,77.24938201904297,0.9987580630340965,-1,0.99,0.010000000000000009,966134.4869477843,
2017-12-27,76.35848999023438,77.6155014038086,0.9224358015423252,-1,0.99,0.010000000000000009,967523.3114106749,
2017-12-28,76.71199798583984,77.24938201904297,0.9887820007014102,-1,0.99,0.010000000000000009,968962.5661714171,
2017-12-29,76.00497436523438,77.6155014038086,0.9239755357049368,-1,0.99,0.010000000000000009,966816.2801606749,
2018-01-02,76.35848999023438,78.7138442993164,0.969005642820816,-1,0.99,0.010000000000000009,965326.6256196593,
2018-01-03,76.71199798583984,79.07994842529297,0.9990137771226077,-1,0.99,0.010000000000000009,965301.4333589171,
2018-01-04,76.71199798583984,79.07994842529297,0.998363849176828,-1,0.99,0.010000000000000009,965301.4333589171,
2018-01-05,76.71199798583984,79.44605255126953,0.9704236686585491,-1,0.99,0.010000000000000009,964569.225106964,
2018-01-08,77.77253723144531,79.44605255126953,0.99767076900603,-1,0.99,0.010000000000000009,966690.3035981749,
2018-01-09,78.47956085205078,79.81217193603516,0.8745199952285554,-1,0.99,0.010000000000000009,967372.1120698546,
2018-01-10,77.77253723144531,79.44605255126953,0.9717674004603993,-1,0.99,0.010000000000000009,966690.3035981749,
2018-01-11,78.47956085205078,79.44605255126953,0.8001583973346111,-1,0.99,0.010000000000000009,968104.3508393859,
2018-01-12,78.47956085205078,79.44605255126953,0.6015943155323734,-1,0.99,0.010000000000000009,968104.3508393859,
2018-01-15,79.18657684326172,79.81217193603516,0.5597843460915367,-1,0.99,0.010000000000000009,968786.1440522765,
2018-01-16,78.47956085205078,79.81217193603516,0.46036808773032106,0,0.99,0.010000000000000009,967305.7804005431,Close
2018-01-17,78.47956085205078,79.81217193603516,0.7578939894418197,0,0.99,0.010000000000000009,967305.7804005431,
2018-01-18,77.41902160644531,78.7138442993164,0.6863536969561823,0,0.99,0.010000000000000009,967305.7804005431,
2018-01-19,77.41902160644531,79.81217193603516,0.5548231193637165,0,0.99,0.010000000000000009,967305.7804005431,
2018-01-22,77.41902160644531,79.44605255126953,0.6095701107628543,0,0.99,0.010000000000000009,967305.7804005431,
2018-01-23,77.41902160644531,79.81217193603516,0.5691915615252341,0,0.99,0.010000000000000009,967305.7804005431,
2018-01-24,77.77253723144531,79.44605255126953,0.622432741561072,0,0.99,0.010000000000000009,967305.7804005431,
2018-01-25,77.77253723144531,79.44605255126953,0.4533846167581778,0,0.99,0.010000000000000009,967305.7804005431,
2018-01-26,78.12605285644531,79.44605255126953,0.4547955154275402,0,0.99,0.010000000000000009,967305.7804005431,
2018-01-29,78.83306884765625,80.17827606201172,0.4073325500489216,0,0.99,0.010000000000000009,967305.7804005431,
2018-01-30,78.47956085205078,79.07994842529297,0.4139175928853138,0,0.99,0.010000000000000009,967305.7804005431,
2018-01-31,78.83306884765625,79.44605255126953,0.2616097839559256,0,0.99,0.010000000000000009,967305.7804005431,
2018-02-01,78.83306884765625,79.81217193603516,0.3499602926207044,0,0.99,0.010000000000000009,967305.7804005431,
2018-02-02,77.06551361083984,79.81217193603516,0.40157936719595516,0,0.99,0.010000000000000009,967305.7804005431,
2018-02-05,77.06551361083984,79.07994842529297,0.7372049882081992,0,0.99,0.010000000000000009,967305.7804005431,
2018-02-06,74.94444274902344,77.98161315917969,0.5203858578226136,0,0.99,0.010000000000000009,967305.7804005431,
2018-02-07,76.35848999023438,78.7138442993164,0.7041092477245074,0,0.99,0.010000000000000009,967305.7804005431,
2018-02-08,75.6514663696289,79.07994842529297,0.571455464058655,0,0.99,0.010000000000000009,967305.7804005431,
2018-02-09,75.6514663696289,78.7138442993164,0.9024966382050645,0,0.99,0.010000000000000009,967305.7804005431,
2018-02-12,76.00497436523438,77.98161315917969,0.6884409927725408,0,0.99,0.010000000000000009,967305.7804005431,
2018-02-21,76.35848999023438,79.81217193603516,0.10060164449310782,0,0.99,0.010000000000000009,967305.7804005431,
2018-02-22,75.6514663696289,79.44605255126953,0.7849568860249789,0,0.99,0.010000000000000009,967305.7804005431,
2018-02-23,76.00497436523438,80.17827606201172,0.8712566588388707,0,0.99,0.010000000000000009,967305.7804005431,
2018-02-26,76.00497436523438,80.54438781738281,0.8942897986490419,0,0.99,0.010000000000000009,967305.7804005431,
2018-02-27,76.00497436523438,80.17827606201172,0.928879981597493,0,0.99,0.010000000000000009,967305.7804005431,
2018-03-01,75.29795837402344,79.44605255126953,0.8261829652158139,0,0.99,0.010000000000000009,967305.7804005431,
2018-03-02,75.6514663696289,79.07994842529297,0.8512318266511023,0,0.99,0.010000000000000009,967305.7804005431,
2018-03-05,75.29795837402344,79.07994842529297,0.3297920229318809,0,0.99,0.010000000000000009,967305.7804005431,
2018-03-06,76.00497436523438,80.17827606201172,0.5640318785095298,0,0.99,0.010000000000000009,967305.7804005431,
2018-03-07,75.6514663696289,80.17827606201172,0.5888832551927828,0,0.99,0.010000000000000009,967305.7804005431,
2018-03-08,75.6514663696289,80.17827606201172,0.8326283882229876,0,0.99,0.010000000000000009,967305.7804005431,
2018-03-09,75.29795837402344,80.17827606201172,0.7860101617686481,0,0.99,0.010000000000000009,967305.7804005431,
2018-03-12,74.94444274902344,79.81217193603516,0.9301037572920813,0,0.99,0.010000000000000009,967305.7804005431,
2018-03-13,74.94444274902344,79.81217193603516,0.8611538324488617,0,0.99,0.010000000000000009,967305.7804005431,
2018-03-14,74.94444274902344,79.81217193603516,0.7715937107240569,0,0.99,0.010000000000000009,967305.7804005431,
2018-03-15,74.94444274902344,79.81217193603516,0.6268330306969101,0,0.99,0.010000000000000009,967305.7804005431,
2018-03-16,74.59092712402344,80.54438781738281,0.39737127263862504,0,0.99,0.010000000000000009,967305.7804005431,
2018-03-19,74.94444274902344,80.54438781738281,0.995126419360949,-1,0.99,0.010000000000000009,967239.5608473205,Short Spread
2018-03-20,74.94444274902344,80.17827606201172,0.8544169061901374,-1,0.99,0.010000000000000009,967971.7843580627,
2018-03-21,75.6514663696289,80.91050720214844,0.4979528765829201,0,0.99,0.010000000000000009,967855.1068400573,Close
2018-03-22,76.35848999023438,81.64273071289062,0.7669225592181067,0,0.99,0.010000000000000009,967855.1068400573,
2018-03-23,75.6514663696289,80.54438781738281,0.8031929321632931,0,0.99,0.010000000000000009,967855.1068400573,
2018-03-26,76.35848999023438,81.276611328125,0.3031220503941988,0,0.99,0.010000000000000009,967855.1068400573,
2018-03-27,76.71199798583984,82.00884246826172,0.5893816883493126,0,0.99,0.010000000000000009,967855.1068400573,
2018-03-28,76.71199798583984,82.37494659423828,0.8303947180103675,0,0.99,0.010000000000000009,967855.1068400573,
2018-03-29,77.06551361083984,81.64273071289062,0.8601915125305254,0,0.99,0.010000000000000009,967855.1068400573,
2018-03-30,77.41902160644531,82.74105834960938,0.4786632033450708,0,0.99,0.010000000000000009,967855.1068400573,
2018-04-02,77.77253723144531,82.37494659423828,0.9036732464345794,0,0.99,0.010000000000000009,967855.1068400573,
2018-04-03,77.41902160644531,82.00884246826172,0.6020718183444072,0,0.99,0.010000000000000009,967855.1068400573,
2018-04-09,77.77253723144531,83.47327423095703,0.4489655001543567,0,0.99,0.010000000000000009,967855.1068400573,
2018-04-10,77.77253723144531,83.83938598632812,0.9983884311328068,-1,0.99,0.010000000000000009,967788.6423631286,Short Spread
2018-04-11,77.77253723144531,83.47327423095703,0.9999971178036733,-1,0.99,0.010000000000000009,968520.8658738708,
2018-04-12,77.41902160644531,83.47327423095703,0.9874046150191326,-1,0.99,0.010000000000000009,967813.8346238708,
2018-04-13,77.06551361083984,83.10717010498047,0.9781500897689966,-1,0.99,0.010000000000000009,967839.026884613,
2018-04-16,78.12605285644531,82.74105834960938,0.8496046072235919,-1,0.99,0.010000000000000009,970692.3288865661,
2018-04-17,77.41902160644531,83.10717010498047,0.41374631611072243,0,0.99,0.010000000000000009,968479.6218281555,Close
2018-04-18,77.77253723144531,83.83938598632812,0.7482087861527222,0,0.99,0.010000000000000009,968479.6218281555,
2018-04-19,77.77253723144531,83.47327423095703,0.9911591670601224,-1,0.99,0.010000000000000009,968413.171995697,Short Spread
2018-04-20,77.77253723144531,83.10717010498047,0.7961853867326718,-1,0.99,0.010000000000000009,969145.3802476501,
2018-04-23,77.77253723144531,82.37494659423828,0.549821824887988,-1,0.99,0.010000000000000009,970609.8272691345,
2018-04-24,77.06551361083984,81.276611328125,0.16198739925093586,0,0.99,0.010000000000000009,971326.1168751526,Close
2018-04-25,76.71199798583984,80.91050720214844,0.007379293273568018,1,0.99,0.010000000000000009,971259.811974945,Long Spread
2018-04-26,77.06551361083984,81.64273071289062,0.007462927246888265,1,0.99,0.010000000000000009,972017.2277464294,
2018-04-27,77.06551361083984,82.74105834960938,0.05410841780240071,1,0.99,0.010000000000000009,974213.8830198669,
2018-04-30,77.41902160644531,82.74105834960938,0.44169241217557303,1,0.99,0.010000000000000009,973506.867028656,
2018-05-02,78.47956085205078,82.00884246826172,0.36768390306865173,1,0.99,0.010000000000000009,969921.3567747497,
2018-05-03,77.77253723144531,81.64273071289062,0.027022434773563298,1,0.99,0.010000000000000009,970603.1805052184,
2018-05-04,77.41902160644531,81.64273071289062,0.01306589861548576,1,0.99,0.010000000000000009,971310.2117552184,
2018-05-07,77.06551361083984,82.00884246826172,0.03897434305446782,1,0.99,0.010000000000000009,972749.4512571716,
2018-05-08,77.77253723144531,82.00884246826172,0.15536708767488533,1,0.99,0.010000000000000009,971335.4040159606,
2018-05-09,76.71199798583984,80.54438781738281,0.05948137435209579,1,0.99,0.010000000000000009,970527.5732054138,
2018-05-10,76.35848999023438,79.44605255126953,0.007728751763971935,1,0.99,0.010000000000000009,969037.9186643981,
2018-05-11,75.6514663696289,79.81217193603516,0.010261833464533396,1,0.99,0.010000000000000009,971184.2046751403,
2018-05-14,75.6514663696289,79.81217193603516,0.03497522823575826,1,0.99,0.010000000000000009,971184.2046751403,
2018-05-15,75.6514663696289,79.44605255126953,0.0405567260961824,1,0.99,0.010000000000000009,970451.9659056091,
2018-05-16,76.00497436523438,79.07994842529297,0.013467209219502495,1,0.99,0.010000000000000009,969012.741662445,
2018-05-17,76.00497436523438,79.44605255126953,0.01097802636197592,1,0.99,0.010000000000000009,969744.9499143981,
2018-05-18,76.71199798583984,80.54438781738281,0.023910949255885057,1,0.99,0.010000000000000009,970527.5732054138,
2018-05-21,76.71199798583984,80.54438781738281,0.07897307731897363,1,0.99,0.010000000000000009,970527.5732054138,
2018-05-22,76.71199798583984,80.17827606201172,0.08418545761881485,1,0.99,0.010000000000000009,969795.3496946716,
2018-05-23,76.71199798583984,80.17827606201172,0.089856728224531,1,0.99,0.010000000000000009,969795.3496946716,
2018-05-24,77.06551361083984,80.17827606201172,0.09410194692876228,1,0.99,0.010000000000000009,969088.3184446716,
2018-05-25,77.41902160644531,80.54438781738281,0.07496367954406144,1,0.99,0.010000000000000009,969113.5259642028,
2018-05-28,77.77253723144531,81.276611328125,0.09924425753827865,1,0.99,0.010000000000000009,969870.9417356872,
2018-05-29,77.77253723144531,80.17827606201172,0.09185513472810841,1,0.99,0.010000000000000009,967674.2712034606,
2018-05-30,77.41902160644531,79.44605255126953,0.045541725363210994,1,0.99,0.010000000000000009,966916.8554319763,
2018-05-31,77.77253723144531,79.81217193603516,0.021249738119396257,1,0.99,0.010000000000000009,966942.0629515075,
2018-06-01,78.12605285644531,80.54438781738281,0.06013455632084123,1,0.99,0.010000000000000009,967699.4634642028,
2018-06-04,78.12605285644531,80.54438781738281,0.12247293286213545,1,0.99,0.010000000000000009,967699.4634642028,
2018-06-05,77.77253723144531,80.54438781738281,0.14525086537657084,1,0.99,0.010000000000000009,968406.4947142028,
2018-06-06,77.41902160644531,80.91050720214844,0.19061310823269517,1,0.99,0.010000000000000009,969845.7647337341,
2018-06-07,78.12605285644531,80.54438781738281,0.3224821073778913,1,0.99,0.010000000000000009,967699.4634642028,
2018-06-08,78.12605285644531,80.54438781738281,0.15718490701112098,1,0.99,0.010000000000000009,967699.4634642028,
2018-06-11,77.77253723144531,80.17827606201172,0.16466016290486896,1,0.99,0.010000000000000009,967674.2712034606,
2018-06-12,78.12605285644531,80.17827606201172,0.1365912966863197,1,0.99,0.010000000000000009,966967.2399534606,
2018-06-13,78.47956085205078,80.54438781738281,0.12421484098273422,1,0.99,0.010000000000000009,966992.4474729919,
2018-06-14,77.77253723144531,79.81217193603516,0.18886402008783565,1,0.99,0.010000000000000009,966942.0629515075,
2018-06-15,77.41902160644531,80.17827606201172,0.0988106368297137,1,0.99,0.010000000000000009,968381.3024534606,
2018-06-19,77.41902160644531,79.81217193603516,0.2210345602611467,1,0.99,0.010000000000000009,967649.0942015075,
2018-06-20,77.77253723144531,80.54438781738281,0.1419585440616521,1,0.99,0.010000000000000009,968406.4947142028,
2018-06-21,78.47956085205078,80.17827606201172,0.3440483465378906,1,0.99,0.010000000000000009,966260.2239622497,
2018-06-22,78.47956085205078,80.54438781738281,0.14656642092201438,1,0.99,0.010000000000000009,966992.4474729919,
2018-06-25,78.12605285644531,80.17827606201172,0.29990636597946574,1,0.99,0.010000000000000009,966967.2399534606,
2018-06-26,78.12605285644531,80.17827606201172,0.23985940110564408,1,0.99,0.010000000000000009,966967.2399534606,
2018-06-27,78.12605285644531,80.17827606201172,0.28218730046735285,1,0.99,0.010000000000000009,966967.2399534606,
2018-06-28,78.47956085205078,80.54438781738281,0.35779833725446764,1,0.99,0.010000000000000009,966992.4474729919,
2018-06-29,78.12605285644531,80.54438781738281,0.46065051640890187,1,0.99,0.010000000000000009,967699.4634642028,
2018-07-02,77.77253723144531,80.17827606201172,0.578164508674631,0,0.99,0.010000000000000009,967607.9531709289,Close
2018-07-03,78.12605285644531,81.276611328125,0.44655863132057266,0,0.99,0.010000000000000009,967607.9531709289,
2018-07-04,78.47956085205078,81.64273071289062,0.687294968632399,0,0.99,0.010000000000000009,967607.9531709289,
2018-07-05,78.12605285644531,82.00884246826172,0.6498209769282948,0,0.99,0.010000000000000009,967607.9531709289,
2018-07-06,78.47956085205078,82.00884246826172,0.8161039423557027,0,0.99,0.010000000000000009,967607.9531709289,
2018-07-09,78.83306884765625,82.00884246826172,0.7946840977759639,0,0.99,0.010000000000000009,967607.9531709289,
2018-07-10,78.90750885009766,82.37494659423828,0.6995200233518345,0,0.99,0.010000000000000009,967607.9531709289,
2018-07-11,78.90750885009766,82.00884246826172,0.7293657920911485,0,0.99,0.010000000000000009,967607.9531709289,
2018-07-12,78.16310119628906,81.64273071289062,0.7065760281668954,0,0.99,0.010000000000000009,967607.9531709289,
2018-07-13,78.16310119628906,81.64273071289062,0.8120242046808093,0,0.99,0.010000000000000009,967607.9531709289,
2018-07-16,78.5353012084961,81.64273071289062,0.8265103776281542,0,0.99,0.010000000000000009,967607.9531709289,
2018-07-17,78.5353012084961,82.00884246826172,0.7658742851137381,0,0.99,0.010000000000000009,967607.9531709289,
2018-07-18,78.5353012084961,82.00884246826172,0.9341029423650609,0,0.99,0.010000000000000009,967607.9531709289,
2018-07-19,78.16310119628906,81.64273071289062,0.9516468126841177,0,0.99,0.010000000000000009,967607.9531709289,
2018-07-20,78.16310119628906,81.64273071289062,0.8498912177839378,0,0.99,0.010000000000000009,967607.9531709289,
2018-07-23,78.5353012084961,81.48664855957031,0.846054404869858,0,0.99,0.010000000000000009,967607.9531709289,
2018-07-24,78.90750885009766,80.72149658203125,0.6658193776877477,0,0.99,0.010000000000000009,967607.9531709289,
2018-07-25,78.5353012084961,80.33894348144531,0.45938611660775147,0,0.99,0.010000000000000009,967607.9531709289,
2018-07-26,78.5353012084961,80.72149658203125,0.6060695779264231,0,0.99,0.010000000000000009,967607.9531709289,
2018-07-27,78.5353012084961,80.72149658203125,0.6617919718342705,0,0.99,0.010000000000000009,967607.9531709289,
2018-07-30,78.5353012084961,81.10407257080078,0.6870421183718589,0,0.99,0.010000000000000009,967607.9531709289,
2018-07-31,78.5353012084961,81.10407257080078,0.754288394883161,0,0.99,0.010000000000000009,967607.9531709289,
2018-08-01,78.90750885009766,81.10407257080078,0.7864655224921455,0,0.99,0.010000000000000009,967607.9531709289,
2018-08-02,78.16310119628906,80.72149658203125,0.6752216798259203,0,0.99,0.010000000000000009,967607.9531709289,
2018-08-03,78.16310119628906,81.10407257080078,0.8104366891864592,0,0.99,0.010000000000000009,967607.9531709289,
2018-08-06,78.5353012084961,81.48664855957031,0.8386792453261434,0,0.99,0.010000000000000009,967607.9531709289,
2018-08-07,78.16310119628906,81.48664855957031,0.8699894423704045,0,0.99,0.010000000000000009,967607.9531709289,
2018-08-08,78.16310119628906,81.86920928955078,0.8963879533657739,0,0.99,0.010000000000000009,967607.9531709289,
2018-08-09,78.16310119628906,81.86920928955078,0.9726154522610558,0,0.99,0.010000000000000009,967607.9531709289,
2018-08-10,78.90750885009766,82.25177001953125,0.9173971698149364,0,0.99,0.010000000000000009,967607.9531709289,
2018-08-13,78.5353012084961,81.48664855957031,0.9831515345040911,0,0.99,0.010000000000000009,967607.9531709289,
2018-08-14,78.90750885009766,81.86920928955078,0.682921256227657,0,0.99,0.010000000000000009,967607.9531709289,
2018-08-15,78.5353012084961,81.86920928955078,0.8330106084229716,0,0.99,0.010000000000000009,967607.9531709289,
2018-08-16,78.16310119628906,81.48664855957031,0.7991739191163787,0,0.99,0.010000000000000009,967607.9531709289,
2018-08-17,78.90750885009766,81.86920928955078,0.5342507614814614,0,0.99,0.010000000000000009,967607.9531709289,
2018-08-20,78.90750885009766,81.86920928955078,0.790513889464675,0,0.99,0.010000000000000009,967607.9531709289,
2018-08-21,79.27971649169922,83.01690673828125,0.7692239365239499,0,0.99,0.010000000000000009,967607.9531709289,
2018-08-22,79.65191650390625,82.63433837890625,0.9992628539515647,-1,0.99,0.010000000000000009,967541.4617207336,Short Spread
2018-08-23,80.02412414550781,83.01690673828125,0.986306980234698,-1,0.99,0.010000000000000009,967520.7402851867,
2018-08-24,79.65191650390625,82.25177001953125,0.9807593822266262,-1,0.99,0.010000000000000009,968306.5984394836,
2018-08-27,80.02412414550781,82.63433837890625,0.8163110429079007,-1,0.99,0.010000000000000009,968285.8770039367,
2018-08-28,80.02412414550781,83.01690673828125,0.8915299768487389,-1,0.99,0.010000000000000009,967520.7402851867,
2018-08-29,80.02412414550781,83.01690673828125,0.9321716311542942,-1,0.99,0.010000000000000009,967520.7402851867,
2018-08-30,79.65191650390625,82.25177001953125,0.8990839953155876,-1,0.99,0.010000000000000009,968306.5984394836,
2018-08-31,79.65191650390625,83.01690673828125,0.643597151613033,-1,0.99,0.010000000000000009,966776.3250019836,
2018-09-03,80.02412414550781,82.63433837890625,0.9139438054833188,-1,0.99,0.010000000000000009,968285.8770039367,
2018-09-04,80.02412414550781,83.01690673828125,0.7194773258229049,-1,0.99,0.010000000000000009,967520.7402851867,
2018-09-05,79.65191650390625,82.63433837890625,0.8319699880230731,-1,0.99,0.010000000000000009,967541.4617207336,
2018-09-06,79.65191650390625,82.25177001953125,0.7425478431496205,-1,0.99,0.010000000000000009,968306.5984394836,
2018-09-07,80.02412414550781,82.63433837890625,0.38247938675598037,0,0.99,0.010000000000000009,968219.3706654357,Close
2018-09-10,80.02412414550781,83.01690673828125,0.5554915083176772,0,0.99,0.010000000000000009,968219.3706654357,
2018-09-11,80.7685317993164,84.16460418701172,0.7669775735861886,0,0.99,0.010000000000000009,968219.3706654357,
2018-09-12,81.1407470703125,84.16460418701172,0.9743368512763444,0,0.99,0.010000000000000009,968219.3706654357,
2018-09-13,81.1407470703125,83.78204345703125,0.7734234313378066,0,0.99,0.010000000000000009,968219.3706654357,
2018-09-14,81.512939453125,83.01690673828125,0.7896493929931663,0,0.99,0.010000000000000009,968219.3706654357,
2018-09-17,81.1407470703125,83.01690673828125,0.08898045184025433,0,0.99,0.010000000000000009,968219.3706654357,
2018-09-18,81.1407470703125,84.16460418701172,0.3024610071250291,0,0.99,0.010000000000000009,968219.3706654357,
2018-09-19,81.512939453125,84.54717254638672,0.8800406995574432,0,0.99,0.010000000000000009,968219.3706654357,
2018-09-20,81.1407470703125,84.16460418701172,0.9877980814588412,0,0.99,0.010000000000000009,968219.3706654357,
2018-09-21,81.512939453125,83.78204345703125,0.8054452057015644,0,0.99,0.010000000000000009,968219.3706654357,
2018-09-25,81.1407470703125,83.78204345703125,0.3128913090229526,0,0.99,0.010000000000000009,968219.3706654357,
2018-09-26,81.1407470703125,83.78204345703125,0.5706740642604372,0,0.99,0.010000000000000009,968219.3706654357,
2018-09-27,81.512939453125,84.16460418701172,0.5052191054299616,0,0.99,0.010000000000000009,968219.3706654357,
2018-09-28,81.512939453125,84.16460418701172,0.6244073100469602,0,0.99,0.010000000000000009,968219.3706654357,
2018-10-01,81.512939453125,84.54717254638672,0.6082305468073791,0,0.99,0.010000000000000009,968219.3706654357,
2018-10-02,81.1407470703125,83.78204345703125,0.8615389946074862,0,0.99,0.010000000000000009,968219.3706654357,
2018-10-03,81.512939453125,83.39946746826172,0.41857854244713394,0,0.99,0.010000000000000009,968219.3706654357,
2018-10-04,80.39633178710938,82.63433837890625,0.14247209511728692,0,0.99,0.010000000000000009,968219.3706654357,
2018-10-05,80.7685317993164,83.39946746826172,0.07126444783695535,0,0.99,0.010000000000000009,968219.3706654357,
2018-10-08,81.1407470703125,83.01690673828125,0.33758936644651094,0,0.99,0.010000000000000009,968219.3706654357,
2018-10-09,81.1407470703125,83.78204345703125,0.058320603082901004,0,0.99,0.010000000000000009,968219.3706654357,
2018-10-11,80.39633178710938,83.01690673828125,0.534291593389044,0,0.99,0.010000000000000009,968219.3706654357,
2018-10-12,80.7685317993164,82.63433837890625,0.3290085137280713,0,0.99,0.010000000000000009,968219.3706654357,
2018-10-15,80.02412414550781,81.48664855957031,0.0629094544567681,0,0.99,0.010000000000000009,968219.3706654357,
2018-10-16,80.02412414550781,81.86920928955078,0.06571961168386917,0,0.99,0.010000000000000009,968219.3706654357,
2018-10-17,80.39633178710938,81.86920928955078,0.13859505873107875,0,0.99,0.010000000000000009,968219.3706654357,
2018-10-18,80.39633178710938,82.25177001953125,0.044183181937565846,0,0.99,0.010000000000000009,968219.3706654357,
2018-10-19,80.7685317993164,81.48664855957031,0.14433772885043794,0,0.99,0.010000000000000009,968219.3706654357,
2018-10-22,80.39633178710938,82.25177001953125,0.0029427494205297522,1,0.99,0.010000000000000009,968152.8647413634,Long Spread
2018-10-23,80.02412414550781,81.48664855957031,0.16117727548011646,1,0.99,0.010000000000000009,967367.0371046447,
2018-10-24,80.7685317993164,81.86920928955078,0.12555881074707215,1,0.99,0.010000000000000009,966643.3432569884,
2018-10-25,81.512939453125,82.63433837890625,0.0456551132821654,1,0.99,0.010000000000000009,966684.7861280822,
2018-10-26,81.8851547241211,83.39946746826172,0.03373659717094999,1,0.99,0.010000000000000009,967470.613764801,
2018-10-29,81.8851547241211,83.78204345703125,0.0785969960116178,1,0.99,0.010000000000000009,968235.76574234,
2018-10-30,81.8851547241211,83.01690673828125,0.2343552329444899,1,0.99,0.010000000000000009,966705.49230484,
2018-10-31,82.25736236572266,83.78204345703125,0.05510512674127231,1,0.99,0.010000000000000009,967491.3504591369,
2018-11-01,81.512939453125,81.86920928955078,0.15666670930580562,1,0.99,0.010000000000000009,965154.5279493713,
2018-11-02,80.39633178710938,81.10407257080078,0.031207979076134644,1,0.99,0.010000000000000009,965857.4698439025,
2018-11-05,80.7685317993164,80.72149658203125,0.12025532114320492,1,0.99,0.010000000000000009,964347.9178419494,
2018-11-06,81.1407470703125,81.10407257080078,0.040015932680842276,1,0.99,0.010000000000000009,964368.6392774963,
2018-11-07,81.8851547241211,81.86920928955078,0.056094190558326484,1,0.99,0.010000000000000009,964410.0974073791,
2018-11-08,81.512939453125,81.86920928955078,0.051211857975510554,1,0.99,0.010000000000000009,965154.5279493713,
2018-11-09,81.1407470703125,81.86920928955078,0.15481576056130064,1,0.99,0.010000000000000009,965898.9127149963,
2018-11-12,81.512939453125,81.48664855957031,0.3510977041528973,1,0.99,0.010000000000000009,964389.4064894103,
2018-11-13,81.8851547241211,81.86920928955078,0.05217255287944455,1,0.99,0.010000000000000009,964410.0974073791,
2018-11-14,82.25736236572266,81.86920928955078,0.09791448918598616,1,0.99,0.010000000000000009,963665.682124176,
2018-11-15,82.25736236572266,81.86920928955078,0.04452685406446691,1,0.99,0.010000000000000009,963665.682124176,
2018-11-16,81.1407470703125,81.10407257080078,0.10928928458558113,1,0.99,0.010000000000000009,964368.6392774963,
2018-11-19,81.512939453125,81.48664855957031,0.2552652060386078,1,0.99,0.010000000000000009,964389.4064894103,
2018-11-20,81.8851547241211,81.86920928955078,0.17501260138480634,1,0.99,0.010000000000000009,964410.0974073791,
2018-11-21,81.512939453125,81.86920928955078,0.3750838405547445,1,0.99,0.010000000000000009,965154.5279493713,
2018-11-22,81.512939453125,82.25177001953125,0.636654581155867,0,0.99,0.010000000000000009,965853.0988209533,Close
2018-11-23,81.8851547241211,82.63433837890625,0.7476849249804531,0,0.99,0.010000000000000009,965853.0988209533,
2018-11-26,81.512939453125,82.25177001953125,0.5943078727823583,0,0.99,0.010000000000000009,965853.0988209533,
2018-11-27,81.512939453125,82.25177001953125,0.8532917675235822,0,0.99,0.010000000000000009,965853.0988209533,
2018-11-28,81.8851547241211,82.25177001953125,0.8807846335656183,0,0.99,0.010000000000000009,965853.0988209533,
2018-11-29,81.1407470703125,81.48664855957031,0.6287918627186402,0,0.99,0.010000000000000009,965853.0988209533,
2018-11-30,81.1407470703125,81.86920928955078,0.7292719550778494,0,0.99,0.010000000000000009,965853.0988209533,
2018-12-03,80.39633178710938,81.10407257080078,0.9828953777304544,0,0.99,0.010000000000000009,965853.0988209533,
2018-12-04,79.65191650390625,81.10407257080078,0.7717069128893213,0,0.99,0.010000000000000009,965853.0988209533,
2018-12-05,80.02412414550781,81.48664855957031,0.796306036782089,0,0.99,0.010000000000000009,965853.0988209533,
2018-12-06,79.65191650390625,81.48664855957031,0.8692547158543343,0,0.99,0.010000000000000009,965853.0988209533,
2018-12-07,80.39633178710938,81.86920928955078,0.8857880161171816,0,0.99,0.010000000000000009,965853.0988209533,
2018-12-10,80.02412414550781,81.86920928955078,0.9432265654337311,0,0.99,0.010000000000000009,965853.0988209533,
2018-12-11,80.39633178710938,82.25177001953125,0.9520607231186842,0,0.99,0.010000000000000009,965853.0988209533,
2018-12-12,79.65191650390625,82.25177001953125,0.9521399396079976,0,0.99,0.010000000000000009,965853.0988209533,
2018-12-13,80.39633178710938,82.25177001953125,0.978334118484741,0,0.99,0.010000000000000009,965853.0988209533,
2018-12-14,80.02412414550781,82.25177001953125,0.92055670397304,0,0.99,0.010000000000000009,965853.0988209533,
2018-12-17,80.39633178710938,82.25177001953125,0.9393101417573119,0,0.99,0.010000000000000009,965853.0988209533,
2018-12-18,80.39633178710938,81.48664855957031,0.8907655811973134,0,0.99,0.010000000000000009,965853.0988209533,
2018-12-19,80.39633178710938,82.25177001953125,0.6165953672374778,0,0.99,0.010000000000000009,965853.0988209533,
2018-12-20,80.39633178710938,82.25177001953125,0.8986319895173573,0,0.99,0.010000000000000009,965853.0988209533,
2018-12-21,80.39633178710938,82.25177001953125,0.8924879153100775,0,0.99,0.010000000000000009,965853.0988209533,
2018-12-24,80.39633178710938,81.86920928955078,0.8837682827263158,0,0.99,0.010000000000000009,965853.0988209533,
2018-12-25,80.02412414550781,81.48664855957031,0.7349244500407237,0,0.99,0.010000000000000009,965853.0988209533,
2018-12-26,79.27971649169922,81.10407257080078,0.6726710874134265,0,0.99,0.010000000000000009,965853.0988209533,
2018-12-27,79.27971649169922,81.48664855957031,0.5586828567900185,0,0.99,0.010000000000000009,965853.0988209533,
2018-12-28,79.27971649169922,86.45999908447266,0.7663055373504496,0,0.99,0.010000000000000009,965853.0988209533,
2019-01-02,79.65191650390625,81.86920928955078,0.9993144553353194,-1,0.99,0.010000000000000009,965786.6379759215,Short Spread
2019-01-03,79.27971649169922,81.86920928955078,0.6973609935291585,-1,0.99,0.010000000000000009,965042.2379515074,
2019-01-04,79.27971649169922,82.25177001953125,0.7166091378741957,-1,0.99,0.010000000000000009,964277.1164915465,
2019-01-07,80.39633178710938,82.63433837890625,0.904735961503659,-1,0.99,0.010000000000000009,965745.2103636168,
2019-01-08,80.02412414550781,81.86920928955078,0.9312444328087344,-1,0.99,0.010000000000000009,966531.0532591246,
2019-01-09,80.39633178710938,82.25177001953125,0.7483665098833513,-1,0.99,0.010000000000000009,966510.3470823668,
2019-01-10,80.39633178710938,81.86920928955078,0.915127476302869,-1,0.99,0.010000000000000009,967275.4685423278,
2019-01-11,80.7685317993164,81.86920928955078,0.7102518047393517,-1,0.99,0.010000000000000009,968019.8685667418,
2019-01-14,80.7685317993164,81.48664855957031,0.7107833478263498,-1,0.99,0.010000000000000009,968784.9900267028,
2019-01-15,80.39633178710938,81.86920928955078,0.5167564332227229,-1,0.99,0.010000000000000009,967275.4685423278,
2019-01-16,80.7685317993164,81.86920928955078,0.710659871344403,-1,0.99,0.010000000000000009,968019.8685667418,
2019-01-17,81.1407470703125,81.86920928955078,0.7446120516861396,-1,0.99,0.010000000000000009,968764.299108734,
2019-01-18,81.1407470703125,81.86920928955078,0.7022458713672558,-1,0.99,0.010000000000000009,968764.299108734,
2019-01-21,80.39633178710938,81.48664855957031,0.693188695588366,-1,0.99,0.010000000000000009,968040.5900022887,
2019-01-22,81.1407470703125,82.25177001953125,0.4748660027394135,0,0.99,0.010000000000000009,967932.6419480895,Close
2019-01-23,81.1407470703125,81.86920928955078,0.9423981060215553,0,0.99,0.010000000000000009,967932.6419480895,
2019-01-24,81.1407470703125,81.86920928955078,0.8297613597136708,0,0.99,0.010000000000000009,967932.6419480895,
2019-01-25,81.512939453125,81.86920928955078,0.8815684155267358,0,0.99,0.010000000000000009,967932.6419480895,
2019-01-28,80.39633178710938,81.48664855957031,0.9306283422475435,0,0.99,0.010000000000000009,967932.6419480895,
2019-01-29,81.1407470703125,81.86920928955078,0.5521552509689082,0,0.99,0.010000000000000009,967932.6419480895,
2019-01-30,81.512939453125,81.86920928955078,0.8961846790348664,0,0.99,0.010000000000000009,967932.6419480895,
2019-02-11,81.512939453125,81.48664855957031,0.8995203287436984,0,0.99,0.010000000000000009,967932.6419480895,
2019-02-12,80.7685317993164,81.86920928955078,0.5604078394299682,0,0.99,0.010000000000000009,967932.6419480895,
2019-02-13,80.39633178710938,81.10407257080078,0.8215581977804558,0,0.99,0.010000000000000009,967932.6419480895,
2019-02-14,79.65191650390625,81.10407257080078,0.264972441935084,0,0.99,0.010000000000000009,967932.6419480895,
2019-02-15,80.7685317993164,81.48664855957031,0.21267218948199518,0,0.99,0.010000000000000009,967932.6419480895,
2019-02-18,81.1407470703125,81.48664855957031,0.5093845757590582,0,0.99,0.010000000000000009,967932.6419480895,
2019-02-19,80.7685317993164,81.10407257080078,0.5383724119662571,0,0.99,0.010000000000000009,967932.6419480895,
2019-02-20,80.7685317993164,81.48664855957031,0.26688263614548396,0,0.99,0.010000000000000009,967932.6419480895,
2019-02-21,81.512939453125,81.48664855957031,0.5215045222183227,0,0.99,0.010000000000000009,967932.6419480895,
2019-02-22,81.8851547241211,81.86920928955078,0.5636559740742288,0,0.99,0.010000000000000009,967932.6419480895,
2019-02-25,81.512939453125,81.86920928955078,0.9009002694017796,0,0.99,0.010000000000000009,967932.6419480895,
2019-02-26,81.8851547241211,81.48664855957031,0.8698971514040225,0,0.99,0.010000000000000009,967932.6419480895,
2019-02-27,81.8851547241211,81.86920928955078,0.45922341832067337,0,0.99,0.010000000000000009,967932.6419480895,
2019-03-04,81.8851547241211,81.86920928955078,0.8843941019121053,0,0.99,0.010000000000000009,967932.6419480895,
2019-03-05,81.8851547241211,81.86920928955078,0.8826041994384575,0,0.99,0.010000000000000009,967932.6419480895,
2019-03-06,81.512939453125,82.25177001953125,0.8784082943302408,0,0.99,0.010000000000000009,967932.6419480895,
2019-03-07,81.512939453125,81.86920928955078,0.9632024418539863,0,0.99,0.010000000000000009,967932.6419480895,
2019-03-08,81.512939453125,82.25177001953125,0.871273207283265,0,0.99,0.010000000000000009,967932.6419480895,
2019-03-11,81.8851547241211,81.86920928955078,0.9414599052674687,0,0.99,0.010000000000000009,967932.6419480895,
2019-03-12,81.512939453125,82.63433837890625,0.7763802855972992,0,0.99,0.010000000000000009,967932.6419480895,
2019-03-13,81.8851547241211,82.63433837890625,0.9801988828393282,0,0.99,0.010000000000000009,967932.6419480895,
2019-03-14,81.1407470703125,82.25177001953125,0.9600538670903035,0,0.99,0.010000000000000009,967932.6419480895,
2019-03-15,82.25736236572266,82.63433837890625,0.8954638848223191,0,0.99,0.010000000000000009,967932.6419480895,
2019-03-18,81.8851547241211,82.63433837890625,0.9353847939587233,0,0.99,0.010000000000000009,967932.6419480895,
2019-03-19,82.25736236572266,82.63433837890625,0.9257338327961352,0,0.99,0.010000000000000009,967932.6419480895,
2019-03-20,82.25736236572266,82.63433837890625,0.8949261025251473,0,0.99,0.010000000000000009,967932.6419480895,
2019-03-21,82.25736236572266,82.63433837890625,0.8719306468460288,0,0.99,0.010000000000000009,967932.6419480895,
2019-03-22,81.8851547241211,83.01690673828125,0.8502008530910152,0,0.99,0.010000000000000009,967932.6419480895,
2019-03-25,82.25736236572266,82.25177001953125,0.9795971939001773,0,0.99,0.010000000000000009,967932.6419480895,
2019-03-26,83.00177001953125,83.01690673828125,0.711007238287813,0,0.99,0.010000000000000009,967932.6419480895,
2019-03-27,82.62955474853516,83.01690673828125,0.9154692049827861,0,0.99,0.010000000000000009,967932.6419480895,
2019-03-28,83.37396240234375,83.39946746826172,0.9055250149125385,0,0.99,0.010000000000000009,967932.6419480895,
2019-03-29,83.00177001953125,83.78204345703125,0.9339367683142823,0,0.99,0.010000000000000009,967932.6419480895,
2019-04-01,82.62955474853516,84.54717254638672,0.957044946746331,0,0.99,0.010000000000000009,967932.6419480895,
2019-04-02,82.25736236572266,83.78204345703125,0.9646039661549578,0,0.99,0.010000000000000009,967932.6419480895,
2019-04-03,82.62955474853516,83.01690673828125,0.9405836025044867,0,0.99,0.010000000000000009,967932.6419480895,
2019-04-08,82.25736236572266,83.01690673828125,0.7963841557618803,0,0.99,0.010000000000000009,967932.6419480895,
2019-04-09,82.62955474853516,83.78204345703125,0.8312216398415011,0,0.99,0.010000000000000009,967932.6419480895,
2019-04-10,82.62955474853516,83.78204345703125,0.9069884797122314,0,0.99,0.010000000000000009,967932.6419480895,
2019-04-11,82.62955474853516,83.39946746826172,0.9516897798701461,0,0.99,0.010000000000000009,967932.6419480895,
2019-04-12,82.62955474853516,83.78204345703125,0.8999887631504573,0,0.99,0.010000000000000009,967932.6419480895,
2019-04-15,82.62955474853516,83.78204345703125,0.9267272671298041,0,0.99,0.010000000000000009,967932.6419480895,
2019-04-16,83.00177001953125,84.16460418701172,0.9243408103527492,0,0.99,0.010000000000000009,967932.6419480895,
2019-04-17,83.00177001953125,83.78204345703125,0.9694047935783492,0,0.99,0.010000000000000009,967932.6419480895,
2019-04-18,83.37396240234375,84.16460418701172,0.7498932770246618,0,0.99,0.010000000000000009,967932.6419480895,
2019-04-19,83.00177001953125,83.78204345703125,0.8274312450128101,0,0.99,0.010000000000000009,967932.6419480895,
2019-04-22,83.00177001953125,84.16460418701172,0.8270854800108389,0,0.99,0.010000000000000009,967932.6419480895,
2019-04-23,83.74617767333984,84.54717254638672,0.9790039561230819,0,0.99,0.010000000000000009,967932.6419480895,
2019-04-24,83.37396240234375,84.54717254638672,0.878672200480296,0,0.99,0.010000000000000009,967932.6419480895,
2019-04-25,83.74617767333984,84.54717254638672,0.920076350220006,0,0.99,0.010000000000000009,967932.6419480895,
2019-04-26,84.11839294433594,84.54717254638672,0.7902188409625479,0,0.99,0.010000000000000009,967932.6419480895,
2019-04-29,84.11839294433594,84.92973327636719,0.46310018479557086,0,0.99,0.010000000000000009,967932.6419480895,
2019-04-30,84.11839294433594,84.92973327636719,0.8733553948401411,0,0.99,0.010000000000000009,967932.6419480895,
2019-05-02,85.23500061035156,84.92973327636719,0.8184264581959281,0,0.99,0.010000000000000009,967932.6419480895,
2019-05-03,85.23500061035156,84.92973327636719,0.14481811761894364,0,0.99,0.010000000000000009,967932.6419480895,
2019-05-06,84.11839294433594,84.54717254638672,0.4284709162562675,0,0.99,0.010000000000000009,967932.6419480895,
2019-05-07,84.86279296875,84.54717254638672,0.4970817853501285,0,0.99,0.010000000000000009,967932.6419480895,
2019-05-08,84.49058532714844,85.31230163574219,0.1336585804174304,0,0.99,0.010000000000000009,967932.6419480895,
2019-05-09,84.86279296875,84.16460418701172,0.9620823297884481,0,0.99,0.010000000000000009,967932.6419480895,
2019-05-10,84.86279296875,84.16460418701172,0.06262356589751812,0,0.99,0.010000000000000009,967932.6419480895,
2019-05-13,85.23500061035156,84.16460418701172,0.082115895111663,0,0.99,0.010000000000000009,967932.6419480895,
2019-05-14,84.86279296875,85.31230163574219,0.041832422017945486,0,0.99,0.010000000000000009,967932.6419480895,
2019-05-15,85.23500061035156,84.54717254638672,0.822718423127331,0,0.99,0.010000000000000009,967932.6419480895,
2019-05-16,84.86279296875,84.54717254638672,0.12263467734238809,0,0.99,0.010000000000000009,967932.6419480895,
2019-05-17,85.6072006225586,84.92973327636719,0.297723159122921,0,0.99,0.010000000000000009,967932.6419480895,
2019-05-20,85.97940826416016,85.31230163574219,0.1921142027683092,0,0.99,0.010000000000000009,967932.6419480895,
2019-05-21,87.8404312133789,86.07743835449219,0.3659072440237318,0,0.99,0.010000000000000009,967932.6419480895,
2019-05-22,87.09602355957031,85.69486999511719,0.9322690347161047,0,0.99,0.010000000000000009,967932.6419480895,
2019-05-23,87.46822357177734,85.69486999511719,0.45142637758682275,0,0.99,0.010000000000000009,967932.6419480895,
2019-05-24,87.46822357177734,85.69486999511719,0.37971155872335915,0,0.99,0.010000000000000009,967932.6419480895,
2019-05-27,87.8404312133789,85.69486999511719,0.38201215081522205,0,0.99,0.010000000000000009,967932.6419480895,
2019-05-28,86.35160827636719,85.31230163574219,0.2507166451354966,0,0.99,0.010000000000000009,967932.6419480895,
2019-05-29,87.46822357177734,85.69486999511719,0.21735129194475017,0,0.99,0.010000000000000009,967932.6419480895,
2019-05-30,87.8404312133789,86.07743835449219,0.35093675220503184,0,0.99,0.010000000000000009,967932.6419480895,
2019-05-31,87.8404312133789,86.07743835449219,0.5531409690896253,0,0.99,0.010000000000000009,967932.6419480895,
2019-06-03,87.8404312133789,86.45999908447266,0.5235526226014316,0,0.99,0.010000000000000009,967932.6419480895,
2019-06-04,87.8404312133789,86.45999908447266,0.9185059606507402,0,0.99,0.010000000000000009,967932.6419480895,
2019-06-05,88.212646484375,86.84257507324219,0.8626893915122487,0,0.99,0.010000000000000009,967932.6419480895,
2019-06-06,88.212646484375,86.84257507324219,0.9979153933057289,-1,0.99,0.010000000000000009,967865.6397392271,Short Spread
2019-06-10,88.95704650878906,87.22512817382812,0.9183221020542374,-1,0.99,0.010000000000000009,968589.3335868834,
2019-06-11,88.5848388671875,86.84257507324219,0.9875345803414821,-1,0.99,0.010000000000000009,968610.0245048521,
2019-06-12,89.32925415039062,86.45999908447266,0.7597883153392404,-1,0.99,0.010000000000000009,970864.0070487974,
2019-06-13,89.70144653320312,86.45999908447266,0.07314530170277898,0,0.99,0.010000000000000009,971541.3453565977,Close
2019-06-14,89.70144653320312,86.07743835449219,0.010379738607516844,0,0.99,0.010000000000000009,971541.3453565977,
2019-06-17,88.95704650878906,85.69486999511719,0.015834409901799556,0,0.99,0.010000000000000009,971541.3453565977,
2019-06-18,88.95704650878906,85.69486999511719,0.026611666367896088,0,0.99,0.010000000000000009,971541.3453565977,
2019-06-19,90.07366180419922,86.84257507324219,0.02731532443245434,0,0.99,0.010000000000000009,971541.3453565977,
2019-06-20,90.07366180419922,86.07743835449219,0.27598779377355126,0,0.99,0.010000000000000009,971541.3453565977,
2019-06-21,90.8180694580078,86.84257507324219,0.06054054818514434,0,0.99,0.010000000000000009,971541.3453565977,
2019-06-24,91.19027709960938,87.22512817382812,0.12441817971279151,0,0.99,0.010000000000000009,971541.3453565977,
2019-06-25,91.19027709960938,87.22512817382812,0.3683224057197876,0,0.99,0.010000000000000009,971541.3453565977,
2019-06-26,91.19027709960938,87.22512817382812,0.4141773658540828,0,0.99,0.010000000000000009,971541.3453565977,
2019-06-27,91.19027709960938,86.84257507324219,0.41082398060616665,0,0.99,0.010000000000000009,971541.3453565977,
2019-06-28,91.19027709960938,86.45999908447266,0.1677046092536567,0,0.99,0.010000000000000009,971541.3453565977,
2019-07-01,90.07366180419922,86.45999908447266,0.05706215674719313,0,0.99,0.010000000000000009,971541.3453565977,
2019-07-02,91.19027709960938,86.84257507324219,0.10913022968411196,0,0.99,0.010000000000000009,971541.3453565977,
2019-07-03,91.19027709960938,86.84257507324219,0.1679266028089758,0,0.99,0.010000000000000009,971541.3453565977,
2019-07-04,90.8180694580078,86.45999908447266,0.17510342737389473,0,0.99,0.010000000000000009,971541.3453565977,
2019-07-05,91.19027709960938,86.84257507324219,0.038701951064543744,0,0.99,0.010000000000000009,971541.3453565977,
2019-07-08,90.8180694580078,87.22512817382812,0.1794447794373641,0,0.99,0.010000000000000009,971541.3453565977,
2019-07-09,88.12667846679688,86.84257507324219,0.4013370919439986,0,0.99,0.010000000000000009,971541.3453565977,
2019-07-10,88.51661682128906,86.84257507324219,0.27349320139684435,0,0.99,0.010000000000000009,971541.3453565977,
2019-07-11,87.34679412841797,86.84257507324219,0.18643724276264606,0,0.99,0.010000000000000009,971541.3453565977,
2019-07-12,86.95685577392578,86.45999908447266,0.2170378423621605,0,0.99,0.010000000000000009,971541.3453565977,
2019-07-15,86.17697143554688,86.07743835449219,0.06115319376483881,0,0.99,0.010000000000000009,971541.3453565977,
2019-07-16,85.39708709716797,85.31230163574219,0.08484591359410576,0,0.99,0.010000000000000009,971541.3453565977,
2019-07-17,86.56690979003906,85.69486999511719,0.1175572853005385,0,0.99,0.010000000000000009,971541.3453565977,
2019-07-18,86.17697143554688,85.69486999511719,0.14164940056451253,0,0.99,0.010000000000000009,971541.3453565977,
2019-07-19,86.56690979003906,85.69486999511719,0.19674123038238384,0,0.99,0.010000000000000009,971541.3453565977,
2019-07-22,86.56690979003906,86.07743835449219,0.1351083455667575,0,0.99,0.010000000000000009,971541.3453565977,
2019-07-23,86.17697143554688,85.69486999511719,0.3319025480106858,0,0.99,0.010000000000000009,971541.3453565977,
2019-07-24,85.39708709716797,85.69486999511719,0.24434737432004483,0,0.99,0.010000000000000009,971541.3453565977,
2019-07-25,85.78703308105469,85.27963256835938,0.39577462562142396,0,0.99,0.010000000000000009,971541.3453565977,
2019-07-26,85.00714874267578,85.67813110351562,0.08707769890187278,0,0.99,0.010000000000000009,971541.3453565977,
2019-07-29,85.00714874267578,85.67813110351562,0.5881028040551872,0,0.99,0.010000000000000009,971541.3453565977,
2019-07-30,85.00714874267578,85.67813110351562,0.4291706054243327,0,0.99,0.010000000000000009,971541.3453565977,
2019-07-31,85.39708709716797,86.0766372680664,0.636546300865116,0,0.99,0.010000000000000009,971541.3453565977,
2019-08-01,84.61720275878906,85.27963256835938,0.7801838202863107,0,0.99,0.010000000000000009,971541.3453565977,
2019-08-02,85.00714874267578,85.27963256835938,0.29811886721911285,0,0.99,0.010000000000000009,971541.3453565977,
2019-08-05,85.78703308105469,85.67813110351562,0.13835148000921854,0,0.99,0.010000000000000009,971541.3453565977,
2019-08-06,85.39708709716797,84.88113403320312,0.15372739389465157,0,0.99,0.010000000000000009,971541.3453565977,
2019-08-07,85.39708709716797,84.88113403320312,0.013122729994309508,0,0.99,0.010000000000000009,971541.3453565977,
2019-08-08,85.39708709716797,85.67813110351562,0.055465512017797015,0,0.99,0.010000000000000009,971541.3453565977,
2019-08-12,85.78703308105469,85.67813110351562,0.47520874849392203,0,0.99,0.010000000000000009,971541.3453565977,
2019-08-13,86.17697143554688,85.27963256835938,0.1499868887435578,0,0.99,0.010000000000000009,971541.3453565977,
2019-08-14,86.17697143554688,85.27963256835938,0.005682810228346025,1,0.99,0.010000000000000009,971474.4870924376,Long Spread
2019-08-15,86.56690979003906,84.88113403320312,0.014039636029686681,1,0.99,0.010000000000000009,969897.6133131407,
2019-08-16,85.78703308105469,86.0766372680664,1.2125572374197314e-05,1,0.99,0.010000000000000009,973848.373200836,
2019-08-19,85.78703308105469,85.67813110351562,0.7505074950586539,0,0.99,0.010000000000000009,972984.5022651671,Close
2019-08-20,85.78703308105469,85.27963256835938,0.24147864031827487,0,0.99,0.010000000000000009,972984.5022651671,
2019-08-21,85.78703308105469,85.67813110351562,0.03175945894381612,0,0.99,0.010000000000000009,972984.5022651671,
2019-08-22,86.56690979003906,85.27963256835938,0.22785144693254417,0,0.99,0.010000000000000009,972984.5022651671,
2019-08-23,86.56690979003906,85.67813110351562,0.007508692484779332,1,0.99,0.010000000000000009,972917.6124635313,Long Spread
2019-08-26,85.78703308105469,85.27963256835938,0.10286139506646674,1,0.99,0.010000000000000009,973680.3688111876,
2019-08-27,85.78703308105469,85.67813110351562,0.050481982144807876,1,0.99,0.010000000000000009,974477.3658815001,
2019-08-28,86.56690979003906,86.0766372680664,0.37445780224746017,1,0.99,0.010000000000000009,973714.6247926329,
2019-08-29,86.95685577392578,86.47514343261719,0.422887045614694,1,0.99,0.010000000000000009,973731.745153961,
2019-08-30,87.34679412841797,86.87364196777344,0.5107946062881814,0,0.99,0.010000000000000009,973681.8966978453,Close
2019-09-02,87.73674011230469,87.67064666748047,0.5181408295072812,0,0.99,0.010000000000000009,973681.8966978453,
2019-09-03,86.95685577392578,87.27214813232422,0.929014680688818,0,0.99,0.010000000000000009,973681.8966978453,
2019-09-04,87.34679412841797,87.67064666748047,0.7981716649076429,0,0.99,0.010000000000000009,973681.8966978453,
2019-09-05,87.34679412841797,87.67064666748047,0.9311141068334429,0,0.99,0.010000000000000009,973681.8966978453,
2019-09-06,87.34679412841797,87.67064666748047,0.9078700768491759,0,0.99,0.010000000000000009,973681.8966978453,
2019-09-10,88.51661682128906,88.4676513671875,0.8844640120485348,0,0.99,0.010000000000000009,973681.8966978453,
2019-09-11,88.51661682128906,88.4676513671875,0.9999983135178283,-1,0.99,0.010000000000000009,973614.8173271178,Short Spread
2019-09-12,88.51661682128906,88.4676513671875,0.9974556333380394,-1,0.99,0.010000000000000009,973614.8173271178,
2019-09-16,88.90656280517578,88.86615753173828,0.98580488914194,-1,0.99,0.010000000000000009,973597.6969657897,
2019-09-17,88.90656280517578,88.86615753173828,0.9999729491412521,-1,0.99,0.010000000000000009,973597.6969657897,
2019-09-18,89.29650115966797,88.86615753173828,0.9912581175826547,-1,0.99,0.010000000000000009,974377.573674774,
2019-09-19,89.29650115966797,89.26466369628906,0.9645308995712764,-1,0.99,0.010000000000000009,973580.5613456725,
2019-09-20,88.90656280517578,89.66316223144531,0.9998751359529341,-1,0.99,0.010000000000000009,972003.6875663756,
2019-09-23,88.51661682128906,89.26466369628906,0.9998700397835645,-1,0.99,0.010000000000000009,972020.7926689147,
2019-09-24,88.12667846679688,88.86615753173828,0.9689251784284557,-1,0.99,0.010000000000000009,972037.9282890318,
2019-09-25,88.12667846679688,88.06915283203125,0.9087371987280718,-1,0.99,0.010000000000000009,973631.9376884459,
2019-09-26,88.12667846679688,87.67064666748047,0.6208978475992613,-1,0.99,0.010000000000000009,974428.9500175475,
2019-09-27,87.34679412841797,88.4676513671875,0.3600022844337348,0,0.99,0.010000000000000009,971208.1393635558,Close
2019-10-01,88.51661682128906,89.26466369628906,0.8164333099545016,0,0.99,0.010000000000000009,971208.1393635558,
2019-10-02,88.51661682128906,89.26466369628906,0.8775579692643267,0,0.99,0.010000000000000009,971208.1393635558,
2019-10-03,87.73674011230469,88.86615753173828,0.7306042299935986,0,0.99,0.010000000000000009,971208.1393635558,
2019-10-04,88.51661682128906,89.26466369628906,0.7688104981331878,0,0.99,0.010000000000000009,971208.1393635558,
2019-10-07,88.51661682128906,89.66316223144531,0.09211852616019389,0,0.99,0.010000000000000009,971208.1393635558,
2019-10-08,88.51661682128906,89.66316223144531,0.9484333669739449,0,0.99,0.010000000000000009,971208.1393635558,
2019-10-09,87.73674011230469,88.86615753173828,0.6913028351809721,0,0.99,0.010000000000000009,971208.1393635558,
2019-10-14,88.51661682128906,89.26466369628906,0.5975147555132366,0,0.99,0.010000000000000009,971208.1393635558,
2019-10-15,88.51661682128906,89.26466369628906,0.14235511535027018,0,0.99,0.010000000000000009,971208.1393635558,
2019-10-16,88.51661682128906,89.66316223144531,0.12129202278502299,0,0.99,0.010000000000000009,971208.1393635558,
2019-10-17,88.51661682128906,89.66316223144531,0.865228387955145,0,0.99,0.010000000000000009,971208.1393635558,
2019-10-18,88.12667846679688,89.66316223144531,0.8165328809634977,0,0.99,0.010000000000000009,971208.1393635558,
2019-10-21,88.51661682128906,89.66316223144531,0.8103710040313183,0,0.99,0.010000000000000009,971208.1393635558,
2019-10-22,88.51661682128906,90.06166076660156,0.5479955955927739,0,0.99,0.010000000000000009,971208.1393635558,
2019-10-23,88.12667846679688,89.66316223144531,0.9898807647690793,0,0.99,0.010000000000000009,971208.1393635558,
2019-10-24,88.12667846679688,90.06166076660156,0.6797495126151074,0,0.99,0.010000000000000009,971208.1393635558,
2019-10-25,88.51661682128906,89.66316223144531,0.9977193488894706,-1,0.99,0.010000000000000009,971141.0121723937,Short Spread
2019-10-28,88.90656280517578,90.06166076660156,0.15255848181283804,0,0.99,0.010000000000000009,971056.7483409118,Close
2019-10-29,88.51661682128906,89.66316223144531,0.05463652986561817,0,0.99,0.010000000000000009,971056.7483409118,
2019-10-30,88.90656280517578,90.06166076660156,0.14638949189157358,0,0.99,0.010000000000000009,971056.7483409118,
2019-10-31,88.51661682128906,89.26466369628906,0.2429819957301667,0,0.99,0.010000000000000009,971056.7483409118,
2019-11-01,88.90656280517578,90.06166076660156,0.06461452579160437,0,0.99,0.010000000000000009,971056.7483409118,
2019-11-04,88.90656280517578,90.06166076660156,0.12720244470534636,0,0.99,0.010000000000000009,971056.7483409118,
2019-11-05,89.68643951416016,90.06166076660156,0.07873217304113111,0,0.99,0.010000000000000009,971056.7483409118,
2019-11-06,90.07638549804688,90.46017456054688,7.726149825892863e-22,1,0.99,0.010000000000000009,970989.5268785094,Long Spread
2019-11-07,90.46632385253906,90.06166076660156,5.0806648907435545e-14,1,0.99,0.010000000000000009,969412.6225816344,
2019-11-08,90.46632385253906,90.46017456054688,1.072981782014236e-16,1,0.99,0.010000000000000009,970209.6501695251,
2019-11-11,90.85626983642578,90.8586654663086,1.0026847922067563e-06,1,0.99,0.010000000000000009,970226.7400132751,
2019-11-12,90.85626983642578,90.46017456054688,2.3830417063217393e-07,1,0.99,0.010000000000000009,969429.7582017516,
2019-11-13,89.68643951416016,89.66316223144531,1.969270951231535e-06,1,0.99,0.010000000000000009,970175.3941880798,
2019-11-14,90.46632385253906,90.06166076660156,0.0038956261336113218,1,0.99,0.010000000000000009,969412.6225816344,
2019-11-15,90.07638549804688,90.46017456054688,0.00011191665825947482,1,0.99,0.010000000000000009,970989.5268785094,
2019-11-18,90.07638549804688,90.46017456054688,0.007682974012389041,1,0.99,0.010000000000000009,970989.5268785094,
2019-11-19,89.68643951416016,90.06166076660156,0.012282467433931334,1,0.99,0.010000000000000009,970972.3912583923,
2019-11-20,90.46632385253906,90.8586654663086,0.09425606978019796,1,0.99,0.010000000000000009,971006.6319810485,
2019-11-21,90.07638549804688,90.06166076660156,0.030776498034770856,1,0.99,0.010000000000000009,970192.4992906188,
2019-11-22,90.46632385253906,90.8586654663086,0.01881074565969878,1,0.99,0.010000000000000009,971006.6319810485,
2019-11-25,90.85626983642578,90.46017456054688,0.04758432214872875,1,0.99,0.010000000000000009,969429.7582017516,
2019-11-26,90.07638549804688,89.66316223144531,0.012224948907250389,1,0.99,0.010000000000000009,969395.5022203063,
2019-11-27,90.07638549804688,90.06166076660156,0.020393116866161992,1,0.99,0.010000000000000009,970192.4992906188,
2019-11-28,89.29650115966797,89.66316223144531,0.0497400461425191,1,0.99,0.010000000000000009,970955.2708970641,
2019-11-29,89.29650115966797,90.06166076660156,0.032020507857997045,1,0.99,0.010000000000000009,971752.2679673766,
2019-12-02,89.68643951416016,90.06166076660156,0.09445890435639048,1,0.99,0.010000000000000009,970972.3912583923,
2019-12-03,89.68643951416016,90.06166076660156,0.09038669922955994,1,0.99,0.010000000000000009,970972.3912583923,
2019-12-04,89.68643951416016,90.06166076660156,0.0944085987448921,1,0.99,0.010000000000000009,970972.3912583923,
2019-12-05,90.07638549804688,90.06166076660156,0.10307697186858517,1,0.99,0.010000000000000009,970192.4992906188,
2019-12-06,89.29650115966797,89.66316223144531,0.06938765654779706,1,0.99,0.010000000000000009,970955.2708970641,
2019-12-09,88.90656280517578,89.26466369628906,0.08850392672061025,1,0.99,0.010000000000000009,970938.150535736,
2019-12-10,88.51661682128906,88.86615753173828,0.11049151922563388,1,0.99,0.010000000000000009,970921.0301744079,
2019-12-11,88.51661682128906,88.4676513671875,0.1370418068172094,1,0.99,0.010000000000000009,970124.0178453063,
2019-12-12,89.29650115966797,88.86615753173828,0.12924278647634663,1,0.99,0.010000000000000009,969361.2614976501,
2019-12-13,89.29650115966797,89.26466369628906,0.1630482301157467,1,0.99,0.010000000000000009,970158.2738267516,
2019-12-16,88.12667846679688,88.06915283203125,0.25667912110908875,1,0.99,0.010000000000000009,970106.8974839782,
2019-12-17,88.12667846679688,88.06915283203125,0.19608990451597857,1,0.99,0.010000000000000009,970106.8974839782,
2019-12-18,88.51661682128906,88.06915283203125,0.2439551102983058,1,0.99,0.010000000000000009,969327.0207749938,
2019-12-19,87.73674011230469,87.67064666748047,0.18187535822100542,1,0.99,0.010000000000000009,970089.761863861,
2019-12-20,88.51661682128906,88.4676513671875,0.24089565257502377,1,0.99,0.010000000000000009,970124.0178453063,
2019-12-23,88.90656280517578,88.86615753173828,0.29757574763420236,1,0.99,0.010000000000000009,970141.1382066344,
2019-12-24,88.12667846679688,88.06915283203125,0.3747328842139789,1,0.99,0.010000000000000009,970106.8974839782,
2019-12-25,88.12667846679688,88.06915283203125,0.45069703779181036,1,0.99,0.010000000000000009,970106.8974839782,
2019-12-26,88.12667846679688,88.4676513671875,0.601734062802579,0,0.99,0.010000000000000009,970836.8307810973,Close
2019-12-27,88.51661682128906,88.86615753173828,0.6753434990591958,0,0.99,0.010000000000000009,970836.8307810973,
2019-12-30,88.12667846679688,88.4676513671875,0.5947360247652101,0,0.99,0.010000000000000009,970836.8307810973,
2019-12-31,87.34679412841797,87.67064666748047,0.8081081903076561,0,0.99,0.010000000000000009,970836.8307810973,
2020-01-02,87.73674011230469,87.27214813232422,0.5461200249893758,0,0.99,0.010000000000000009,970836.8307810973,
2020-01-03,87.73674011230469,88.06915283203125,0.1376658125873103,0,0.99,0.010000000000000009,970836.8307810973,
2020-01-06,86.17697143554688,87.67064666748047,0.7629148803675014,0,0.99,0.010000000000000009,970836.8307810973,
2020-01-07,85.39708709716797,87.27214813232422,0.8254514728314912,0,0.99,0.010000000000000009,970836.8307810973,
2020-01-08,85.39708709716797,86.87364196777344,0.5597312682870554,0,0.99,0.010000000000000009,970836.8307810973,
2020-01-09,85.78703308105469,87.27214813232422,0.137375701014737,0,0.99,0.010000000000000009,970836.8307810973,
2020-01-10,85.39708709716797,87.27214813232422,0.4801312202041556,0,0.99,0.010000000000000009,970836.8307810973,
2020-01-13,85.00714874267578,87.67064666748047,0.5888418582637193,0,0.99,0.010000000000000009,970836.8307810973,
2020-01-14,84.61720275878906,87.27214813232422,0.9759936679927156,0,0.99,0.010000000000000009,970836.8307810973,
2020-01-15,84.2272720336914,86.87364196777344,0.9187530749102722,0,0.99,0.010000000000000009,970836.8307810973,
2020-01-16,84.2272720336914,87.27214813232422,0.5702970119496603,0,0.99,0.010000000000000009,970836.8307810973,
2020-01-17,85.00714874267578,87.27214813232422,0.9391811793447858,0,0.99,0.010000000000000009,970836.8307810973,
2020-01-20,84.61720275878906,87.27214813232422,0.6627651172425435,0,0.99,0.010000000000000009,970836.8307810973,
2020-01-30,83.44737243652344,86.47514343261719,0.9148907717890318,0,0.99,0.010000000000000009,970836.8307810973,
2020-01-31,83.44737243652344,86.0766372680664,0.3217094280087568,0,0.99,0.010000000000000009,970836.8307810973,
2020-02-03,84.2272720336914,86.0766372680664,0.13222184988540103,0,0.99,0.010000000000000009,970836.8307810973,
2020-02-04,83.83733367919922,86.0766372680664,0.04667468502216896,0,0.99,0.010000000000000009,970836.8307810973,
2020-02-05,84.2272720336914,86.0766372680664,0.168409828571141,0,0.99,0.010000000000000009,970836.8307810973,
2020-02-06,84.61720275878906,86.47514343261719,0.07259985461463807,0,0.99,0.010000000000000009,970836.8307810973,
2020-02-07,83.83733367919922,86.87364196777344,0.12828083402508994,0,0.99,0.010000000000000009,970836.8307810973,
2020-02-10,84.2272720336914,86.87364196777344,0.9680371480996944,0,0.99,0.010000000000000009,970836.8307810973,
2020-02-11,83.83733367919922,86.47514343261719,0.8224058214872472,0,0.99,0.010000000000000009,970836.8307810973,
2020-02-12,83.44737243652344,86.47514343261719,0.5573361776017319,0,0.99,0.010000000000000009,970836.8307810973,
2020-02-13,84.2272720336914,87.27214813232422,0.8809368982707073,0,0.99,0.010000000000000009,970836.8307810973,
2020-02-14,85.00714874267578,86.87364196777344,0.9191845919069399,0,0.99,0.010000000000000009,970836.8307810973,
2020-02-17,85.39708709716797,87.67064666748047,0.7438737839407779,0,0.99,0.010000000000000009,970836.8307810973,
2020-02-18,84.61720275878906,87.27214813232422,0.9528234675417786,0,0.99,0.010000000000000009,970836.8307810973,
2020-02-19,84.61720275878906,87.67064666748047,0.9012765158999666,0,0.99,0.010000000000000009,970836.8307810973,
2020-02-20,84.61720275878906,87.27214813232422,0.9602699853997756,0,0.99,0.010000000000000009,970836.8307810973,
2020-02-21,84.61720275878906,87.27214813232422,0.8702288665538301,0,0.99,0.010000000000000009,970836.8307810973,
2020-02-24,83.05744171142578,86.47514343261719,0.8498337126054345,0,0.99,0.010000000000000009,970836.8307810973,
2020-02-25,83.05744171142578,86.47514343261719,0.8485576768704196,0,0.99,0.010000000000000009,970836.8307810973,
2020-02-26,82.2775650024414,86.0766372680664,0.8892444151943176,0,0.99,0.010000000000000009,970836.8307810973,
2020-02-27,81.88761901855469,86.0766372680664,0.8962367078539648,0,0.99,0.010000000000000009,970836.8307810973,
2020-03-02,80.3278579711914,86.0766372680664,0.9785627791358601,0,0.99,0.010000000000000009,970836.8307810973,
2020-03-03,81.49767303466797,86.0766372680664,0.9956376919424165,-1,0.99,0.010000000000000009,970770.1278086852,Short Spread
2020-03-04,83.44737243652344,86.87364196777344,0.9570031810227488,-1,0.99,0.010000000000000009,973075.517212982,
2020-03-05,84.61720275878906,87.67064666748047,0.9079222227434885,-1,0.99,0.010000000000000009,973821.1684580992,
2020-03-06,82.66749572753906,86.47514343261719,0.9644424621421598,-1,0.99,0.010000000000000009,972312.7608653258,
2020-03-09,81.10773468017578,85.67813110351562,0.8382452075522451,-1,0.99,0.010000000000000009,970787.2634288024,
2020-03-10,82.66749572753906,85.67813110351562,0.8093558078826983,-1,0.99,0.010000000000000009,973906.7855235289,
2020-03-11,82.2775650024414,86.47514343261719,0.4073846884774301,0,0.99,0.010000000000000009,971466.1493067931,Close
2020-03-12,82.2775650024414,85.67813110351562,0.8747331168747711,0,0.99,0.010000000000000009,971466.1493067931,
2020-03-13,81.88761901855469,84.48262023925781,0.5079424615948761,0,0.99,0.010000000000000009,971466.1493067931,
2020-03-16,80.7177963256836,83.68562316894531,0.036698936292830255,0,0.99,0.010000000000000009,971466.1493067931,
2020-03-17,80.3278579711914,85.27963256835938,0.02990841172388382,0,0.99,0.010000000000000009,971466.1493067931,
2020-03-18,78.7680892944336,84.88113403320312,0.79087024204714,0,0.99,0.010000000000000009,971466.1493067931,
2020-03-19,77.98821258544922,84.08411407470703,0.7079179014557847,0,0.99,0.010000000000000009,971466.1493067931,
2020-03-20,77.91021728515625,84.88113403320312,0.3041147762076758,0,0.99,0.010000000000000009,971466.1493067931,
2020-03-23,76.4284439086914,84.08411407470703,0.7572039753450908,0,0.99,0.010000000000000009,971466.1493067931,
2020-03-24,76.974365234375,85.27963256835938,0.5387473729668445,0,0.99,0.010000000000000009,971466.1493067931,
2020-03-25,79.54796600341797,86.0766372680664,0.9773096943806034,0,0.99,0.010000000000000009,971466.1493067931,
2020-03-26,78.3781509399414,85.67813110351562,0.9912832500271389,-1,0.99,0.010000000000000009,971399.5870555114,Short Spread
2020-03-27,79.15802764892578,85.67813110351562,0.9606170814969565,-1,0.99,0.010000000000000009,972959.3404734802,
2020-03-30,77.98821258544922,84.88113403320312,0.9376408879130856,-1,0.99,0.010000000000000009,972213.704487152,
2020-03-31,77.91021728515625,85.67813110351562,0.8086770986754346,-1,0.99,0.010000000000000009,970463.7197459411,
2020-04-01,76.50643157958984,85.27963256835938,0.967211149796835,-1,0.99,0.010000000000000009,968453.1454051208,
2020-04-06,78.7680892944336,86.0766372680664,0.9073177609986582,-1,0.99,0.010000000000000009,971382.4514353942,
2020-04-07,79.93790435791016,85.67813110351562,0.9901615213027861,-1,0.99,0.010000000000000009,974519.0938914489,
2020-04-08,80.7177963256836,86.0766372680664,0.87313926140454,-1,0.99,0.010000000000000009,975281.8654978942,
2020-04-09,81.10773468017578,85.27963256835938,0.9467197340514182,-1,0.99,0.010000000000000009,977655.7516062927,
2020-04-10,81.49767303466797,86.0766372680664,0.44038810632450875,0,0.99,0.010000000000000009,976774.9159434509,Close
2020-04-13,81.10773468017578,86.0766372680664,0.7658058593222278,0,0.99,0.010000000000000009,976774.9159434509,
2020-04-14,82.66749572753906,86.47514343261719,0.8846436925349345,0,0.99,0.010000000000000009,976774.9159434509,
2020-04-15,83.05744171142578,86.87364196777344,0.9467856940827877,0,0.99,0.010000000000000009,976774.9159434509,
2020-04-16,82.2775650024414,86.0766372680664,0.9290834266699032,0,0.99,0.010000000000000009,976774.9159434509,
2020-04-17,82.66749572753906,86.47514343261719,0.7200887072971622,0,0.99,0.010000000000000009,976774.9159434509,
2020-04-20,83.44737243652344,86.87364196777344,0.8208039483438005,0,0.99,0.010000000000000009,976774.9159434509,
2020-04-21,82.66749572753906,86.47514343261719,0.8957136502117327,0,0.99,0.010000000000000009,976774.9159434509,
2020-04-22,82.66749572753906,86.87364196777344,0.7645746488625358,0,0.99,0.010000000000000009,976774.9159434509,
2020-04-23,82.2775650024414,86.87364196777344,0.9952333946914553,-1,0.99,0.010000000000000009,976708.1498951721,Short Spread
2020-04-24,82.66749572753906,86.47514343261719,0.999455221094207,-1,0.99,0.010000000000000009,978285.0084156799,
2020-04-27,84.2272720336914,87.27214813232422,0.551354214483134,-1,0.99,0.010000000000000009,979810.5516285705,
2020-04-28,84.2272720336914,87.27214813232422,0.853081014419317,-1,0.99,0.010000000000000009,979810.5516285705,
2020-04-29,83.05744171142578,87.67064666748047,0.7567321291206859,-1,0.99,0.010000000000000009,976673.8939137268,
2020-04-30,83.83733367919922,87.27214813232422,0.9987737656189202,-1,0.99,0.010000000000000009,979030.6749195862,
2020-05-04,84.2272720336914,86.87364196777344,0.5827595243925723,-1,0.99,0.010000000000000009,980607.5639576721,
2020-05-05,83.83733367919922,86.87364196777344,0.13092779251362474,0,0.99,0.010000000000000009,979760.8588096618,Close
2020-05-06,83.44737243652344,87.27214813232422,0.277314306006937,0,0.99,0.010000000000000009,979760.8588096618,
2020-05-07,83.83733367919922,86.87364196777344,0.7278693798149528,0,0.99,0.010000000000000009,979760.8588096618,
2020-05-08,83.83733367919922,87.67064666748047,0.14289038722379394,0,0.99,0.010000000000000009,979760.8588096618,
2020-05-11,84.2272720336914,87.67064666748047,0.9226924537324,0,0.99,0.010000000000000009,979760.8588096618,
2020-05-12,83.44737243652344,87.67064666748047,0.028953099238920626,0,0.99,0.010000000000000009,979760.8588096618,
2020-05-13,83.83733367919922,87.67064666748047,0.9325482597114525,0,0.99,0.010000000000000009,979760.8588096618,
2020-05-14,83.44737243652344,87.67064666748047,0.6856022117844347,0,0.99,0.010000000000000009,979760.8588096618,
2020-05-15,83.83733367919922,87.27214813232422,0.8460024385207562,0,0.99,0.010000000000000009,979760.8588096618,
2020-05-18,83.83733367919922,88.06915283203125,0.19559861703744236,0,0.99,0.010000000000000009,979760.8588096618,
2020-05-19,84.2272720336914,88.4676513671875,0.9999654185024697,-1,0.99,0.010000000000000009,979693.9510127258,Short Spread
2020-05-20,83.83733367919922,88.86615753173828,0.7592635601512436,-1,0.99,0.010000000000000009,978117.0619746399,
2020-05-21,83.83733367919922,88.86615753173828,0.9999878446941375,-1,0.99,0.010000000000000009,978117.0619746399,
2020-05-22,83.05744171142578,88.4676513671875,0.978032883121794,-1,0.99,0.010000000000000009,977354.2903681946,
2020-05-25,83.83733367919922,88.06915283203125,0.9959254253651559,-1,0.99,0.010000000000000009,979711.071374054,
2020-05-26,83.83733367919922,88.4676513671875,0.7612959581947794,-1,0.99,0.010000000000000009,978914.0743037415,
2020-05-27,83.83733367919922,87.67064666748047,0.9022608092488498,-1,0.99,0.010000000000000009,980508.0837031555,
2020-05-28,83.83733367919922,88.06915283203125,0.4764266991096772,0,0.99,0.010000000000000009,979644.1951145935,Close
2020-05-29,83.83733367919922,88.06915283203125,0.937234983512926,0,0.99,0.010000000000000009,979644.1951145935,
2020-06-01,83.05744171142578,88.86615753173828,0.9255805372101331,0,0.99,0.010000000000000009,979644.1951145935,
2020-06-02,83.44737243652344,89.26466369628906,0.9998637638597043,-1,0.99,0.010000000000000009,979577.2866331482,Short Spread
2020-06-03,84.61720275878906,89.66316223144531,0.99999999932277,-1,0.99,0.010000000000000009,981119.950207367,
2020-06-04,84.2272720336914,90.06166076660156,0.7757273094438838,-1,0.99,0.010000000000000009,979543.0916868591,
2020-06-05,83.83733367919922,89.66316223144531,0.9999809142438619,-1,0.99,0.010000000000000009,979560.2120481873,
2020-06-08,84.61720275878906,90.06166076660156,0.9990740586497171,-1,0.99,0.010000000000000009,980322.9531370545,
2020-06-09,83.83733367919922,90.06166076660156,0.7088144260624036,-1,0.99,0.010000000000000009,978763.2149778748,
2020-06-10,84.61720275878906,90.06166076660156,0.9993040050702454,-1,0.99,0.010000000000000009,980322.9531370545,
2020-06-11,83.83733367919922,89.66316223144531,0.5335004229977862,-1,0.99,0.010000000000000009,979560.2120481873,
2020-06-12,83.83733367919922,90.06166076660156,0.9739094381318286,-1,0.99,0.010000000000000009,978763.2149778748,
2020-06-15,82.66749572753906,88.86615753173828,0.9915122892360219,-1,0.99,0.010000000000000009,978814.545544281,
2020-06-16,83.83733367919922,89.66316223144531,0.9737920614176352,-1,0.99,0.010000000000000009,979560.2120481873,
2020-06-17,84.2272720336914,90.06166076660156,0.9613498033519231,-1,0.99,0.010000000000000009,979543.0916868591,
2020-06-18,83.83733367919922,89.66316223144531,0.9546931193457859,-1,0.99,0.010000000000000009,979560.2120481873,
2020-06-19,83.44737243652344,90.06166076660156,0.9235811216894046,-1,0.99,0.010000000000000009,977983.2924925232,
2020-06-22,83.83733367919922,90.46017456054688,0.9725663945718775,-1,0.99,0.010000000000000009,977966.1873899841,
2020-06-23,83.44737243652344,90.8586654663086,0.9892266879660475,-1,0.99,0.010000000000000009,976389.2830931091,
2020-06-24,84.2272720336914,91.25717163085938,0.9993608709436429,-1,0.99,0.010000000000000009,977152.0699583435,
2020-06-29,84.61720275878906,91.65568542480467,0.999998340389643,-1,0.99,0.010000000000000009,977134.9038206482,
2020-06-30,86.17697143554688,93.24969482421876,0.9999882076075579,-1,0.99,0.010000000000000009,977066.4223753357,
2020-07-01,87.34679412841797,92.85118865966795,0.9237884386775839,-1,0.99,0.010000000000000009,980203.0800901795,
2020-07-02,88.90656280517578,94.27859497070312,0.5563228360836794,-1,0.99,0.010000000000000009,980467.8048216248,
2020-07-03,89.68643951416016,92.62458801269533,0.8976059650274417,-1,0.99,0.010000000000000009,985335.5721556091,
2020-07-06,90.07638549804688,92.62458801269533,0.22278195656058924,0,0.99,0.010000000000000009,986048.1560844422,Close
2020-07-07,89.68643951416016,92.2110824584961,0.17714792789421008,0,0.99,0.010000000000000009,986048.1560844422,
2020-07-08,90.07638549804688,92.62458801269533,0.525136578390747,0,0.99,0.010000000000000009,986048.1560844422,
2020-07-09,90.07638549804688,91.3840789794922,0.587195722304815,0,0.99,0.010000000000000009,986048.1560844422,
2020-07-10,90.46632385253906,91.79757690429688,0.17943456864531931,0,0.99,0.010000000000000009,986048.1560844422,
2020-07-13,90.46632385253906,91.3840789794922,0.1942017204757046,0,0.99,0.010000000000000009,986048.1560844422,
2020-07-14,90.46632385253906,90.9705810546875,0.20458931683921244,0,0.99,0.010000000000000009,986048.1560844422,
2020-07-15,90.46632385253906,90.55707550048828,0.17991898389799832,0,0.99,0.010000000000000009,986048.1560844422,
2020-07-16,88.90656280517578,90.55707550048828,0.09158792667878968,0,0.99,0.010000000000000009,986048.1560844422,
2020-07-17,87.48242950439453,90.55707550048828,0.10127207416320072,0,0.99,0.010000000000000009,986048.1560844422,
2020-07-20,87.48242950439453,90.9705810546875,0.1259303382232964,0,0.99,0.010000000000000009,986048.1560844422,
2020-07-21,86.66863250732422,90.9705810546875,0.2738419742903839,0,0.99,0.010000000000000009,986048.1560844422,
2020-07-22,87.07552337646484,90.9705810546875,0.43481779327232317,0,0.99,0.010000000000000009,986048.1560844422,
2020-07-23,86.66863250732422,90.14356231689452,0.25859542994280804,0,0.99,0.010000000000000009,986048.1560844422,
2020-07-24,86.2617416381836,90.14356231689452,0.028539058545640428,0,0.99,0.010000000000000009,986048.1560844422,
2020-07-27,85.44795227050781,89.31655883789062,0.04764172432461182,0,0.99,0.010000000000000009,986048.1560844422,
2020-07-28,85.04105377197266,89.7300796508789,0.08813511724858403,0,0.99,0.010000000000000009,986048.1560844422,
2020-07-29,85.44795227050781,89.7300796508789,0.16454005892107987,0,0.99,0.010000000000000009,986048.1560844422,
2020-07-30,85.44795227050781,89.7300796508789,0.138590845735154,0,0.99,0.010000000000000009,986048.1560844422,
2020-07-31,85.44795227050781,90.55707550048828,0.145574728349808,0,0.99,0.010000000000000009,986048.1560844422,
2020-08-03,84.63416290283203,89.31655883789062,0.42163138233611325,0,0.99,0.010000000000000009,986048.1560844422,
2020-08-04,84.63416290283203,89.7300796508789,0.12423123459388913,0,0.99,0.010000000000000009,986048.1560844422,
2020-08-05,85.04105377197266,89.31655883789062,0.29850020963418356,0,0.99,0.010000000000000009,986048.1560844422,
2020-08-06,84.63416290283203,90.14356231689452,0.07579934241598894,0,0.99,0.010000000000000009,986048.1560844422,
2020-08-07,84.22726440429688,90.14356231689452,0.5869135065098348,0,0.99,0.010000000000000009,986048.1560844422,
2020-08-10,83.82037353515625,89.7300796508789,0.6051714710861394,0,0.99,0.010000000000000009,986048.1560844422,
2020-08-11,83.4134750366211,89.7300796508789,0.42764355645332325,0,0.99,0.010000000000000009,986048.1560844422,
2020-08-12,83.82037353515625,90.14356231689452,0.3753686084126512,0,0.99,0.010000000000000009,986048.1560844422,
2020-08-13,84.22726440429688,90.55707550048828,0.5383771446985002,0,0.99,0.010000000000000009,986048.1560844422,
2020-08-14,83.82037353515625,90.14356231689452,0.5854613049167364,0,0.99,0.010000000000000009,986048.1560844422,
2020-08-17,84.22726440429688,89.7300796508789,0.4601691813357319,0,0.99,0.010000000000000009,986048.1560844422,
2020-08-18,83.82037353515625,90.14356231689452,0.1720900373486866,0,0.99,0.010000000000000009,986048.1560844422,
2020-08-19,83.82037353515625,90.14356231689452,0.6098687620727287,0,0.99,0.010000000000000009,986048.1560844422,
2020-08-20,83.4134750366211,90.14356231689452,0.5432571091719914,0,0.99,0.010000000000000009,986048.1560844422,
2020-08-21,83.82037353515625,90.55707550048828,0.7399910646857479,0,0.99,0.010000000000000009,986048.1560844422,
2020-08-24,83.4134750366211,90.14356231689452,0.7666964636664928,0,0.99,0.010000000000000009,986048.1560844422,
2020-08-25,83.00658416748047,90.14356231689452,0.6013979348688789,0,0.99,0.010000000000000009,986048.1560844422,
2020-08-26,83.4134750366211,90.14356231689452,0.7311765167453818,0,0.99,0.010000000000000009,986048.1560844422,
2020-08-27,83.4134750366211,90.55707550048828,0.4136771396399863,0,0.99,0.010000000000000009,986048.1560844422,
2020-08-28,83.4134750366211,90.14356231689452,0.7821736244570145,0,0.99,0.010000000000000009,986048.1560844422,
2020-08-31,82.59968566894531,89.7300796508789,0.3331884081185597,0,0.99,0.010000000000000009,986048.1560844422,
2020-09-01,82.59968566894531,90.14356231689452,0.22556740799684555,0,0.99,0.010000000000000009,986048.1560844422,
2020-09-02,82.59968566894531,89.7300796508789,0.699240545804239,0,0.99,0.010000000000000009,986048.1560844422,
2020-09-03,82.19278717041016,90.14356231689452,0.08830949677998196,0,0.99,0.010000000000000009,986048.1560844422,
2020-09-04,82.19278717041016,89.7300796508789,0.9024482897072607,0,0.99,0.010000000000000009,986048.1560844422,
2020-09-07,82.19278717041016,89.7300796508789,0.3822666978214939,0,0.99,0.010000000000000009,986048.1560844422,
2020-09-08,81.78590393066406,90.14356231689452,0.2937950311629472,0,0.99,0.010000000000000009,986048.1560844422,
2020-09-09,81.3790054321289,89.7300796508789,0.9535676263035266,0,0.99,0.010000000000000009,986048.1560844422,
2020-09-10,81.3790054321289,90.14356231689452,0.2468653777854098,0,0.99,0.010000000000000009,986048.1560844422,
2020-09-11,81.78590393066406,90.14356231689452,0.8170574135794931,0,0.99,0.010000000000000009,986048.1560844422,
2020-09-14,81.78590393066406,90.14356231689452,0.6719645531829179,0,0.99,0.010000000000000009,986048.1560844422,
2020-09-15,81.3790054321289,90.14356231689452,0.6120787455681409,0,0.99,0.010000000000000009,986048.1560844422,
2020-09-16,81.3790054321289,90.14356231689452,0.7505288694834593,0,0.99,0.010000000000000009,986048.1560844422,
2020-09-17,81.1348648071289,90.14356231689452,0.7612305358288171,0,0.99,0.010000000000000009,986048.1560844422,
2020-09-18,80.97211456298828,90.14356231689452,0.9825069855940439,0,0.99,0.010000000000000009,986048.1560844422,
2020-09-21,80.48383331298828,89.7300796508789,0.9966697732484018,-1,0.99,0.010000000000000009,985981.3475279236,Short Spread
2020-09-22,80.23970031738281,89.31655883789062,0.8505430376052551,-1,0.99,0.010000000000000009,986320.1231626893,
2020-09-23,79.58866882324219,88.90306091308594,0.29378488583803397,0,0.99,0.010000000000000009,985778.316354828,Close
2020-09-24,78.4493637084961,88.48956298828125,0.30393973424284754,0,0.99,0.010000000000000009,985778.316354828,
2020-09-25,78.69348907470703,88.90306091308594,0.33238527561525166,0,0.99,0.010000000000000009,985778.316354828,
2020-09-28,79.01901245117188,89.31655883789062,0.5478332691368203,0,0.99,0.010000000000000009,985778.316354828,
2020-09-29,78.93763732910156,89.7300796508789,0.6337048910062042,0,0.99,0.010000000000000009,985778.316354828,
2020-09-30,78.61212158203125,88.48956298828125,0.9988054092959866,-1,0.99,0.010000000000000009,985711.6322874451,Short Spread
2020-10-05,78.5307388305664,88.48956298828125,0.2062408573317454,0,0.99,0.010000000000000009,985482.1859724427,Close
2020-10-06,78.93763732910156,89.31655883789062,0.12070233684215609,0,0.99,0.010000000000000009,985482.1859724427,
2020-10-07,78.77487182617188,88.07605743408203,0.769673633674431,0,0.99,0.010000000000000009,985482.1859724427,
2020-10-08,78.85625457763672,88.90306091308594,0.00216176496956816,1,0.99,0.010000000000000009,985415.475599823,Long Spread
2020-10-12,78.61212158203125,88.48956298828125,0.22111056151191538,1,0.99,0.010000000000000009,985076.7457414246,
2020-10-13,78.12384033203125,88.90306091308594,0.13506264651047362,1,0.99,0.010000000000000009,986880.304091034,
2020-10-14,78.4493637084961,88.90306091308594,0.43714262501749135,1,0.99,0.010000000000000009,986229.2573381043,
2020-10-15,78.12384033203125,88.07605743408203,0.2675166597659411,1,0.99,0.010000000000000009,985226.2971330262,
2020-10-16,77.31005096435547,88.07605743408203,0.0401219753739746,1,0.99,0.010000000000000009,986853.8758683777,
2020-10-19,77.71695709228516,88.48956298828125,0.15285645196750652,1,0.99,0.010000000000000009,986867.0747209168,
2020-10-20,77.79833221435547,88.07605743408203,0.2612919183704855,1,0.99,0.010000000000000009,985877.3133683777,
2020-10-21,78.4493637084961,88.48956298828125,0.0848503895036627,1,0.99,0.010000000000000009,985402.2614884949,
2020-10-22,80.15830993652344,88.48956298828125,0.12778989203621444,1,0.99,0.010000000000000009,981984.3690324402,
2020-10-23,79.4259033203125,88.90306091308594,0.019262414842108642,1,0.99,0.010000000000000009,984276.1781144715,
2020-10-26,80.07693481445312,89.7300796508789,0.2708329656414971,1,0.99,0.010000000000000009,984628.1526017762,
2020-10-27,79.75142669677734,90.14356231689452,0.9429261316001836,0,0.99,0.010000000000000009,986039.3383695984,Close
2020-10-28,79.83280181884766,89.7300796508789,0.9816142692840818,0,0.99,0.010000000000000009,986039.3383695984,
2020-10-29,78.93763732910156,88.90306091308594,0.9318471417769264,0,0.99,0.010000000000000009,986039.3383695984,
2020-10-30,79.50728607177734,88.48956298828125,0.32895535119343355,0,0.99,0.010000000000000009,986039.3383695984,
2020-11-02,79.58866882324219,90.55707550048828,0.018878917671076866,0,0.99,0.010000000000000009,986039.3383695984,
2020-11-03,79.58866882324219,90.55707550048828,0.9989204481694952,-1,0.99,0.010000000000000009,985972.5325398254,Short Spread
2020-11-04,79.6700439453125,90.55707550048828,0.9123008096487558,-1,0.99,0.010000000000000009,986135.282783966,
2020-11-05,80.23970031738281,90.9705810546875,0.24897353559329033,0,0.99,0.010000000000000009,986380.7360084533,Close
2020-11-06,81.3790054321289,90.55707550048828,0.8727555561466986,0,0.99,0.010000000000000009,986380.7360084533,
2020-11-09,81.78590393066406,90.9705810546875,0.0707760258371863,0,0.99,0.010000000000000009,986380.7360084533,
2020-11-10,81.1348648071289,90.9705810546875,0.272522217530525,0,0.99,0.010000000000000009,986380.7360084533,
2020-11-11,80.97211456298828,90.9705810546875,0.7190928424526949,0,0.99,0.010000000000000009,986380.7360084533,
2020-11-12,80.97211456298828,90.9705810546875,0.6910915791285425,0,0.99,0.010000000000000009,986380.7360084533,
2020-11-13,80.64659881591797,90.9705810546875,0.5755608738682205,0,0.99,0.010000000000000009,986380.7360084533,
2020-11-16,80.97211456298828,90.55707550048828,0.6472462224123198,0,0.99,0.010000000000000009,986380.7360084533,
2020-11-17,80.5652084350586,90.9705810546875,0.10611615383612438,0,0.99,0.010000000000000009,986380.7360084533,
2020-11-18,81.1348648071289,90.9705810546875,0.6303948568225588,0,0.99,0.010000000000000009,986380.7360084533,
2020-11-19,80.97211456298828,90.9705810546875,0.07621286412216181,0,0.99,0.010000000000000009,986380.7360084533,
2020-11-20,80.8093490600586,90.55707550048828,0.13322031419395985,0,0.99,0.010000000000000009,986380.7360084533,
2020-11-23,80.97211456298828,91.3840789794922,0.09341999868901057,0,0.99,0.010000000000000009,986380.7360084533,
2020-11-24,80.64659881591797,90.55707550048828,0.9994229435937145,-1,0.99,0.010000000000000009,986313.8878614806,Short Spread
2020-11-25,80.3210678100586,90.14356231689452,0.20016543394131686,0,0.99,0.010000000000000009,986423.0336317443,Close
2020-11-26,81.05348205566406,90.55707550048828,0.26167464431046217,0,0.99,0.010000000000000009,986423.0336317443,
2020-11-27,80.72797393798828,90.55707550048828,0.0013036747109370854,1,0.99,0.010000000000000009,986356.1822297667,Long Spread
2020-11-30,79.01901245117188,89.7300796508789,0.05252604548956873,1,0.99,0.010000000000000009,988120.1135041808,
2020-12-01,79.99556732177734,90.14356231689452,0.31213809441953255,1,0.99,0.010000000000000009,986993.9690950011,
2020-12-02,79.50728607177734,90.14356231689452,0.34928201810267034,1,0.99,0.010000000000000009,987970.5315950011,
2020-12-03,78.93763732910156,89.7300796508789,0.3494089479064253,1,0.99,0.010000000000000009,988282.8637483214,
2020-12-04,79.4259033203125,90.55707550048828,0.282302562627194,1,0.99,0.010000000000000009,988960.3234651183,
2020-12-07,79.4259033203125,89.7300796508789,0.46776327942479856,1,0.99,0.010000000000000009,987306.3317658996,
2020-12-08,79.58866882324219,90.55707550048828,0.17419487112386345,1,0.99,0.010000000000000009,988634.7924592589,
2020-12-09,79.58866882324219,89.7300796508789,0.42860714146126877,1,0.99,0.010000000000000009,986980.8007600402,
2020-12-10,79.6700439453125,89.7300796508789,0.13386039658497945,1,0.99,0.010000000000000009,986818.0505158996,
2020-12-11,80.23970031738281,89.7300796508789,0.16105536386728814,1,0.99,0.010000000000000009,985678.7377717589,
2020-12-14,80.5652084350586,89.7300796508789,0.023362635454412004,1,0.99,0.010000000000000009,985027.7215364074,
2020-12-15,80.15830993652344,90.14356231689452,0.0016852691179930122,1,0.99,0.010000000000000009,986668.4838655089,
2020-12-16,80.72797393798828,90.55707550048828,0.1650902731259411,1,0.99,0.010000000000000009,986356.1822297667,
2020-12-17,80.72797393798828,90.55707550048828,0.0026528327340881994,1,0.99,0.010000000000000009,986356.1822297667,
2020-12-18,80.8093490600586,90.55707550048828,0.0069150259004224215,1,0.99,0.010000000000000009,986193.4319856261,
2020-12-21,80.89073181152344,90.55707550048828,7.694836293455638e-07,1,0.99,0.010000000000000009,986030.6664826964,
2020-12-22,80.5652084350586,90.14356231689452,9.1813525166862e-07,1,0.99,0.010000000000000009,985854.6868684386,
2020-12-23,80.23970031738281,89.7300796508789,0.0273247970099507,1,0.99,0.010000000000000009,985678.7377717589,
2020-12-24,80.15830993652344,89.31655883789062,0.05635075024542849,1,0.99,0.010000000000000009,985014.4769075011,
2020-12-25,80.40245819091797,89.7300796508789,0.07001495374705757,1,0.99,0.010000000000000009,985353.2220246886,
2020-12-28,80.97211456298828,90.55707550048828,0.026027922876859753,1,0.99,0.010000000000000009,985867.9009797667,
2020-12-29,80.5652084350586,90.14356231689452,0.013811049766177821,1,0.99,0.010000000000000009,985854.6868684386,
2020-12-30,81.1348648071289,90.9705810546875,0.09149160763343289,1,0.99,0.010000000000000009,986369.4115998839,
2020-12-31,80.48383331298828,90.14356231689452,0.005711963940376924,1,0.99,0.010000000000000009,986017.4371125792,
2021-01-04,80.3210678100586,90.14356231689452,0.14423501631291347,1,0.99,0.010000000000000009,986342.9681184386,
2021-01-05,80.72797393798828,90.55707550048828,0.28597215857524133,1,0.99,0.010000000000000009,986356.1822297667,
2021-01-06,80.23970031738281,90.55707550048828,0.20240840270674754,1,0.99,0.010000000000000009,987332.7294709777,
2021-01-07,79.99556732177734,90.14356231689452,0.5249124609771695,0,0.99,0.010000000000000009,986927.1635298155,Close
2021-01-08,80.97211456298828,90.9705810546875,0.35949910857587464,0,0.99,0.010000000000000009,986927.1635298155,
2021-01-11,80.89073181152344,91.79757690429688,0.4160565656364052,0,0.99,0.010000000000000009,986927.1635298155,
2021-01-12,80.89073181152344,91.79757690429688,0.9854222612508471,0,0.99,0.010000000000000009,986927.1635298155,
2021-01-13,80.97211456298828,92.2110824584961,0.9671204997932943,0,0.99,0.010000000000000009,986927.1635298155,
2021-01-14,81.05348205566406,92.62458801269533,0.9994063437483001,-1,0.99,0.010000000000000009,986860.2164070128,Short Spread
2021-01-15,80.64659881591797,91.79757690429688,0.99889701108811,-1,0.99,0.010000000000000009,987700.4721443175,
2021-01-18,80.3210678100586,91.79757690429688,0.9098080557150141,-1,0.99,0.010000000000000009,987049.4101325987,
2021-01-19,79.91417694091797,91.79757690429688,0.8659117738234858,-1,0.99,0.010000000000000009,986235.6283943175,
2021-01-20,79.18177032470703,90.14356231689452,0.8455384454775012,-1,0.99,0.010000000000000009,988078.8443367003,
2021-01-21,79.10037994384766,89.7300796508789,0.13051957441086404,0,0.99,0.010000000000000009,988676.275688629,Close
2021-01-22,78.69348907470703,89.7300796508789,0.08380708479064536,0,0.99,0.010000000000000009,988676.275688629,
2021-01-25,79.58866882324219,90.14356231689452,0.14897331745994125,0,0.99,0.010000000000000009,988676.275688629,
2021-01-26,79.26314544677734,89.7300796508789,0.1152565605025444,0,0.99,0.010000000000000009,988676.275688629,
2021-01-27,78.61212158203125,90.14356231689452,0.04122379880121482,0,0.99,0.010000000000000009,988676.275688629,
2021-01-28,79.10037994384766,90.14356231689452,0.4166073791725082,0,0.99,0.010000000000000009,988676.275688629,
2021-01-29,78.28659057617188,89.31655883789062,0.3421792906203903,0,0.99,0.010000000000000009,988676.275688629,
2021-02-01,78.5307388305664,90.14356231689452,0.16172979940555365,0,0.99,0.010000000000000009,988676.275688629,
2021-02-02,78.77487182617188,90.14356231689452,0.5563300957146188,0,0.99,0.010000000000000009,988676.275688629,
2021-02-03,78.36798095703125,90.14356231689452,0.5019014229338458,0,0.99,0.010000000000000009,988676.275688629,
2021-02-04,78.36798095703125,89.31655883789062,0.6903878905549373,0,0.99,0.010000000000000009,988676.275688629,
2021-02-05,79.10037994384766,89.7300796508789,0.16618907413947898,0,0.99,0.010000000000000009,988676.275688629,
2021-02-17,78.61212158203125,89.7300796508789,0.14042813713350044,0,0.99,0.010000000000000009,988676.275688629,
2021-02-18,78.4493637084961,89.7300796508789,0.3117187004713059,0,0.99,0.010000000000000009,988676.275688629,
2021-02-19,78.28659057617188,90.14356231689452,0.35675409832129656,0,0.99,0.010000000000000009,988676.275688629,
2021-02-22,78.28659057617188,89.7300796508789,0.6948496530986468,0,0.99,0.010000000000000009,988676.275688629,
2021-02-23,79.75142669677734,90.55707550048828,0.36877009265303695,0,0.99,0.010000000000000009,988676.275688629,
2021-02-24,79.75142669677734,90.55707550048828,0.5931266397903139,0,0.99,0.010000000000000009,988676.275688629,
2021-02-25,80.5652084350586,91.3840789794922,0.5872448946218412,0,0.99,0.010000000000000009,988676.275688629,
2021-02-26,79.01901245117188,90.55707550048828,0.7621423381329872,0,0.99,0.010000000000000009,988676.275688629,
2021-03-02,79.18177032470703,90.55707550048828,0.7489108567262077,0,0.99,0.010000000000000009,988676.275688629,
2021-03-03,80.48383331298828,90.55707550048828,0.6753749147314098,0,0.99,0.010000000000000009,988676.275688629,
2021-03-04,79.75142669677734,90.55707550048828,0.24396236114572328,0,0.99,0.010000000000000009,988676.275688629,
2021-03-05,79.58866882324219,90.9705810546875,0.4973793515157134,0,0.99,0.010000000000000009,988676.275688629,
2021-03-08,79.4259033203125,90.9705810546875,0.8338906020583811,0,0.99,0.010000000000000009,988676.275688629,
2021-03-09,80.23970031738281,91.3840789794922,0.8259855928809687,0,0.99,0.010000000000000009,988676.275688629,
2021-03-10,80.72797393798828,91.3840789794922,0.8688081577193836,0,0.99,0.010000000000000009,988676.275688629,
2021-03-11,80.40245819091797,91.79757690429688,0.5337645082479643,0,0.99,0.010000000000000009,988676.275688629,
2021-03-12,80.48383331298828,91.79757690429688,0.9325302980703544,0,0.99,0.010000000000000009,988676.275688629,
2021-03-15,79.83280181884766,91.3840789794922,0.8797910355589849,0,0.99,0.010000000000000009,988676.275688629,
2021-03-16,80.40245819091797,91.3840789794922,0.8713066185600138,0,0.99,0.010000000000000009,988676.275688629,
2021-03-17,80.3210678100586,91.3840789794922,0.742538097010456,0,0.99,0.010000000000000009,988676.275688629,
2021-03-18,80.23970031738281,91.79757690429688,0.7808143957230685,0,0.99,0.010000000000000009,988676.275688629,
2021-03-19,79.58866882324219,90.9705810546875,0.9183347663938697,0,0.99,0.010000000000000009,988676.275688629,
2021-03-22,79.58866882324219,91.3840789794922,0.6962237125475955,0,0.99,0.010000000000000009,988676.275688629,
2021-03-23,79.34452819824219,91.79757690429688,0.8204284353240293,0,0.99,0.010000000000000009,988676.275688629,
2021-03-24,79.34452819824219,91.79757690429688,0.9708736312908238,0,0.99,0.010000000000000009,988676.275688629,
2021-03-25,79.34452819824219,92.2110824584961,0.9564523187525512,0,0.99,0.010000000000000009,988676.275688629,
2021-03-26,80.15830993652344,92.2110824584961,0.9920732659056679,-1,0.99,0.010000000000000009,988609.3809129333,Short Spread
2021-03-29,80.40245819091797,92.62458801269533,0.9423850081297123,-1,0.99,0.010000000000000009,988270.6663133239,
2021-03-30,80.48383331298828,92.2110824584961,0.9620310177807808,-1,0.99,0.010000000000000009,989260.427665863,
2021-03-31,79.91417694091797,92.2110824584961,0.6398288913181174,-1,0.99,0.010000000000000009,988121.1149217223,
2021-04-01,79.91417694091797,92.2110824584961,0.9209148322366568,-1,0.99,0.010000000000000009,988121.1149217223,
2021-04-07,80.5652084350586,92.62458801269533,0.8621543255177004,-1,0.99,0.010000000000000009,988596.1668016051,
2021-04-08,79.99556732177734,91.79757690429688,0.7085874652726187,-1,0.99,0.010000000000000009,989110.9067918395,
2021-04-09,79.91417694091797,92.62458801269533,0.4498489441201297,0,0.99,0.010000000000000009,987227.2022627257,Close
2021-04-12,79.75142669677734,91.79757690429688,0.985197855937883,0,0.99,0.010000000000000009,987227.2022627257,
2021-04-13,80.15830993652344,92.62458801269533,0.4604852789844727,0,0.99,0.010000000000000009,987227.2022627257,
2021-04-14,80.3210678100586,93.45159149169922,0.9192101191189324,0,0.99,0.010000000000000009,987227.2022627257,
2021-04-15,80.48383331298828,94.27859497070312,0.9999966151009865,-1,0.99,0.010000000000000009,987160.2117655943,Short Spread
2021-04-16,80.72797393798828,94.27859497070312,0.9992619347702565,-1,0.99,0.010000000000000009,987648.4930155943,
2021-04-19,81.21623992919922,94.69210052490234,0.16894270648313298,0,0.99,0.010000000000000009,987730.9775559995,Close
2021-04-20,82.59968566894531,95.10560607910156,0.7945506846163879,0,0.99,0.010000000000000009,987730.9775559995,
2021-04-21,81.78590393066406,94.69210052490234,0.7793645711345712,0,0.99,0.010000000000000009,987730.9775559995,
2021-04-22,82.19278717041016,94.69210052490234,0.44487537917101133,0,0.99,0.010000000000000009,987730.9775559995,
2021-04-23,82.19278717041016,94.27859497070312,0.2729496490731516,0,0.99,0.010000000000000009,987730.9775559995,
2021-04-26,82.19278717041016,94.27859497070312,0.1973650534703087,0,0.99,0.010000000000000009,987730.9775559995,
2021-04-27,82.19278717041016,94.27859497070312,0.24685244097269377,0,0.99,0.010000000000000009,987730.9775559995,
2021-04-28,81.78590393066406,94.27859497070312,0.2764815015397538,0,0.99,0.010000000000000009,987730.9775559995,
2021-04-29,81.3790054321289,94.27859497070312,0.37059035658632855,0,0.99,0.010000000000000009,987730.9775559995,
2021-05-03,81.21623992919922,93.45159149169922,0.4528366765760924,0,0.99,0.010000000000000009,987730.9775559995,
2021-05-04,80.64659881591797,93.0380859375,0.34605096604296076,0,0.99,0.010000000000000009,987730.9775559995,
2021-05-05,80.5652084350586,92.62458801269533,0.26063866691019133,0,0.99,0.010000000000000009,987730.9775559995,
2021-05-06,81.3790054321289,93.45159149169922,0.10919572820792117,0,0.99,0.010000000000000009,987730.9775559995,
2021-05-07,81.78590393066406,93.86509704589844,0.19719879859549105,0,0.99,0.010000000000000009,987730.9775559995,
2021-05-10,81.78590393066406,94.27859497070312,0.29634686235529994,0,0.99,0.010000000000000009,987730.9775559995,
2021-05-11,81.78590393066406,94.69210052490234,0.35895849419697967,0,0.99,0.010000000000000009,987730.9775559995,
2021-05-12,80.07693481445312,93.0380859375,0.4778932592466184,0,0.99,0.010000000000000009,987730.9775559995,
2021-05-13,79.18177032470703,91.79757690429688,0.6824783286705384,0,0.99,0.010000000000000009,987730.9775559995,
2021-05-14,81.1348648071289,93.86509704589844,0.3144096690216972,0,0.99,0.010000000000000009,987730.9775559995,
2021-05-17,81.05348205566406,93.0380859375,0.432888272497275,0,0.99,0.010000000000000009,987730.9775559995,
2021-05-18,81.78590393066406,93.86509704589844,0.015300818552579403,0,0.99,0.010000000000000009,987730.9775559995,
2021-05-19,81.78590393066406,93.0380859375,0.19035526696369343,0,0.99,0.010000000000000009,987730.9775559995,
2021-05-20,81.78590393066406,93.86509704589844,0.005121928582996622,1,0.99,0.010000000000000009,987663.9515159605,Long Spread
2021-05-21,82.19278717041016,94.69210052490234,0.24527268676508812,1,0.99,0.010000000000000009,988504.1919944761,
2021-05-24,81.3790054321289,93.45159149169922,0.375677611333581,1,0.99,0.010000000000000009,987650.7374046324,
2021-05-25,81.3790054321289,94.27859497070312,0.06860108820871814,1,0.99,0.010000000000000009,989304.7443626402,
2021-05-26,81.1348648071289,93.45159149169922,0.6191295899183688,0,0.99,0.010000000000000009,988072.0351963805,Close
2021-05-27,79.75142669677734,92.62458801269533,0.10524293091928771,0,0.99,0.010000000000000009,988072.0351963805,
2021-05-28,81.1348648071289,93.45159149169922,0.2719768329871407,0,0.99,0.010000000000000009,988072.0351963805,
2021-05-31,81.78590393066406,93.86509704589844,0.10368426327854735,0,0.99,0.010000000000000009,988072.0351963805,
2021-06-01,81.3790054321289,93.86509704589844,0.12944291518487333,0,0.99,0.010000000000000009,988072.0351963805,
2021-06-02,82.19278717041016,94.27859497070312,0.20863417756066505,0,0.99,0.010000000000000009,988072.0351963805,
2021-06-03,81.78590393066406,94.27859497070312,0.11967641148945235,0,0.99,0.010000000000000009,988072.0351963805,
2021-06-04,82.19278717041016,94.27859497070312,0.2114950076780221,0,0.99,0.010000000000000009,988072.0351963805,
2021-06-07,82.19278717041016,94.27859497070312,0.11813117252562882,0,0.99,0.010000000000000009,988072.0351963805,
2021-06-08,83.4134750366211,94.69210052490234,0.11913650944471804,0,0.99,0.010000000000000009,988072.0351963805,
2021-06-09,83.4134750366211,94.27859497070312,0.021682334364411353,0,0.99,0.010000000000000009,988072.0351963805,
2021-06-10,84.22726440429688,94.69210052490234,0.008081290409134769,1,0.99,0.010000000000000009,988004.8784217833,Long Spread
2021-06-11,84.22726440429688,94.69210052490234,0.006076703550001779,1,0.99,0.010000000000000009,988004.8784217833,
2021-06-15,83.4134750366211,94.69210052490234,0.04256803731209017,1,0.99,0.010000000000000009,989632.4571571349,
2021-06-16,83.4134750366211,95.10560607910156,0.16871744658604843,1,0.99,0.010000000000000009,990459.4682655333,
2021-06-17,83.4134750366211,94.69210052490234,0.45971166580155737,1,0.99,0.010000000000000009,989632.4571571349,
2021-06-18,82.19278717041016,93.86509704589844,0.14059852338159434,1,0.99,0.010000000000000009,990419.825931549,
2021-06-21,82.59968566894531,93.86509704589844,0.026823739358397793,1,0.99,0.010000000000000009,989606.0289344786,
2021-06-22,82.59968566894531,94.27859497070312,0.02416539032048297,1,0.99,0.010000000000000009,990433.024784088,
2021-06-23,83.00658416748047,94.69210052490234,0.06454345075005662,1,0.99,0.010000000000000009,990446.2388954161,
2021-06-24,83.00658416748047,94.27859497070312,0.16555548218649685,1,0.99,0.010000000000000009,989619.2277870177,
2021-06-25,83.4134750366211,94.69210052490234,0.03156812672767092,1,0.99,0.010000000000000009,989632.4571571349,
2021-06-28,83.00658416748047,94.27859497070312,0.12779556859266938,1,0.99,0.010000000000000009,989619.2277870177,
2021-06-29,83.4134750366211,94.27859497070312,0.043279149765986846,1,0.99,0.010000000000000009,988805.4460487365,
2021-06-30,83.00658416748047,94.27859497070312,0.025847862587967434,1,0.99,0.010000000000000009,989619.2277870177,
2021-07-01,83.00658416748047,93.86509704589844,0.06309563938008496,1,0.99,0.010000000000000009,988792.2319374083,
2021-07-02,83.00658416748047,94.27859497070312,0.03965931568299331,1,0.99,0.010000000000000009,989619.2277870177,
2021-07-05,83.4134750366211,94.69210052490234,0.09742206774831402,1,0.99,0.010000000000000009,989632.4571571349,
2021-07-06,83.00658416748047,94.27859497070312,0.16756329194357533,1,0.99,0.010000000000000009,989619.2277870177,
2021-07-07,83.4134750366211,94.27859497070312,0.09012061535327548,1,0.99,0.010000000000000009,988805.4460487365,
2021-07-08,83.4134750366211,94.27859497070312,0.03722668293887951,1,0.99,0.010000000000000009,988805.4460487365,
2021-07-09,83.82037353515625,94.69210052490234,0.04465470704589088,1,0.99,0.010000000000000009,988818.6601600646,
2021-07-12,83.00658416748047,93.86509704589844,0.1323804969138449,1,0.99,0.010000000000000009,988792.2319374083,
2021-07-13,83.82037353515625,94.69210052490234,0.04717404997299278,1,0.99,0.010000000000000009,988818.6601600646,
2021-07-14,83.4134750366211,94.69210052490234,0.1498729113056126,1,0.99,0.010000000000000009,989632.4571571349,
2021-07-15,83.4134750366211,94.69210052490234,0.3589195670270273,1,0.99,0.010000000000000009,989632.4571571349,
2021-07-16,83.00658416748047,95.10560607910156,0.4094836491831478,1,0.99,0.010000000000000009,991273.2500038146,
2021-07-19,83.4134750366211,95.10560607910156,0.7634918768904482,0,0.99,0.010000000000000009,990392.3275022887,Close
2021-07-20,83.00658416748047,95.10560607910156,0.6500330846425983,0,0.99,0.010000000000000009,990392.3275022887,
2021-07-21,83.4134750366211,95.10560607910156,0.7517509671579263,0,0.99,0.010000000000000009,990392.3275022887,
2021-07-22,84.22726440429688,95.9326171875,0.589345580966971,0,0.99,0.010000000000000009,990392.3275022887,
2021-07-23,84.63416290283203,95.10560607910156,0.8105835807444947,0,0.99,0.010000000000000009,990392.3275022887,
2021-07-26,84.22726440429688,95.10560607910156,0.2570668212862963,0,0.99,0.010000000000000009,990392.3275022887,
2021-07-27,84.63416290283203,95.51909637451172,0.3010422618510551,0,0.99,0.010000000000000009,990392.3275022887,
2021-07-28,84.63416290283203,95.9326171875,0.5992178662857763,0,0.99,0.010000000000000009,990392.3275022887,
2021-07-29,85.04105377197266,96.34610748291016,0.8440990830866943,0,0.99,0.010000000000000009,990392.3275022887,
2021-07-30,84.63416290283203,95.10560607910156,0.8498411158578227,0,0.99,0.010000000000000009,990392.3275022887,
2021-08-02,85.44795227050781,96.34610748291016,0.2248055130227366,0,0.99,0.010000000000000009,990392.3275022887,
2021-08-03,86.2617416381836,96.75961303710938,0.7400730439903238,0,0.99,0.010000000000000009,990392.3275022887,
2021-08-04,87.07552337646484,97.1731185913086,0.6699058054620763,0,0.99,0.010000000000000009,990392.3275022887,
2021-08-05,88.29621887207031,97.58660888671876,0.9197318966895396,0,0.99,0.010000000000000009,990392.3275022887,
2021-08-06,87.88932800292969,97.1731185913086,0.8873428261209915,0,0.99,0.010000000000000009,990392.3275022887,
2021-08-09,87.07552337646484,97.1731185913086,0.6527341696640074,0,0.99,0.010000000000000009,990392.3275022887,
2021-08-10,87.07552337646484,97.58660888671876,0.7214965533674866,0,0.99,0.010000000000000009,990392.3275022887,
2021-08-11,87.07552337646484,97.58660888671876,0.9376279760404889,0,0.99,0.010000000000000009,990392.3275022887,
2021-08-12,87.07552337646484,97.58660888671876,0.8876714051425053,0,0.99,0.010000000000000009,990392.3275022887,
2021-08-13,86.2617416381836,97.1731185913086,0.7848912994954638,0,0.99,0.010000000000000009,990392.3275022887,
2021-08-16,85.44795227050781,97.1731185913086,0.7412659281109163,0,0.99,0.010000000000000009,990392.3275022887,
2021-08-17,85.44795227050781,97.1731185913086,0.940475244666951,0,0.99,0.010000000000000009,990392.3275022887,
2021-08-18,85.44795227050781,97.1731185913086,0.9351886826083637,0,0.99,0.010000000000000009,990392.3275022887,
2021-08-19,83.82037353515625,96.34610748291016,0.93743626955153,0,0.99,0.010000000000000009,990392.3275022887,
2021-08-20,82.59968566894531,95.9326171875,0.9971131173279391,-1,0.99,0.010000000000000009,990325.1862101745,Short Spread
2021-08-23,82.34443664550781,95.51909637451172,0.9547028855803993,-1,0.99,0.010000000000000009,990641.729789276,
2021-08-24,83.27921295166016,95.51909637451172,0.6726950472811567,-1,0.99,0.010000000000000009,992511.2824015807,
2021-08-25,83.10924530029297,94.4934310913086,0.3422562635726534,0,0.99,0.010000000000000009,994155.5735581969,Close
2021-08-26,83.7041015625,94.4934310913086,0.08847107331691206,0,0.99,0.010000000000000009,994155.5735581969,
2021-08-27,84.21397399902344,94.4934310913086,0.046541987197809456,0,0.99,0.010000000000000009,994155.5735581969,
2021-08-30,84.72383880615234,95.35244750976562,0.0265754289061324,0,0.99,0.010000000000000009,994155.5735581969,
2021-08-31,85.82855987548828,96.21147918701172,0.25535170209351327,0,0.99,0.010000000000000009,994155.5735581969,
2021-09-01,84.12899780273438,94.92294311523438,0.3970154095977344,0,0.99,0.010000000000000009,994155.5735581969,
2021-09-02,83.7041015625,95.35244750976562,0.18069964704778385,0,0.99,0.010000000000000009,994155.5735581969,
2021-09-03,84.04401397705078,95.35244750976562,0.4483103558886282,0,0.99,0.010000000000000009,994155.5735581969,
2021-09-06,83.78907775878906,95.35244750976562,0.3509238982855085,0,0.99,0.010000000000000009,994155.5735581969,
2021-09-07,83.7041015625,95.35244750976562,0.3433668613384735,0,0.99,0.010000000000000009,994155.5735581969,
2021-09-08,84.3839340209961,95.35244750976562,0.34485968895410046,0,0.99,0.010000000000000009,994155.5735581969,
2021-09-09,83.7041015625,94.92294311523438,0.1306060866441009,0,0.99,0.010000000000000009,994155.5735581969,
2021-09-10,84.46891021728516,94.92294311523438,0.26338049946706044,0,0.99,0.010000000000000009,994155.5735581969,
2021-09-13,84.3839340209961,95.35244750976562,0.045392911204083855,0,0.99,0.010000000000000009,994155.5735581969,
2021-09-14,84.12899780273438,95.35244750976562,0.20327222675077578,0,0.99,0.010000000000000009,994155.5735581969,
2021-09-15,84.2989501953125,95.35244750976562,0.2911998939892406,0,0.99,0.010000000000000009,994155.5735581969,
2021-09-16,84.12899780273438,95.78196716308594,0.17855616616042724,0,0.99,0.010000000000000009,994155.5735581969,
2021-09-17,84.55389404296875,95.35244750976562,0.809835687882711,0,0.99,0.010000000000000009,994155.5735581969,
2021-09-22,83.78907775878906,95.35244750976562,0.09347488828479156,0,0.99,0.010000000000000009,994155.5735581969,
2021-09-23,84.63886260986328,95.35244750976562,0.5462226249160818,0,0.99,0.010000000000000009,994155.5735581969,
2021-09-24,84.80882263183594,95.78196716308594,0.05833500191352589,0,0.99,0.010000000000000009,994155.5735581969,
2021-09-27,84.72383880615234,95.35244750976562,0.3998777469468567,0,0.99,0.010000000000000009,994155.5735581969,
2021-09-28,84.63886260986328,95.35244750976562,0.03328346447551847,0,0.99,0.010000000000000009,994155.5735581969,
2021-09-29,84.3839340209961,95.78196716308594,0.061813086557258264,0,0.99,0.010000000000000009,994155.5735581969,
2021-09-30,84.04401397705078,94.92294311523438,0.7159637128471463,0,0.99,0.010000000000000009,994155.5735581969,
2021-10-01,83.78907775878906,94.92294311523438,0.11321214097138049,0,0.99,0.010000000000000009,994155.5735581969,
2021-10-04,83.95903778076172,95.35244750976562,0.348711607086725,0,0.99,0.010000000000000009,994155.5735581969,
2021-10-05,84.2989501953125,94.92294311523438,0.5104271832500994,0,0.99,0.010000000000000009,994155.5735581969,
2021-10-06,84.2989501953125,95.35244750976562,0.03393480993178167,0,0.99,0.010000000000000009,994155.5735581969,
2021-10-07,84.2989501953125,95.78196716308594,0.24260945147221635,0,0.99,0.010000000000000009,994155.5735581969,
2021-10-08,84.04401397705078,95.78196716308594,0.8543757641564584,0,0.99,0.010000000000000009,994155.5735581969,
2021-10-12,84.12899780273438,95.78196716308594,0.9649140976069227,0,0.99,0.010000000000000009,994155.5735581969,
2021-10-13,83.95903778076172,95.78196716308594,0.8599303850492004,0,0.99,0.010000000000000009,994155.5735581969,
2021-10-14,83.53414916992188,94.92294311523438,0.9810556690201266,0,0.99,0.010000000000000009,994155.5735581969,
2021-10-15,83.78907775878906,95.35244750976562,0.07044201697391178,0,0.99,0.010000000000000009,994155.5735581969,
2021-10-18,83.53414916992188,95.35244750976562,0.780279473861508,0,0.99,0.010000000000000009,994155.5735581969,
2021-10-19,83.36418914794922,95.78196716308594,0.9067464332959693,0,0.99,0.010000000000000009,994155.5735581969,
2021-10-20,83.6191177368164,95.35244750976562,0.9991604121762023,-1,0.99,0.010000000000000009,994088.414695587,Short Spread
2021-10-21,83.6191177368164,94.92294311523438,0.7172363557822679,-1,0.99,0.010000000000000009,994947.4234846495,
2021-10-22,83.6191177368164,95.78196716308594,0.0073891038238362225,0,0.99,0.010000000000000009,993162.1993455504,Close
2021-10-25,83.6191177368164,95.35244750976562,0.9891016280360615,0,0.99,0.010000000000000009,993162.1993455504,
2021-10-26,83.6191177368164,94.92294311523438,0.7225183200024903,0,0.99,0.010000000000000009,993162.1993455504,
2021-10-27,83.36418914794922,94.92294311523438,0.038700511056915785,0,0.99,0.010000000000000009,993162.1993455504,
2021-10-28,83.44916534423828,94.4934310913086,0.36666436637235744,0,0.99,0.010000000000000009,993162.1993455504,
2021-10-29,83.36418914794922,94.92294311523438,0.007958554267663885,1,0.99,0.010000000000000009,993095.0678602599,Long Spread
2021-11-01,83.6191177368164,95.35244750976562,0.5263849695105693,0,0.99,0.010000000000000009,993377.0606089782,Close
2021-11-02,83.27921295166016,94.92294311523438,0.67523649435195,0,0.99,0.010000000000000009,993377.0606089782,
2021-11-03,83.6191177368164,94.92294311523438,0.5989257339780749,0,0.99,0.010000000000000009,993377.0606089782,
2021-11-04,83.6191177368164,95.35244750976562,0.2153304414918804,0,0.99,0.010000000000000009,993377.0606089782,
2021-11-05,84.21397399902344,95.35244750976562,0.57228748439085,0,0.99,0.010000000000000009,993377.0606089782,
2021-11-08,83.95903778076172,95.78196716308594,0.2030027288358549,0,0.99,0.010000000000000009,993377.0606089782,
2021-11-09,83.95903778076172,95.78196716308594,0.8939023728964901,0,0.99,0.010000000000000009,993377.0606089782,
2021-11-10,84.21397399902344,96.21147918701172,0.8707395681698168,0,0.99,0.010000000000000009,993377.0606089782,
2021-11-11,84.55389404296875,96.64100646972656,0.7842364605197423,0,0.99,0.010000000000000009,993377.0606089782,
2021-11-12,84.72383880615234,96.64100646972656,0.8742471313820418,0,0.99,0.010000000000000009,993377.0606089782,
2021-11-15,84.72383880615234,97.0705108642578,0.9046237490425706,0,0.99,0.010000000000000009,993377.0606089782,
2021-11-16,84.9787826538086,97.92955017089844,0.9897100315737767,0,0.99,0.010000000000000009,993377.0606089782,
2021-11-17,85.40367889404297,98.35906219482422,0.9885576079985605,0,0.99,0.010000000000000009,993377.0606089782,
2021-11-18,85.40367889404297,98.78857421875,0.9874799594145006,0,0.99,0.010000000000000009,993377.0606089782,
2021-11-19,84.9787826538086,97.0705108642578,0.9954866463731559,-1,0.99,0.010000000000000009,993309.7786372374,Short Spread
2021-11-22,84.21397399902344,96.64100646972656,0.7016385899464417,-1,0.99,0.010000000000000009,992639.1701167296,
2021-11-23,84.2989501953125,97.50003051757812,0.8928577240726174,-1,0.99,0.010000000000000009,991091.0744136046,
2021-11-24,83.87405395507812,97.50003051757812,0.9550025007325939,-1,0.99,0.010000000000000009,990241.2819331358,
2021-11-25,83.95903778076172,97.50003051757812,0.9880552102356832,-1,0.99,0.010000000000000009,990411.249584503,
2021-11-26,83.36418914794922,97.0705108642578,0.9688972213024519,-1,0.99,0.010000000000000009,990080.5916255186,
2021-11-29,83.44916534423828,96.64100646972656,0.9911227538457571,-1,0.99,0.010000000000000009,991109.5528071593,
2021-11-30,82.4294204711914,96.21147918701172,0.9580903168418383,-1,0.99,0.010000000000000009,989929.1176264952,
2021-12-01,83.53414916992188,97.0705108642578,0.9991686092941043,-1,0.99,0.010000000000000009,990420.511669464,
2021-12-02,83.95903778076172,97.92955017089844,0.9355847449784452,-1,0.99,0.010000000000000009,989552.2102778624,
2021-12-03,83.53414916992188,97.50003051757812,0.9707144791199461,-1,0.99,0.010000000000000009,989561.4723628233,
2021-12-06,83.27921295166016,97.92955017089844,0.9450047529309714,-1,0.99,0.010000000000000009,988192.5606196593,
2021-12-07,83.78907775878906,97.92955017089844,0.9921476063120973,-1,0.99,0.010000000000000009,989212.2902339171,
2021-12-08,83.78907775878906,97.92955017089844,0.9455792941892686,-1,0.99,0.010000000000000009,989212.2902339171,
2021-12-09,83.95903778076172,98.35906219482422,0.9265364577956273,-1,0.99,0.010000000000000009,988693.1862300108,
2021-12-10,83.53414916992188,97.92955017089844,0.9473795678985886,-1,0.99,0.010000000000000009,988702.4330561827,
2021-12-13,83.27921295166016,97.50003051757812,0.8931180963613587,-1,0.99,0.010000000000000009,989051.5999262999,
2021-12-14,83.36418914794922,97.92955017089844,0.8925043913386236,-1,0.99,0.010000000000000009,988362.5130122374,
2021-12-15,83.36418914794922,97.92955017089844,0.8889096160487152,-1,0.99,0.010000000000000009,988362.5130122374,
2021-12-16,83.78907775878906,98.35906219482422,0.867689625862797,-1,0.99,0.010000000000000009,988353.2661860655,
2021-12-17,84.04401397705078,98.78857421875,0.9205254379912011,-1,0.99,0.010000000000000009,988004.1145747374,
2021-12-20,83.6191177368164,98.78857421875,0.9240081567922188,-1,0.99,0.010000000000000009,987154.3220942686,
2021-12-21,83.95903778076172,99.21809387207033,0.9606217068923097,-1,0.99,0.010000000000000009,986975.1228755186,
2021-12-22,84.2989501953125,99.21809387207033,0.9591778002747008,-1,0.99,0.010000000000000009,987654.9477046202,
2021-12-23,84.55389404296875,99.21809387207033,0.8726399428085451,-1,0.99,0.010000000000000009,988164.8353999327,
2021-12-24,84.80882263183594,99.21809387207033,0.8025220358764863,-1,0.99,0.010000000000000009,988674.6925776671,
2021-12-27,84.893798828125,99.6476058959961,0.6214475190124804,-1,0.99,0.010000000000000009,987985.6209223936,
2021-12-28,85.40367889404297,99.6476058959961,0.913065833307122,-1,0.99,0.010000000000000009,989005.3810542296,
2021-12-29,85.40367889404297,100.07711791992188,0.18385305240042538,0,0.99,0.010000000000000009,988078.9377745055,Close
2021-12-30,84.9787826538086,100.07711791992188,0.7858618088808033,0,0.99,0.010000000000000009,988078.9377745055,
2022-01-03,85.40367889404297,99.21809387207033,0.8558716092928056,0,0.99,0.010000000000000009,988078.9377745055,
2022-01-04,84.2989501953125,99.21809387207033,0.1397044616222336,0,0.99,0.010000000000000009,988078.9377745055,
2022-01-05,84.72383880615234,99.21809387207033,0.5954760587959762,0,0.99,0.010000000000000009,988078.9377745055,
2022-01-06,84.2989501953125,99.21809387207033,0.45053326389175774,0,0.99,0.010000000000000009,988078.9377745055,
2022-01-07,84.55389404296875,99.21809387207033,0.5213428286348739,0,0.99,0.010000000000000009,988078.9377745055,
2022-01-10,84.80882263183594,100.07711791992188,0.3911292283840737,0,0.99,0.010000000000000009,988078.9377745055,
2022-01-11,84.9787826538086,100.07711791992188,0.7818283880212198,0,0.99,0.010000000000000009,988078.9377745055,
2022-01-12,85.40367889404297,100.50664520263672,0.6139466405185444,0,0.99,0.010000000000000009,988078.9377745055,
2022-01-13,85.40367889404297,100.9361572265625,0.818654258805928,0,0.99,0.010000000000000009,988078.9377745055,
2022-01-14,85.82855987548828,100.9361572265625,0.9995024171434174,-1,0.99,0.010000000000000009,988011.4671858214,Short Spread
2022-01-17,84.9787826538086,100.50664520263672,0.196927838971573,0,0.99,0.010000000000000009,987103.5173731993,Close
2022-01-18,84.9787826538086,100.9361572265625,0.7381135256132789,0,0.99,0.010000000000000009,987103.5173731993,
2022-01-19,85.82855987548828,100.50664520263672,0.9191594925812738,0,0.99,0.010000000000000009,987103.5173731993,
2022-01-20,84.893798828125,100.07711791992188,0.061176095506102354,0,0.99,0.010000000000000009,987103.5173731993,
2022-01-21,84.9787826538086,100.50664520263672,0.4271286516130285,0,0.99,0.010000000000000009,987103.5173731993,
2022-01-24,85.40367889404297,100.50664520263672,0.5614421309738052,0,0.99,0.010000000000000009,987103.5173731993,
2022-01-25,85.40367889404297,100.50664520263672,0.2711436003221516,0,0.99,0.010000000000000009,987103.5173731993,
2022-01-26,84.72383880615234,100.9361572265625,0.26377632828189945,0,0.99,0.010000000000000009,987103.5173731993,
2022-02-07,85.82855987548828,101.79518127441406,0.7470455351258461,0,0.99,0.010000000000000009,987103.5173731993,
2022-02-08,85.40367889404297,101.3656768798828,0.8891826584910241,0,0.99,0.010000000000000009,987103.5173731993,
2022-02-09,86.67835235595703,101.79518127441406,0.6458733114101253,0,0.99,0.010000000000000009,987103.5173731993,
2022-02-10,87.95303344726562,102.65422058105467,0.0877347336989604,0,0.99,0.010000000000000009,987103.5173731993,
2022-02-11,87.52814483642578,102.65422058105467,0.887512843905365,0,0.99,0.010000000000000009,987103.5173731993,
2022-02-14,87.52814483642578,103.08373260498048,0.7805309329040744,0,0.99,0.010000000000000009,987103.5173731993,
2022-02-15,87.95303344726562,103.08373260498048,0.9966544939058597,-1,0.99,0.010000000000000009,987035.8759025573,Short Spread
2022-02-16,89.22771453857422,103.9427719116211,0.7410362051459546,-1,0.99,0.010000000000000009,987867.1594718932,
2022-02-17,89.22771453857422,104.37228393554688,0.7909917105975579,-1,0.99,0.010000000000000009,987008.1354240417,
2022-02-18,89.22771453857422,104.80178833007812,0.9962228090742441,-1,0.99,0.010000000000000009,986149.1266349792,
2022-02-21,90.07750701904295,106.09033966064452,0.9997013615050967,-1,0.99,0.010000000000000009,985271.6089347838,
2022-02-22,90.07750701904295,106.09033966064452,0.732493944698542,-1,0.99,0.010000000000000009,985271.6089347838,
2022-02-23,90.9272918701172,107.80841064453124,0.6548333089873491,-1,0.99,0.010000000000000009,983535.036669159,
2022-02-24,89.22771453857422,106.94937896728516,0.7036687971221397,-1,0.99,0.010000000000000009,981853.9453605651,
2022-02-25,87.95303344726562,106.94937896728516,0.9963851401690811,-1,0.99,0.010000000000000009,979304.5831779479,
2022-03-01,89.65261840820312,106.94937896728516,0.994469132413305,-1,0.99,0.010000000000000009,982703.7530998229,
2022-03-02,90.07750701904295,106.09033966064452,0.8837043966009361,-1,0.99,0.010000000000000009,985271.6089347838,
2022-03-03,90.07750701904295,105.23130798339844,0.2676424475123387,0,0.99,0.010000000000000009,986921.859936676,Close
2022-03-04,89.65261840820312,105.66082000732422,0.22232072329784963,0,0.99,0.010000000000000009,986921.859936676,
2022-03-07,89.22771453857422,103.9427719116211,0.6458267265304418,0,0.99,0.010000000000000009,986921.859936676,
2022-03-08,89.22771453857422,104.80178833007812,0.10297386316694418,0,0.99,0.010000000000000009,986921.859936676,
2022-03-09,89.65261840820312,105.23130798339844,0.42968346546916847,0,0.99,0.010000000000000009,986921.859936676,
2022-03-10,90.50240325927734,105.66082000732422,0.48065219151978306,0,0.99,0.010000000000000009,986921.859936676,
2022-03-11,90.07750701904295,105.23130798339844,0.3219832146951621,0,0.99,0.010000000000000009,986921.859936676,
2022-03-14,90.07750701904295,105.66082000732422,0.36204801150824295,0,0.99,0.010000000000000009,986921.859936676,
2022-03-15,90.07750701904295,107.37889099121094,0.5342683405554651,0,0.99,0.010000000000000009,986921.859936676,
2022-03-16,90.9272918701172,108.2379150390625,0.9232984561467241,0,0.99,0.010000000000000009,986921.859936676,
2022-03-17,90.07750701904295,107.80841064453124,0.7388439822608281,0,0.99,0.010000000000000009,986921.859936676,
2022-03-18,89.22771453857422,108.66744232177734,0.9443163004286008,0,0.99,0.010000000000000009,986921.859936676,
2022-03-21,89.65261840820312,108.66744232177734,0.9888832662856177,0,0.99,0.010000000000000009,986921.859936676,
2022-03-22,89.22771453857422,108.66744232177734,0.9492255814549581,0,0.99,0.010000000000000009,986921.859936676,
2022-03-23,89.22771453857422,108.66744232177734,0.9468395475202093,0,0.99,0.010000000000000009,986921.859936676,
2022-03-24,90.50240325927734,109.0969467163086,0.9395956241311938,0,0.99,0.010000000000000009,986921.859936676,
2022-03-25,90.07750701904295,109.95598602294922,0.8735455154711885,0,0.99,0.010000000000000009,986921.859936676,
2022-03-28,89.65261840820312,109.95598602294922,0.9961187732209205,-1,0.99,0.010000000000000009,986853.8755924987,Short Spread
2022-03-29,89.65261840820312,109.0969467163086,0.9879691721164583,-1,0.99,0.010000000000000009,988571.9542057799,
2022-03-30,89.65261840820312,109.0969467163086,0.8489588282822034,-1,0.99,0.010000000000000009,988571.9542057799,
2022-03-31,89.22771453857422,109.0969467163086,0.8306729687593735,-1,0.99,0.010000000000000009,987722.1464665221,
2022-04-01,89.65261840820312,109.0969467163086,0.8232489144655726,-1,0.99,0.010000000000000009,988571.9542057799,
2022-04-06,89.65261840820312,109.0969467163086,0.776183375939488,-1,0.99,0.010000000000000009,988571.9542057799,
2022-04-07,89.65261840820312,109.0969467163086,0.7474273514388314,-1,0.99,0.010000000000000009,988571.9542057799,
2022-04-08,90.07750701904295,109.95598602294922,0.7189281955222764,-1,0.99,0.010000000000000009,987703.6528141784,
2022-04-11,90.50240325927734,111.67404174804688,0.8099204047114271,-1,0.99,0.010000000000000009,985117.3338444518,
2022-04-12,90.9272918701172,110.385498046875,0.9972413906785268,-1,0.99,0.010000000000000009,988544.1984684753,
2022-04-13,90.50240325927734,110.385498046875,0.6729412154437223,-1,0.99,0.010000000000000009,987694.4212467956,
2022-04-14,90.07750701904295,111.67404174804688,0.6828209118548978,-1,0.99,0.010000000000000009,984267.5413639831,
2022-04-15,89.65261840820312,111.24452209472656,0.9616977761766898,-1,0.99,0.010000000000000009,984276.803448944,
2022-04-18,90.07750701904295,111.67404174804688,0.9115931422710032,-1,0.99,0.010000000000000009,984267.5413639831,
2022-04-19,90.07750701904295,111.24452209472656,0.8919087794657093,-1,0.99,0.010000000000000009,985126.5806706237,
2022-04-20,92.20197296142578,112.5330810546875,0.755063836313872,-1,0.99,0.010000000000000009,986798.3946354674,
2022-04-21,91.77708435058594,112.5330810546875,0.8520219636030596,-1,0.99,0.010000000000000009,985948.6174137878,
2022-04-22,92.20197296142578,112.96258544921876,0.7747535312311489,-1,0.99,0.010000000000000009,985939.3858464049,
2022-04-25,91.35218811035156,112.96258544921876,0.8838082917271113,-1,0.99,0.010000000000000009,984239.8161442565,
2022-04-26,92.62686920166016,113.39210510253906,0.8310442600856056,-1,0.99,0.010000000000000009,985930.1390202331,
2022-04-27,91.77708435058594,113.39210510253906,0.878939269817743,-1,0.99,0.010000000000000009,984230.5693180846,
2022-04-28,92.62686920166016,112.96258544921876,0.8032776960939181,-1,0.99,0.010000000000000009,986789.1783268737,
2022-04-29,92.20197296142578,112.5330810546875,0.5635203294748321,-1,0.99,0.010000000000000009,986798.3946354674,
2022-05-03,90.9272918701172,109.5264663696289,0.3933529425606418,0,0.99,0.010000000000000009,990194.2436726379,Close
2022-05-04,89.65261840820312,106.51985931396484,0.037796865069734085,0,0.99,0.010000000000000009,990194.2436726379,
2022-05-05,89.65261840820312,107.37889099121094,0.08129660253080767,0,0.99,0.010000000000000009,990194.2436726379,
2022-05-06,90.07750701904295,108.66744232177734,0.16233483591160464,0,0.99,0.010000000000000009,990194.2436726379,
2022-05-09,89.65261840820312,107.37889099121094,0.1667720398461479,0,0.99,0.010000000000000009,990194.2436726379,
2022-05-10,90.9272918701172,106.94937896728516,0.2045506117612445,0,0.99,0.010000000000000009,990194.2436726379,
2022-05-11,91.35218811035156,107.37889099121094,0.09974867412715888,0,0.99,0.010000000000000009,990194.2436726379,
2022-05-12,90.50240325927734,106.51985931396484,0.10911563510813921,0,0.99,0.010000000000000009,990194.2436726379,
2022-05-13,90.50240325927734,106.51985931396484,0.052358276282291984,0,0.99,0.010000000000000009,990194.2436726379,
2022-05-16,90.50240325927734,106.51985931396484,0.05278348331637319,0,0.99,0.010000000000000009,990194.2436726379,
2022-05-17,90.50240325927734,106.09033966064452,0.05289510435396125,0,0.99,0.010000000000000009,990194.2436726379,
2022-05-18,91.35218811035156,107.37889099121094,0.05264030664289282,0,0.99,0.010000000000000009,990194.2436726379,
2022-05-19,91.77708435058594,106.94937896728516,0.23450593987734292,0,0.99,0.010000000000000009,990194.2436726379,
2022-05-20,91.77708435058594,106.94937896728516,0.10235377514060867,0,0.99,0.010000000000000009,990194.2436726379,
2022-05-23,90.9272918701172,106.09033966064452,0.10261115117525305,0,0.99,0.010000000000000009,990194.2436726379,
2022-05-24,90.9272918701172,106.51985931396484,0.024778852254006285,0,0.99,0.010000000000000009,990194.2436726379,
2022-05-25,91.35218811035156,107.37889099121094,0.09285006600590201,0,0.99,0.010000000000000009,990194.2436726379,
2022-05-26,92.20197296142578,109.5264663696289,0.3310387173994604,0,0.99,0.010000000000000009,990194.2436726379,
2022-05-27,91.77708435058594,107.80841064453124,0.28918097205778104,0,0.99,0.010000000000000009,990194.2436726379,
2022-05-30,91.77708435058594,109.0969467163086,0.32368419109576574,0,0.99,0.010000000000000009,990194.2436726379,
2022-05-31,91.77708435058594,109.0969467163086,0.4462035882068097,0,0.99,0.010000000000000009,990194.2436726379,
2022-06-01,90.9272918701172,107.37889099121094,0.4506728486748599,0,0.99,0.010000000000000009,990194.2436726379,
2022-06-02,91.35218811035156,107.37889099121094,0.37302004877217115,0,0.99,0.010000000000000009,990194.2436726379,
2022-06-06,91.77708435058594,108.2379150390625,0.2701281742078854,0,0.99,0.010000000000000009,990194.2436726379,
2022-06-07,91.35218811035156,107.80841064453124,0.46804704214311177,0,0.99,0.010000000000000009,990194.2436726379,
2022-06-08,91.77708435058594,108.66744232177734,0.48346919785097875,0,0.99,0.010000000000000009,990194.2436726379,
2022-06-09,91.35218811035156,108.2379150390625,0.569238431221128,0,0.99,0.010000000000000009,990194.2436726379,
2022-06-10,90.50240325927734,107.37889099121094,0.6050495299713483,0,0.99,0.010000000000000009,990194.2436726379,
2022-06-13,90.07750701904295,107.37889099121094,0.7179823829006765,0,0.99,0.010000000000000009,990194.2436726379,
2022-06-14,90.50240325927734,106.94937896728516,0.8665306779578886,0,0.99,0.010000000000000009,990194.2436726379,
2022-06-15,90.9272918701172,107.37889099121094,0.240502696242142,0,0.99,0.010000000000000009,990194.2436726379,
2022-06-16,90.9272918701172,106.51985931396484,0.5326374793057806,0,0.99,0.010000000000000009,990194.2436726379,
2022-06-17,90.07750701904295,107.37889099121094,0.05961277639958266,0,0.99,0.010000000000000009,990194.2436726379,
2022-06-20,90.9272918701172,107.37889099121094,0.9774932769394146,0,0.99,0.010000000000000009,990194.2436726379,
2022-06-21,92.20197296142578,108.66744232177734,0.6913972440733724,0,0.99,0.010000000000000009,990194.2436726379,
2022-06-22,92.20197296142578,107.80841064453124,0.42198751383301647,0,0.99,0.010000000000000009,990194.2436726379,
2022-06-23,92.62686920166016,109.0969467163086,0.20945107991597056,0,0.99,0.010000000000000009,990194.2436726379,
2022-06-24,93.90155792236328,110.81501770019533,0.2931658032147615,0,0.99,0.010000000000000009,990194.2436726379,
2022-06-27,93.0517578125,110.385498046875,0.07043046040105054,0,0.99,0.010000000000000009,990194.2436726379,
2022-06-28,93.4766616821289,110.81501770019533,0.31605079715260587,0,0.99,0.010000000000000009,990194.2436726379,
2022-06-29,93.4766616821289,112.10355377197266,0.2402758111356021,0,0.99,0.010000000000000009,990194.2436726379,
2022-06-30,91.77708435058594,108.63783264160156,0.34121755659162917,0,0.99,0.010000000000000009,990194.2436726379,
2022-07-01,92.62686920166016,110.41878509521484,0.7786345491520326,0,0.99,0.010000000000000009,990194.2436726379,
2022-07-04,93.0517578125,112.64496612548828,0.5910398248912847,0,0.99,0.010000000000000009,990194.2436726379,
2022-07-05,92.62686920166016,113.09019470214844,0.607533378618204,0,0.99,0.010000000000000009,990194.2436726379,
2022-07-06,92.62686920166016,113.98067474365234,0.8560083427472434,0,0.99,0.010000000000000009,990194.2436726379,
2022-07-07,91.77708435058594,113.53543853759766,0.8898456826751096,0,0.99,0.010000000000000009,990194.2436726379,
2022-07-08,91.1575698852539,110.86402130126952,0.9646524412531415,0,0.99,0.010000000000000009,990194.2436726379,
2022-07-11,91.6000747680664,110.41878509521484,0.9868647320289305,0,0.99,0.010000000000000009,990194.2436726379,
2022-07-12,92.04258728027344,109.08306884765624,0.935630836891947,0,0.99,0.010000000000000009,990194.2436726379,
2022-07-13,92.04258728027344,110.41878509521484,0.7471343585782008,0,0.99,0.010000000000000009,990194.2436726379,
2022-07-14,93.37013244628906,109.52830505371094,0.8721105859504488,0,0.99,0.010000000000000009,990194.2436726379,
2022-07-15,92.9276123046875,109.52830505371094,0.28079763511183936,0,0.99,0.010000000000000009,990194.2436726379,
2022-07-18,91.6000747680664,109.52830505371094,0.4950811807100817,0,0.99,0.010000000000000009,990194.2436726379,
2022-07-19,87.70597076416016,108.1926040649414,0.9427212851913002,0,0.99,0.010000000000000009,990194.2436726379,
2022-07-20,86.9094467163086,106.85688018798828,0.9232215408366471,0,0.99,0.010000000000000009,990194.2436726379,
2022-07-21,87.70597076416016,106.4116439819336,0.4539944680700442,0,0.99,0.010000000000000009,990194.2436726379,
2022-07-22,87.70597076416016,105.52117156982422,0.22607437179780154,0,0.99,0.010000000000000009,990194.2436726379,
2022-07-25,88.94500732421875,106.85688018798828,0.057998235746578655,0,0.99,0.010000000000000009,990194.2436726379,
2022-07-26,88.94500732421875,106.85688018798828,0.48137566613297245,0,0.99,0.010000000000000009,990194.2436726379,
2022-07-27,90.27254486083984,108.1926040649414,0.5791800854089841,0,0.99,0.010000000000000009,990194.2436726379,
2022-07-28,89.83002471923828,108.1926040649414,0.8553784651493423,0,0.99,0.010000000000000009,990194.2436726379,
2022-07-29,89.83002471923828,108.1926040649414,0.8402101205337867,0,0.99,0.010000000000000009,990194.2436726379,
2022-08-01,89.83002471923828,108.63783264160156,0.8251324133184069,0,0.99,0.010000000000000009,990194.2436726379,
2022-08-02,90.27254486083984,109.08306884765624,0.8636202883285532,0,0.99,0.010000000000000009,990194.2436726379,
2022-08-03,89.83002471923828,108.1926040649414,0.9085316795806009,0,0.99,0.010000000000000009,990194.2436726379,
2022-08-04,90.27254486083984,107.30211639404295,0.742508922066559,0,0.99,0.010000000000000009,990194.2436726379,
2022-08-05,89.83002471923828,108.63783264160156,0.5413168731323632,0,0.99,0.010000000000000009,990194.2436726379,
2022-08-08,89.83002471923828,109.08306884765624,0.8079385092331705,0,0.99,0.010000000000000009,990194.2436726379,
2022-08-09,89.38751220703125,109.08306884765624,0.8872689039503776,0,0.99,0.010000000000000009,990194.2436726379,
2022-08-10,90.27254486083984,109.08306884765624,0.8939021937400707,0,0.99,0.010000000000000009,990194.2436726379,
2022-08-11,89.83002471923828,111.30924987792967,0.8027381168443724,0,0.99,0.010000000000000009,990194.2436726379,
2022-08-12,89.83002471923828,111.30924987792967,0.966614585832368,0,0.99,0.010000000000000009,990194.2436726379,
2022-08-15,89.83002471923828,110.86402130126952,0.9538697669201354,0,0.99,0.010000000000000009,990194.2436726379,
2022-08-16,89.83002471923828,109.97354888916016,0.9410255767767651,0,0.99,0.010000000000000009,990194.2436726379,
2022-08-17,89.83002471923828,109.52830505371094,0.8383515993874004,0,0.99,0.010000000000000009,990194.2436726379,
2022-08-18,89.38751220703125,109.08306884765624,0.7915890919675297,0,0.99,0.010000000000000009,990194.2436726379,
2022-08-19,88.50249481201172,108.1926040649414,0.6971992151846255,0,0.99,0.010000000000000009,990194.2436726379,
2022-08-22,88.50249481201172,108.63783264160156,0.5677394955069878,0,0.99,0.010000000000000009,990194.2436726379,
2022-08-23,88.50249481201172,109.08306884765624,0.6146386498898988,0,0.99,0.010000000000000009,990194.2436726379,
2022-08-24,88.94500732421875,108.63783264160156,0.7340141069446996,0,0.99,0.010000000000000009,990194.2436726379,
2022-08-25,88.41398620605469,108.63783264160156,0.5735261076597518,0,0.99,0.010000000000000009,990194.2436726379,
2022-08-26,88.41398620605469,108.63783264160156,0.5537405193219163,0,0.99,0.010000000000000009,990194.2436726379,
2022-08-29,88.32548522949219,109.52830505371094,0.49426831849946046,0,0.99,0.010000000000000009,990194.2436726379,
2022-08-30,88.32548522949219,109.08306884765624,0.8411475068250986,0,0.99,0.010000000000000009,990194.2436726379,
2022-08-31,88.14847564697266,107.7473602294922,0.6656888465599823,0,0.99,0.010000000000000009,990194.2436726379,
2022-09-01,86.99795532226562,107.7473602294922,0.41269856579061626,0,0.99,0.010000000000000009,990194.2436726379,
2022-09-02,86.9094467163086,107.7473602294922,0.49419078287872353,0,0.99,0.010000000000000009,990194.2436726379,
2022-09-05,87.17495727539062,108.63783264160156,0.4807070962659494,0,0.99,0.010000000000000009,990194.2436726379,
2022-09-06,87.3519515991211,108.1926040649414,0.5582965241519553,0,0.99,0.010000000000000009,990194.2436726379,
2022-09-07,86.9094467163086,107.30211639404295,0.477333671581751,0,0.99,0.010000000000000009,990194.2436726379,
2022-09-08,87.61746978759766,107.7473602294922,0.20097743959992198,0,0.99,0.010000000000000009,990194.2436726379,
2022-09-12,87.0864486694336,107.7473602294922,0.2919164543497422,0,0.99,0.010000000000000009,990194.2436726379,
2022-09-13,86.99795532226562,107.7473602294922,0.28234809893994317,0,0.99,0.010000000000000009,990194.2436726379,
2022-09-14,86.0244140625,106.4116439819336,0.2524431029522485,0,0.99,0.010000000000000009,990194.2436726379,
2022-09-15,86.28993225097656,105.96641540527344,0.22343458441898267,0,0.99,0.010000000000000009,990194.2436726379,
2022-09-16,85.84741973876953,105.07593536376952,0.09365602461886513,0,0.99,0.010000000000000009,990194.2436726379,
2022-09-19,85.5819091796875,105.07593536376952,0.08847307591707282,0,0.99,0.010000000000000009,990194.2436726379,
2022-09-20,85.67041778564453,105.07593536376952,0.2606437200814957,0,0.99,0.010000000000000009,990194.2436726379,
2022-09-21,86.0244140625,104.63069915771484,0.15111721694502311,0,0.99,0.010000000000000009,990194.2436726379,
2022-09-22,84.96239471435547,103.29499053955078,0.008194740378484546,1,0.99,0.010000000000000009,990126.7133772277,Long Spread
2022-09-23,85.4049072265625,102.4045181274414,0.1339018427660677,1,0.99,0.010000000000000009,987460.7435285948,
2022-09-26,85.4049072265625,103.74022674560548,0.015539469739196251,1,0.99,0.010000000000000009,990132.160764923,
2022-09-27,85.84741973876953,103.29499053955078,0.06168887709172144,1,0.99,0.010000000000000009,988356.6633283995,
2022-09-28,86.20142364501953,103.74022674560548,0.01802100510169934,1,0.99,0.010000000000000009,988539.1279280089,
2022-09-29,85.7589111328125,103.29499053955078,0.04287872703362875,1,0.99,0.010000000000000009,988533.6805403136,
2022-09-30,84.60838317871094,101.51404571533205,0.04920118643778443,1,0.99,0.010000000000000009,987272.8468000792,
2022-10-03,84.60838317871094,99.28785705566406,0.051564902949661,1,0.99,0.010000000000000009,982820.4694807433,
2022-10-04,84.0773696899414,99.73309326171876,0.02481041659093566,1,0.99,0.010000000000000009,984772.9688703917,
2022-10-05,83.81185913085938,99.28785705566406,0.1697781265010555,1,0.99,0.010000000000000009,984413.5175764464,
2022-10-06,83.54635620117188,98.39738464355467,0.22880091468781638,1,0.99,0.010000000000000009,983163.5786116027,
2022-10-07,82.48432159423828,98.39738464355467,0.1228263825396444,1,0.99,0.010000000000000009,985287.6478254698,
2022-10-11,82.21881866455078,97.0616683959961,0.3803719289705645,1,0.99,0.010000000000000009,983147.2211897277,
2022-10-12,82.92682647705078,97.95214080810548,0.24845949864640132,1,0.99,0.010000000000000009,983512.1503889464,
2022-10-13,82.48432159423828,97.0616683959961,0.23679651942031898,1,0.99,0.010000000000000009,982616.2153303527,
2022-10-14,80.97978210449219,97.0616683959961,0.2043775580645379,1,0.99,0.010000000000000009,985625.2943098448,
2022-10-17,81.51079559326172,97.0616683959961,0.6817031727278103,0,0.99,0.010000000000000009,984496.1244337462,Close
2022-10-18,81.59929656982422,96.6164321899414,0.6139093083403925,0,0.99,0.010000000000000009,984496.1244337462,
2022-10-19,80.53726959228516,95.72595977783205,0.35166360810944597,0,0.99,0.010000000000000009,984496.1244337462,
2022-10-20,81.86480712890625,95.28072357177734,0.31718208006267906,0,0.99,0.010000000000000009,984496.1244337462,
2022-10-21,82.21881866455078,96.17119598388672,0.006594270965136131,1,0.99,0.010000000000000009,984428.9888331603,Long Spread
2022-10-24,81.86480712890625,95.72595977783205,0.16821564689166385,1,0.99,0.010000000000000009,984246.53949234,
2022-10-25,83.72335815429688,98.39738464355467,0.0903921233005805,1,0.99,0.010000000000000009,985872.287173004,
2022-10-26,83.72335815429688,96.6164321899414,0.03174266058041068,1,0.99,0.010000000000000009,982310.3822657774,
2022-10-27,83.45784759521484,97.50691223144533,0.022966870684093695,1,0.99,0.010000000000000009,984622.3634669493,
2022-10-28,83.45784759521484,97.0616683959961,0.06439007720910785,1,0.99,0.010000000000000009,983731.8757960509,
2022-10-31,84.1658706665039,98.84261322021484,0.056243502165061576,1,0.99,0.010000000000000009,985877.7193019103,
2022-11-01,83.54635620117188,97.50691223144533,0.024114747956573,1,0.99,0.010000000000000009,984445.3462550353,
2022-11-02,83.28084564208984,96.6164321899414,0.06114020966131087,1,0.99,0.010000000000000009,983195.4072901915,
2022-11-03,82.57283020019531,96.6164321899414,0.07670475449327349,1,0.99,0.010000000000000009,984611.4381739806,
2022-11-04,83.81185913085938,96.6164321899414,0.23590451996853506,1,0.99,0.010000000000000009,982133.3803126524,
2022-11-07,82.30731964111328,96.17119598388672,0.01546806410325704,1,0.99,0.010000000000000009,984251.9868800353,
2022-11-08,83.45784759521484,96.6164321899414,0.2945386280340312,1,0.99,0.010000000000000009,982841.4033839415,
2022-11-09,83.9888687133789,97.0616683959961,0.0674476347428386,1,0.99,0.010000000000000009,982669.8335597228,
2022-11-10,83.19234466552734,96.6164321899414,0.03285099422548666,1,0.99,0.010000000000000009,983372.4092433165,
2022-11-11,84.0773696899414,97.50691223144533,0.12563952201472744,1,0.99,0.010000000000000009,983383.3192774962,
2022-11-14,83.9888687133789,97.50691223144533,0.014531986568289596,1,0.99,0.010000000000000009,983560.3212306212,
2022-11-15,83.19234466552734,97.0616683959961,0.024625187264892708,1,0.99,0.010000000000000009,984262.8816554259,
2022-11-16,82.04180145263672,96.6164321899414,0.15245630885579226,1,0.99,0.010000000000000009,985673.4956690978,
2022-11-17,81.51079559326172,96.17119598388672,0.46537483994344214,1,0.99,0.010000000000000009,985845.0349757384,
2022-11-18,83.01533508300781,97.0616683959961,0.540579989724468,0,0.99,0.010000000000000009,984549.6977403258,Close
2022-11-21,81.33379364013672,97.0616683959961,0.3190552704063495,0,0.99,0.010000000000000009,984549.6977403258,
2022-11-22,81.24529266357422,96.6164321899414,0.7656761894551118,0,0.99,0.010000000000000009,984549.6977403258,
2022-11-23,81.42229461669922,97.0616683959961,0.6969581185215463,0,0.99,0.010000000000000009,984549.6977403258,
2022-11-24,82.57283020019531,97.95214080810548,0.7653084671439285,0,0.99,0.010000000000000009,984549.6977403258,
2022-11-25,83.28084564208984,100.17832946777344,0.5690212649824173,0,0.99,0.010000000000000009,984549.6977403258,
2022-11-28,82.30731964111328,98.39738464355467,0.9479706004400369,0,0.99,0.010000000000000009,984549.6977403258,
2022-11-29,83.19234466552734,99.73309326171876,0.7038931456037393,0,0.99,0.010000000000000009,984549.6977403258,
2022-11-30,84.51988220214844,101.0688018798828,0.5856680057567852,0,0.99,0.010000000000000009,984549.6977403258,
2022-12-01,83.28084564208984,99.28785705566406,0.9071550568210799,0,0.99,0.010000000000000009,984549.6977403258,
2022-12-02,83.72335815429688,99.73309326171876,0.5670219772122214,0,0.99,0.010000000000000009,984549.6977403258,
2022-12-05,83.45784759521484,100.17832946777344,0.7900423274135596,0,0.99,0.010000000000000009,984549.6977403258,
2022-12-06,82.74982452392578,99.73309326171876,0.869229424176267,0,0.99,0.010000000000000009,984549.6977403258,
2022-12-07,84.43138122558594,100.17832946777344,0.9096565324478002,0,0.99,0.010000000000000009,984549.6977403258,
2022-12-08,84.3428726196289,98.84261322021484,0.24680575657620296,0,0.99,0.010000000000000009,984549.6977403258,
2022-12-09,84.43138122558594,99.73309326171876,0.17490225614410315,0,0.99,0.010000000000000009,984549.6977403258,
2022-12-12,84.87389373779297,100.17832946777344,0.05437023012555207,0,0.99,0.010000000000000009,984549.6977403258,
2022-12-13,84.1658706665039,98.84261322021484,0.7865202883058757,0,0.99,0.010000000000000009,984549.6977403258,
2022-12-14,84.43138122558594,99.28785705566406,0.37624987360195644,0,0.99,0.010000000000000009,984549.6977403258,
2022-12-15,83.81185913085938,99.73309326171876,0.10627734396981886,0,0.99,0.010000000000000009,984549.6977403258,
2022-12-16,83.28084564208984,98.39738464355467,0.9640725272222368,0,0.99,0.010000000000000009,984549.6977403258,
2022-12-19,83.36934661865234,99.28785705566406,0.45507574899627024,0,0.99,0.010000000000000009,984549.6977403258,
2022-12-20,82.83832550048828,99.28785705566406,0.886547024960568,0,0.99,0.010000000000000009,984549.6977403258,
2022-12-21,83.45784759521484,99.28785705566406,0.9672063962359391,0,0.99,0.010000000000000009,984549.6977403258,
2022-12-22,83.90036010742188,100.62356567382812,0.8898691282310671,0,0.99,0.010000000000000009,984549.6977403258,
2022-12-23,83.90036010742188,100.17832946777344,0.9999996439232345,-1,0.99,0.010000000000000009,984482.3345927428,Short Spread
2022-12-26,83.90036010742188,100.62356567382812,0.9875305025416409,-1,0.99,0.010000000000000009,983591.8621806335,
2022-12-27,83.90036010742188,100.62356567382812,0.9999993713709864,-1,0.99,0.010000000000000009,983591.8621806335,
2022-12-28,83.36934661865234,101.51404571533205,0.9886597715099927,-1,0.99,0.010000000000000009,980748.8751200866,
2022-12-29,83.63485717773438,100.62356567382812,0.9999999995275598,-1,0.99,0.010000000000000009,983060.8563212585,
2022-12-30,83.81185913085938,100.62356567382812,0.960625897644418,-1,0.99,0.010000000000000009,983414.8602275085,
2023-01-03,84.43138122558594,100.62356567382812,0.9007120290033852,-1,0.99,0.010000000000000009,984653.9044169616,
2023-01-04,84.87389373779297,101.0688018798828,0.03325557117863024,0,0.99,0.010000000000000009,984581.0193214417,Close
2023-01-05,84.87389373779297,101.51404571533205,0.025888664285256255,0,0.99,0.010000000000000009,984581.0193214417,
2023-01-06,85.13938903808594,101.51404571533205,0.6612929628887944,0,0.99,0.010000000000000009,984581.0193214417,
2023-01-09,86.9094467163086,102.4045181274414,0.0033269055547167107,1,0.99,0.010000000000000009,984513.446762848,Long Spread
2023-01-10,86.99795532226562,102.4045181274414,0.7267155552289312,0,0.99,0.010000000000000009,984268.8534519959,Close
2023-01-11,84.51988220214844,101.51404571533205,0.6627850929589852,0,0.99,0.010000000000000009,984268.8534519959,
2023-01-12,83.81185913085938,101.0688018798828,0.8237646613050846,0,0.99,0.010000000000000009,984268.8534519959,
2023-01-13,84.25436401367188,101.51404571533205,0.8856156563286504,0,0.99,0.010000000000000009,984268.8534519959,
2023-01-16,84.87389373779297,102.4045181274414,0.9688812607100519,0,0.99,0.010000000000000009,984268.8534519959,
2023-01-17,84.25436401367188,101.51404571533205,0.9644885633902257,0,0.99,0.010000000000000009,984268.8534519959,
2023-01-30,85.67041778564453,101.9592742919922,0.8439501116770926,0,0.99,0.010000000000000009,984268.8534519959,
2023-01-31,83.72335815429688,100.17832946777344,0.14531682274084118,0,0.99,0.010000000000000009,984268.8534519959,
2023-02-01,84.1658706665039,100.17832946777344,0.6841458776751261,0,0.99,0.010000000000000009,984268.8534519959,
2023-02-02,84.0773696899414,99.73309326171876,0.4441860399538371,0,0.99,0.010000000000000009,984268.8534519959,
2023-02-03,84.25436401367188,100.62356567382812,0.30336985741514383,0,0.99,0.010000000000000009,984268.8534519959,
2023-02-06,83.9888687133789,100.17832946777344,0.6371457628714347,0,0.99,0.010000000000000009,984268.8534519959,
2023-02-07,84.60838317871094,100.17832946777344,0.4639188899543872,0,0.99,0.010000000000000009,984268.8534519959,
2023-02-08,84.43138122558594,100.17832946777344,0.06064739697768068,0,0.99,0.010000000000000009,984268.8534519959,
2023-02-09,84.60838317871094,100.17832946777344,0.18901668405200567,0,0.99,0.010000000000000009,984268.8534519959,
2023-02-10,84.87389373779297,100.62356567382812,0.04752035539738367,0,0.99,0.010000000000000009,984268.8534519959,
2023-02-13,85.5819091796875,101.0688018798828,0.09067513067794658,0,0.99,0.010000000000000009,984268.8534519959,
2023-02-14,85.4049072265625,101.51404571533205,0.04384135434988703,0,0.99,0.010000000000000009,984268.8534519959,
2023-02-15,84.87389373779297,101.0688018798828,0.12920758475349753,0,0.99,0.010000000000000009,984268.8534519959,
2023-02-16,85.13938903808594,101.51404571533205,0.2251983361565933,0,0.99,0.010000000000000009,984268.8534519959,
2023-02-17,85.493408203125,101.0688018798828,0.22597363024811784,0,0.99,0.010000000000000009,984268.8534519959,
2023-02-20,85.7589111328125,102.4045181274414,0.019207845279988207,0,0.99,0.010000000000000009,984268.8534519959,
2023-02-21,85.67041778564453,101.9592742919922,0.05108484918947016,0,0.99,0.010000000000000009,984268.8534519959,
2023-02-22,86.0244140625,102.4045181274414,0.13200734302708733,0,0.99,0.010000000000000009,984268.8534519959,
2023-02-23,86.37843322753906,102.84974670410156,0.05912980336560899,0,0.99,0.010000000000000009,984268.8534519959,
2023-02-24,85.493408203125,102.84974670410156,0.07773541580601417,0,0.99,0.010000000000000009,984268.8534519959,
2023-03-01,84.51988220214844,102.4045181274414,0.5389838834893317,0,0.99,0.010000000000000009,984268.8534519959,
2023-03-02,85.67041778564453,103.74022674560548,0.9218780853335216,0,0.99,0.010000000000000009,984268.8534519959,
2023-03-03,86.0244140625,104.63069915771484,0.9049924617557807,0,0.99,0.010000000000000009,984268.8534519959,
2023-03-06,86.9094467163086,105.07593536376952,0.9820883277764665,0,0.99,0.010000000000000009,984268.8534519959,
2023-03-07,86.9094467163086,105.52117156982422,0.9944132344211131,-1,0.99,0.010000000000000009,984201.1562272644,Short Spread
2023-03-08,87.26345825195312,105.96641540527344,0.9964453876458395,-1,0.99,0.010000000000000009,984018.6916276551,
2023-03-09,87.17495727539062,105.52117156982422,0.9941329448369762,-1,0.99,0.010000000000000009,984732.1773454285,
2023-03-10,86.55543518066406,104.63069915771484,0.8293969243915069,-1,0.99,0.010000000000000009,985274.0779801941,
2023-03-13,86.7324447631836,105.96641540527344,0.7294401559718671,-1,0.99,0.010000000000000009,982956.664650116,
2023-03-14,86.46693420410156,104.63069915771484,0.9698131959563777,-1,0.99,0.010000000000000009,985097.0760270691,
2023-03-15,86.55543518066406,105.96641540527344,0.7432637632051305,-1,0.99,0.010000000000000009,982602.6454850769,
2023-03-16,87.0864486694336,105.96641540527344,0.9508094296335038,-1,0.99,0.010000000000000009,983664.672462616,
2023-03-17,87.61746978759766,105.07593536376952,0.7828834451729869,-1,0.99,0.010000000000000009,986507.6747819519,
2023-03-20,87.97148132324219,105.96641540527344,0.31370075015679577,0,0.99,0.010000000000000009,985366.9802543641,Close
2023-03-21,87.17495727539062,105.52117156982422,0.4433348314331474,0,0.99,0.010000000000000009,985366.9802543641,
2023-03-22,87.70597076416016,106.4116439819336,0.6184669531895739,0,0.99,0.010000000000000009,985366.9802543641,
2023-03-23,88.05998229980469,106.85688018798828,0.7081180196780841,0,0.99,0.010000000000000009,985366.9802543641,
2023-03-24,88.94500732421875,106.4116439819336,0.9119348277198311,0,0.99,0.010000000000000009,985366.9802543641,
2023-03-27,88.94500732421875,106.85688018798828,0.021951519853210647,0,0.99,0.010000000000000009,985366.9802543641,
2023-03-28,88.50249481201172,106.4116439819336,0.5932147267297815,0,0.99,0.010000000000000009,985366.9802543641,
2023-03-29,88.94500732421875,106.85688018798828,0.31203220979849433,0,0.99,0.010000000000000009,985366.9802543641,
2023-03-30,89.38751220703125,106.85688018798828,0.4167689735717579,0,0.99,0.010000000000000009,985366.9802543641,
2023-03-31,89.38751220703125,106.4116439819336,0.014603604472258804,0,0.99,0.010000000000000009,985366.9802543641,
2023-04-06,89.83002471923828,107.30211639404295,0.10489883884010975,0,0.99,0.010000000000000009,985366.9802543641,
2023-04-07,89.83002471923828,107.7473602294922,0.03589539686836815,0,0.99,0.010000000000000009,985366.9802543641,
2023-04-10,91.1575698852539,109.08306884765624,0.5369239689191523,0,0.99,0.010000000000000009,985366.9802543641,
2023-04-11,92.04258728027344,109.52830505371094,0.8680961495841303,0,0.99,0.010000000000000009,985366.9802543641,
2023-04-12,92.04258728027344,109.52830505371094,0.8420836486613029,0,0.99,0.010000000000000009,985366.9802543641,
2023-04-13,91.6000747680664,110.41878509521484,0.7443655386818973,0,0.99,0.010000000000000009,985366.9802543641,
2023-04-14,92.9276123046875,110.86402130126952,0.9979292925207272,-1,0.99,0.010000000000000009,985298.8285890198,Short Spread
2023-04-17,92.9276123046875,111.7544937133789,0.803321086067444,-1,0.99,0.010000000000000009,983517.8837648011,
2023-04-18,92.9276123046875,112.1997299194336,0.9943231456789894,-1,0.99,0.010000000000000009,982627.4113526917,
2023-04-19,92.04258728027344,110.86402130126952,0.9992226405319065,-1,0.99,0.010000000000000009,983528.7785401917,
2023-04-20,91.1575698852539,111.30924987792967,0.8335356409191972,-1,0.99,0.010000000000000009,980868.2865968323,
2023-04-21,90.71504974365234,112.1997299194336,0.9258839257440635,-1,0.99,0.010000000000000009,978202.2862306214,
2023-04-24,91.1575698852539,112.1997299194336,0.9943373347225636,-1,0.99,0.010000000000000009,979087.3265138245,
2023-04-25,91.1575698852539,112.1997299194336,0.9522621514363578,-1,0.99,0.010000000000000009,979087.3265138245,
2023-04-26,92.04258728027344,113.09019470214844,0.9438790412564534,-1,0.99,0.010000000000000009,979076.4317384339,
2023-04-27,91.6000747680664,112.64496612548828,0.9921711881407045,-1,0.99,0.010000000000000009,979081.8638673401,
2023-04-28,91.6000747680664,113.09019470214844,0.8686547160559877,-1,0.99,0.010000000000000009,978191.4067140198,
2023-05-02,91.1575698852539,111.7544937133789,0.9639472660358218,-1,0.99,0.010000000000000009,979977.7989259339,
2023-05-03,91.1575698852539,111.7544937133789,0.8132850928767554,-1,0.99,0.010000000000000009,979977.7989259339,
2023-05-04,92.48509979248048,112.64496612548828,0.7704644022615437,-1,0.99,0.010000000000000009,980851.9139161683,
2023-05-05,92.48509979248048,112.64496612548828,0.45338807008648807,0,0.99,0.010000000000000009,980783.7087135315,Close
2023-05-08,92.04258728027344,112.64496612548828,0.4584406811157002,0,0.99,0.010000000000000009,980783.7087135315,
2023-05-09,91.6000747680664,112.64496612548828,0.6975973997364613,0,0.99,0.010000000000000009,980783.7087135315,
2023-05-10,91.6000747680664,112.1997299194336,0.7860442305261701,0,0.99,0.010000000000000009,980783.7087135315,
2023-05-11,91.6000747680664,112.1997299194336,0.742706626483952,0,0.99,0.010000000000000009,980783.7087135315,
2023-05-12,91.1575698852539,111.30924987792967,0.7524698836762317,0,0.99,0.010000000000000009,980783.7087135315,
2023-05-15,91.6000747680664,111.7544937133789,0.4529228995093583,0,0.99,0.010000000000000009,980783.7087135315,
2023-05-16,91.6000747680664,112.1997299194336,0.3961803665025806,0,0.99,0.010000000000000009,980783.7087135315,
2023-05-17,92.48509979248048,113.09019470214844,0.6648407771649688,0,0.99,0.010000000000000009,980783.7087135315,
2023-05-18,92.04258728027344,112.64496612548828,0.6378059794238732,0,0.99,0.010000000000000009,980783.7087135315,
2023-05-19,92.04258728027344,113.53543853759766,0.6181287559344693,0,0.99,0.010000000000000009,980783.7087135315,
2023-05-22,92.04258728027344,111.7544937133789,0.8300582593810524,0,0.99,0.010000000000000009,980783.7087135315,
2023-05-23,92.04258728027344,112.64496612548828,0.1395466469945753,0,0.99,0.010000000000000009,980783.7087135315,
2023-05-24,92.04258728027344,112.64496612548828,0.41579479803410546,0,0.99,0.010000000000000009,980783.7087135315,
2023-05-25,90.71504974365234,113.98067474365234,0.3579447305326395,0,0.99,0.010000000000000009,980783.7087135315,
2023-05-26,91.1575698852539,113.09019470214844,0.9941094496895028,-1,0.99,0.010000000000000009,980715.538802948,Short Spread
2023-05-29,91.1575698852539,112.1997299194336,0.6534283959683074,-1,0.99,0.010000000000000009,982496.4683683777,
2023-05-30,91.6000747680664,111.7544937133789,0.18667690554016408,0,0.99,0.010000000000000009,984203.8163633727,Close
2023-05-31,91.6000747680664,112.1997299194336,0.04907075638033978,0,0.99,0.010000000000000009,984203.8163633727,
2023-06-01,91.1575698852539,111.30924987792967,0.14289068389994342,0,0.99,0.010000000000000009,984203.8163633727,
2023-06-02,92.04258728027344,111.7544937133789,0.22149894715605112,0,0.99,0.010000000000000009,984203.8163633727,
2023-06-05,91.6000747680664,111.30924987792967,0.0517589057632438,0,0.99,0.010000000000000009,984203.8163633727,
2023-06-06,92.04258728027344,111.7544937133789,0.08840707168485962,0,0.99,0.010000000000000009,984203.8163633727,
2023-06-07,92.04258728027344,111.30924987792967,0.10548700463868677,0,0.99,0.010000000000000009,984203.8163633727,
2023-06-08,91.6000747680664,111.30924987792967,0.026070198772359894,0,0.99,0.010000000000000009,984203.8163633727,
2023-06-09,91.1575698852539,111.7544937133789,0.087898738136576,0,0.99,0.010000000000000009,984203.8163633727,
2023-06-12,90.71504974365234,111.30924987792967,0.6582266713197751,0,0.99,0.010000000000000009,984203.8163633727,
2023-06-13,91.1575698852539,111.7544937133789,0.2567162857407651,0,0.99,0.010000000000000009,984203.8163633727,
2023-06-14,90.71504974365234,111.7544937133789,0.5314987355658,0,0.99,0.010000000000000009,984203.8163633727,
2023-06-15,91.1575698852539,111.7544937133789,0.6258839870306276,0,0.99,0.010000000000000009,984203.8163633727,
2023-06-16,90.71504974365234,111.7544937133789,0.2056299585540003,0,0.99,0.010000000000000009,984203.8163633727,
2023-06-19,91.6000747680664,111.7544937133789,0.5102862029699368,0,0.99,0.010000000000000009,984203.8163633727,
2023-06-20,90.71504974365234,112.1997299194336,0.012974300536008078,0,0.99,0.010000000000000009,984203.8163633727,
2023-06-21,89.83002471923828,112.1997299194336,0.92038624262556,0,0.99,0.010000000000000009,984203.8163633727,
2023-06-26,89.38751220703125,110.41878509521484,0.8471037504913941,0,0.99,0.010000000000000009,984203.8163633727,
2023-06-27,88.50249481201172,108.63783264160156,0.3051700511630008,0,0.99,0.010000000000000009,984203.8163633727,
2023-06-28,88.50249481201172,108.1926040649414,0.3175810939588361,0,0.99,0.010000000000000009,984203.8163633727,
2023-06-29,88.94500732421875,108.8428726196289,0.20345067540504075,0,0.99,0.010000000000000009,984203.8163633727,
2023-06-30,88.39025115966797,107.9165496826172,0.37127931590183116,0,0.99,0.010000000000000009,984203.8163633727,
2023-07-03,87.83550262451172,106.52706146240234,0.3446168907780063,0,0.99,0.010000000000000009,984203.8163633727,
2023-07-04,87.37321472167969,106.99022674560548,0.35480021076530677,0,0.99,0.010000000000000009,984203.8163633727,
2023-07-05,87.00337219238281,106.52706146240234,0.7176476340846338,0,0.99,0.010000000000000009,984203.8163633727,
2023-07-06,86.54107666015625,106.52706146240234,0.741358847577622,0,0.99,0.010000000000000009,984203.8163633727,
2023-07-07,86.44862365722656,106.06390380859376,0.9171389342295322,0,0.99,0.010000000000000009,984203.8163633727,
2023-07-10,86.44862365722656,105.60074615478516,0.08674328505194989,0,0.99,0.010000000000000009,984203.8163633727,
2023-07-11,87.28075408935547,106.52706146240234,0.014284914929105406,0,0.99,0.010000000000000009,984203.8163633727,
2023-07-12,87.09583282470703,106.52706146240234,0.43855456847749197,0,0.99,0.010000000000000009,984203.8163633727,
2023-07-13,86.72600555419922,106.52706146240234,0.6032135483931126,0,0.99,0.010000000000000009,984203.8163633727,
2023-07-14,87.9279556274414,107.9165496826172,0.8708016105597116,0,0.99,0.010000000000000009,984203.8163633727,
2023-07-17,87.37321472167969,107.9165496826172,0.359286357397799,0,0.99,0.010000000000000009,984203.8163633727,
2023-07-18,87.00337219238281,106.52706146240234,0.7886628256928895,0,0.99,0.010000000000000009,984203.8163633727,
2023-07-19,87.09583282470703,106.52706146240234,0.46040530789780604,0,0.99,0.010000000000000009,984203.8163633727,
2023-07-20,87.28075408935547,106.99022674560548,0.46400135315540164,0,0.99,0.010000000000000009,984203.8163633727,
2023-07-21,87.00337219238281,106.99022674560548,0.35468596343418024,0,0.99,0.010000000000000009,984203.8163633727,
2023-07-24,86.81846618652344,107.45338439941406,0.5843322599818466,0,0.99,0.010000000000000009,984203.8163633727,
2023-07-25,87.37321472167969,107.9165496826172,0.9405457793506055,0,0.99,0.010000000000000009,984203.8163633727,
2023-07-26,87.37321472167969,108.37971496582033,0.6578233530072508,0,0.99,0.010000000000000009,984203.8163633727,
2023-07-27,87.7430419921875,107.9165496826172,0.5716352021935249,0,0.99,0.010000000000000009,984203.8163633727,
2023-07-28,87.83550262451172,107.9165496826172,0.40297359395926846,0,0.99,0.010000000000000009,984203.8163633727,
2023-07-31,87.28075408935547,107.45338439941406,0.4064601355919302,0,0.99,0.010000000000000009,984203.8163633727,
2023-08-01,87.7430419921875,107.9165496826172,0.3212221525854322,0,0.99,0.010000000000000009,984203.8163633727,
2023-08-02,87.00337219238281,107.45338439941406,0.4144509605424473,0,0.99,0.010000000000000009,984203.8163633727,
2023-08-04,87.00337219238281,107.9165496826172,0.5635970013777525,0,0.99,0.010000000000000009,984203.8163633727,
2023-08-07,87.00337219238281,107.45338439941406,0.7667757554353889,0,0.99,0.010000000000000009,984203.8163633727,
2023-08-08,86.72600555419922,107.9165496826172,0.4902713129252996,0,0.99,0.010000000000000009,984203.8163633727,
2023-08-09,86.72600555419922,108.37971496582033,0.9614775271473965,0,0.99,0.010000000000000009,984203.8163633727,
2023-08-10,87.00337219238281,109.3060302734375,0.8776421931544998,0,0.99,0.010000000000000009,984203.8163633727,
2023-08-11,87.18829345703125,109.3060302734375,0.73585303079764,0,0.99,0.010000000000000009,984203.8163633727,
2023-08-14,86.72600555419922,108.37971496582033,0.624056864387076,0,0.99,0.010000000000000009,984203.8163633727,
2023-08-15,86.633544921875,108.37971496582033,0.6648596585718558,0,0.99,0.010000000000000009,984203.8163633727,
2023-08-16,86.81846618652344,109.3060302734375,0.7070656060848586,0,0.99,0.010000000000000009,984203.8163633727,
2023-08-17,86.72600555419922,107.9165496826172,0.7083247395877189,0,0.99,0.010000000000000009,984203.8163633727,
2023-08-18,86.81846618652344,108.8428726196289,0.40764296449765275,0,0.99,0.010000000000000009,984203.8163633727,
2023-08-21,86.91091918945312,108.37971496582033,0.37644802362728985,0,0.99,0.010000000000000009,984203.8163633727,
2023-08-22,86.44862365722656,107.9165496826172,0.3378895822757704,0,0.99,0.010000000000000009,984203.8163633727,
2023-08-23,86.44862365722656,107.9165496826172,0.5088863544942803,0,0.99,0.010000000000000009,984203.8163633727,
2023-08-24,86.54107666015625,108.8428726196289,0.4237363350607037,0,0.99,0.010000000000000009,984203.8163633727,
2023-08-25,86.26371002197266,107.9165496826172,0.5398829302128196,0,0.99,0.010000000000000009,984203.8163633727,
2023-08-28,86.54107666015625,108.37971496582033,0.5652419713718393,0,0.99,0.010000000000000009,984203.8163633727,
2023-08-29,87.00337219238281,108.8428726196289,0.31544832594613237,0,0.99,0.010000000000000009,984203.8163633727,
2023-08-30,87.00337219238281,108.37971496582033,0.5099306815393897,0,0.99,0.010000000000000009,984203.8163633727,
2023-08-31,86.17124938964844,107.45338439941406,0.31140608447894014,0,0.99,0.010000000000000009,984203.8163633727,
2023-09-01,86.81846618652344,107.9165496826172,0.1344022166070779,0,0.99,0.010000000000000009,984203.8163633727,
2023-09-04,86.91091918945312,108.8428726196289,0.19061222687160567,0,0.99,0.010000000000000009,984203.8163633727,
2023-09-05,86.54107666015625,108.37971496582033,0.5084567293703055,0,0.99,0.010000000000000009,984203.8163633727,
2023-09-06,86.35617065429688,108.37971496582033,0.4995432130081964,0,0.99,0.010000000000000009,984203.8163633727,
2023-09-07,86.26371002197266,108.37971496582033,0.6925802191921842,0,0.99,0.010000000000000009,984203.8163633727,
2023-09-08,86.44862365722656,107.9165496826172,0.7550838676986447,0,0.99,0.010000000000000009,984203.8163633727,
2023-09-11,86.91091918945312,108.37971496582033,0.061732704773127874,0,0.99,0.010000000000000009,984203.8163633727,
2023-09-12,87.46566772460938,108.37971496582033,0.2596030750439324,0,0.99,0.010000000000000009,984203.8163633727,
2023-09-13,87.5581283569336,107.9165496826172,0.07077482246742942,0,0.99,0.010000000000000009,984203.8163633727,
2023-09-14,87.83550262451172,108.37971496582033,0.005153360951818558,1,0.99,0.010000000000000009,984135.9677546691,Long Spread
2023-09-15,88.39025115966797,108.8428726196289,0.0048132218349280775,1,0.99,0.010000000000000009,983952.7859919738,
2023-09-18,88.02041625976562,108.37971496582033,0.09128596134605049,1,0.99,0.010000000000000009,983766.1404841613,
2023-09-19,88.29779815673828,108.37971496582033,0.6977849824172642,0,0.99,0.010000000000000009,983143.5095896911,Close
2023-09-20,87.83550262451172,108.37971496582033,0.7015711866591483,0,0.99,0.010000000000000009,983143.5095896911,
2023-09-21,86.72600555419922,107.9165496826172,0.9252131885646577,0,0.99,0.010000000000000009,983143.5095896911,
2023-09-22,86.633544921875,108.37971496582033,0.4251358436091198,0,0.99,0.010000000000000009,983143.5095896911,
2023-09-25,86.91091918945312,107.9165496826172,0.9935059070546581,-1,0.99,0.010000000000000009,983075.7164909362,Short Spread
2023-09-26,87.46566772460938,107.45338439941406,0.4201011914275199,0,0.99,0.010000000000000009,985043.74736557,Close
2023-09-27,86.81846618652344,107.9165496826172,0.018874649033236452,0,0.99,0.010000000000000009,985043.74736557,
2023-09-28,87.46566772460938,107.45338439941406,0.391040656978782,0,0.99,0.010000000000000009,985043.74736557,
2023-10-02,87.09583282470703,107.9165496826172,0.017713005879142655,0,0.99,0.010000000000000009,985043.74736557,
2023-10-03,86.81846618652344,107.45338439941406,0.29685542811630017,0,0.99,0.010000000000000009,985043.74736557,
2023-10-04,86.44862365722656,106.52706146240234,0.11574811207522678,0,0.99,0.010000000000000009,985043.74736557,
2023-10-05,87.28075408935547,106.52706146240234,0.0523444005270675,0,0.99,0.010000000000000009,985043.74736557,
2023-10-06,87.09583282470703,106.99022674560548,0.01345178349198881,0,0.99,0.010000000000000009,985043.74736557,
2023-10-11,88.6676254272461,107.9165496826172,0.09639823061886554,0,0.99,0.010000000000000009,985043.74736557,
2023-10-12,88.94499969482422,107.9165496826172,0.001697321745931652,1,0.99,0.010000000000000009,984975.872903595,Long Spread
2023-10-13,88.39025115966797,107.45338439941406,0.00267467446687292,1,0.99,0.010000000000000009,985159.0394075012,
2023-10-16,88.5751724243164,107.9165496826172,0.02194096891300067,1,0.99,0.010000000000000009,985715.5274446106,
2023-10-17,88.20533752441406,107.9165496826172,0.09386384279185228,1,0.99,0.010000000000000009,986455.1972444153,
2023-10-18,88.39025115966797,107.45338439941406,0.21551056768836757,1,0.99,0.010000000000000009,985159.0394075012,
2023-10-19,87.7430419921875,107.45338439941406,0.05157614844476078,1,0.99,0.010000000000000009,986453.4577424622,
2023-10-20,87.09583282470703,106.99022674560548,0.14135333789141558,1,0.99,0.010000000000000009,986821.5607698059,
2023-10-23,87.28075408935547,106.99022674560548,0.14429876970987787,1,0.99,0.010000000000000009,986451.718240509,
2023-10-24,87.65058898925781,106.99022674560548,0.13725810012314904,1,0.99,0.010000000000000009,985712.0484407044,
2023-10-25,87.7430419921875,106.99022674560548,0.1082319493840781,1,0.99,0.010000000000000009,985527.142434845,
2023-10-26,87.65058898925781,106.52706146240234,0.14201410972347295,1,0.99,0.010000000000000009,984785.7178742981,
2023-10-27,88.29779815673828,106.99022674560548,0.04663012093304429,1,0.99,0.010000000000000009,984417.6301057434,
2023-10-30,87.83550262451172,106.99022674560548,0.1430728869961561,1,0.99,0.010000000000000009,985342.2211701965,
2023-10-31,88.5751724243164,107.45338439941406,0.19254962082488453,1,0.99,0.010000000000000009,984789.1968782044,
2023-11-01,89.03746795654297,108.37971496582033,0.21404883335067754,1,0.99,0.010000000000000009,985717.2669465637,
2023-11-02,89.31483459472656,109.3060302734375,0.7317868285891569,0,0.99,0.010000000000000009,986947.2194508362,Close
2023-11-03,89.6846694946289,108.8428726196289,0.9798551590835093,0,0.99,0.010000000000000009,986947.2194508362,
2023-11-06,90.33187866210938,108.8428726196289,0.7541962669227257,0,0.99,0.010000000000000009,986947.2194508362,
2023-11-07,89.86958312988281,109.3060302734375,0.665827852039911,0,0.99,0.010000000000000009,986947.2194508362,
2023-11-08,90.88662719726562,109.76919555664062,0.9030110289344395,0,0.99,0.010000000000000009,986947.2194508362,
2023-11-09,90.97909545898438,108.8428726196289,0.9574519725855487,0,0.99,0.010000000000000009,986947.2194508362,
2023-11-10,90.5167999267578,108.37971496582033,0.32936122564784803,0,0.99,0.010000000000000009,986947.2194508362,
2023-11-13,89.77713012695312,107.9165496826172,0.4598287957281984,0,0.99,0.010000000000000009,986947.2194508362,
2023-11-14,89.96205139160156,107.9165496826172,0.2571057399246197,0,0.99,0.010000000000000009,986947.2194508362,
2023-11-15,90.14695739746094,109.3060302734375,0.2653061936227117,0,0.99,0.010000000000000009,986947.2194508362,
2023-11-16,90.6092529296875,108.37971496582033,0.8914376739961428,0,0.99,0.010000000000000009,986947.2194508362,
2023-11-17,90.33187866210938,108.37971496582033,0.48767233543430416,0,0.99,0.010000000000000009,986947.2194508362,
2023-11-20,90.33187866210938,109.3060302734375,0.5251994154216507,0,0.99,0.010000000000000009,986947.2194508362,
2023-11-21,90.88662719726562,109.3060302734375,0.8695005192363313,0,0.99,0.010000000000000009,986947.2194508362,
2023-11-22,90.88662719726562,109.3060302734375,0.7426808387642239,0,0.99,0.010000000000000009,986947.2194508362,
2023-11-23,90.97909545898438,109.76919555664062,0.7497667861072965,0,0.99,0.010000000000000009,986947.2194508362,
2023-11-24,90.88662719726562,110.23235321044922,0.9479528331667569,0,0.99,0.010000000000000009,986947.2194508362,
2023-11-27,91.07154846191406,111.15867614746094,0.9988773617728096,-1,0.99,0.010000000000000009,986879.1302418518,Short Spread
2023-11-28,90.97909545898438,110.69551849365234,0.9989370247140323,-1,0.99,0.010000000000000009,987620.5395436096,
2023-11-29,91.4413833618164,111.15867614746094,0.9743043831395253,-1,0.99,0.010000000000000009,987618.8000416565,
2023-11-30,90.97909545898438,110.69551849365234,0.8945726595857055,-1,0.99,0.010000000000000009,987620.5395436096,
2023-12-01,91.71875762939452,111.15867614746094,0.9327085246768322,-1,0.99,0.010000000000000009,988173.5485768127,
2023-12-04,92.27350616455078,112.08499908447266,0.789299798288082,-1,0.99,0.010000000000000009,987430.3997731018,
2023-12-05,92.92071533203124,112.54815673828124,0.8982186316924492,-1,0.99,0.010000000000000009,987798.5028004455,
2023-12-06,92.45842742919922,113.01132202148438,0.877467537869179,-1,0.99,0.010000000000000009,985947.5964283752,
2023-12-07,91.90367889404295,112.08499908447266,0.9956310806214979,-1,0.99,0.010000000000000009,986690.7452320862,
2023-12-08,91.62629699707033,111.62183380126952,0.9090114927788856,-1,0.99,0.010000000000000009,987062.3120045471,
2023-12-11,91.07154846191406,111.15867614746094,0.9331864974842174,-1,0.99,0.010000000000000009,986879.1302418518,
2023-12-12,91.25646209716795,111.15867614746094,0.9318181093132288,-1,0.99,0.010000000000000009,987248.9575123596,
2023-12-13,90.97909545898438,110.69551849365234,0.8987139061027077,-1,0.99,0.010000000000000009,987620.5395436096,
2023-12-14,91.4413833618164,110.69551849365234,0.9007751526238317,-1,0.99,0.010000000000000009,988545.1153492737,
2023-12-15,90.97909545898438,109.76919555664062,0.8139736502159277,-1,0.99,0.010000000000000009,989473.185417633,
2023-12-18,90.70171356201172,109.76919555664062,0.7498755648007969,-1,0.99,0.010000000000000009,988918.4216236877,
2023-12-19,90.6092529296875,109.76919555664062,0.7935045463827974,-1,0.99,0.010000000000000009,988733.5003590393,
2023-12-20,90.70171356201172,109.76919555664062,0.8087576675971374,-1,0.99,0.010000000000000009,988918.4216236877,
2023-12-21,90.23942565917967,109.3060302734375,0.7591190275721834,-1,0.99,0.010000000000000009,988920.1763844299,
2023-12-22,89.86958312988281,108.8428726196289,0.7317015444494965,-1,0.99,0.010000000000000009,989106.8066334534,
2023-12-25,90.14695739746094,109.3060302734375,0.6967693736648027,-1,0.99,0.010000000000000009,988735.2398609924,
2023-12-26,90.4243392944336,110.23235321044922,0.8485562873137142,-1,0.99,0.010000000000000009,987437.3577809143,
2023-12-27,90.88662719726562,110.69551849365234,0.8984360846344472,-1,0.99,0.010000000000000009,987435.6030201721,
2023-12-28,91.3489227294922,111.15867614746094,0.9543649839017354,-1,0.99,0.010000000000000009,987433.878777008,
2023-12-29,91.16400909423828,111.15867614746094,0.9374390922823543,-1,0.99,0.010000000000000009,987064.0515065002,
2024-01-02,91.99613189697266,111.62183380126952,0.9481068854728472,-1,0.99,0.010000000000000009,987801.9818043518,
2024-01-03,91.4413833618164,111.15867614746094,0.8825942896949037,-1,0.99,0.010000000000000009,987618.8000416565,
2024-01-04,91.4413833618164,110.23235321044922,0.8573630411092983,-1,0.99,0.010000000000000009,989471.4459156799,
2024-01-05,91.07154846191406,110.69551849365234,0.5487520412228127,-1,0.99,0.010000000000000009,987805.445549469,
2024-01-08,91.5338363647461,111.62183380126952,0.8320413066943702,-1,0.99,0.010000000000000009,986877.3907398987,
2024-01-09,91.62629699707033,111.15867614746094,0.9171086578652708,-1,0.99,0.010000000000000009,987988.6273121643,
2024-01-10,91.3489227294922,111.15867614746094,0.7558949675514468,-1,0.99,0.010000000000000009,987433.878777008,
2024-01-11,92.18104553222656,111.62183380126952,0.857246957606885,-1,0.99,0.010000000000000009,988171.8090748596,
2024-01-12,92.27350616455078,111.15867614746094,0.7842494058026053,-1,0.99,0.010000000000000009,989283.0456471252,
2024-01-15,91.62629699707033,111.62183380126952,0.6174970573143131,-1,0.99,0.010000000000000009,987062.3120045471,
2024-01-16,90.6092529296875,110.23235321044922,0.8703674294752547,-1,0.99,0.010000000000000009,987807.1850514221,
2024-01-17,89.86958312988281,109.76919555664062,0.6947207662130108,-1,0.99,0.010000000000000009,987254.1607594299,
2024-01-18,89.96205139160156,109.76919555664062,0.504886231574911,-1,0.99,0.010000000000000009,987439.0972828674,
2024-01-19,89.96205139160156,110.23235321044922,0.36698383862936745,0,0.99,0.010000000000000009,986444.7741990661,Close
2024-01-22,90.23942565917967,110.23235321044922,0.5304283569778855,0,0.99,0.010000000000000009,986444.7741990661,
2024-01-23,89.96205139160156,110.69551849365234,0.40291648015367354,0,0.99,0.010000000000000009,986444.7741990661,
2024-01-24,89.96205139160156,111.15867614746094,0.7962659852130971,0,0.99,0.010000000000000009,986444.7741990661,
2024-01-25,90.23942565917967,111.15867614746094,0.8906852662584408,0,0.99,0.010000000000000009,986444.7741990661,
2024-01-26,90.97909545898438,110.69551849365234,0.687396468087625,0,0.99,0.010000000000000009,986444.7741990661,
2024-01-29,91.16400909423828,111.15867614746094,0.39706014921185584,0,0.99,0.010000000000000009,986444.7741990661,
2024-01-30,91.07154846191406,110.69551849365234,0.4950896842529158,0,0.99,0.010000000000000009,986444.7741990661,
2024-01-31,90.6092529296875,110.23235321044922,0.2954237068819433,0,0.99,0.010000000000000009,986444.7741990661,
2024-02-01,91.25646209716795,111.15867614746094,0.1124883318879083,0,0.99,0.010000000000000009,986444.7741990661,
2024-02-02,90.88662719726562,111.62183380126952,0.4806245775540077,0,0.99,0.010000000000000009,986444.7741990661,
2024-02-05,91.07154846191406,112.54815673828124,0.7957346460536247,0,0.99,0.010000000000000009,986444.7741990661,
2024-02-15,90.6092529296875,112.08499908447266,0.9643736946055149,0,0.99,0.010000000000000009,986444.7741990661,
2024-02-16,90.6092529296875,113.01132202148438,0.9111934948101702,0,0.99,0.010000000000000009,986444.7741990661,
2024-02-19,90.6092529296875,113.01132202148438,0.9915524169341573,-1,0.99,0.010000000000000009,986376.629376068,Short Spread
2024-02-20,91.16400909423828,113.4744873046875,0.983156076402162,-1,0.99,0.010000000000000009,986559.8111387633,
2024-02-21,92.45842742919922,113.4744873046875,0.9851266919688272,-1,0.99,0.010000000000000009,989148.6478086852,
2024-02-22,92.365966796875,113.01132202148438,0.8971966482275431,-1,0.99,0.010000000000000009,989890.057110443,
2024-02-23,91.90367889404295,113.01132202148438,0.7025935082753001,-1,0.99,0.010000000000000009,988965.481304779,
2024-02-26,92.365966796875,113.01132202148438,0.7978777424373331,-1,0.99,0.010000000000000009,989890.057110443,
2024-02-27,91.62629699707033,112.08499908447266,0.59251116032774,-1,0.99,0.010000000000000009,990263.3633848571,
2024-02-29,91.5338363647461,111.62183380126952,0.4544563101571972,0,0.99,0.010000000000000009,990936.6464598082,Close
2024-03-01,90.97909545898438,112.08499908447266,0.18728686081496593,0,0.99,0.010000000000000009,990936.6464598082,
2024-03-04,90.70171356201172,112.54815673828124,0.6790316708856645,0,0.99,0.010000000000000009,990936.6464598082,
2024-03-05,90.5167999267578,112.08499908447266,0.8985402490488468,0,0.99,0.010000000000000009,990936.6464598082,
2024-03-06,91.07154846191406,112.54815673828124,0.7391280830216608,0,0.99,0.010000000000000009,990936.6464598082,
2024-03-07,90.5167999267578,112.08499908447266,0.7557861030989477,0,0.99,0.010000000000000009,990936.6464598082,
2024-03-08,90.97909545898438,111.62183380126952,0.6672441711588246,0,0.99,0.010000000000000009,990936.6464598082,
2024-03-11,91.3489227294922,112.54815673828124,0.22513748661057054,0,0.99,0.010000000000000009,990936.6464598082,
2024-03-12,91.4413833618164,112.54815673828124,0.5893324638960641,0,0.99,0.010000000000000009,990936.6464598082,
2024-03-13,92.08858489990234,112.08499908447266,0.5796829096329448,0,0.99,0.010000000000000009,990936.6464598082,
2024-03-14,92.27350616455078,113.01132202148438,0.18795651665008706,0,0.99,0.010000000000000009,990936.6464598082,
2024-03-15,91.81121826171876,113.4744873046875,0.5729038752180884,0,0.99,0.010000000000000009,990936.6464598082,
2024-03-18,92.08858489990234,113.9376449584961,0.9224243378352847,0,0.99,0.010000000000000009,990936.6464598082,
2024-03-19,91.07154846191406,113.9376449584961,0.9890960756122542,0,0.99,0.010000000000000009,990936.6464598082,
2024-03-20,91.16400909423828,113.9376449584961,0.9831445013798707,0,0.99,0.010000000000000009,990936.6464598082,
2024-03-21,91.90367889404295,114.40081024169922,0.9685339300208233,0,0.99,0.010000000000000009,990936.6464598082,
2024-03-22,92.365966796875,114.8639678955078,0.9995609544508219,-1,0.99,0.010000000000000009,990868.3572624206,Short Spread
2024-03-25,92.365966796875,115.3271255493164,0.998706818542552,-1,0.99,0.010000000000000009,989942.0419548034,
2024-03-26,92.92071533203124,116.25344848632812,0.999185117499945,-1,0.99,0.010000000000000009,989198.8931510925,
2024-03-27,94.30758666992188,117.64292907714844,0.9935885448100129,-1,0.99,0.010000000000000009,989193.6746452331,
2024-03-28,94.30758666992188,116.25344848632812,0.919263887326367,-1,0.99,0.010000000000000009,991972.6358268737,
2024-03-29,94.76988220214844,117.64292907714844,0.686907078646726,-1,0.99,0.010000000000000009,990118.2657096862,
2024-04-01,96.1567611694336,117.17977142333984,0.393319078810081,0,0.99,0.010000000000000009,993749.80549057,Close
2024-04-02,96.1567611694336,117.17977142333984,0.18837785986229033,0,0.99,0.010000000000000009,993749.80549057,
2024-04-03,95.232177734375,115.79029083251952,0.4692302003572386,0,0.99,0.010000000000000009,993749.80549057,
2024-04-08,96.1567611694336,117.17977142333984,0.33121179646820575,0,0.99,0.010000000000000009,993749.80549057,
2024-04-09,96.1567611694336,116.25344848632812,0.5124852283544028,0,0.99,0.010000000000000009,993749.80549057,
2024-04-10,96.1567611694336,116.71660614013672,0.3575059956850358,0,0.99,0.010000000000000009,993749.80549057,
2024-04-11,96.1567611694336,117.17977142333984,0.48120550592835054,0,0.99,0.010000000000000009,993749.80549057,
2024-04-12,96.61905670166016,116.25344848632812,0.5963536796787473,0,0.99,0.010000000000000009,993749.80549057,
2024-04-15,96.1567611694336,116.71660614013672,0.12272200860492816,0,0.99,0.010000000000000009,993749.80549057,
2024-04-16,94.30758666992188,115.3271255493164,0.5390098548119537,0,0.99,0.010000000000000009,993749.80549057,
2024-04-17,94.30758666992188,114.40081024169922,0.22016327810513553,0,0.99,0.010000000000000009,993749.80549057,
2024-04-18,95.69446563720705,114.8639678955078,0.04681127978438054,0,0.99,0.010000000000000009,993749.80549057,
2024-04-19,94.30758666992188,113.9376449584961,0.07737383046261166,0,0.99,0.010000000000000009,993749.80549057,
2024-04-22,96.61905670166016,116.25344848632812,0.013776887498290986,0,0.99,0.010000000000000009,993749.80549057,
2024-04-23,95.232177734375,115.79029083251952,0.2766442869609254,0,0.99,0.010000000000000009,993749.80549057,
2024-04-24,94.30758666992188,115.3271255493164,0.3378021520539776,0,0.99,0.010000000000000009,993749.80549057,
2024-04-25,94.76988220214844,114.40081024169922,0.24614273687855237,0,0.99,0.010000000000000009,993749.80549057,
2024-04-26,95.69446563720705,114.40081024169922,0.014115476471454703,0,0.99,0.010000000000000009,993749.80549057,
2024-04-29,96.1567611694336,115.3271255493164,0.01401405500791984,0,0.99,0.010000000000000009,993749.80549057,
2024-04-30,96.1567611694336,114.8639678955078,0.15432199117816842,0,0.99,0.010000000000000009,993749.80549057,
2024-05-02,96.1567611694336,114.8639678955078,0.08642249898455334,0,0.99,0.010000000000000009,993749.80549057,
2024-05-03,96.61905670166016,114.8639678955078,0.08441956838308062,0,0.99,0.010000000000000009,993749.80549057,
2024-05-06,97.0813446044922,115.3271255493164,0.04718011815526477,0,0.99,0.010000000000000009,993749.80549057,
2024-05-07,96.61905670166016,116.25344848632812,0.11273654390164145,0,0.99,0.010000000000000009,993749.80549057,
2024-05-08,97.0813446044922,117.17977142333984,0.3864406798434372,0,0.99,0.010000000000000009,993749.80549057,
2024-05-09,97.0813446044922,116.71660614013672,0.5723247201734674,0,0.99,0.010000000000000009,993749.80549057,
2024-05-10,97.0813446044922,116.25344848632812,0.4154809171277138,0,0.99,0.010000000000000009,993749.80549057,
2024-05-13,97.54364013671876,117.17977142333984,0.26981568289663865,0,0.99,0.010000000000000009,993749.80549057,
2024-05-14,96.61905670166016,116.25344848632812,0.5010766249234284,0,0.99,0.010000000000000009,993749.80549057,
2024-05-15,97.0813446044922,116.25344848632812,0.3239177894028271,0,0.99,0.010000000000000009,993749.80549057,
2024-05-16,97.54364013671876,116.25344848632812,0.2598392241625279,0,0.99,0.010000000000000009,993749.80549057,
2024-05-17,98.00592803955078,116.71660614013672,0.19829245652953298,0,0.99,0.010000000000000009,993749.80549057,
2024-05-20,98.00592803955078,117.17977142333984,0.2702340220464722,0,0.99,0.010000000000000009,993749.80549057,
2024-05-21,97.54364013671876,117.17977142333984,0.4308286107194399,0,0.99,0.010000000000000009,993749.80549057,
2024-05-22,98.93051147460938,117.64292907714844,0.5399001391697559,0,0.99,0.010000000000000009,993749.80549057,
2024-05-23,98.93051147460938,117.64292907714844,0.3784476162252834,0,0.99,0.010000000000000009,993749.80549057,
2024-05-24,98.46822357177734,117.64292907714844,0.3952417975937276,0,0.99,0.010000000000000009,993749.80549057,
2024-05-27,97.54364013671876,115.79029083251952,0.4758568154530349,0,0.99,0.010000000000000009,993749.80549057,
2024-05-28,97.0813446044922,116.71660614013672,0.04066828638064607,0,0.99,0.010000000000000009,993749.80549057,
2024-05-29,95.232177734375,115.79029083251952,0.34202866312381763,0,0.99,0.010000000000000009,993749.80549057,
2024-05-30,96.61905670166016,116.71660614013672,0.0674406156812486,0,0.99,0.010000000000000009,993749.80549057,
2024-05-31,97.54364013671876,118.56925201416016,0.31962660954033884,0,0.99,0.010000000000000009,993749.80549057,
2024-06-03,98.46822357177734,117.64292907714844,0.8058740873336725,0,0.99,0.010000000000000009,993749.80549057,
2024-06-04,98.46822357177734,117.64292907714844,0.43034100943631587,0,0.99,0.010000000000000009,993749.80549057,
2024-06-05,98.93051147460938,117.64292907714844,0.44156144170835976,0,0.99,0.010000000000000009,993749.80549057,
2024-06-06,98.46822357177734,118.10609436035156,0.3581562012438786,0,0.99,0.010000000000000009,993749.80549057,
2024-06-07,98.93051147460938,117.17977142333984,0.541348587097427,0,0.99,0.010000000000000009,993749.80549057,
2024-06-11,98.93051147460938,117.17977142333984,0.16114721304177249,0,0.99,0.010000000000000009,993749.80549057,
2024-06-12,98.00592803955078,117.17977142333984,0.15424995911591372,0,0.99,0.010000000000000009,993749.80549057,
2024-06-13,98.00592803955078,117.17977142333984,0.20291910066092378,0,0.99,0.010000000000000009,993749.80549057,
2024-06-14,99.3927993774414,118.56925201416016,0.18930612344282155,0,0.99,0.010000000000000009,993749.80549057,
2024-06-17,99.3927993774414,118.10609436035156,0.5350854040836561,0,0.99,0.010000000000000009,993749.80549057,
2024-06-18,99.3927993774414,118.56925201416016,0.41134436293265664,0,0.99,0.010000000000000009,993749.80549057,
2024-06-19,98.46822357177734,118.10609436035156,0.5680600345528579,0,0.99,0.010000000000000009,993749.80549057,
2024-06-20,98.46822357177734,117.17977142333984,0.545393348752511,0,0.99,0.010000000000000009,993749.80549057,
2024-06-21,98.00592803955078,116.25344848632812,0.1831501248737365,0,0.99,0.010000000000000009,993749.80549057,
2024-06-24,98.93051147460938,117.17977142333984,0.09157640514305276,0,0.99,0.010000000000000009,993749.80549057,
2024-06-25,98.46822357177734,116.71660614013672,0.12550225253598885,0,0.99,0.010000000000000009,993749.80549057,
2024-06-26,98.00592803955078,116.25344848632812,0.16829894068583584,0,0.99,0.010000000000000009,993749.80549057,
2024-06-27,98.00592803955078,116.71660614013672,0.18286072327896918,0,0.99,0.010000000000000009,993749.80549057,
2024-06-28,98.93051147460938,116.25344848632812,0.45396524489597045,0,0.99,0.010000000000000009,993749.80549057,
2024-07-01,100.77967834472656,117.17977142333984,0.09163332108895733,0,0.99,0.010000000000000009,993749.80549057,
2024-07-02,103.09114837646484,116.25344848632812,0.02313713987402576,0,0.99,0.010000000000000009,993749.80549057,
2024-07-03,104.0157241821289,116.25344848632812,5.40652135936184e-06,1,0.99,0.010000000000000009,993680.9947236633,Long Spread
2024-07-04,102.62885284423828,114.09479522705078,0.0013110806112944348,1,0.99,0.010000000000000009,992137.4308808899,
2024-07-05,107.25177001953124,115.53903198242188,0.0034747937402276707,1,0.99,0.010000000000000009,985780.0700410461,
2024-07-08,98.41814422607422,114.57621002197266,0.027705360537469286,1,0.99,0.010000000000000009,1001521.6777070618,
2024-07-09,96.97787475585938,114.57621002197266,0.04402928810324014,1,0.99,0.010000000000000009,1004402.2166474914,
2024-07-10,97.93805694580078,114.09479522705078,0.08921926072359904,1,0.99,0.010000000000000009,1001519.0226777649,
2024-07-11,96.97787475585938,114.09479522705078,0.06727783158297578,1,0.99,0.010000000000000009,1003439.3870576477,
2024-07-12,96.97787475585938,114.09479522705078,0.14034820161563055,1,0.99,0.010000000000000009,1003439.3870576477,
2024-07-15,96.97787475585938,115.05762481689452,0.21069663089897583,1,0.99,0.010000000000000009,1005365.0462373352,
2024-07-16,96.97787475585938,115.05762481689452,0.34398827393263076,1,0.99,0.010000000000000009,1005365.0462373352,
2024-07-17,97.93805694580078,115.05762481689452,0.3687884164815667,1,0.99,0.010000000000000009,1003444.6818574524,
2024-07-18,99.85840606689452,116.02044677734376,0.2945817503086673,1,0.99,0.010000000000000009,1001529.6275361633,
2024-07-19,99.3783187866211,116.50186157226562,0.24125795239117093,1,0.99,0.010000000000000009,1003452.6316865539,
2024-07-22,99.3783187866211,116.02044677734376,0.4116380543841771,1,0.99,0.010000000000000009,1002489.8020967102,
2024-07-23,101.29867553710938,116.9832763671875,0.2784083334050438,1,0.99,0.010000000000000009,1000574.7477754211,
2024-07-26,101.7787628173828,117.94609832763672,0.36994632378103365,1,0.99,0.010000000000000009,1001540.2171357727,
2024-07-29,100.33849334716795,116.9832763671875,0.5274875195167407,0,0.99,0.010000000000000009,1002426.4192845154,Close
2024-07-30,101.29867553710938,116.50186157226562,0.43445917608868956,0,0.99,0.010000000000000009,1002426.4192845154,
2024-07-31,101.29867553710938,116.9832763671875,0.3003627552312435,0,0.99,0.010000000000000009,1002426.4192845154,
2024-08-01,101.29867553710938,116.9832763671875,0.3939935848199092,0,0.99,0.010000000000000009,1002426.4192845154,
2024-08-02,101.7787628173828,118.4275131225586,0.37525300673566003,0,0.99,0.010000000000000009,1002426.4192845154,
2024-08-05,101.7787628173828,116.9832763671875,0.7296388956767554,0,0.99,0.010000000000000009,1002426.4192845154,
2024-08-06,106.09955596923828,117.46468353271484,0.3303875931071668,0,0.99,0.010000000000000009,1002426.4192845154,
2024-08-07,103.6991195678711,116.9832763671875,0.1908935885263106,0,0.99,0.010000000000000009,1002426.4192845154,
2024-08-08,102.73893737792967,116.9832763671875,0.16345195415385588,0,0.99,0.010000000000000009,1002426.4192845154,
2024-08-09,103.21902465820312,117.46468353271484,0.255580544567507,0,0.99,0.010000000000000009,1002426.4192845154,
2024-08-12,103.21902465820312,116.9832763671875,0.39722549044542355,0,0.99,0.010000000000000009,1002426.4192845154,
2024-08-13,103.21902465820312,117.46468353271484,0.22663040899240083,0,0.99,0.010000000000000009,1002426.4192845154,
2024-08-14,104.65929412841795,117.94609832763672,0.46050646071292994,0,0.99,0.010000000000000009,1002426.4192845154,
2024-08-15,104.17920684814452,118.4275131225586,0.4971452482496156,0,0.99,0.010000000000000009,1002426.4192845154,
2024-08-16,103.21902465820312,119.3903350830078,0.6496731559351417,0,0.99,0.010000000000000009,1002426.4192845154,
2024-08-19,105.1393814086914,118.90892791748048,0.9598001449693118,0,0.99,0.010000000000000009,1002426.4192845154,
2024-08-20,104.17920684814452,118.90892791748048,0.7454593704782456,0,0.99,0.010000000000000009,1002426.4192845154,
2024-08-21,105.61946868896484,118.90892791748048,0.8048447787046759,0,0.99,0.010000000000000009,1002426.4192845154,
2024-08-22,105.61946868896484,119.3903350830078,0.7423988218092036,0,0.99,0.010000000000000009,1002426.4192845154,
2024-08-23,107.05973815917967,119.3903350830078,0.9169343933184455,0,0.99,0.010000000000000009,1002426.4192845154,
2024-08-26,105.61946868896484,119.3903350830078,0.822970710178822,0,0.99,0.010000000000000009,1002426.4192845154,
2024-08-27,107.53982543945312,119.87174987792967,0.8828771574220811,0,0.99,0.010000000000000009,1002426.4192845154,
2024-08-28,107.05973815917967,119.3903350830078,0.9203433430019821,0,0.99,0.010000000000000009,1002426.4192845154,
2024-08-29,106.57965087890624,118.90892791748048,0.7790144886474701,0,0.99,0.010000000000000009,1002426.4192845154,
2024-08-30,107.53982543945312,119.3903350830078,0.5667364201830947,0,0.99,0.010000000000000009,1002426.4192845154,
2024-09-02,108.5,119.3903350830078,0.6946474725696453,0,0.99,0.010000000000000009,1002426.4192845154,
2024-09-03,107.53982543945312,119.3903350830078,0.44922274543675134,0,0.99,0.010000000000000009,1002426.4192845154,
2024-09-04,107.53982543945312,117.46468353271484,0.6814317736378391,0,0.99,0.010000000000000009,1002426.4192845154,
2024-09-05,108.5,118.4275131225586,0.12335915621266191,0,0.99,0.010000000000000009,1002426.4192845154,
2024-09-06,110.42035675048828,119.3903350830078,0.2926896125620141,0,0.99,0.010000000000000009,1002426.4192845154,
2024-09-09,110.42035675048828,118.90892791748048,0.35125946414360426,0,0.99,0.010000000000000009,1002426.4192845154,
2024-09-10,110.42035675048828,119.3903350830078,0.2128223903125872,0,0.99,0.010000000000000009,1002426.4192845154,
2024-09-11,110.42035675048828,118.90892791748048,0.435991754635804,0,0.99,0.010000000000000009,1002426.4192845154,
2024-09-12,110.42035675048828,119.87174987792967,0.2689132732367972,0,0.99,0.010000000000000009,1002426.4192845154,
2024-09-13,110.90044403076172,119.87174987792967,0.890025916805762,0,0.99,0.010000000000000009,1002426.4192845154,
2024-09-16,111.38053131103516,120.35316467285156,0.8018625517120401,0,0.99,0.010000000000000009,1002426.4192845154,
2024-09-18,111.8606185913086,120.35316467285156,0.9966684397586926,-1,0.99,0.010000000000000009,1002357.1307331849,Short Spread
2024-09-19,111.38053131103516,120.35316467285156,0.8108188345758588,-1,0.99,0.010000000000000009,1001396.956172638,
2024-09-20,111.8606185913086,121.31598663330078,0.9317401243381482,-1,0.99,0.010000000000000009,1000431.4868122864,
2024-09-23,113.78097534179688,121.79740142822266,0.9991664786065267,-1,0.99,0.010000000000000009,1003309.3707234192,
2024-09-24,113.78097534179688,121.79740142822266,0.8834940044931476,-1,0.99,0.010000000000000009,1003309.3707234192,
2024-09-25,111.8606185913086,121.79740142822266,0.871583311254771,-1,0.99,0.010000000000000009,999468.6572224427,
2024-09-26,112.82080078125,122.27881622314452,0.9707236891622959,-1,0.99,0.010000000000000009,1000426.1920124817,
2024-09-27,111.8606185913086,121.79740142822266,0.9995991945733835,-1,0.99,0.010000000000000009,999468.6572224427,
2024-09-30,110.42035675048828,120.8345718383789,0.9511889632989783,-1,0.99,0.010000000000000009,998513.7927204896,
2024-10-01,110.90044403076172,121.31598663330078,0.9257328133290652,-1,0.99,0.010000000000000009,998511.1376911927,
2024-10-04,108.01991271972656,119.87174987792967,0.971573361120315,-1,0.99,0.010000000000000009,995638.5485798646,
2024-10-07,108.01991271972656,119.3903350830078,0.8312188136221561,-1,0.99,0.010000000000000009,996601.3781697083,
2024-10-08,108.01991271972656,117.94609832763672,0.8091533274271385,-1,0.99,0.010000000000000009,999489.8516804505,
2024-10-09,108.5,117.94609832763672,0.2067436343060844,0,0.99,0.010000000000000009,1000380.9683970643,Close
2024-10-11,107.53982543945312,117.94609832763672,0.10041782888208595,0,0.99,0.010000000000000009,1000380.9683970643,
2024-10-14,108.01991271972656,117.94609832763672,0.24125502482108058,0,0.99,0.010000000000000009,1000380.9683970643,
2024-10-15,108.01991271972656,118.90892791748048,0.12262996703934181,0,0.99,0.010000000000000009,1000380.9683970643,
2024-10-16,108.01991271972656,117.94609832763672,0.6144612535164768,0,0.99,0.010000000000000009,1000380.9683970643,
2024-10-17,109.4601821899414,117.94609832763672,0.14601000620813653,0,0.99,0.010000000000000009,1000380.9683970643,
2024-10-18,109.94026947021484,119.3903350830078,0.00275305326549062,1,0.99,0.010000000000000009,1000311.7951728821,Long Spread
2024-10-21,108.98008728027344,117.94609832763672,0.43811315013295987,1,0.99,0.010000000000000009,999343.6860420228,
2024-10-22,109.4601821899414,118.4275131225586,0.023623270878044163,1,0.99,0.010000000000000009,999346.3258125306,
2024-10-23,109.4601821899414,117.46468353271484,0.4015573799370325,1,0.99,0.010000000000000009,997420.6666328431,
2024-10-24,109.4601821899414,117.46468353271484,0.02354586046032731,1,0.99,0.010000000000000009,997420.6666328431,
2024-10-25,109.4601821899414,117.46468353271484,0.06741533031639207,1,0.99,0.010000000000000009,997420.6666328431,
2024-10-28,108.5,117.94609832763672,0.1459835737409888,1,0.99,0.010000000000000009,1000303.8606025696,
2024-10-29,110.90044403076172,117.94609832763672,0.6843330234155005,0,0.99,0.010000000000000009,995433.8186793519,Close
2024-10-30,108.98008728027344,117.46468353271484,0.023758104111342666,0,0.99,0.010000000000000009,995433.8186793519,
2024-11-01,108.98008728027344,117.46468353271484,0.13927529868426586,0,0.99,0.010000000000000009,995433.8186793519,
2024-11-04,109.94026947021484,117.94609832763672,0.30358205356662143,0,0.99,0.010000000000000009,995433.8186793519,
2024-11-05,110.90044403076172,118.4275131225586,0.3615680336761291,0,0.99,0.010000000000000009,995433.8186793519,
2024-11-06,109.4601821899414,117.94609832763672,0.429503210603523,0,0.99,0.010000000000000009,995433.8186793519,
2024-11-07,108.98008728027344,118.4275131225586,0.5272249928961532,0,0.99,0.010000000000000009,995433.8186793519,
2024-11-08,108.5,118.4275131225586,0.9931821953794523,-1,0.99,0.010000000000000009,995364.741578827,Short Spread
2024-11-11,109.94026947021484,118.4275131225586,0.9929917996826304,-1,0.99,0.010000000000000009,998245.2805192567,
2024-11-12,108.98008728027344,117.94609832763672,0.7463702429652451,-1,0.99,0.010000000000000009,997287.7457292177,
2024-11-13,109.94026947021484,118.90892791748048,0.7597841962255938,-1,0.99,0.010000000000000009,997282.450929413,
2024-11-14,109.4601821899414,117.94609832763672,0.9441011542323369,-1,0.99,0.010000000000000009,998247.9355485536,
2024-11-15,106.57965087890624,117.94609832763672,0.5398701518273255,-1,0.99,0.010000000000000009,992486.8729264833,
2024-11-18,106.57965087890624,117.94609832763672,0.9582970205350639,-1,0.99,0.010000000000000009,992486.8729264833,
2024-11-19,108.01991271972656,118.90892791748048,0.9675222785948145,-1,0.99,0.010000000000000009,993441.7374284364,
2024-11-20,107.53982543945312,117.94609832763672,0.9976385133598759,-1,0.99,0.010000000000000009,994407.222047577,
2024-11-21,108.01991271972656,118.4275131225586,0.8487199701314099,-1,0.99,0.010000000000000009,994404.5670182802,
2024-11-22,108.5,118.4275131225586,0.9850210449515268,-1,0.99,0.010000000000000009,995364.741578827,
2024-11-25,110.42035675048828,118.90892791748048,0.9662795023420988,-1,0.99,0.010000000000000009,998242.6254899598,
2024-11-26,108.98008728027344,119.3903350830078,0.8927380005752654,-1,0.99,0.010000000000000009,994399.2722184755,
2024-11-27,110.42035675048828,118.90892791748048,0.9928540784910335,-1,0.99,0.010000000000000009,998242.6254899598,
2024-11-28,108.5,118.90892791748048,0.9120413604088828,-1,0.99,0.010000000000000009,994401.9119889833,
2024-11-29,108.5,118.4275131225586,0.9917640896175342,-1,0.99,0.010000000000000009,995364.741578827,
2024-12-02,109.4601821899414,118.4275131225586,0.9723040944983973,-1,0.99,0.010000000000000009,997285.1059587098,
2024-12-03,108.01991271972656,118.90892791748048,0.9110457668522741,-1,0.99,0.010000000000000009,993441.7374284364,
2024-12-04,108.5,119.87174987792967,0.9981369802341461,-1,0.99,0.010000000000000009,992476.2680680848,
2024-12-05,107.53982543945312,119.3903350830078,0.9960939596445301,-1,0.99,0.010000000000000009,991518.7485368348,
2024-12-06,108.98008728027344,119.87174987792967,0.9989616075394073,-1,0.99,0.010000000000000009,993436.4426286317,
2024-12-09,109.94026947021484,119.87174987792967,0.9794801317141717,-1,0.99,0.010000000000000009,995356.8070085145,
2024-12-10,109.4601821899414,119.87174987792967,0.9343251315975677,-1,0.99,0.010000000000000009,994396.6324479677,
2024-12-11,109.4601821899414,118.90892791748048,0.9527467668419429,-1,0.99,0.010000000000000009,996322.2763688661,
2024-12-12,109.4601821899414,118.90892791748048,0.8443880609887588,-1,0.99,0.010000000000000009,996322.2763688661,
2024-12-13,109.94026947021484,118.90892791748048,0.8406527200521479,-1,0.99,0.010000000000000009,997282.450929413,
2024-12-16,112.34070587158205,118.4275131225586,0.7721835903374143,-1,0.99,0.010000000000000009,1003046.1533219911,
2024-12-17,111.38053131103516,118.90892791748048,0.10252644601528721,0,0.99,0.010000000000000009,1000093.7630326845,Close
2024-12-18,111.38053131103516,119.3903350830078,0.5829649890004241,0,0.99,0.010000000000000009,1000093.7630326845,
2024-12-19,111.38053131103516,118.90892791748048,0.7125447323253705,0,0.99,0.010000000000000009,1000093.7630326845,
2024-12-20,108.5,118.4275131225586,0.6009773065067819,0,0.99,0.010000000000000009,1000093.7630326845,
2024-12-23,110.90044403076172,119.87174987792967,0.8376685111975135,0,0.99,0.010000000000000009,1000093.7630326845,
2024-12-24,109.94026947021484,118.90892791748048,0.9312774930426826,0,0.99,0.010000000000000009,1000093.7630326845,
2024-12-25,110.90044403076172,119.3903350830078,0.818067584459808,0,0.99,0.010000000000000009,1000093.7630326845,
2024-12-26,109.94026947021484,119.3903350830078,0.8195041774032124,0,0.99,0.010000000000000009,1000093.7630326845,
2024-12-27,109.94026947021484,119.87174987792967,0.872719721780618,0,0.99,0.010000000000000009,1000093.7630326845,
2024-12-30,108.98008728027344,119.3903350830078,0.9708657997154438,0,0.99,0.010000000000000009,1000093.7630326845,
2024-12-31,108.98008728027344,118.90892791748048,0.8669112471546274,0,0.99,0.010000000000000009,1000093.7630326845,
2025-01-02,108.01991271972656,118.4275131225586,0.7533364935996507,0,0.99,0.010000000000000009,1000093.7630326845,
2025-01-03,107.53982543945312,117.94609832763672,0.5171586920430224,0,0.99,0.010000000000000009,1000093.7630326845,
2025-01-06,108.5,118.90892791748048,0.28622544270004224,0,0.99,0.010000000000000009,1000093.7630326845,
2025-01-07,107.05973815917967,118.4275131225586,0.7468201834031619,0,0.99,0.010000000000000009,1000093.7630326845,
2025-01-08,106.57965087890624,118.90892791748048,0.47020534332642216,0,0.99,0.010000000000000009,1000093.7630326845,
2025-01-09,107.53982543945312,118.4275131225586,0.6705759179491861,0,0.99,0.010000000000000009,1000093.7630326845,
2025-01-10,106.57965087890624,118.4275131225586,0.46189802211734,0,0.99,0.010000000000000009,1000093.7630326845,
2025-01-13,107.05973815917967,118.4275131225586,0.4146213311112532,0,0.99,0.010000000000000009,1000093.7630326845,
2025-01-14,108.01991271972656,118.90892791748048,0.4178605733519135,0,0.99,0.010000000000000009,1000093.7630326845,
2025-01-15,106.57965087890624,118.90892791748048,0.7224493420700359,0,0.99,0.010000000000000009,1000093.7630326845,
2025-01-16,106.57965087890624,119.3903350830078,0.6650799076173785,0,0.99,0.010000000000000009,1000093.7630326845,
2025-01-17,107.53982543945312,119.3903350830078,0.8386001791611114,0,0.99,0.010000000000000009,1000093.7630326845,
2025-01-20,106.09955596923828,118.90892791748048,0.8259271475965682,0,0.99,0.010000000000000009,1000093.7630326845,
2025-01-21,106.57965087890624,118.90892791748048,0.5847328378960329,0,0.99,0.010000000000000009,1000093.7630326845,
2025-01-22,105.61946868896484,119.87174987792967,0.6281496037201904,0,0.99,0.010000000000000009,1000093.7630326845,
2025-02-03,107.05973815917967,120.8345718383789,0.968722896387416,0,0.99,0.010000000000000009,1000093.7630326845,
2025-02-04,108.01991271972656,120.35316467285156,0.998752393857495,-1,0.99,0.010000000000000009,1000024.6281095888,Short Spread
2025-02-05,107.53982543945312,121.31598663330078,0.9835889745404116,-1,0.99,0.010000000000000009,997138.8096281434,
2025-02-06,108.01991271972656,121.31598663330078,0.9989370237102146,-1,0.99,0.010000000000000009,998098.9841886903,
2025-02-07,107.53982543945312,121.31598663330078,0.9835762970453907,-1,0.99,0.010000000000000009,997138.8096281434,
2025-02-10,107.05973815917967,120.8345718383789,0.9659967657980706,-1,0.99,0.010000000000000009,997141.4646574403,
2025-02-11,106.57965087890624,120.8345718383789,0.9311065451243542,-1,0.99,0.010000000000000009,996181.2900968934,
2025-02-12,108.01991271972656,121.31598663330078,0.9109233726007866,-1,0.99,0.010000000000000009,998098.9841886903,
2025-02-13,107.53982543945312,120.8345718383789,0.9510979748346315,-1,0.99,0.010000000000000009,998101.6392179872,
2025-02-14,108.01991271972656,120.8345718383789,0.8833750595976613,-1,0.99,0.010000000000000009,999061.8137785341,
2025-02-17,107.53982543945312,121.31598663330078,0.866588929476617,-1,0.99,0.010000000000000009,997138.8096281434,
2025-02-18,108.01991271972656,121.79740142822266,0.9332285139832333,-1,0.99,0.010000000000000009,997136.1545988466,
2025-02-19,107.53982543945312,121.79740142822266,0.9989374430561659,-1,0.99,0.010000000000000009,996175.9800382997,
2025-02-20,107.53982543945312,121.79740142822266,0.9666654077878533,-1,0.99,0.010000000000000009,996175.9800382997,
2025-02-21,108.98008728027344,122.27881622314452,0.9332970804637879,-1,0.99,0.010000000000000009,998093.6741300966,
2025-02-24,108.98008728027344,122.27881622314452,0.9990535809712304,-1,0.99,0.010000000000000009,998093.6741300966,
2025-02-25,108.98008728027344,121.79740142822266,0.9837729776120924,-1,0.99,0.010000000000000009,999056.5037199403,
2025-02-26,108.98008728027344,122.76022338867188,0.850756316281573,-1,0.99,0.010000000000000009,997130.8597990419,
2025-02-27,109.94026947021484,123.24163818359376,0.9989476755100392,-1,0.99,0.010000000000000009,998088.3945890809,
2025-03-03,111.8606185913086,123.72305297851562,0.9985407882010259,-1,0.99,0.010000000000000009,1000966.2632414247,
2025-03-04,110.42035675048828,122.27881622314452,0.993785948699425,-1,0.99,0.010000000000000009,1000974.2130705263,
2025-03-05,110.42035675048828,122.76022338867188,0.7839431502925056,-1,0.99,0.010000000000000009,1000011.3987394716,
2025-03-06,111.8606185913086,123.24163818359376,0.9097645735311815,-1,0.99,0.010000000000000009,1001929.0928312684,
2025-03-07,112.34070587158205,123.24163818359376,0.8858233468475512,-1,0.99,0.010000000000000009,1002889.2673918153,
2025-03-10,111.8606185913086,123.24163818359376,0.6937542872344848,-1,0.99,0.010000000000000009,1001929.0928312684,
2025-03-11,111.8606185913086,122.76022338867188,0.7835034698017107,-1,0.99,0.010000000000000009,1002891.9224211122,
2025-03-12,112.34070587158205,123.24163818359376,0.671829736918774,-1,0.99,0.010000000000000009,1002889.2673918153,
2025-03-13,112.34070587158205,123.72305297851562,0.6493906051231694,-1,0.99,0.010000000000000009,1001926.4378019716,
2025-03-14,112.34070587158205,123.72305297851562,0.8650428379959489,-1,0.99,0.010000000000000009,1001926.4378019716,
2025-03-17,111.38053131103516,123.24163818359376,0.8305496500798809,-1,0.99,0.010000000000000009,1000968.9182707216,
2025-03-18,112.34070587158205,124.20446014404295,0.669548803854088,-1,0.99,0.010000000000000009,1000963.6234709169,
2025-03-19,111.8606185913086,123.72305297851562,0.9498858223384604,-1,0.99,0.010000000000000009,1000966.2632414247,
2025-03-20,112.82080078125,124.20446014404295,0.7851444551885113,-1,0.99,0.010000000000000009,1001923.8132902528,
2025-03-21,113.78097534179688,125.16728973388672,0.42974928735945983,0,0.99,0.010000000000000009,1001848.945301056,Close
2025-03-24,113.78097534179688,124.20446014404295,0.9175442592086092,0,0.99,0.010000000000000009,1001848.945301056,
2025-03-25,112.34070587158205,124.20446014404295,0.33544309542812784,0,0.99,0.010000000000000009,1001848.945301056,
2025-03-26,113.30088806152344,124.20446014404295,0.7097788073139988,0,0.99,0.010000000000000009,1001848.945301056,
2025-03-27,113.30088806152344,125.16728973388672,0.2212608873637424,0,0.99,0.010000000000000009,1001848.945301056,
2025-03-28,112.82080078125,125.16728973388672,0.9115353483567342,0,0.99,0.010000000000000009,1001848.945301056,
2025-03-31,111.8606185913086,123.72305297851562,0.8746224784242136,0,0.99,0.010000000000000009,1001848.945301056,
2025-04-01,111.38053131103516,125.16728973388672,0.21866022439662774,0,0.99,0.010000000000000009,1001848.945301056,
2025-04-02,111.38053131103516,125.16728973388672,0.9738022898041201,0,0.99,0.010000000000000009,1001848.945301056,
2025-04-07,108.5,119.3903350830078,0.9504117486801401,0,0.99,0.010000000000000009,1001848.945301056,
2025-04-08,108.5,122.27881622314452,0.0013350650716654705,1,0.99,0.010000000000000009,1001779.7141484071,Long Spread
2025-04-09,110.42035675048828,121.31598663330078,0.2523064128500597,1,0.99,0.010000000000000009,996013.341467743,
2025-04-10,114.26106262207033,122.27881622314452,0.001747206584062433,1,0.99,0.010000000000000009,990257.5889042665,
2025-04-11,112.34070587158205,123.72305297851562,1.1688556066808695e-05,1,0.99,0.010000000000000009,996986.7759159852,
2025-04-14,110.42035675048828,122.76022338867188,0.17250203541252052,1,0.99,0.010000000000000009,998901.8149784852,
2025-04-15,109.94026947021484,124.20446014404295,0.15937839389628655,1,0.99,0.010000000000000009,1002750.4630497743,
2025-04-16,113.30088806152344,123.72305297851562,0.4626044277501777,1,0.99,0.010000000000000009,995066.4115361024,
2025-04-17,109.94026947021484,123.24163818359376,0.038749056708040144,1,0.99,0.010000000000000009,1000824.8191288759,
2025-04-18,108.98008728027344,123.24163818359376,0.20624883887984174,1,0.99,0.010000000000000009,1002745.1835087587,
2025-04-21,108.98008728027344,122.27881622314452,0.30878545082881426,1,0.99,0.010000000000000009,1000819.5395878602,
2025-04-22,108.5,123.24163818359376,0.06273548601975568,1,0.99,0.010000000000000009,1003705.3580693055,
2025-04-23,109.94026947021484,122.76022338867188,0.4070541252793827,1,0.99,0.010000000000000009,999861.9895390321,
2025-04-24,109.4601821899414,122.27881622314452,0.07087878636825903,1,0.99,0.010000000000000009,999859.3497685243,
2025-04-25,108.5,121.79740142822266,0.037205554287916255,1,0.99,0.010000000000000009,1000816.8845585634,
2025-04-28,108.01991271972656,123.24163818359376,0.0925159799831482,1,0.99,0.010000000000000009,1004665.5326298524,
2025-04-29,108.5,124.20446014404295,0.484742595093323,1,0.99,0.010000000000000009,1005631.001990204,
2025-04-30,108.98008728027344,124.68587493896484,0.5751719098034713,0,0.99,0.010000000000000009,1005564.3103810122,Close
2025-05-02,108.98008728027344,123.72305297851562,0.6529397498720237,0,0.99,0.010000000000000009,1005564.3103810122,
2025-05-05,109.94026947021484,124.68587493896484,0.44062007958481075,0,0.99,0.010000000000000009,1005564.3103810122,
2025-05-06,110.42035675048828,125.16728973388672,0.3853602530727043,0,0.99,0.010000000000000009,1005564.3103810122,
2025-05-07,110.90044403076172,126.13011169433594,0.5098254310399363,0,0.99,0.010000000000000009,1005564.3103810122,
2025-05-08,108.98008728027344,124.68587493896484,0.7945397820314231,0,0.99,0.010000000000000009,1005564.3103810122,
2025-05-09,108.98008728027344,126.13011169433594,0.560734452247606,0,0.99,0.010000000000000009,1005564.3103810122,
2025-05-12,109.94026947021484,126.13011169433594,0.934504346090954,0,0.99,0.010000000000000009,1005564.3103810122,
2025-05-13,108.98008728027344,125.16728973388672,0.7817683119553915,0,0.99,0.010000000000000009,1005564.3103810122,
2025-05-14,108.5,124.68587493896484,0.7372506316201444,0,0.99,0.010000000000000009,1005564.3103810122,
2025-05-15,109.94026947021484,126.13011169433594,0.7016803919888384,0,0.99,0.010000000000000009,1005564.3103810122,
2025-05-16,109.4601821899414,126.13011169433594,0.6923572418485808,0,0.99,0.010000000000000009,1005564.3103810122,
2025-05-19,109.4601821899414,126.13011169433594,0.7722140030849647,0,0.99,0.010000000000000009,1005564.3103810122,
2025-05-20,110.42035675048828,126.6115264892578,0.7375925618065721,0,0.99,0.010000000000000009,1005564.3103810122,
2025-05-21,110.90044403076172,127.57434844970705,0.7438677057077249,0,0.99,0.010000000000000009,1005564.3103810122,
2025-05-22,111.8606185913086,128.05577087402344,0.975208987278213,0,0.99,0.010000000000000009,1005564.3103810122,
2025-05-23,112.34070587158205,128.05577087402344,0.9934644178741969,-1,0.99,0.010000000000000009,1005494.6945219423,Short Spread
2025-05-26,112.34070587158205,128.05577087402344,0.9820181065780705,-1,0.99,0.010000000000000009,1005494.6945219423,
2025-05-27,111.38053131103516,126.6115264892578,0.9708524480896725,-1,0.99,0.010000000000000009,1006462.8341703798,
2025-05-28,111.38053131103516,127.09294128417967,0.4733573083304567,0,0.99,0.010000000000000009,1005430.4656416322,Close
2025-05-29,109.4601821899414,124.68587493896484,0.6127182400154282,0,0.99,0.010000000000000009,1005430.4656416322,
2025-06-02,108.98008728027344,126.6115264892578,0.24564900399313572,0,0.99,0.010000000000000009,1005430.4656416322,
2025-06-03,108.01991271972656,125.16728973388672,0.8104675107759538,0,0.99,0.010000000000000009,1005430.4656416322,
2025-06-04,108.01991271972656,124.68587493896484,0.6346334280075834,0,0.99,0.010000000000000009,1005430.4656416322,
2025-06-05,109.4601821899414,125.16728973388672,0.385953182521623,0,0.99,0.010000000000000009,1005430.4656416322,
2025-06-06,109.94026947021484,125.16728973388672,0.30181934740283056,0,0.99,0.010000000000000009,1005430.4656416322,
2025-06-09,109.94026947021484,127.57434844970705,0.2153649020150577,0,0.99,0.010000000000000009,1005430.4656416322,
2025-06-10,110.90044403076172,128.05577087402344,0.7974603650061631,0,0.99,0.010000000000000009,1005430.4656416322,
2025-06-11,111.38053131103516,128.05577087402344,0.8339295687671853,0,0.99,0.010000000000000009,1005430.4656416322,
2025-06-12,110.90044403076172,129.01858520507812,0.7741541478072789,0,0.99,0.010000000000000009,1005430.4656416322,
2025-06-13,111.38053131103516,129.98141479492188,0.9909106399617797,-1,0.99,0.010000000000000009,1005360.811163788,Short Spread
2025-06-16,112.34070587158205,130.94424438476562,0.999519871113393,-1,0.99,0.010000000000000009,1005355.5011051942,
2025-06-17,111.8606185913086,131.4256591796875,0.9991626638327434,-1,0.99,0.010000000000000009,1003432.4969548036,
2025-06-18,113.78097534179688,131.9070587158203,0.9992810595449384,-1,0.99,0.010000000000000009,1006310.4113835145,
2025-06-19,112.82080078125,131.4256591796875,0.9980295459373936,-1,0.99,0.010000000000000009,1005352.8613346864,
2025-06-20,112.82080078125,131.4256591796875,0.9405025385427953,-1,0.99,0.010000000000000009,1005352.8613346864,
2025-06-23,111.8606185913086,131.4256591796875,0.902336459764661,-1,0.99,0.010000000000000009,1003432.4969548036,
2025-06-24,108.01991271972656,130.46282958984375,0.886588482373768,-1,0.99,0.010000000000000009,997676.744391327,
2025-06-25,111.38053131103516,131.9070587158203,0.9881732986674832,-1,0.99,0.010000000000000009,1001509.5233219911,
2025-06-26,109.4601821899414,131.9070587158203,0.9620331759305484,-1,0.99,0.010000000000000009,997668.8250798036,
2025-06-27,111.38053131103516,131.4256591796875,0.9652158863803435,-1,0.99,0.010000000000000009,1002472.3223942567,
2025-06-30,110.42035675048828,129.98141479492188,0.8093099051701144,-1,0.99,0.010000000000000009,1003440.4620426942,
2025-07-01,109.94026947021484,129.98141479492188,0.7555060097384398,-1,0.99,0.010000000000000009,1002480.2874821473,
2025-07-02,109.94026947021484,129.5,0.7627672756949766,-1,0.99,0.010000000000000009,1003443.1170719911,
2025-07-03,111.38053131103516,131.0,0.698765454326711,-1,0.99,0.010000000000000009,1003323.6407536317,
2025-07-04,111.8606185913086,130.5,0.7326139266414486,-1,0.99,0.010000000000000009,1005283.8153141786,
2025-07-07,108.5,130.0,0.5369056881256132,-1,0.99,0.010000000000000009,999562.5781315614,
2025-07-08,108.5,129.0,0.8969033681701886,-1,0.99,0.010000000000000009,1001562.5781315614,
2025-07-09,106.5,128.0,0.6895299034620702,-1,0.99,0.010000000000000009,999562.5781315614,
2025-07-10,107.0,130.0,0.796327547433298,-1,0.99,0.010000000000000009,996562.5781315614,
2025-07-11,107.0,130.5,0.9476403299059467,-1,0.99,0.010000000000000009,995562.5781315614,
2025-07-14,108.0,130.5,0.9725133432567712,-1,0.99,0.010000000000000009,997562.5781315614,
2025-07-15,107.0,129.5,0.9089667112648416,-1,0.99,0.010000000000000009,997562.5781315614,
2025-07-16,106.5,130.5,0.7756472617373698,-1,0.99,0.010000000000000009,994562.5781315614,
2025-07-17,106.5,130.5,0.9485190366027392,-1,0.99,0.010000000000000009,994562.5781315614,
2025-07-18,106.0,129.0,0.8717179923328737,-1,0.99,0.010000000000000009,996562.5781315614,
2025-07-21,106.5,129.0,0.7514007609457323,-1,0.99,0.010000000000000009,997562.5781315614,
2025-07-22,106.0,130.5,0.4940453830339997,0,0.99,0.010000000000000009,993493.1181315614,Close
2025-07-23,107.0,130.0,0.9026322653545286,0,0.99,0.010000000000000009,993493.1181315614,
2025-07-24,107.0,129.5,0.450415305394312,0,0.99,0.010000000000000009,993493.1181315614,
2025-07-25,105.5,129.0,0.27871387179385937,0,0.99,0.010000000000000009,993493.1181315614,
2025-07-28,106.0,129.5,0.42764631267525305,0,0.99,0.010000000000000009,993493.1181315614,
2025-07-29,106.0,129.0,0.43852648301900105,0,0.99,0.010000000000000009,993493.1181315614,
2025-07-30,107.5,129.5,0.15039237810730416,0,0.99,0.010000000000000009,993493.1181315614,
2025-07-31,105.5,129.0,0.11630045083953255,0,0.99,0.010000000000000009,993493.1181315614,
2025-08-01,105.5,129.0,0.25170571254835705,0,0.99,0.010000000000000009,993493.1181315614,
2025-08-04,107.0,131.0,0.14434360582922268,0,0.99,0.010000000000000009,993493.1181315614,
2025-08-05,106.5,132.0,0.46776224134113903,0,0.99,0.010000000000000009,993493.1181315614,
2025-08-06,107.0,132.5,0.8607271566747405,0,0.99,0.010000000000000009,993493.1181315614,
2025-08-07,106.5,132.5,0.8589250309838621,0,0.99,0.010000000000000009,993493.1181315614,
2025-08-08,107.5,134.0,0.8471266572580538,0,0.99,0.010000000000000009,993493.1181315614,
2025-08-11,106.5,134.5,0.934368206743139,0,0.99,0.010000000000000009,993493.1181315614,
2025-08-12,107.0,135.0,0.9719042374170226,0,0.99,0.010000000000000009,993493.1181315614,
2025-08-13,106.5,134.5,0.9619648185549539,0,0.99,0.010000000000000009,993493.1181315614,
2025-08-14,106.0,134.5,0.9315104444138443,0,0.99,0.010000000000000009,993493.1181315614,
2025-08-15,107.0,135.0,0.9353328456945526,0,0.99,0.010000000000000009,993493.1181315614,
2025-08-18,108.5,137.0,0.8698865888456689,0,0.99,0.010000000000000009,993493.1181315614,
2025-08-19,108.0,138.0,0.9998620973507156,-1,0.99,0.010000000000000009,993423.2781315615,Short Spread
2025-08-20,108.0,136.5,0.9998819180975625,-1,0.99,0.010000000000000009,996423.2781315615,
2025-08-21,108.5,137.5,0.9423418973118857,-1,0.99,0.010000000000000009,995423.2781315615,
2025-08-22,108.0,136.0,0.9685095361888447,-1,0.99,0.010000000000000009,997423.2781315615,
2025-08-25,107.0,135.5,0.7089940272772686,-1,0.99,0.010000000000000009,996423.2781315615,
2025-08-26,106.5,133.5,0.6213053593633014,-1,0.99,0.010000000000000009,999423.2781315615,
2025-08-27,106.0,134.0,0.2839177785210768,0,0.99,0.010000000000000009,997353.6781315615,Close
2025-08-28,106.0,133.0,0.3928524344723301,0,0.99,0.010000000000000009,997353.6781315615,
2025-08-29,106.5,132.5,0.17775427996146892,0,0.99,0.010000000000000009,997353.6781315615,
2025-09-01,106.5,134.0,0.04112368572814037,0,0.99,0.010000000000000009,997353.6781315615,
2025-09-02,107.0,135.0,0.17855391962190104,0,0.99,0.010000000000000009,997353.6781315615,
2025-09-03,106.5,134.0,0.33915369092294045,0,0.99,0.010000000000000009,997353.6781315615,
2025-09-04,106.5,135.0,0.13317476869043376,0,0.99,0.010000000000000009,997353.6781315615,
2025-09-05,106.0,134.5,0.29074016123183005,0,0.99,0.010000000000000009,997353.6781315615,
2025-09-08,107.0,134.5,0.2714871846423852,0,0.99,0.010000000000000009,997353.6781315615,
2025-09-09,107.5,135.5,0.12757111419123718,0,0.99,0.010000000000000009,997353.6781315615,
2025-09-10,107.0,135.5,0.2778101183544143,0,0.99,0.010000000000000009,997353.6781315615,
2025-09-11,106.5,134.5,0.3637475654451414,0,0.99,0.010000000000000009,997353.6781315615,
2025-09-12,107.5,135.5,0.12366329172513968,0,0.99,0.010000000000000009,997353.6781315615,
2025-09-15,107.0,135.0,0.18577108942779047,0,0.99,0.010000000000000009,997353.6781315615,
2025-09-16,106.5,134.0,0.15612981667188675,0,0.99,0.010000000000000009,997353.6781315615,
2025-09-17,106.0,134.5,0.06837055527996047,0,0.99,0.010000000000000009,997353.6781315615,
2025-09-18,106.5,134.0,0.15839805081668867,0,0.99,0.010000000000000009,997353.6781315615,
2025-09-19,105.5,134.0,0.07312602796355962,0,0.99,0.010000000000000009,997353.6781315615,
2025-09-22,106.0,133.5,0.12630924469347332,0,0.99,0.010000000000000009,997353.6781315615,
2025-09-23,106.0,133.5,0.03267796882597677,0,0.99,0.010000000000000009,997353.6781315615,
2025-09-24,106.5,134.5,0.026210656151894735,0,0.99,0.010000000000000009,997353.6781315615,
2025-09-25,106.0,133.5,0.1129719115016663,0,0.99,0.010000000000000009,997353.6781315615,
2025-09-26,107.0,134.5,0.027494541475672717,0,0.99,0.010000000000000009,997353.6781315615,
2025-09-30,109.0,133.5,0.03319928564157112,0,0.99,0.010000000000000009,997353.6781315615,
2025-10-01,108.5,134.5,0.006479646161284481,1,0.99,0.010000000000000009,997283.9581315615,Long Spread
2025-10-02,108.5,133.0,0.13332815773501772,1,0.99,0.010000000000000009,994283.9581315615,
2025-10-03,109.0,133.0,0.008019526950547798,1,0.99,0.010000000000000009,993283.9581315615,
2025-10-07,110.0,133.0,0.01155558008283112,1,0.99,0.010000000000000009,991283.9581315615,
2025-10-08,110.5,133.5,0.01792207137870469,1,0.99,0.010000000000000009,991283.9581315615,
2025-10-09,110.5,133.0,0.11937955986849641,1,0.99,0.010000000000000009,990283.9581315615,
2025-10-13,110.5,132.5,0.031214952160593844,1,0.99,0.010000000000000009,989283.9581315615,
2025-10-14,110.5,132.5,0.034880156448216924,1,0.99,0.010000000000000009,989283.9581315615,
2025-10-15,109.0,131.5,0.03692842244677036,1,0.99,0.010000000000000009,990283.9581315615,
2025-10-16,110.0,132.0,0.0314565991099933,1,0.99,0.010000000000000009,989283.9581315615,
2025-10-17,111.5,133.0,0.07460585185447523,1,0.99,0.010000000000000009,988283.9581315615,
2025-10-20,111.5,133.0,0.4136838318005302,1,0.99,0.010000000000000009,988283.9581315615,
2025-10-21,111.0,133.0,0.29084153479594066,1,0.99,0.010000000000000009,989283.9581315615,
2025-10-22,112.0,133.5,0.23444363086699443,1,0.99,0.010000000000000009,988283.9581315615,
2025-10-23,112.5,134.0,0.7394711331034567,0,0.99,0.010000000000000009,988214.0981315615,Close
2025-10-27,111.0,132.0,0.8507373041159663,0,0.99,0.010000000000000009,988214.0981315615,
2025-10-28,111.5,132.0,0.06513633390304134,0,0.99,0.010000000000000009,988214.0981315615,
2025-10-29,111.0,132.0,0.12200906644851084,0,0.99,0.010000000000000009,988214.0981315615,
2025-10-30,110.0,131.5,0.045011263601674026,0,0.99,0.010000000000000009,988214.0981315615,
2025-10-31,109.5,131.0,0.009230487973899023,1,0.99,0.010000000000000009,988144.4781315615,Long Spread
2025-11-03,110.5,131.5,0.00556170171982646,1,0.99,0.010000000000000009,987144.4781315615,
2025-11-04,110.5,131.0,0.056092968270785463,1,0.99,0.010000000000000009,986144.4781315615,
2025-11-05,109.5,132.0,0.02831969277561242,1,0.99,0.010000000000000009,990144.4781315615,
2025-11-06,110.0,131.5,0.0760367676858141,1,0.99,0.010000000000000009,988144.4781315615,
2025-11-07,111.0,132.5,0.0667818088069898,1,0.99,0.010000000000000009,988144.4781315615,
2025-11-10,110.5,133.0,0.3189150533607096,1,0.99,0.010000000000000009,990144.4781315615,
2025-11-11,110.0,132.0,0.31648516205952504,1,0.99,0.010000000000000009,989144.4781315615,
2025-11-12,111.0,132.0,0.1530232884725916,1,0.99,0.010000000000000009,987144.4781315615,
2025-11-13,108.5,131.5,0.2987548590817414,1,0.99,0.010000000000000009,991144.4781315615,
2025-11-14,108.5,131.5,0.04284303682175211,1,0.99,0.010000000000000009,991144.4781315615,
2025-11-17,108.0,132.0,0.053500824413516807,1,0.99,0.010000000000000009,993144.4781315615,
2025-11-18,107.0,131.0,0.13581268802302504,1,0.99,0.010000000000000009,993144.4781315615,
2025-11-19,106.5,130.5,0.006921801606605343,1,0.99,0.010000000000000009,993144.4781315615,
2025-11-20,108.0,132.0,0.0009728040036290771,1,0.99,0.010000000000000009,993144.4781315615,
2025-11-21,107.0,131.5,0.2465664423173174,1,0.99,0.010000000000000009,994144.4781315615,
2025-11-24,108.0,132.0,0.12013193975339004,1,0.99,0.010000000000000009,993144.4781315615,
2025-11-25,107.5,131.0,0.2880438259977915,1,0.99,0.010000000000000009,992144.4781315615,
2025-11-26,109.0,131.0,0.07786119114798842,1,0.99,0.010000000000000009,989144.4781315615,
2025-11-27,108.5,131.0,0.1637584768618472,1,0.99,0.010000000000000009,990144.4781315615,
2025-11-28,108.0,130.5,0.1591465411483567,1,0.99,0.010000000000000009,990144.4781315615,
2025-12-01,107.0,130.0,0.05848586817142278,1,0.99,0.010000000000000009,991144.4781315615,
2025-12-02,106.5,130.0,0.011876186296529206,1,0.99,0.010000000000000009,992144.4781315615,
2025-12-03,106.0,130.0,0.018621304509544634,1,0.99,0.010000000000000009,993144.4781315615,
2025-12-04,105.5,129.5,0.04770833901286549,1,0.99,0.010000000000000009,993144.4781315615,
2025-12-05,105.0,130.0,0.010355620982843608,1,0.99,0.010000000000000009,995144.4781315615,
2025-12-08,105.0,129.5,0.12375129892344516,1,0.99,0.010000000000000009,994144.4781315615,
2025-12-09,104.5,130.0,0.05803345319253041,1,0.99,0.010000000000000009,996144.4781315615,
2025-12-10,104.5,129.5,0.3207573754562322,1,0.99,0.010000000000000009,995144.4781315615,
2025-12-11,106.0,130.0,0.1819114365063081,1,0.99,0.010000000000000009,993144.4781315615,
2025-12-12,105.5,130.5,0.36485753381288194,1,0.99,0.010000000000000009,995144.4781315615,
2025-12-15,105.0,130.5,0.6349938889229014,0,0.99,0.010000000000000009,996075.0581315615,Close
2025-12-16,105.0,130.5,0.6757135441164952,0,0.99,0.010000000000000009,996075.0581315615,
2025-12-17,104.5,129.5,0.7033570690017359,0,0.99,0.010000000000000009,996075.0581315615,
2025-12-18,104.5,130.0,0.4307801774043959,0,0.99,0.010000000000000009,996075.0581315615,
2025-12-19,106.0,131.0,0.7072338214255784,0,0.99,0.010000000000000009,996075.0581315615,
2025-12-22,107.0,130.5,0.8485836154555908,0,0.99,0.010000000000000009,996075.0581315615,
2025-12-23,106.5,130.5,0.7441548085548877,0,0.99,0.010000000000000009,996075.0581315615,
2025-12-24,108.5,130.5,0.8083158717648162,0,0.99,0.010000000000000009,996075.0581315615,
2025-12-26,111.5,131.5,0.7356731653960215,0,0.99,0.010000000000000009,996075.0581315615,
2025-12-29,109.5,132.0,0.9000243799534351,0,0.99,0.010000000000000009,996075.0581315615,
2025-12-30,110.5,131.0,0.9938690192734193,-1,0.99,0.010000000000000009,996005.3981315615,Short Spread
2025-12-31,108.5,130.5,0.8468054387867217,-1,0.99,0.010000000000000009,993005.3981315615,
2026-01-02,108.0,132.0,0.7824884710282931,-1,0.99,0.010000000000000009,989005.3981315615,
2026-01-05,107.0,133.0,0.9999092125817478,-1,0.99,0.010000000000000009,985005.3981315615,
2026-01-06,107.0,132.5,0.9998558243595694,-1,0.99,0.010000000000000009,986005.3981315615,
2026-01-07,107.0,133.0,0.992385680215847,-1,0.99,0.010000000000000009,985005.3981315615,
2026-01-08,107.0,133.5,0.9995496252180373,-1,0.99,0.010000000000000009,984005.3981315615,
2026-01-09,107.5,133.5,0.9994027372233943,-1,0.99,0.010000000000000009,985005.3981315615,
2026-01-12,107.5,133.5,0.9863247031513591,-1,0.99,0.010000000000000009,985005.3981315615,
2026-01-13,107.0,133.5,0.9706147949726618,-1,0.99,0.010000000000000009,984005.3981315615,
2026-01-14,107.5,133.0,0.955677453485165,-1,0.99,0.010000000000000009,986005.3981315615,
2026-01-15,108.0,133.5,0.9023187370934269,-1,0.99,0.010000000000000009,986005.3981315615,
2026-01-16,108.0,133.0,0.9290851840842341,-1,0.99,0.010000000000000009,987005.3981315615,
2026-01-19,108.5,134.0,0.8565812450783414,-1,0.99,0.010000000000000009,986005.3981315615,
2026-01-20,107.5,133.0,0.9988304834857245,-1,0.99,0.010000000000000009,986005.3981315615,
2026-01-21,107.5,133.0,0.8549898948287724,-1,0.99,0.010000000000000009,986005.3981315615,
2026-01-22,107.5,133.0,0.8106426516434087,-1,0.99,0.010000000000000009,986005.3981315615,
2026-01-23,107.5,134.0,0.7907034956033685,-1,0.99,0.010000000000000009,984005.3981315615,
2026-01-26,107.5,134.0,0.9821621917911272,-1,0.99,0.010000000000000009,984005.3981315615,
2026-01-27,106.5,133.0,0.9628087661952527,-1,0.99,0.010000000000000009,984005.3981315615,
2026-01-28,106.0,133.5,0.7668236848085477,-1,0.99,0.010000000000000009,982005.3981315615,
2026-01-29,105.5,133.5,0.8945629009486862,-1,0.99,0.010000000000000009,981005.3981315615,
2026-01-30,105.5,133.5,0.8948798276621799,-1,0.99,0.010000000000000009,981005.3981315615,
2026-02-02,105.0,133.0,0.8765491245680082,-1,0.99,0.010000000000000009,981005.3981315615,
2026-02-03,105.0,133.5,0.7662449758202431,-1,0.99,0.010000000000000009,980005.3981315615,
2026-02-04,104.5,133.0,0.8774614075860208,-1,0.99,0.010000000000000009,980005.3981315615,
2026-02-05,105.0,132.5,0.7523921510385339,-1,0.99,0.010000000000000009,982005.3981315615,
2026-02-06,105.5,133.0,0.6867392855778756,-1,0.99,0.010000000000000009,982005.3981315615,
2026-02-09,105.0,132.0,0.650634451609427,-1,0.99,0.010000000000000009,983005.3981315615,
2026-02-10,105.5,132.5,0.6061170848047506,-1,0.99,0.010000000000000009,983005.3981315615,
2026-02-11,106.5,133.0,0.5609914357181283,-1,0.99,0.010000000000000009,984005.3981315615,
2026-02-23,107.5,135.0,0.4782346828439592,0,0.99,0.010000000000000009,981935.6981315615,Close
2026-02-24,108.0,135.5,0.9956814332202168,-1,0.99,0.010000000000000009,981865.9581315615,Short Spread
2026-02-25,108.5,136.0,0.9940131767737304,-1,0.99,0.010000000000000009,981865.9581315615,
2026-02-26,107.5,134.0,0.9937374923257699,-1,0.99,0.010000000000000009,983865.9581315615,
2026-03-02,108.5,138.0,0.5976472930131334,-1,0.99,0.010000000000000009,977865.9581315615,
2026-03-03,108.5,138.0,0.9956415680387936,-1,0.99,0.010000000000000009,977865.9581315615,
2026-03-04,108.0,135.5,0.9367081269464756,-1,0.99,0.010000000000000009,981865.9581315615,
2026-03-05,107.5,137.0,0.8094304607182284,-1,0.99,0.010000000000000009,977865.9581315615,
2026-03-06,108.0,136.5,0.9384291309598951,-1,0.99,0.010000000000000009,979865.9581315615,
2026-03-09,107.5,136.0,0.7992801080935372,-1,0.99,0.010000000000000009,979865.9581315615,
2026-03-10,106.5,135.0,0.8270891645906868,-1,0.99,0.010000000000000009,979865.9581315615,
2026-03-11,106.0,135.5,0.8184402471783392,-1,0.99,0.010000000000000009,977865.9581315615,
2026-03-12,106.0,136.0,0.9257185329022327,-1,0.99,0.010000000000000009,976865.9581315615,
2026-03-13,106.5,136.0,0.9274679323577929,-1,0.99,0.010000000000000009,977865.9581315615,
2026-03-16,108.0,136.5,0.8626574363582331,-1,0.99,0.010000000000000009,979865.9581315615,
2026-03-17,109.5,137.0,0.744579008896203,-1,0.99,0.010000000000000009,981865.9581315615,
2026-03-18,110.0,137.5,0.4829598856181462,0,0.99,0.010000000000000009,981796.0581315615,Close
2026-03-19,109.5,135.5,0.6325384609799376,0,0.99,0.010000000000000009,981796.0581315615,
2026-03-20,109.0,134.0,0.15570019054494255,0,0.99,0.010000000000000009,981796.0581315615,
2026-03-23,109.0,134.0,0.02445867325863417,0,0.99,0.010000000000000009,981796.0581315615,
2026-03-24,109.5,134.0,0.03524450616119727,0,0.99,0.010000000000000009,981796.0581315615,
2026-03-25,109.0,135.0,0.033634797098261705,0,0.99,0.010000000000000009,981796.0581315615,
2026-03-26,109.0,134.5,0.18439376476745006,0,0.99,0.010000000000000009,981796.0581315615,
2026-03-27,109.5,134.0,0.1437538807274783,0,0.99,0.010000000000000009,981796.0581315615,
2026-03-30,109.0,134.0,0.05470887323378494,0,0.99,0.010000000000000009,981796.0581315615,
2026-03-31,109.0,133.0,0.06995442307677331,0,0.99,0.010000000000000009,981796.0581315615,
2026-04-01,109.5,134.0,0.025356703882545347,0,0.99,0.010000000000000009,981796.0581315615,
2026-04-02,109.5,134.0,0.04878874502190013,0,0.99,0.010000000000000009,981796.0581315615,
2026-04-07,109.5,134.0,0.045055400112401896,0,0.99,0.010000000000000009,981796.0581315615,
2026-04-08,109.5,134.0,0.04866340821193073,0,0.99,0.010000000000000009,981796.0581315615,
2026-04-09,110.0,135.0,0.03373832535121864,0,0.99,0.010000000000000009,981796.0581315615,
2026-04-10,110.0,135.5,0.20189252327192975,0,0.99,0.010000000000000009,981796.0581315615,
2026-04-13,110.0,134.5,0.2514076635658203,0,0.99,0.010000000000000009,981796.0581315615,
2026-04-14,110.0,135.0,0.11926915020211776,0,0.99,0.010000000000000009,981796.0581315615,
2026-04-15,110.0,135.5,0.20917283123840336,0,0.99,0.010000000000000009,981796.0581315615,
2026-04-16,110.0,136.5,0.2972019483967535,0,0.99,0.010000000000000009,981796.0581315615,
2026-04-17,112.5,137.5,0.6196937770228513,0,0.99,0.010000000000000009,981796.0581315615,
