Date,Price1,Price2,Indicator,Position,Upper,Lower,Equity,Action
2013-04-09,54.95660400390625,55.832786560058594,2.07729468150109,-1,2.0,-2.0,999935.5684243775,Short Spread
2013-04-10,53.972293853759766,55.832786560058594,2.9833167360042143,-1,2.0,-2.0,997966.9481240845,
2013-04-11,54.57381820678711,56.19571304321289,2.423504175025844,-1,2.0,-2.0,998444.1438638306,
2013-04-12,54.95660400390625,56.37718963623047,2.054548290797653,-1,2.0,-2.0,998846.7622720337,
2013-04-15,55.77684020996094,56.43768310546875,1.1990430775543852,-1,2.0,-2.0,1000366.2477456665,
2013-04-16,56.323673248291016,56.61914825439453,0.7398191644690747,-1,2.0,-2.0,1001096.9835244751,
2013-04-17,56.323673248291016,56.61914825439453,0.7153635171975355,-1,2.0,-2.0,1001096.9835244751,
2013-04-18,55.77684020996094,56.37718963623047,1.0684520467079346,-1,2.0,-2.0,1000487.2346841431,
2013-04-19,56.87050247192383,56.61914825439453,0.10831578718852508,-1,2.0,-2.0,1002190.6419717408,
2013-04-22,56.87050247192383,56.74013519287109,0.18808579387045976,-1,2.0,-2.0,1001948.6680947876,
2013-04-23,57.14392852783203,56.80063247680664,-0.04976238138985388,0,2.0,-2.0,1002309.9678562927,Close
2013-04-24,56.87050247192383,56.74013519287109,0.18002493084304252,0,2.0,-2.0,1002309.9678562927,
2013-04-25,56.87050247192383,56.74013519287109,0.17143358710075193,0,2.0,-2.0,1002309.9678562927,
2013-04-26,56.87050247192383,56.92159652709961,0.28809451022013693,0,2.0,-2.0,1002309.9678562927,
2013-04-29,58.23759078979492,57.16355895996094,-0.9805246817581106,0,2.0,-2.0,1002309.9678562927,
2013-04-30,58.784423828125,56.74013519287109,-1.8618152275859556,0,2.0,-2.0,1002309.9678562927,
2013-05-02,59.33125686645508,57.46601104736328,-1.8727992845994879,0,2.0,-2.0,1002309.9678562927,
2013-05-03,60.15150451660156,57.587005615234375,-2.545872351629182,1,2.0,-2.0,1002245.2583158874,Long Spread
2013-05-06,59.87808227539063,57.52650833129883,-2.22453411188156,1,2.0,-2.0,1002671.1082304382,
2013-05-07,59.05783462524414,57.52650833129883,-1.3755332766498638,1,2.0,-2.0,1004311.6035307312,
2013-05-08,59.87808227539063,57.889442443847656,-1.8789434807197596,1,2.0,-2.0,1003396.9764555359,
2013-05-09,60.15150451660156,58.0709342956543,-1.9540073748085018,1,2.0,-2.0,1003213.1156767273,
2013-05-10,60.15150451660156,58.0709342956543,-1.867104052965599,1,2.0,-2.0,1003213.1156767273,
2013-05-13,60.15150451660156,58.01043701171875,-1.8247704968839775,1,2.0,-2.0,1003092.1211088562,
2013-05-14,60.15150451660156,58.0709342956543,-1.7380248160682976,1,2.0,-2.0,1003213.1156767273,
2013-05-15,64.25274658203125,58.79681396484375,-4.019287153847446,1,2.0,-2.0,996462.3908842468,
2013-05-16,63.97933197021485,58.97828674316406,-3.3004755436135684,1,2.0,-2.0,997372.1656645202,
2013-05-17,63.15908050537109,58.97828674316406,-2.5624604194919476,1,2.0,-2.0,999012.6685942077,
2013-05-20,62.612247467041016,58.97828674316406,-2.1032053626295375,1,2.0,-2.0,1000106.3346708679,
2013-05-21,62.33883666992188,59.34122085571289,-1.7119349264274941,1,2.0,-2.0,1001379.0244902038,
2013-05-22,62.06541061401367,59.4017219543457,-1.4709599169410281,1,2.0,-2.0,1002046.8787992859,
2013-05-23,62.06541061401367,59.03877258300781,-1.5533278063118965,1,2.0,-2.0,1001320.9800566101,
2013-05-24,61.7920036315918,58.373382568359375,-1.5994048556609282,1,2.0,-2.0,1000537.013992157,
2013-05-27,62.33883666992188,58.67584228515625,-1.7082092773467044,1,2.0,-2.0,1000048.2673490905,
2013-05-28,62.88565826416016,58.67584228515625,-1.9002738323330959,1,2.0,-2.0,998954.624160614,
2013-05-29,63.15908050537109,58.736328125,-1.9177876209696139,1,2.0,-2.0,998528.7513578796,
2013-05-30,59.87808227539063,57.8289680480957,-0.5912756664012296,1,2.0,-2.0,1003276.027664032,
2013-05-31,59.87808227539063,57.76847839355469,-0.5994778566036286,1,2.0,-2.0,1003155.0483549499,
2013-06-03,59.87808227539063,57.46601104736328,-0.6899259216097836,1,2.0,-2.0,1002550.1136625671,
2013-06-04,58.784423828125,57.40553665161133,-0.17041400702853465,1,2.0,-2.0,1004616.4817655944,
2013-06-05,59.05783462524414,57.16355895996094,-0.3819283757957468,1,2.0,-2.0,1003585.7047880554,
2013-06-06,59.60466766357422,57.16355895996094,-0.6378368599715869,1,2.0,-2.0,1002492.0387113952,
2013-06-07,60.698333740234375,57.46601104736328,-1.0374439865743716,1,2.0,-2.0,1000909.6107328796,
2013-06-10,60.698333740234375,57.587005615234375,-0.9697063626269897,1,2.0,-2.0,1001151.5998686218,
2013-06-11,60.4249153137207,57.587005615234375,-0.81315353844221,1,2.0,-2.0,1001698.4367216491,
2013-06-13,57.14392852783203,57.16355895996094,0.6134219800547196,0,2.0,-2.0,1007348.9446833801,Close
2013-06-14,60.15150451660156,57.22405624389648,-0.7843204173326215,0,2.0,-2.0,1007348.9446833801,
2013-06-17,60.698333740234375,57.587005615234375,-0.8923079712338784,0,2.0,-2.0,1007348.9446833801,
2013-06-18,61.24516296386719,58.0709342956543,-0.9566606732113475,0,2.0,-2.0,1007348.9446833801,
2013-06-19,61.24516296386719,57.889442443847656,-0.9857684860307462,0,2.0,-2.0,1007348.9446833801,
2013-06-20,61.518585205078125,57.647491455078125,-1.1618594075969342,0,2.0,-2.0,1007348.9446833801,
2013-06-21,59.60466766357422,57.46601104736328,-0.2788759929809883,0,2.0,-2.0,1007348.9446833801,
2013-06-24,60.698333740234375,57.52650833129883,-0.7648700879922876,0,2.0,-2.0,1007348.9446833801,
2013-06-25,60.97175598144531,57.76847839355469,-0.786576585366029,0,2.0,-2.0,1007348.9446833801,
2013-06-26,60.698333740234375,57.647491455078125,-0.6679032059827283,0,2.0,-2.0,1007348.9446833801,
2013-06-27,60.698333740234375,58.01043701171875,-0.5138725855778156,0,2.0,-2.0,1007348.9446833801,
2013-06-28,64.79956817626953,61.70037078857422,-1.2204892369491895,0,2.0,-2.0,1007348.9446833801,
2013-07-01,62.06541061401367,59.2807502746582,-0.6834799553038554,0,2.0,-2.0,1007348.9446833801,
2013-07-02,62.88565826416016,59.22025680541992,-1.087658622364368,0,2.0,-2.0,1007348.9446833801,
2013-07-03,62.612247467041016,59.15975570678711,-0.9395811988954181,0,2.0,-2.0,1007348.9446833801,
2013-07-04,62.612247467041016,59.34122085571289,-0.8470144310446795,0,2.0,-2.0,1007348.9446833801,
2013-07-05,63.97933197021485,60.006629943847656,-1.3057242010811954,0,2.0,-2.0,1007348.9446833801,
2013-07-08,63.69242477416992,59.70417404174805,-1.25154651431853,0,2.0,-2.0,1007348.9446833801,
2013-07-09,62.83172225952149,60.12761688232422,-0.5663195296967253,0,2.0,-2.0,1007348.9446833801,
2013-07-10,62.83172225952149,60.12761688232422,-0.5414883822363185,0,2.0,-2.0,1007348.9446833801,
2013-07-11,63.69242477416992,60.36958312988281,-0.9445014627924349,0,2.0,-2.0,1007348.9446833801,
2013-07-12,63.40550994873047,60.49055480957031,-0.6834483837543343,0,2.0,-2.0,1007348.9446833801,
2013-07-15,63.69242477416992,60.4300537109375,-0.885493249765674,0,2.0,-2.0,1007348.9446833801,
2013-07-16,63.69242477416992,60.36958312988281,-0.8911682296814516,0,2.0,-2.0,1007348.9446833801,
2013-07-17,63.40550994873047,57.70798873901367,-1.9720835329274697,0,2.0,-2.0,1007348.9446833801,
2013-07-18,63.69242477416992,57.889442443847656,-2.016860135327546,1,2.0,-2.0,1007284.0814086914,Long Spread
2013-07-19,63.40550994873047,57.76847839355469,-1.834478983123214,1,2.0,-2.0,1007615.9829589843,
2013-07-22,64.26622772216797,58.373382568359375,-2.0950226426017147,1,2.0,-2.0,1007104.3557617187,
2013-07-23,66.56146240234375,58.494361877441406,-3.4248750191423327,1,2.0,-2.0,1002755.8450195312,
2013-07-24,64.26622772216797,57.94994735717773,-2.0134024931985075,1,2.0,-2.0,1006257.4853393554,
2013-07-25,62.54480743408203,57.8289680480957,-0.8583396748672006,1,2.0,-2.0,1009458.3672973632,
2013-07-26,63.11862182617188,57.8289680480957,-1.2140376435616171,1,2.0,-2.0,1008310.7385131835,
2013-07-29,62.25791549682617,57.889442443847656,-0.5681195686381326,1,2.0,-2.0,1010153.0999633789,
2013-07-30,62.83172225952149,57.76847839355469,-0.9917176331362403,1,2.0,-2.0,1008763.5583374023,
2013-07-31,62.54480743408203,58.01043701171875,-0.6482312145309912,1,2.0,-2.0,1009821.3052246093,
2013-08-01,63.11862182617188,57.40553665161133,-1.3082752931836117,1,2.0,-2.0,1007463.8757202148,
2013-08-02,63.11862182617188,57.46601104736328,-1.2350506708563984,1,2.0,-2.0,1007584.8245117187,
2013-08-05,62.54480743408203,57.587005615234375,-0.7467313263981414,1,2.0,-2.0,1008974.4424316406,
2013-08-06,61.11029815673828,57.10307312011719,0.039353902261142285,0,2.0,-2.0,1010810.8674612426,Close
2013-08-07,60.82339096069336,56.74013519287109,0.07988819295689285,0,2.0,-2.0,1010810.8674612426,
2013-08-08,61.39720153808594,56.61914825439453,-0.4173113072896948,0,2.0,-2.0,1010810.8674612426,
2013-08-09,60.82339096069336,56.55866622924805,-0.04725255407132425,0,2.0,-2.0,1010810.8674612426,
2013-08-12,61.971004486083984,56.861114501953125,-0.7299902439802624,0,2.0,-2.0,1010810.8674612426,
2013-08-13,63.11862182617188,56.861114501953125,-1.5195780634704938,0,2.0,-2.0,1010810.8674612426,
2013-08-14,62.54480743408203,56.74013519287109,-1.1310835646468091,0,2.0,-2.0,1010810.8674612426,
2013-08-15,61.6841049194336,56.49817657470703,-0.6187685482096098,0,2.0,-2.0,1010810.8674612426,
2013-08-16,62.83172225952149,56.861114501953125,-1.2122641816134991,0,2.0,-2.0,1010810.8674612426,
2013-08-19,61.971004486083984,56.49817657470703,-0.765828158806873,0,2.0,-2.0,1010810.8674612426,
2013-08-20,61.39720153808594,56.49817657470703,-0.3550134173065879,0,2.0,-2.0,1010810.8674612426,
2013-08-22,60.82339096069336,56.31669998168945,-0.047343932671974835,0,2.0,-2.0,1010810.8674612426,
2013-08-23,60.24958419799805,56.37718963623047,0.372019760828553,0,2.0,-2.0,1010810.8674612426,
2013-08-26,60.24958419799805,56.67965316772461,0.5447613547963333,0,2.0,-2.0,1010810.8674612426,
2013-08-27,60.82339096069336,56.861114501953125,0.2505869600742471,0,2.0,-2.0,1010810.8674612426,
2013-08-28,61.11029815673828,56.55866622924805,-0.09167599692203293,0,2.0,-2.0,1010810.8674612426,
2013-08-29,61.39720153808594,56.74013519287109,-0.17620392922274958,0,2.0,-2.0,1010810.8674612426,
2013-08-30,61.971004486083984,57.22405624389648,-0.3238074704449283,0,2.0,-2.0,1010810.8674612426,
2013-09-02,61.6841049194336,57.0425910949707,-0.17510357666207416,0,2.0,-2.0,1010810.8674612426,
2013-09-03,60.536502838134766,56.92159652709961,0.6788134569106601,0,2.0,-2.0,1010810.8674612426,
2013-09-04,60.82339096069336,57.22405624389648,0.6290846099178314,0,2.0,-2.0,1010810.8674612426,
2013-09-05,61.11029815673828,57.34503936767578,0.48356178794736876,0,2.0,-2.0,1010810.8674612426,
2013-09-06,61.11029815673828,57.10307312011719,0.4507882534193135,0,2.0,-2.0,1010810.8674612426,
2013-09-09,60.82339096069336,57.22405624389648,0.8143156668934249,0,2.0,-2.0,1010810.8674612426,
2013-09-10,60.82339096069336,57.40553665161133,0.94270247228682,0,2.0,-2.0,1010810.8674612426,
2013-09-11,60.82339096069336,57.10307312011719,0.7480567953106839,0,2.0,-2.0,1010810.8674612426,
2013-09-12,60.82339096069336,56.861114501953125,0.5932242148483229,0,2.0,-2.0,1010810.8674612426,
2013-09-13,60.82339096069336,57.0425910949707,0.7091372359506489,0,2.0,-2.0,1010810.8674612426,
2013-09-16,61.39720153808594,57.40553665161133,0.4588231855152709,0,2.0,-2.0,1010810.8674612426,
2013-09-17,61.6841049194336,57.34503936767578,0.15615834188078134,0,2.0,-2.0,1010810.8674612426,
2013-09-18,60.82339096069336,57.40553665161133,1.0559402994362348,0,2.0,-2.0,1010810.8674612426,
2013-09-23,61.11029815673828,57.28455352783203,0.7047306112616534,0,2.0,-2.0,1010810.8674612426,
2013-09-24,61.11029815673828,56.861114501953125,0.4318579415887946,0,2.0,-2.0,1010810.8674612426,
2013-09-25,60.24958419799805,57.0425910949707,1.4035967572893537,0,2.0,-2.0,1010810.8674612426,
2013-09-26,59.38888168334961,56.61914825439453,1.9155360322881319,0,2.0,-2.0,1010810.8674612426,
2013-09-27,60.24958419799805,56.80063247680664,1.1636865974834671,0,2.0,-2.0,1010810.8674612426,
2013-09-30,60.24958419799805,57.28455352783203,1.4595954072219162,0,2.0,-2.0,1010810.8674612426,
2013-10-01,59.96269607543945,56.861114501953125,1.4109564998541608,0,2.0,-2.0,1010810.8674612426,
2013-10-02,59.38888168334961,56.55866622924805,1.6762915261901652,0,2.0,-2.0,1010810.8674612426,
2013-10-03,59.38888168334961,56.74013519287109,1.7175001193771977,0,2.0,-2.0,1010810.8674612426,
2013-10-04,59.675777435302734,56.861114501953125,1.50189391792504,0,2.0,-2.0,1010810.8674612426,
2013-10-07,59.96269607543945,56.67965316772461,1.1189878431582094,0,2.0,-2.0,1010810.8674612426,
2013-10-08,57.38057327270508,56.37718963623047,2.9201198808010607,-1,2.0,-2.0,1010746.3171507262,Short Spread
2013-10-09,56.23295593261719,56.31669998168945,3.378986931236006,-1,2.0,-2.0,1008572.0617796325,
2013-10-11,54.62628936767578,56.13523864746094,3.8028052048146592,-1,2.0,-2.0,1005721.6513182067,
2013-10-14,55.60175704956055,56.37718963623047,2.9791389887770756,-1,2.0,-2.0,1007188.6847044372,
2013-10-15,56.23295593261719,56.25621032714844,2.39509305579685,-1,2.0,-2.0,1008693.0410887145,
2013-10-16,56.69199752807617,56.55866622924805,2.1373206051658893,-1,2.0,-2.0,1009006.2124754332,
2013-10-17,55.42962265014648,56.55866622924805,2.616069089890048,-1,2.0,-2.0,1006481.4627195739,
2013-10-18,54.741058349609375,56.49817657470703,2.7261340123618933,-1,2.0,-2.0,1005225.3134275817,
2013-10-21,52.21631240844727,55.89326858520508,3.42467472571176,-1,2.0,-2.0,1001385.6375242614,
2013-10-22,50.66703414916992,54.804443359375,3.371243360163141,-1,2.0,-2.0,1000464.7314573668,
2013-10-23,53.76559066772461,55.832786560058594,2.236200092050869,-1,2.0,-2.0,1004605.158093109,
2013-10-24,53.0770149230957,56.0747299194336,2.4121855517751642,-1,2.0,-2.0,1002744.1198851012,
2013-10-25,53.65082550048828,55.832786560058594,2.0126059360821804,-1,2.0,-2.0,1004375.6277586364,
2013-10-28,54.22462463378906,56.37718963623047,1.8519089054900557,-1,2.0,-2.0,1004434.4198728942,
2013-10-29,54.22462463378906,56.37718963623047,1.7677303550581147,-1,2.0,-2.0,1004434.4198728942,
2013-10-30,56.806766510009766,57.10307312011719,1.0012200334819084,-1,2.0,-2.0,1008146.9366575622,
2013-10-31,57.6674690246582,57.22405624389648,0.699552697492924,-1,2.0,-2.0,1009626.3754393004,
2013-11-01,55.60175704956055,56.43768310546875,1.1970233099500847,-1,2.0,-2.0,1007067.6977659606,
2013-11-04,54.85581970214844,55.95375061035156,1.2929012219770617,-1,2.0,-2.0,1006543.6880613707,
2013-11-05,54.511531829833984,56.25621032714844,1.4337720195076933,-1,2.0,-2.0,1005250.1928831481,
2013-11-06,55.946044921875,56.43768310546875,0.9483107710253523,-1,2.0,-2.0,1007756.2735105895,
2013-11-07,56.00342559814453,56.25621032714844,0.855305129141045,-1,2.0,-2.0,1008233.9804197692,
2013-11-08,56.175567626953125,56.25621032714844,0.7683403591079843,-1,2.0,-2.0,1008578.2644773864,
2013-11-11,55.65914916992188,55.89326858520508,0.8301818537522611,-1,2.0,-2.0,1008271.3110472106,
2013-11-12,55.65914916992188,56.25621032714844,0.8916684133280919,-1,2.0,-2.0,1007545.4275633239,
2013-11-13,55.08534622192383,55.89326858520508,0.9715112459143658,-1,2.0,-2.0,1007123.7051512145,
2013-11-14,55.65914916992188,55.59081268310547,0.663304508946976,-1,2.0,-2.0,1008876.2228514098,
2013-11-15,55.142723083496094,55.59081268310547,0.8230310467476235,-1,2.0,-2.0,1007843.3706785582,
2013-11-18,55.142723083496094,55.59081268310547,0.7949463786529258,-1,2.0,-2.0,1007843.3706785582,
2013-11-19,55.31487274169922,55.832786560058594,0.7675235925806347,-1,2.0,-2.0,1007703.7222410582,
2013-11-20,56.00342559814453,55.53033065795898,0.4099253024558695,-1,2.0,-2.0,1009685.7397581481,
2013-11-21,55.37224197387695,55.28836441040039,0.5601760030136033,-1,2.0,-2.0,1008907.3050047301,
2013-11-22,55.20009994506836,55.34885025024414,0.6168850699267255,-1,2.0,-2.0,1008442.0492674254,
2013-11-25,55.08534622192383,55.34885025024414,0.6349036554623531,-1,2.0,-2.0,1008212.5418211364,
2013-11-26,54.62628936767578,56.13523864746094,0.9941922754961047,-1,2.0,-2.0,1005721.6513182067,
2013-11-27,55.08534622192383,55.95375061035156,0.7397927187215324,-1,2.0,-2.0,1007002.7411009215,
2013-11-28,55.142723083496094,55.95375061035156,0.6910808113275805,-1,2.0,-2.0,1007117.4948240661,
2013-11-29,55.60175704956055,56.13523864746094,0.5350709939531821,-1,2.0,-2.0,1007672.5866819762,
2013-12-02,55.65914916992188,56.0747299194336,0.4707647888325791,-1,2.0,-2.0,1007908.3883787536,
2013-12-03,54.62628936767578,55.832786560058594,0.7952925255356859,-1,2.0,-2.0,1006326.5554930114,
2013-12-04,55.02796173095703,55.59081268310547,0.5324240950795984,-1,2.0,-2.0,1007613.8479734801,
2013-12-05,54.798431396484375,55.53033065795898,0.5857415691520101,-1,2.0,-2.0,1007275.7513548278,
2013-12-06,54.511531829833984,55.59081268310547,0.7004696179734605,-1,2.0,-2.0,1006580.988171234,
2013-12-09,54.97057723999024,56.0747299194336,0.6251319157638118,-1,2.0,-2.0,1006531.2445188903,
2013-12-10,54.798431396484375,55.95375061035156,0.637665718093778,-1,2.0,-2.0,1006428.9114500426,
2013-12-11,55.20009994506836,56.19571304321289,0.5084934548229445,-1,2.0,-2.0,1006748.3236814879,
2013-12-12,54.97057723999024,55.95375061035156,0.5094702119220524,-1,2.0,-2.0,1006773.2031370543,
2013-12-13,54.97057723999024,55.832786560058594,0.44200118774018843,-1,2.0,-2.0,1007015.1312376403,
2013-12-16,53.9377326965332,55.59081268310547,0.846958166518855,-1,2.0,-2.0,1005433.3899046325,
2013-12-17,54.62628936767578,55.65130233764648,0.49102552017858553,-1,2.0,-2.0,1006689.5239378356,
2013-12-18,54.798431396484375,55.65130233764648,0.3708986323974979,-1,2.0,-2.0,1007033.8079954528,
2013-12-19,55.08534622192383,55.832786560058594,0.2513277408018429,-1,2.0,-2.0,1007244.6692015075,
2013-12-20,55.65914916992188,56.01424407958984,-0.04429378921897171,0,2.0,-2.0,1007964.8931227111,Close
2013-12-23,55.37224197387695,55.89326858520508,0.037102926730115025,0,2.0,-2.0,1007964.8931227111,
2013-12-24,55.31487274169922,55.89326858520508,0.03351602432179524,0,2.0,-2.0,1007964.8931227111,
2013-12-25,55.60175704956055,56.01424407958984,-0.1558274680060641,0,2.0,-2.0,1007964.8931227111,
2013-12-26,55.65914916992188,56.25621032714844,-0.12239602285658384,0,2.0,-2.0,1007964.8931227111,
2013-12-27,56.00342559814453,56.49817657470703,-0.3183462820921102,0,2.0,-2.0,1007964.8931227111,
2013-12-30,56.405086517333984,56.37718963623047,-0.833865496522501,0,2.0,-2.0,1007964.8931227111,
2013-12-31,55.25748825073242,56.31669998168945,0.11600799958694072,0,2.0,-2.0,1007964.8931227111,
2014-01-02,55.65914916992188,56.13523864746094,-0.48665105906783906,0,2.0,-2.0,1007964.8931227111,
2014-01-03,55.42962265014648,56.13523864746094,-0.25054715751980733,0,2.0,-2.0,1007964.8931227111,
2014-01-06,54.913204193115234,55.832786560058594,0.08980408333016847,0,2.0,-2.0,1007964.8931227111,
2014-01-07,54.56891632080078,55.7117919921875,0.36390871444678297,0,2.0,-2.0,1007964.8931227111,
2014-01-08,54.45415878295898,55.7117919921875,0.4683253960877488,0,2.0,-2.0,1007964.8931227111,
2014-01-09,54.052494049072266,55.7117919921875,0.8845482560692987,0,2.0,-2.0,1007964.8931227111,
2014-01-10,53.9377326965332,55.59081268310547,0.8953942226656673,0,2.0,-2.0,1007964.8931227111,
2014-01-13,54.45415878295898,55.65130233764648,0.37585816384420623,0,2.0,-2.0,1007964.8931227111,
2014-01-14,53.9377326965332,55.65130233764648,1.0680815086909083,0,2.0,-2.0,1007964.8931227111,
2014-01-15,53.65082550048828,55.65130233764648,1.7236230318136212,0,2.0,-2.0,1007964.8931227111,
2014-01-16,53.9377326965332,55.65130233764648,1.3375093996217104,0,2.0,-2.0,1007964.8931227111,
2014-01-17,54.16725158691406,55.65130233764648,1.120469246471476,0,2.0,-2.0,1007964.8931227111,
2014-01-20,53.36392211914063,55.53033065795898,2.2208859526395996,-1,2.0,-2.0,1007900.5373526,Short Spread
2014-01-21,53.0770149230957,55.59081268310547,2.6249376421886934,-1,2.0,-2.0,1007205.7589102172,
2014-01-22,52.50321960449219,55.59081268310547,3.215318289510733,-1,2.0,-2.0,1006058.1682730102,
2014-01-23,52.273685455322266,55.53033065795898,3.1377778312214613,-1,2.0,-2.0,1005720.0640249633,
2014-01-24,51.64250946044922,55.46982955932617,3.5179334382890497,-1,2.0,-2.0,1004578.7142324828,
2014-01-27,50.95394515991211,55.59081268310547,3.7880288592290965,-1,2.0,-2.0,1002959.61938385,
2014-02-05,48.773475646972656,54.62297058105469,4.319038442229882,-1,2.0,-2.0,1000534.3645620727,
2014-02-06,48.94562149047852,54.62297058105469,3.6210163706279848,-1,2.0,-2.0,1000878.6562490844,
2014-02-07,49.92109298706055,54.6834602355957,2.6870911204813446,-1,2.0,-2.0,1002708.6199331664,
2014-02-10,50.66703414916992,54.62297058105469,2.0183668966298063,-1,2.0,-2.0,1004321.4815664672,
2014-02-11,49.80632781982422,54.50198745727539,2.383875082226663,-1,2.0,-2.0,1002842.0351553344,
2014-02-12,50.4375114440918,54.86492919921875,2.026479779553655,-1,2.0,-2.0,1003378.5189199828,
2014-02-13,49.92109298706055,54.86492919921875,2.2131669815827744,-1,2.0,-2.0,1002345.6820059203,
2014-02-14,50.78180313110352,55.16738510131836,1.737579611608919,-1,2.0,-2.0,1003462.190489807,
2014-02-17,51.011322021484375,55.16738510131836,1.5386812134933234,-1,2.0,-2.0,1003921.2282705688,
2014-02-18,51.12607955932617,55.22786331176758,1.439709748606745,-1,2.0,-2.0,1004029.7869253539,
2014-02-19,52.04417037963867,55.53033065795898,0.9987475098974402,-1,2.0,-2.0,1005261.0338735961,
2014-02-20,52.21631240844727,55.22786331176758,0.7494525207850625,-1,2.0,-2.0,1006210.2526235961,
2014-02-21,53.01963806152344,55.46982955932617,0.3615937848382664,-1,2.0,-2.0,1007332.9714346313,
2014-02-24,52.61797332763672,55.53033065795898,0.5978980653797427,-1,2.0,-2.0,1006408.6397695922,
2014-02-25,51.64250946044922,55.28836441040039,1.0366723335367225,-1,2.0,-2.0,1004941.6445303344,
2014-02-26,51.69988250732422,55.28836441040039,0.9699577159330162,-1,2.0,-2.0,1005056.3906240844,
2014-02-27,52.273685455322266,55.65130233764648,0.7614205325754836,-1,2.0,-2.0,1005478.1206655883,
2014-03-03,51.3556022644043,55.46982955932617,1.1833104303915765,-1,2.0,-2.0,1004004.899840393,
2014-03-04,51.12607955932617,55.22786331176758,1.175444688986,-1,2.0,-2.0,1004029.7869253539,
2014-03-05,51.29822540283203,55.59081268310547,1.1843510831011506,-1,2.0,-2.0,1003648.1798696899,
2014-03-06,51.47036361694336,55.832786560058594,1.1455352125074822,-1,2.0,-2.0,1003508.5085440063,
2014-03-07,51.69988250732422,55.89326858520508,1.0043080138643525,-1,2.0,-2.0,1003846.582274475,
2014-03-10,51.872032165527344,55.89326858520508,0.8752543019578057,-1,2.0,-2.0,1004190.8815908813,
2014-03-11,52.21631240844727,56.25621032714844,0.7979011656553137,-1,2.0,-2.0,1004153.5585928344,
2014-03-12,52.1015510559082,56.25621032714844,0.8360903151329304,-1,2.0,-2.0,1003924.0358877563,
2014-03-13,52.21631240844727,56.37718963623047,0.7921457184518872,-1,2.0,-2.0,1003911.5999746703,
2014-03-14,52.1015510559082,55.77228164672852,0.5866617614277151,-1,2.0,-2.0,1004891.8932485961,
2014-03-17,52.50321960449219,55.95375061035156,0.40707738458628634,-1,2.0,-2.0,1005332.292418518,
2014-03-18,53.47867965698242,56.25621032714844,-0.055401957241547554,0,2.0,-2.0,1006613.9036943053,Close
2014-03-19,53.9377326965332,56.43768310546875,-0.26760073670452084,0,2.0,-2.0,1006613.9036943053,
2014-03-20,53.47867965698242,56.19571304321289,-0.10547474176409302,0,2.0,-2.0,1006613.9036943053,
2014-03-21,52.61797332763672,56.25621032714844,0.41501574855918344,0,2.0,-2.0,1006613.9036943053,
2014-03-24,53.24916076660156,56.19571304321289,-0.011848667015377045,0,2.0,-2.0,1006613.9036943053,
2014-03-25,53.30654525756836,56.67965316772461,0.14137700486126503,0,2.0,-2.0,1006613.9036943053,
2014-03-26,53.191776275634766,56.13523864746094,-0.05538061284931648,0,2.0,-2.0,1006613.9036943053,
2014-03-27,54.282005310058594,56.43768310546875,-0.6371028837472863,0,2.0,-2.0,1006613.9036943053,
2014-03-28,54.511531829833984,56.49817657470703,-0.7831467937832601,0,2.0,-2.0,1006613.9036943053,
2014-03-31,54.741058349609375,56.67965316772461,-0.8806247740361586,0,2.0,-2.0,1006613.9036943053,
2014-04-01,54.741058349609375,56.67965316772461,-0.9106795007564346,0,2.0,-2.0,1006613.9036943053,
2014-04-02,54.10987091064453,56.67965316772461,-0.5181547312144091,0,2.0,-2.0,1006613.9036943053,
2014-04-03,54.10987091064453,56.49817657470703,-0.6644854856181119,0,2.0,-2.0,1006613.9036943053,
2014-04-07,54.10987091064453,56.55866622924805,-0.6613549486248284,0,2.0,-2.0,1006613.9036943053,
2014-04-08,54.45415878295898,56.37718963623047,-1.0601666170974842,0,2.0,-2.0,1006613.9036943053,
2014-04-09,54.741058349609375,56.49817657470703,-1.2506921753799534,0,2.0,-2.0,1006613.9036943053,
2014-04-10,55.08534622192383,56.67965316772461,-1.4375335344212437,0,2.0,-2.0,1006613.9036943053,
2014-04-11,55.65914916992188,56.67965316772461,-1.8676338955368017,0,2.0,-2.0,1006613.9036943053,
2014-04-14,55.31487274169922,56.67965316772461,-1.590783647857783,0,2.0,-2.0,1006613.9036943053,
2014-04-15,55.946044921875,56.861114501953125,-1.925742691199734,0,2.0,-2.0,1006613.9036943053,
2014-04-16,55.888668060302734,56.861114501953125,-1.8324845273750026,0,2.0,-2.0,1006613.9036943053,
2014-04-17,55.77390670776367,57.0425910949707,-1.6356683117747113,0,2.0,-2.0,1006613.9036943053,
2014-04-18,55.888668060302734,57.16355895996094,-1.6225950970701333,0,2.0,-2.0,1006613.9036943053,
2014-04-21,55.42962265014648,57.10307312011719,-1.2965246577375233,0,2.0,-2.0,1006613.9036943053,
2014-04-22,55.08534622192383,57.10307312011719,-1.0440115035292057,0,2.0,-2.0,1006613.9036943053,
2014-04-23,55.08534622192383,57.16355895996094,-1.016863212617847,0,2.0,-2.0,1006613.9036943053,
2014-04-24,55.08534622192383,57.16355895996094,-1.0045228110980948,0,2.0,-2.0,1006613.9036943053,
2014-04-25,54.62628936767578,56.67965316772461,-0.9070556456295843,0,2.0,-2.0,1006613.9036943053,
2014-04-28,55.487003326416016,56.861114501953125,-1.3835945061197126,0,2.0,-2.0,1006613.9036943053,
2014-04-29,55.77390670776367,56.92159652709961,-1.4969381654709717,0,2.0,-2.0,1006613.9036943053,
2014-04-30,55.888668060302734,56.98209381103516,-1.4863328864518746,0,2.0,-2.0,1006613.9036943053,
2014-05-02,55.71652603149414,57.10307312011719,-1.266743738678668,0,2.0,-2.0,1006613.9036943053,
2014-05-05,55.37224197387695,56.861114501953125,-1.131574204637837,0,2.0,-2.0,1006613.9036943053,
2014-05-06,55.08534622192383,56.861114501953125,-0.9113937910045169,0,2.0,-2.0,1006613.9036943053,
2014-05-07,54.62628936767578,56.861114501953125,-0.549730673424287,0,2.0,-2.0,1006613.9036943053,
2014-05-08,55.83128356933594,56.92159652709961,-1.3726590004281916,0,2.0,-2.0,1006613.9036943053,
2014-05-09,55.37224197387695,57.34503936767578,-0.7791312381955345,0,2.0,-2.0,1006613.9036943053,
2014-05-12,54.68367767333984,56.861114501953125,-0.4899208188247123,0,2.0,-2.0,1006613.9036943053,
2014-05-13,54.85581970214844,57.10307312011719,-0.4638571742673298,0,2.0,-2.0,1006613.9036943053,
2014-05-14,54.913204193115234,57.34503936767578,-0.3439207649744375,0,2.0,-2.0,1006613.9036943053,
2014-05-15,55.65914916992188,57.22405624389648,-1.009259364548358,0,2.0,-2.0,1006613.9036943053,
2014-05-16,55.65914916992188,57.40553665161133,-0.8721370928550238,0,2.0,-2.0,1006613.9036943053,
2014-05-19,55.71652603149414,57.46601104736328,-0.8549977007629448,0,2.0,-2.0,1006613.9036943053,
2014-05-20,56.175567626953125,57.52650833129883,-1.173863157807985,0,2.0,-2.0,1006613.9036943053,
2014-05-21,56.74936294555664,57.70798873901367,-1.4968611835530419,0,2.0,-2.0,1006613.9036943053,
2014-05-22,57.38057327270508,58.0709342956543,-1.730562581654244,0,2.0,-2.0,1006613.9036943053,
2014-05-23,57.32317352294922,58.373382568359375,-1.4545391786710846,0,2.0,-2.0,1006613.9036943053,
2014-05-26,56.69199752807617,58.55485534667969,-0.8005997687850352,0,2.0,-2.0,1006613.9036943053,
2014-05-27,56.92151641845703,58.19190979003906,-1.1669733670084022,0,2.0,-2.0,1006613.9036943053,
2014-05-28,56.86414337158203,58.494361877441406,-0.9145484482548402,0,2.0,-2.0,1006613.9036943053,
2014-05-29,56.69199752807617,58.373382568359375,-0.8179422257035054,0,2.0,-2.0,1006613.9036943053,
2014-05-30,56.74936294555664,58.0709342956543,-1.0370879797716177,0,2.0,-2.0,1006613.9036943053,
2014-06-03,56.9788932800293,58.373382568359375,-1.033334591746755,0,2.0,-2.0,1006613.9036943053,
2014-06-04,56.806766510009766,57.76847839355469,-1.258586794499042,0,2.0,-2.0,1006613.9036943053,
2014-06-05,56.23295593261719,57.46601104736328,-0.8905191549573828,0,2.0,-2.0,1006613.9036943053,
2014-06-06,56.175567626953125,57.70798873901367,-0.6363014309778068,0,2.0,-2.0,1006613.9036943053,
2014-06-09,56.405086517333984,58.0709342956543,-0.5856836131776714,0,2.0,-2.0,1006613.9036943053,
2014-06-10,56.806766510009766,58.433876037597656,-0.7348145129681587,0,2.0,-2.0,1006613.9036943053,
2014-06-11,56.74936294555664,58.373382568359375,-0.7022630113292792,0,2.0,-2.0,1006613.9036943053,
2014-06-12,56.69199752807617,58.13142395019531,-0.834132553696358,0,2.0,-2.0,1006613.9036943053,
2014-06-13,56.63461685180664,58.19190979003906,-0.6740364562769228,0,2.0,-2.0,1006613.9036943053,
2014-06-16,56.74936294555664,58.31289291381836,-0.6869177810876582,0,2.0,-2.0,1006613.9036943053,
2014-06-17,56.74936294555664,58.19190979003906,-0.7801897188031316,0,2.0,-2.0,1006613.9036943053,
2014-06-18,57.15103530883789,58.373382568359375,-1.1836274035185292,0,2.0,-2.0,1006613.9036943053,
2014-06-19,57.6674690246582,58.615333557128906,-1.6869901758384926,0,2.0,-2.0,1006613.9036943053,
2014-06-20,57.32317352294922,58.31289291381836,-1.5033454760246077,0,2.0,-2.0,1006613.9036943053,
2014-06-23,57.26579284667969,58.31289291381836,-1.4141064954987905,0,2.0,-2.0,1006613.9036943053,
2014-06-24,57.38057327270508,58.31289291381836,-1.5631391664392786,0,2.0,-2.0,1006613.9036943053,
2014-06-25,57.03628158569336,58.13142395019531,-1.1442043063312797,0,2.0,-2.0,1006613.9036943053,
2014-06-26,56.86414337158203,58.0709342956543,-0.8850289264335957,0,2.0,-2.0,1006613.9036943053,
2014-06-27,56.68168258666992,58.373382568359375,-0.15705418889057593,0,2.0,-2.0,1006613.9036943053,
2014-06-30,56.19514846801758,58.19190979003906,0.5400910665790649,0,2.0,-2.0,1006613.9036943053,
2014-07-01,55.83024215698242,58.13142395019531,1.1999522792382011,0,2.0,-2.0,1006613.9036943053,
2014-07-02,56.19514846801758,58.0709342956543,0.462565935723448,0,2.0,-2.0,1006613.9036943053,
2014-07-03,55.526153564453125,57.94994735717773,1.645050186574249,0,2.0,-2.0,1006613.9036943053,
2014-07-04,54.73553466796875,57.8289680480957,2.85547056093388,-1,2.0,-2.0,1006549.4011141967,Short Spread
2014-07-07,55.34370803833008,57.8289680480957,1.644099174861764,-1,2.0,-2.0,1007765.7478549194,
2014-07-08,55.28288650512695,58.13142395019531,2.0425074500669376,-1,2.0,-2.0,1007039.1929843139,
2014-07-09,55.46534729003906,58.13142395019531,1.6472388407679623,-1,2.0,-2.0,1007404.1145541382,
2014-07-10,55.22207260131836,58.0709342956543,1.9016906157578397,-1,2.0,-2.0,1007038.5444857788,
2014-07-11,55.28288650512695,57.94994735717773,1.5822464848870137,-1,2.0,-2.0,1007402.1461703491,
2014-07-14,54.9179916381836,57.94994735717773,2.0751838313965054,-1,2.0,-2.0,1006672.3564364624,
2014-07-15,54.73553466796875,58.01043701171875,2.286436963857093,-1,2.0,-2.0,1006186.4631869507,
2014-07-16,54.9179916381836,57.8289680480957,1.7311124811085024,-1,2.0,-2.0,1006914.3150546264,
2014-07-17,55.100433349609375,58.41636657714844,1.9998159154930761,-1,2.0,-2.0,1006104.4014193725,
2014-07-18,55.83024215698242,58.41636657714844,0.9258589147407037,-1,2.0,-2.0,1007564.0190341186,
2014-07-21,55.95187377929688,58.162376403808594,0.48967226736998937,-1,2.0,-2.0,1008315.2626254272,
2014-07-22,56.073516845703125,58.35286712646485,0.5186286576307325,-1,2.0,-2.0,1008177.5673129272,
2014-07-23,56.073516845703125,58.35286712646485,0.5060145597767619,-1,2.0,-2.0,1008177.5673129272,
2014-07-24,56.073516845703125,58.41636657714844,0.5535601591525317,-1,2.0,-2.0,1008050.56841156,
2014-07-25,55.95187377929688,58.162376403808594,0.4488543303513422,-1,2.0,-2.0,1008315.2626254272,
2014-07-28,55.95187377929688,57.97188568115234,0.24040636882914476,-1,2.0,-2.0,1008696.2440707397,
2014-07-29,56.31678009033203,58.162376403808594,-0.09603374479448222,0,2.0,-2.0,1008980.4960812378,Close
2014-07-30,56.31678009033203,58.162376403808594,-0.088651411508847,0,2.0,-2.0,1008980.4960812378,
2014-07-31,55.95187377929688,58.09889221191406,0.3955548441288884,0,2.0,-2.0,1008980.4960812378,
2014-08-01,56.073516845703125,58.41636657714844,0.5306952004886086,0,2.0,-2.0,1008980.4960812378,
2014-08-04,56.25596237182617,58.09889221191406,-0.0671495097447454,0,2.0,-2.0,1008980.4960812378,
2014-08-05,55.404518127441406,57.84489822387695,0.9309896908972164,0,2.0,-2.0,1008980.4960812378,
2014-08-06,55.46534729003906,57.84489822387695,0.8440832893582805,0,2.0,-2.0,1008980.4960812378,
2014-08-07,56.560054779052734,58.28938293457031,-0.29476521690330665,0,2.0,-2.0,1008980.4960812378,
2014-08-08,56.68168258666992,58.09889221191406,-0.6695888102740953,0,2.0,-2.0,1008980.4960812378,
2014-08-11,57.1074104309082,58.28938293457031,-1.0737251344623542,0,2.0,-2.0,1008980.4960812378,
2014-08-12,56.74250411987305,58.28938293457031,-0.519578560304308,0,2.0,-2.0,1008980.4960812378,
2014-08-13,56.8641357421875,58.54335403442383,-0.43293336939505717,0,2.0,-2.0,1008980.4960812378,
2014-08-14,57.16822814941406,58.41636657714844,-1.0224263959475002,0,2.0,-2.0,1008980.4960812378,
2014-08-15,57.47230529785156,58.41636657714844,-1.4874453736443696,0,2.0,-2.0,1008980.4960812378,
2014-08-18,57.47230529785156,58.35286712646485,-1.5418430956693545,0,2.0,-2.0,1008980.4960812378,
2014-08-19,57.71558380126953,59.05132675170898,-1.1351467593818991,0,2.0,-2.0,1008980.4960812378,
2014-08-20,57.77639389038086,59.241817474365234,-1.0199437772960311,0,2.0,-2.0,1008980.4960812378,
2014-08-21,57.9588508605957,59.17830657958984,-1.3211884813438508,0,2.0,-2.0,1008980.4960812378,
2014-08-22,58.3237533569336,59.43230438232422,-1.5356214681006553,0,2.0,-2.0,1008980.4960812378,
2014-08-25,58.08047866821289,59.36880493164063,-1.233403717597342,0,2.0,-2.0,1008980.4960812378,
2014-08-26,58.26293182373047,59.36880493164063,-1.455032692090962,0,2.0,-2.0,1008980.4960812378,
2014-08-27,58.8102912902832,59.36880493164063,-2.125241118179088,1,2.0,-2.0,1008915.7689173889,Long Spread
2014-08-28,58.93191909790039,59.49580001831055,-2.0632903936620806,1,2.0,-2.0,1008926.5034754943,
2014-08-29,57.9588508605957,58.98783493041992,-1.2363654936735136,1,2.0,-2.0,1009856.7097743225,
2014-09-01,56.13433074951172,58.54335403442383,0.675156819581516,0,2.0,-2.0,1012552.2010971069,Close
2014-09-02,55.100433349609375,58.35286712646485,1.737722191281204,0,2.0,-2.0,1012552.2010971069,
2014-09-03,55.404518127441406,58.98783493041992,1.8304223244648725,0,2.0,-2.0,1012552.2010971069,
2014-09-04,55.708614349365234,58.73384475708008,1.2047533548895635,0,2.0,-2.0,1012552.2010971069,
2014-09-05,55.46534729003906,58.41636657714844,1.1856358424377444,0,2.0,-2.0,1012552.2010971069,
2014-09-09,55.34370803833008,58.60686111450195,1.4331500274511884,0,2.0,-2.0,1012552.2010971069,
2014-09-10,55.34370803833008,58.35286712646485,1.182692018542331,0,2.0,-2.0,1012552.2010971069,
2014-09-11,54.97880554199219,58.28938293457031,1.489976574836843,0,2.0,-2.0,1012552.2010971069,
2014-09-12,55.34370803833008,58.47985458374024,1.1907478472802904,0,2.0,-2.0,1012552.2010971069,
2014-09-15,55.100433349609375,58.162376403808594,1.170851810301485,0,2.0,-2.0,1012552.2010971069,
2014-09-16,54.73553466796875,58.03538131713867,1.4299145537056197,0,2.0,-2.0,1012552.2010971069,
2014-09-17,55.100433349609375,58.22587585449219,1.1341352983136992,0,2.0,-2.0,1012552.2010971069,
2014-09-18,55.03961944580078,58.41636657714844,1.3104621098246958,0,2.0,-2.0,1012552.2010971069,
2014-09-19,55.22207260131836,58.41636657714844,1.06793930805462,0,2.0,-2.0,1012552.2010971069,
2014-09-22,54.49227142333984,58.162376403808594,1.617247401064027,0,2.0,-2.0,1012552.2010971069,
2014-09-23,54.24900436401367,58.22587585449219,1.8446745712137025,0,2.0,-2.0,1012552.2010971069,
2014-09-24,55.34370803833008,58.28938293457031,0.7029338674109484,0,2.0,-2.0,1012552.2010971069,
2014-09-25,54.49227142333984,58.09889221191406,1.4150312604074489,0,2.0,-2.0,1012552.2010971069,
2014-09-26,55.95187377929688,58.09889221191406,-0.11625979999571516,0,2.0,-2.0,1012552.2010971069,
2014-09-29,55.647796630859375,57.78141784667969,-0.017553616586003226,0,2.0,-2.0,1012552.2010971069,
2014-09-30,56.13433074951172,58.22587585449219,-0.18934501052749386,0,2.0,-2.0,1012552.2010971069,
2014-10-01,55.95187377929688,58.22587585449219,0.015221908044906786,0,2.0,-2.0,1012552.2010971069,
2014-10-02,56.13433074951172,58.09889221191406,-0.2637445952756902,0,2.0,-2.0,1012552.2010971069,
2014-10-03,56.68168258666992,58.28938293457031,-0.6802045441690822,0,2.0,-2.0,1012552.2010971069,
2014-10-06,55.95187377929688,57.84489822387695,-0.2260686436120408,0,2.0,-2.0,1012552.2010971069,
2014-10-07,56.62086486816406,57.84489822387695,-0.9109940068899164,0,2.0,-2.0,1012552.2010971069,
2014-10-08,56.49923706054688,58.09889221191406,-0.5626534991890414,0,2.0,-2.0,1012552.2010971069,
2014-10-09,56.92495346069336,58.03538131713867,-1.0370786695704715,0,2.0,-2.0,1012552.2010971069,
2014-10-13,57.41149139404297,57.84489822387695,-1.6427742364011069,0,2.0,-2.0,1012552.2010971069,
2014-10-14,57.89802551269531,58.03538131713867,-1.9165508022783508,0,2.0,-2.0,1012552.2010971069,
2014-10-15,58.26293182373047,58.09889221191406,-2.120705703899071,1,2.0,-2.0,1012487.5466241455,Long Spread
2014-10-16,58.384578704833984,58.09889221191406,-2.115026831955296,1,2.0,-2.0,1012244.2528619384,
2014-10-17,58.99274826049805,57.33694839477539,-2.9191505545384326,1,2.0,-2.0,1009504.026116333,
2014-10-20,58.87110900878906,57.84489822387695,-2.329552214252856,1,2.0,-2.0,1010763.2042779541,
2014-10-21,58.384578704833984,58.22587585449219,-1.6205002088677178,1,2.0,-2.0,1012498.2201470947,
2014-10-22,58.01966857910156,58.162376403808594,-1.3110363198773247,1,2.0,-2.0,1013101.0414971923,
2014-10-23,58.20212173461914,58.03538131713867,-1.4775210342535696,1,2.0,-2.0,1012482.1450128173,
2014-10-24,58.50620269775391,58.22587585449219,-1.5503562995761337,1,2.0,-2.0,1012254.9721612548,
2014-10-27,58.14130401611328,58.162376403808594,-1.2568907710643347,1,2.0,-2.0,1012857.7706231689,
2014-10-28,58.01966857910156,58.41636657714844,-0.9921267831965296,1,2.0,-2.0,1013609.021843872,
2014-10-29,58.68865585327149,58.67034912109375,-1.3203088484620789,1,2.0,-2.0,1012779.0123834228,
2014-10-30,60.02663803100586,58.86083984375,-2.103171380364358,1,2.0,-2.0,1010484.0294732666,
2014-10-31,60.02663803100586,58.86083984375,-1.9931725244560494,1,2.0,-2.0,1010484.0294732666,
2014-11-03,59.78336334228516,58.73384475708008,-1.7990926965384326,1,2.0,-2.0,1010716.5886773681,
2014-11-04,59.84418487548828,58.73384475708008,-1.7608116298160024,1,2.0,-2.0,1010594.9456109619,
2014-11-05,59.54009628295898,58.67034912109375,-1.5322272500436658,1,2.0,-2.0,1011076.1315240478,
2014-11-06,60.02663803100586,58.73384475708008,-1.7414008896299693,1,2.0,-2.0,1010230.0392999267,
2014-11-07,59.114376068115234,58.54335403442383,-1.2077885608427201,1,2.0,-2.0,1011673.5817803955,
2014-11-10,59.72254943847656,58.86083984375,-1.4004386305570016,1,2.0,-2.0,1011092.2066583252,
2014-11-11,59.60091781616211,58.9243392944336,-1.2618640650544672,1,2.0,-2.0,1011462.4688043213,
2014-11-12,59.053558349609375,58.67034912109375,-1.01574949817684,1,2.0,-2.0,1012049.207390747,
2014-11-13,59.84418487548828,58.73384475708008,-1.4176139610218716,1,2.0,-2.0,1010594.9456109619,
2014-11-14,59.60091781616211,58.98783493041992,-1.1330425029792397,1,2.0,-2.0,1011589.4600762939,
2014-11-17,59.053558349609375,58.79734420776367,-0.8720188917246128,1,2.0,-2.0,1012303.1975640869,
2014-11-18,59.47927474975586,58.86083984375,-1.0685782602208462,1,2.0,-2.0,1011578.7560357666,
2014-11-19,59.90499877929688,59.17830657958984,-1.151792087368233,1,2.0,-2.0,1011362.2414483642,
2014-11-20,59.60091781616211,59.43230438232422,-0.8570240357679769,1,2.0,-2.0,1012478.3989801025,
2014-11-21,59.60091781616211,59.36880493164063,-0.8708860510803826,1,2.0,-2.0,1012351.4000787353,
2014-11-24,59.6617317199707,59.17830657958984,-0.9666509401633767,1,2.0,-2.0,1011848.7755670166,
2014-11-25,59.29682540893555,58.67034912109375,-0.9429046229631319,1,2.0,-2.0,1011562.6732720947,
2014-11-26,59.17518997192383,58.79734420776367,-0.7978709679527247,1,2.0,-2.0,1012059.934319458,
2014-11-27,59.60091781616211,58.79734420776367,-1.0021132046330055,1,2.0,-2.0,1011208.4786309814,
2014-11-28,59.84418487548828,59.05132675170898,-1.0051212092131494,1,2.0,-2.0,1011229.9096002197,
2014-12-01,59.72254943847656,58.67034912109375,-1.0546023237851756,1,2.0,-2.0,1010711.2252130127,
2014-12-02,59.60091781616211,58.54335403442383,-1.0037141241693541,1,2.0,-2.0,1010700.4982843017,
2014-12-03,60.8172721862793,58.86083984375,-1.5152658245133597,1,2.0,-2.0,1008902.7611627197,
2014-12-04,61.12135314941406,58.9243392944336,-1.6026062975102398,1,2.0,-2.0,1008421.5981378173,
2014-12-05,60.20909881591797,58.9243392944336,-1.0553921016713779,1,2.0,-2.0,1010246.1068048095,
2014-12-08,60.39153289794922,59.05132675170898,-1.0757531796273654,1,2.0,-2.0,1010135.2135552978,
2014-12-09,60.8172721862793,58.86083984375,-1.3604294568238524,1,2.0,-2.0,1008902.7611627197,
2014-12-10,60.20909881591797,58.47985458374024,-1.1349293985599935,1,2.0,-2.0,1009357.1373834228,
2014-12-11,59.90499877929688,58.28938293457031,-1.0072094568916445,1,2.0,-2.0,1009584.3941583252,
2014-12-12,59.78336334228516,58.35286712646485,-0.8827036491050975,1,2.0,-2.0,1009954.6334161377,
2014-12-15,59.29682540893555,58.162376403808594,-0.6391693955570787,1,2.0,-2.0,1010546.7278375244,
2014-12-16,60.5131721496582,58.41636657714844,-1.2961770207422965,1,2.0,-2.0,1008622.0147027588,
2014-12-17,59.41845703125,58.28938293457031,-0.6050447435447734,1,2.0,-2.0,1010557.4776544189,
2014-12-18,60.26991271972656,58.41636657714844,-1.1383979239373507,1,2.0,-2.0,1009108.533562622,
2014-12-19,61.42543029785156,58.73384475708008,-1.8533512734749231,1,2.0,-2.0,1007432.4547662353,
2014-12-22,60.75643157958984,58.79734420776367,-1.2640147788961746,1,2.0,-2.0,1008897.4511041259,
2014-12-23,61.12135314941406,58.41636657714844,-1.7491287903632868,1,2.0,-2.0,1007405.652703247,
2014-12-24,61.12135314941406,59.05132675170898,-1.3541226328971923,1,2.0,-2.0,1008675.5730523681,
2014-12-25,61.42543029785156,58.98783493041992,-1.641702024100015,1,2.0,-2.0,1007940.435112915,
2014-12-26,61.42543029785156,59.05132675170898,-1.587177862871081,1,2.0,-2.0,1008067.4187554931,
2014-12-29,61.42543029785156,59.17830657958984,-1.481186975978888,1,2.0,-2.0,1008321.3784112548,
2014-12-30,62.64176940917969,59.17830657958984,-2.5699328322182606,1,2.0,-2.0,1005888.7001885986,
2014-12-31,63.554046630859375,59.6862907409668,-2.911644796975567,1,2.0,-2.0,1005080.1140679931,
2015-01-05,63.24994659423828,59.05132675170898,-2.902485575123775,1,2.0,-2.0,1004418.3861627197,
2015-01-06,61.7295150756836,58.73384475708008,-1.690300005392176,1,2.0,-2.0,1006824.2852105713,
2015-01-07,61.12135314941406,58.73384475708008,-1.0969716801183098,1,2.0,-2.0,1008040.6090631103,
2015-01-08,63.554046630859375,58.9243392944336,-2.980639719366056,1,2.0,-2.0,1003556.2111749267,
2015-01-09,64.16222381591797,59.05132675170898,-3.1052451322123336,1,2.0,-2.0,1002593.8317193603,
2015-01-12,65.68263244628906,59.49580001831055,-3.5685907820122678,1,2.0,-2.0,1000441.9609918213,
2015-01-13,67.20306396484375,59.74977493286133,-3.851873517054071,1,2.0,-2.0,997909.0477838134,
2015-01-14,65.68263244628906,59.62279510498047,-2.713311447559227,1,2.0,-2.0,1000695.9511651611,
2015-01-15,64.16222381591797,59.36880493164063,-1.8378290248774016,1,2.0,-2.0,1003228.7880792236,
2015-01-16,65.68263244628906,59.559303283691406,-2.4628846017677084,1,2.0,-2.0,1000568.967522583,
2015-01-19,65.68263244628906,59.62279510498047,-2.291743631077167,1,2.0,-2.0,1000695.9511651611,
2015-01-20,64.46629333496094,59.94026565551758,-1.4690300701034213,1,2.0,-2.0,1003763.5704888916,
2015-01-21,65.68263244628906,60.321250915527344,-1.8767688660755428,1,2.0,-2.0,1002092.8627862548,
2015-01-22,65.68263244628906,60.5117416381836,-1.7361681387199341,1,2.0,-2.0,1002473.8442315673,
2015-01-23,65.68263244628906,60.63872909545898,-1.6237846978287602,1,2.0,-2.0,1002727.8191461181,
2015-01-26,65.68263244628906,60.5117416381836,-1.6001032309586414,1,2.0,-2.0,1002473.8442315673,
2015-01-27,65.68263244628906,60.63872909545898,-1.4945804713259627,1,2.0,-2.0,1002727.8191461181,
2015-01-28,65.98673248291016,60.63872909545898,-1.5754933957949742,1,2.0,-2.0,1002119.6190728759,
2015-01-29,65.37855529785156,60.321250915527344,-1.3423565179708306,1,2.0,-2.0,1002701.0170831298,
2015-01-30,63.24994659423828,60.63872909545898,-0.21268072824220965,1,2.0,-2.0,1007593.1908502197,
2015-02-02,64.46629333496094,60.575233459472656,-0.7865872021422873,1,2.0,-2.0,1005033.5060968017,
2015-02-03,63.554046630859375,60.63872909545898,-0.3114922912346573,1,2.0,-2.0,1006984.9907769775,
2015-02-04,63.85811614990234,60.82921600341797,-0.372647539172582,1,2.0,-2.0,1006757.8255548095,
2015-02-05,64.7703857421875,60.95621109008789,-0.7421717094315194,1,2.0,-2.0,1005187.2765435791,
2015-02-06,65.07447052001953,60.95621109008789,-0.8599210612351978,1,2.0,-2.0,1004579.106987915,
2015-02-09,65.07447052001953,60.70222091674805,-0.916986577745075,1,2.0,-2.0,1004071.1266412353,
2015-02-10,65.07447052001953,60.95621109008789,-0.8006157972680935,1,2.0,-2.0,1004579.106987915,
2015-02-11,65.37855529785156,60.95621109008789,-0.919628301505761,1,2.0,-2.0,1003970.9374322509,
2015-02-12,65.07447052001953,61.2736930847168,-0.631606491223742,1,2.0,-2.0,1005214.0709771728,
2015-02-13,65.37855529785156,61.52766799926758,-0.667541902694718,1,2.0,-2.0,1005113.8512506103,
2015-02-24,66.29080963134766,62.60710525512695,-0.7137494845706085,1,2.0,-2.0,1005448.2170953369,
2015-02-25,67.20306396484375,62.7975959777832,-1.079361769105274,1,2.0,-2.0,1004004.6898736572,
2015-02-26,65.37855529785156,62.35312271118164,-0.27285035793408285,1,2.0,-2.0,1006764.7606744384,
2015-03-02,66.89898681640625,62.22613906860352,-1.0910799354937035,1,2.0,-2.0,1003469.9303521728,
2015-03-03,66.89898681640625,62.22613906860352,-1.0616274905583918,1,2.0,-2.0,1003469.9303521728,
2015-03-04,66.29080963134766,62.22613906860352,-0.7051488077875241,1,2.0,-2.0,1004686.28472229,
2015-03-05,65.98673248291016,62.22613906860352,-0.5117179797141191,1,2.0,-2.0,1005294.439019165,
2015-03-06,65.68263244628906,62.22613906860352,-0.3145986465145875,1,2.0,-2.0,1005902.6390924072,
2015-03-09,64.46629333496094,61.71815872192383,0.20826440197684157,0,2.0,-2.0,1007254.3092436218,Close
2015-03-10,65.98673248291016,61.78166580200195,-0.6382169493176414,0,2.0,-2.0,1007254.3092436218,
2015-03-11,65.98673248291016,61.78166580200195,-0.6139638495993166,0,2.0,-2.0,1007254.3092436218,
2015-03-12,65.98673248291016,61.90864181518555,-0.5343658299701666,0,2.0,-2.0,1007254.3092436218,
2015-03-13,66.89898681640625,62.54360580444336,-0.7896022238668166,0,2.0,-2.0,1007254.3092436218,
2015-03-16,65.68263244628906,62.22613906860352,-0.1486393599709542,0,2.0,-2.0,1007254.3092436218,
2015-03-17,66.59490203857422,62.48012161254883,-0.5868223464737286,0,2.0,-2.0,1007254.3092436218,
2015-03-18,65.98673248291016,62.60710525512695,-0.10542967021740504,0,2.0,-2.0,1007254.3092436218,
2015-03-19,66.59490203857422,62.8610954284668,-0.36253041704020844,0,2.0,-2.0,1007254.3092436218,
2015-03-20,67.81124877929688,62.92458724975586,-1.1555972807340233,0,2.0,-2.0,1007254.3092436218,
2015-03-23,67.20306396484375,62.73408889770508,-0.7911023185068544,0,2.0,-2.0,1007254.3092436218,
2015-03-24,67.50716400146484,63.30556106567383,-0.6997085205659812,0,2.0,-2.0,1007254.3092436218,
2015-03-25,67.20306396484375,63.1785774230957,-0.508758395447303,0,2.0,-2.0,1007254.3092436218,
2015-03-26,66.89898681640625,63.36906051635742,-0.12588740904027293,0,2.0,-2.0,1007254.3092436218,
2015-03-27,66.89898681640625,63.1785774230957,-0.2057902856399781,0,2.0,-2.0,1007254.3092436218,
2015-03-30,66.89898681640625,63.1785774230957,-0.17658404364890906,0,2.0,-2.0,1007254.3092436218,
2015-03-31,66.59490203857422,63.1785774230957,0.14039326648673253,0,2.0,-2.0,1007254.3092436218,
2015-04-01,66.29080963134766,62.67060470581055,0.1268390682166891,0,2.0,-2.0,1007254.3092436218,
2015-04-02,67.50716400146484,63.051570892333984,-0.7848483092469578,0,2.0,-2.0,1007254.3092436218,
2015-04-07,66.89898681640625,62.73408889770508,-0.36294171207441195,0,2.0,-2.0,1007254.3092436218,
2015-04-08,65.68263244628906,62.73408889770508,0.9917076106849595,0,2.0,-2.0,1007254.3092436218,
2015-04-09,67.20306396484375,62.92458724975586,-0.5228073367106695,0,2.0,-2.0,1007254.3092436218,
2015-04-10,65.68263244628906,63.1785774230957,1.3516793139982128,0,2.0,-2.0,1007254.3092436218,
2015-04-13,67.20306396484375,63.242069244384766,-0.246135264206545,0,2.0,-2.0,1007254.3092436218,
2015-04-14,66.29080963134766,62.8610954284668,0.5843639800562689,0,2.0,-2.0,1007254.3092436218,
2015-04-15,63.554046630859375,61.90864181518555,2.898511471260082,-1,2.0,-2.0,1007189.2907360839,Short Spread
2015-04-16,63.24994659423828,62.28962326049805,3.1856875175754764,-1,2.0,-2.0,1005819.1277722167,
2015-04-17,62.94586181640625,61.97214889526367,2.9909182245241466,-1,2.0,-2.0,1005845.9069470214,
2015-04-20,62.94586181640625,62.0991325378418,2.9565352591428717,-1,2.0,-2.0,1005591.9396618651,
2015-04-21,64.46629333496094,62.22613906860352,1.4979831283417595,-1,2.0,-2.0,1008378.7896374511,
2015-04-22,64.7703857421875,62.22613906860352,1.1622511279324668,-1,2.0,-2.0,1008986.9744519042,
2015-04-23,65.68263244628906,62.73408889770508,0.6013962599626118,-1,2.0,-2.0,1009795.5682019042,
2015-04-24,66.59490203857422,63.11507797241211,-0.06079897129657459,0,2.0,-2.0,1010792.94083786,Close
2015-04-27,66.59490203857422,63.051570892333984,-0.10805901978384955,0,2.0,-2.0,1010792.94083786,
2015-04-28,66.29080963134766,63.051570892333984,0.17943440912952088,0,2.0,-2.0,1010792.94083786,
2015-04-29,65.98673248291016,63.11507797241211,0.5145474467512056,0,2.0,-2.0,1010792.94083786,
2015-04-30,65.68263244628906,62.8610954284668,0.6178026193913294,0,2.0,-2.0,1010792.94083786,
2015-05-04,65.98673248291016,62.8610954284668,0.281540464105259,0,2.0,-2.0,1010792.94083786,
2015-05-05,65.68263244628906,63.051570892333984,0.7161077168970038,0,2.0,-2.0,1010792.94083786,
2015-05-06,66.29080963134766,63.11507797241211,0.09909699383595948,0,2.0,-2.0,1010792.94083786,
2015-05-07,66.59490203857422,62.67060470581055,-0.5781855740733574,0,2.0,-2.0,1010792.94083786,
2015-05-08,65.98673248291016,62.7975959777832,0.20115054668416263,0,2.0,-2.0,1010792.94083786,
2015-05-11,66.59490203857422,62.92458724975586,-0.35954552863624695,0,2.0,-2.0,1010792.94083786,
2015-05-12,65.68263244628906,62.92458724975586,0.6576045900686326,0,2.0,-2.0,1010792.94083786,
2015-05-13,64.7703857421875,62.67060470581055,1.4474607605836294,0,2.0,-2.0,1010792.94083786,
2015-05-14,65.37855529785156,62.48012161254883,0.6200225035894119,0,2.0,-2.0,1010792.94083786,
2015-05-15,64.46629333496094,62.48012161254883,1.5549507066399273,0,2.0,-2.0,1010792.94083786,
2015-05-18,65.07447052001953,62.48012161254883,0.8760852357802984,0,2.0,-2.0,1010792.94083786,
2015-05-19,65.98673248291016,62.8610954284668,0.18439165003663813,0,2.0,-2.0,1010792.94083786,
2015-05-20,65.98673248291016,62.54360580444336,-0.06629479545786411,0,2.0,-2.0,1010792.94083786,
2015-05-21,64.46629333496094,61.97214889526367,1.0948335213841063,0,2.0,-2.0,1010792.94083786,
2015-05-22,64.7703857421875,62.35312271118164,1.0297065135616257,0,2.0,-2.0,1010792.94083786,
2015-05-25,65.37855529785156,62.22613906860352,0.2849984839591476,0,2.0,-2.0,1010792.94083786,
2015-05-26,65.07447052001953,62.0991325378418,0.4860878617521761,0,2.0,-2.0,1010792.94083786,
2015-05-27,65.37855529785156,62.0991325378418,0.16649510298349876,0,2.0,-2.0,1010792.94083786,
2015-05-28,64.46629333496094,61.78166580200195,0.866654752516579,0,2.0,-2.0,1010792.94083786,
2015-05-29,65.68263244628906,61.5911750793457,-0.6062295938516759,0,2.0,-2.0,1010792.94083786,
2015-06-01,64.46629333496094,61.6546745300293,0.7413513295642793,0,2.0,-2.0,1010792.94083786,
2015-06-02,63.85811614990234,61.52766799926758,1.2603318242023143,0,2.0,-2.0,1010792.94083786,
2015-06-03,64.16222381591797,61.33719253540039,0.7676176172479587,0,2.0,-2.0,1010792.94083786,
2015-06-04,63.24994659423828,60.82921600341797,1.332197094476785,0,2.0,-2.0,1010792.94083786,
2015-06-05,62.94586181640625,60.95621109008789,1.6753033719429722,0,2.0,-2.0,1010792.94083786,
2015-06-08,63.85811614990234,62.0356330871582,1.4676069152812818,0,2.0,-2.0,1010792.94083786,
2015-06-09,63.554046630859375,61.5911750793457,1.4009765806125032,0,2.0,-2.0,1010792.94083786,
2015-06-10,63.554046630859375,61.5911750793457,1.3543178382555563,0,2.0,-2.0,1010792.94083786,
2015-06-11,64.46629333496094,61.90864181518555,0.6401000111493768,0,2.0,-2.0,1010792.94083786,
2015-06-12,63.554046630859375,61.5911750793457,1.2885289624866332,0,2.0,-2.0,1010792.94083786,
2015-06-15,63.554046630859375,61.33719253540039,1.0716989906716399,0,2.0,-2.0,1010792.94083786,
2015-06-16,63.554046630859375,60.95621109008789,0.7739063551701386,0,2.0,-2.0,1010792.94083786,
2015-06-17,62.64176940917969,60.765716552734375,1.5185150621681365,0,2.0,-2.0,1010792.94083786,
2015-06-18,64.16222381591797,60.8927116394043,0.03205754170514783,0,2.0,-2.0,1010792.94083786,
2015-06-22,64.46629333496094,61.40068435668945,0.06442597252302938,0,2.0,-2.0,1010792.94083786,
2015-06-23,65.07447052001953,61.5911750793457,-0.468462670613066,0,2.0,-2.0,1010792.94083786,
2015-06-24,65.07447052001953,61.71815872192383,-0.3849875671362188,0,2.0,-2.0,1010792.94083786,
2015-06-25,65.37855529785156,61.90864181518555,-0.5881047500946432,0,2.0,-2.0,1010792.94083786,
2015-06-26,66.08431243896484,61.90864181518555,-1.3690331400436415,0,2.0,-2.0,1010792.94083786,
2015-06-29,67.04670715332031,61.90864181518555,-2.316031283306328,1,2.0,-2.0,1010727.7826239013,Long Spread
2015-06-30,66.08431243896484,62.48012161254883,-0.8585291859304481,1,2.0,-2.0,1013795.5316473388,
2015-07-01,67.36750793457031,62.22613906860352,-2.371661223426426,1,2.0,-2.0,1010721.1755682372,
2015-07-02,66.08431243896484,62.28962326049805,-0.9979560708575403,1,2.0,-2.0,1013414.5349432372,
2015-07-03,66.08431243896484,62.4166145324707,-0.8853549692271742,1,2.0,-2.0,1013668.5174871825,
2015-07-06,65.44271850585938,62.4166145324707,-0.23944913800392,1,2.0,-2.0,1014951.7053533935,
2015-07-07,65.44271850585938,62.67060470581055,-0.04194506312077512,1,2.0,-2.0,1015459.6857000731,
2015-07-08,65.44271850585938,62.22613906860352,-0.40991475480139145,1,2.0,-2.0,1014570.7544256591,
2015-07-09,64.1595230102539,62.0356330871582,0.8248533724436321,0,2.0,-2.0,1016691.0856477355,Close
2015-07-10,64.1595230102539,62.0356330871582,0.8433727253354641,0,2.0,-2.0,1016691.0856477355,
2015-07-13,64.48031616210938,62.35312271118164,0.784990963229281,0,2.0,-2.0,1016691.0856477355,
2015-07-14,66.08431243896484,62.35312271118164,-1.0403424472753622,0,2.0,-2.0,1016691.0856477355,
2015-07-15,65.44271850585938,62.35312271118164,-0.24321944318388955,0,2.0,-2.0,1016691.0856477355,
2015-07-16,65.76351928710938,63.39278793334961,0.2963797219122885,0,2.0,-2.0,1016691.0856477355,
2015-07-17,65.44271850585938,63.52638244628906,0.8149929352704799,0,2.0,-2.0,1016691.0856477355,
2015-07-20,64.48031616210938,63.459590911865234,1.874828121184516,0,2.0,-2.0,1016691.0856477355,
2015-07-21,64.48031616210938,63.52638244628906,1.8442512433680522,0,2.0,-2.0,1016691.0856477355,
2015-07-22,64.80111694335938,63.65999221801758,1.5145466855306617,0,2.0,-2.0,1016691.0856477355,
2015-07-23,65.12191772460938,63.72678756713867,1.150273982059554,0,2.0,-2.0,1016691.0856477355,
2015-07-24,66.40510559082031,63.79358673095703,-0.3078311555215593,0,2.0,-2.0,1016691.0856477355,
2015-07-27,65.76351928710938,64.1275863647461,0.7104029179323302,0,2.0,-2.0,1016691.0856477355,
2015-07-28,65.76351928710938,63.79358673095703,0.41442299645357744,0,2.0,-2.0,1016691.0856477355,
2015-07-29,65.44271850585938,64.1275863647461,1.0422875513097984,0,2.0,-2.0,1016691.0856477355,
2015-07-30,66.08431243896484,64.46158599853516,0.5502967387657497,0,2.0,-2.0,1016691.0856477355,
2015-07-31,67.04670715332031,65.46358489990234,0.23379441650672544,0,2.0,-2.0,1016691.0856477355,
2015-08-03,66.40510559082031,65.32997131347656,0.8572202192085329,0,2.0,-2.0,1016691.0856477355,
2015-08-04,67.36750793457031,66.06477355957031,0.30973719006210637,0,2.0,-2.0,1016691.0856477355,
2015-08-05,67.68830108642578,66.33196258544922,0.14316529621928106,0,2.0,-2.0,1016691.0856477355,
2015-08-06,66.40510559082031,65.86437225341797,1.2678105484124553,0,2.0,-2.0,1016691.0856477355,
2015-08-07,67.04670715332031,65.46358489990234,0.14789471932167397,0,2.0,-2.0,1016691.0856477355,
2015-08-10,66.08431243896484,65.59717559814453,1.387108682326342,0,2.0,-2.0,1016691.0856477355,
2015-08-11,66.08431243896484,65.9311752319336,1.60351010498522,0,2.0,-2.0,1016691.0856477355,
2015-08-12,65.44271850585938,66.13157653808594,2.3500957791812525,-1,2.0,-2.0,1016625.8226759337,Short Spread
2015-08-13,65.76351928710938,65.73078155517578,1.611827531794239,-1,2.0,-2.0,1018069.014204254,
2015-08-14,65.76351928710938,65.12957000732422,1.1142116468631182,-1,2.0,-2.0,1019271.4372999571,
2015-08-17,64.80111694335938,65.06277465820312,1.9978478864753613,-1,2.0,-2.0,1017480.2233106993,
2015-08-18,64.48031616210938,65.73078155517578,2.6139041000875354,-1,2.0,-2.0,1015502.607954254,
2015-08-19,65.12191772460938,65.73078155517578,1.884012109520736,-1,2.0,-2.0,1016785.811079254,
2015-08-20,64.48031616210938,65.39677429199219,2.142150595948874,-1,2.0,-2.0,1016170.6224806212,
2015-08-21,64.1595230102539,65.12957000732422,2.1333923294787343,-1,2.0,-2.0,1016063.4447462462,
2015-08-24,62.49136734008789,63.52638244628906,2.4443768313834346,-1,2.0,-2.0,1015933.5085279845,
2015-08-25,62.17058181762695,63.65999221801758,2.587352673108883,-1,2.0,-2.0,1015024.7179396056,
2015-08-26,62.23473739624024,63.52638244628906,2.3046412695572918,-1,2.0,-2.0,1015420.2486402892,
2015-08-27,63.06880569458008,64.19438171386719,1.9266462414065038,-1,2.0,-2.0,1015752.3867018126,
2015-08-28,63.00465774536133,64.19438171386719,1.8814704985771171,-1,2.0,-2.0,1015624.0908033751,
2015-08-31,62.74801254272461,65.99796295166016,2.7501340419380425,-1,2.0,-2.0,1011503.6379225157,
2015-09-01,63.83872222900391,65.06277465820312,1.512762703517937,-1,2.0,-2.0,1015555.4338819884,
2015-09-02,64.03120422363281,64.79558563232422,1.2243456947164673,-1,2.0,-2.0,1016474.775923004,
2015-09-03,65.12191772460938,64.99598693847656,0.5957966148861332,-1,2.0,-2.0,1018255.4003126525,
2015-09-04,64.03120422363281,65.12957000732422,1.3179200473464705,-1,2.0,-2.0,1015806.807173004,
2015-09-07,64.80111694335938,65.12957000732422,0.8067296470219297,-1,2.0,-2.0,1017346.6326124571,
2015-09-08,64.1595230102539,64.46158599853516,0.8892997030270854,-1,2.0,-2.0,1017399.4127638243,
2015-09-09,64.1595230102539,65.12957000732422,1.1526449688802698,-1,2.0,-2.0,1016063.4447462462,
2015-09-10,64.1595230102539,65.12957000732422,1.123885034738428,-1,2.0,-2.0,1016063.4447462462,
2015-09-11,64.80111694335938,65.46358489990234,0.845743754659499,-1,2.0,-2.0,1016678.6028273009,
2015-09-14,64.80111694335938,65.46358489990234,0.8184724389830523,-1,2.0,-2.0,1016678.6028273009,
2015-09-15,65.12191772460938,65.73078155517578,0.7117250248382413,-1,2.0,-2.0,1016785.811079254,
2015-09-16,64.80111694335938,65.73078155517578,0.8807001148370064,-1,2.0,-2.0,1016144.209516754,
2015-09-17,64.80111694335938,65.79756927490234,0.8801967769729,-1,2.0,-2.0,1016010.6340773009,
2015-09-18,66.72590637207031,65.79756927490234,-0.3541446163909123,0,2.0,-2.0,1019794.911995697,Close
2015-09-21,65.76351928710938,65.12957000732422,-0.08467774417992834,0,2.0,-2.0,1019794.911995697,
2015-09-22,66.72590637207031,65.66397094726562,-0.5039338332930834,0,2.0,-2.0,1019794.911995697,
2015-09-23,64.80111694335938,65.26316833496094,0.6010885171743544,0,2.0,-2.0,1019794.911995697,
2015-09-24,64.80111694335938,65.5303726196289,0.7149017358702382,0,2.0,-2.0,1019794.911995697,
2015-09-25,64.1595230102539,65.46358489990234,1.1316409904980682,0,2.0,-2.0,1019794.911995697,
2015-09-29,64.1595230102539,65.46358489990234,1.0979784449761216,0,2.0,-2.0,1019794.911995697,
2015-09-30,64.48031616210938,65.99796295166016,1.1089443626774769,0,2.0,-2.0,1019794.911995697,
2015-10-01,64.1595230102539,65.9311752319336,1.2854344328861058,0,2.0,-2.0,1019794.911995697,
2015-10-02,64.48031616210938,66.13157653808594,1.1073507462481396,0,2.0,-2.0,1019794.911995697,
2015-10-05,63.90288925170898,65.86437225341797,1.35949668820137,0,2.0,-2.0,1019794.911995697,
2015-10-06,64.1595230102539,65.86437225341797,1.1219407108137553,0,2.0,-2.0,1019794.911995697,
2015-10-07,64.48031616210938,65.79756927490234,0.8181481861281491,0,2.0,-2.0,1019794.911995697,
2015-10-08,64.48031616210938,65.79756927490234,0.7941585137500328,0,2.0,-2.0,1019794.911995697,
2015-10-12,64.80111694335938,66.13157653808594,0.6994818937618564,0,2.0,-2.0,1019794.911995697,
2015-10-13,65.12191772460938,66.06477355957031,0.36279874033106807,0,2.0,-2.0,1019794.911995697,
2015-10-14,64.48031616210938,66.06477355957031,0.8870992264629067,0,2.0,-2.0,1019794.911995697,
2015-10-15,65.12191772460938,66.33196258544922,0.480267259449567,0,2.0,-2.0,1019794.911995697,
2015-10-16,66.08431243896484,65.9311752319336,-0.6019501881626182,0,2.0,-2.0,1019794.911995697,
2015-10-19,65.44271850585938,66.66596984863281,0.3835848064237506,0,2.0,-2.0,1019794.911995697,
2015-10-20,66.08431243896484,66.79956817626953,-0.135545553285035,0,2.0,-2.0,1019794.911995697,
2015-10-21,64.80111694335938,66.66596984863281,0.9213510459023179,0,2.0,-2.0,1019794.911995697,
2015-10-22,65.44271850585938,66.73277282714844,0.34334595673952123,0,2.0,-2.0,1019794.911995697,
2015-10-23,65.44271850585938,66.79956817626953,0.36454669225737996,0,2.0,-2.0,1019794.911995697,
2015-10-26,66.72590637207031,67.13356018066406,-0.6901429160858846,0,2.0,-2.0,1019794.911995697,
2015-10-27,66.08431243896484,67.13356018066406,-0.08916002478068846,0,2.0,-2.0,1019794.911995697,
2015-10-28,66.08431243896484,67.13356018066406,-0.12029477946168349,0,2.0,-2.0,1019794.911995697,
2015-10-29,65.76351928710938,67.13356018066406,0.19013415880285112,0,2.0,-2.0,1019794.911995697,
2015-10-30,65.76351928710938,66.59916687011719,-0.29488641931476506,0,2.0,-2.0,1019794.911995697,
2015-11-02,65.12191772460938,67.13356018066406,0.9001517214511859,0,2.0,-2.0,1019794.911995697,
2015-11-03,65.44271850585938,66.79956817626953,0.18150147672867464,0,2.0,-2.0,1019794.911995697,
2015-11-04,65.44271850585938,66.79956817626953,0.15289978178831665,0,2.0,-2.0,1019794.911995697,
2015-11-05,65.44271850585938,66.79956817626953,0.12712543824702763,0,2.0,-2.0,1019794.911995697,
2015-11-06,65.76351928710938,66.13157653808594,-0.9611762610324597,0,2.0,-2.0,1019794.911995697,
2015-11-09,65.44271850585938,66.26517486572266,-0.41132579759881727,0,2.0,-2.0,1019794.911995697,
2015-11-10,64.48031616210938,65.79756927490234,0.4406581839412827,0,2.0,-2.0,1019794.911995697,
2015-11-11,64.48031616210938,65.79756927490234,0.4219206457236708,0,2.0,-2.0,1019794.911995697,
2015-11-12,64.48031616210938,66.13157653808594,0.7564149085553371,0,2.0,-2.0,1019794.911995697,
2015-11-13,64.1595230102539,65.5303726196289,0.582092136118471,0,2.0,-2.0,1019794.911995697,
2015-11-16,64.1595230102539,64.99598693847656,0.03249268095958624,0,2.0,-2.0,1019794.911995697,
2015-11-17,64.48031616210938,66.465576171875,1.0536931133321141,0,2.0,-2.0,1019794.911995697,
2015-11-18,65.12191772460938,65.99796295166016,-0.3200842949576924,0,2.0,-2.0,1019794.911995697,
2015-11-19,64.80111694335938,66.79956817626953,0.9831613646906491,0,2.0,-2.0,1019794.911995697,
2015-11-20,64.80111694335938,66.33196258544922,0.5191938477696638,0,2.0,-2.0,1019794.911995697,
2015-11-23,64.48031616210938,66.39877319335938,1.0546570636948427,0,2.0,-2.0,1019794.911995697,
2015-11-24,64.80111694335938,66.13157653808594,0.31606878433854185,0,2.0,-2.0,1019794.911995697,
2015-11-25,63.710411071777344,66.13157653808594,2.070019677069911,-1,2.0,-2.0,1019729.7183161925,Short Spread
2015-11-26,63.6462516784668,66.33196258544922,2.267567822087524,-1,2.0,-2.0,1019200.6274348448,
2015-11-27,64.1595230102539,66.13157653808594,1.2433855752002567,-1,2.0,-2.0,1020627.9421931456,
2015-11-30,63.26129150390625,66.66596984863281,2.8852267440913977,-1,2.0,-2.0,1017762.6925593566,
2015-12-01,64.1595230102539,66.73277282714844,1.6355198675163063,-1,2.0,-2.0,1019425.5496150206,
2015-12-02,63.710411071777344,66.19837188720703,1.6559407467369727,-1,2.0,-2.0,1019596.1276179503,
2015-12-03,63.51792907714844,65.9311752319336,1.590542024202548,-1,2.0,-2.0,1019745.5569392394,
2015-12-04,63.38960647583008,66.13157653808594,1.8565065213127998,-1,2.0,-2.0,1019088.109124298,
2015-12-07,63.3254508972168,66.13157653808594,1.8484744332566836,-1,2.0,-2.0,1018959.7979670714,
2015-12-08,62.87633514404297,65.86437225341797,2.0503823623223143,-1,2.0,-2.0,1018595.9750300597,
2015-12-09,62.87633514404297,65.73078155517578,1.8438742735267248,-1,2.0,-2.0,1018863.1564265441,
2015-12-10,62.5555419921875,65.79756927490234,2.1425333653068726,-1,2.0,-2.0,1018087.99468338,
2015-12-11,62.87633514404297,65.46358489990234,1.4588014473672264,-1,2.0,-2.0,1019397.549737091,
2015-12-14,62.42721176147461,65.32997131347656,1.7646079405501756,-1,2.0,-2.0,1018766.5301448058,
2015-12-15,62.23473739624024,65.46358489990234,2.0366931164375983,-1,2.0,-2.0,1018114.3542414855,
2015-12-16,62.29888916015625,65.46358489990234,1.9112820154192414,-1,2.0,-2.0,1018242.6577693175,
2015-12-17,63.26129150390625,65.73078155517578,1.0610148444288625,-1,2.0,-2.0,1019633.0691462706,
2015-12-18,62.68385696411133,65.79756927490234,1.7200185929839695,-1,2.0,-2.0,1018344.6246272277,
2015-12-21,63.38960647583008,65.59717559814453,0.713084021988922,-1,2.0,-2.0,1020156.9110041808,
2015-12-22,62.94049072265625,66.39877319335938,1.8082127756548279,-1,2.0,-2.0,1017655.4843074034,
2015-12-23,62.87633514404297,66.39877319335938,1.7936564025009774,-1,2.0,-2.0,1017527.1731501769,
2015-12-24,63.1971435546875,66.39877319335938,1.3901162898890511,-1,2.0,-2.0,1018168.789971466,
2015-12-25,63.3254508972168,66.465576171875,1.2633281364625801,-1,2.0,-2.0,1018291.7986994933,
2015-12-28,63.58208847045898,66.465576171875,0.9625365110916689,-1,2.0,-2.0,1018805.0738459777,
2015-12-29,63.06880569458008,66.13157653808594,1.2199894485357734,-1,2.0,-2.0,1018446.507561798,
2015-12-30,62.87633514404297,66.19837188720703,1.4188433019443365,-1,2.0,-2.0,1017927.9757624816,
2015-12-31,64.1595230102539,66.19837188720703,0.0932474419070586,-1,2.0,-2.0,1020494.3514949034,
2016-01-04,62.87633514404297,65.59717559814453,0.9419287106968073,-1,2.0,-2.0,1019130.3683406066,
2016-01-05,63.13297271728516,65.99796295166016,0.9404911462712094,-1,2.0,-2.0,1018842.0687800597,
2016-01-06,62.5555419921875,65.9311752319336,1.4256947951197243,-1,2.0,-2.0,1017820.7827693175,
2016-01-07,62.5555419921875,66.26517486572266,1.597042492850825,-1,2.0,-2.0,1017152.7835017394,
2016-01-08,62.5555419921875,66.39877319335938,1.621363045749072,-1,2.0,-2.0,1016885.586846466,
2016-01-11,63.06880569458008,66.79956817626953,1.37383254157701,-1,2.0,-2.0,1017110.5242854308,
2016-01-12,63.83872222900391,67.46756744384766,1.04524321174359,-1,2.0,-2.0,1017314.3588191222,
2016-01-13,63.83872222900391,67.80155944824219,1.2467196496614565,-1,2.0,-2.0,1016646.3748103331,
2016-01-14,63.774559020996094,68.46955871582031,1.711361131356798,-1,2.0,-2.0,1015182.0498591613,
2016-01-15,62.87633514404297,67.46756744384766,1.8106529862671445,-1,2.0,-2.0,1015389.5846492003,
2016-01-18,62.87633514404297,66.79956817626953,1.3043739426845529,-1,2.0,-2.0,1016725.5831843566,
2016-01-19,62.87633514404297,67.80155944824219,1.939938955565996,-1,2.0,-2.0,1014721.6006404113,
2016-01-20,62.23473739624024,67.80155944824219,2.4215119771249523,-1,2.0,-2.0,1013438.4051448058,
2016-01-21,62.23473739624024,67.13356018066406,1.8973423846059718,-1,2.0,-2.0,1014774.403679962,
2016-01-22,63.710411071777344,67.13356018066406,0.48958144406035803,-1,2.0,-2.0,1017725.7510310363,
2016-01-25,64.09535217285156,68.13555145263672,0.7769977948553698,-1,2.0,-2.0,1016491.6506892394,
2016-01-26,63.06880569458008,68.13555145263672,1.701877793501646,-1,2.0,-2.0,1014438.5577326964,
2016-01-27,63.6462516784668,68.13555145263672,1.1144368726676093,-1,2.0,-2.0,1015593.4497004698,
2016-01-28,63.90288925170898,68.46955871582031,1.0639175918166182,-1,2.0,-2.0,1015438.710320587,
2016-01-29,64.1595230102539,68.80355072021484,1.015112022255153,-1,2.0,-2.0,1015283.9938288878,
2016-01-30,64.1595230102539,68.80355072021484,1.0024622780228098,-1,2.0,-2.0,1015283.9938288878,
2016-02-01,64.09535217285156,68.80355072021484,1.0495788696876551,-1,2.0,-2.0,1015155.6521540831,
2016-02-02,63.90288925170898,68.80355072021484,1.22109528445823,-1,2.0,-2.0,1014770.726311798,
2016-02-03,63.90288925170898,68.80355072021484,1.1885406349027778,-1,2.0,-2.0,1014770.726311798,
2016-02-15,63.58208847045898,69.80554962158203,2.209869699995828,-1,2.0,-2.0,1012125.1269465636,
2016-02-16,64.1595230102539,70.1395492553711,1.7804651973829164,-1,2.0,-2.0,1012611.9967585753,
2016-02-17,65.12191772460938,70.47354125976562,0.9833235430529927,-1,2.0,-2.0,1013868.8021784972,
2016-02-18,65.44271850585938,69.80554962158203,0.07693738480717831,-1,2.0,-2.0,1015846.3870173644,
2016-02-19,64.80111694335938,70.1395492553711,1.0625493190803856,-1,2.0,-2.0,1013895.1846247863,
2016-02-22,64.80111694335938,69.47154998779297,0.47103515623958786,-1,2.0,-2.0,1015231.1831599425,
2016-02-23,65.44271850585938,69.47154998779297,-0.3604365088864539,0,2.0,-2.0,1016448.9897142027,Close
2016-02-24,64.1595230102539,68.80355072021484,0.6462229862309095,0,2.0,-2.0,1016448.9897142027,
2016-02-25,65.44271850585938,69.80554962158203,-0.1564815473645562,0,2.0,-2.0,1016448.9897142027,
2016-02-26,65.76351928710938,69.80554962158203,-0.6291606386368163,0,2.0,-2.0,1016448.9897142027,
2016-03-01,66.40510559082031,70.47354125976562,-0.8743476566739565,0,2.0,-2.0,1016448.9897142027,
2016-03-02,66.40510559082031,70.47354125976562,-0.9231635251099409,0,2.0,-2.0,1016448.9897142027,
2016-03-03,66.72590637207031,70.80754089355469,-1.0244616014255827,0,2.0,-2.0,1016448.9897142027,
2016-03-04,65.44271850585938,70.80754089355469,0.8277242541498884,0,2.0,-2.0,1016448.9897142027,
2016-03-07,66.40510559082031,70.80754089355469,-0.6267341821608842,0,2.0,-2.0,1016448.9897142027,
2016-03-08,66.08431243896484,70.1395492553711,-0.8827075546906618,0,2.0,-2.0,1016448.9897142027,
2016-03-09,65.44271850585938,70.47354125976562,0.44006574848668634,0,2.0,-2.0,1016448.9897142027,
2016-03-10,65.76351928710938,70.80754089355469,0.29156741423743854,0,2.0,-2.0,1016448.9897142027,
2016-03-11,66.08431243896484,70.80754089355469,-0.21717517329130512,0,2.0,-2.0,1016448.9897142027,
2016-03-14,66.08431243896484,70.80754089355469,-0.22909140560493757,0,2.0,-2.0,1016448.9897142027,
2016-03-15,66.08431243896484,71.47554016113281,0.5047920830125543,0,2.0,-2.0,1016448.9897142027,
2016-03-16,65.76351928710938,71.80953216552734,1.3348651858627065,0,2.0,-2.0,1016448.9897142027,
2016-03-17,67.04670715332031,72.1435317993164,-0.3086089688772124,0,2.0,-2.0,1016448.9897142027,
2016-03-18,66.08431243896484,72.47752380371094,1.5155344913896651,0,2.0,-2.0,1016448.9897142027,
2016-03-21,66.72590637207031,72.1435317993164,0.1536307289876481,0,2.0,-2.0,1016448.9897142027,
2016-03-22,67.36750793457031,72.8115234375,-0.1288824673601303,0,2.0,-2.0,1016448.9897142027,
2016-03-23,67.36750793457031,72.8115234375,-0.13741623795899477,0,2.0,-2.0,1016448.9897142027,
2016-03-24,67.36750793457031,73.4795150756836,0.5880899351544644,0,2.0,-2.0,1016448.9897142027,
2016-03-25,67.04670715332031,73.81352233886719,1.4413342235696833,0,2.0,-2.0,1016448.9897142027,
2016-03-28,67.04670715332031,73.14552307128906,0.6612510040684327,0,2.0,-2.0,1016448.9897142027,
2016-03-29,66.40510559082031,72.8115234375,1.260458690585923,0,2.0,-2.0,1016448.9897142027,
2016-03-30,67.04670715332031,73.81352233886719,1.3257001312131853,0,2.0,-2.0,1016448.9897142027,
2016-03-31,67.04670715332031,73.14552307128906,0.5518120510081979,0,2.0,-2.0,1016448.9897142027,
2016-04-01,67.04670715332031,73.14552307128906,0.5287446950547834,0,2.0,-2.0,1016448.9897142027,
2016-04-06,65.76351928710938,71.47554016113281,0.6580755843529486,0,2.0,-2.0,1016448.9897142027,
2016-04-07,66.72590637207031,72.1435317993164,-0.18527611977277392,0,2.0,-2.0,1016448.9897142027,
2016-04-08,66.72590637207031,72.47752380371094,0.20145639950810432,0,2.0,-2.0,1016448.9897142027,
2016-04-11,68.00909423828125,73.14552307128906,-1.2492504536770728,0,2.0,-2.0,1016448.9897142027,
2016-04-12,67.68830108642578,73.14552307128906,-0.6749526781934279,0,2.0,-2.0,1016448.9897142027,
2016-04-13,67.68830108642578,73.4795150756836,-0.2492907978797434,0,2.0,-2.0,1016448.9897142027,
2016-04-14,67.36750793457031,73.14552307128906,-0.10030571973019381,0,2.0,-2.0,1016448.9897142027,
2016-04-15,68.32988739013672,73.81352233886719,-0.9584725252191268,0,2.0,-2.0,1016448.9897142027,
2016-04-18,68.32988739013672,74.14751434326172,-0.5464363923207094,0,2.0,-2.0,1016448.9897142027,
2016-04-19,68.32988739013672,73.14552307128906,-1.7601223966245523,0,2.0,-2.0,1016448.9897142027,
2016-04-20,68.00909423828125,72.8115234375,-1.550505352621122,0,2.0,-2.0,1016448.9897142027,
2016-04-21,68.00909423828125,73.4795150756836,-0.7113931599076446,0,2.0,-2.0,1016448.9897142027,
2016-04-22,68.00909423828125,73.81352233886719,-0.2996465603873692,0,2.0,-2.0,1016448.9897142027,
2016-04-25,68.00909423828125,74.48152160644531,0.530499900663899,0,2.0,-2.0,1016448.9897142027,
2016-04-26,68.32988739013672,73.4795150756836,-1.239556950918607,0,2.0,-2.0,1016448.9897142027,
2016-04-27,68.32988739013672,73.4795150756836,-1.203804609823323,0,2.0,-2.0,1016448.9897142027,
2016-04-28,68.00909423828125,72.8115234375,-1.461182591509896,0,2.0,-2.0,1016448.9897142027,
2016-04-29,68.32988739013672,72.8115234375,-1.9441960076442306,0,2.0,-2.0,1016448.9897142027,
2016-05-03,68.97149658203125,73.81352233886719,-1.7490836427446552,0,2.0,-2.0,1016448.9897142027,
2016-05-04,68.97149658203125,73.81352233886719,-1.6735079778368618,0,2.0,-2.0,1016448.9897142027,
2016-05-05,68.32988739013672,73.14552307128906,-1.3453774588163883,0,2.0,-2.0,1016448.9897142027,
2016-05-06,68.65069580078125,73.4795150756836,-1.4272487465833146,0,2.0,-2.0,1016448.9897142027,
2016-05-09,69.29228973388672,73.81352233886719,-1.9750630933532438,0,2.0,-2.0,1016448.9897142027,
2016-05-10,70.89627075195312,74.14751434326172,-3.5810751995181973,1,2.0,-2.0,1016383.1879627989,Long Spread
2016-05-11,71.2170639038086,73.81352233886719,-3.7439998706726154,1,2.0,-2.0,1015073.6176502989,
2016-05-12,71.2170639038086,74.48152160644531,-2.883771075059526,1,2.0,-2.0,1016409.6161854551,
2016-05-13,70.89627075195312,74.81552124023438,-2.16500536784864,1,2.0,-2.0,1017719.2017567442,
2016-05-16,70.89627075195312,73.81352233886719,-2.7641411285706567,1,2.0,-2.0,1015715.2039540098,
2016-05-17,71.53787231445312,73.81352233886719,-3.110639663448393,1,2.0,-2.0,1014432.0008290098,
2016-05-18,71.8586654663086,74.14751434326172,-2.9016869693899094,1,2.0,-2.0,1014458.3985340879,
2016-05-19,70.89627075195312,73.14552307128906,-2.4889248314233057,1,2.0,-2.0,1014379.2054188536,
2016-05-20,71.2170639038086,73.4795150756836,-2.3892135024142553,1,2.0,-2.0,1014405.6031239317,
2016-05-23,70.89627075195312,73.4795150756836,-2.0122183355914074,1,2.0,-2.0,1015047.1894276426,
2016-05-24,71.2170639038086,73.81352233886719,-1.9717621412448014,1,2.0,-2.0,1015073.6176502989,
2016-05-25,71.53787231445312,73.81352233886719,-2.0968762567384025,1,2.0,-2.0,1014432.0008290098,
2016-05-26,70.57546997070312,73.4795150756836,-1.4970464655379512,1,2.0,-2.0,1015688.7909901426,
2016-05-27,71.2170639038086,73.81352233886719,-1.7183594381556389,1,2.0,-2.0,1015073.6176502989,
2016-05-30,71.53787231445312,73.4795150756836,-2.008621899558349,1,2.0,-2.0,1013763.9863026426,
2016-05-31,71.53787231445312,73.4795150756836,-1.911914151049098,1,2.0,-2.0,1013763.9863026426,
2016-06-01,70.89627075195312,73.81352233886719,-1.2780290404820607,1,2.0,-2.0,1015715.2039540098,
2016-06-02,70.89627075195312,74.14751434326172,-1.0865294597153332,1,2.0,-2.0,1016383.1879627989,
2016-06-03,71.8586654663086,74.81552124023438,-1.3579036670570348,1,2.0,-2.0,1015794.4123280332,
2016-06-04,71.8586654663086,74.81552124023438,-1.3094855224504525,1,2.0,-2.0,1015794.4123280332,
2016-06-06,71.8586654663086,74.81552124023438,-1.2636338339687712,1,2.0,-2.0,1015794.4123280332,
2016-06-07,72.50025177001953,75.1495132446289,-1.461577655319624,1,2.0,-2.0,1015179.2237294004,
2016-06-08,73.14186096191406,75.48351287841797,-1.6410979625990738,1,2.0,-2.0,1014564.0046131895,
2016-06-13,72.82106018066406,74.81552124023438,-1.6630306359221354,1,2.0,-2.0,1013869.6228993223,
2016-06-14,73.46265411376953,74.81552124023438,-1.9551728468617693,1,2.0,-2.0,1012586.4350331114,
2016-06-15,74.104248046875,75.1495132446289,-2.0732056844269424,1,2.0,-2.0,1011971.2311756895,
2016-06-16,72.82106018066406,74.81552124023438,-1.4281392719100543,1,2.0,-2.0,1013869.6228993223,
2016-06-17,73.46265411376953,75.1495132446289,-1.591898700222289,1,2.0,-2.0,1013254.4190419004,
2016-06-20,73.78345489501953,75.48351287841797,-1.5728899414618074,1,2.0,-2.0,1013280.8167469786,
2016-06-21,73.14186096191406,75.48351287841797,-1.1762566125636391,1,2.0,-2.0,1014564.0046131895,
2016-06-22,73.14186096191406,75.8175048828125,-1.0115296369815305,1,2.0,-2.0,1015231.9886219786,
2016-06-23,73.14186096191406,75.48351287841797,-1.1101408459112683,1,2.0,-2.0,1014564.0046131895,
2016-06-24,72.1794662475586,75.1495132446289,-0.6782096699628062,1,2.0,-2.0,1015820.7947743223,
2016-06-27,72.50025177001953,74.81552124023438,-0.9660947362981507,1,2.0,-2.0,1014511.2397206114,
2016-06-28,72.50025177001953,75.1495132446289,-0.8033671065600994,1,2.0,-2.0,1015179.2237294004,
2016-06-29,73.78345489501953,76.15150451660156,-1.1060009639372568,1,2.0,-2.0,1014616.8000233457,
2016-06-30,75.87419891357422,77.82148742675781,-1.5903882018114146,1,2.0,-2.0,1013775.2778065489,
2016-07-01,75.87419891357422,78.82349395751953,-1.134359863252436,1,2.0,-2.0,1015779.2908680723,
2016-07-04,74.86255645751953,79.49148559570312,-0.20856642988018903,1,2.0,-2.0,1019138.5590565489,
2016-07-05,74.52533721923828,78.82349395751953,-0.267069602084289,1,2.0,-2.0,1018477.0142567442,
2016-07-06,74.52533721923828,78.48949432373047,-0.39446732426965436,1,2.0,-2.0,1017809.014989166,
2016-07-07,75.87419891357422,78.82349395751953,-1.0762582101043803,1,2.0,-2.0,1015779.2908680723,
2016-07-08,75.87419891357422,78.82349395751953,-1.0477550367994177,1,2.0,-2.0,1015779.2908680723,
2016-07-11,76.88587188720703,81.8294677734375,-0.27262945608722366,1,2.0,-2.0,1019767.8925526426,
2016-07-12,76.21142578125,82.49746704101562,0.5445454325083134,0,2.0,-2.0,1022386.4349440001,Close
2016-07-13,76.88587188720703,81.16146850585938,-0.566062425278583,0,2.0,-2.0,1022386.4349440001,
2016-07-14,75.19977569580078,80.15948486328125,0.1594156323715809,0,2.0,-2.0,1022386.4349440001,
2016-07-15,75.87419891357422,82.16346740722656,0.7387774803131719,0,2.0,-2.0,1022386.4349440001,
2016-07-18,76.88587188720703,82.83145904541016,0.3789134909547173,0,2.0,-2.0,1022386.4349440001,
2016-07-19,76.54863739013672,82.49746704101562,0.5083027565398346,0,2.0,-2.0,1022386.4349440001,
2016-07-20,76.21142578125,82.16346740722656,0.6698315582203751,0,2.0,-2.0,1022386.4349440001,
2016-07-21,76.54863739013672,82.852294921875,0.8538235429195601,0,2.0,-2.0,1022386.4349440001,
2016-07-22,74.86255645751953,81.10435485839844,1.305038526138858,0,2.0,-2.0,1022386.4349440001,
2016-07-25,74.1881103515625,81.10435485839844,1.9494157342467242,0,2.0,-2.0,1022386.4349440001,
2016-07-26,74.1881103515625,81.10435485839844,1.946049184542115,0,2.0,-2.0,1022386.4349440001,
2016-07-27,74.86255645751953,81.45393371582031,1.5770567782513065,0,2.0,-2.0,1022386.4349440001,
2016-07-28,75.53699493408203,81.45393371582031,0.9858559619404835,0,2.0,-2.0,1022386.4349440001,
2016-07-29,74.1881103515625,79.3564224243164,0.9030888380036985,0,2.0,-2.0,1022386.4349440001,
2016-08-01,74.86255645751953,80.40518188476562,1.0347049748773784,0,2.0,-2.0,1022386.4349440001,
2016-08-02,74.52533721923828,80.40518188476562,1.4190664431519726,0,2.0,-2.0,1022386.4349440001,
2016-08-03,74.52533721923828,80.75477600097656,1.6297388743388843,0,2.0,-2.0,1022386.4349440001,
2016-08-04,74.52533721923828,80.75477600097656,1.5672519455683107,0,2.0,-2.0,1022386.4349440001,
2016-08-05,74.86255645751953,80.40518188476562,0.9552126248877454,0,2.0,-2.0,1022386.4349440001,
2016-08-08,76.54863739013672,81.45393371582031,0.021819870964174194,0,2.0,-2.0,1022386.4349440001,
2016-08-09,77.56029510498047,81.45393371582031,-0.9796217552681744,0,2.0,-2.0,1022386.4349440001,
2016-08-10,77.56029510498047,81.45393371582031,-0.9632747941823099,0,2.0,-2.0,1022386.4349440001,
2016-08-11,77.89751434326172,81.45393371582031,-1.2718620372471205,0,2.0,-2.0,1022386.4349440001,
2016-08-12,78.2347412109375,80.40518188476562,-2.211326751175165,1,2.0,-2.0,1022320.0893470763,Long Spread
2016-08-15,78.2347412109375,80.75477600097656,-1.8864014464457823,1,2.0,-2.0,1023019.2775794981,
2016-08-16,77.22308349609375,80.40518188476562,-1.1503145207773582,1,2.0,-2.0,1024343.4047767638,
2016-08-17,76.88587188720703,79.3564224243164,-1.4682994745587916,1,2.0,-2.0,1022920.3090736388,
2016-08-18,76.88587188720703,79.3564224243164,-1.4225624189035337,1,2.0,-2.0,1022920.3090736388,
2016-08-19,75.19977569580078,79.3564224243164,0.06219545747816135,0,2.0,-2.0,1026226.3192085264,Close
2016-08-22,75.53699493408203,79.70600128173828,-0.013574498980620055,0,2.0,-2.0,1026226.3192085264,
2016-08-23,75.87419891357422,80.40518188476562,0.118843051309303,0,2.0,-2.0,1026226.3192085264,
2016-08-24,76.88587188720703,80.75477600097656,-0.5487598617245142,0,2.0,-2.0,1026226.3192085264,
2016-08-25,76.88587188720703,81.45393371582031,-0.10371379032520074,0,2.0,-2.0,1026226.3192085264,
2016-08-26,76.88587188720703,81.10435485839844,-0.30797561339323515,0,2.0,-2.0,1026226.3192085264,
2016-08-29,76.54863739013672,80.75477600097656,-0.2232736820052933,0,2.0,-2.0,1026226.3192085264,
2016-08-30,76.54863739013672,80.40518188476562,-0.43150990779217496,0,2.0,-2.0,1026226.3192085264,
2016-08-31,75.19977569580078,80.05559539794922,0.5294997440068075,0,2.0,-2.0,1026226.3192085264,
2016-09-01,75.53699493408203,79.0068359375,-0.4172671287625844,0,2.0,-2.0,1026226.3192085264,
2016-09-02,75.19977569580078,79.0068359375,-0.12842132477634682,0,2.0,-2.0,1026226.3192085264,
2016-09-05,75.87419891357422,79.70600128173828,-0.2908736383017035,0,2.0,-2.0,1026226.3192085264,
2016-09-06,75.53699493408203,80.05559539794922,0.20401102778126623,0,2.0,-2.0,1026226.3192085264,
2016-09-07,76.54863739013672,80.05559539794922,-0.7286207799586597,0,2.0,-2.0,1026226.3192085264,
2016-09-08,76.54863739013672,79.70600128173828,-0.9483348880875613,0,2.0,-2.0,1026226.3192085264,
2016-09-09,76.21142578125,79.3564224243164,-0.875147914588716,0,2.0,-2.0,1026226.3192085264,
2016-09-10,76.21142578125,79.3564224243164,-0.8847673913088289,0,2.0,-2.0,1026226.3192085264,
2016-09-12,75.53699493408203,79.0068359375,-0.49742422452155094,0,2.0,-2.0,1026226.3192085264,
2016-09-13,74.86255645751953,78.30766296386719,-0.33639201907476024,0,2.0,-2.0,1026226.3192085264,
2016-09-14,75.19977569580078,77.95807647705078,-0.8660598354611868,0,2.0,-2.0,1026226.3192085264,
2016-09-19,77.56029510498047,77.95807647705078,-2.7677072864380277,1,2.0,-2.0,1026160.0984736631,Long Spread
2016-09-20,76.88587188720703,77.95807647705078,-2.083221628059599,1,2.0,-2.0,1027508.94490921,
2016-09-21,76.88587188720703,77.95807647705078,-1.9803831389429658,1,2.0,-2.0,1027508.94490921,
2016-09-22,76.54863739013672,77.95807647705078,-1.657596500777419,1,2.0,-2.0,1028183.4139033506,
2016-09-23,77.22308349609375,77.95807647705078,-2.106151397811459,1,2.0,-2.0,1026834.5216914365,
2016-09-26,76.54863739013672,78.30766296386719,-1.3786522480453736,1,2.0,-2.0,1028882.5868769834,
2016-09-27,76.54863739013672,78.30766296386719,-1.329513522578187,1,2.0,-2.0,1028882.5868769834,
2016-09-28,76.54863739013672,78.30766296386719,-1.2836715657773838,1,2.0,-2.0,1028882.5868769834,
2016-09-29,76.54863739013672,78.30766296386719,-1.241665485429498,1,2.0,-2.0,1028882.5868769834,
2016-09-30,76.54863739013672,77.60847473144531,-1.5496634611257383,1,2.0,-2.0,1027484.2104121397,
2016-10-03,76.54863739013672,77.60847473144531,-1.5043394798947713,1,2.0,-2.0,1027484.2104121397,
2016-10-04,76.21142578125,78.30766296386719,-0.9021154334981364,1,2.0,-2.0,1029557.0100947568,
2016-10-05,76.54863739013672,78.30766296386719,-1.0962624075889165,1,2.0,-2.0,1028882.5868769834,
2016-10-06,75.87419891357422,78.65724182128906,-0.45339462429651683,1,2.0,-2.0,1030930.6215449522,
2016-10-07,75.19977569580078,78.30766296386719,-0.14763602201635764,1,2.0,-2.0,1031580.3102656553,
2016-10-11,75.19977569580078,78.30766296386719,-0.12566234814379093,1,2.0,-2.0,1031580.3102656553,
2016-10-12,75.53699493408203,78.30766296386719,-0.3414407652829902,1,2.0,-2.0,1030905.8717890928,
2016-10-13,75.87419891357422,78.30766296386719,-0.5550066778063399,1,2.0,-2.0,1030231.4638301084,
2016-10-14,75.19977569580078,77.95807647705078,-0.23328147348098613,1,2.0,-2.0,1030881.1372920225,
2016-10-17,74.86255645751953,78.65724182128906,0.3842153025583431,0,2.0,-2.0,1032887.7656651303,Close
2016-10-18,75.19977569580078,78.65724182128906,0.16894824683408902,0,2.0,-2.0,1032887.7656651303,
2016-10-19,74.86255645751953,77.95807647705078,0.08978248460783274,0,2.0,-2.0,1032887.7656651303,
2016-10-20,74.86255645751953,77.95807647705078,0.1339443116844227,0,2.0,-2.0,1032887.7656651303,
2016-10-21,75.19977569580078,78.30766296386719,0.10108420135606083,0,2.0,-2.0,1032887.7656651303,
2016-10-24,75.19977569580078,78.65724182128906,0.3444819947969546,0,2.0,-2.0,1032887.7656651303,
2016-10-25,75.53699493408203,77.95807647705078,-0.3571284891903676,0,2.0,-2.0,1032887.7656651303,
2016-10-26,75.19977569580078,77.95807647705078,-0.026251182043519627,0,2.0,-2.0,1032887.7656651303,
2016-10-27,74.52533721923828,77.60847473144531,0.4115574490289433,0,2.0,-2.0,1032887.7656651303,
2016-10-28,74.52533721923828,77.2588882446289,0.226145094840031,0,2.0,-2.0,1032887.7656651303,
2016-10-31,74.52533721923828,75.51094818115234,-1.034713211475876,0,2.0,-2.0,1032887.7656651303,
2016-11-01,73.51368713378906,76.21012878417969,0.6525648558218092,0,2.0,-2.0,1032887.7656651303,
2016-11-02,73.51368713378906,75.51094818115234,0.11460333929273765,0,2.0,-2.0,1032887.7656651303,
2016-11-03,73.51368713378906,75.86053466796875,0.3995841536679095,0,2.0,-2.0,1032887.7656651303,
2016-11-04,72.83924102783203,75.51094818115234,0.8747505689392556,0,2.0,-2.0,1032887.7656651303,
2016-11-07,73.85089111328125,75.86053466796875,0.0010126572344817954,0,2.0,-2.0,1032887.7656651303,
2016-11-08,74.1881103515625,76.90929412841797,0.44545845557803093,0,2.0,-2.0,1032887.7656651303,
2016-11-09,73.17645263671875,76.21012878417969,1.007238528937454,0,2.0,-2.0,1032887.7656651303,
2016-11-10,73.17645263671875,76.21012878417969,0.9789643123990316,0,2.0,-2.0,1032887.7656651303,
2016-11-11,71.15314483642578,74.81178283691406,2.045940995786722,-1,2.0,-2.0,1032821.9270680234,Short Spread
2016-11-14,71.15314483642578,73.4134292602539,0.9068434424928324,-1,2.0,-2.0,1035618.6342213437,
2016-11-15,70.1414794921875,72.71424865722656,1.4602454677788481,-1,2.0,-2.0,1034993.6647389218,
2016-11-16,70.81592559814453,74.11260223388672,1.7667065279333827,-1,2.0,-2.0,1033545.8497975155,
2016-11-17,71.49036407470703,73.76300811767578,0.7787841998722539,-1,2.0,-2.0,1035593.9149830624,
2016-11-18,71.49036407470703,73.76300811767578,0.7679568209591272,-1,2.0,-2.0,1035593.9149830624,
2016-11-21,71.49036407470703,73.4134292602539,0.506243052803802,-1,2.0,-2.0,1036293.0726979062,
2016-11-22,71.49036407470703,74.11260223388672,1.0338287545275242,-1,2.0,-2.0,1034894.7267506405,
2016-11-23,72.50200653076172,75.16136169433594,0.7453328043606392,-1,2.0,-2.0,1034820.4927418515,
2016-11-24,72.16480255126953,75.16136169433594,1.088280892969123,-1,2.0,-2.0,1034146.0847828671,
2016-11-25,72.50200653076172,75.16136169433594,0.7536805832325565,-1,2.0,-2.0,1034820.4927418515,
2016-11-28,72.83924102783203,75.16136169433594,0.38721229048689043,-1,2.0,-2.0,1035494.9617359921,
2016-11-29,72.50200653076172,75.16136169433594,0.7557755384500453,-1,2.0,-2.0,1034820.4927418515,
2016-11-30,72.50200653076172,75.16136169433594,0.7519912910159597,-1,2.0,-2.0,1034820.4927418515,
2016-12-01,71.15314483642578,74.46219635009766,1.653203372957872,-1,2.0,-2.0,1033521.1000416562,
2016-12-02,71.15314483642578,74.11260223388672,1.3431761804959823,-1,2.0,-2.0,1034220.288274078,
2016-12-05,71.49036407470703,74.11260223388672,0.9592223029073276,-1,2.0,-2.0,1034894.7267506405,
2016-12-06,71.49036407470703,74.11260223388672,0.9348304165867709,-1,2.0,-2.0,1034894.7267506405,
2016-12-07,71.49036407470703,74.11260223388672,0.9111223679965529,-1,2.0,-2.0,1034894.7267506405,
2016-12-08,72.16480255126953,74.11260223388672,0.21415712749487786,-1,2.0,-2.0,1036243.6037037655,
2016-12-09,71.15314483642578,73.4134292602539,0.7413757505119712,-1,2.0,-2.0,1035618.6342213437,
2016-12-12,70.81592559814453,73.4134292602539,1.0600659821732326,-1,2.0,-2.0,1034944.1957447812,
2016-12-13,70.81592559814453,73.0638427734375,0.790478311903852,-1,2.0,-2.0,1035643.368718414,
2016-12-14,70.1414794921875,73.0638427734375,1.4847719645718649,-1,2.0,-2.0,1034294.4765064999,
2016-12-15,70.1414794921875,72.71424865722656,1.1880214674180702,-1,2.0,-2.0,1034993.6647389218,
2016-12-16,69.46704864501953,72.01507568359375,1.3522738283072195,-1,2.0,-2.0,1035043.1489918515,
2016-12-19,69.12983703613281,70.96630859375,0.8750279613451529,-1,2.0,-2.0,1036466.2599537655,
2016-12-20,69.80427551269531,70.96630859375,0.02600321554038316,-1,2.0,-2.0,1037815.1369068905,
2016-12-21,68.79261016845703,70.61672973632812,0.9533498048170663,-1,2.0,-2.0,1036490.9639332577,
2016-12-22,69.12983703613281,70.61672973632812,0.4964964709825139,-1,2.0,-2.0,1037165.4176686093,
2016-12-23,68.79261016845703,70.61672973632812,0.919717190503218,-1,2.0,-2.0,1036490.9639332577,
2016-12-26,68.79261016845703,70.61672973632812,0.9178189936910833,-1,2.0,-2.0,1036490.9639332577,
2016-12-27,68.79261016845703,70.61672973632812,0.9261606530276273,-1,2.0,-2.0,1036490.9639332577,
2016-12-28,68.45539093017578,70.96630859375,1.8141104515456532,-1,2.0,-2.0,1035117.3677418515,
2016-12-29,68.79261016845703,70.96630859375,1.2756858847541583,-1,2.0,-2.0,1035791.806218414,
2016-12-30,70.1414794921875,70.96630859375,-1.0447625030340018,0,2.0,-2.0,1038423.9005543515,Close
2017-01-03,70.47870635986328,71.66548919677734,-0.7677941608197107,0,2.0,-2.0,1038423.9005543515,
2017-01-04,71.82757568359375,72.36466979980469,-2.1322422749113277,1,2.0,-2.0,1038358.1328645322,Long Spread
2017-01-05,72.50200653076172,73.0638427734375,-2.324279879451971,1,2.0,-2.0,1038407.6171174619,
2017-01-06,71.49036407470703,72.01507568359375,-1.8871511671703416,1,2.0,-2.0,1038333.3678498837,
2017-01-09,71.15314483642578,71.31590270996094,-2.065718585794784,1,2.0,-2.0,1037609.4603791806,
2017-01-10,71.15314483642578,71.31590270996094,-1.959661641528095,1,2.0,-2.0,1037609.4603791806,
2017-01-11,72.16480255126953,70.96630859375,-3.395422564432414,1,2.0,-2.0,1034886.9567170712,
2017-01-12,71.82757568359375,71.31590270996094,-2.4364722100144705,1,2.0,-2.0,1036260.5986848447,
2017-01-13,72.50200653076172,71.31590270996094,-2.9881225206452493,1,2.0,-2.0,1034911.7369905087,
2017-01-16,72.16480255126953,71.31590270996094,-2.423518748618252,1,2.0,-2.0,1035586.1449494931,
2017-01-17,72.50200653076172,71.66548919677734,-2.3578317605900523,1,2.0,-2.0,1035610.9099641416,
2017-01-18,72.16480255126953,70.96630859375,-2.3876802123386476,1,2.0,-2.0,1034886.9567170712,
2017-01-19,71.15314483642578,70.61672973632812,-1.5643196953857195,1,2.0,-2.0,1036211.114431915,
2017-01-20,70.81592559814453,70.96630859375,-0.9585280483381157,1,2.0,-2.0,1037584.7106233212,
2017-01-23,71.15314483642578,70.96630859375,-1.2552194560444478,1,2.0,-2.0,1036910.2721467587,
2017-01-24,70.47870635986328,71.31590270996094,-0.38193707855529124,1,2.0,-2.0,1038958.3373323056,
2017-02-02,68.79261016845703,69.91754913330078,0.29497200278339675,0,2.0,-2.0,1039468.2741554257,Close
2017-02-03,69.12983703613281,69.91754913330078,-0.04401340793371131,0,2.0,-2.0,1039468.2741554257,
2017-02-06,70.81592559814453,70.26713562011719,-1.4167592671593983,0,2.0,-2.0,1039468.2741554257,
2017-02-07,70.47870635986328,70.61672973632812,-0.8255674471842716,0,2.0,-2.0,1039468.2741554257,
2017-02-08,70.1414794921875,70.26713562011719,-0.7339459113657778,0,2.0,-2.0,1039468.2741554257,
2017-02-09,70.81592559814453,69.91754913330078,-1.5627861486494214,0,2.0,-2.0,1039468.2741554257,
2017-02-10,70.81592559814453,70.61672973632812,-1.0598844033100552,0,2.0,-2.0,1039468.2741554257,
2017-02-13,70.81592559814453,70.61672973632812,-1.0270255580908436,0,2.0,-2.0,1039468.2741554257,
2017-02-14,71.82757568359375,70.61672973632812,-1.8827969004644998,0,2.0,-2.0,1039468.2741554257,
2017-02-15,71.49036407470703,70.61672973632812,-1.5122152447940231,0,2.0,-2.0,1039468.2741554257,
2017-02-16,71.82757568359375,70.61672973632812,-1.7374786033572767,0,2.0,-2.0,1039468.2741554257,
2017-02-17,71.82757568359375,70.61672973632812,-1.671508937915097,0,2.0,-2.0,1039468.2741554257,
2017-02-18,71.82757568359375,70.61672973632812,-1.6020816764403536,0,2.0,-2.0,1039468.2741554257,
2017-02-20,72.16480255126953,70.96630859375,-1.6080681534844825,0,2.0,-2.0,1039468.2741554257,
2017-02-21,72.83924102783203,70.61672973632812,-2.23909080718137,1,2.0,-2.0,1039402.5359165951,Long Spread
2017-02-22,72.16480255126953,70.61672973632812,-1.6249491383645978,1,2.0,-2.0,1040751.4128697201,
2017-02-23,72.83924102783203,71.31590270996094,-1.688149699093171,1,2.0,-2.0,1040800.8818638608,
2017-02-24,72.83924102783203,71.31590270996094,-1.619343688985971,1,2.0,-2.0,1040800.8818638608,
2017-03-01,72.83924102783203,70.96630859375,-1.7291006701605534,1,2.0,-2.0,1040101.6936314389,
2017-03-02,72.83924102783203,71.31590270996094,-1.4832016991274413,1,2.0,-2.0,1040800.8818638608,
2017-03-03,73.17645263671875,71.66548919677734,-1.4880971952791158,1,2.0,-2.0,1040825.6316197201,
2017-03-06,72.83924102783203,71.66548919677734,-1.2010949623729248,1,2.0,-2.0,1041500.0548374936,
2017-03-07,73.51368713378906,71.66548919677734,-1.6262902947489666,1,2.0,-2.0,1040151.1626255795,
2017-03-08,73.17645263671875,72.01507568359375,-1.168183579666881,1,2.0,-2.0,1041524.804593353,
2017-03-09,73.17645263671875,72.36466979980469,-0.9570353845102013,1,2.0,-2.0,1042223.9928257748,
2017-03-10,73.51368713378906,72.01507568359375,-1.3319697945153233,1,2.0,-2.0,1040850.3355992123,
2017-03-13,73.85089111328125,72.36466979980469,-1.3475426613324841,1,2.0,-2.0,1040875.1158726498,
2017-03-14,73.85089111328125,72.36466979980469,-1.2996504147299754,1,2.0,-2.0,1040875.1158726498,
2017-03-15,74.1881103515625,72.01507568359375,-1.6463216868838468,1,2.0,-2.0,1039501.4891636655,
2017-03-16,73.85089111328125,72.71424865722656,-1.0295519055476754,1,2.0,-2.0,1041574.2735874936,
2017-03-17,74.1881103515625,73.4134292602539,-0.8864181233730758,1,2.0,-2.0,1042298.1963169858,
2017-03-20,75.19977569580078,74.11260223388672,-1.2200980627031335,1,2.0,-2.0,1041673.2115757748,
2017-03-21,75.53699493408203,74.11260223388672,-1.4223228902793212,1,2.0,-2.0,1040998.7730992123,
2017-03-22,75.19977569580078,73.0638427734375,-1.6727938090271972,1,2.0,-2.0,1039575.6926548764,
2017-03-23,75.19977569580078,73.0638427734375,-1.619995265100033,1,2.0,-2.0,1039575.6926548764,
2017-03-24,75.53699493408203,73.0638427734375,-1.7893819192404847,1,2.0,-2.0,1038901.2541783139,
2017-03-27,76.54863739013672,73.4134292602539,-2.2379733153085346,1,2.0,-2.0,1037577.1422398373,
2017-03-28,75.19977569580078,73.4134292602539,-1.2395953506026707,1,2.0,-2.0,1040274.8656285092,
2017-03-29,75.19977569580078,72.71424865722656,-1.5583307856784037,1,2.0,-2.0,1038876.5044224545,
2017-03-30,75.19977569580078,72.71424865722656,-1.5232462593592258,1,2.0,-2.0,1038876.5044224545,
2017-03-31,75.19977569580078,72.01507568359375,-1.8441629602250142,1,2.0,-2.0,1037478.1584751889,
2017-04-05,76.21142578125,72.36466979980469,-2.363843023989981,1,2.0,-2.0,1036154.0465367123,
2017-04-06,76.54863739013672,72.71424865722656,-2.365221744044426,1,2.0,-2.0,1036178.7810337826,
2017-04-07,76.88587188720703,73.0638427734375,-2.305383555125626,1,2.0,-2.0,1036203.5002720639,
2017-04-10,76.21142578125,72.71424865722656,-1.9142923066512234,1,2.0,-2.0,1036853.2042515561,
2017-04-11,76.88587188720703,72.36466979980469,-2.4312028080007395,1,2.0,-2.0,1034805.1543247983,
2017-04-12,76.21142578125,72.36466979980469,-1.8618846865276661,1,2.0,-2.0,1036154.0465367123,
2017-04-13,76.54863739013672,72.36466979980469,-1.996253595608587,1,2.0,-2.0,1035479.6233189389,
2017-04-14,76.21142578125,72.36466979980469,-1.6949040769837582,1,2.0,-2.0,1036154.0465367123,
2017-04-17,76.88587188720703,73.0638427734375,-1.7384195693002709,1,2.0,-2.0,1036203.5002720639,
2017-04-18,76.54863739013672,72.71424865722656,-1.6103333650000673,1,2.0,-2.0,1036178.7810337826,
2017-04-19,74.52533721923828,72.01507568359375,-0.6002339474033662,1,2.0,-2.0,1038827.0354283139,
2017-04-20,74.1881103515625,71.66548919677734,-0.5267507773542448,1,2.0,-2.0,1038802.3161900326,
2017-04-21,74.86255645751953,72.01507568359375,-0.7774724721205726,1,2.0,-2.0,1038152.5969517514,
2017-04-24,74.52533721923828,72.01507568359375,-0.5403468465654231,1,2.0,-2.0,1038827.0354283139,
2017-04-25,75.53699493408203,72.36466979980469,-1.0020424410954187,1,2.0,-2.0,1037502.9082310483,
2017-04-26,75.53699493408203,72.01507568359375,-1.1235567917809248,1,2.0,-2.0,1036803.7199986264,
2017-04-27,74.86255645751953,72.01507568359375,-0.6645425945297428,1,2.0,-2.0,1038152.5969517514,
2017-04-28,75.19977569580078,71.31590270996094,-1.1693437995018037,1,2.0,-2.0,1036079.8125279233,
2017-05-02,75.19977569580078,72.01507568359375,-0.8202851348665793,1,2.0,-2.0,1037478.1584751889,
2017-05-03,76.21142578125,72.36466979980469,-1.3203073131793142,1,2.0,-2.0,1036154.0465367123,
2017-05-04,77.22308349609375,72.71424865722656,-1.8230528100509447,1,2.0,-2.0,1034829.8888218686,
2017-05-05,75.87419891357422,72.36466979980469,-1.0064425213659134,1,2.0,-2.0,1036828.5002720639,
2017-05-08,76.88587188720703,73.0638427734375,-1.3473679659901197,1,2.0,-2.0,1036203.5002720639,
2017-05-09,75.87419891357422,73.4134292602539,-0.39201111663672084,1,2.0,-2.0,1038926.0191929623,
2017-05-10,75.87419891357422,73.0638427734375,-0.557355032827512,1,2.0,-2.0,1038226.8462193295,
2017-05-11,76.88587188720703,73.0638427734375,-1.319813090355434,1,2.0,-2.0,1036203.5002720639,
2017-05-12,77.22308349609375,73.76300811767578,-1.1696594977548311,1,2.0,-2.0,1036927.407742767,
2017-05-15,76.88587188720703,74.11260223388672,-0.6619124425827296,1,2.0,-2.0,1038301.0191929623,
2017-05-16,76.88587188720703,74.11260223388672,-0.6366046254151234,1,2.0,-2.0,1038301.0191929623,
2017-05-17,76.54863739013672,74.11260223388672,-0.32344594596679477,1,2.0,-2.0,1038975.488187103,
2017-05-18,76.88587188720703,74.11260223388672,-0.5918323509753368,1,2.0,-2.0,1038301.0191929623,
2017-05-19,76.54863739013672,73.76300811767578,-0.4876973294320695,1,2.0,-2.0,1038276.2999546811,
2017-05-22,76.88587188720703,74.11260223388672,-0.5426769142765002,1,2.0,-2.0,1038301.0191929623,
2017-05-23,76.54863739013672,74.11260223388672,-0.21116396234132281,1,2.0,-2.0,1038975.488187103,
2017-05-24,75.87419891357422,74.11260223388672,0.44895442388733225,0,2.0,-2.0,1040258.365668182,Close
2017-05-25,75.87419891357422,74.81178283691406,0.943572435433148,0,2.0,-2.0,1040258.365668182,
2017-05-26,76.21142578125,74.81178283691406,0.6417423350174507,0,2.0,-2.0,1040258.365668182,
2017-05-31,75.53699493408203,75.16136169433594,1.5329204621066432,0,2.0,-2.0,1040258.365668182,
2017-06-01,76.21142578125,75.51094818115234,1.1337836954877807,0,2.0,-2.0,1040258.365668182,
2017-06-02,76.21142578125,75.51094818115234,1.1459713725697316,0,2.0,-2.0,1040258.365668182,
2017-06-03,76.21142578125,75.51094818115234,1.1749133585517006,0,2.0,-2.0,1040258.365668182,
2017-06-05,76.54863739013672,75.51094818115234,0.8451409557343978,0,2.0,-2.0,1040258.365668182,
2017-06-06,76.21142578125,75.51094818115234,1.211800919892765,0,2.0,-2.0,1040258.365668182,
2017-06-07,76.21142578125,75.16136169433594,1.0023231749821584,0,2.0,-2.0,1040258.365668182,
2017-06-08,76.21142578125,75.86053466796875,1.5243917972576604,0,2.0,-2.0,1040258.365668182,
2017-06-09,76.21142578125,75.51094818115234,1.2682297297617424,0,2.0,-2.0,1040258.365668182,
2017-06-12,75.87419891357422,75.51094818115234,1.6109929906571794,0,2.0,-2.0,1040258.365668182,
2017-06-13,76.21142578125,75.51094818115234,1.2386705395657276,0,2.0,-2.0,1040258.365668182,
2017-06-14,76.21142578125,75.51094818115234,1.2568950295587202,0,2.0,-2.0,1040258.365668182,
2017-06-15,75.87419891357422,75.86053466796875,1.8682437065979336,0,2.0,-2.0,1040258.365668182,
2017-06-16,76.21142578125,75.16136169433594,1.0026506795292889,0,2.0,-2.0,1040258.365668182,
2017-06-19,76.54863739013672,75.51094818115234,0.9100180509950534,0,2.0,-2.0,1040258.365668182,
2017-06-20,76.88587188720703,75.16136169433594,0.2957060511122704,0,2.0,-2.0,1040258.365668182,
2017-06-21,77.22308349609375,75.16136169433594,-0.05119122361268118,0,2.0,-2.0,1040258.365668182,
2017-06-22,77.56029510498047,75.86053466796875,0.11924834534531173,0,2.0,-2.0,1040258.365668182,
2017-06-23,77.22308349609375,75.86053466796875,0.45818799387686776,0,2.0,-2.0,1040258.365668182,
2017-06-26,77.56029510498047,76.21012878417969,0.3724297962242233,0,2.0,-2.0,1040258.365668182,
2017-06-27,77.56029510498047,76.21012878417969,0.36989962362718976,0,2.0,-2.0,1040258.365668182,
2017-06-28,77.56029510498047,75.86053466796875,0.10738049259312009,0,2.0,-2.0,1040258.365668182,
2017-06-29,76.88587188720703,75.51094818115234,0.5449838558096496,0,2.0,-2.0,1040258.365668182,
2017-06-30,77.22308349609375,75.51094818115234,0.16685364891662408,0,2.0,-2.0,1040258.365668182,
2017-07-03,77.56029510498047,76.21012878417969,0.3167224881191542,0,2.0,-2.0,1040258.365668182,
2017-07-04,77.22308349609375,75.51094818115234,0.11873639302555838,0,2.0,-2.0,1040258.365668182,
2017-07-05,77.56029510498047,76.21012878417969,0.2772174692256566,0,2.0,-2.0,1040258.365668182,
2017-07-06,77.56029510498047,75.86053466796875,-0.03486288916506916,0,2.0,-2.0,1040258.365668182,
2017-07-07,77.22308349609375,75.86053466796875,0.33115538609863904,0,2.0,-2.0,1040258.365668182,
2017-07-10,76.21142578125,75.86053466796875,1.4760893425432902,0,2.0,-2.0,1040258.365668182,
2017-07-11,75.6514663696289,76.21012878417969,2.3010408595133836,-1,2.0,-2.0,1040192.2912043759,Short Spread
2017-07-12,75.6514663696289,76.21012878417969,2.19467415639507,-1,2.0,-2.0,1040192.2912043759,
2017-07-13,76.00497436523438,76.55970764160156,1.9907580346078733,-1,2.0,-2.0,1040200.1494807431,
2017-07-14,75.29795837402344,76.55970764160156,2.5733448355144444,-1,2.0,-2.0,1038786.1174983212,
2017-07-17,74.94444274902344,76.90929412841797,2.9142167295859305,-1,2.0,-2.0,1037379.9132746884,
2017-07-18,75.6514663696289,77.2588882446289,2.3107368225570615,-1,2.0,-2.0,1038094.7722834775,
2017-07-19,75.29795837402344,76.90929412841797,2.2595197562493263,-1,2.0,-2.0,1038086.9445246884,
2017-07-20,75.6514663696289,76.55970764160156,1.6536722815267326,-1,2.0,-2.0,1039493.1334895322,
2017-07-21,75.6514663696289,75.78495788574219,1.1358298589336655,-1,2.0,-2.0,1041042.6330012509,
2017-07-24,76.35848999023438,75.78495788574219,0.5056556133268135,-1,2.0,-2.0,1042456.6802424619,
2017-07-25,75.6514663696289,75.78495788574219,1.0829071682719644,-1,2.0,-2.0,1041042.6330012509,
2017-07-26,75.6514663696289,75.78495788574219,1.0472462627690953,-1,2.0,-2.0,1041042.6330012509,
2017-07-27,76.35848999023438,75.78495788574219,0.40897864355998914,-1,2.0,-2.0,1042456.6802424619,
2017-07-28,76.00497436523438,75.41883850097656,0.46549491165775475,-1,2.0,-2.0,1042481.8877619931,
2017-07-31,76.35848999023438,74.68661499023438,-0.3683509992261021,0,2.0,-2.0,1044587.3242292783,Close
2017-08-01,76.35848999023438,74.68661499023438,-0.40779817411937025,0,2.0,-2.0,1044587.3242292783,
2017-08-02,76.35848999023438,74.68661499023438,-0.41642663790263185,0,2.0,-2.0,1044587.3242292783,
2017-08-03,76.00497436523438,74.68661499023438,-0.08875244609453163,0,2.0,-2.0,1044587.3242292783,
2017-08-04,76.00497436523438,75.05272674560547,0.1357632082985718,0,2.0,-2.0,1044587.3242292783,
2017-08-07,76.00497436523438,74.68661499023438,-0.16989720208242487,0,2.0,-2.0,1044587.3242292783,
2017-08-08,76.00497436523438,75.05272674560547,0.08184418253630404,0,2.0,-2.0,1044587.3242292783,
2017-08-09,76.00497436523438,74.68661499023438,-0.2300098186182287,0,2.0,-2.0,1044587.3242292783,
2017-08-10,76.35848999023438,74.68661499023438,-0.641195930942365,0,2.0,-2.0,1044587.3242292783,
2017-08-11,75.6514663696289,74.68661499023438,0.12600716513764057,0,2.0,-2.0,1044587.3242292783,
2017-08-14,76.00497436523438,74.68661499023438,-0.3119420811598975,0,2.0,-2.0,1044587.3242292783,
2017-08-15,76.00497436523438,75.05272674560547,-0.03582290435383266,0,2.0,-2.0,1044587.3242292783,
2017-08-16,76.00497436523438,75.05272674560547,-0.06163415664545828,0,2.0,-2.0,1044587.3242292783,
2017-08-17,76.35848999023438,75.05272674560547,-0.5053742406268784,0,2.0,-2.0,1044587.3242292783,
2017-08-18,75.6514663696289,75.05272674560547,0.36557808328314767,0,2.0,-2.0,1044587.3242292783,
2017-08-21,76.35848999023438,75.05272674560547,-0.51366224382344,0,2.0,-2.0,1044587.3242292783,
2017-08-22,75.6514663696289,75.41883850097656,0.6870511463137053,0,2.0,-2.0,1044587.3242292783,
2017-08-23,76.00497436523438,75.41883850097656,0.24501847691417813,0,2.0,-2.0,1044587.3242292783,
2017-08-24,76.00497436523438,75.41883850097656,0.2419919902749868,0,2.0,-2.0,1044587.3242292783,
2017-08-25,76.00497436523438,75.78495788574219,0.5555777116862954,0,2.0,-2.0,1044587.3242292783,
2017-08-28,76.71199798583984,76.15106201171875,-0.0028553692269728103,0,2.0,-2.0,1044587.3242292783,
2017-08-29,76.35848999023438,76.15106201171875,0.4280312936093486,0,2.0,-2.0,1044587.3242292783,
2017-08-30,76.00497436523438,76.51716613769531,1.1507987883008222,0,2.0,-2.0,1044587.3242292783,
2017-08-31,76.35848999023438,76.8832778930664,1.0170543785777086,0,2.0,-2.0,1044587.3242292783,
2017-09-01,76.35848999023438,76.51716613769531,0.6864640590590754,0,2.0,-2.0,1044587.3242292783,
2017-09-04,76.35848999023438,76.8832778930664,0.9846087400140452,0,2.0,-2.0,1044587.3242292783,
2017-09-05,76.00497436523438,76.51716613769531,1.0670209552410586,0,2.0,-2.0,1044587.3242292783,
2017-09-06,76.00497436523438,76.15106201171875,0.7406877478453029,0,2.0,-2.0,1044587.3242292783,
2017-09-07,75.6514663696289,76.51716613769531,1.4327142930616807,0,2.0,-2.0,1044587.3242292783,
2017-09-08,76.00497436523438,76.8832778930664,1.2794777119438692,0,2.0,-2.0,1044587.3242292783,
2017-09-11,75.6514663696289,76.51716613769531,1.3369151133275297,0,2.0,-2.0,1044587.3242292783,
2017-09-12,75.6514663696289,76.51716613769531,1.2915988053281149,0,2.0,-2.0,1044587.3242292783,
2017-09-13,75.6514663696289,76.15106201171875,0.9670650661347578,0,2.0,-2.0,1044587.3242292783,
2017-09-14,75.6514663696289,76.15106201171875,0.9369517373611622,0,2.0,-2.0,1044587.3242292783,
2017-09-15,76.35848999023438,76.51716613769531,0.397142949936159,0,2.0,-2.0,1044587.3242292783,
2017-09-18,75.6514663696289,76.15106201171875,0.8899648127021863,0,2.0,-2.0,1044587.3242292783,
2017-09-19,76.35848999023438,76.15106201171875,0.033509388141811536,0,2.0,-2.0,1044587.3242292783,
2017-09-20,76.00497436523438,76.15106201171875,0.43135439303382156,0,2.0,-2.0,1044587.3242292783,
2017-09-21,75.6514663696289,75.78495788574219,0.5213331726521572,0,2.0,-2.0,1044587.3242292783,
2017-09-22,75.6514663696289,75.78495788574219,0.49585681456861325,0,2.0,-2.0,1044587.3242292783,
2017-09-25,75.6514663696289,75.41883850097656,0.14045670145958256,0,2.0,-2.0,1044587.3242292783,
2017-09-26,75.6514663696289,75.41883850097656,0.11118088904160302,0,2.0,-2.0,1044587.3242292783,
2017-09-27,75.6514663696289,75.41883850097656,0.08340206455328092,0,2.0,-2.0,1044587.3242292783,
2017-09-28,76.35848999023438,75.41883850097656,-0.929602013375086,0,2.0,-2.0,1044587.3242292783,
2017-09-29,76.35848999023438,76.51716613769531,0.1429162276626136,0,2.0,-2.0,1044587.3242292783,
2017-10-02,76.71199798583984,75.78495788574219,-1.095839231908434,0,2.0,-2.0,1044587.3242292783,
2017-10-03,75.6514663696289,75.41883850097656,0.061596889452717955,0,2.0,-2.0,1044587.3242292783,
2017-10-05,76.00497436523438,75.41883850097656,-0.42715299066455104,0,2.0,-2.0,1044587.3242292783,
2017-10-06,76.35848999023438,75.41883850097656,-0.908113864011948,0,2.0,-2.0,1044587.3242292783,
2017-10-11,76.35848999023438,75.41883850097656,-0.8820799106598415,0,2.0,-2.0,1044587.3242292783,
2017-10-12,76.00497436523438,75.41883850097656,-0.3310754579543449,0,2.0,-2.0,1044587.3242292783,
2017-10-13,77.06551361083984,75.78495788574219,-1.5711178301115944,0,2.0,-2.0,1044587.3242292783,
2017-10-16,76.35848999023438,75.41883850097656,-0.8346202011586773,0,2.0,-2.0,1044587.3242292783,
2017-10-17,76.35848999023438,75.78495788574219,-0.36104572461905093,0,2.0,-2.0,1044587.3242292783,
2017-10-18,76.35848999023438,75.41883850097656,-0.7928802453034031,0,2.0,-2.0,1044587.3242292783,
2017-10-19,76.00497436523438,75.05272674560547,-0.6225608886789583,0,2.0,-2.0,1044587.3242292783,
2017-10-20,76.00497436523438,75.05272674560547,-0.5994100257953351,0,2.0,-2.0,1044587.3242292783,
2017-10-23,76.00497436523438,75.41883850097656,-0.12162642414749426,0,2.0,-2.0,1044587.3242292783,
2017-10-24,76.00497436523438,75.05272674560547,-0.5795365739185385,0,2.0,-2.0,1044587.3242292783,
2017-10-25,75.6514663696289,75.05272674560547,0.045937196787328244,0,2.0,-2.0,1044587.3242292783,
2017-10-26,76.00497436523438,75.05272674560547,-0.6135837437430676,0,2.0,-2.0,1044587.3242292783,
2017-10-27,76.00497436523438,75.41883850097656,-0.17123154941951196,0,2.0,-2.0,1044587.3242292783,
2017-10-30,75.6514663696289,75.05272674560547,-0.02896036561865234,0,2.0,-2.0,1044587.3242292783,
2017-10-31,76.00497436523438,75.41883850097656,-0.22660455556491324,0,2.0,-2.0,1044587.3242292783,
2017-11-01,75.29795837402344,75.05272674560547,0.6183430211605885,0,2.0,-2.0,1044587.3242292783,
2017-11-02,74.94444274902344,74.68661499023438,0.7713948614789388,0,2.0,-2.0,1044587.3242292783,
2017-11-03,74.94444274902344,74.68661499023438,0.7457614838956473,0,2.0,-2.0,1044587.3242292783,
2017-11-06,75.29795837402344,74.68661499023438,0.02898461130903853,0,2.0,-2.0,1044587.3242292783,
2017-11-07,75.6514663696289,75.05272674560547,-0.19585823176045525,0,2.0,-2.0,1044587.3242292783,
2017-11-08,75.6514663696289,75.41883850097656,0.3276032863233677,0,2.0,-2.0,1044587.3242292783,
2017-11-09,76.35848999023438,75.41883850097656,-1.1584302016052481,0,2.0,-2.0,1044587.3242292783,
2017-11-10,76.00497436523438,75.78495788574219,0.11220379046113375,0,2.0,-2.0,1044587.3242292783,
2017-11-13,75.6514663696289,75.05272674560547,-0.25686022051148344,0,2.0,-2.0,1044587.3242292783,
2017-11-14,75.6514663696289,75.41883850097656,0.2713035433570922,0,2.0,-2.0,1044587.3242292783,
2017-11-15,75.6514663696289,75.05272674560547,-0.2991673714640668,0,2.0,-2.0,1044587.3242292783,
2017-11-16,75.6514663696289,75.05272674560547,-0.3346322282107264,0,2.0,-2.0,1044587.3242292783,
2017-11-17,76.00497436523438,75.41883850097656,-0.5297400499855062,0,2.0,-2.0,1044587.3242292783,
2017-11-20,76.35848999023438,75.05272674560547,-1.8371154921418147,0,2.0,-2.0,1044587.3242292783,
2017-11-21,76.00497436523438,75.41883850097656,-0.49294601056792775,0,2.0,-2.0,1044587.3242292783,
2017-11-22,76.71199798583984,75.78495788574219,-1.4189947391968938,0,2.0,-2.0,1044587.3242292783,
2017-11-23,76.71199798583984,75.78495788574219,-1.3947087468368002,0,2.0,-2.0,1044587.3242292783,
2017-11-24,76.71199798583984,76.15106201171875,-0.822873822466309,0,2.0,-2.0,1044587.3242292783,
2017-11-27,76.71199798583984,76.15106201171875,-0.7947826058899096,0,2.0,-2.0,1044587.3242292783,
2017-11-28,76.71199798583984,76.51716613769531,-0.2195388450929928,0,2.0,-2.0,1044587.3242292783,
2017-11-29,76.35848999023438,76.51716613769531,0.5412149178323234,0,2.0,-2.0,1044587.3242292783,
2017-11-30,76.00497436523438,75.78495788574219,0.1976814646172611,0,2.0,-2.0,1044587.3242292783,
2017-12-01,76.71199798583984,76.15106201171875,-0.7457559459083014,0,2.0,-2.0,1044587.3242292783,
2017-12-04,76.35848999023438,76.15106201171875,0.044284032078250594,0,2.0,-2.0,1044587.3242292783,
2017-12-05,76.35848999023438,76.15106201171875,0.08341825621086123,0,2.0,-2.0,1044587.3242292783,
2017-12-06,76.00497436523438,76.15106201171875,0.9485080427265922,0,2.0,-2.0,1044587.3242292783,
2017-12-07,75.6514663696289,76.51716613769531,2.410716481262951,-1,2.0,-2.0,1044521.2374839779,Short Spread
2017-12-08,75.29795837402344,76.51716613769531,3.1152855580092376,-1,2.0,-2.0,1043814.221492767,
2017-12-11,75.29795837402344,76.51716613769531,2.9287823302853107,-1,2.0,-2.0,1043814.221492767,
2017-12-12,75.29795837402344,76.51716613769531,2.7691805174061077,-1,2.0,-2.0,1043814.221492767,
2017-12-13,75.29795837402344,76.51716613769531,2.5786848380847025,-1,2.0,-2.0,1043814.221492767,
2017-12-14,75.29795837402344,76.8832778930664,2.879361925580545,-1,2.0,-2.0,1043081.9979820248,
2017-12-15,74.94444274902344,77.24938201904297,3.499475622798324,-1,2.0,-2.0,1041642.7584800717,
2017-12-18,75.6514663696289,76.8832778930664,1.8448244798316886,-1,2.0,-2.0,1043789.0139732357,
2017-12-19,74.94444274902344,76.8832778930664,2.7395042173659587,-1,2.0,-2.0,1042374.9667320248,
2017-12-20,75.29795837402344,77.24938201904297,2.437915843094429,-1,2.0,-2.0,1042349.7897300717,
2017-12-21,75.29795837402344,76.8832778930664,1.9686647006913207,-1,2.0,-2.0,1043081.9979820248,
2017-12-22,75.29795837402344,77.24938201904297,2.1895973931710557,-1,2.0,-2.0,1042349.7897300717,
2017-12-25,75.29795837402344,77.6155014038086,2.3649568743696068,-1,2.0,-2.0,1041617.5509605404,
2017-12-26,75.29795837402344,77.24938201904297,1.940434791416009,-1,2.0,-2.0,1042349.7897300717,
2017-12-27,76.35848999023438,77.6155014038086,0.9513956358872971,-1,2.0,-2.0,1043738.6141929623,
2017-12-28,76.71199798583984,77.24938201904297,0.19663854697970873,-1,2.0,-2.0,1045177.8689537045,
2017-12-29,76.00497436523438,77.6155014038086,1.321621758822304,-1,2.0,-2.0,1043031.5829429623,
2018-01-02,76.35848999023438,78.7138442993164,1.7485682768357487,-1,2.0,-2.0,1041541.9284019467,
2018-01-03,76.71199798583984,79.07994842529297,1.5754990090150398,-1,2.0,-2.0,1041516.7361412045,
2018-01-04,76.71199798583984,79.07994842529297,1.5151216146670874,-1,2.0,-2.0,1041516.7361412045,
2018-01-05,76.71199798583984,79.44605255126953,1.7294333855337745,-1,2.0,-2.0,1040784.5278892514,
2018-01-08,77.77253723144531,79.44605255126953,0.5299095849080506,-1,2.0,-2.0,1042905.6063804623,
2018-01-09,78.47956085205078,79.81217193603516,0.0074894766704664585,-1,2.0,-2.0,1043587.414852142,
2018-01-10,77.77253723144531,79.44605255126953,0.4958340304522774,-1,2.0,-2.0,1042905.6063804623,
2018-01-11,78.47956085205078,79.44605255126953,-0.3314334600859853,0,2.0,-2.0,1044253.3365971372,Close
2018-01-12,78.47956085205078,79.44605255126953,-0.34722303581624,0,2.0,-2.0,1044253.3365971372,
2018-01-15,79.18657684326172,79.81217193603516,-0.8762713382444653,0,2.0,-2.0,1044253.3365971372,
2018-01-16,78.47956085205078,79.81217193603516,-0.060078832860458786,0,2.0,-2.0,1044253.3365971372,
2018-01-17,78.47956085205078,79.81217193603516,-0.07891867702479763,0,2.0,-2.0,1044253.3365971372,
2018-01-18,77.41902160644531,78.7138442993164,0.2379090706260047,0,2.0,-2.0,1044253.3365971372,
2018-01-19,77.41902160644531,79.81217193603516,1.1365243111207564,0,2.0,-2.0,1044253.3365971372,
2018-01-22,77.41902160644531,79.44605255126953,0.7963252787948862,0,2.0,-2.0,1044253.3365971372,
2018-01-23,77.41902160644531,79.81217193603516,1.0728288199561886,0,2.0,-2.0,1044253.3365971372,
2018-01-24,77.77253723144531,79.44605255126953,0.3181545359921008,0,2.0,-2.0,1044253.3365971372,
2018-01-25,77.77253723144531,79.44605255126953,0.30536831293357497,0,2.0,-2.0,1044253.3365971372,
2018-01-26,78.12605285644531,79.44605255126953,-0.12568968999517618,0,2.0,-2.0,1044253.3365971372,
2018-01-29,78.83306884765625,80.17827606201172,-0.35067413429123706,0,2.0,-2.0,1044253.3365971372,
2018-01-30,78.47956085205078,79.07994842529297,-0.8665029009449,0,2.0,-2.0,1044253.3365971372,
2018-01-31,78.83306884765625,79.44605255126953,-0.9765656996286578,0,2.0,-2.0,1044253.3365971372,
2018-02-01,78.83306884765625,79.81217193603516,-0.6606279016631903,0,2.0,-2.0,1044253.3365971372,
2018-02-02,77.06551361083984,79.81217193603516,1.4223711934935261,0,2.0,-2.0,1044253.3365971372,
2018-02-05,77.06551361083984,79.07994842529297,0.767691188310196,0,2.0,-2.0,1044253.3365971372,
2018-02-06,74.94444274902344,77.98161315917969,2.24242726420776,-1,2.0,-2.0,1044187.2195549008,Short Spread
2018-02-07,76.35848999023438,78.7138442993164,1.1640758736448695,-1,2.0,-2.0,1045550.8517570492,
2018-02-08,75.6514663696289,79.07994842529297,2.1540259961844486,-1,2.0,-2.0,1043404.5962638851,
2018-02-09,75.6514663696289,78.7138442993164,1.7811112071828732,-1,2.0,-2.0,1044136.8045158383,
2018-02-12,76.00497436523438,77.98161315917969,0.7941915147899222,-1,2.0,-2.0,1046308.2827873226,
2018-02-21,76.35848999023438,79.81217193603516,1.7862792363738567,-1,2.0,-2.0,1043354.1964836117,
2018-02-22,75.6514663696289,79.44605255126953,2.160981512879529,-1,2.0,-2.0,1042672.388011932,
2018-02-23,76.00497436523438,80.17827606201172,2.2353537035344875,-1,2.0,-2.0,1041914.9569816586,
2018-02-26,76.00497436523438,80.54438781738281,2.3861605308340836,-1,2.0,-2.0,1041182.7334709164,
2018-02-27,76.00497436523438,80.17827606201172,2.0248667734689545,-1,2.0,-2.0,1041914.9569816586,
2018-03-01,75.29795837402344,79.44605255126953,2.114919858507039,-1,2.0,-2.0,1041965.3720207211,
2018-03-02,75.6514663696289,79.07994842529297,1.4477852188389881,-1,2.0,-2.0,1043404.5962638851,
2018-03-05,75.29795837402344,79.07994842529297,1.7265269345624659,-1,2.0,-2.0,1042697.5802726742,
2018-03-06,76.00497436523438,80.17827606201172,1.7282537293091114,-1,2.0,-2.0,1041914.9569816586,
2018-03-07,75.6514663696289,80.17827606201172,1.9933225153667107,-1,2.0,-2.0,1041207.9409904476,
2018-03-08,75.6514663696289,80.17827606201172,1.9095842824735079,-1,2.0,-2.0,1041207.9409904476,
2018-03-09,75.29795837402344,80.17827606201172,2.1389418662360717,-1,2.0,-2.0,1040500.9249992367,
2018-03-12,74.94444274902344,79.81217193603516,2.110275278401041,-1,2.0,-2.0,1040526.1020011898,
2018-03-13,74.94444274902344,79.81217193603516,1.9993011263980849,-1,2.0,-2.0,1040526.1020011898,
2018-03-14,74.94444274902344,79.81217193603516,1.9000613626444685,-1,2.0,-2.0,1040526.1020011898,
2018-03-15,74.94444274902344,79.81217193603516,1.8108241119825328,-1,2.0,-2.0,1040526.1020011898,
2018-03-16,74.59092712402344,80.54438781738281,2.3689499944893777,-1,2.0,-2.0,1038354.6389884945,
2018-03-19,74.94444274902344,80.54438781738281,1.9799449286295223,-1,2.0,-2.0,1039061.6702384945,
2018-03-20,74.94444274902344,80.17827606201172,1.7029785585999337,-1,2.0,-2.0,1039793.8937492367,
2018-03-21,75.6514663696289,80.91050720214844,1.5102975622329207,-1,2.0,-2.0,1039743.4787101742,
2018-03-22,76.35848999023438,81.64273071289062,1.3250813576476965,-1,2.0,-2.0,1039693.0789299008,
2018-03-23,75.6514663696289,80.54438781738281,1.2317689964519913,-1,2.0,-2.0,1040475.7174797055,
2018-03-26,76.35848999023438,81.276611328125,1.0674045467432953,-1,2.0,-2.0,1040425.317699432,
2018-03-27,76.71199798583984,82.00884246826172,1.1479182809992925,-1,2.0,-2.0,1039667.8714103695,
2018-03-28,76.71199798583984,82.37494659423828,1.2860730611721864,-1,2.0,-2.0,1038935.6631584164,
2018-03-29,77.06551361083984,81.64273071289062,0.6673895127559116,-1,2.0,-2.0,1041107.1261711117,
2018-03-30,77.41902160644531,82.74105834960938,0.9347616886114031,-1,2.0,-2.0,1039617.4868888851,
2018-04-02,77.77253723144531,82.37494659423828,0.4950653936901411,-1,2.0,-2.0,1041056.7416496273,
2018-04-03,77.41902160644531,82.00884246826172,0.5343818674702238,-1,2.0,-2.0,1041081.9186515805,
2018-04-09,77.77253723144531,83.47327423095703,0.979716491552704,-1,2.0,-2.0,1038860.0863761898,
2018-04-10,77.77253723144531,83.83938598632812,1.1228960707707647,-1,2.0,-2.0,1038127.8628654476,
2018-04-11,77.77253723144531,83.47327423095703,0.9162801947305622,-1,2.0,-2.0,1038860.0863761898,
2018-04-12,77.41902160644531,83.47327423095703,1.119209908244896,-1,2.0,-2.0,1038153.0551261898,
2018-04-13,77.06551361083984,83.10717010498047,1.1444873992062572,-1,2.0,-2.0,1038178.247386932,
2018-04-16,78.12605285644531,82.74105834960938,0.24373020104638557,-1,2.0,-2.0,1041031.5493888851,
2018-04-17,77.41902160644531,83.10717010498047,0.8659144684330369,-1,2.0,-2.0,1038885.263378143,
2018-04-18,77.77253723144531,83.83938598632812,0.9480105200057677,-1,2.0,-2.0,1038127.8628654476,
2018-04-19,77.77253723144531,83.47327423095703,0.7440319624828082,-1,2.0,-2.0,1038860.0863761898,
2018-04-20,77.77253723144531,83.10717010498047,0.5370684257398906,-1,2.0,-2.0,1039592.294628143,
2018-04-23,77.77253723144531,82.37494659423828,0.13191538502530192,-1,2.0,-2.0,1041056.7416496273,
2018-04-24,77.06551361083984,81.276611328125,0.047084571695237984,-1,2.0,-2.0,1041839.364940643,
2018-04-25,76.71199798583984,80.91050720214844,0.08818038020464637,-1,2.0,-2.0,1041864.5419425961,
2018-04-26,77.06551361083984,81.64273071289062,0.1930014937556144,-1,2.0,-2.0,1041107.1261711117,
2018-04-27,77.06551361083984,82.74105834960938,0.7959621482334039,-1,2.0,-2.0,1038910.4708976742,
2018-04-30,77.41902160644531,82.74105834960938,0.48442790583553536,-1,2.0,-2.0,1039617.4868888851,
2018-05-02,78.47956085205078,82.00884246826172,-0.832302881334963,0,2.0,-2.0,1043136.5776066586,Close
2018-05-03,77.77253723144531,81.64273071289062,-0.4956878330311461,0,2.0,-2.0,1043136.5776066586,
2018-05-04,77.41902160644531,81.64273071289062,-0.22842728483461583,0,2.0,-2.0,1043136.5776066586,
2018-05-07,77.06551361083984,82.00884246826172,0.2798354415919104,0,2.0,-2.0,1043136.5776066586,
2018-05-08,77.77253723144531,82.00884246826172,-0.42752872867034486,0,2.0,-2.0,1043136.5776066586,
2018-05-09,76.71199798583984,80.54438781738281,-0.4986372112563742,0,2.0,-2.0,1043136.5776066586,
2018-05-10,76.35848999023438,79.44605255126953,-1.1175763190135208,0,2.0,-2.0,1043136.5776066586,
2018-05-11,75.6514663696289,79.81217193603516,-0.033684241589564116,0,2.0,-2.0,1043136.5776066586,
2018-05-14,75.6514663696289,79.81217193603516,-0.0682169961608934,0,2.0,-2.0,1043136.5776066586,
2018-05-15,75.6514663696289,79.44605255126953,-0.5114556972633757,0,2.0,-2.0,1043136.5776066586,
2018-05-16,76.00497436523438,79.07994842529297,-1.4246511283318284,0,2.0,-2.0,1043136.5776066586,
2018-05-17,76.00497436523438,79.44605255126953,-1.0966997715856532,0,2.0,-2.0,1043136.5776066586,
2018-05-18,76.71199798583984,80.54438781738281,-0.9785706129717707,0,2.0,-2.0,1043136.5776066586,
2018-05-21,76.71199798583984,80.54438781738281,-0.9924109416826384,0,2.0,-2.0,1043136.5776066586,
2018-05-22,76.71199798583984,80.17827606201172,-1.4996835412989553,0,2.0,-2.0,1043136.5776066586,
2018-05-23,76.71199798583984,80.17827606201172,-1.4915875636718543,0,2.0,-2.0,1043136.5776066586,
2018-05-24,77.06551361083984,80.17827606201172,-1.9864841440730827,0,2.0,-2.0,1043136.5776066586,
2018-05-25,77.41902160644531,80.54438781738281,-2.029762002396994,1,2.0,-2.0,1043070.2590702816,Long Spread
2018-05-28,77.77253723144531,81.276611328125,-1.695479845724373,1,2.0,-2.0,1043827.674841766,
2018-05-29,77.77253723144531,80.17827606201172,-2.6521855430443404,1,2.0,-2.0,1041631.0043095395,
2018-05-30,77.41902160644531,79.44605255126953,-2.6604932537871133,1,2.0,-2.0,1040873.5885380551,
2018-05-31,77.77253723144531,79.81217193603516,-2.5938207332449554,1,2.0,-2.0,1040898.7960575863,
2018-06-01,78.12605285644531,80.54438781738281,-2.2435660441857066,1,2.0,-2.0,1041656.1965702816,
2018-06-04,78.12605285644531,80.54438781738281,-2.119424547233637,1,2.0,-2.0,1041656.1965702816,
2018-06-05,77.77253723144531,80.54438781738281,-1.6416370372758258,1,2.0,-2.0,1042363.2278202816,
2018-06-06,77.41902160644531,80.91050720214844,-0.9245027969616971,1,2.0,-2.0,1043802.4978398129,
2018-06-07,78.12605285644531,80.54438781738281,-1.9054813108288224,1,2.0,-2.0,1041656.1965702816,
2018-06-08,78.12605285644531,80.54438781738281,-1.8188393640431977,1,2.0,-2.0,1041656.1965702816,
2018-06-11,77.77253723144531,80.17827606201172,-1.6493674826847862,1,2.0,-2.0,1041631.0043095395,
2018-06-12,78.12605285644531,80.17827606201172,-1.9230224670814502,1,2.0,-2.0,1040923.9730595395,
2018-06-13,78.47956085205078,80.54438781738281,-1.9219721054099486,1,2.0,-2.0,1040949.1805790707,
2018-06-14,77.77253723144531,79.81217193603516,-1.6900299511232229,1,2.0,-2.0,1040898.7960575863,
2018-06-15,77.41902160644531,80.17827606201172,-1.0404229181939175,1,2.0,-2.0,1042338.0355595395,
2018-06-19,77.41902160644531,79.81217193603516,-1.2681116739730445,1,2.0,-2.0,1041605.8273075863,
2018-06-20,77.77253723144531,80.54438781738281,-1.0609905131380692,1,2.0,-2.0,1042363.2278202816,
2018-06-21,78.47956085205078,80.17827606201172,-1.9678509141552292,1,2.0,-2.0,1040216.9570683285,
2018-06-22,78.47956085205078,80.54438781738281,-1.63598073589247,1,2.0,-2.0,1040949.1805790707,
2018-06-25,78.12605285644531,80.17827606201172,-1.484570064307825,1,2.0,-2.0,1040923.9730595395,
2018-06-26,78.12605285644531,80.17827606201172,-1.4322475953464906,1,2.0,-2.0,1040923.9730595395,
2018-06-27,78.12605285644531,80.17827606201172,-1.387644627813726,1,2.0,-2.0,1040923.9730595395,
2018-06-28,78.47956085205078,80.54438781738281,-1.4240311813033273,1,2.0,-2.0,1040949.1805790707,
2018-06-29,78.12605285644531,80.54438781738281,-1.0430849983060269,1,2.0,-2.0,1041656.1965702816,
2018-07-02,77.77253723144531,80.17827606201172,-0.9223187180332608,1,2.0,-2.0,1041631.0043095395,
2018-07-03,78.12605285644531,81.276611328125,-0.4852712908001464,1,2.0,-2.0,1043120.643591766,
2018-07-04,78.47956085205078,81.64273071289062,-0.551193928327677,1,2.0,-2.0,1043145.8663700863,
2018-07-05,78.12605285644531,82.00884246826172,0.08782001950725207,0,2.0,-2.0,1044518.7004762265,Close
2018-07-06,78.47956085205078,82.00884246826172,-0.24713294171736058,0,2.0,-2.0,1044518.7004762265,
2018-07-09,78.83306884765625,82.00884246826172,-0.5892167289544336,0,2.0,-2.0,1044518.7004762265,
2018-07-10,78.90750885009766,82.37494659423828,-0.36203051881699255,0,2.0,-2.0,1044518.7004762265,
2018-07-11,78.90750885009766,82.00884246826172,-0.629398776709833,0,2.0,-2.0,1044518.7004762265,
2018-07-12,78.16310119628906,81.64273071289062,-0.058114686719710325,0,2.0,-2.0,1044518.7004762265,
2018-07-13,78.16310119628906,81.64273071289062,-0.021486013948454386,0,2.0,-2.0,1044518.7004762265,
2018-07-16,78.5353012084961,81.64273071289062,-0.443104232281036,0,2.0,-2.0,1044518.7004762265,
2018-07-17,78.5353012084961,82.00884246826172,-0.08882625706524289,0,2.0,-2.0,1044518.7004762265,
2018-07-18,78.5353012084961,82.00884246826172,-0.06783002964924918,0,2.0,-2.0,1044518.7004762265,
2018-07-19,78.16310119628906,81.64273071289062,0.09640233340611205,0,2.0,-2.0,1044518.7004762265,
2018-07-20,78.16310119628906,81.64273071289062,0.11855352480300609,0,2.0,-2.0,1044518.7004762265,
2018-07-23,78.5353012084961,81.48664855957031,-0.5012250832371812,0,2.0,-2.0,1044518.7004762265,
2018-07-24,78.90750885009766,80.72149658203125,-1.7452994242717865,0,2.0,-2.0,1044518.7004762265,
2018-07-25,78.5353012084961,80.33894348144531,-1.584258762777187,0,2.0,-2.0,1044518.7004762265,
2018-07-26,78.5353012084961,80.72149658203125,-1.1495722898282144,0,2.0,-2.0,1044518.7004762265,
2018-07-27,78.5353012084961,80.72149658203125,-1.1112644555297155,0,2.0,-2.0,1044518.7004762265,
2018-07-30,78.5353012084961,81.10407257080078,-0.6925197555902316,0,2.0,-2.0,1044518.7004762265,
2018-07-31,78.5353012084961,81.10407257080078,-0.6726973587968613,0,2.0,-2.0,1044518.7004762265,
2018-08-01,78.90750885009766,81.10407257080078,-1.2060712279395487,0,2.0,-2.0,1044518.7004762265,
2018-08-02,78.16310119628906,80.72149658203125,-0.45206144860055075,0,2.0,-2.0,1044518.7004762265,
2018-08-03,78.16310119628906,81.10407257080078,-0.006819590953737623,0,2.0,-2.0,1044518.7004762265,
2018-08-06,78.5353012084961,81.48664855957031,-0.12777533259229154,0,2.0,-2.0,1044518.7004762265,
2018-08-07,78.16310119628906,81.48664855957031,0.5714246687814389,0,2.0,-2.0,1044518.7004762265,
2018-08-08,78.16310119628906,81.86920928955078,1.133293266317763,0,2.0,-2.0,1044518.7004762265,
2018-08-09,78.16310119628906,81.86920928955078,1.1468977085841792,0,2.0,-2.0,1044518.7004762265,
2018-08-10,78.90750885009766,82.25177001953125,0.2924908954276799,0,2.0,-2.0,1044518.7004762265,
2018-08-13,78.5353012084961,81.48664855957031,-0.007522225945357874,0,2.0,-2.0,1044518.7004762265,
2018-08-14,78.90750885009766,81.86920928955078,-0.1775810227131623,0,2.0,-2.0,1044518.7004762265,
2018-08-15,78.5353012084961,81.86920928955078,0.663676245458321,0,2.0,-2.0,1044518.7004762265,
2018-08-16,78.16310119628906,81.48664855957031,0.9309758023754152,0,2.0,-2.0,1044518.7004762265,
2018-08-17,78.90750885009766,81.86920928955078,-0.12277397243946117,0,2.0,-2.0,1044518.7004762265,
2018-08-20,78.90750885009766,81.86920928955078,-0.10288874795385103,0,2.0,-2.0,1044518.7004762265,
2018-08-21,79.27971649169922,83.01690673828125,0.9612966819146203,0,2.0,-2.0,1044518.7004762265,
2018-08-22,79.65191650390625,82.63433837890625,-0.561081762281551,0,2.0,-2.0,1044518.7004762265,
2018-08-23,80.02412414550781,83.01690673828125,-0.7935255142995461,0,2.0,-2.0,1044518.7004762265,
2018-08-24,79.65191650390625,82.25177001953125,-1.1883583788151801,0,2.0,-2.0,1044518.7004762265,
2018-08-27,80.02412414550781,82.63433837890625,-1.385910189896548,0,2.0,-2.0,1044518.7004762265,
2018-08-28,80.02412414550781,83.01690673828125,-0.7480928109091602,0,2.0,-2.0,1044518.7004762265,
2018-08-29,80.02412414550781,83.01690673828125,-0.7268037197523995,0,2.0,-2.0,1044518.7004762265,
2018-08-30,79.65191650390625,82.25177001953125,-1.0946409970117212,0,2.0,-2.0,1044518.7004762265,
2018-08-31,79.65191650390625,83.01690673828125,0.17215491121229431,0,2.0,-2.0,1044518.7004762265,
2018-09-03,80.02412414550781,82.63433837890625,-1.3049484077320148,0,2.0,-2.0,1044518.7004762265,
2018-09-04,80.02412414550781,83.01690673828125,-0.663824196861407,0,2.0,-2.0,1044518.7004762265,
2018-09-05,79.65191650390625,82.63433837890625,-0.44492497069770237,0,2.0,-2.0,1044518.7004762265,
2018-09-06,79.65191650390625,82.25177001953125,-1.07998395148361,0,2.0,-2.0,1044518.7004762265,
2018-09-07,80.02412414550781,82.63433837890625,-1.2899971442912395,0,2.0,-2.0,1044518.7004762265,
2018-09-10,80.02412414550781,83.01690673828125,-0.6414455353702879,0,2.0,-2.0,1044518.7004762265,
2018-09-11,80.7685317993164,84.16460418701172,-0.4639542733637783,0,2.0,-2.0,1044518.7004762265,
2018-09-12,81.1407470703125,84.16460418701172,-1.273326051470873,0,2.0,-2.0,1044518.7004762265,
2018-09-13,81.1407470703125,83.78204345703125,-1.8755476860976912,0,2.0,-2.0,1044518.7004762265,
2018-09-14,81.512939453125,83.01690673828125,-3.4955820881771262,1,2.0,-2.0,1044452.1192823788,Long Spread
2018-09-17,81.1407470703125,83.01690673828125,-2.5627582112845793,1,2.0,-2.0,1045196.5040480038,
2018-09-18,81.1407470703125,84.16460418701172,-0.9882906684358673,1,2.0,-2.0,1047491.8989454648,
2018-09-19,81.512939453125,84.54717254638672,-1.1603720813456546,1,2.0,-2.0,1047512.6508985898,
2018-09-20,81.1407470703125,84.16460418701172,-0.9666514116054266,1,2.0,-2.0,1047491.8989454648,
2018-09-21,81.512939453125,83.78204345703125,-2.0676739836462823,1,2.0,-2.0,1045982.3927198788,
2018-09-25,81.1407470703125,83.78204345703125,-1.3463141502654419,1,2.0,-2.0,1046726.7774855038,
2018-09-26,81.1407470703125,83.78204345703125,-1.29865335972234,1,2.0,-2.0,1046726.7774855038,
2018-09-27,81.512939453125,84.16460418701172,-1.4201103650001181,1,2.0,-2.0,1046747.5141798398,
2018-09-28,81.512939453125,84.16460418701172,-1.3834136697801207,1,2.0,-2.0,1046747.5141798398,
2018-10-01,81.512939453125,84.54717254638672,-0.871591051204644,1,2.0,-2.0,1047512.6508985898,
2018-10-02,81.1407470703125,83.78204345703125,-1.1398552457699338,1,2.0,-2.0,1046726.7774855038,
2018-10-03,81.512939453125,83.39946746826172,-2.1551577294331077,1,2.0,-2.0,1045217.2407423398,
2018-10-04,80.39633178710938,82.63433837890625,-1.1355627424896313,1,2.0,-2.0,1045920.1978956601,
2018-10-05,80.7685317993164,83.39946746826172,-0.8143390031929014,1,2.0,-2.0,1046706.0560499569,
2018-10-08,81.1407470703125,83.01690673828125,-1.8490331347040434,1,2.0,-2.0,1045196.5040480038,
2018-10-09,81.1407470703125,83.78204345703125,-0.8895090768417857,1,2.0,-2.0,1046726.7774855038,
2018-10-11,80.39633178710938,83.01690673828125,-0.5237139589785694,1,2.0,-2.0,1046685.3346144101,
2018-10-12,80.7685317993164,82.63433837890625,-1.5834709641670843,1,2.0,-2.0,1045175.797871246,
2018-10-15,80.02412414550781,81.48664855957031,-1.6541793479985734,1,2.0,-2.0,1044369.2335401913,
2018-10-16,80.02412414550781,81.86920928955078,-1.1522952957246475,1,2.0,-2.0,1045134.3550001523,
2018-10-17,80.39633178710938,81.86920928955078,-1.7281734153628403,1,2.0,-2.0,1044389.9397169491,
2018-10-18,80.39633178710938,82.25177001953125,-1.2338628621811936,1,2.0,-2.0,1045155.0611769101,
2018-10-19,80.7685317993164,81.48664855957031,-2.5967501521121332,1,2.0,-2.0,1042880.4182325741,
2018-10-22,80.39633178710938,82.25177001953125,-1.0915499925848882,1,2.0,-2.0,1045155.0611769101,
2018-10-23,80.02412414550781,81.48664855957031,-1.3206957696094783,1,2.0,-2.0,1044369.2335401913,
2018-10-24,80.7685317993164,81.86920928955078,-1.9544592349686332,1,2.0,-2.0,1043645.5396925351,
2018-10-25,81.512939453125,82.63433837890625,-2.128786049556473,1,2.0,-2.0,1043686.9825636288,
2018-10-26,81.8851547241211,83.39946746826172,-1.792127986235623,1,2.0,-2.0,1044472.8102003476,
2018-10-29,81.8851547241211,83.78204345703125,-1.353826809779023,1,2.0,-2.0,1045237.9621778866,
2018-10-30,81.8851547241211,83.01690673828125,-2.016281026281511,1,2.0,-2.0,1043707.6887403866,
2018-10-31,82.25736236572266,83.78204345703125,-1.705128111288582,1,2.0,-2.0,1044493.5468946835,
2018-11-01,81.512939453125,81.86920928955078,-2.4000383042919493,1,2.0,-2.0,1042156.7243849179,
2018-11-02,80.39633178710938,81.10407257080078,-1.6083462042457026,1,2.0,-2.0,1042859.6662794491,
2018-11-05,80.7685317993164,80.72149658203125,-2.3632164489898355,1,2.0,-2.0,1041350.114277496,
2018-11-06,81.1407470703125,81.10407257080078,-2.3560731040270713,1,2.0,-2.0,1041370.8357130429,
2018-11-07,81.8851547241211,81.86920928955078,-2.4476763277336855,1,2.0,-2.0,1041412.2938429257,
2018-11-08,81.512939453125,81.86920928955078,-1.9000844870257372,1,2.0,-2.0,1042156.7243849179,
2018-11-09,81.1407470703125,81.86920928955078,-1.4102704549468599,1,2.0,-2.0,1042901.1091505429,
2018-11-12,81.512939453125,81.48664855957031,-2.1066810312389266,1,2.0,-2.0,1041391.6029249569,
2018-11-13,81.8851547241211,81.86920928955078,-2.1157142609529327,1,2.0,-2.0,1041412.2938429257,
2018-11-14,82.25736236572266,81.86920928955078,-2.4005432247100282,1,2.0,-2.0,1040667.8785597226,
2018-11-15,82.25736236572266,81.86920928955078,-2.2934160774034336,1,2.0,-2.0,1040667.8785597226,
2018-11-16,81.1407470703125,81.10407257080078,-1.5919914548490999,1,2.0,-2.0,1041370.8357130429,
2018-11-19,81.512939453125,81.48664855957031,-1.6350824329554012,1,2.0,-2.0,1041391.6029249569,
2018-11-20,81.8851547241211,81.86920928955078,-1.6715232060341212,1,2.0,-2.0,1041412.2938429257,
2018-11-21,81.512939453125,81.86920928955078,-1.2274769588154537,1,2.0,-2.0,1042156.7243849179,
2018-11-22,81.512939453125,82.25177001953125,-0.9056908377616885,1,2.0,-2.0,1042921.8458448788,
2018-11-23,81.8851547241211,82.63433837890625,-0.9807960597570097,1,2.0,-2.0,1042942.5520216366,
2018-11-26,81.512939453125,82.25177001953125,-0.843463069048344,1,2.0,-2.0,1042921.8458448788,
2018-11-27,81.512939453125,82.25177001953125,-0.8177069915918841,1,2.0,-2.0,1042921.8458448788,
2018-11-28,81.8851547241211,82.25177001953125,-1.191031751546102,1,2.0,-2.0,1042177.4153028866,
2018-11-29,81.1407470703125,81.48664855957031,-0.9390482304190119,1,2.0,-2.0,1042135.9876905819,
2018-11-30,81.1407470703125,81.86920928955078,-0.6073256299436532,1,2.0,-2.0,1042901.1091505429,
2018-12-03,80.39633178710938,81.10407257080078,-0.35387065465305667,1,2.0,-2.0,1042859.6662794491,
2018-12-04,79.65191650390625,81.10407257080078,0.5362337002666788,0,2.0,-2.0,1044282.0666062924,Close
2018-12-05,80.02412414550781,81.48664855957031,0.45023226829491114,0,2.0,-2.0,1044282.0666062924,
2018-12-06,79.65191650390625,81.48664855957031,0.9386521228285143,0,2.0,-2.0,1044282.0666062924,
2018-12-07,80.39633178710938,81.86920928955078,0.3780805423472328,0,2.0,-2.0,1044282.0666062924,
2018-12-10,80.02412414550781,81.86920928955078,0.8574650689684836,0,2.0,-2.0,1044282.0666062924,
2018-12-11,80.39633178710938,82.25177001953125,0.7154817340728873,0,2.0,-2.0,1044282.0666062924,
2018-12-12,79.65191650390625,82.25177001953125,1.6021901950811568,0,2.0,-2.0,1044282.0666062924,
2018-12-13,80.39633178710938,82.25177001953125,0.7038403378271636,0,2.0,-2.0,1044282.0666062924,
2018-12-14,80.02412414550781,82.25177001953125,1.1784315032227974,0,2.0,-2.0,1044282.0666062924,
2018-12-17,80.39633178710938,82.25177001953125,0.7333598054596039,0,2.0,-2.0,1044282.0666062924,
2018-12-18,80.39633178710938,81.48664855957031,0.04840310272880616,0,2.0,-2.0,1044282.0666062924,
2018-12-19,80.39633178710938,82.25177001953125,0.760465498175469,0,2.0,-2.0,1044282.0666062924,
2018-12-20,80.39633178710938,82.25177001953125,0.7736940016301426,0,2.0,-2.0,1044282.0666062924,
2018-12-21,80.39633178710938,82.25177001953125,0.7829905625692226,0,2.0,-2.0,1044282.0666062924,
2018-12-24,80.39633178710938,81.86920928955078,0.4416037465706183,0,2.0,-2.0,1044282.0666062924,
2018-12-25,80.02412414550781,81.48664855957031,0.5984215561801182,0,2.0,-2.0,1044282.0666062924,
2018-12-26,79.27971649169922,81.10407257080078,1.2349888387181778,0,2.0,-2.0,1044282.0666062924,
2018-12-27,79.27971649169922,81.48664855957031,1.5509830955015504,0,2.0,-2.0,1044282.0666062924,
2018-12-28,79.27971649169922,86.45999908447266,4.811505466703906,-1,2.0,-2.0,1044215.4370176693,Short Spread
2019-01-02,79.65191650390625,81.86920928955078,1.0459842129953292,-1,2.0,-2.0,1054141.4166319272,
2019-01-03,79.27971649169922,81.86920928955078,1.3904673455673555,-1,2.0,-2.0,1053397.0166075132,
2019-01-04,79.27971649169922,82.25177001953125,1.6272019974143301,-1,2.0,-2.0,1052631.8951475522,
2019-01-07,80.39633178710938,82.63433837890625,0.7903043590129166,-1,2.0,-2.0,1054099.9890196226,
2019-01-08,80.02412414550781,81.86920928955078,0.6125896630571793,-1,2.0,-2.0,1054885.8319151304,
2019-01-09,80.39633178710938,82.25177001953125,0.5088780664451905,-1,2.0,-2.0,1054865.1257383726,
2019-01-10,80.39633178710938,81.86920928955078,0.24290282860170845,-1,2.0,-2.0,1055630.2471983335,
2019-01-11,80.7685317993164,81.86920928955078,-0.12482742079826681,0,2.0,-2.0,1056308.141713104,Close
2019-01-14,80.7685317993164,81.48664855957031,-0.3835733892087697,0,2.0,-2.0,1056308.141713104,
2019-01-15,80.39633178710938,81.86920928955078,0.25424788804907067,0,2.0,-2.0,1056308.141713104,
2019-01-16,80.7685317993164,81.86920928955078,-0.10992152083428255,0,2.0,-2.0,1056308.141713104,
2019-01-17,81.1407470703125,81.86920928955078,-0.47097749563555297,0,2.0,-2.0,1056308.141713104,
2019-01-18,81.1407470703125,81.86920928955078,-0.4638959097113121,0,2.0,-2.0,1056308.141713104,
2019-01-21,80.39633178710938,81.48664855957031,0.006273019533539661,0,2.0,-2.0,1056308.141713104,
2019-01-22,81.1407470703125,82.25177001953125,-0.19369142707533119,0,2.0,-2.0,1056308.141713104,
2019-01-23,81.1407470703125,81.86920928955078,-0.4568617487237551,0,2.0,-2.0,1056308.141713104,
2019-01-24,81.1407470703125,81.86920928955078,-0.45540897570348815,0,2.0,-2.0,1056308.141713104,
2019-01-25,81.512939453125,81.86920928955078,-0.8147228206782935,0,2.0,-2.0,1056308.141713104,
2019-01-28,80.39633178710938,81.48664855957031,0.01523137225810381,0,2.0,-2.0,1056308.141713104,
2019-01-29,81.1407470703125,81.86920928955078,-0.4554836464891964,0,2.0,-2.0,1056308.141713104,
2019-01-30,81.512939453125,81.86920928955078,-0.8313191440645887,0,2.0,-2.0,1056308.141713104,
2019-02-11,81.512939453125,81.48664855957031,-1.1014180108243943,0,2.0,-2.0,1056308.141713104,
2019-02-12,80.7685317993164,81.86920928955078,-0.1011473607590493,0,2.0,-2.0,1056308.141713104,
2019-02-13,80.39633178710938,81.10407257080078,-0.2876889782830862,0,2.0,-2.0,1056308.141713104,
2019-02-14,79.65191650390625,81.10407257080078,0.45701834996033125,0,2.0,-2.0,1056308.141713104,
2019-02-15,80.7685317993164,81.48664855957031,-0.42295265482078165,0,2.0,-2.0,1056308.141713104,
2019-02-18,81.1407470703125,81.48664855957031,-0.8226770366024757,0,2.0,-2.0,1056308.141713104,
2019-02-19,80.7685317993164,81.10407257080078,-0.7504196063009455,0,2.0,-2.0,1056308.141713104,
2019-02-20,80.7685317993164,81.48664855957031,-0.4945910489372789,0,2.0,-2.0,1056308.141713104,
2019-02-21,81.512939453125,81.48664855957031,-1.3017532524497928,0,2.0,-2.0,1056308.141713104,
2019-02-22,81.8851547241211,81.86920928955078,-1.4051425579648211,0,2.0,-2.0,1056308.141713104,
2019-02-25,81.512939453125,81.86920928955078,-1.0162479678334517,0,2.0,-2.0,1056308.141713104,
2019-02-26,81.8851547241211,81.48664855957031,-1.682818133037842,0,2.0,-2.0,1056308.141713104,
2019-02-27,81.8851547241211,81.86920928955078,-1.3613847453642711,0,2.0,-2.0,1056308.141713104,
2019-03-04,81.8851547241211,81.86920928955078,-1.3377751939276532,0,2.0,-2.0,1056308.141713104,
2019-03-05,81.8851547241211,81.86920928955078,-1.3115630394319209,0,2.0,-2.0,1056308.141713104,
2019-03-06,81.512939453125,82.25177001953125,-0.6402700797009286,0,2.0,-2.0,1056308.141713104,
2019-03-07,81.512939453125,81.86920928955078,-0.9272316534263175,0,2.0,-2.0,1056308.141713104,
2019-03-08,81.512939453125,82.25177001953125,-0.6475637238982804,0,2.0,-2.0,1056308.141713104,
2019-03-11,81.8851547241211,81.86920928955078,-1.2928576570306731,0,2.0,-2.0,1056308.141713104,
2019-03-12,81.512939453125,82.63433837890625,-0.3451065086272924,0,2.0,-2.0,1056308.141713104,
2019-03-13,81.8851547241211,82.63433837890625,-0.7080636542582013,0,2.0,-2.0,1056308.141713104,
2019-03-14,81.1407470703125,82.25177001953125,-0.21203509114821406,0,2.0,-2.0,1056308.141713104,
2019-03-15,82.25736236572266,82.63433837890625,-1.0470895342314324,0,2.0,-2.0,1056308.141713104,
2019-03-18,81.8851547241211,82.63433837890625,-0.6470589524334035,0,2.0,-2.0,1056308.141713104,
2019-03-19,82.25736236572266,82.63433837890625,-0.9948783699945839,0,2.0,-2.0,1056308.141713104,
2019-03-20,82.25736236572266,82.63433837890625,-0.9633616333937495,0,2.0,-2.0,1056308.141713104,
2019-03-21,82.25736236572266,82.63433837890625,-0.9329298011418209,0,2.0,-2.0,1056308.141713104,
2019-03-22,81.8851547241211,83.01690673828125,-0.25759268196736057,0,2.0,-2.0,1056308.141713104,
2019-03-25,82.25736236572266,82.25177001953125,-1.1602951803060972,0,2.0,-2.0,1056308.141713104,
2019-03-26,83.00177001953125,83.01690673828125,-1.3164729325154547,0,2.0,-2.0,1056308.141713104,
2019-03-27,82.62955474853516,83.01690673828125,-0.9126778954274315,0,2.0,-2.0,1056308.141713104,
2019-03-28,83.37396240234375,83.39946746826172,-1.3389374859384786,0,2.0,-2.0,1056308.141713104,
2019-03-29,83.00177001953125,83.78204345703125,-0.6711770844483225,0,2.0,-2.0,1056308.141713104,
2019-04-01,82.62955474853516,84.54717254638672,0.25787582639745754,0,2.0,-2.0,1056308.141713104,
2019-04-02,82.25736236572266,83.78204345703125,0.09294202256738586,0,2.0,-2.0,1056308.141713104,
2019-04-03,82.62955474853516,83.01690673828125,-0.8058711372134404,0,2.0,-2.0,1056308.141713104,
2019-04-08,82.25736236572266,83.01690673828125,-0.4080704581550357,0,2.0,-2.0,1056308.141713104,
2019-04-09,82.62955474853516,83.78204345703125,-0.2072145693411628,0,2.0,-2.0,1056308.141713104,
2019-04-10,82.62955474853516,83.78204345703125,-0.1604659656452747,0,2.0,-2.0,1056308.141713104,
2019-04-11,82.62955474853516,83.39946746826172,-0.5268815662853864,0,2.0,-2.0,1056308.141713104,
2019-04-12,82.62955474853516,83.78204345703125,-0.07590591842178153,0,2.0,-2.0,1056308.141713104,
2019-04-15,82.62955474853516,83.78204345703125,-0.01719617260922231,0,2.0,-2.0,1056308.141713104,
2019-04-16,83.00177001953125,84.16460418701172,-0.16276205174973554,0,2.0,-2.0,1056308.141713104,
2019-04-17,83.00177001953125,83.78204345703125,-0.6708196461233842,0,2.0,-2.0,1056308.141713104,
2019-04-18,83.37396240234375,84.16460418701172,-0.8584482502086763,0,2.0,-2.0,1056308.141713104,
2019-04-19,83.00177001953125,83.78204345703125,-0.6211376738051748,0,2.0,-2.0,1056308.141713104,
2019-04-22,83.00177001953125,84.16460418701172,0.001195637084584706,0,2.0,-2.0,1056308.141713104,
2019-04-23,83.74617767333984,84.54717254638672,-1.0206123354207228,0,2.0,-2.0,1056308.141713104,
2019-04-24,83.37396240234375,84.54717254638672,-0.15848851411220616,0,2.0,-2.0,1056308.141713104,
2019-04-25,83.74617767333984,84.54717254638672,-0.9927478000591321,0,2.0,-2.0,1056308.141713104,
2019-04-26,84.11839294433594,84.54717254638672,-1.7812412667631607,0,2.0,-2.0,1056308.141713104,
2019-04-29,84.11839294433594,84.92973327636719,-1.1185012725610448,0,2.0,-2.0,1056308.141713104,
2019-04-30,84.11839294433594,84.92973327636719,-1.0892776197787912,0,2.0,-2.0,1056308.141713104,
2019-05-02,85.23500061035156,84.92973327636719,-3.294557204269767,1,2.0,-2.0,1056241.3351237485,Long Spread
2019-05-03,85.23500061035156,84.92973327636719,-2.984284307694894,1,2.0,-2.0,1056241.3351237485,
2019-05-06,84.11839294433594,84.54717254638672,-1.278123650649241,1,2.0,-2.0,1057709.4289958188,
2019-05-07,84.86279296875,84.54717254638672,-2.529341092940747,1,2.0,-2.0,1056220.6289469907,
2019-05-08,84.49058532714844,85.31230163574219,-0.8179276674549566,1,2.0,-2.0,1058495.3024089048,
2019-05-09,84.86279296875,84.16460418701172,-2.790705053526269,1,2.0,-2.0,1055455.4922282407,
2019-05-10,84.86279296875,84.16460418701172,-2.579653129227731,1,2.0,-2.0,1055455.4922282407,
2019-05-13,85.23500061035156,84.16460418701172,-2.907128314171665,1,2.0,-2.0,1054711.0769450376,
2019-05-14,84.86279296875,85.31230163574219,-1.0583382073952146,1,2.0,-2.0,1057750.8871257016,
2019-05-15,85.23500061035156,84.54717254638672,-2.3222902137274226,1,2.0,-2.0,1055476.2136637876,
2019-05-16,84.86279296875,84.54717254638672,-1.739791489606709,1,2.0,-2.0,1056220.6289469907,
2019-05-17,85.6072006225586,84.92973327636719,-2.3100389900277802,1,2.0,-2.0,1055496.9350993345,
2019-05-20,85.97940826416016,85.31230163574219,-2.3003844389268133,1,2.0,-2.0,1055517.6565348813,
2019-05-21,87.8404312133789,86.07743835449219,-3.5984987037619223,1,2.0,-2.0,1053325.8840739438,
2019-05-22,87.09602355957031,85.69486999511719,-2.7722713546909485,1,2.0,-2.0,1054049.562662811,
2019-05-23,87.46822357177734,85.69486999511719,-2.9117440742566774,1,2.0,-2.0,1053305.162638397,
2019-05-24,87.46822357177734,85.69486999511719,-2.6783319670784573,1,2.0,-2.0,1053305.162638397,
2019-05-27,87.8404312133789,85.69486999511719,-2.793686537678498,1,2.0,-2.0,1052560.7473551938,
2019-05-28,86.35160827636719,85.31230163574219,-1.5831450814990315,1,2.0,-2.0,1054773.2565104673,
2019-05-29,87.46822357177734,85.69486999511719,-2.2192413059255807,1,2.0,-2.0,1053305.162638397,
2019-05-30,87.8404312133789,86.07743835449219,-2.1716977879784016,1,2.0,-2.0,1053325.8840739438,
2019-05-31,87.8404312133789,86.07743835449219,-2.0530683341928575,1,2.0,-2.0,1053325.8840739438,
2019-06-03,87.8404312133789,86.45999908447266,-1.7495249465558746,1,2.0,-2.0,1054091.0055339048,
2019-06-04,87.8404312133789,86.45999908447266,-1.6740058958546344,1,2.0,-2.0,1054091.0055339048,
2019-06-05,88.212646484375,86.84257507324219,-1.678324020963575,1,2.0,-2.0,1054111.7269694516,
2019-06-06,88.212646484375,86.84257507324219,-1.608538803223856,1,2.0,-2.0,1054111.7269694516,
2019-06-10,88.95704650878906,87.22512817382812,-1.8764195003965025,1,2.0,-2.0,1053388.0331217954,
2019-06-11,88.5848388671875,86.84257507324219,-1.7243112556087263,1,2.0,-2.0,1053367.3422038266,
2019-06-12,89.32925415039062,86.45999908447266,-2.321189741178089,1,2.0,-2.0,1051113.3596598813,
2019-06-13,89.70144653320312,86.45999908447266,-2.4090650298702094,1,2.0,-2.0,1050368.9748942563,
2019-06-14,89.70144653320312,86.07743835449219,-2.421409219211465,1,2.0,-2.0,1049603.8534342954,
2019-06-17,88.95704650878906,85.69486999511719,-2.0078489328804223,1,2.0,-2.0,1050327.5167643735,
2019-06-18,88.95704650878906,85.69486999511719,-1.9090382098156247,1,2.0,-2.0,1050327.5167643735,
2019-06-19,90.07366180419922,86.84257507324219,-1.9830021070338526,1,2.0,-2.0,1050389.6963298032,
2019-06-20,90.07366180419922,86.07743835449219,-2.1789443377138897,1,2.0,-2.0,1048859.4228923032,
2019-06-21,90.8180694580078,86.84257507324219,-2.1603438562762425,1,2.0,-2.0,1048900.881022186,
2019-06-24,91.19027709960938,87.22512817382812,-2.091707636389017,1,2.0,-2.0,1048921.5719401548,
2019-06-25,91.19027709960938,87.22512817382812,-1.984647493752456,1,2.0,-2.0,1048921.5719401548,
2019-06-26,91.19027709960938,87.22512817382812,-1.8870674377638368,1,2.0,-2.0,1048921.5719401548,
2019-06-27,91.19027709960938,86.84257507324219,-1.9254878503709907,1,2.0,-2.0,1048156.4657389829,
2019-06-28,91.19027709960938,86.45999908447266,-1.9685724286651147,1,2.0,-2.0,1047391.3137614438,
2019-07-01,90.07366180419922,86.45999908447266,-1.3848039582591622,1,2.0,-2.0,1049624.5443522641,
2019-07-02,91.19027709960938,86.84257507324219,-1.7151518914966737,1,2.0,-2.0,1048156.4657389829,
2019-07-03,91.19027709960938,86.84257507324219,-1.6481273677623254,1,2.0,-2.0,1048156.4657389829,
2019-07-04,90.8180694580078,86.45999908447266,-1.544196291039309,1,2.0,-2.0,1048135.729044647,
2019-07-05,91.19027709960938,86.84257507324219,-1.535044858220028,1,2.0,-2.0,1048156.4657389829,
2019-07-08,90.8180694580078,87.22512817382812,-1.1964396963646724,1,2.0,-2.0,1049665.987223358,
2019-07-09,88.12667846679688,86.84257507324219,-0.04651846269498277,1,2.0,-2.0,1054283.663004608,
2019-07-10,88.51661682128906,86.84257507324219,-0.20616552947802122,1,2.0,-2.0,1053503.7862956235,
2019-07-11,87.34679412841797,86.84257507324219,0.38676769122935456,0,2.0,-2.0,1055776.4641065977,Close
2019-07-12,86.95685577392578,86.45999908447266,0.4693783616875363,0,2.0,-2.0,1055776.4641065977,
2019-07-15,86.17697143554688,86.07743835449219,0.7460091046236274,0,2.0,-2.0,1055776.4641065977,
2019-07-16,85.39708709716797,85.31230163574219,0.8887611650037222,0,2.0,-2.0,1055776.4641065977,
2019-07-17,86.56690979003906,85.69486999511719,0.45826715878204494,0,2.0,-2.0,1055776.4641065977,
2019-07-18,86.17697143554688,85.69486999511719,0.6892697329180147,0,2.0,-2.0,1055776.4641065977,
2019-07-19,86.56690979003906,85.69486999511719,0.5140461638197914,0,2.0,-2.0,1055776.4641065977,
2019-07-22,86.56690979003906,86.07743835449219,0.6926233208702428,0,2.0,-2.0,1055776.4641065977,
2019-07-23,86.17697143554688,85.69486999511719,0.7804288015518376,0,2.0,-2.0,1055776.4641065977,
2019-07-24,85.39708709716797,85.69486999511719,1.242929413225394,0,2.0,-2.0,1055776.4641065977,
2019-07-25,85.78703308105469,85.27963256835938,0.878652915994303,0,2.0,-2.0,1055776.4641065977,
2019-07-26,85.00714874267578,85.67813110351562,1.478266644267576,0,2.0,-2.0,1055776.4641065977,
2019-07-29,85.00714874267578,85.67813110351562,1.4573610006904527,0,2.0,-2.0,1055776.4641065977,
2019-07-30,85.00714874267578,85.67813110351562,1.4599199280181308,0,2.0,-2.0,1055776.4641065977,
2019-07-31,85.39708709716797,86.0766372680664,1.3844337672409859,0,2.0,-2.0,1055776.4641065977,
2019-08-01,84.61720275878906,85.27963256835938,1.510405388522467,0,2.0,-2.0,1055776.4641065977,
2019-08-02,85.00714874267578,85.27963256835938,1.2726668717380525,0,2.0,-2.0,1055776.4641065977,
2019-08-05,85.78703308105469,85.67813110351562,0.9882765830144452,0,2.0,-2.0,1055776.4641065977,
2019-08-06,85.39708709716797,84.88113403320312,0.88215138303056,0,2.0,-2.0,1055776.4641065977,
2019-08-07,85.39708709716797,84.88113403320312,0.8982464071744216,0,2.0,-2.0,1055776.4641065977,
2019-08-08,85.39708709716797,85.67813110351562,1.2079640267510234,0,2.0,-2.0,1055776.4641065977,
2019-08-12,85.78703308105469,85.67813110351562,0.9892625424826326,0,2.0,-2.0,1055776.4641065977,
2019-08-13,86.17697143554688,85.27963256835938,0.6114306149639155,0,2.0,-2.0,1055776.4641065977,
2019-08-14,86.17697143554688,85.27963256835938,0.614406761579873,0,2.0,-2.0,1055776.4641065977,
2019-08-15,86.56690979003906,84.88113403320312,0.2267384046085523,0,2.0,-2.0,1055776.4641065977,
2019-08-16,85.78703308105469,86.0766372680664,1.1280526715372043,0,2.0,-2.0,1055776.4641065977,
2019-08-19,85.78703308105469,85.67813110351562,0.9452580873222912,0,2.0,-2.0,1055776.4641065977,
2019-08-20,85.78703308105469,85.27963256835938,0.7698596236594126,0,2.0,-2.0,1055776.4641065977,
2019-08-21,85.78703308105469,85.67813110351562,0.9025940501949422,0,2.0,-2.0,1055776.4641065977,
2019-08-22,86.56690979003906,85.27963256835938,0.3176851571714061,0,2.0,-2.0,1055776.4641065977,
2019-08-23,86.56690979003906,85.67813110351562,0.46542147540100287,0,2.0,-2.0,1055776.4641065977,
2019-08-26,85.78703308105469,85.27963256835938,0.7222986907907843,0,2.0,-2.0,1055776.4641065977,
2019-08-27,85.78703308105469,85.67813110351562,0.8565119909637237,0,2.0,-2.0,1055776.4641065977,
2019-08-28,86.56690979003906,86.0766372680664,0.574935842037043,0,2.0,-2.0,1055776.4641065977,
2019-08-29,86.95685577392578,86.47514343261719,0.5078553747682976,0,2.0,-2.0,1055776.4641065977,
2019-08-30,87.34679412841797,86.87364196777344,0.4413697983851766,0,2.0,-2.0,1055776.4641065977,
2019-09-02,87.73674011230469,87.67064666748047,0.526667461862012,0,2.0,-2.0,1055776.4641065977,
2019-09-03,86.95685577392578,87.27214813232422,0.7733262916948117,0,2.0,-2.0,1055776.4641065977,
2019-09-04,87.34679412841797,87.67064666748047,0.6971938738006859,0,2.0,-2.0,1055776.4641065977,
2019-09-05,87.34679412841797,87.67064666748047,0.6731279033287176,0,2.0,-2.0,1055776.4641065977,
2019-09-06,87.34679412841797,87.67064666748047,0.6482303652093224,0,2.0,-2.0,1055776.4641065977,
2019-09-10,88.51661682128906,88.4676513671875,0.30006923637748595,0,2.0,-2.0,1055776.4641065977,
2019-09-11,88.51661682128906,88.4676513671875,0.2803757149487774,0,2.0,-2.0,1055776.4641065977,
2019-09-12,88.51661682128906,88.4676513671875,0.2604986359325238,0,2.0,-2.0,1055776.4641065977,
2019-09-16,88.90656280517578,88.86615753173828,0.1794202577737119,0,2.0,-2.0,1055776.4641065977,
2019-09-17,88.90656280517578,88.86615753173828,0.15312891562053352,0,2.0,-2.0,1055776.4641065977,
2019-09-18,89.29650115966797,88.86615753173828,-0.10358479798797401,0,2.0,-2.0,1055776.4641065977,
2019-09-19,89.29650115966797,89.26466369628906,0.0329329099885118,0,2.0,-2.0,1055776.4641065977,
2019-09-20,88.90656280517578,89.66316223144531,0.41996862974588534,0,2.0,-2.0,1055776.4641065977,
2019-09-23,88.51661682128906,89.26466369628906,0.4615463748073117,0,2.0,-2.0,1055776.4641065977,
2019-09-24,88.12667846679688,88.86615753173828,0.5080479265069875,0,2.0,-2.0,1055776.4641065977,
2019-09-25,88.12667846679688,88.06915283203125,0.06861337669421289,0,2.0,-2.0,1055776.4641065977,
2019-09-26,88.12667846679688,87.67064666748047,-0.18768027925087274,0,2.0,-2.0,1055776.4641065977,
2019-09-27,87.34679412841797,88.4676513671875,0.8726679323489948,0,2.0,-2.0,1055776.4641065977,
2019-10-01,88.51661682128906,89.26466369628906,0.3315071235158542,0,2.0,-2.0,1055776.4641065977,
2019-10-02,88.51661682128906,89.26466369628906,0.3024714161059863,0,2.0,-2.0,1055776.4641065977,
2019-10-03,87.73674011230469,88.86615753173828,0.927274570292491,0,2.0,-2.0,1055776.4641065977,
2019-10-04,88.51661682128906,89.26466369628906,0.2289228544974411,0,2.0,-2.0,1055776.4641065977,
2019-10-07,88.51661682128906,89.66316223144531,0.6927488434111317,0,2.0,-2.0,1055776.4641065977,
2019-10-08,88.51661682128906,89.66316223144531,0.681098024636476,0,2.0,-2.0,1055776.4641065977,
2019-10-09,87.73674011230469,88.86615753173828,1.0512082883803313,0,2.0,-2.0,1055776.4641065977,
2019-10-14,88.51661682128906,89.26466369628906,0.09211510722051475,0,2.0,-2.0,1055776.4641065977,
2019-10-15,88.51661682128906,89.26466369628906,0.09440938021335776,0,2.0,-2.0,1055776.4641065977,
2019-10-16,88.51661682128906,89.66316223144531,0.6386773385084228,0,2.0,-2.0,1055776.4641065977,
2019-10-17,88.51661682128906,89.66316223144531,0.6144743671064458,0,2.0,-2.0,1055776.4641065977,
2019-10-18,88.12667846679688,89.66316223144531,1.3190040050016842,0,2.0,-2.0,1055776.4641065977,
2019-10-21,88.51661682128906,89.66316223144531,0.5544896894467846,0,2.0,-2.0,1055776.4641065977,
2019-10-22,88.51661682128906,90.06166076660156,1.0622128542361098,0,2.0,-2.0,1055776.4641065977,
2019-10-23,88.12667846679688,89.66316223144531,1.2222491446258892,0,2.0,-2.0,1055776.4641065977,
2019-10-24,88.12667846679688,90.06166076660156,1.7150396974800712,0,2.0,-2.0,1055776.4641065977,
2019-10-25,88.51661682128906,89.66316223144531,0.45688034457326016,0,2.0,-2.0,1055776.4641065977,
2019-10-28,88.90656280517578,90.06166076660156,0.29173907103018987,0,2.0,-2.0,1055776.4641065977,
2019-10-29,88.51661682128906,89.66316223144531,0.5272940733534927,0,2.0,-2.0,1055776.4641065977,
2019-10-30,88.90656280517578,90.06166076660156,0.356266118671192,0,2.0,-2.0,1055776.4641065977,
2019-10-31,88.51661682128906,89.26466369628906,0.03089575627132194,0,2.0,-2.0,1055776.4641065977,
2019-11-01,88.90656280517578,90.06166076660156,0.4431021425307124,0,2.0,-2.0,1055776.4641065977,
2019-11-04,88.90656280517578,90.06166076660156,0.4690932289801483,0,2.0,-2.0,1055776.4641065977,
2019-11-05,89.68643951416016,90.06166076660156,-1.1879567142700789,0,2.0,-2.0,1055776.4641065977,
2019-11-06,90.07638549804688,90.46017456054688,-1.3689520768315377,0,2.0,-2.0,1055776.4641065977,
2019-11-07,90.46632385253906,90.06166076660156,-2.585176007945435,1,2.0,-2.0,1055709.242987213,Long Spread
2019-11-08,90.46632385253906,90.46017456054688,-1.928504305270276,1,2.0,-2.0,1056506.2705751036,
2019-11-11,90.85626983642578,90.8586654663086,-2.022083732092202,1,2.0,-2.0,1056523.3604188536,
2019-11-12,90.85626983642578,90.46017456054688,-2.4077918522456825,1,2.0,-2.0,1055726.3786073301,
2019-11-13,89.68643951416016,89.66316223144531,-1.2950653498331521,1,2.0,-2.0,1056472.0145936583,
2019-11-14,90.46632385253906,90.06166076660156,-2.146245083462978,1,2.0,-2.0,1055709.242987213,
2019-11-15,90.07638549804688,90.46017456054688,-0.9288678930242611,1,2.0,-2.0,1057286.147284088,
2019-11-18,90.07638549804688,90.46017456054688,-0.8996212976798861,1,2.0,-2.0,1057286.147284088,
2019-11-19,89.68643951416016,90.06166076660156,-0.695366757928367,1,2.0,-2.0,1057269.0116639708,
2019-11-20,90.46632385253906,90.8586654663086,-1.0332718680451825,1,2.0,-2.0,1057303.252386627,
2019-11-21,90.07638549804688,90.06166076660156,-1.3342673443685922,1,2.0,-2.0,1056489.1196961973,
2019-11-22,90.46632385253906,90.8586654663086,-1.0148109561376115,1,2.0,-2.0,1057303.252386627,
2019-11-25,90.85626983642578,90.46017456054688,-2.0596674351229045,1,2.0,-2.0,1055726.3786073301,
2019-11-26,90.07638549804688,89.66316223144531,-1.6341669496920364,1,2.0,-2.0,1055692.1226258848,
2019-11-27,90.07638549804688,90.06166076660156,-1.1399990690593262,1,2.0,-2.0,1056489.1196961973,
2019-11-28,89.29650115966797,89.66316223144531,-0.33722034865329803,1,2.0,-2.0,1057251.8913026426,
2019-11-29,89.29650115966797,90.06166076660156,0.11182153750402254,0,2.0,-2.0,1057981.714046478,Close
2019-12-02,89.68643951416016,90.06166076660156,-0.510086950604082,0,2.0,-2.0,1057981.714046478,
2019-12-03,89.68643951416016,90.06166076660156,-0.4911008475056124,0,2.0,-2.0,1057981.714046478,
2019-12-04,89.68643951416016,90.06166076660156,-0.4742097493680926,0,2.0,-2.0,1057981.714046478,
2019-12-05,90.07638549804688,90.06166076660156,-1.068701976791293,0,2.0,-2.0,1057981.714046478,
2019-12-06,89.29650115966797,89.66316223144531,-0.2592766763569053,0,2.0,-2.0,1057981.714046478,
2019-12-09,88.90656280517578,89.26466369628906,-0.09330952775142878,0,2.0,-2.0,1057981.714046478,
2019-12-10,88.51661682128906,88.86615753173828,0.07018770691917288,0,2.0,-2.0,1057981.714046478,
2019-12-11,88.51661682128906,88.4676513671875,-0.3868918784411563,0,2.0,-2.0,1057981.714046478,
2019-12-12,89.29650115966797,88.86615753173828,-1.1652319252568493,0,2.0,-2.0,1057981.714046478,
2019-12-13,89.29650115966797,89.26466369628906,-0.7082135870700431,0,2.0,-2.0,1057981.714046478,
2019-12-16,88.12667846679688,88.06915283203125,-0.21860593073450052,0,2.0,-2.0,1057981.714046478,
2019-12-17,88.12667846679688,88.06915283203125,-0.22812561401216264,0,2.0,-2.0,1057981.714046478,
2019-12-18,88.51661682128906,88.06915283203125,-0.8350161091089785,0,2.0,-2.0,1057981.714046478,
2019-12-19,87.73674011230469,87.67064666748047,-0.026394149523139107,0,2.0,-2.0,1057981.714046478,
2019-12-20,88.51661682128906,88.4676513671875,-0.3525982863898282,0,2.0,-2.0,1057981.714046478,
2019-12-23,88.90656280517578,88.86615753173828,-0.5179628671864036,0,2.0,-2.0,1057981.714046478,
2019-12-24,88.12667846679688,88.06915283203125,-0.1825716705809526,0,2.0,-2.0,1057981.714046478,
2019-12-25,88.12667846679688,88.06915283203125,-0.15704298079742213,0,2.0,-2.0,1057981.714046478,
2019-12-26,88.12667846679688,88.4676513671875,0.31830405488028485,0,2.0,-2.0,1057981.714046478,
2019-12-27,88.51661682128906,88.86615753173828,0.15025058496237922,0,2.0,-2.0,1057981.714046478,
2019-12-30,88.12667846679688,88.4676513671875,0.3518904607497611,0,2.0,-2.0,1057981.714046478,
2019-12-31,87.34679412841797,87.67064666748047,0.7104194193039773,0,2.0,-2.0,1057981.714046478,
2020-01-02,87.73674011230469,87.27214813232422,-0.40775056048298974,0,2.0,-2.0,1057981.714046478,
2020-01-03,87.73674011230469,88.06915283203125,0.5772821990592003,0,2.0,-2.0,1057981.714046478,
2020-01-06,86.17697143554688,87.67064666748047,2.6422876925572374,-1,2.0,-2.0,1057914.7601417538,Short Spread
2020-01-07,85.39708709716797,87.27214813232422,3.125977090940445,-1,2.0,-2.0,1057151.9885353085,
2020-01-08,85.39708709716797,86.87364196777344,2.518204167976998,-1,2.0,-2.0,1057949.00086441,
2020-01-09,85.78703308105469,87.27214813232422,2.2524964384150006,-1,2.0,-2.0,1057931.880503082,
2020-01-10,85.39708709716797,87.27214813232422,2.6062279375997743,-1,2.0,-2.0,1057151.9885353085,
2020-01-13,85.00714874267578,87.67064666748047,3.1764618462188365,-1,2.0,-2.0,1055575.1147560116,
2020-01-14,84.61720275878906,87.27214813232422,3.0068351724566376,-1,2.0,-2.0,1055592.2198585507,
2020-01-15,84.2272720336914,86.87364196777344,2.8779848516949134,-1,2.0,-2.0,1055609.370737457,
2020-01-16,84.2272720336914,87.27214813232422,2.9149441505625884,-1,2.0,-2.0,1054812.3584083554,
2020-01-17,85.00714874267578,87.27214813232422,2.0870740876807274,-1,2.0,-2.0,1056372.1118263241,
2020-01-20,84.61720275878906,87.27214813232422,2.306305378160884,-1,2.0,-2.0,1055592.2198585507,
2020-01-30,83.44737243652344,86.47514343261719,2.6288410505721074,-1,2.0,-2.0,1054846.5686134335,
2020-01-31,83.44737243652344,86.0766372680664,2.252895704709214,-1,2.0,-2.0,1055643.580942535,
2020-02-03,84.2272720336914,86.0766372680664,1.5711179941802855,-1,2.0,-2.0,1057203.380136871,
2020-02-04,83.83733367919922,86.0766372680664,1.7927798508249146,-1,2.0,-2.0,1056423.5034278866,
2020-02-05,84.2272720336914,86.0766372680664,1.4464316005263431,-1,2.0,-2.0,1057203.380136871,
2020-02-06,84.61720275878906,86.47514343261719,1.3250985193507683,-1,2.0,-2.0,1057186.2292579648,
2020-02-07,83.83733367919922,86.87364196777344,1.9954364727756297,-1,2.0,-2.0,1054829.4940284726,
2020-02-10,84.2272720336914,86.87364196777344,1.6451168333590576,-1,2.0,-2.0,1055609.370737457,
2020-02-11,83.83733367919922,86.47514343261719,1.6500278278731848,-1,2.0,-2.0,1055626.491098785,
2020-02-12,83.44737243652344,86.47514343261719,1.829861977278121,-1,2.0,-2.0,1054846.5686134335,
2020-02-13,84.2272720336914,87.27214813232422,1.6193003590528925,-1,2.0,-2.0,1054812.3584083554,
2020-02-14,85.00714874267578,86.87364196777344,0.8836678922755427,-1,2.0,-2.0,1057169.1241554257,
2020-02-17,85.39708709716797,87.67064666748047,0.9694318399007875,-1,2.0,-2.0,1056354.991464996,
2020-02-18,84.61720275878906,87.27214813232422,1.258428838782609,-1,2.0,-2.0,1055592.2198585507,
2020-02-19,84.61720275878906,87.67064666748047,1.3946574640613614,-1,2.0,-2.0,1054795.2227882382,
2020-02-20,84.61720275878906,87.27214813232422,1.166314914982279,-1,2.0,-2.0,1055592.2198585507,
2020-02-21,84.61720275878906,87.27214813232422,1.1272804851237441,-1,2.0,-2.0,1055592.2198585507,
2020-02-24,83.05744171142578,86.47514343261719,1.7024566578986757,-1,2.0,-2.0,1054066.7071632382,
2020-02-25,83.05744171142578,86.47514343261719,1.6354938580489398,-1,2.0,-2.0,1054066.7071632382,
2020-02-26,82.2775650024414,86.0766372680664,1.8624796505775487,-1,2.0,-2.0,1053303.966074371,
2020-02-27,81.88761901855469,86.0766372680664,2.014089236915153,-1,2.0,-2.0,1052524.0741065976,
2020-03-02,80.3278579711914,86.0766372680664,2.7535225190081967,-1,2.0,-2.0,1049404.552011871,
2020-03-03,81.49767303466797,86.0766372680664,1.9739804533532463,-1,2.0,-2.0,1051744.1821388241,
2020-03-04,83.44737243652344,86.87364196777344,1.1438026894598339,-1,2.0,-2.0,1054049.571543121,
2020-03-05,84.61720275878906,87.67064666748047,0.7730181504052193,-1,2.0,-2.0,1054795.2227882382,
2020-03-06,82.66749572753906,86.47514343261719,1.352700797170053,-1,2.0,-2.0,1053286.8151954648,
2020-03-09,81.10773468017578,85.67813110351562,1.8335275946555822,-1,2.0,-2.0,1051761.3177589413,
2020-03-10,82.66749572753906,85.67813110351562,0.9296937689643701,-1,2.0,-2.0,1054880.839853668,
2020-03-11,82.2775650024414,86.47514343261719,1.4212570282034225,-1,2.0,-2.0,1052506.9537452694,
2020-03-12,82.2775650024414,85.67813110351562,1.0664390762558806,-1,2.0,-2.0,1054100.9784034726,
2020-03-13,81.88761901855469,84.48262023925781,0.7779091515981426,-1,2.0,-2.0,1055712.1081642148,
2020-03-16,80.7177963256836,83.68562316894531,1.0854127535393627,-1,2.0,-2.0,1054966.4569190976,
2020-03-17,80.3278579711914,85.27963256835938,1.8755159616539223,-1,2.0,-2.0,1050998.561411285,
2020-03-18,78.7680892944336,84.88113403320312,2.453846416894181,-1,2.0,-2.0,1048676.021128082,
2020-03-19,77.98821258544922,84.08411407470703,2.425456120557309,-1,2.0,-2.0,1048710.3076271054,
2020-03-20,77.91021728515625,84.88113403320312,2.5860988055958094,-1,2.0,-2.0,1046960.2771095273,
2020-03-23,76.4284439086914,84.08411407470703,2.8185920277738803,-1,2.0,-2.0,1045590.7702735898,
2020-03-24,76.974365234375,85.27963256835938,2.7583086293831327,-1,2.0,-2.0,1044291.5759376523,
2020-03-25,79.54796600341797,86.0766372680664,1.761767058243326,-1,2.0,-2.0,1047844.7680763241,
2020-03-26,78.3781509399414,85.67813110351562,2.068762531301207,-1,2.0,-2.0,1046302.1502784726,
2020-03-27,79.15802764892578,85.67813110351562,1.6616296698530197,-1,2.0,-2.0,1047861.9036964413,
2020-03-30,77.98821258544922,84.88113403320312,1.857757087808733,-1,2.0,-2.0,1047116.2677101132,
2020-03-31,77.91021728515625,85.67813110351562,2.052973172025954,-1,2.0,-2.0,1045366.2829689023,
2020-04-01,76.50643157958984,85.27963256835938,2.400553782761354,-1,2.0,-2.0,1043355.708628082,
2020-04-06,78.7680892944336,86.0766372680664,1.6247460686744422,-1,2.0,-2.0,1046285.0146583554,
2020-04-07,79.93790435791016,85.67813110351562,0.9773433355308659,-1,2.0,-2.0,1049421.65711441,
2020-04-08,80.7177963256836,86.0766372680664,0.7367780226948163,-1,2.0,-2.0,1050184.4287208554,
2020-04-09,81.10773468017578,85.27963256835938,0.28730223609160005,-1,2.0,-2.0,1052558.3148292538,
2020-04-10,81.49767303466797,86.0766372680664,0.34106701007188367,-1,2.0,-2.0,1051744.1821388241,
2020-04-13,81.10773468017578,86.0766372680664,0.49938875552674267,-1,2.0,-2.0,1050964.3054298398,
2020-04-14,82.66749572753906,86.47514343261719,-0.12429472828098959,0,2.0,-2.0,1053220.0494898984,Close
2020-04-15,83.05744171142578,86.87364196777344,-0.1967668496806395,0,2.0,-2.0,1053220.0494898984,
2020-04-16,82.2775650024414,86.0766372680664,-0.11686906779095962,0,2.0,-2.0,1053220.0494898984,
2020-04-17,82.66749572753906,86.47514343261719,-0.1897294487490733,0,2.0,-2.0,1053220.0494898984,
2020-04-20,83.44737243652344,86.87364196777344,-0.4493556899927661,0,2.0,-2.0,1053220.0494898984,
2020-04-21,82.66749572753906,86.47514343261719,-0.21219176724021468,0,2.0,-2.0,1053220.0494898984,
2020-04-22,82.66749572753906,86.87364196777344,-0.08194069736273567,0,2.0,-2.0,1053220.0494898984,
2020-04-23,82.2775650024414,86.87364196777344,0.1035002487559024,0,2.0,-2.0,1053220.0494898984,
2020-04-24,82.66749572753906,86.47514343261719,-0.26010109864236397,0,2.0,-2.0,1053220.0494898984,
2020-04-27,84.2272720336914,87.27214813232422,-0.7806308938971264,0,2.0,-2.0,1053220.0494898984,
2020-04-28,84.2272720336914,87.27214813232422,-0.7777323912370233,0,2.0,-2.0,1053220.0494898984,
2020-04-29,83.05744171142578,87.67064666748047,-0.0359051240834983,0,2.0,-2.0,1053220.0494898984,
2020-04-30,83.83733367919922,87.27214813232422,-0.6087174328015994,0,2.0,-2.0,1053220.0494898984,
2020-05-04,84.2272720336914,86.87364196777344,-0.9674788984698776,0,2.0,-2.0,1053220.0494898984,
2020-05-05,83.83733367919922,86.87364196777344,-0.7765277035288294,0,2.0,-2.0,1053220.0494898984,
2020-05-06,83.44737243652344,87.27214813232422,-0.43875484322451375,0,2.0,-2.0,1053220.0494898984,
2020-05-07,83.83733367919922,86.87364196777344,-0.8032611471717119,0,2.0,-2.0,1053220.0494898984,
2020-05-08,83.83733367919922,87.67064666748047,-0.508302279665999,0,2.0,-2.0,1053220.0494898984,
2020-05-11,84.2272720336914,87.67064666748047,-0.7275381590730264,0,2.0,-2.0,1053220.0494898984,
2020-05-12,83.44737243652344,87.67064666748047,-0.3102211843031703,0,2.0,-2.0,1053220.0494898984,
2020-05-13,83.83733367919922,87.67064666748047,-0.5328810804811327,0,2.0,-2.0,1053220.0494898984,
2020-05-14,83.44737243652344,87.67064666748047,-0.34366516268427283,0,2.0,-2.0,1053220.0494898984,
2020-05-15,83.83733367919922,87.27214813232422,-0.7439719828622894,0,2.0,-2.0,1053220.0494898984,
2020-05-18,83.83733367919922,88.06915283203125,-0.4383540315325282,0,2.0,-2.0,1053220.0494898984,
2020-05-19,84.2272720336914,88.4676513671875,-0.5124360792616512,0,2.0,-2.0,1053220.0494898984,
2020-05-20,83.83733367919922,88.86615753173828,-0.1422642637247515,0,2.0,-2.0,1053220.0494898984,
2020-05-21,83.83733367919922,88.86615753173828,-0.163243471158947,0,2.0,-2.0,1053220.0494898984,
2020-05-22,83.05744171142578,88.4676513671875,0.11869353194547973,0,2.0,-2.0,1053220.0494898984,
2020-05-25,83.83733367919922,88.06915283203125,-0.5221108147258511,0,2.0,-2.0,1053220.0494898984,
2020-05-26,83.83733367919922,88.4676513671875,-0.3536942175336087,0,2.0,-2.0,1053220.0494898984,
2020-05-27,83.83733367919922,87.67064666748047,-0.6833081339428327,0,2.0,-2.0,1053220.0494898984,
2020-05-28,83.83733367919922,88.06915283203125,-0.49423813516496534,0,2.0,-2.0,1053220.0494898984,
2020-05-29,83.83733367919922,88.06915283203125,-0.4840723451544741,0,2.0,-2.0,1053220.0494898984,
2020-06-01,83.05744171142578,88.86615753173828,0.304720744765894,0,2.0,-2.0,1053220.0494898984,
2020-06-02,83.44737243652344,89.26466369628906,0.22026311093119225,0,2.0,-2.0,1053220.0494898984,
2020-06-03,84.61720275878906,89.66316223144531,-0.3213555359998409,0,2.0,-2.0,1053220.0494898984,
2020-06-04,84.2272720336914,90.06166076660156,0.0881080996934095,0,2.0,-2.0,1053220.0494898984,
2020-06-05,83.83733367919922,89.66316223144531,0.13667082652561238,0,2.0,-2.0,1053220.0494898984,
2020-06-08,84.61720275878906,90.06166076660156,-0.16911771963529426,0,2.0,-2.0,1053220.0494898984,
2020-06-09,83.83733367919922,90.06166076660156,0.2931005805645535,0,2.0,-2.0,1053220.0494898984,
2020-06-10,84.61720275878906,90.06166076660156,-0.19975884593549958,0,2.0,-2.0,1053220.0494898984,
2020-06-11,83.83733367919922,89.66316223144531,0.09566024292207133,0,2.0,-2.0,1053220.0494898984,
2020-06-12,83.83733367919922,90.06166076660156,0.2727825334983803,0,2.0,-2.0,1053220.0494898984,
2020-06-15,82.66749572753906,88.86615753173828,0.4859718791739327,0,2.0,-2.0,1053220.0494898984,
2020-06-16,83.83733367919922,89.66316223144531,0.13019332257632493,0,2.0,-2.0,1053220.0494898984,
2020-06-17,84.2272720336914,90.06166076660156,0.09296465375887476,0,2.0,-2.0,1053220.0494898984,
2020-06-18,83.83733367919922,89.66316223144531,0.21030102369075118,0,2.0,-2.0,1053220.0494898984,
2020-06-19,83.44737243652344,90.06166076660156,0.7570106888544433,0,2.0,-2.0,1053220.0494898984,
2020-06-22,83.83733367919922,90.46017456054688,0.7048047897189486,0,2.0,-2.0,1053220.0494898984,
2020-06-23,83.44737243652344,90.8586654663086,1.2637399006444086,0,2.0,-2.0,1053220.0494898984,
2020-06-24,84.2272720336914,91.25717163085938,0.9129524597939948,0,2.0,-2.0,1053220.0494898984,
2020-06-29,84.61720275878906,91.65568542480467,0.8868710419569101,0,2.0,-2.0,1053220.0494898984,
2020-06-30,86.17697143554688,93.24969482421876,0.6237151830285956,0,2.0,-2.0,1053220.0494898984,
2020-07-01,87.34679412841797,92.85118865966795,-0.6809980968310372,0,2.0,-2.0,1053220.0494898984,
2020-07-02,88.90656280517578,94.27859497070312,-1.2775475194133015,0,2.0,-2.0,1053220.0494898984,
2020-07-03,89.68643951416016,92.62458801269533,-3.2007027723241457,1,2.0,-2.0,1053152.7570487973,Long Spread
2020-07-06,90.07638549804688,92.62458801269533,-3.249906295064818,1,2.0,-2.0,1052372.865081024,
2020-07-07,89.68643951416016,92.2110824584961,-2.872309933189313,1,2.0,-2.0,1052325.745940399,
2020-07-08,90.07638549804688,92.62458801269533,-2.717585624090032,1,2.0,-2.0,1052372.865081024,
2020-07-09,90.07638549804688,91.3840789794922,-3.122658441187578,1,2.0,-2.0,1049891.8470146176,
2020-07-10,90.46632385253906,91.79757690429688,-2.907167458824844,1,2.0,-2.0,1049938.9661552426,
2020-07-13,90.46632385253906,91.3840789794922,-2.847315191511889,1,2.0,-2.0,1049111.9703056333,
2020-07-14,90.46632385253906,90.9705810546875,-2.785456884447626,1,2.0,-2.0,1048284.9744560239,
2020-07-15,90.46632385253906,90.55707550048828,-2.725505773791458,1,2.0,-2.0,1047457.9633476255,
2020-07-16,88.90656280517578,90.55707550048828,-1.7399939731196084,1,2.0,-2.0,1050577.485442352,
2020-07-17,87.48242950439453,90.55707550048828,-0.9056384002773803,1,2.0,-2.0,1053425.7520439145,
2020-07-20,87.48242950439453,90.9705810546875,-0.7189697024097834,1,2.0,-2.0,1054252.763152313,
2020-07-21,86.66863250732422,90.9705810546875,-0.24765059103544118,1,2.0,-2.0,1055880.3571464536,
2020-07-22,87.07552337646484,90.9705810546875,-0.46513095337201255,1,2.0,-2.0,1055066.5754081723,
2020-07-23,86.66863250732422,90.14356231689452,-0.5628506855749547,1,2.0,-2.0,1054226.3196708676,
2020-07-24,86.2617416381836,90.14356231689452,-0.334150172923568,1,2.0,-2.0,1055040.101409149,
2020-07-27,85.44795227050781,89.31655883789062,-0.1964760625208709,1,2.0,-2.0,1055013.6731864926,
2020-07-28,85.04105377197266,89.7300796508789,0.19334539577942106,0,2.0,-2.0,1056587.5209642025,Close
2020-07-29,85.44795227050781,89.7300796508789,-0.04350917740498366,0,2.0,-2.0,1056587.5209642025,
2020-07-30,85.44795227050781,89.7300796508789,-0.047516775292349364,0,2.0,-2.0,1056587.5209642025,
2020-07-31,85.44795227050781,90.55707550048828,0.2815604464487514,0,2.0,-2.0,1056587.5209642025,
2020-08-03,84.63416290283203,89.31655883789062,0.2336628156173525,0,2.0,-2.0,1056587.5209642025,
2020-08-04,84.63416290283203,89.7300796508789,0.3930082697458714,0,2.0,-2.0,1056587.5209642025,
2020-08-05,85.04105377197266,89.31655883789062,-0.005676119379002043,0,2.0,-2.0,1056587.5209642025,
2020-08-06,84.63416290283203,90.14356231689452,0.549205120867343,0,2.0,-2.0,1056587.5209642025,
2020-08-07,84.22726440429688,90.14356231689452,0.7614911751319605,0,2.0,-2.0,1056587.5209642025,
2020-08-10,83.82037353515625,89.7300796508789,0.8100081682674264,0,2.0,-2.0,1056587.5209642025,
2020-08-11,83.4134750366211,89.7300796508789,1.0077810030287595,0,2.0,-2.0,1056587.5209642025,
2020-08-12,83.82037353515625,90.14356231689452,0.9250971013685128,0,2.0,-2.0,1056587.5209642025,
2020-08-13,84.22726440429688,90.55707550048828,0.8445972788147644,0,2.0,-2.0,1056587.5209642025,
2020-08-14,83.82037353515625,90.14356231689452,0.8925503906434739,0,2.0,-2.0,1056587.5209642025,
2020-08-17,84.22726440429688,89.7300796508789,0.5101115971208332,0,2.0,-2.0,1056587.5209642025,
2020-08-18,83.82037353515625,90.14356231689452,0.8831261928374224,0,2.0,-2.0,1056587.5209642025,
2020-08-19,83.82037353515625,90.14356231689452,0.8641212670206391,0,2.0,-2.0,1056587.5209642025,
2020-08-20,83.4134750366211,90.14356231689452,1.0579263464329336,0,2.0,-2.0,1056587.5209642025,
2020-08-21,83.82037353515625,90.55707550048828,0.9718806231529615,0,2.0,-2.0,1056587.5209642025,
2020-08-24,83.4134750366211,90.14356231689452,1.0056167157855123,0,2.0,-2.0,1056587.5209642025,
2020-08-25,83.00658416748047,90.14356231689452,1.1835079495732745,0,2.0,-2.0,1056587.5209642025,
2020-08-26,83.4134750366211,90.14356231689452,0.9649433761814031,0,2.0,-2.0,1056587.5209642025,
2020-08-27,83.4134750366211,90.55707550048828,1.1001533890475472,0,2.0,-2.0,1056587.5209642025,
2020-08-28,83.4134750366211,90.14356231689452,0.9300079143923867,0,2.0,-2.0,1056587.5209642025,
2020-08-31,82.59968566894531,89.7300796508789,1.1697797796780154,0,2.0,-2.0,1056587.5209642025,
2020-09-01,82.59968566894531,90.14356231689452,1.288477684764457,0,2.0,-2.0,1056587.5209642025,
2020-09-02,82.59968566894531,89.7300796508789,1.1163816990421824,0,2.0,-2.0,1056587.5209642025,
2020-09-03,82.19278717041016,90.14356231689452,1.4256395061252842,0,2.0,-2.0,1056587.5209642025,
2020-09-04,82.19278717041016,89.7300796508789,1.2491283179503758,0,2.0,-2.0,1056587.5209642025,
2020-09-07,82.19278717041016,89.7300796508789,1.2217309792715723,0,2.0,-2.0,1056587.5209642025,
2020-09-08,81.78590393066406,90.14356231689452,1.5094973457779965,0,2.0,-2.0,1056587.5209642025,
2020-09-09,81.3790054321289,89.7300796508789,1.521843444077159,0,2.0,-2.0,1056587.5209642025,
2020-09-10,81.3790054321289,90.14356231689452,1.6002885257344652,0,2.0,-2.0,1056587.5209642025,
2020-09-11,81.78590393066406,90.14356231689452,1.3780214885417075,0,2.0,-2.0,1056587.5209642025,
2020-09-14,81.78590393066406,90.14356231689452,1.340489422114036,0,2.0,-2.0,1056587.5209642025,
2020-09-15,81.3790054321289,90.14356231689452,1.4773308291461804,0,2.0,-2.0,1056587.5209642025,
2020-09-16,81.3790054321289,90.14356231689452,1.4386061801930323,0,2.0,-2.0,1056587.5209642025,
2020-09-17,81.1348648071289,90.14356231689452,1.5062191555620759,0,2.0,-2.0,1056587.5209642025,
2020-09-18,80.97211456298828,90.14356231689452,1.5289163483346924,0,2.0,-2.0,1056587.5209642025,
2020-09-21,80.48383331298828,89.7300796508789,1.5585169800232899,0,2.0,-2.0,1056587.5209642025,
2020-09-22,80.23970031738281,89.31655883789062,1.489467515972007,0,2.0,-2.0,1056587.5209642025,
2020-09-23,79.58866882324219,88.90306091308594,1.5638628944707689,0,2.0,-2.0,1056587.5209642025,
2020-09-24,78.4493637084961,88.48956298828125,1.799091685904454,0,2.0,-2.0,1056587.5209642025,
2020-09-25,78.69348907470703,88.90306091308594,1.7443601920637832,0,2.0,-2.0,1056587.5209642025,
2020-09-28,79.01901245117188,89.31655883789062,1.6700865082843015,0,2.0,-2.0,1056587.5209642025,
2020-09-29,78.93763732910156,89.7300796508789,1.7397851262308832,0,2.0,-2.0,1056587.5209642025,
2020-09-30,78.61212158203125,88.48956298828125,1.4884126648138665,0,2.0,-2.0,1056587.5209642025,
2020-10-05,78.5307388305664,88.48956298828125,1.4812729112884802,0,2.0,-2.0,1056587.5209642025,
2020-10-06,78.93763732910156,89.31655883789062,1.5149331133315074,0,2.0,-2.0,1056587.5209642025,
2020-10-07,78.77487182617188,88.07605743408203,1.225658222765379,0,2.0,-2.0,1056587.5209642025,
2020-10-08,78.85625457763672,88.90306091308594,1.4130792337936595,0,2.0,-2.0,1056587.5209642025,
2020-10-12,78.61212158203125,88.48956298828125,1.3988483437353725,0,2.0,-2.0,1056587.5209642025,
2020-10-13,78.12384033203125,88.90306091308594,1.7082423574833092,0,2.0,-2.0,1056587.5209642025,
2020-10-14,78.4493637084961,88.90306091308594,1.5246806718821972,0,2.0,-2.0,1056587.5209642025,
2020-10-15,78.12384033203125,88.07605743408203,1.371979551669111,0,2.0,-2.0,1056587.5209642025,
2020-10-16,77.31005096435547,88.07605743408203,1.6769673898121344,0,2.0,-2.0,1056587.5209642025,
2020-10-19,77.71695709228516,88.48956298828125,1.5792441885446113,0,2.0,-2.0,1056587.5209642025,
2020-10-20,77.79833221435547,88.07605743408203,1.3766712439036282,0,2.0,-2.0,1056587.5209642025,
2020-10-21,78.4493637084961,88.48956298828125,1.182964410756395,0,2.0,-2.0,1056587.5209642025,
2020-10-22,80.15830993652344,88.48956298828125,0.35916232695501193,0,2.0,-2.0,1056587.5209642025,
2020-10-23,79.4259033203125,88.90306091308594,0.8241128961759692,0,2.0,-2.0,1056587.5209642025,
2020-10-26,80.07693481445312,89.7300796508789,0.7686515661835551,0,2.0,-2.0,1056587.5209642025,
2020-10-27,79.75142669677734,90.14356231689452,1.0520286930357237,0,2.0,-2.0,1056587.5209642025,
2020-10-28,79.83280181884766,89.7300796508789,0.8336618135022386,0,2.0,-2.0,1056587.5209642025,
2020-10-29,78.93763732910156,88.90306091308594,0.9667513416940949,0,2.0,-2.0,1056587.5209642025,
2020-10-30,79.50728607177734,88.48956298828125,0.4813564172732461,0,2.0,-2.0,1056587.5209642025,
2020-11-02,79.58866882324219,90.55707550048828,1.219918790735674,0,2.0,-2.0,1056587.5209642025,
2020-11-03,79.58866882324219,90.55707550048828,1.1886298511995832,0,2.0,-2.0,1056587.5209642025,
2020-11-04,79.6700439453125,90.55707550048828,1.1099437456922707,0,2.0,-2.0,1056587.5209642025,
2020-11-05,80.23970031738281,90.9705810546875,0.9221792952298905,0,2.0,-2.0,1056587.5209642025,
2020-11-06,81.3790054321289,90.55707550048828,0.05321830499569335,0,2.0,-2.0,1056587.5209642025,
2020-11-09,81.78590393066406,90.9705810546875,-0.04146104919136183,0,2.0,-2.0,1056587.5209642025,
2020-11-10,81.1348648071289,90.9705810546875,0.33160764844558394,0,2.0,-2.0,1056587.5209642025,
2020-11-11,80.97211456298828,90.9705810546875,0.4080445018457514,0,2.0,-2.0,1056587.5209642025,
2020-11-12,80.97211456298828,90.9705810546875,0.3802451794067321,0,2.0,-2.0,1056587.5209642025,
2020-11-13,80.64659881591797,90.9705810546875,0.5749300715849042,0,2.0,-2.0,1056587.5209642025,
2020-11-16,80.97211456298828,90.55707550048828,0.11126562954073384,0,2.0,-2.0,1056587.5209642025,
2020-11-17,80.5652084350586,90.9705810546875,0.592595752356592,0,2.0,-2.0,1056587.5209642025,
2020-11-18,81.1348648071289,90.9705810546875,0.13774371995841805,0,2.0,-2.0,1056587.5209642025,
2020-11-19,80.97211456298828,90.9705810546875,0.2329303374817001,0,2.0,-2.0,1056587.5209642025,
2020-11-20,80.8093490600586,90.55707550048828,0.0973115352554384,0,2.0,-2.0,1056587.5209642025,
2020-11-23,80.97211456298828,91.3840789794922,0.42224531720359904,0,2.0,-2.0,1056587.5209642025,
2020-11-24,80.64659881591797,90.55707550048828,0.16167520921118939,0,2.0,-2.0,1056587.5209642025,
2020-11-25,80.3210678100586,90.14356231689452,0.15242680590365712,0,2.0,-2.0,1056587.5209642025,
2020-11-26,81.05348205566406,90.55707550048828,-0.3172071562311284,0,2.0,-2.0,1056587.5209642025,
2020-11-27,80.72797393798828,90.55707550048828,-0.026802520367951194,0,2.0,-2.0,1056587.5209642025,
2020-11-30,79.01901245117188,89.7300796508789,1.1448300880454652,0,2.0,-2.0,1056587.5209642025,
2020-12-01,79.99556732177734,90.14356231689452,0.3626247909366739,0,2.0,-2.0,1056587.5209642025,
2020-12-02,79.50728607177734,90.14356231689452,0.909530590472321,0,2.0,-2.0,1056587.5209642025,
2020-12-03,78.93763732910156,89.7300796508789,1.2395215885566262,0,2.0,-2.0,1056587.5209642025,
2020-12-04,79.4259033203125,90.55707550048828,1.3376591071281718,0,2.0,-2.0,1056587.5209642025,
2020-12-07,79.4259033203125,89.7300796508789,0.5495463995528523,0,2.0,-2.0,1056587.5209642025,
2020-12-08,79.58866882324219,90.55707550048828,1.0882237184699945,0,2.0,-2.0,1056587.5209642025,
2020-12-09,79.58866882324219,89.7300796508789,0.25827733379284895,0,2.0,-2.0,1056587.5209642025,
2020-12-10,79.6700439453125,89.7300796508789,0.1049540872808658,0,2.0,-2.0,1056587.5209642025,
2020-12-11,80.23970031738281,89.7300796508789,-0.7957393616657696,0,2.0,-2.0,1056587.5209642025,
2020-12-14,80.5652084350586,89.7300796508789,-1.3449446136121765,0,2.0,-2.0,1056587.5209642025,
2020-12-15,80.15830993652344,90.14356231689452,-0.26580227699338393,0,2.0,-2.0,1056587.5209642025,
2020-12-16,80.72797393798828,90.55707550048828,-0.742187127359459,0,2.0,-2.0,1056587.5209642025,
2020-12-17,80.72797393798828,90.55707550048828,-0.7593527233104632,0,2.0,-2.0,1056587.5209642025,
2020-12-18,80.8093490600586,90.55707550048828,-0.9140075582180206,0,2.0,-2.0,1056587.5209642025,
2020-12-21,80.89073181152344,90.55707550048828,-1.0447990997826644,0,2.0,-2.0,1056587.5209642025,
2020-12-22,80.5652084350586,90.14356231689452,-0.9609836284615942,0,2.0,-2.0,1056587.5209642025,
2020-12-23,80.23970031738281,89.7300796508789,-0.8796467320510505,0,2.0,-2.0,1056587.5209642025,
2020-12-24,80.15830993652344,89.31655883789062,-1.1944120934508915,0,2.0,-2.0,1056587.5209642025,
2020-12-25,80.40245819091797,89.7300796508789,-1.0760413533416646,0,2.0,-2.0,1056587.5209642025,
2020-12-28,80.97211456298828,90.55707550048828,-1.0121638795005286,0,2.0,-2.0,1056587.5209642025,
2020-12-29,80.5652084350586,90.14356231689452,-0.7999161288284716,0,2.0,-2.0,1056587.5209642025,
2020-12-30,81.1348648071289,90.9705810546875,-0.7421795132603553,0,2.0,-2.0,1056587.5209642025,
2020-12-31,80.48383331298828,90.14356231689452,-0.630467828859591,0,2.0,-2.0,1056587.5209642025,
2021-01-04,80.3210678100586,90.14356231689452,-0.34609463632493603,0,2.0,-2.0,1056587.5209642025,
2021-01-05,80.72797393798828,90.55707550048828,-0.514839100969552,0,2.0,-2.0,1056587.5209642025,
2021-01-06,80.23970031738281,90.55707550048828,0.3296164811060049,0,2.0,-2.0,1056587.5209642025,
2021-01-07,79.99556732177734,90.14356231689452,0.2670003543550292,0,2.0,-2.0,1056587.5209642025,
2021-01-08,80.97211456298828,90.9705810546875,-0.3852287045246817,0,2.0,-2.0,1056587.5209642025,
2021-01-11,80.89073181152344,91.79757690429688,0.8500948195317697,0,2.0,-2.0,1056587.5209642025,
2021-01-12,80.89073181152344,91.79757690429688,0.9131969971695807,0,2.0,-2.0,1056587.5209642025,
2021-01-13,80.97211456298828,92.2110824584961,1.3424371674840714,0,2.0,-2.0,1056587.5209642025,
2021-01-14,81.05348205566406,92.62458801269533,1.715840378066291,0,2.0,-2.0,1056587.5209642025,
2021-01-15,80.64659881591797,91.79757690429688,1.346650330958494,0,2.0,-2.0,1056587.5209642025,
2021-01-18,80.3210678100586,91.79757690429688,1.8851849522367086,0,2.0,-2.0,1056587.5209642025,
2021-01-19,79.91417694091797,91.79757690429688,2.4675373615534815,-1,2.0,-2.0,1056520.6524940487,Short Spread
2021-01-20,79.18177032470703,90.14356231689452,1.6202572142353768,-1,2.0,-2.0,1058363.8684364315,
2021-01-21,79.10037994384766,89.7300796508789,1.2086714583085476,-1,2.0,-2.0,1059028.053006744,
2021-01-22,78.69348907470703,89.7300796508789,1.8388503676144203,-1,2.0,-2.0,1058214.2712684628,
2021-01-25,79.58866882324219,90.14356231689452,0.7962411927761966,-1,2.0,-2.0,1059177.6654335018,
2021-01-26,79.26314544677734,89.7300796508789,0.8635871724432789,-1,2.0,-2.0,1059353.5840126034,
2021-01-27,78.61212158203125,90.14356231689452,2.3728635519938446,-1,2.0,-2.0,1057224.57095108,
2021-01-28,79.10037994384766,90.14356231689452,1.5445525337879367,-1,2.0,-2.0,1058201.0876747128,
2021-01-29,78.28659057617188,89.31655883789062,1.8413250753918864,-1,2.0,-2.0,1058227.515897369,
2021-02-01,78.5307388305664,90.14356231689452,2.270926946746938,-1,2.0,-2.0,1057061.8054481503,
2021-02-02,78.77487182617188,90.14356231689452,1.8312906347032447,-1,2.0,-2.0,1057550.0714393612,
2021-02-03,78.36798095703125,90.14356231689452,2.3118784921167226,-1,2.0,-2.0,1056736.28970108,
2021-02-04,78.36798095703125,89.31655883789062,1.3791615773218893,-1,2.0,-2.0,1058390.2966590878,
2021-02-05,79.10037994384766,89.7300796508789,0.7083507500235829,-1,2.0,-2.0,1059028.053006744,
2021-02-17,78.61212158203125,89.7300796508789,1.3787080037249042,-1,2.0,-2.0,1058051.5362831112,
2021-02-18,78.4493637084961,89.7300796508789,1.5546198401374236,-1,2.0,-2.0,1057726.020536041,
2021-02-19,78.28659057617188,90.14356231689452,2.089967990753002,-1,2.0,-2.0,1056573.5089393612,
2021-02-22,78.28659057617188,89.7300796508789,1.6146756668816213,-1,2.0,-2.0,1057400.4742713924,
2021-02-23,79.75142669677734,90.55707550048828,0.3978116618999106,-1,2.0,-2.0,1058676.1548133846,
2021-02-24,79.75142669677734,90.55707550048828,0.37676768250847814,-1,2.0,-2.0,1058676.1548133846,
2021-02-25,80.5652084350586,91.3840789794922,0.05566580557914027,-1,2.0,-2.0,1058649.7113319393,
2021-02-26,79.01901245117188,90.55707550048828,1.3353069654937992,-1,2.0,-2.0,1057211.3263221737,
2021-03-02,79.18177032470703,90.55707550048828,1.0745877881058044,-1,2.0,-2.0,1057536.842069244,
2021-03-03,80.48383331298828,90.55707550048828,-0.7343810357614678,0,2.0,-2.0,1060074.126409454,Close
2021-03-04,79.75142669677734,90.55707550048828,0.26462612649608536,0,2.0,-2.0,1060074.126409454,
2021-03-05,79.58866882324219,90.9705810546875,0.8948609568302143,0,2.0,-2.0,1060074.126409454,
2021-03-08,79.4259033203125,90.9705810546875,1.086474861744829,0,2.0,-2.0,1060074.126409454,
2021-03-09,80.23970031738281,91.3840789794922,0.3625570845893237,0,2.0,-2.0,1060074.126409454,
2021-03-10,80.72797393798828,91.3840789794922,-0.30006788308076165,0,2.0,-2.0,1060074.126409454,
2021-03-11,80.40245819091797,91.79757690429688,0.5628485008523155,0,2.0,-2.0,1060074.126409454,
2021-03-12,80.48383331298828,91.79757690429688,0.4395396396917129,0,2.0,-2.0,1060074.126409454,
2021-03-15,79.83280181884766,91.3840789794922,0.921200273406212,0,2.0,-2.0,1060074.126409454,
2021-03-16,80.40245819091797,91.3840789794922,0.12715959529918203,0,2.0,-2.0,1060074.126409454,
2021-03-17,80.3210678100586,91.3840789794922,0.22779831406007892,0,2.0,-2.0,1060074.126409454,
2021-03-18,80.23970031738281,91.79757690429688,0.7206930554146578,0,2.0,-2.0,1060074.126409454,
2021-03-19,79.58866882324219,90.9705810546875,0.7823420395764769,0,2.0,-2.0,1060074.126409454,
2021-03-22,79.58866882324219,91.3840789794922,1.162522379459911,0,2.0,-2.0,1060074.126409454,
2021-03-23,79.34452819824219,91.79757690429688,1.8456837724111081,0,2.0,-2.0,1060074.126409454,
2021-03-24,79.34452819824219,91.79757690429688,1.770790440579147,0,2.0,-2.0,1060074.126409454,
2021-03-25,79.34452819824219,92.2110824584961,2.0762220438785675,-1,2.0,-2.0,1060007.2641850277,Short Spread
2021-03-26,80.15830993652344,92.2110824584961,0.9435733686702983,-1,2.0,-2.0,1061634.8276615902,
2021-03-29,80.40245819091797,92.62458801269533,0.9835284406396544,-1,2.0,-2.0,1061296.1130619808,
2021-03-30,80.48383331298828,92.2110824584961,0.43228826158572004,-1,2.0,-2.0,1062285.8744145199,
2021-03-31,79.91417694091797,92.2110824584961,1.2224844851525758,-1,2.0,-2.0,1061146.5616703792,
2021-04-01,79.91417694091797,92.2110824584961,1.1985985716937226,-1,2.0,-2.0,1061146.5616703792,
2021-04-07,80.5652084350586,92.62458801269533,0.6383839914009427,-1,2.0,-2.0,1061621.613550262,
2021-04-08,79.99556732177734,91.79757690429688,0.5845263668489543,-1,2.0,-2.0,1062136.3535404964,
2021-04-09,79.91417694091797,92.62458801269533,1.642947879194368,-1,2.0,-2.0,1060319.5505619808,
2021-04-12,79.75142669677734,91.79757690429688,0.9168618037111568,-1,2.0,-2.0,1061648.0722904964,
2021-04-13,80.15830993652344,92.62458801269533,1.2066147984644395,-1,2.0,-2.0,1060807.8165531917,
2021-04-14,80.3210678100586,93.45159149169922,1.9253762846137537,-1,2.0,-2.0,1059479.3253422542,
2021-04-15,80.48383331298828,94.27859497070312,2.532870911354356,-1,2.0,-2.0,1058150.8493901058,
2021-04-16,80.72797393798828,94.27859497070312,2.023468633167145,-1,2.0,-2.0,1058639.1306401058,
2021-04-19,81.21623992919922,94.69210052490234,1.6697969247685145,-1,2.0,-2.0,1058788.6515141292,
2021-04-20,82.59968566894531,95.10560607910156,-0.29478891783191696,0,2.0,-2.0,1060661.4236735532,Close
2021-04-21,81.78590393066406,94.69210052490234,0.6208879155870534,0,2.0,-2.0,1060661.4236735532,
2021-04-22,82.19278717041016,94.69210052490234,-0.14633366159108524,0,2.0,-2.0,1060661.4236735532,
2021-04-23,82.19278717041016,94.27859497070312,-0.6958849097111961,0,2.0,-2.0,1060661.4236735532,
2021-04-26,82.19278717041016,94.27859497070312,-0.7071648205005715,0,2.0,-2.0,1060661.4236735532,
2021-04-27,82.19278717041016,94.27859497070312,-0.7024380790987984,0,2.0,-2.0,1060661.4236735532,
2021-04-28,81.78590393066406,94.27859497070312,0.06196813771979983,0,2.0,-2.0,1060661.4236735532,
2021-04-29,81.3790054321289,94.27859497070312,0.7980635018131849,0,2.0,-2.0,1060661.4236735532,
2021-05-03,81.21623992919922,93.45159149169922,-0.013658780645320896,0,2.0,-2.0,1060661.4236735532,
2021-05-04,80.64659881591797,93.0380859375,0.4912207207393898,0,2.0,-2.0,1060661.4236735532,
2021-05-05,80.5652084350586,92.62458801269533,0.06732939795484341,0,2.0,-2.0,1060661.4236735532,
2021-05-06,81.3790054321289,93.45159149169922,-0.3859270455746176,0,2.0,-2.0,1060661.4236735532,
2021-05-07,81.78590393066406,93.86509704589844,-0.5865923184407579,0,2.0,-2.0,1060661.4236735532,
2021-05-10,81.78590393066406,94.27859497070312,-0.024319734832475275,0,2.0,-2.0,1060661.4236735532,
2021-05-11,81.78590393066406,94.69210052490234,0.5357740928282765,0,2.0,-2.0,1060661.4236735532,
2021-05-12,80.07693481445312,93.0380859375,1.5225670858510778,0,2.0,-2.0,1060661.4236735532,
2021-05-13,79.18177032470703,91.79757690429688,1.4917831160845696,0,2.0,-2.0,1060661.4236735532,
2021-05-14,81.1348648071289,93.86509704589844,0.5979398270256645,0,2.0,-2.0,1060661.4236735532,
2021-05-17,81.05348205566406,93.0380859375,-0.35094176361138474,0,2.0,-2.0,1060661.4236735532,
2021-05-18,81.78590393066406,93.86509704589844,-0.6325422843010715,0,2.0,-2.0,1060661.4236735532,
2021-05-19,81.78590393066406,93.0380859375,-1.6753782875468586,0,2.0,-2.0,1060661.4236735532,
2021-05-20,81.78590393066406,93.86509704589844,-0.5785025686402738,0,2.0,-2.0,1060661.4236735532,
2021-05-21,82.19278717041016,94.69210052490234,-0.22621483650544286,0,2.0,-2.0,1060661.4236735532,
2021-05-24,81.3790054321289,93.45159149169922,-0.3409803159056612,0,2.0,-2.0,1060661.4236735532,
2021-05-25,81.3790054321289,94.27859497070312,0.7222371596522861,0,2.0,-2.0,1060661.4236735532,
2021-05-26,81.1348648071289,93.45159149169922,0.05968558710714975,0,2.0,-2.0,1060661.4236735532,
2021-05-27,79.75142669677734,92.62458801269533,1.5113800207892572,0,2.0,-2.0,1060661.4236735532,
2021-05-28,81.1348648071289,93.45159149169922,0.008100368056733706,0,2.0,-2.0,1060661.4236735532,
2021-05-31,81.78590393066406,93.86509704589844,-0.6573283724024822,0,2.0,-2.0,1060661.4236735532,
2021-06-01,81.3790054321289,93.86509704589844,0.06907051682256585,0,2.0,-2.0,1060661.4236735532,
2021-06-02,82.19278717041016,94.27859497070312,-0.9917114885169411,0,2.0,-2.0,1060661.4236735532,
2021-06-03,81.78590393066406,94.27859497070312,-0.17145836196161596,0,2.0,-2.0,1060661.4236735532,
2021-06-04,82.19278717041016,94.27859497070312,-0.9769409464953571,0,2.0,-2.0,1060661.4236735532,
2021-06-07,82.19278717041016,94.27859497070312,-0.9844874264972618,0,2.0,-2.0,1060661.4236735532,
2021-06-08,83.4134750366211,94.69210052490234,-2.771146474473179,1,2.0,-2.0,1060594.2994505307,Long Spread
2021-06-09,83.4134750366211,94.27859497070312,-3.0537240143841857,1,2.0,-2.0,1059767.2883421322,
2021-06-10,84.22726440429688,94.69210052490234,-3.5253715781371078,1,2.0,-2.0,1058966.720715179,
2021-06-11,84.22726440429688,94.69210052490234,-3.158940565169896,1,2.0,-2.0,1058966.720715179,
2021-06-15,83.4134750366211,94.69210052490234,-1.8953070774644494,1,2.0,-2.0,1060594.2994505307,
2021-06-16,83.4134750366211,95.10560607910156,-1.4420204364851186,1,2.0,-2.0,1061421.310558929,
2021-06-17,83.4134750366211,94.69210052490234,-1.7852554238441862,1,2.0,-2.0,1060594.2994505307,
2021-06-18,82.19278717041016,93.86509704589844,-0.8902659515678428,1,2.0,-2.0,1061381.6682249447,
2021-06-21,82.59968566894531,93.86509704589844,-1.3988865522039777,1,2.0,-2.0,1060567.8712278744,
2021-06-22,82.59968566894531,94.27859497070312,-0.9672603641601749,1,2.0,-2.0,1061394.8670774838,
2021-06-23,83.00658416748047,94.69210052490234,-1.083062527051888,1,2.0,-2.0,1061408.081188812,
2021-06-24,83.00658416748047,94.27859497070312,-1.4345107393333558,1,2.0,-2.0,1060581.0700804135,
2021-06-25,83.4134750366211,94.69210052490234,-1.5246024979293757,1,2.0,-2.0,1060594.2994505307,
2021-06-28,83.00658416748047,94.27859497070312,-1.3256990390856824,1,2.0,-2.0,1060581.0700804135,
2021-06-29,83.4134750366211,94.27859497070312,-1.7782312870730754,1,2.0,-2.0,1059767.2883421322,
2021-06-30,83.00658416748047,94.27859497070312,-1.214798119408594,1,2.0,-2.0,1060581.0700804135,
2021-07-01,83.00658416748047,93.86509704589844,-1.525902794578488,1,2.0,-2.0,1059754.074230804,
2021-07-02,83.00658416748047,94.27859497070312,-1.1206477417627165,1,2.0,-2.0,1060581.0700804135,
2021-07-05,83.4134750366211,94.69210052490234,-1.2181220478307995,1,2.0,-2.0,1060594.2994505307,
2021-07-06,83.00658416748047,94.27859497070312,-1.0457919615611144,1,2.0,-2.0,1060581.0700804135,
2021-07-07,83.4134750366211,94.27859497070312,-1.4867693977992515,1,2.0,-2.0,1059767.2883421322,
2021-07-08,83.4134750366211,94.27859497070312,-1.432256780155732,1,2.0,-2.0,1059767.2883421322,
2021-07-09,83.82037353515625,94.69210052490234,-1.5178771382806573,1,2.0,-2.0,1059780.5024534604,
2021-07-12,83.00658416748047,93.86509704589844,-1.22421976322257,1,2.0,-2.0,1059754.074230804,
2021-07-13,83.82037353515625,94.69210052490234,-1.4682389799810898,1,2.0,-2.0,1059780.5024534604,
2021-07-14,83.4134750366211,94.69210052490234,-0.9294129787547963,1,2.0,-2.0,1060594.2994505307,
2021-07-15,83.4134750366211,94.69210052490234,-0.9011977974421741,1,2.0,-2.0,1060594.2994505307,
2021-07-16,83.00658416748047,95.10560607910156,0.017075289473086314,0,2.0,-2.0,1062167.9678096005,Close
2021-07-19,83.4134750366211,95.10560607910156,-0.49153910715171073,0,2.0,-2.0,1062167.9678096005,
2021-07-20,83.00658416748047,95.10560607910156,0.042084736261665444,0,2.0,-2.0,1062167.9678096005,
2021-07-21,83.4134750366211,95.10560607910156,-0.47295805869060253,0,2.0,-2.0,1062167.9678096005,
2021-07-22,84.22726440429688,95.9326171875,-0.7440582871800209,0,2.0,-2.0,1062167.9678096005,
2021-07-23,84.63416290283203,95.10560607910156,-1.9324796839600624,0,2.0,-2.0,1062167.9678096005,
2021-07-26,84.22726440429688,95.10560607910156,-1.3738874255356683,0,2.0,-2.0,1062167.9678096005,
2021-07-27,84.63416290283203,95.51909637451172,-1.4589104683780587,0,2.0,-2.0,1062167.9678096005,
2021-07-28,84.63416290283203,95.9326171875,-1.0569201927551415,0,2.0,-2.0,1062167.9678096005,
2021-07-29,85.04105377197266,96.34610748291016,-1.1585427457817907,0,2.0,-2.0,1062167.9678096005,
2021-07-30,84.63416290283203,95.10560607910156,-1.6804964024331992,0,2.0,-2.0,1062167.9678096005,
2021-08-02,85.44795227050781,96.34610748291016,-1.531775088874787,0,2.0,-2.0,1062167.9678096005,
2021-08-03,86.2617416381836,96.75961303710938,-2.0508127999553496,1,2.0,-2.0,1062100.6469554135,Long Spread
2021-08-04,87.07552337646484,97.1731185913086,-2.498993025216763,1,2.0,-2.0,1061300.0945872494,
2021-08-05,88.29621887207031,97.58660888671876,-3.2530418031737014,1,2.0,-2.0,1059685.6841868588,
2021-08-06,87.88932800292969,97.1731185913086,-2.9240968816199766,1,2.0,-2.0,1059672.4853343198,
2021-08-09,87.07552337646484,97.1731185913086,-2.0004815087102568,1,2.0,-2.0,1061300.0945872494,
2021-08-10,87.07552337646484,97.58660888671876,-1.6345223119545897,1,2.0,-2.0,1062127.0751780698,
2021-08-11,87.07552337646484,97.58660888671876,-1.57010583403312,1,2.0,-2.0,1062127.0751780698,
2021-08-12,87.07552337646484,97.58660888671876,-1.5086117119585136,1,2.0,-2.0,1062127.0751780698,
2021-08-13,86.2617416381836,97.1731185913086,-0.9722380317331863,1,2.0,-2.0,1062927.658063812,
2021-08-16,85.44795227050781,97.1731185913086,-0.16047719749355482,1,2.0,-2.0,1064555.2367991635,
2021-08-17,85.44795227050781,97.1731185913086,-0.13901436013925075,1,2.0,-2.0,1064555.2367991635,
2021-08-18,85.44795227050781,97.1731185913086,-0.10893815620775295,1,2.0,-2.0,1064555.2367991635,
2021-08-19,83.82037353515625,96.34610748291016,0.983825435316143,0,2.0,-2.0,1066089.165393829,Close
2021-08-20,82.59968566894531,95.9326171875,1.997412997063658,0,2.0,-2.0,1066089.165393829,
2021-08-23,82.34443664550781,95.51909637451172,1.9346414856371235,0,2.0,-2.0,1066089.165393829,
2021-08-24,83.27921295166016,95.51909637451172,0.960430200429631,0,2.0,-2.0,1066089.165393829,
2021-08-25,83.10924530029297,94.4934310913086,0.39845298415166436,0,2.0,-2.0,1066089.165393829,
2021-08-26,83.7041015625,94.4934310913086,-0.22714905726978538,0,2.0,-2.0,1066089.165393829,
2021-08-27,84.21397399902344,94.4934310913086,-0.7632722726562428,0,2.0,-2.0,1066089.165393829,
2021-08-30,84.72383880615234,95.35244750976562,-0.6233780158071129,0,2.0,-2.0,1066089.165393829,
2021-08-31,85.82855987548828,96.21147918701172,-1.1487987502486552,0,2.0,-2.0,1066089.165393829,
2021-09-01,84.12899780273438,94.92294311523438,-0.24198295455891838,0,2.0,-2.0,1066089.165393829,
2021-09-02,83.7041015625,95.35244750976562,0.585109646138354,0,2.0,-2.0,1066089.165393829,
2021-09-03,84.04401397705078,95.35244750976562,0.18443275045159752,0,2.0,-2.0,1066089.165393829,
2021-09-06,83.78907775878906,95.35244750976562,0.4596827347788028,0,2.0,-2.0,1066089.165393829,
2021-09-07,83.7041015625,95.35244750976562,0.5528581140414439,0,2.0,-2.0,1066089.165393829,
2021-09-08,84.3839340209961,95.35244750976562,-0.2113693910215626,0,2.0,-2.0,1066089.165393829,
2021-09-09,83.7041015625,94.92294311523438,0.22123501938339662,0,2.0,-2.0,1066089.165393829,
2021-09-10,84.46891021728516,94.92294311523438,-0.6337480956265052,0,2.0,-2.0,1066089.165393829,
2021-09-13,84.3839340209961,95.35244750976562,-0.16773410135318392,0,2.0,-2.0,1066089.165393829,
2021-09-14,84.12899780273438,95.35244750976562,0.1447066299053994,0,2.0,-2.0,1066089.165393829,
2021-09-15,84.2989501953125,95.35244750976562,-0.03881051379989376,0,2.0,-2.0,1066089.165393829,
2021-09-16,84.12899780273438,95.78196716308594,0.5244241315446622,0,2.0,-2.0,1066089.165393829,
2021-09-17,84.55389404296875,95.35244750976562,-0.3261913246194906,0,2.0,-2.0,1066089.165393829,
2021-09-22,83.78907775878906,95.35244750976562,0.5789826497272476,0,2.0,-2.0,1066089.165393829,
2021-09-23,84.63886260986328,95.35244750976562,-0.4167705188400429,0,2.0,-2.0,1066089.165393829,
2021-09-24,84.80882263183594,95.78196716308594,-0.24256460309009173,0,2.0,-2.0,1066089.165393829,
2021-09-27,84.72383880615234,95.35244750976562,-0.4904136421286373,0,2.0,-2.0,1066089.165393829,
2021-09-28,84.63886260986328,95.35244750976562,-0.37363270530415504,0,2.0,-2.0,1066089.165393829,
2021-09-29,84.3839340209961,95.78196716308594,0.2955160313878038,0,2.0,-2.0,1066089.165393829,
2021-09-30,84.04401397705078,94.92294311523438,-0.01562616920087319,0,2.0,-2.0,1066089.165393829,
2021-10-01,83.78907775878906,94.92294311523438,0.28652706130470734,0,2.0,-2.0,1066089.165393829,
2021-10-04,83.95903778076172,95.35244750976562,0.4433694917197817,0,2.0,-2.0,1066089.165393829,
2021-10-05,84.2989501953125,94.92294311523438,-0.31845573353565954,0,2.0,-2.0,1066089.165393829,
2021-10-06,84.2989501953125,95.35244750976562,0.0497407778157352,0,2.0,-2.0,1066089.165393829,
2021-10-07,84.2989501953125,95.78196716308594,0.40713098423176347,0,2.0,-2.0,1066089.165393829,
2021-10-08,84.04401397705078,95.78196716308594,0.7059256993335005,0,2.0,-2.0,1066089.165393829,
2021-10-12,84.12899780273438,95.78196716308594,0.6035093748284293,0,2.0,-2.0,1066089.165393829,
2021-10-13,83.95903778076172,95.78196716308594,0.822804084322184,0,2.0,-2.0,1066089.165393829,
2021-10-14,83.53414916992188,94.92294311523438,0.6066157481972074,0,2.0,-2.0,1066089.165393829,
2021-10-15,83.78907775878906,95.35244750976562,0.6887793539796576,0,2.0,-2.0,1066089.165393829,
2021-10-18,83.53414916992188,95.35244750976562,0.9971098271463145,0,2.0,-2.0,1066089.165393829,
2021-10-19,83.36418914794922,95.78196716308594,1.5343512621470623,0,2.0,-2.0,1066089.165393829,
2021-10-20,83.6191177368164,95.35244750976562,0.8370391968258313,0,2.0,-2.0,1066089.165393829,
2021-10-21,83.6191177368164,94.92294311523438,0.4621812412944299,0,2.0,-2.0,1066089.165393829,
2021-10-22,83.6191177368164,95.78196716308594,1.153278460790767,0,2.0,-2.0,1066089.165393829,
2021-10-25,83.6191177368164,95.35244750976562,0.7775356403462205,0,2.0,-2.0,1066089.165393829,
2021-10-26,83.6191177368164,94.92294311523438,0.4109427853712686,0,2.0,-2.0,1066089.165393829,
2021-10-27,83.36418914794922,94.92294311523438,0.6863353750162521,0,2.0,-2.0,1066089.165393829,
2021-10-28,83.44916534423828,94.4934310913086,0.2170393633440079,0,2.0,-2.0,1066089.165393829,
2021-10-29,83.36418914794922,94.92294311523438,0.6492362786889668,0,2.0,-2.0,1066089.165393829,
2021-11-01,83.6191177368164,95.35244750976562,0.6843728473781633,0,2.0,-2.0,1066089.165393829,
2021-11-02,83.27921295166016,94.92294311523438,0.7203956327723652,0,2.0,-2.0,1066089.165393829,
2021-11-03,83.6191177368164,94.92294311523438,0.23609283679290738,0,2.0,-2.0,1066089.165393829,
2021-11-04,83.6191177368164,95.35244750976562,0.6621950931478526,0,2.0,-2.0,1066089.165393829,
2021-11-05,84.21397399902344,95.35244750976562,-0.2947957746520257,0,2.0,-2.0,1066089.165393829,
2021-11-08,83.95903778076172,95.78196716308594,0.5798540099290936,0,2.0,-2.0,1066089.165393829,
2021-11-09,83.95903778076172,95.78196716308594,0.5579277356873132,0,2.0,-2.0,1066089.165393829,
2021-11-10,84.21397399902344,96.21147918701172,0.6224972882275029,0,2.0,-2.0,1066089.165393829,
2021-11-11,84.55389404296875,96.64100646972656,0.5442936790067966,0,2.0,-2.0,1066089.165393829,
2021-11-12,84.72383880615234,96.64100646972656,0.22653395620222067,0,2.0,-2.0,1066089.165393829,
2021-11-15,84.72383880615234,97.0705108642578,0.7579057879497317,0,2.0,-2.0,1066089.165393829,
2021-11-16,84.9787826538086,97.92955017089844,1.4042505824995524,0,2.0,-2.0,1066089.165393829,
2021-11-17,85.40367889404297,98.35906219482422,1.3198438610429868,0,2.0,-2.0,1066089.165393829,
2021-11-18,85.40367889404297,98.78857421875,2.078398601665165,-1,2.0,-2.0,1066021.7977037046,Short Spread
2021-11-19,84.9787826538086,97.0705108642578,0.43977618141106656,-1,2.0,-2.0,1068608.1319322202,
2021-11-22,84.21397399902344,96.64100646972656,1.3862425161031104,-1,2.0,-2.0,1067937.5234117124,
2021-11-23,84.2989501953125,97.50003051757812,2.3359068543009376,-1,2.0,-2.0,1066389.4277085874,
2021-11-24,83.87405395507812,97.50003051757812,2.9509403361346447,-1,2.0,-2.0,1065539.6352281186,
2021-11-25,83.95903778076172,97.50003051757812,2.609169581803046,-1,2.0,-2.0,1065709.6028794858,
2021-11-26,83.36418914794922,97.0705108642578,2.971910305866108,-1,2.0,-2.0,1065378.9449205014,
2021-11-29,83.44916534423828,96.64100646972656,2.148466689960016,-1,2.0,-2.0,1066407.906102142,
2021-11-30,82.4294204711914,96.21147918701172,3.0565718215697846,-1,2.0,-2.0,1065227.470921478,
2021-12-01,83.53414916992188,97.0705108642578,2.1389542167688136,-1,2.0,-2.0,1065718.8649644468,
2021-12-02,83.95903778076172,97.92955017089844,2.2742715518323178,-1,2.0,-2.0,1064850.5635728452,
2021-12-03,83.53414916992188,97.50003051757812,2.29536118943289,-1,2.0,-2.0,1064859.8256578061,
2021-12-06,83.27921295166016,97.92955017089844,2.821285089268549,-1,2.0,-2.0,1063490.913914642,
2021-12-07,83.78907775878906,97.92955017089844,2.03743282485786,-1,2.0,-2.0,1064510.6435288999,
2021-12-08,83.78907775878906,97.92955017089844,1.9516248044720415,-1,2.0,-2.0,1064510.6435288999,
2021-12-09,83.95903778076172,98.35906219482422,2.014327764010387,-1,2.0,-2.0,1063991.5395249936,
2021-12-10,83.53414916992188,97.92955017089844,2.0436232633756544,-1,2.0,-2.0,1064000.7863511655,
2021-12-13,83.27921295166016,97.50003051757812,1.8902091986499079,-1,2.0,-2.0,1064349.9532212827,
2021-12-14,83.36418914794922,97.92955017089844,2.0286153666906923,-1,2.0,-2.0,1063660.8663072202,
2021-12-15,83.36418914794922,97.92955017089844,1.9375603568788864,-1,2.0,-2.0,1063660.8663072202,
2021-12-16,83.78907775878906,98.35906219482422,1.7267202209938806,-1,2.0,-2.0,1063651.6194810483,
2021-12-17,84.04401397705078,98.78857421875,1.7143065000252702,-1,2.0,-2.0,1063302.4678697202,
2021-12-20,83.6191177368164,98.78857421875,2.0596435851786006,-1,2.0,-2.0,1062452.6753892514,
2021-12-21,83.95903778076172,99.21809387207033,1.9428569265370346,-1,2.0,-2.0,1062273.4761705014,
2021-12-22,84.2989501953125,99.21809387207033,1.5432265084794778,-1,2.0,-2.0,1062953.300999603,
2021-12-23,84.55389404296875,99.21809387207033,1.2383811854209674,-1,2.0,-2.0,1063463.1886949155,
2021-12-24,84.80882263183594,99.21809387207033,0.9470972680853282,-1,2.0,-2.0,1063973.0458726499,
2021-12-27,84.893798828125,99.6476058959961,1.1359927349232302,-1,2.0,-2.0,1063283.9742173764,
2021-12-28,85.40367889404297,99.6476058959961,0.5870467737763715,-1,2.0,-2.0,1064303.7343492124,
2021-12-29,85.40367889404297,100.07711791992188,0.8775984328657372,-1,2.0,-2.0,1063444.7103013608,
2021-12-30,84.9787826538086,100.07711791992188,1.287167114497464,-1,2.0,-2.0,1062594.917820892,
2022-01-03,85.40367889404297,99.21809387207033,0.16249818443033476,-1,2.0,-2.0,1065162.758397064,
2022-01-04,84.2989501953125,99.21809387207033,1.306606881502002,-1,2.0,-2.0,1062953.300999603,
2022-01-05,84.72383880615234,99.21809387207033,0.8224352837876528,-1,2.0,-2.0,1063803.0782212827,
2022-01-06,84.2989501953125,99.21809387207033,1.23650400021421,-1,2.0,-2.0,1062953.300999603,
2022-01-07,84.55389404296875,99.21809387207033,0.9317718104096046,-1,2.0,-2.0,1063463.1886949155,
2022-01-10,84.80882263183594,100.07711791992188,1.2724595529002742,-1,2.0,-2.0,1062254.9977769468,
2022-01-11,84.9787826538086,100.07711791992188,1.053541239911477,-1,2.0,-2.0,1062594.917820892,
2022-01-12,85.40367889404297,100.50664520263672,0.897326068234762,-1,2.0,-2.0,1062585.6557359311,
2022-01-13,85.40367889404297,100.9361572265625,1.183948827648204,-1,2.0,-2.0,1061726.6316880796,
2022-01-14,85.82855987548828,100.9361572265625,0.703417674730033,-1,2.0,-2.0,1062576.3936509702,
2022-01-17,84.9787826538086,100.50664520263672,1.2488702733194397,-1,2.0,-2.0,1061735.8632554624,
2022-01-18,84.9787826538086,100.9361572265625,1.5208397782854175,-1,2.0,-2.0,1060876.8392076108,
2022-01-19,85.82855987548828,100.50664520263672,0.2583263383416535,-1,2.0,-2.0,1063435.4176988218,
2022-01-20,84.893798828125,100.07711791992188,0.9164500950121561,-1,2.0,-2.0,1062424.9501695249,
2022-01-21,84.9787826538086,100.50664520263672,1.132398334871763,-1,2.0,-2.0,1061735.8632554624,
2022-01-24,85.40367889404297,100.50664520263672,0.6276412795080692,-1,2.0,-2.0,1062585.6557359311,
2022-01-25,85.40367889404297,100.50664520263672,0.6020996867563312,-1,2.0,-2.0,1062585.6557359311,
2022-01-26,84.72383880615234,100.9361572265625,1.6907999255389186,-1,2.0,-2.0,1060366.9515122983,
2022-02-07,85.82855987548828,101.79518127441406,1.092709607505671,-1,2.0,-2.0,1060858.345555267,
2022-02-08,85.40367889404297,101.3656768798828,1.2021950162140687,-1,2.0,-2.0,1060867.592381439,
2022-02-09,86.67835235595703,101.79518127441406,-0.013551820373970602,0,2.0,-2.0,1062490.3915748594,Close
2022-02-10,87.95303344726562,102.65422058105467,-0.9097703069808916,0,2.0,-2.0,1062490.3915748594,
2022-02-11,87.52814483642578,102.65422058105467,-0.3922654925310687,0,2.0,-2.0,1062490.3915748594,
2022-02-14,87.52814483642578,103.08373260498048,-0.009164898474026545,0,2.0,-2.0,1062490.3915748594,
2022-02-15,87.95303344726562,103.08373260498048,-0.6742424517377362,0,2.0,-2.0,1062490.3915748594,
2022-02-16,89.22771453857422,103.9427719116211,-1.7516567911791394,0,2.0,-2.0,1062490.3915748594,
2022-02-17,89.22771453857422,104.37228393554688,-1.339436899608999,0,2.0,-2.0,1062490.3915748594,
2022-02-18,89.22771453857422,104.80178833007812,-0.8858932886473992,0,2.0,-2.0,1062490.3915748594,
2022-02-21,90.07750701904295,106.09033966064452,-0.826049075443031,0,2.0,-2.0,1062490.3915748594,
2022-02-22,90.07750701904295,106.09033966064452,-0.8578486293540982,0,2.0,-2.0,1062490.3915748594,
2022-02-23,90.9272918701172,107.80841064453124,-0.28124268440668093,0,2.0,-2.0,1062490.3915748594,
2022-02-24,89.22771453857422,106.94937896728516,1.7934475503038503,0,2.0,-2.0,1062490.3915748594,
2022-02-25,87.95303344726562,106.94937896728516,3.7738409508228314,-1,2.0,-2.0,1062422.5954783629,Short Spread
2022-03-01,89.65261840820312,106.94937896728516,0.7310384484463157,-1,2.0,-2.0,1065821.7654002379,
2022-03-02,90.07750701904295,106.09033966064452,-1.1135465030096146,0,2.0,-2.0,1068321.7745213315,Close
2022-03-03,90.07750701904295,105.23130798339844,-2.097373862494585,1,2.0,-2.0,1068253.9621687315,Long Spread
2022-03-04,89.65261840820312,105.66082000732422,-0.8552560133448497,1,2.0,-2.0,1069962.7634382627,
2022-03-07,89.22771453857422,103.9427719116211,-2.1106890100801032,1,2.0,-2.0,1067376.4749861143,
2022-03-08,89.22771453857422,104.80178833007812,-1.0850089988807288,1,2.0,-2.0,1069094.5078230284,
2022-03-09,89.65261840820312,105.23130798339844,-1.2531883349753423,1,2.0,-2.0,1069103.7393904112,
2022-03-10,90.50240325927734,105.66082000732422,-2.0340899397901504,1,2.0,-2.0,1068263.1937361143,
2022-03-11,90.07750701904295,105.23130798339844,-1.7625045753153405,1,2.0,-2.0,1068253.9621687315,
2022-03-14,90.07750701904295,105.66082000732422,-1.2551423669602766,1,2.0,-2.0,1069112.986216583,
2022-03-15,90.07750701904295,107.37889099121094,0.5862728132563558,0,2.0,-2.0,1072481.229928436,Close
2022-03-16,90.9272918701172,108.2379150390625,0.22438657648697954,0,2.0,-2.0,1072481.229928436,
2022-03-17,90.07750701904295,107.80841064453124,1.025655012139326,0,2.0,-2.0,1072481.229928436,
2022-03-18,89.22771453857422,108.66744232177734,2.924271102576212,-1,2.0,-2.0,1072413.3141221616,Short Spread
2022-03-21,89.65261840820312,108.66744232177734,2.2096783766570627,-1,2.0,-2.0,1073263.1218614194,
2022-03-22,89.22771453857422,108.66744232177734,2.5767923919324884,-1,2.0,-2.0,1072413.3141221616,
2022-03-23,89.22771453857422,108.66744232177734,2.4079158511068925,-1,2.0,-2.0,1072413.3141221616,
2022-03-24,90.50240325927734,109.0969467163086,1.224622533954721,-1,2.0,-2.0,1074103.6827745053,
2022-03-25,90.07750701904295,109.95598602294922,2.3066316055413454,-1,2.0,-2.0,1071535.8116807553,
2022-03-28,89.65261840820312,109.95598602294922,2.5909176214313585,-1,2.0,-2.0,1070686.0344590757,
2022-03-29,89.65261840820312,109.0969467163086,1.8569883944614332,-1,2.0,-2.0,1072404.113072357,
2022-03-30,89.65261840820312,109.0969467163086,1.7740027007714154,-1,2.0,-2.0,1072404.113072357,
2022-03-31,89.22771453857422,109.0969467163086,2.076137165196673,-1,2.0,-2.0,1071554.305333099,
2022-04-01,89.65261840820312,109.0969467163086,1.6000738519391051,-1,2.0,-2.0,1072404.113072357,
2022-04-06,89.65261840820312,109.0969467163086,1.536230206937396,-1,2.0,-2.0,1072404.113072357,
2022-04-07,89.65261840820312,109.0969467163086,1.477061646682429,-1,2.0,-2.0,1072404.113072357,
2022-04-08,90.07750701904295,109.95598602294922,1.5824369183975566,-1,2.0,-2.0,1071535.8116807553,
2022-04-11,90.50240325927734,111.67404174804688,2.1658168803677977,-1,2.0,-2.0,1068949.4927110288,
2022-04-12,90.9272918701172,110.385498046875,0.9819443853583999,-1,2.0,-2.0,1072376.3573350522,
2022-04-13,90.50240325927734,110.385498046875,1.2979169506352544,-1,2.0,-2.0,1071526.5801133725,
2022-04-14,90.07750701904295,111.67404174804688,2.2787845792391255,-1,2.0,-2.0,1068099.70023056,
2022-04-15,89.65261840820312,111.24452209472656,2.229611146783283,-1,2.0,-2.0,1068108.962315521,
2022-04-18,90.07750701904295,111.67404174804688,2.0242696334702415,-1,2.0,-2.0,1068099.70023056,
2022-04-19,90.07750701904295,111.24452209472656,1.7176105233582106,-1,2.0,-2.0,1068958.7395372007,
2022-04-20,92.20197296142578,112.5330810546875,0.8170326146193296,-1,2.0,-2.0,1070630.5535020444,
2022-04-21,91.77708435058594,112.5330810546875,1.0905472308691402,-1,2.0,-2.0,1069780.7762803647,
2022-04-22,92.20197296142578,112.96258544921876,0.9738178531988829,-1,2.0,-2.0,1069771.544712982,
2022-04-25,91.35218811035156,112.96258544921876,1.5182888421469332,-1,2.0,-2.0,1068071.9750108335,
2022-04-26,92.62686920166016,113.39210510253906,0.8234897297465564,-1,2.0,-2.0,1069762.29788681,
2022-04-27,91.77708435058594,113.39210510253906,1.3612615711011775,-1,2.0,-2.0,1068062.7281846616,
2022-04-28,92.62686920166016,112.96258544921876,0.5512407378676452,-1,2.0,-2.0,1070621.3371934507,
2022-04-29,92.20197296142578,112.5330810546875,0.6160359493336327,-1,2.0,-2.0,1070630.5535020444,
2022-05-03,90.9272918701172,109.5264663696289,0.014068533503723687,-1,2.0,-2.0,1074094.4206895444,
2022-05-04,89.65261840820312,106.51985931396484,-0.5799832614186805,0,2.0,-2.0,1077490.4409779354,Close
2022-05-05,89.65261840820312,107.37889099121094,-0.15662013951784637,0,2.0,-2.0,1077490.4409779354,
2022-05-06,90.07750701904295,108.66744232177734,0.17373994983191318,0,2.0,-2.0,1077490.4409779354,
2022-05-09,89.65261840820312,107.37889099121094,-0.16439485820261615,0,2.0,-2.0,1077490.4409779354,
2022-05-10,90.9272918701172,106.94937896728516,-1.2333251174310522,0,2.0,-2.0,1077490.4409779354,
2022-05-11,91.35218811035156,107.37889099121094,-1.3133782128408253,0,2.0,-2.0,1077490.4409779354,
2022-05-12,90.50240325927734,106.51985931396484,-1.1454567989793614,0,2.0,-2.0,1077490.4409779354,
2022-05-13,90.50240325927734,106.51985931396484,-1.1328648457838455,0,2.0,-2.0,1077490.4409779354,
2022-05-16,90.50240325927734,106.51985931396484,-1.1302361303647017,0,2.0,-2.0,1077490.4409779354,
2022-05-17,90.50240325927734,106.09033966064452,-1.344798514731111,0,2.0,-2.0,1077490.4409779354,
2022-05-18,91.35218811035156,107.37889099121094,-1.2996045283701407,0,2.0,-2.0,1077490.4409779354,
2022-05-19,91.77708435058594,106.94937896728516,-1.7534566464606842,0,2.0,-2.0,1077490.4409779354,
2022-05-20,91.77708435058594,106.94937896728516,-1.7124899786387169,0,2.0,-2.0,1077490.4409779354,
2022-05-23,90.9272918701172,106.09033966064452,-1.5288925233817865,0,2.0,-2.0,1077490.4409779354,
2022-05-24,90.9272918701172,106.51985931396484,-1.3076355214340498,0,2.0,-2.0,1077490.4409779354,
2022-05-25,91.35218811035156,107.37889099121094,-1.155160363730928,0,2.0,-2.0,1077490.4409779354,
2022-05-26,92.20197296142578,109.5264663696289,-0.7006914260178734,0,2.0,-2.0,1077490.4409779354,
2022-05-27,91.77708435058594,107.80841064453124,-1.177074936650515,0,2.0,-2.0,1077490.4409779354,
2022-05-30,91.77708435058594,109.0969467163086,-0.6088880201491738,0,2.0,-2.0,1077490.4409779354,
2022-05-31,91.77708435058594,109.0969467163086,-0.6265974517128655,0,2.0,-2.0,1077490.4409779354,
2022-06-01,90.9272918701172,107.37889099121094,-0.8629093234189732,0,2.0,-2.0,1077490.4409779354,
2022-06-02,91.35218811035156,107.37889099121094,-1.141211719427256,0,2.0,-2.0,1077490.4409779354,
2022-06-06,91.77708435058594,108.2379150390625,-1.0198992246820486,0,2.0,-2.0,1077490.4409779354,
2022-06-07,91.35218811035156,107.80841064453124,-0.9467397206893505,0,2.0,-2.0,1077490.4409779354,
2022-06-08,91.77708435058594,108.66744232177734,-0.8456451044259763,0,2.0,-2.0,1077490.4409779354,
2022-06-09,91.35218811035156,108.2379150390625,-0.7859628984689607,0,2.0,-2.0,1077490.4409779354,
2022-06-10,90.50240325927734,107.37889099121094,-0.6444543811765577,0,2.0,-2.0,1077490.4409779354,
2022-06-13,90.07750701904295,107.37889099121094,-0.36535568904815124,0,2.0,-2.0,1077490.4409779354,
2022-06-14,90.50240325927734,106.94937896728516,-0.8367820903078719,0,2.0,-2.0,1077490.4409779354,
2022-06-15,90.9272918701172,107.37889099121094,-0.8960759922457725,0,2.0,-2.0,1077490.4409779354,
2022-06-16,90.9272918701172,106.51985931396484,-1.2485585838197413,0,2.0,-2.0,1077490.4409779354,
2022-06-17,90.07750701904295,107.37889099121094,-0.2924111468231396,0,2.0,-2.0,1077490.4409779354,
2022-06-20,90.9272918701172,107.37889099121094,-0.8137047071481079,0,2.0,-2.0,1077490.4409779354,
2022-06-21,92.20197296142578,108.66744232177734,-1.0104964618437653,0,2.0,-2.0,1077490.4409779354,
2022-06-22,92.20197296142578,107.80841064453124,-1.3557513819667577,0,2.0,-2.0,1077490.4409779354,
2022-06-23,92.62686920166016,109.0969467163086,-1.0087953799661107,0,2.0,-2.0,1077490.4409779354,
2022-06-24,93.90155792236328,110.81501770019533,-1.0083362004312213,0,2.0,-2.0,1077490.4409779354,
2022-06-27,93.0517578125,110.385498046875,-0.6373161145510942,0,2.0,-2.0,1077490.4409779354,
2022-06-28,93.4766616821289,110.81501770019533,-0.6884557289303432,0,2.0,-2.0,1077490.4409779354,
2022-06-29,93.4766616821289,112.10355377197266,-0.07723822105394476,0,2.0,-2.0,1077490.4409779354,
2022-06-30,91.77708435058594,108.63783264160156,-0.5543877366035063,0,2.0,-2.0,1077490.4409779354,
2022-07-01,92.62686920166016,110.41878509521484,-0.26032444554004963,0,2.0,-2.0,1077490.4409779354,
2022-07-04,93.0517578125,112.64496612548828,0.5211560999849252,0,2.0,-2.0,1077490.4409779354,
2022-07-05,92.62686920166016,113.09019470214844,1.0237930366942374,0,2.0,-2.0,1077490.4409779354,
2022-07-06,92.62686920166016,113.98067474365234,1.4668521436301938,0,2.0,-2.0,1077490.4409779354,
2022-07-07,91.77708435058594,113.53543853759766,1.773568868364299,0,2.0,-2.0,1077490.4409779354,
2022-07-08,91.1575698852539,110.86402130126952,0.9318777673564562,0,2.0,-2.0,1077490.4409779354,
2022-07-11,91.6000747680664,110.41878509521484,0.47034957813140776,0,2.0,-2.0,1077490.4409779354,
2022-07-12,92.04258728027344,109.08306884765624,-0.4622675690128415,0,2.0,-2.0,1077490.4409779354,
2022-07-13,92.04258728027344,110.41878509521484,0.26624917642987506,0,2.0,-2.0,1077490.4409779354,
2022-07-14,93.37013244628906,109.52830505371094,-1.1868469948635922,0,2.0,-2.0,1077490.4409779354,
2022-07-15,92.9276123046875,109.52830505371094,-0.8157721305784168,0,2.0,-2.0,1077490.4409779354,
2022-07-18,91.6000747680664,109.52830505371094,0.25635584462219374,0,2.0,-2.0,1077490.4409779354,
2022-07-19,87.70597076416016,108.1926040649414,2.528380726722831,-1,2.0,-2.0,1077422.6050349423,Short Spread
2022-07-20,86.9094467163086,106.85688018798828,2.3996098201906877,-1,2.0,-2.0,1078501.0046931454,
2022-07-21,87.70597076416016,106.4116439819336,1.5364051770363911,-1,2.0,-2.0,1080984.525200958,
2022-07-22,87.70597076416016,105.52117156982422,1.1004325133113202,-1,2.0,-2.0,1082765.4700251766,
2022-07-25,88.94500732421875,106.85688018798828,0.8864967893520013,-1,2.0,-2.0,1082572.1259089657,
2022-07-26,88.94500732421875,106.85688018798828,0.9090970447038017,-1,2.0,-2.0,1082572.1259089657,
2022-07-27,90.27254486083984,108.1926040649414,0.6043488222968638,-1,2.0,-2.0,1082555.7532283016,
2022-07-28,89.83002471923828,108.1926040649414,0.9490325513509704,-1,2.0,-2.0,1081670.7129450985,
2022-07-29,89.83002471923828,108.1926040649414,0.9394421537246461,-1,2.0,-2.0,1081670.7129450985,
2022-08-01,89.83002471923828,108.63783264160156,1.1912129395431572,-1,2.0,-2.0,1080780.2557917782,
2022-08-02,90.27254486083984,109.08306884765624,1.0735177620180412,-1,2.0,-2.0,1080774.823662872,
2022-08-03,89.83002471923828,108.1926040649414,0.8895353216868123,-1,2.0,-2.0,1081670.7129450985,
2022-08-04,90.27254486083984,107.30211639404295,0.007719425139319323,-1,2.0,-2.0,1084336.7285700985,
2022-08-05,89.83002471923828,108.63783264160156,1.100408400526789,-1,2.0,-2.0,1080780.2557917782,
2022-08-08,89.83002471923828,109.08306884765624,1.3073395041106677,-1,2.0,-2.0,1079889.7833796688,
2022-08-09,89.38751220703125,109.08306884765624,1.5912901968639226,-1,2.0,-2.0,1079004.7583552548,
2022-08-10,90.27254486083984,109.08306884765624,0.8696569118274691,-1,2.0,-2.0,1080774.823662872,
2022-08-11,89.83002471923828,111.30924987792967,2.3046877498516882,-1,2.0,-2.0,1075437.421319122,
2022-08-12,89.83002471923828,111.30924987792967,2.1892251104921407,-1,2.0,-2.0,1075437.421319122,
2022-08-15,89.83002471923828,110.86402130126952,1.8777335864316467,-1,2.0,-2.0,1076327.8784724423,
2022-08-16,89.83002471923828,109.97354888916016,1.371275975611221,-1,2.0,-2.0,1078108.823296661,
2022-08-17,89.83002471923828,109.52830505371094,1.1042779894461021,-1,2.0,-2.0,1078999.3109675595,
2022-08-18,89.38751220703125,109.08306884765624,1.1562300562322174,-1,2.0,-2.0,1079004.7583552548,
2022-08-19,88.50249481201172,108.1926040649414,1.2915282418100364,-1,2.0,-2.0,1079015.6531306454,
2022-08-22,88.50249481201172,108.63783264160156,1.4659225200077912,-1,2.0,-2.0,1078125.195977325,
2022-08-23,88.50249481201172,109.08306884765624,1.6217768544310913,-1,2.0,-2.0,1077234.7235652157,
2022-08-24,88.94500732421875,108.63783264160156,1.0531904400740622,-1,2.0,-2.0,1079010.2210017391,
2022-08-25,88.41398620605469,108.63783264160156,1.372390919727681,-1,2.0,-2.0,1077948.178765411,
2022-08-26,88.41398620605469,108.63783264160156,1.3267649895674722,-1,2.0,-2.0,1077948.178765411,
2022-08-29,88.32548522949219,109.52830505371094,1.749998033050572,-1,2.0,-2.0,1075990.2319880673,
2022-08-30,88.32548522949219,109.08306884765624,1.4779206578633866,-1,2.0,-2.0,1076880.7044001766,
2022-08-31,88.14847564697266,107.7473602294922,0.9233987632835468,-1,2.0,-2.0,1079198.1024714657,
2022-09-01,86.99795532226562,107.7473602294922,1.6336227283593179,-1,2.0,-2.0,1076897.0618220516,
2022-09-02,86.9094467163086,107.7473602294922,1.6228424569288302,-1,2.0,-2.0,1076720.0446101376,
2022-09-05,87.17495727539062,108.63783264160156,1.778890813223368,-1,2.0,-2.0,1075470.120904083,
2022-09-06,87.3519515991211,108.1926040649414,1.4101525045155687,-1,2.0,-2.0,1076714.5667048641,
2022-09-07,86.9094467163086,107.30211639404295,1.245935812754844,-1,2.0,-2.0,1077610.532281036,
2022-09-08,87.61746978759766,107.7473602294922,0.9683206470364601,-1,2.0,-2.0,1078136.0907527157,
2022-09-12,87.0864486694336,107.7473602294922,1.2659777016070097,-1,2.0,-2.0,1077074.0485163876,
2022-09-13,86.99795532226562,107.7473602294922,1.2805199293146294,-1,2.0,-2.0,1076897.0618220516,
2022-09-14,86.0244140625,106.4116439819336,1.2586690376234964,-1,2.0,-2.0,1077621.4117976376,
2022-09-15,86.28993225097656,105.96641540527344,0.858881233250116,-1,2.0,-2.0,1079042.905327911,
2022-09-16,85.84741973876953,105.07593536376952,0.7059062506158537,-1,2.0,-2.0,1079938.8403865048,
2022-09-19,85.5819091796875,105.07593536376952,0.8664830455924284,-1,2.0,-2.0,1079407.8192683407,
2022-09-20,85.67041778564453,105.07593536376952,0.7778387878932614,-1,2.0,-2.0,1079584.8364802548,
2022-09-21,86.0244140625,104.63069915771484,0.2610060782839432,-1,2.0,-2.0,1081183.301446075,
2022-09-22,84.96239471435547,103.29499053955078,0.3212265508275698,-1,2.0,-2.0,1081730.6799861141,
2022-09-23,85.4049072265625,102.4045181274414,-0.5419298267647381,0,2.0,-2.0,1084329.1374577328,Close
2022-09-26,85.4049072265625,103.74022674560548,0.17967613481241076,0,2.0,-2.0,1084329.1374577328,
2022-09-27,85.84741973876953,103.29499053955078,-0.4444857751243345,0,2.0,-2.0,1084329.1374577328,
2022-09-28,86.20142364501953,103.74022674560548,-0.47093700106374387,0,2.0,-2.0,1084329.1374577328,
2022-09-29,85.7589111328125,103.29499053955078,-0.3587066747504058,0,2.0,-2.0,1084329.1374577328,
2022-09-30,84.60838317871094,101.51404571533205,-0.4360821178059554,0,2.0,-2.0,1084329.1374577328,
2022-10-03,84.60838317871094,99.28785705566406,-1.6631421920163538,0,2.0,-2.0,1084329.1374577328,
2022-10-04,84.0773696899414,99.73309326171876,-0.9870066666149002,0,2.0,-2.0,1084329.1374577328,
2022-10-05,83.81185913085938,99.28785705566406,-1.0727444741893668,0,2.0,-2.0,1084329.1374577328,
2022-10-06,83.54635620117188,98.39738464355467,-1.370737965001383,0,2.0,-2.0,1084329.1374577328,
2022-10-07,82.48432159423828,98.39738464355467,-0.5892597575666514,0,2.0,-2.0,1084329.1374577328,
2022-10-11,82.21881866455078,97.0616683959961,-1.2917388576108795,0,2.0,-2.0,1084329.1374577328,
2022-10-12,82.92682647705078,97.95214080810548,-1.3824083729163004,0,2.0,-2.0,1084329.1374577328,
2022-10-13,82.48432159423828,97.0616683959961,-1.502938812656301,0,2.0,-2.0,1084329.1374577328,
2022-10-14,80.97978210449219,97.0616683959961,-0.08616269426158504,0,2.0,-2.0,1084329.1374577328,
2022-10-17,81.51079559326172,97.0616683959961,-0.5751786178524788,0,2.0,-2.0,1084329.1374577328,
2022-10-18,81.59929656982422,96.6164321899414,-0.9476550252717736,0,2.0,-2.0,1084329.1374577328,
2022-10-19,80.53726959228516,95.72595977783205,-0.5594995219098053,0,2.0,-2.0,1084329.1374577328,
2022-10-20,81.86480712890625,95.28072357177734,-2.026133334743293,1,2.0,-2.0,1084262.0516365047,Long Spread
2022-10-21,82.21881866455078,96.17119598388672,-1.7425290890731084,1,2.0,-2.0,1085334.9733894344,
2022-10-24,81.86480712890625,95.72595977783205,-1.6658287236793201,1,2.0,-2.0,1085152.524048614,
2022-10-25,83.72335815429688,98.39738464355467,-1.589508826032899,1,2.0,-2.0,1086778.2717292781,
2022-10-26,83.72335815429688,96.6164321899414,-2.5162821478060104,1,2.0,-2.0,1083216.3668220516,
2022-10-27,83.45784759521484,97.50691223144533,-1.7150963627663234,1,2.0,-2.0,1085528.3480232235,
2022-10-28,83.45784759521484,97.0616683959961,-1.89681553473164,1,2.0,-2.0,1084637.860352325,
2022-10-31,84.1658706665039,98.84261322021484,-1.461415978107562,1,2.0,-2.0,1086783.7038581844,
2022-11-01,83.54635620117188,97.50691223144533,-1.6619306433647965,1,2.0,-2.0,1085351.3308113094,
2022-11-02,83.28084564208984,96.6164321899414,-1.8576191507066304,1,2.0,-2.0,1084101.3918464656,
2022-11-03,82.57283020019531,96.6164321899414,-1.2864116665257568,1,2.0,-2.0,1085517.4227302547,
2022-11-04,83.81185913085938,96.6164321899414,-2.0871129900044414,1,2.0,-2.0,1083039.3648689266,
2022-11-07,82.30731964111328,96.17119598388672,-1.2050422942690489,1,2.0,-2.0,1085157.9714363094,
2022-11-08,83.45784759521484,96.6164321899414,-1.7176213359381618,1,2.0,-2.0,1083747.3879402156,
2022-11-09,83.9888687133789,97.0616683959961,-1.7821009644261532,1,2.0,-2.0,1083575.818115997,
2022-11-10,83.19234466552734,96.6164321899414,-1.4022278788309535,1,2.0,-2.0,1084278.3937995906,
2022-11-11,84.0773696899414,97.50691223144533,-1.5097660360280587,1,2.0,-2.0,1084289.3038337703,
2022-11-14,83.9888687133789,97.50691223144533,-1.3984602083325015,1,2.0,-2.0,1084466.3057868953,
2022-11-15,83.19234466552734,97.0616683959961,-1.0533167360855813,1,2.0,-2.0,1085168.8662117,
2022-11-16,82.04180145263672,96.6164321899414,-0.49728658762351663,1,2.0,-2.0,1086579.480225372,
2022-11-17,81.51079559326172,96.17119598388672,-0.33856958700692397,1,2.0,-2.0,1086751.0195320125,
2022-11-18,83.01533508300781,97.0616683959961,-0.8767477088000944,1,2.0,-2.0,1085522.885376739,
2022-11-21,81.33379364013672,97.0616683959961,0.22748099474114747,0,2.0,-2.0,1088818.8324439998,Close
2022-11-22,81.24529266357422,96.6164321899414,0.09417281340317839,0,2.0,-2.0,1088818.8324439998,
2022-11-23,81.42229461669922,97.0616683959961,0.21196930247269763,0,2.0,-2.0,1088818.8324439998,
2022-11-24,82.57283020019531,97.95214080810548,-0.11224986886512743,0,2.0,-2.0,1088818.8324439998,
2022-11-25,83.28084564208984,100.17832946777344,0.49315617489031593,0,2.0,-2.0,1088818.8324439998,
2022-11-28,82.30731964111328,98.39738464355467,0.32144697753554047,0,2.0,-2.0,1088818.8324439998,
2022-11-29,83.19234466552734,99.73309326171876,0.40100224314582106,0,2.0,-2.0,1088818.8324439998,
2022-11-30,84.51988220214844,101.0688018798828,0.1695594285862042,0,2.0,-2.0,1088818.8324439998,
2022-12-01,83.28084564208984,99.28785705566406,0.18167480562633645,0,2.0,-2.0,1088818.8324439998,
2022-12-02,83.72335815429688,99.73309326171876,0.11647895808365244,0,2.0,-2.0,1088818.8324439998,
2022-12-05,83.45784759521484,100.17832946777344,0.6045076104304647,0,2.0,-2.0,1088818.8324439998,
2022-12-06,82.74982452392578,99.73309326171876,0.9651544819610611,0,2.0,-2.0,1088818.8324439998,
2022-12-07,84.43138122558594,100.17832946777344,-0.13289097020126692,0,2.0,-2.0,1088818.8324439998,
2022-12-08,84.3428726196289,98.84261322021484,-0.8612835117446316,0,2.0,-2.0,1088818.8324439998,
2022-12-09,84.43138122558594,99.73309326171876,-0.34134985747497265,0,2.0,-2.0,1088818.8324439998,
2022-12-12,84.87389373779297,100.17832946777344,-0.4322293273343406,0,2.0,-2.0,1088818.8324439998,
2022-12-13,84.1658706665039,98.84261322021484,-0.643521270916094,0,2.0,-2.0,1088818.8324439998,
2022-12-14,84.43138122558594,99.28785705566406,-0.5687654542880027,0,2.0,-2.0,1088818.8324439998,
2022-12-15,83.81185913085938,99.73309326171876,0.4464610699134001,0,2.0,-2.0,1088818.8324439998,
2022-12-16,83.28084564208984,98.39738464355467,0.028302857574492107,0,2.0,-2.0,1088818.8324439998,
2022-12-19,83.36934661865234,99.28785705566406,0.6396920066695729,0,2.0,-2.0,1088818.8324439998,
2022-12-20,82.83832550048828,99.28785705566406,1.2656832531778621,0,2.0,-2.0,1088818.8324439998,
2022-12-21,83.45784759521484,99.28785705566406,0.5754376156544273,0,2.0,-2.0,1088818.8324439998,
2022-12-22,83.90036010742188,100.62356567382812,1.1531648742126466,0,2.0,-2.0,1088818.8324439998,
2022-12-23,83.90036010742188,100.17832946777344,0.8038019988736015,0,2.0,-2.0,1088818.8324439998,
2022-12-26,83.90036010742188,100.62356567382812,1.1648733977181955,0,2.0,-2.0,1088818.8324439998,
2022-12-27,83.90036010742188,100.62356567382812,1.1260038256154123,0,2.0,-2.0,1088818.8324439998,
2022-12-28,83.36934661865234,101.51404571533205,2.30463013312617,-1,2.0,-2.0,1088751.4371083064,Short Spread
2022-12-29,83.63485717773438,100.62356567382812,1.2874022447999174,-1,2.0,-2.0,1091063.4183094783,
2022-12-30,83.81185913085938,100.62356567382812,1.0644739021701053,-1,2.0,-2.0,1091417.4222157283,
2023-01-03,84.43138122558594,100.62356567382812,0.41436967240541694,-1,2.0,-2.0,1092656.4664051814,
2023-01-04,84.87389373779297,101.0688018798828,0.2767624349933917,-1,2.0,-2.0,1092651.0190174861,
2023-01-05,84.87389373779297,101.51404571533205,0.602249009329306,-1,2.0,-2.0,1091760.5313465877,
2023-01-06,85.13938903808594,101.51404571533205,0.31091486620209785,-1,2.0,-2.0,1092291.5219471736,
2023-01-09,86.9094467163086,102.4045181274414,-0.8666239993828392,0,2.0,-2.0,1093983.1199208065,Close
2023-01-10,86.99795532226562,102.4045181274414,-0.9302154202457331,0,2.0,-2.0,1093983.1199208065,
2023-01-11,84.51988220214844,101.51404571533205,1.0272786525459083,0,2.0,-2.0,1093983.1199208065,
2023-01-12,83.81185913085938,101.0688018798828,1.4181123483972835,0,2.0,-2.0,1093983.1199208065,
2023-01-13,84.25436401367188,101.51404571533205,1.2415453796735914,0,2.0,-2.0,1093983.1199208065,
2023-01-16,84.87389373779297,102.4045181274414,1.2136889838116285,0,2.0,-2.0,1093983.1199208065,
2023-01-17,84.25436401367188,101.51404571533205,1.1588956095536815,0,2.0,-2.0,1093983.1199208065,
2023-01-30,85.67041778564453,101.9592742919922,0.022015080149744612,0,2.0,-2.0,1093983.1199208065,
2023-01-31,83.72335815429688,100.17832946777344,0.6958329692552419,0,2.0,-2.0,1093983.1199208065,
2023-02-01,84.1658706665039,100.17832946777344,0.20902309789766435,0,2.0,-2.0,1093983.1199208065,
2023-02-02,84.0773696899414,99.73309326171876,-0.05832940598690819,0,2.0,-2.0,1093983.1199208065,
2023-02-03,84.25436401367188,100.62356567382812,0.4178891150324162,0,2.0,-2.0,1093983.1199208065,
2023-02-06,83.9888687133789,100.17832946777344,0.339430498217205,0,2.0,-2.0,1093983.1199208065,
2023-02-07,84.60838317871094,100.17832946777344,-0.3749384536064846,0,2.0,-2.0,1093983.1199208065,
2023-02-08,84.43138122558594,100.17832946777344,-0.18914642254985825,0,2.0,-2.0,1093983.1199208065,
2023-02-09,84.60838317871094,100.17832946777344,-0.44487193930249913,0,2.0,-2.0,1093983.1199208065,
2023-02-10,84.87389373779297,100.62356567382812,-0.39908049852647415,0,2.0,-2.0,1093983.1199208065,
2023-02-13,85.5819091796875,101.0688018798828,-0.9221377742082152,0,2.0,-2.0,1093983.1199208065,
2023-02-14,85.4049072265625,101.51404571533205,-0.36205716348727124,0,2.0,-2.0,1093983.1199208065,
2023-02-15,84.87389373779297,101.0688018798828,-0.11677226433737511,0,2.0,-2.0,1093983.1199208065,
2023-02-16,85.13938903808594,101.51404571533205,-0.09229095254411009,0,2.0,-2.0,1093983.1199208065,
2023-02-17,85.493408203125,101.0688018798828,-1.1429346117280341,0,2.0,-2.0,1093983.1199208065,
2023-02-20,85.7589111328125,102.4045181274414,-0.13719026268437504,0,2.0,-2.0,1093983.1199208065,
2023-02-21,85.67041778564453,101.9592742919922,-0.5028644220817549,0,2.0,-2.0,1093983.1199208065,
2023-02-22,86.0244140625,102.4045181274414,-0.5587725669929225,0,2.0,-2.0,1093983.1199208065,
2023-02-23,86.37843322753906,102.84974670410156,-0.653558093815072,0,2.0,-2.0,1093983.1199208065,
2023-02-24,85.493408203125,102.84974670410156,0.7799050805158978,0,2.0,-2.0,1093983.1199208065,
2023-03-01,84.51988220214844,102.4045181274414,1.7735911607198827,0,2.0,-2.0,1093983.1199208065,
2023-03-02,85.67041778564453,103.74022674560548,1.4250523962201755,0,2.0,-2.0,1093983.1199208065,
2023-03-03,86.0244140625,104.63069915771484,1.7767258693666947,0,2.0,-2.0,1093983.1199208065,
2023-03-06,86.9094467163086,105.07593536376952,0.9241896552427965,0,2.0,-2.0,1093983.1199208065,
2023-03-07,86.9094467163086,105.52117156982422,1.3764650380807526,0,2.0,-2.0,1093983.1199208065,
2023-03-08,87.26345825195312,105.96641540527344,1.2991790793917106,0,2.0,-2.0,1093983.1199208065,
2023-03-09,87.17495727539062,105.52117156982422,0.940107281193776,0,2.0,-2.0,1093983.1199208065,
2023-03-10,86.55543518066406,104.63069915771484,0.8997363477331062,0,2.0,-2.0,1093983.1199208065,
2023-03-13,86.7324447631836,105.96641540527344,1.9329683157136823,0,2.0,-2.0,1093983.1199208065,
2023-03-14,86.46693420410156,104.63069915771484,0.9550818139071764,0,2.0,-2.0,1093983.1199208065,
2023-03-15,86.55543518066406,105.96641540527344,2.1040374915307187,-1,2.0,-2.0,1093915.4190467831,Short Spread
2023-03-16,87.0864486694336,105.96641540527344,1.3236288988931133,-1,2.0,-2.0,1094977.4460243222,
2023-03-17,87.61746978759766,105.07593536376952,-0.2965971559344739,0,2.0,-2.0,1097752.740607452,Close
2023-03-20,87.97148132324219,105.96641540527344,0.07557395001046088,0,2.0,-2.0,1097752.740607452,
2023-03-21,87.17495727539062,105.52117156982422,0.7287731072532673,0,2.0,-2.0,1097752.740607452,
2023-03-22,87.70597076416016,106.4116439819336,0.8504245350647548,0,2.0,-2.0,1097752.740607452,
2023-03-23,88.05998229980469,106.85688018798828,0.7706343153051796,0,2.0,-2.0,1097752.740607452,
2023-03-24,88.94500732421875,106.4116439819336,-1.0164221622945044,0,2.0,-2.0,1097752.740607452,
2023-03-27,88.94500732421875,106.85688018798828,-0.5571629896860608,0,2.0,-2.0,1097752.740607452,
2023-03-28,88.50249481201172,106.4116439819336,-0.36692378258820785,0,2.0,-2.0,1097752.740607452,
2023-03-29,88.94500732421875,106.85688018798828,-0.5372865212275509,0,2.0,-2.0,1097752.740607452,
2023-03-30,89.38751220703125,106.85688018798828,-1.1749039055390693,0,2.0,-2.0,1097752.740607452,
2023-03-31,89.38751220703125,106.4116439819336,-1.578505695213056,0,2.0,-2.0,1097752.740607452,
2023-04-06,89.83002471923828,107.30211639404295,-1.2618365196734764,0,2.0,-2.0,1097752.740607452,
2023-04-07,89.83002471923828,107.7473602294922,-0.7839336041091898,0,2.0,-2.0,1097752.740607452,
2023-04-10,91.1575698852539,109.08306884765624,-1.2764815525340447,0,2.0,-2.0,1097752.740607452,
2023-04-11,92.04258728027344,109.52830505371094,-2.015220783418302,1,2.0,-2.0,1097684.6777717588,Long Spread
2023-04-12,92.04258728027344,109.52830505371094,-1.9169511510779387,1,2.0,-2.0,1097684.6777717588,
2023-04-13,91.6000747680664,110.41878509521484,-0.41387209999054314,1,2.0,-2.0,1100350.6628791806,
2023-04-14,92.9276123046875,110.86402130126952,-1.7376698923912002,1,2.0,-2.0,1098586.0602180478,
2023-04-17,92.9276123046875,111.7544937133789,-0.8683911314174222,1,2.0,-2.0,1100367.0050422666,
2023-04-18,92.9276123046875,112.1997299194336,-0.4332248424812134,1,2.0,-2.0,1101257.477454376,
2023-04-19,92.04258728027344,110.86402130126952,-0.5147137103554504,1,2.0,-2.0,1100356.110266876,
2023-04-20,91.1575698852539,111.30924987792967,1.0600665389117143,0,2.0,-2.0,1102948.5035374449,Close
2023-04-21,90.71504974365234,112.1997299194336,2.3975225969344667,-1,2.0,-2.0,1102880.3869462584,Short Spread
2023-04-24,91.1575698852539,112.1997299194336,1.74442827834382,-1,2.0,-2.0,1103765.4272294615,
2023-04-25,91.1575698852539,112.1997299194336,1.7026990936924233,-1,2.0,-2.0,1103765.4272294615,
2023-04-26,92.04258728027344,113.09019470214844,1.358491269566221,-1,2.0,-2.0,1103754.5324540709,
2023-04-27,91.6000747680664,112.64496612548828,1.4845475208191845,-1,2.0,-2.0,1103759.9645829771,
2023-04-28,91.6000747680664,113.09019470214844,1.8159491257905833,-1,2.0,-2.0,1102869.5074296568,
2023-05-02,91.1575698852539,111.7544937133789,1.1584900945928023,-1,2.0,-2.0,1104655.8996415709,
2023-05-03,91.1575698852539,111.7544937133789,1.1300060629697646,-1,2.0,-2.0,1104655.8996415709,
2023-05-04,92.48509979248048,112.64496612548828,0.2926520169355263,-1,2.0,-2.0,1105530.0146318052,
2023-05-05,92.48509979248048,112.64496612548828,0.27788813834657905,-1,2.0,-2.0,1105530.0146318052,
2023-05-08,92.04258728027344,112.64496612548828,0.787356864964032,-1,2.0,-2.0,1104644.9896073912,
2023-05-09,91.6000747680664,112.64496612548828,1.27082376323117,-1,2.0,-2.0,1103759.9645829771,
2023-05-10,91.6000747680664,112.1997299194336,0.8694549973914389,-1,2.0,-2.0,1104650.4369950865,
2023-05-11,91.6000747680664,112.1997299194336,0.8413366222259212,-1,2.0,-2.0,1104650.4369950865,
2023-05-12,91.1575698852539,111.30924987792967,0.5933298759599916,-1,2.0,-2.0,1105546.3873124693,
2023-05-15,91.6000747680664,111.7544937133789,0.42451444430035107,-1,2.0,-2.0,1105540.9094071959,
2023-05-16,91.6000747680664,112.1997299194336,0.7734429769342458,-1,2.0,-2.0,1104650.4369950865,
2023-05-17,92.48509979248048,113.09019470214844,0.4505470194132616,-1,2.0,-2.0,1104639.557478485,
2023-05-18,92.04258728027344,112.64496612548828,0.5816089992508953,-1,2.0,-2.0,1104644.9896073912,
2023-05-19,92.04258728027344,113.53543853759766,1.3016441894851905,-1,2.0,-2.0,1102864.0447831724,
2023-05-22,92.04258728027344,111.7544937133789,-0.24300363776819614,0,2.0,-2.0,1106357.78254837,Close
2023-05-23,92.04258728027344,112.64496612548828,0.5114691953198698,0,2.0,-2.0,1106357.78254837,
2023-05-24,92.04258728027344,112.64496612548828,0.4895204335031388,0,2.0,-2.0,1106357.78254837,
2023-05-25,90.71504974365234,113.98067474365234,2.9931510086440243,-1,2.0,-2.0,1106289.5947193906,Short Spread
2023-05-26,91.1575698852539,113.09019470214844,1.6893682284494655,-1,2.0,-2.0,1108955.5950856016,
2023-05-29,91.1575698852539,112.1997299194336,0.9488208088322504,-1,2.0,-2.0,1110736.5246510312,
2023-05-30,91.6000747680664,111.7544937133789,0.10734707843775802,-1,2.0,-2.0,1112512.0068287656,
2023-05-31,91.6000747680664,112.1997299194336,0.46086636717516544,-1,2.0,-2.0,1111621.5344166562,
2023-06-01,91.1575698852539,111.30924987792967,0.2542364839678802,-1,2.0,-2.0,1112517.484734039,
2023-06-02,92.04258728027344,111.7544937133789,-0.3771879562534389,0,2.0,-2.0,1113328.8799699398,Close
2023-06-05,91.6000747680664,111.30924987792967,-0.22565862480969526,0,2.0,-2.0,1113328.8799699398,
2023-06-06,92.04258728027344,111.7544937133789,-0.354559611564145,0,2.0,-2.0,1113328.8799699398,
2023-06-07,92.04258728027344,111.30924987792967,-0.6942233971577364,0,2.0,-2.0,1113328.8799699398,
2023-06-08,91.6000747680664,111.30924987792967,-0.19306624445161477,0,2.0,-2.0,1113328.8799699398,
2023-06-09,91.1575698852539,111.7544937133789,0.666413882109846,0,2.0,-2.0,1113328.8799699398,
2023-06-12,90.71504974365234,111.30924987792967,0.7942798635694899,0,2.0,-2.0,1113328.8799699398,
2023-06-13,91.1575698852539,111.7544937133789,0.6683512565981793,0,2.0,-2.0,1113328.8799699398,
2023-06-14,90.71504974365234,111.7544937133789,1.149357766990093,0,2.0,-2.0,1113328.8799699398,
2023-06-15,91.1575698852539,111.7544937133789,0.6315513252265507,0,2.0,-2.0,1113328.8799699398,
2023-06-16,90.71504974365234,111.7544937133789,1.0921878438901835,0,2.0,-2.0,1113328.8799699398,
2023-06-19,91.6000747680664,111.7544937133789,0.10852694944536205,0,2.0,-2.0,1113328.8799699398,
2023-06-20,90.71504974365234,112.1997299194336,1.3998192956810283,0,2.0,-2.0,1113328.8799699398,
2023-06-21,89.83002471923828,112.1997299194336,2.228296319331412,-1,2.0,-2.0,1113260.7987797542,Short Spread
2023-06-26,89.38751220703125,110.41878509521484,1.3190805393532345,-1,2.0,-2.0,1115937.6634037776,
2023-06-27,88.50249481201172,108.63783264160156,0.8904456814478475,-1,2.0,-2.0,1117729.5335209651,
2023-06-28,88.50249481201172,108.1926040649414,0.5399296128638185,-1,2.0,-2.0,1118619.9906742855,
2023-06-29,88.94500732421875,108.8428726196289,0.5391601669938301,-1,2.0,-2.0,1118204.4785893245,
2023-06-30,88.39025115966797,107.9165496826172,0.40526132831278056,-1,2.0,-2.0,1118947.6121342464,
2023-07-03,87.83550262451172,106.52706146240234,-0.08890643525517682,0,2.0,-2.0,1120549.3170018,Close
2023-07-04,87.37321472167969,106.99022674560548,0.7530298444577787,0,2.0,-2.0,1120549.3170018,
2023-07-05,87.00337219238281,106.52706146240234,0.7704675442259854,0,2.0,-2.0,1120549.3170018,
2023-07-06,86.54107666015625,106.52706146240234,1.2621596522961598,0,2.0,-2.0,1120549.3170018,
2023-07-07,86.44862365722656,106.06390380859376,0.980811365190574,0,2.0,-2.0,1120549.3170018,
2023-07-10,86.44862365722656,105.60074615478516,0.5621461617406145,0,2.0,-2.0,1120549.3170018,
2023-07-11,87.28075408935547,106.52706146240234,0.3106703359554461,0,2.0,-2.0,1120549.3170018,
2023-07-12,87.09583282470703,106.52706146240234,0.5425873589627175,0,2.0,-2.0,1120549.3170018,
2023-07-13,86.72600555419922,106.52706146240234,1.0731904228011429,0,2.0,-2.0,1120549.3170018,
2023-07-14,87.9279556274414,107.9165496826172,0.7261686115973152,0,2.0,-2.0,1120549.3170018,
2023-07-17,87.37321472167969,107.9165496826172,1.59702245863852,0,2.0,-2.0,1120549.3170018,
2023-07-18,87.00337219238281,106.52706146240234,0.5540299112594593,0,2.0,-2.0,1120549.3170018,
2023-07-19,87.09583282470703,106.52706146240234,0.41635679505842904,0,2.0,-2.0,1120549.3170018,
2023-07-20,87.28075408935547,106.99022674560548,0.6516770517130788,0,2.0,-2.0,1120549.3170018,
2023-07-21,87.00337219238281,106.99022674560548,1.0909896315011443,0,2.0,-2.0,1120549.3170018,
2023-07-24,86.81846618652344,107.45338439941406,1.8494842186336207,0,2.0,-2.0,1120549.3170018,
2023-07-25,87.37321472167969,107.9165496826172,1.4401368330957298,0,2.0,-2.0,1120549.3170018,
2023-07-26,87.37321472167969,108.37971496582033,1.8809785656555122,0,2.0,-2.0,1120549.3170018,
2023-07-27,87.7430419921875,107.9165496826172,0.791294832416446,0,2.0,-2.0,1120549.3170018,
2023-07-28,87.83550262451172,107.9165496826172,0.633963522936397,0,2.0,-2.0,1120549.3170018,
2023-07-31,87.28075408935547,107.45338439941406,0.9437167276539468,0,2.0,-2.0,1120549.3170018,
2023-08-01,87.7430419921875,107.9165496826172,0.7146998147494765,0,2.0,-2.0,1120549.3170018,
2023-08-02,87.00337219238281,107.45338439941406,1.299919915298988,0,2.0,-2.0,1120549.3170018,
2023-08-04,87.00337219238281,107.9165496826172,1.7265282864566835,0,2.0,-2.0,1120549.3170018,
2023-08-07,87.00337219238281,107.45338439941406,1.1939230296002727,0,2.0,-2.0,1120549.3170018,
2023-08-08,86.72600555419922,107.9165496826172,1.980283116676399,0,2.0,-2.0,1120549.3170018,
2023-08-09,86.72600555419922,108.37971496582033,2.2997605670627728,-1,2.0,-2.0,1120481.5127729792,Short Spread
2023-08-10,87.00337219238281,109.3060302734375,2.6174579907741817,-1,2.0,-2.0,1119183.615434112,
2023-08-11,87.18829345703125,109.3060302734375,2.232650207165677,-1,2.0,-2.0,1119553.457963409,
2023-08-14,86.72600555419922,108.37971496582033,1.8926040481237456,-1,2.0,-2.0,1120481.5127729792,
2023-08-15,86.633544921875,108.37971496582033,1.9079443113157937,-1,2.0,-2.0,1120296.5915083308,
2023-08-16,86.81846618652344,109.3060302734375,2.3145014072991863,-1,2.0,-2.0,1118813.8034223933,
2023-08-17,86.72600555419922,107.9165496826172,1.2607016217706775,-1,2.0,-2.0,1121407.8433393855,
2023-08-18,86.81846618652344,108.8428726196289,1.8228316869162378,-1,2.0,-2.0,1119740.1187300105,
2023-08-21,86.91091918945312,108.37971496582033,1.302309597559586,-1,2.0,-2.0,1120851.340043487,
2023-08-22,86.44862365722656,107.9165496826172,1.453046316220146,-1,2.0,-2.0,1120853.0795454402,
2023-08-23,86.44862365722656,107.9165496826172,1.4103204221208725,-1,2.0,-2.0,1120853.0795454402,
2023-08-24,86.54107666015625,108.8428726196289,1.929688182270089,-1,2.0,-2.0,1119185.339677276,
2023-08-25,86.26371002197266,107.9165496826172,1.4693456684163404,-1,2.0,-2.0,1120483.2522749323,
2023-08-28,86.54107666015625,108.37971496582033,1.4671279792575838,-1,2.0,-2.0,1120111.6549848933,
2023-08-29,87.00337219238281,108.8428726196289,1.283729292510458,-1,2.0,-2.0,1120109.9307417292,
2023-08-30,87.00337219238281,108.37971496582033,0.9135768860244694,-1,2.0,-2.0,1121036.2460493464,
2023-08-31,86.17124938964844,107.45338439941406,1.0687956016609828,-1,2.0,-2.0,1121224.6615766902,
2023-09-01,86.81846618652344,107.9165496826172,0.7002216071479183,-1,2.0,-2.0,1121592.764604034,
2023-09-04,86.91091918945312,108.8428726196289,1.3226614304031605,-1,2.0,-2.0,1119925.0247358698,
2023-09-05,86.54107666015625,108.37971496582033,1.3428204834725102,-1,2.0,-2.0,1120111.6549848933,
2023-09-06,86.35617065429688,108.37971496582033,1.5075498278573112,-1,2.0,-2.0,1119741.8429731745,
2023-09-07,86.26371002197266,108.37971496582033,1.5563265146128524,-1,2.0,-2.0,1119556.921708526,
2023-09-08,86.44862365722656,107.9165496826172,0.9213231861708936,-1,2.0,-2.0,1120853.0795454402,
2023-09-11,86.91091918945312,108.37971496582033,0.7380965782492033,-1,2.0,-2.0,1120851.340043487,
2023-09-12,87.46566772460938,108.37971496582033,0.05430863479815372,-1,2.0,-2.0,1121960.8371137995,
2023-09-13,87.5581283569336,107.9165496826172,-0.4682720998779754,0,2.0,-2.0,1123004.2699577326,Close
2023-09-14,87.83550262451172,108.37971496582033,-0.44820024041855927,0,2.0,-2.0,1123004.2699577326,
2023-09-15,88.39025115966797,108.8428726196289,-0.7304619327772752,0,2.0,-2.0,1123004.2699577326,
2023-09-18,88.02041625976562,108.37971496582033,-0.6594347882323738,0,2.0,-2.0,1123004.2699577326,
2023-09-19,88.29779815673828,108.37971496582033,-0.9953340076393817,0,2.0,-2.0,1123004.2699577326,
2023-09-20,87.83550262451172,108.37971496582033,-0.4296748696170031,0,2.0,-2.0,1123004.2699577326,
2023-09-21,86.72600555419922,107.9165496826172,0.5292703833067176,0,2.0,-2.0,1123004.2699577326,
2023-09-22,86.633544921875,108.37971496582033,1.037976368365135,0,2.0,-2.0,1123004.2699577326,
2023-09-25,86.91091918945312,107.9165496826172,0.22576194982486056,0,2.0,-2.0,1123004.2699577326,
2023-09-26,87.46566772460938,107.45338439941406,-1.0083367733657407,0,2.0,-2.0,1123004.2699577326,
2023-09-27,86.81846618652344,107.9165496826172,0.3153866690100585,0,2.0,-2.0,1123004.2699577326,
2023-09-28,87.46566772460938,107.45338439941406,-1.06217242017224,0,2.0,-2.0,1123004.2699577326,
2023-10-02,87.09583282470703,107.9165496826172,-0.08831917420352914,0,2.0,-2.0,1123004.2699577326,
2023-10-03,86.81846618652344,107.45338439941406,-0.1784649012093685,0,2.0,-2.0,1123004.2699577326,
2023-10-04,86.44862365722656,106.52706146240234,-0.6176056693362396,0,2.0,-2.0,1123004.2699577326,
2023-10-05,87.28075408935547,106.52706146240234,-1.8248016673928948,0,2.0,-2.0,1123004.2699577326,
2023-10-06,87.09583282470703,106.99022674560548,-1.0980158830745619,0,2.0,-2.0,1123004.2699577326,
2023-10-11,88.6676254272461,107.9165496826172,-2.319836994926623,1,2.0,-2.0,1122936.4065907283,Long Spread
2023-10-12,88.94499969482422,107.9165496826172,-2.5662589981022723,1,2.0,-2.0,1122381.658055572,
2023-10-13,88.39025115966797,107.45338439941406,-2.1462403381172392,1,2.0,-2.0,1122564.8245594783,
2023-10-16,88.5751724243164,107.9165496826172,-1.9082194287264604,1,2.0,-2.0,1123121.3125965877,
2023-10-17,88.20533752441406,107.9165496826172,-1.431301249721113,1,2.0,-2.0,1123860.9823963924,
2023-10-18,88.39025115966797,107.45338439941406,-2.013142154957867,1,2.0,-2.0,1122564.8245594783,
2023-10-19,87.7430419921875,107.45338439941406,-1.1972812339066137,1,2.0,-2.0,1123859.2428944393,
2023-10-20,87.09583282470703,106.99022674560548,-0.7924794013076968,1,2.0,-2.0,1124227.345921783,
2023-10-23,87.28075408935547,106.99022674560548,-0.998082838344857,1,2.0,-2.0,1123857.5033924861,
2023-10-24,87.65058898925781,106.99022674560548,-1.3949105014460104,1,2.0,-2.0,1123117.8335926814,
2023-10-25,87.7430419921875,106.99022674560548,-1.4701208137444586,1,2.0,-2.0,1122932.927586822,
2023-10-26,87.65058898925781,106.52706146240234,-1.6978212024256982,1,2.0,-2.0,1122191.5030262752,
2023-10-27,88.29779815673828,106.99022674560548,-1.971212876453273,1,2.0,-2.0,1121823.4152577205,
2023-10-30,87.83550262451172,106.99022674560548,-1.4236309103267704,1,2.0,-2.0,1122748.0063221736,
2023-10-31,88.5751724243164,107.45338439941406,-1.792024835885251,1,2.0,-2.0,1122194.9820301814,
2023-11-01,89.03746795654297,108.37971496582033,-1.5216265189069051,1,2.0,-2.0,1123123.0520985408,
2023-11-02,89.31483459472656,109.3060302734375,-1.094751692225136,1,2.0,-2.0,1124420.949437408,
2023-11-03,89.6846694946289,108.8428726196289,-1.7347912512644348,1,2.0,-2.0,1122754.9643299861,
2023-11-06,90.33187866210938,108.8428726196289,-2.244324736076816,1,2.0,-2.0,1121460.5459950252,
2023-11-07,89.86958312988281,109.3060302734375,-1.4259113078264438,1,2.0,-2.0,1123311.4523670955,
2023-11-08,90.88662719726562,109.76919555664062,-1.9887954865405233,1,2.0,-2.0,1122203.6947987361,
2023-11-09,90.97909545898438,108.8428726196289,-2.5114548476406324,1,2.0,-2.0,1120166.1124012752,
2023-11-10,90.5167999267578,108.37971496582033,-2.253172238978879,1,2.0,-2.0,1120164.3881581111,
2023-11-13,89.77713012695312,107.9165496826172,-1.8238045900028657,1,2.0,-2.0,1120717.3971913143,
2023-11-14,89.96205139160156,107.9165496826172,-1.8866224657829125,1,2.0,-2.0,1120347.5546620174,
2023-11-15,90.14695739746094,109.3060302734375,-1.1739265561981025,1,2.0,-2.0,1122756.7038319393,
2023-11-16,90.6092529296875,108.37971496582033,-2.0089149851547052,1,2.0,-2.0,1119979.4821522518,
2023-11-17,90.33187866210938,108.37971496582033,-1.708201554598706,1,2.0,-2.0,1120534.230687408,
2023-11-20,90.33187866210938,109.3060302734375,-1.138432768862203,1,2.0,-2.0,1122386.8613026424,
2023-11-21,90.88662719726562,109.3060302734375,-1.5366500218696473,1,2.0,-2.0,1121277.36423233,
2023-11-22,90.88662719726562,109.3060302734375,-1.4845041473871723,1,2.0,-2.0,1121277.36423233,
2023-11-23,90.97909545898438,109.76919555664062,-1.2539053169556837,1,2.0,-2.0,1122018.7582752986,
2023-11-24,90.88662719726562,110.23235321044922,-0.8821203290347654,1,2.0,-2.0,1123130.0101063533,
2023-11-27,91.07154846191406,111.15867614746094,-0.46924457007414916,1,2.0,-2.0,1124612.81345108,
2023-11-28,90.97909545898438,110.69551849365234,-0.6404080734112768,1,2.0,-2.0,1123871.404149322,
2023-11-29,91.4413833618164,111.15867614746094,-0.7252629239454206,1,2.0,-2.0,1123873.1436512752,
2023-11-30,90.97909545898438,110.69551849365234,-0.5873611508205179,1,2.0,-2.0,1123871.404149322,
2023-12-01,91.71875762939452,111.15867614746094,-0.9174999470235551,1,2.0,-2.0,1123318.395116119,
2023-12-04,92.27350616455078,112.08499908447266,-0.8024352987902387,1,2.0,-2.0,1124061.54391983,
2023-12-05,92.92071533203124,112.54815673828124,-1.077143240271367,1,2.0,-2.0,1123693.4408924861,
2023-12-06,92.45842742919922,113.01132202148438,-0.2937812498133799,1,2.0,-2.0,1125544.3472645564,
2023-12-07,91.90367889404295,112.08499908447266,-0.3698090712225307,1,2.0,-2.0,1124801.1984608455,
2023-12-08,91.62629699707033,111.62183380126952,-0.398497083178237,1,2.0,-2.0,1124429.6316883846,
2023-12-11,91.07154846191406,111.15867614746094,-0.14618479258368192,1,2.0,-2.0,1124612.81345108,
2023-12-12,91.25646209716795,111.15867614746094,-0.3178837604410198,1,2.0,-2.0,1124242.986180572,
2023-12-13,90.97909545898438,110.69551849365234,-0.35332960214059167,1,2.0,-2.0,1123871.404149322,
2023-12-14,91.4413833618164,110.69551849365234,-0.8170796218898376,1,2.0,-2.0,1122946.828343658,
2023-12-15,90.97909545898438,109.76919555664062,-0.99428965462412,1,2.0,-2.0,1122018.7582752986,
2023-12-18,90.70171356201172,109.76919555664062,-0.6728004420732533,1,2.0,-2.0,1122573.522069244,
2023-12-19,90.6092529296875,109.76919555664062,-0.5489882649412272,1,2.0,-2.0,1122758.4433338924,
2023-12-20,90.70171356201172,109.76919555664062,-0.6376665888160477,1,2.0,-2.0,1122573.522069244,
2023-12-21,90.23942565917967,109.3060302734375,-0.45251185609810335,1,2.0,-2.0,1122571.7673085018,
2023-12-22,89.86958312988281,108.8428726196289,-0.3780369215165278,1,2.0,-2.0,1122385.1370594783,
2023-12-25,90.14695739746094,109.3060302734375,-0.27889305842616907,1,2.0,-2.0,1122756.7038319393,
2023-12-26,90.4243392944336,110.23235321044922,0.2710239611647829,0,2.0,-2.0,1123986.5596443173,Close
2023-12-27,90.88662719726562,110.69551849365234,0.1364278720565799,0,2.0,-2.0,1123986.5596443173,
2023-12-28,91.3489227294922,111.15867614746094,-0.014694553284473885,0,2.0,-2.0,1123986.5596443173,
2023-12-29,91.16400909423828,111.15867614746094,0.3365490079206038,0,2.0,-2.0,1123986.5596443173,
2024-01-02,91.99613189697266,111.62183380126952,-0.4875685656686306,0,2.0,-2.0,1123986.5596443173,
2024-01-03,91.4413833618164,111.15867614746094,-0.06615377311581627,0,2.0,-2.0,1123986.5596443173,
2024-01-04,91.4413833618164,110.23235321044922,-1.2046655369847428,0,2.0,-2.0,1123986.5596443173,
2024-01-05,91.07154846191406,110.69551849365234,0.04347202823785195,0,2.0,-2.0,1123986.5596443173,
2024-01-08,91.5338363647461,111.62183380126952,0.40059470351400905,0,2.0,-2.0,1123986.5596443173,
2024-01-09,91.62629699707033,111.15867614746094,-0.33307431812890526,0,2.0,-2.0,1123986.5596443173,
2024-01-10,91.3489227294922,111.15867614746094,0.1952352243989434,0,2.0,-2.0,1123986.5596443173,
2024-01-11,92.18104553222656,111.62183380126952,-0.7055234418865257,0,2.0,-2.0,1123986.5596443173,
2024-01-12,92.27350616455078,111.15867614746094,-1.450765917734765,0,2.0,-2.0,1123986.5596443173,
2024-01-15,91.62629699707033,111.62183380126952,0.44887728287883677,0,2.0,-2.0,1123986.5596443173,
2024-01-16,90.6092529296875,110.23235321044922,0.5702383981400144,0,2.0,-2.0,1123986.5596443173,
2024-01-17,89.86958312988281,109.76919555664062,1.4691821237183644,0,2.0,-2.0,1123986.5596443173,
2024-01-18,89.96205139160156,109.76919555664062,1.2965081374671443,0,2.0,-2.0,1123986.5596443173,
2024-01-19,89.96205139160156,110.23235321044922,1.96472317214966,0,2.0,-2.0,1123986.5596443173,
2024-01-22,90.23942565917967,110.23235321044922,1.3413895623922392,0,2.0,-2.0,1123986.5596443173,
2024-01-23,89.96205139160156,110.69551849365234,2.5114273892147736,-1,2.0,-2.0,1123918.5333415219,Short Spread
2024-01-24,89.96205139160156,111.15867614746094,2.911722368363634,-1,2.0,-2.0,1122992.2180339047,
2024-01-25,90.23942565917967,111.15867614746094,2.27289610579883,-1,2.0,-2.0,1123546.966569061,
2024-01-26,90.97909545898438,110.69551849365234,0.36000478778745637,-1,2.0,-2.0,1125952.6214762875,
2024-01-29,91.16400909423828,111.15867614746094,0.6213453645869704,-1,2.0,-2.0,1125396.133439178,
2024-01-30,91.07154846191406,110.69551849365234,0.16639174703668208,-1,2.0,-2.0,1126137.5274821469,
2024-01-31,90.6092529296875,110.23235321044922,0.415925404270272,-1,2.0,-2.0,1126139.2669841,
2024-02-01,91.25646209716795,111.15867614746094,0.4206284015668781,-1,2.0,-2.0,1125581.0394450375,
2024-02-02,90.88662719726562,111.62183380126952,1.6888598444145626,-1,2.0,-2.0,1123915.0543376156,
2024-02-05,91.07154846191406,112.54815673828124,2.462984905966479,-1,2.0,-2.0,1122432.250992889,
2024-02-15,90.6092529296875,112.08499908447266,2.528360824314656,-1,2.0,-2.0,1122433.975236053,
2024-02-16,90.6092529296875,113.01132202148438,3.324513891730081,-1,2.0,-2.0,1120581.3293620297,
2024-02-19,90.6092529296875,113.01132202148438,3.002271008273238,-1,2.0,-2.0,1120581.3293620297,
2024-02-20,91.16400909423828,113.4744873046875,2.5252393844994465,-1,2.0,-2.0,1120764.511124725,
2024-02-21,92.45842742919922,113.4744873046875,0.5980095485171996,-1,2.0,-2.0,1123353.3477946469,
2024-02-22,92.365966796875,113.01132202148438,0.22850506498952275,-1,2.0,-2.0,1124094.7570964047,
2024-02-23,91.90367889404295,113.01132202148438,0.8940571662428698,-1,2.0,-2.0,1123170.1812907406,
2024-02-26,92.365966796875,113.01132202148438,0.16454345954189842,-1,2.0,-2.0,1124094.7570964047,
2024-02-27,91.62629699707033,112.08499908447266,0.2669824366663992,-1,2.0,-2.0,1124468.0633708187,
2024-02-29,91.5338363647461,111.62183380126952,-0.11636529129006479,0,2.0,-2.0,1125141.34644577,Close
2024-03-01,90.97909545898438,112.08499908447266,1.2458965534437134,0,2.0,-2.0,1125141.34644577,
2024-03-04,90.70171356201172,112.54815673828124,2.0722077916205714,-1,2.0,-2.0,1125073.216450958,Short Spread
2024-03-05,90.5167999267578,112.08499908447266,1.7695045704972394,-1,2.0,-2.0,1125629.7044880674,
2024-03-06,91.07154846191406,112.54815673828124,1.3877323215743917,-1,2.0,-2.0,1125812.8862507627,
2024-03-07,90.5167999267578,112.08499908447266,1.6418128051817662,-1,2.0,-2.0,1125629.7044880674,
2024-03-08,90.97909545898438,111.62183380126952,0.49638416545311986,-1,2.0,-2.0,1127480.6261189268,
2024-03-11,91.3489227294922,112.54815673828124,0.879681166638284,-1,2.0,-2.0,1126367.634785919,
2024-03-12,91.4413833618164,112.54815673828124,0.7272185375074285,-1,2.0,-2.0,1126552.5560505674,
2024-03-13,92.08858489990234,112.08499908447266,-0.6664222873777491,0,2.0,-2.0,1128705.107490997,Close
2024-03-14,92.27350616455078,113.01132202148438,0.003624803982966318,0,2.0,-2.0,1128705.107490997,
2024-03-15,91.81121826171876,113.4744873046875,1.1046173603914986,0,2.0,-2.0,1128705.107490997,
2024-03-18,92.08858489990234,113.9376449584961,1.1406819666405685,0,2.0,-2.0,1128705.107490997,
2024-03-19,91.07154846191406,113.9376449584961,2.3949257212508837,-1,2.0,-2.0,1128636.9071232602,Short Spread
2024-03-20,91.16400909423828,113.9376449584961,2.1498869678038734,-1,2.0,-2.0,1128821.8283879086,
2024-03-21,91.90367889404295,114.40081024169922,1.5623812716133898,-1,2.0,-2.0,1129374.8374211118,
2024-03-22,92.365966796875,114.8639678955078,1.3427544878269508,-1,2.0,-2.0,1129373.0979191586,
2024-03-25,92.365966796875,115.3271255493164,1.693838665834426,-1,2.0,-2.0,1128446.7826115415,
2024-03-26,92.92071533203124,116.25344848632812,1.7507318697915262,-1,2.0,-2.0,1127703.6338078305,
2024-03-27,94.30758666992188,117.64292907714844,1.211254571183024,-1,2.0,-2.0,1127698.4153019711,
2024-03-28,94.30758666992188,116.25344848632812,-0.04007235985693957,0,2.0,-2.0,1130408.9540422056,Close
2024-03-29,94.76988220214844,117.64292907714844,0.5995555910091123,0,2.0,-2.0,1130408.9540422056,
2024-04-01,96.1567611694336,117.17977142333984,-1.5316647813151625,0,2.0,-2.0,1130408.9540422056,
2024-04-02,96.1567611694336,117.17977142333984,-1.4951938278364234,0,2.0,-2.0,1130408.9540422056,
2024-04-03,95.232177734375,115.79029083251952,-1.5398116588459194,0,2.0,-2.0,1130408.9540422056,
2024-04-08,96.1567611694336,117.17977142333984,-1.4265426945926725,0,2.0,-2.0,1130408.9540422056,
2024-04-09,96.1567611694336,116.25344848632812,-2.1327843395466575,1,2.0,-2.0,1130340.4576338194,Long Spread
2024-04-10,96.1567611694336,116.71660614013672,-1.7038039015574409,1,2.0,-2.0,1131266.7729414366,
2024-04-11,96.1567611694336,117.17977142333984,-1.3425166911035082,1,2.0,-2.0,1132193.1035078429,
2024-04-12,96.61905670166016,116.25344848632812,-2.4680804567624754,1,2.0,-2.0,1129415.8665693663,
2024-04-15,96.1567611694336,116.71660614013672,-1.558923184285813,1,2.0,-2.0,1131266.7729414366,
2024-04-16,94.30758666992188,115.3271255493164,-0.6491339709013799,1,2.0,-2.0,1132186.1607588194,
2024-04-17,94.30758666992188,114.40081024169922,-1.328282421022502,1,2.0,-2.0,1130333.530143585,
2024-04-18,95.69446563720705,114.8639678955078,-2.337114205788454,1,2.0,-2.0,1128486.087516632,
2024-04-19,94.30758666992188,113.9376449584961,-1.5918345769488462,1,2.0,-2.0,1129407.1995771788,
2024-04-22,96.61905670166016,116.25344848632812,-2.1523637100917523,1,2.0,-2.0,1129415.8665693663,
2024-04-23,95.232177734375,115.79029083251952,-1.0967170432118907,1,2.0,-2.0,1131263.3091963194,
2024-04-24,94.30758666992188,115.3271255493164,-0.5102194356176756,1,2.0,-2.0,1132186.1607588194,
2024-04-25,94.76988220214844,114.40081024169922,-1.5401994369914518,1,2.0,-2.0,1129408.939079132,
2024-04-26,95.69446563720705,114.40081024169922,-2.2670276162768115,1,2.0,-2.0,1127559.7722090147,
2024-04-29,96.1567611694336,115.3271255493164,-1.9829970017337868,1,2.0,-2.0,1128487.811759796,
2024-04-30,96.1567611694336,114.8639678955078,-2.140406225227015,1,2.0,-2.0,1127561.4964521788,
2024-05-02,96.1567611694336,114.8639678955078,-2.0278427970551305,1,2.0,-2.0,1127561.4964521788,
2024-05-03,96.61905670166016,114.8639678955078,-2.256967888975226,1,2.0,-2.0,1126636.9053877257,
2024-05-06,97.0813446044922,115.3271255493164,-2.2234552670915333,1,2.0,-2.0,1126638.6448896788,
2024-05-07,96.61905670166016,116.25344848632812,-1.3393577896978168,1,2.0,-2.0,1129415.8665693663,
2024-05-08,97.0813446044922,117.17977142333984,-1.1633693128953195,1,2.0,-2.0,1130343.9366377257,
2024-05-09,97.0813446044922,116.71660614013672,-1.3589793227230853,1,2.0,-2.0,1129417.6060713194,
2024-05-10,97.0813446044922,116.25344848632812,-1.536871489857095,1,2.0,-2.0,1128491.2907637022,
2024-05-13,97.54364013671876,117.17977142333984,-1.3481246513611835,1,2.0,-2.0,1129419.3455732726,
2024-05-14,96.61905670166016,116.25344848632812,-1.1254618296773693,1,2.0,-2.0,1129415.8665693663,
2024-05-15,97.0813446044922,116.25344848632812,-1.3916782539330868,1,2.0,-2.0,1128491.2907637022,
2024-05-16,97.54364013671876,116.25344848632812,-1.646118605794884,1,2.0,-2.0,1127566.6996992491,
2024-05-17,98.00592803955078,116.71660614013672,-1.6739428171488482,1,2.0,-2.0,1127568.4392012022,
2024-05-20,98.00592803955078,117.17977142333984,-1.4031653074707184,1,2.0,-2.0,1128494.7697676085,
2024-05-21,97.54364013671876,117.17977142333984,-1.0555986149916379,1,2.0,-2.0,1129419.3455732726,
2024-05-22,98.93051147460938,117.64292907714844,-1.6886562975342656,1,2.0,-2.0,1127571.9182051085,
2024-05-23,98.93051147460938,117.64292907714844,-1.618288908411363,1,2.0,-2.0,1127571.9182051085,
2024-05-24,98.46822357177734,117.64292907714844,-1.2747996596507325,1,2.0,-2.0,1128496.4940107726,
2024-05-27,97.54364013671876,115.79029083251952,-1.4669549801181263,1,2.0,-2.0,1126640.384391632,
2024-05-28,97.0813446044922,116.71660614013672,-0.7422621536723149,1,2.0,-2.0,1129417.6060713194,
2024-05-29,95.232177734375,115.79029083251952,0.017335450464961,0,2.0,-2.0,1131194.8682975767,Close
2024-05-30,96.61905670166016,116.71660614013672,-0.4164774244145435,0,2.0,-2.0,1131194.8682975767,
2024-05-31,97.54364013671876,118.56925201416016,-0.14077342614666258,0,2.0,-2.0,1131194.8682975767,
2024-06-03,98.46822357177734,117.64292907714844,-1.1340028501201578,0,2.0,-2.0,1131194.8682975767,
2024-06-04,98.46822357177734,117.64292907714844,-1.0998899790013337,0,2.0,-2.0,1131194.8682975767,
2024-06-05,98.93051147460938,117.64292907714844,-1.3541693289955898,0,2.0,-2.0,1131194.8682975767,
2024-06-06,98.46822357177734,118.10609436035156,-0.8082297937785732,0,2.0,-2.0,1131194.8682975767,
2024-06-07,98.93051147460938,117.17977142333984,-1.4908371891633836,0,2.0,-2.0,1131194.8682975767,
2024-06-11,98.93051147460938,117.17977142333984,-1.4343808310766368,0,2.0,-2.0,1131194.8682975767,
2024-06-12,98.00592803955078,117.17977142333984,-0.8104648683724701,0,2.0,-2.0,1131194.8682975767,
2024-06-13,98.00592803955078,117.17977142333984,-0.7831489967554243,0,2.0,-2.0,1131194.8682975767,
2024-06-14,99.3927993774414,118.56925201416016,-1.0131036860448603,0,2.0,-2.0,1131194.8682975767,
2024-06-17,99.3927993774414,118.10609436035156,-1.2154484307143818,0,2.0,-2.0,1131194.8682975767,
2024-06-18,99.3927993774414,118.56925201416016,-0.974262357639581,0,2.0,-2.0,1131194.8682975767,
2024-06-19,98.46822357177734,118.10609436035156,-0.5222688256927275,0,2.0,-2.0,1131194.8682975767,
2024-06-20,98.46822357177734,117.17977142333984,-1.0016698000373807,0,2.0,-2.0,1131194.8682975767,
2024-06-21,98.00592803955078,116.25344848632812,-1.1557625079717904,0,2.0,-2.0,1131194.8682975767,
2024-06-24,98.93051147460938,117.17977142333984,-1.3972653010396294,0,2.0,-2.0,1131194.8682975767,
2024-06-25,98.46822357177734,116.71660614013672,-1.2956444337197417,0,2.0,-2.0,1131194.8682975767,
2024-06-26,98.00592803955078,116.25344848632812,-1.1542762009870422,0,2.0,-2.0,1131194.8682975767,
2024-06-27,98.00592803955078,116.71660614013672,-0.826785732691554,0,2.0,-2.0,1131194.8682975767,
2024-06-28,98.93051147460938,116.25344848632812,-2.076253099540732,1,2.0,-2.0,1131126.2609391783,Long Spread
2024-07-01,100.77967834472656,117.17977142333984,-3.0443619902587082,1,2.0,-2.0,1129280.5730729674,
2024-07-02,103.09114837646484,116.25344848632812,-4.698584189399485,1,2.0,-2.0,1122804.9871354674,
2024-07-03,104.0157241821289,116.25344848632812,-4.406150532259346,1,2.0,-2.0,1120955.8355241392,
2024-07-04,102.62885284423828,114.09479522705078,-3.835133664603402,1,2.0,-2.0,1119412.2716813658,
2024-07-05,107.25177001953124,115.53903198242188,-4.6221387234024345,1,2.0,-2.0,1113054.910841522,
2024-07-08,98.41814422607422,114.57621002197266,-0.8702146388356502,1,2.0,-2.0,1128796.5185075377,
2024-07-09,96.97787475585938,114.57621002197266,-0.19964857038620343,1,2.0,-2.0,1131677.0574479674,
2024-07-10,97.93805694580078,114.09479522705078,-0.7702315322848386,1,2.0,-2.0,1128793.8634782408,
2024-07-11,96.97787475585938,114.09479522705078,-0.30648180273894465,1,2.0,-2.0,1130714.2278581236,
2024-07-12,96.97787475585938,114.09479522705078,-0.28654372667471534,1,2.0,-2.0,1130714.2278581236,
2024-07-15,96.97787475585938,115.05762481689452,0.04443537937045642,0,2.0,-2.0,1132571.4056178282,Close
2024-07-16,96.97787475585938,115.05762481689452,0.059578293143160314,0,2.0,-2.0,1132571.4056178282,
2024-07-17,97.93805694580078,115.05762481689452,-0.37968922239419284,0,2.0,-2.0,1132571.4056178282,
2024-07-18,99.85840606689452,116.02044677734376,-0.9353575883327301,0,2.0,-2.0,1132571.4056178282,
2024-07-19,99.3783187866211,116.50186157226562,-0.5174936392151659,0,2.0,-2.0,1132571.4056178282,
2024-07-22,99.3783187866211,116.02044677734376,-0.6591177792863168,0,2.0,-2.0,1132571.4056178282,
2024-07-23,101.29867553710938,116.9832763671875,-1.2187236236763626,0,2.0,-2.0,1132571.4056178282,
2024-07-26,101.7787628173828,117.94609832763672,-1.0827636944307877,0,2.0,-2.0,1132571.4056178282,
2024-07-29,100.33849334716795,116.9832763671875,-0.6978857036396398,0,2.0,-2.0,1132571.4056178282,
2024-07-30,101.29867553710938,116.50186157226562,-1.276274577819378,0,2.0,-2.0,1132571.4056178282,
2024-07-31,101.29867553710938,116.9832763671875,-1.0791905197049108,0,2.0,-2.0,1132571.4056178282,
2024-08-01,101.29867553710938,116.9832763671875,-1.046483051111689,0,2.0,-2.0,1132571.4056178282,
2024-08-02,101.7787628173828,118.4275131225586,-0.7645147405999628,0,2.0,-2.0,1132571.4056178282,
2024-08-05,101.7787628173828,116.9832763671875,-1.202333546290227,0,2.0,-2.0,1132571.4056178282,
2024-08-06,106.09955596923828,117.46468353271484,-2.7972700781860085,1,2.0,-2.0,1132502.463048248,Long Spread
2024-08-07,103.6991195678711,116.9832763671875,-1.8123026956273487,1,2.0,-2.0,1136340.5215199278,
2024-08-08,102.73893737792967,116.9832763671875,-1.353265944599935,1,2.0,-2.0,1138260.8858998106,
2024-08-09,103.21902465820312,117.46468353271484,-1.3607032572334636,1,2.0,-2.0,1138263.5256703184,
2024-08-12,103.21902465820312,116.9832763671875,-1.447051563298615,1,2.0,-2.0,1137300.7113392637,
2024-08-13,103.21902465820312,117.46468353271484,-1.2599492396792225,1,2.0,-2.0,1138263.5256703184,
2024-08-14,104.65929412841795,117.94609832763672,-1.6364159216507599,1,2.0,-2.0,1136345.8163197325,
2024-08-15,104.17920684814452,118.4275131225586,-1.2609615761864743,1,2.0,-2.0,1138268.820470123,
2024-08-16,103.21902465820312,119.3903350830078,-0.5831760212972649,1,2.0,-2.0,1142114.8287709043,
2024-08-19,105.1393814086914,118.90892791748048,-1.4321120242007817,1,2.0,-2.0,1137311.300938873,
2024-08-20,104.17920684814452,118.90892791748048,-1.0196085162591144,1,2.0,-2.0,1139231.6500599668,
2024-08-21,105.61946868896484,118.90892791748048,-1.5223435862340875,1,2.0,-2.0,1136351.1263783262,
2024-08-22,105.61946868896484,119.3903350830078,-1.3395319226442044,1,2.0,-2.0,1137313.940709381,
2024-08-23,107.05973815917967,119.3903350830078,-1.8089814358665341,1,2.0,-2.0,1134433.4017689512,
2024-08-26,105.61946868896484,119.3903350830078,-1.2321191505493712,1,2.0,-2.0,1137313.940709381,
2024-08-27,107.53982543945312,119.87174987792967,-1.76258663220151,1,2.0,-2.0,1134436.056798248,
2024-08-28,107.05973815917967,119.3903350830078,-1.6548267396532101,1,2.0,-2.0,1134433.4017689512,
2024-08-29,106.57965087890624,118.90892791748048,-1.542067633960196,1,2.0,-2.0,1134430.7619984434,
2024-08-30,107.53982543945312,119.3903350830078,-1.700196339292513,1,2.0,-2.0,1133473.2272084043,
2024-09-02,108.5,119.3903350830078,-1.9533878339865651,1,2.0,-2.0,1131552.8780873106,
2024-09-03,107.53982543945312,119.3903350830078,-1.5503235936005044,1,2.0,-2.0,1133473.2272084043,
2024-09-04,107.53982543945312,117.46468353271484,-1.9401149562703128,1,2.0,-2.0,1129621.9241078184,
2024-09-05,108.5,118.4275131225586,-1.9365814154635244,1,2.0,-2.0,1129627.2341664121,
2024-09-06,110.42035675048828,119.3903350830078,-2.2285588345140077,1,2.0,-2.0,1127712.164586334,
2024-09-09,110.42035675048828,118.90892791748048,-2.2165033713209907,1,2.0,-2.0,1126749.3502552793,
2024-09-10,110.42035675048828,119.3903350830078,-2.0052936828078254,1,2.0,-2.0,1127712.164586334,
2024-09-11,110.42035675048828,118.90892791748048,-2.0089762589156073,1,2.0,-2.0,1126749.3502552793,
2024-09-12,110.42035675048828,119.87174987792967,-1.7271366106767478,1,2.0,-2.0,1128674.9941761778,
2024-09-13,110.90044403076172,119.87174987792967,-1.8003072423787831,1,2.0,-2.0,1127714.819615631,
2024-09-16,111.38053131103516,120.35316467285156,-1.7676101468572554,1,2.0,-2.0,1127717.4746449278,
2024-09-18,111.8606185913086,120.35316467285156,-1.8298124610254916,1,2.0,-2.0,1126757.300084381,
2024-09-19,111.38053131103516,120.35316467285156,-1.6255020262995197,1,2.0,-2.0,1127717.4746449278,
2024-09-20,111.8606185913086,121.31598663330078,-1.511479402577798,1,2.0,-2.0,1128682.9440052793,
2024-09-23,113.78097534179688,121.79740142822266,-1.885054554161293,1,2.0,-2.0,1125805.0600941465,
2024-09-24,113.78097534179688,121.79740142822266,-1.8141586413420652,1,2.0,-2.0,1125805.0600941465,
2024-09-25,111.8606185913086,121.79740142822266,-1.229646098603771,1,2.0,-2.0,1129645.773595123,
2024-09-26,112.82080078125,122.27881622314452,-1.3542433267295877,1,2.0,-2.0,1128688.238805084,
2024-09-27,111.8606185913086,121.79740142822266,-1.1452976428981212,1,2.0,-2.0,1129645.773595123,
2024-09-30,110.42035675048828,120.8345718383789,-0.914373462216326,1,2.0,-2.0,1130600.6380970762,
2024-10-01,110.90044403076172,121.31598663330078,-0.9309089315284533,1,2.0,-2.0,1130603.293126373,
2024-10-04,108.01991271972656,119.87174987792967,-0.4378097670165318,1,2.0,-2.0,1133475.8822377012,
2024-10-07,108.01991271972656,119.3903350830078,-0.5089281714799979,1,2.0,-2.0,1132513.0526478575,
2024-10-08,108.01991271972656,117.94609832763672,-0.7689180157719565,1,2.0,-2.0,1129624.5791371153,
2024-10-09,108.5,117.94609832763672,-0.8755219441597795,1,2.0,-2.0,1128664.4045765684,
2024-10-11,107.53982543945312,117.94609832763672,-0.5753113817291557,1,2.0,-2.0,1130584.7536976621,
2024-10-14,108.01991271972656,117.94609832763672,-0.6899790694429582,1,2.0,-2.0,1129624.5791371153,
2024-10-15,108.01991271972656,118.90892791748048,-0.4592276651372734,1,2.0,-2.0,1131550.2383168028,
2024-10-16,108.01991271972656,117.94609832763672,-0.6475493936615101,1,2.0,-2.0,1129624.5791371153,
2024-10-17,109.4601821899414,117.94609832763672,-1.082375450289213,1,2.0,-2.0,1126744.0401966856,
2024-10-18,109.94026947021484,119.3903350830078,-0.8751416543280843,1,2.0,-2.0,1128672.339146881,
2024-10-21,108.98008728027344,117.94609832763672,-0.8738699933393276,1,2.0,-2.0,1127704.2300160215,
2024-10-22,109.4601821899414,118.4275131225586,-0.8967261733053147,1,2.0,-2.0,1127706.8697865293,
2024-10-23,109.4601821899414,117.46468353271484,-1.1051574503086605,1,2.0,-2.0,1125781.2106068418,
2024-10-24,109.4601821899414,117.46468353271484,-1.0757267243366047,1,2.0,-2.0,1125781.2106068418,
2024-10-25,109.4601821899414,117.46468353271484,-1.0538088001380073,1,2.0,-2.0,1125781.2106068418,
2024-10-28,108.5,117.94609832763672,-0.5427196800568032,1,2.0,-2.0,1128664.4045765684,
2024-10-29,110.90044403076172,117.94609832763672,-1.4249402105553202,1,2.0,-2.0,1123863.516515045,
2024-10-30,108.98008728027344,117.46468353271484,-0.7900530248886477,1,2.0,-2.0,1126741.4004261778,
2024-11-01,108.98008728027344,117.46468353271484,-0.7718625777875383,1,2.0,-2.0,1126741.4004261778,
2024-11-04,109.94026947021484,117.94609832763672,-1.0089771986124925,1,2.0,-2.0,1125783.8656361387,
2024-11-05,110.90044403076172,118.4275131225586,-1.2324427533395306,1,2.0,-2.0,1124826.3461048887,
2024-11-06,109.4601821899414,117.94609832763672,-0.7364527802247303,1,2.0,-2.0,1126744.0401966856,
2024-11-07,108.98008728027344,118.4275131225586,-0.3532410276395556,1,2.0,-2.0,1128667.0596058653,
2024-11-08,108.5,118.4275131225586,-0.1083642698300401,1,2.0,-2.0,1129627.2341664121,
2024-11-11,109.94026947021484,118.4275131225586,-0.7471935609065197,1,2.0,-2.0,1126746.6952259825,
2024-11-12,108.98008728027344,117.94609832763672,-0.42865086148159737,1,2.0,-2.0,1127704.2300160215,
2024-11-13,109.94026947021484,118.90892791748048,-0.5381486185202015,1,2.0,-2.0,1127709.5248158262,
2024-11-14,109.4601821899414,117.94609832763672,-0.6182264586231588,1,2.0,-2.0,1126744.0401966856,
2024-11-15,106.57965087890624,117.94609832763672,1.010142009061283,0,2.0,-2.0,1132436.1217887877,Close
2024-11-18,106.57965087890624,117.94609832763672,1.066609880301168,0,2.0,-2.0,1132436.1217887877,
2024-11-19,108.01991271972656,118.90892791748048,0.7088090641723025,0,2.0,-2.0,1132436.1217887877,
2024-11-20,107.53982543945312,117.94609832763672,0.6316566975833255,0,2.0,-2.0,1132436.1217887877,
2024-11-21,108.01991271972656,118.4275131225586,0.6090128220561021,0,2.0,-2.0,1132436.1217887877,
2024-11-22,108.5,118.4275131225586,0.3050337105001843,0,2.0,-2.0,1132436.1217887877,
2024-11-25,110.42035675048828,118.90892791748048,-0.8269120144191318,0,2.0,-2.0,1132436.1217887877,
2024-11-26,108.98008728027344,119.3903350830078,0.5932841667862482,0,2.0,-2.0,1132436.1217887877,
2024-11-27,110.42035675048828,118.90892791748048,-0.807004604130297,0,2.0,-2.0,1132436.1217887877,
2024-11-28,108.5,118.90892791748048,0.8418411407414117,0,2.0,-2.0,1132436.1217887877,
2024-11-29,108.5,118.4275131225586,0.587885667199131,0,2.0,-2.0,1132436.1217887877,
2024-12-02,109.4601821899414,118.4275131225586,-0.24613376686835042,0,2.0,-2.0,1132436.1217887877,
2024-12-03,108.01991271972656,118.90892791748048,1.4051129676483975,0,2.0,-2.0,1132436.1217887877,
2024-12-04,108.5,119.87174987792967,1.560214423236099,0,2.0,-2.0,1132436.1217887877,
2024-12-05,107.53982543945312,119.3903350830078,2.0277461358532762,-1,2.0,-2.0,1132367.0445823667,Short Spread
2024-12-06,108.98008728027344,119.87174987792967,1.0294641161990579,-1,2.0,-2.0,1134284.7386741636,
2024-12-09,109.94026947021484,119.87174987792967,0.1752702657649005,-1,2.0,-2.0,1136205.1030540464,
2024-12-10,109.4601821899414,119.87174987792967,0.5775198371142629,-1,2.0,-2.0,1135244.9284934995,
2024-12-11,109.4601821899414,118.90892791748048,-0.03831957311511509,0,2.0,-2.0,1137101.4376499937,Close
2024-12-12,109.4601821899414,118.90892791748048,-0.04239358396194833,0,2.0,-2.0,1137101.4376499937,
2024-12-13,109.94026947021484,118.90892791748048,-0.47198221774898186,0,2.0,-2.0,1137101.4376499937,
2024-12-16,112.34070587158205,118.4275131225586,-2.6986552590229476,1,2.0,-2.0,1137032.206921234,Long Spread
2024-12-17,111.38053131103516,118.90892791748048,-1.5879376235857954,1,2.0,-2.0,1139915.3856321715,
2024-12-18,111.38053131103516,119.3903350830078,-1.283356141024858,1,2.0,-2.0,1140878.1999632262,
2024-12-19,111.38053131103516,118.90892791748048,-1.519506225906224,1,2.0,-2.0,1139915.3856321715,
2024-12-20,108.5,118.4275131225586,0.49200012082543115,0,2.0,-2.0,1144644.5415638732,Close
2024-12-23,110.90044403076172,119.87174987792967,-0.6784181289476755,0,2.0,-2.0,1144644.5415638732,
2024-12-24,109.94026947021484,118.90892791748048,-0.44332772306607726,0,2.0,-2.0,1144644.5415638732,
2024-12-25,110.90044403076172,119.3903350830078,-0.9625319164922571,0,2.0,-2.0,1144644.5415638732,
2024-12-26,109.94026947021484,119.3903350830078,-0.15401265231624664,0,2.0,-2.0,1144644.5415638732,
2024-12-27,109.94026947021484,119.87174987792967,0.13882707616170353,0,2.0,-2.0,1144644.5415638732,
2024-12-30,108.98008728027344,119.3903350830078,0.6515130843897077,0,2.0,-2.0,1144644.5415638732,
2024-12-31,108.98008728027344,118.90892791748048,0.3956441935705825,0,2.0,-2.0,1144644.5415638732,
2025-01-02,108.01991271972656,118.4275131225586,0.951866705507314,0,2.0,-2.0,1144644.5415638732,
2025-01-03,107.53982543945312,117.94609832763672,1.0588138303852286,0,2.0,-2.0,1144644.5415638732,
2025-01-06,108.5,118.90892791748048,0.8052840776493317,0,2.0,-2.0,1144644.5415638732,
2025-01-07,107.05973815917967,118.4275131225586,1.715950418087686,0,2.0,-2.0,1144644.5415638732,
2025-01-08,106.57965087890624,118.90892791748048,2.284444778683443,-1,2.0,-2.0,1144575.5220207213,Short Spread
2025-01-09,107.53982543945312,118.4275131225586,1.2170557054387448,-1,2.0,-2.0,1147458.7007316588,
2025-01-10,106.57965087890624,118.4275131225586,1.9158875338777441,-1,2.0,-2.0,1145538.351610565,
2025-01-13,107.05973815917967,118.4275131225586,1.4771589116259913,-1,2.0,-2.0,1146498.526171112,
2025-01-14,108.01991271972656,118.90892791748048,0.9691265375000261,-1,2.0,-2.0,1147456.045702362,
2025-01-15,106.57965087890624,118.90892791748048,1.9725745883254597,-1,2.0,-2.0,1144575.5220207213,
2025-01-16,106.57965087890624,119.3903350830078,2.102365891818783,-1,2.0,-2.0,1143612.7076896667,
2025-01-17,107.53982543945312,119.3903350830078,1.3620965787029713,-1,2.0,-2.0,1145533.0568107604,
2025-01-20,106.09955596923828,118.90892791748048,2.032543138909363,-1,2.0,-2.0,1143615.3322013854,
2025-01-21,106.57965087890624,118.90892791748048,1.6311223765015976,-1,2.0,-2.0,1144575.5220207213,
2025-01-22,105.61946868896484,119.87174987792967,2.54925051365296,-1,2.0,-2.0,1140729.51371994,
2025-02-03,107.05973815917967,120.8345718383789,1.983513576795608,-1,2.0,-2.0,1141684.4087394713,
2025-02-04,108.01991271972656,120.35316467285156,1.1151791044011277,-1,2.0,-2.0,1144567.5721916198,
2025-02-05,107.53982543945312,121.31598663330078,1.7693647222020792,-1,2.0,-2.0,1141681.7537101745,
2025-02-06,108.01991271972656,121.31598663330078,1.4202103744276808,-1,2.0,-2.0,1142641.9282707213,
2025-02-07,107.53982543945312,121.31598663330078,1.6586485372219542,-1,2.0,-2.0,1141681.7537101745,
2025-02-10,107.05973815917967,120.8345718383789,1.6706386894970833,-1,2.0,-2.0,1141684.4087394713,
2025-02-11,106.57965087890624,120.8345718383789,1.8660031431309172,-1,2.0,-2.0,1140724.2341789245,
2025-02-12,108.01991271972656,121.31598663330078,1.181126373167374,-1,2.0,-2.0,1142641.9282707213,
2025-02-13,107.53982543945312,120.8345718383789,1.2190249375461488,-1,2.0,-2.0,1142644.5833000182,
2025-02-14,108.01991271972656,120.8345718383789,0.9095247876368575,-1,2.0,-2.0,1143604.757860565,
2025-02-17,107.53982543945312,121.31598663330078,1.3377780124288177,-1,2.0,-2.0,1141681.7537101745,
2025-02-18,108.01991271972656,121.79740142822266,1.2167788077419595,-1,2.0,-2.0,1141679.0986808776,
2025-02-19,107.53982543945312,121.79740142822266,1.4516271736883541,-1,2.0,-2.0,1140718.9241203307,
2025-02-20,107.53982543945312,121.79740142822266,1.4123398977481023,-1,2.0,-2.0,1140718.9241203307,
2025-02-21,108.98008728027344,122.27881622314452,0.78340606551839,-1,2.0,-2.0,1142636.6182121276,
2025-02-24,108.98008728027344,122.27881622314452,0.7644521824008329,-1,2.0,-2.0,1142636.6182121276,
2025-02-25,108.98008728027344,121.79740142822266,0.5609789724218255,-1,2.0,-2.0,1143599.4478019713,
2025-02-26,108.98008728027344,122.76022338867188,0.9095154953959491,-1,2.0,-2.0,1141673.803881073,
2025-02-27,109.94026947021484,123.24163818359376,0.5466850504593352,-1,2.0,-2.0,1142631.338671112,
2025-03-03,111.8606185913086,123.72305297851562,-0.33118157535914855,0,2.0,-2.0,1145439.783976593,Close
2025-03-04,110.42035675048828,122.27881622314452,-0.12667617048769253,0,2.0,-2.0,1145439.783976593,
2025-03-05,110.42035675048828,122.76022338867188,0.05947031291937948,0,2.0,-2.0,1145439.783976593,
2025-03-06,111.8606185913086,123.24163818359376,-0.5629164656185186,0,2.0,-2.0,1145439.783976593,
2025-03-07,112.34070587158205,123.24163818359376,-0.8444579228214835,0,2.0,-2.0,1145439.783976593,
2025-03-10,111.8606185913086,123.24163818359376,-0.5624325804510261,0,2.0,-2.0,1145439.783976593,
2025-03-11,111.8606185913086,122.76022338867188,-0.7412101334849753,0,2.0,-2.0,1145439.783976593,
2025-03-12,112.34070587158205,123.24163818359376,-0.7959198202454668,0,2.0,-2.0,1145439.783976593,
2025-03-13,112.34070587158205,123.72305297851562,-0.5957422016890679,0,2.0,-2.0,1145439.783976593,
2025-03-14,112.34070587158205,123.72305297851562,-0.6002859604935901,0,2.0,-2.0,1145439.783976593,
2025-03-17,111.38053131103516,123.24163818359376,-0.2577951651800014,0,2.0,-2.0,1145439.783976593,
2025-03-18,112.34070587158205,124.20446014404295,-0.42344637583628253,0,2.0,-2.0,1145439.783976593,
2025-03-19,111.8606185913086,123.72305297851562,-0.3575241961060581,0,2.0,-2.0,1145439.783976593,
2025-03-20,112.82080078125,124.20446014404295,-0.7243195543242721,0,2.0,-2.0,1145439.783976593,
2025-03-21,113.78097534179688,125.16728973388672,-0.9761199147965114,0,2.0,-2.0,1145439.783976593,
2025-03-24,113.78097534179688,124.20446014404295,-1.4491516433726181,0,2.0,-2.0,1145439.783976593,
2025-03-25,112.34070587158205,124.20446014404295,-0.5878100377993262,0,2.0,-2.0,1145439.783976593,
2025-03-26,113.30088806152344,124.20446014404295,-1.2851063411735097,0,2.0,-2.0,1145439.783976593,
2025-03-27,113.30088806152344,125.16728973388672,-0.8189578057322938,0,2.0,-2.0,1145439.783976593,
2025-03-28,112.82080078125,125.16728973388672,-0.5263044523675366,0,2.0,-2.0,1145439.783976593,
2025-03-31,111.8606185913086,123.72305297851562,-0.6031444365787249,0,2.0,-2.0,1145439.783976593,
2025-04-01,111.38053131103516,125.16728973388672,0.4430825670961853,0,2.0,-2.0,1145439.783976593,
2025-04-02,111.38053131103516,125.16728973388672,0.41809230921890816,0,2.0,-2.0,1145439.783976593,
2025-04-07,108.5,119.3903350830078,-0.5305520531619229,0,2.0,-2.0,1145439.783976593,
2025-04-08,108.5,122.27881622314452,1.0048558496158808,0,2.0,-2.0,1145439.783976593,
2025-04-09,110.42035675048828,121.31598663330078,-0.987811725244806,0,2.0,-2.0,1145439.783976593,
2025-04-10,114.26106262207033,122.27881622314452,-3.0832802597488485,1,2.0,-2.0,1145370.3223814392,Long Spread
2025-04-11,112.34070587158205,123.72305297851562,-0.9974369559379538,1,2.0,-2.0,1152099.509393158,
2025-04-14,110.42035675048828,122.76022338867188,-0.14532915959439138,1,2.0,-2.0,1154014.548455658,
2025-04-15,109.94026947021484,124.20446014404295,0.8915471564500114,0,2.0,-2.0,1157793.8307377624,Close
2025-04-16,113.30088806152344,123.72305297851562,-1.6165012498415319,0,2.0,-2.0,1157793.8307377624,
2025-04-17,109.94026947021484,123.24163818359376,0.43150204009284404,0,2.0,-2.0,1157793.8307377624,
2025-04-18,108.98008728027344,123.24163818359376,1.0654132432090604,0,2.0,-2.0,1157793.8307377624,
2025-04-21,108.98008728027344,122.27881622314452,0.5910006614231224,0,2.0,-2.0,1157793.8307377624,
2025-04-22,108.5,123.24163818359376,1.3283454573455686,0,2.0,-2.0,1157793.8307377624,
2025-04-23,109.94026947021484,122.76022338867188,0.1506905417714296,0,2.0,-2.0,1157793.8307377624,
2025-04-24,109.4601821899414,122.27881622314452,0.25260584423441257,0,2.0,-2.0,1157793.8307377624,
2025-04-25,108.5,121.79740142822266,0.6552890891082656,0,2.0,-2.0,1157793.8307377624,
2025-04-28,108.01991271972656,123.24163818359376,1.6216698017091657,0,2.0,-2.0,1157793.8307377624,
2025-04-29,108.5,124.20446014404295,1.6968576366801233,0,2.0,-2.0,1157793.8307377624,
2025-04-30,108.98008728027344,124.68587493896484,1.6061874754558727,0,2.0,-2.0,1157793.8307377624,
2025-05-02,108.98008728027344,123.72305297851562,1.1637000084277564,0,2.0,-2.0,1157793.8307377624,
2025-05-05,109.94026947021484,124.68587493896484,0.9681112629862436,0,2.0,-2.0,1157793.8307377624,
2025-05-06,110.42035675048828,125.16728973388672,0.8835955110948753,0,2.0,-2.0,1157793.8307377624,
2025-05-07,110.90044403076172,126.13011169433594,1.0033677312834988,0,2.0,-2.0,1157793.8307377624,
2025-05-08,108.98008728027344,124.68587493896484,1.5378686799741246,0,2.0,-2.0,1157793.8307377624,
2025-05-09,108.98008728027344,126.13011169433594,2.096281364382081,-1,2.0,-2.0,1157724.4263298034,Short Spread
2025-05-12,109.94026947021484,126.13011169433594,1.5016549468744957,-1,2.0,-2.0,1159644.7907096862,
2025-05-13,108.98008728027344,125.16728973388672,1.6166509185507691,-1,2.0,-2.0,1159650.0702507019,
2025-05-14,108.5,124.68587493896484,1.6464514605041267,-1,2.0,-2.0,1159652.7252799987,
2025-05-15,109.94026947021484,126.13011169433594,1.3688497439276937,-1,2.0,-2.0,1159644.7907096862,
2025-05-16,109.4601821899414,126.13011169433594,1.6002270012935607,-1,2.0,-2.0,1158684.6161491394,
2025-05-19,109.4601821899414,126.13011169433594,1.5576042030984598,-1,2.0,-2.0,1158684.6161491394,
2025-05-20,110.42035675048828,126.6115264892578,1.2062357597808406,-1,2.0,-2.0,1159642.1356803894,
2025-05-21,110.90044403076172,127.57434844970705,1.3017219974509284,-1,2.0,-2.0,1158676.6663200378,
2025-05-22,111.8606185913086,128.05577087402344,0.948449310554402,-1,2.0,-2.0,1159634.1705924987,
2025-05-23,112.34070587158205,128.05577087402344,0.6804855089011947,-1,2.0,-2.0,1160594.3451530456,
2025-05-26,112.34070587158205,128.05577087402344,0.6681432068157379,-1,2.0,-2.0,1160594.3451530456,
2025-05-27,111.38053131103516,126.6115264892578,0.6276797899454059,-1,2.0,-2.0,1161562.484801483,
2025-05-28,111.38053131103516,127.09294128417967,0.7950384272304103,-1,2.0,-2.0,1160599.6552116394,
2025-05-29,109.4601821899414,124.68587493896484,0.8759809555634491,-1,2.0,-2.0,1161573.0896598815,
2025-06-02,108.98008728027344,126.6115264892578,1.7729101169356236,-1,2.0,-2.0,1156761.5967399597,
2025-06-03,108.01991271972656,125.16728973388672,1.6633919232497016,-1,2.0,-2.0,1157729.721129608,
2025-06-04,108.01991271972656,124.68587493896484,1.4348490250518389,-1,2.0,-2.0,1158692.5507194519,
2025-06-05,109.4601821899414,125.16728973388672,0.8558898735788406,-1,2.0,-2.0,1160610.2600700378,
2025-06-06,109.94026947021484,125.16728973388672,0.5899391222026763,-1,2.0,-2.0,1161570.4346305847,
2025-06-09,109.94026947021484,127.57434844970705,1.4093050784763772,-1,2.0,-2.0,1156756.317198944,
2025-06-10,110.90044403076172,128.05577087402344,1.0628525393124468,-1,2.0,-2.0,1157713.821471405,
2025-06-11,111.38053131103516,128.05577087402344,0.7904705749105521,-1,2.0,-2.0,1158673.9960319519,
2025-06-12,110.90044403076172,129.01858520507812,1.3421719086744295,-1,2.0,-2.0,1155788.1928092956,
2025-06-13,111.38053131103516,129.98141479492188,1.394966602948088,-1,2.0,-2.0,1154822.708190155,
2025-06-16,112.34070587158205,130.94424438476562,1.2138680114807154,-1,2.0,-2.0,1154817.3981315612,
2025-06-17,111.8606185913086,131.4256591796875,1.5694685911249238,-1,2.0,-2.0,1152894.3939811706,
2025-06-18,113.78097534179688,131.9070587158203,0.7492710661209483,-1,2.0,-2.0,1155772.3084098815,
2025-06-19,112.82080078125,131.4256591796875,1.0350143618200798,-1,2.0,-2.0,1154814.7583610534,
2025-06-20,112.82080078125,131.4256591796875,1.0139655655641246,-1,2.0,-2.0,1154814.7583610534,
2025-06-23,111.8606185913086,131.4256591796875,1.4780919875252967,-1,2.0,-2.0,1152894.3939811706,
2025-06-24,108.01991271972656,130.46282958984375,2.9490333299875258,-1,2.0,-2.0,1147138.641417694,
2025-06-25,111.38053131103516,131.9070587158203,1.6957058984372446,-1,2.0,-2.0,1150971.420348358,
2025-06-26,109.4601821899414,131.9070587158203,2.5133292219401833,-1,2.0,-2.0,1147130.7221061706,
2025-06-27,111.38053131103516,131.4256591796875,1.3542339472935105,-1,2.0,-2.0,1151934.2194206237,
2025-06-30,110.42035675048828,129.98141479492188,1.2742476840171983,-1,2.0,-2.0,1152902.3590690612,
2025-07-01,109.94026947021484,129.98141479492188,1.4533826234691567,-1,2.0,-2.0,1151942.1845085144,
2025-07-02,109.94026947021484,129.5,1.2481643594943717,-1,2.0,-2.0,1152905.014098358,
2025-07-03,111.38053131103516,131.0,1.0319328052164418,-1,2.0,-2.0,1152785.5377799987,
2025-07-04,111.8606185913086,130.5,0.6002797079440908,-1,2.0,-2.0,1154745.7123405456,
2025-07-07,108.5,130.0,2.171469459038493,-1,2.0,-2.0,1149024.4751579284,
2025-07-08,108.5,129.0,1.7554103115724955,-1,2.0,-2.0,1151024.4751579284,
2025-07-09,106.5,128.0,2.343186420140102,-1,2.0,-2.0,1149024.4751579284,
2025-07-10,107.0,130.0,2.629078271915116,-1,2.0,-2.0,1146024.4751579284,
2025-07-11,107.0,130.5,2.7368969385800304,-1,2.0,-2.0,1145024.4751579284,
2025-07-14,108.0,130.5,2.1141633065459287,-1,2.0,-2.0,1147024.4751579284,
2025-07-15,107.0,129.5,2.1346768914534975,-1,2.0,-2.0,1147024.4751579284,
2025-07-16,106.5,130.5,2.544505395098443,-1,2.0,-2.0,1144024.4751579284,
2025-07-17,106.5,130.5,2.377566655507777,-1,2.0,-2.0,1144024.4751579284,
2025-07-18,106.0,129.0,2.0333978767270864,-1,2.0,-2.0,1146024.4751579284,
2025-07-21,106.5,129.0,1.748498228499884,-1,2.0,-2.0,1147024.4751579284,
2025-07-22,106.0,130.5,2.2980651480315473,-1,2.0,-2.0,1143024.4751579284,
2025-07-23,107.0,130.0,1.6499121170393747,-1,2.0,-2.0,1146024.4751579284,
2025-07-24,107.0,129.5,1.4446485094409816,-1,2.0,-2.0,1147024.4751579284,
2025-07-25,105.5,129.0,1.8241563120078037,-1,2.0,-2.0,1145024.4751579284,
2025-07-28,106.0,129.5,1.6930299046102686,-1,2.0,-2.0,1145024.4751579284,
2025-07-29,106.0,129.0,1.496334136791297,-1,2.0,-2.0,1146024.4751579284,
2025-07-30,107.5,129.5,1.015178895712123,-1,2.0,-2.0,1148024.4751579284,
2025-07-31,105.5,129.0,1.600137503657948,-1,2.0,-2.0,1145024.4751579284,
2025-08-01,105.5,129.0,1.5376457934156418,-1,2.0,-2.0,1145024.4751579284,
2025-08-04,107.0,131.0,1.4506523783268988,-1,2.0,-2.0,1144024.4751579284,
2025-08-05,106.5,132.0,1.8235110593126262,-1,2.0,-2.0,1141024.4751579284,
2025-08-06,107.0,132.5,1.694171794563029,-1,2.0,-2.0,1141024.4751579284,
2025-08-07,106.5,132.5,1.791379876976267,-1,2.0,-2.0,1140024.4751579284,
2025-08-08,107.5,134.0,1.7378878754535247,-1,2.0,-2.0,1139024.4751579284,
2025-08-11,106.5,134.5,2.0937129950902014,-1,2.0,-2.0,1136024.4751579284,
2025-08-12,107.0,135.0,1.9437647244176934,-1,2.0,-2.0,1136024.4751579284,
2025-08-13,106.5,134.5,1.900014847886248,-1,2.0,-2.0,1136024.4751579284,
2025-08-14,106.0,134.5,1.9629838589563,-1,2.0,-2.0,1135024.4751579284,
2025-08-15,107.0,135.0,1.6910695245959817,-1,2.0,-2.0,1136024.4751579284,
2025-08-18,108.5,137.0,1.6104453162858137,-1,2.0,-2.0,1135024.4751579284,
2025-08-19,108.0,138.0,1.9112554196620326,-1,2.0,-2.0,1132024.4751579284,
2025-08-20,108.0,136.5,1.5312657163405476,-1,2.0,-2.0,1135024.4751579284,
2025-08-21,108.5,137.5,1.5465654830680202,-1,2.0,-2.0,1134024.4751579284,
2025-08-22,108.0,136.0,1.329265791078894,-1,2.0,-2.0,1136024.4751579284,
2025-08-25,107.0,135.5,1.4749377508337458,-1,2.0,-2.0,1135024.4751579284,
2025-08-26,106.5,133.5,1.148143506044983,-1,2.0,-2.0,1138024.4751579284,
2025-08-27,106.0,134.0,1.3670172845959458,-1,2.0,-2.0,1136024.4751579284,
2025-08-28,106.0,133.0,1.1139974429939559,-1,2.0,-2.0,1138024.4751579284,
2025-08-29,106.5,132.5,0.8196695853930879,-1,2.0,-2.0,1140024.4751579284,
2025-09-01,106.5,134.0,1.1292804794766154,-1,2.0,-2.0,1137024.4751579284,
2025-09-02,107.0,135.0,1.1654283543716981,-1,2.0,-2.0,1136024.4751579284,
2025-09-03,106.5,134.0,1.0692694528004474,-1,2.0,-2.0,1137024.4751579284,
2025-09-04,106.5,135.0,1.2717677660710751,-1,2.0,-2.0,1135024.4751579284,
2025-09-05,106.0,134.5,1.282646704611881,-1,2.0,-2.0,1135024.4751579284,
2025-09-08,107.0,134.5,0.9128372245349936,-1,2.0,-2.0,1137024.4751579284,
2025-09-09,107.5,135.5,0.957311829985685,-1,2.0,-2.0,1136024.4751579284,
2025-09-10,107.0,135.5,1.1144303410873113,-1,2.0,-2.0,1135024.4751579284,
2025-09-11,106.5,134.5,1.0146725887554358,-1,2.0,-2.0,1136024.4751579284,
2025-09-12,107.5,135.5,0.8860699554887991,-1,2.0,-2.0,1136024.4751579284,
2025-09-15,107.0,135.0,0.9184326733599962,-1,2.0,-2.0,1136024.4751579284,
2025-09-16,106.5,134.0,0.8060222826645215,-1,2.0,-2.0,1137024.4751579284,
2025-09-17,106.0,134.5,1.1198080773980148,-1,2.0,-2.0,1135024.4751579284,
2025-09-18,106.5,134.0,0.7433262816885724,-1,2.0,-2.0,1137024.4751579284,
2025-09-19,105.5,134.0,1.1290559384533678,-1,2.0,-2.0,1135024.4751579284,
2025-09-22,106.0,133.5,0.7469545477730392,-1,2.0,-2.0,1137024.4751579284,
2025-09-23,106.0,133.5,0.7240570623463137,-1,2.0,-2.0,1137024.4751579284,
2025-09-24,106.5,134.5,0.8015958962066143,-1,2.0,-2.0,1136024.4751579284,
2025-09-25,106.0,133.5,0.686481761091802,-1,2.0,-2.0,1137024.4751579284,
2025-09-26,107.0,134.5,0.5293651728596688,-1,2.0,-2.0,1137024.4751579284,
2025-09-30,109.0,133.5,-1.029471281979458,0,2.0,-2.0,1142954.7751579285,Close
2025-10-01,108.5,134.5,-0.39446452870596604,0,2.0,-2.0,1142954.7751579285,
2025-10-02,108.5,133.0,-1.087604855763905,0,2.0,-2.0,1142954.7751579285,
2025-10-03,109.0,133.0,-1.404182467994172,0,2.0,-2.0,1142954.7751579285,
2025-10-07,110.0,133.0,-1.9757134410694628,0,2.0,-2.0,1142954.7751579285,
2025-10-08,110.5,133.5,-2.0452485459537137,1,2.0,-2.0,1142885.0151579285,Long Spread
2025-10-09,110.5,133.0,-2.207264623406214,1,2.0,-2.0,1141885.0151579285,
2025-10-13,110.5,132.5,-2.297900260184783,1,2.0,-2.0,1140885.0151579285,
2025-10-14,110.5,132.5,-2.190131649075866,1,2.0,-2.0,1140885.0151579285,
2025-10-15,109.0,131.5,-1.7167214951528684,1,2.0,-2.0,1141885.0151579285,
2025-10-16,110.0,132.0,-2.0118045867360466,1,2.0,-2.0,1140885.0151579285,
2025-10-17,111.5,133.0,-2.2909369694601778,1,2.0,-2.0,1139885.0151579285,
2025-10-20,111.5,133.0,-2.1970019615673992,1,2.0,-2.0,1139885.0151579285,
2025-10-21,111.0,133.0,-1.9016489327334516,1,2.0,-2.0,1140885.0151579285,
2025-10-22,112.0,133.5,-2.107373413688286,1,2.0,-2.0,1139885.0151579285,
2025-10-23,112.5,134.0,-2.074919507306985,1,2.0,-2.0,1139885.0151579285,
2025-10-27,111.0,132.0,-1.9608542804976745,1,2.0,-2.0,1138885.0151579285,
2025-10-28,111.5,132.0,-2.10517543458182,1,2.0,-2.0,1137885.0151579285,
2025-10-29,111.0,132.0,-1.8186090416755494,1,2.0,-2.0,1138885.0151579285,
2025-10-30,110.0,131.5,-1.506171300755447,1,2.0,-2.0,1139885.0151579285,
2025-10-31,109.5,131.0,-1.4085199522432585,1,2.0,-2.0,1139885.0151579285,
2025-11-03,110.5,131.5,-1.6000373153523113,1,2.0,-2.0,1138885.0151579285,
2025-11-04,110.5,131.0,-1.6677167943170554,1,2.0,-2.0,1137885.0151579285,
2025-11-05,109.5,132.0,-0.9871623740243196,1,2.0,-2.0,1141885.0151579285,
2025-11-06,110.0,131.5,-1.2665541048053264,1,2.0,-2.0,1139885.0151579285,
2025-11-07,111.0,132.5,-1.3247082804535544,1,2.0,-2.0,1139885.0151579285,
2025-11-10,110.5,133.0,-0.975904455935245,1,2.0,-2.0,1141885.0151579285,
2025-11-11,110.0,132.0,-1.0193016688839107,1,2.0,-2.0,1140885.0151579285,
2025-11-12,111.0,132.0,-1.3383882794031594,1,2.0,-2.0,1138885.0151579285,
2025-11-13,108.5,131.5,-0.5328003780386869,1,2.0,-2.0,1142885.0151579285,
2025-11-14,108.5,131.5,-0.5113110726345146,1,2.0,-2.0,1142885.0151579285,
2025-11-17,108.0,132.0,-0.1719887809748286,1,2.0,-2.0,1144885.0151579285,
2025-11-18,107.0,131.0,-0.046086110424027577,1,2.0,-2.0,1144885.0151579285,
2025-11-19,106.5,130.5,0.02759539101590614,0,2.0,-2.0,1144815.5351579285,Close
2025-11-20,108.0,132.0,-0.12066712372455318,0,2.0,-2.0,1144815.5351579285,
2025-11-21,107.0,131.5,0.1480936014691172,0,2.0,-2.0,1144815.5351579285,
2025-11-24,108.0,132.0,-0.08756596320319336,0,2.0,-2.0,1144815.5351579285,
2025-11-25,107.5,131.0,-0.14913675565950546,0,2.0,-2.0,1144815.5351579285,
2025-11-26,109.0,131.0,-0.72156780412651,0,2.0,-2.0,1144815.5351579285,
2025-11-27,108.5,131.0,-0.501721921072901,0,2.0,-2.0,1144815.5351579285,
2025-11-28,108.0,130.5,-0.4213884916726777,0,2.0,-2.0,1144815.5351579285,
2025-12-01,107.0,130.0,-0.1378573469048055,0,2.0,-2.0,1144815.5351579285,
2025-12-02,106.5,130.0,0.08870638426103349,0,2.0,-2.0,1144815.5351579285,
2025-12-03,106.0,130.0,0.32532764909432293,0,2.0,-2.0,1144815.5351579285,
2025-12-04,105.5,129.5,0.4182433300010971,0,2.0,-2.0,1144815.5351579285,
2025-12-05,105.0,130.0,0.8080656457349559,0,2.0,-2.0,1144815.5351579285,
2025-12-08,105.0,129.5,0.6736986313151239,0,2.0,-2.0,1144815.5351579285,
2025-12-09,104.5,130.0,1.0826580295624983,0,2.0,-2.0,1144815.5351579285,
2025-12-10,104.5,129.5,0.9477135315810866,0,2.0,-2.0,1144815.5351579285,
2025-12-11,106.0,130.0,0.44775676409257653,0,2.0,-2.0,1144815.5351579285,
2025-12-12,105.5,130.5,0.8778841470384311,0,2.0,-2.0,1144815.5351579285,
2025-12-15,105.0,130.5,1.1370057287496385,0,2.0,-2.0,1144815.5351579285,
2025-12-16,105.0,130.5,1.1806106039065138,0,2.0,-2.0,1144815.5351579285,
2025-12-17,104.5,129.5,1.1011216484328814,0,2.0,-2.0,1144815.5351579285,
2025-12-18,104.5,130.0,1.332410718082892,0,2.0,-2.0,1144815.5351579285,
2025-12-19,106.0,131.0,0.9618717169030504,0,2.0,-2.0,1144815.5351579285,
2025-12-22,107.0,130.5,0.2824072580325088,0,2.0,-2.0,1144815.5351579285,
2025-12-23,106.5,130.5,0.602320732515778,0,2.0,-2.0,1144815.5351579285,
2025-12-24,108.5,130.5,-0.5025181503438535,0,2.0,-2.0,1144815.5351579285,
2025-12-26,111.5,131.5,-1.795411283615503,0,2.0,-2.0,1144815.5351579285,
2025-12-29,109.5,132.0,-0.3864380448219992,0,2.0,-2.0,1144815.5351579285,
2025-12-30,110.5,131.0,-1.3531451652096154,0,2.0,-2.0,1144815.5351579285,
2025-12-31,108.5,130.5,-0.3648867953366672,0,2.0,-2.0,1144815.5351579285,
2026-01-02,108.0,132.0,0.5606664411767559,0,2.0,-2.0,1144815.5351579285,
2026-01-05,107.0,133.0,1.5139562444623467,0,2.0,-2.0,1144815.5351579285,
2026-01-06,107.0,132.5,1.263769877746738,0,2.0,-2.0,1144815.5351579285,
2026-01-07,107.0,133.0,1.4128201446370772,0,2.0,-2.0,1144815.5351579285,
2026-01-08,107.0,133.5,1.5489046371375077,0,2.0,-2.0,1144815.5351579285,
2026-01-09,107.5,133.5,1.2274291421980956,0,2.0,-2.0,1144815.5351579285,
2026-01-12,107.5,133.5,1.1874114428571103,0,2.0,-2.0,1144815.5351579285,
2026-01-13,107.0,133.5,1.405396401470138,0,2.0,-2.0,1144815.5351579285,
2026-01-14,107.5,133.0,0.9139281846186035,0,2.0,-2.0,1144815.5351579285,
2026-01-15,108.0,133.5,0.8076410272103892,0,2.0,-2.0,1144815.5351579285,
2026-01-16,108.0,133.0,0.5898214117196463,0,2.0,-2.0,1144815.5351579285,
2026-01-19,108.5,134.0,0.6798807647322286,0,2.0,-2.0,1144815.5351579285,
2026-01-20,107.5,133.0,0.8127130926009077,0,2.0,-2.0,1144815.5351579285,
2026-01-21,107.5,133.0,0.7857286089487415,0,2.0,-2.0,1144815.5351579285,
2026-01-22,107.5,133.0,0.7615010997562032,0,2.0,-2.0,1144815.5351579285,
2026-01-23,107.5,134.0,1.1500218682544852,0,2.0,-2.0,1144815.5351579285,
2026-01-26,107.5,134.0,1.1147326085847205,0,2.0,-2.0,1144815.5351579285,
2026-01-27,106.5,133.0,1.2478198447954392,0,2.0,-2.0,1144815.5351579285,
2026-01-28,106.0,133.5,1.7115527027144213,0,2.0,-2.0,1144815.5351579285,
2026-01-29,105.5,133.5,1.9568509096547753,0,2.0,-2.0,1144815.5351579285,
2026-01-30,105.5,133.5,1.86798883845841,0,2.0,-2.0,1144815.5351579285,
2026-02-02,105.0,133.0,1.8810779846255565,0,2.0,-2.0,1144815.5351579285,
2026-02-03,105.0,133.5,2.0171971093254295,-1,2.0,-2.0,1144745.9951579284,Short Spread
2026-02-04,104.5,133.0,2.007573729079575,-1,2.0,-2.0,1144745.9951579284,
2026-02-05,105.0,132.5,1.4638082609645058,-1,2.0,-2.0,1146745.9951579284,
2026-02-06,105.5,133.0,1.3585132205260635,-1,2.0,-2.0,1146745.9951579284,
2026-02-09,105.0,132.0,1.1901246720871577,-1,2.0,-2.0,1147745.9951579284,
2026-02-10,105.5,132.5,1.0677684571439672,-1,2.0,-2.0,1147745.9951579284,
2026-02-11,106.5,133.0,0.6590209308981405,-1,2.0,-2.0,1148745.9951579284,
2026-02-23,107.5,135.0,0.8856248915123518,-1,2.0,-2.0,1146745.9951579284,
2026-02-24,108.0,135.5,0.7762639780181674,-1,2.0,-2.0,1146745.9951579284,
2026-02-25,108.5,136.0,0.6675564836479393,-1,2.0,-2.0,1146745.9951579284,
2026-02-26,107.5,134.0,0.40246014487539106,-1,2.0,-2.0,1148745.9951579284,
2026-03-02,108.5,138.0,1.4448076097297573,-1,2.0,-2.0,1142745.9951579284,
2026-03-03,108.5,138.0,1.3917777989004294,-1,2.0,-2.0,1142745.9951579284,
2026-03-04,108.0,135.5,0.6227731689212954,-1,2.0,-2.0,1146745.9951579284,
2026-03-05,107.5,137.0,1.508176374259477,-1,2.0,-2.0,1142745.9951579284,
2026-03-06,108.0,136.5,0.966973859844963,-1,2.0,-2.0,1144745.9951579284,
2026-03-09,107.5,136.0,1.0203350074209847,-1,2.0,-2.0,1144745.9951579284,
2026-03-10,106.5,135.0,1.1553615765320835,-1,2.0,-2.0,1144745.9951579284,
2026-03-11,106.0,135.5,1.6043218178526648,-1,2.0,-2.0,1142745.9951579284,
2026-03-12,106.0,136.0,1.7345059541055357,-1,2.0,-2.0,1141745.9951579284,
2026-03-13,106.5,136.0,1.393585347334074,-1,2.0,-2.0,1142745.9951579284,
2026-03-16,108.0,136.5,0.7188079291448433,-1,2.0,-2.0,1144745.9951579284,
2026-03-17,109.5,137.0,0.06738503490943426,-1,2.0,-2.0,1146745.9951579284,
2026-03-18,110.0,137.5,-0.016521982063597878,0,2.0,-2.0,1146676.0951579285,Close
2026-03-19,109.5,135.5,-0.5480762966620267,0,2.0,-2.0,1146676.0951579285,
2026-03-20,109.0,134.0,-0.8579128387168974,0,2.0,-2.0,1146676.0951579285,
2026-03-23,109.0,134.0,-0.8385064927044168,0,2.0,-2.0,1146676.0951579285,
2026-03-24,109.5,134.0,-1.09049967635575,0,2.0,-2.0,1146676.0951579285,
2026-03-25,109.0,135.0,-0.40747978708113525,0,2.0,-2.0,1146676.0951579285,
2026-03-26,109.0,134.5,-0.5922656675119862,0,2.0,-2.0,1146676.0951579285,
2026-03-27,109.5,134.0,-1.0465965798507957,0,2.0,-2.0,1146676.0951579285,
2026-03-30,109.0,134.0,-0.7786432493801819,0,2.0,-2.0,1146676.0951579285,
2026-03-31,109.0,133.0,-1.158623100793152,0,2.0,-2.0,1146676.0951579285,
2026-04-01,109.5,134.0,-1.0778447683366883,0,2.0,-2.0,1146676.0951579285,
2026-04-02,109.5,134.0,-1.2111986044359853,0,2.0,-2.0,1146676.0951579285,
2026-04-07,109.5,134.0,-1.256725938476634,0,2.0,-2.0,1146676.0951579285,
2026-04-08,109.5,134.0,-1.3988048076857724,0,2.0,-2.0,1146676.0951579285,
2026-04-09,110.0,135.0,-1.3228509215018007,0,2.0,-2.0,1146676.0951579285,
2026-04-10,110.0,135.5,-1.085437262120161,0,2.0,-2.0,1146676.0951579285,
2026-04-13,110.0,134.5,-1.537003248509557,0,2.0,-2.0,1146676.0951579285,
2026-04-14,110.0,135.0,-1.2594317912895399,0,2.0,-2.0,1146676.0951579285,
2026-04-15,110.0,135.5,-0.9922292493250665,0,2.0,-2.0,1146676.0951579285,
2026-04-16,110.0,136.5,-0.4955389119667624,0,2.0,-2.0,1146676.0951579285,
2026-04-17,112.5,137.5,-1.6497693327817775,0,2.0,-2.0,1146676.0951579285,
