Date,Price1,Price2,Indicator,Position,Upper,Lower,Equity,Action
2013-03-08,57.14392852783203,55.832786560058594,-0.2640819839812482,0,1.5,-1.5,1000000.0,
2013-03-11,57.14392852783203,55.65130233764648,-0.47974884177297794,0,1.5,-1.5,1000000.0,
2013-03-12,56.87050247192383,56.01424407958984,0.5522178978271866,0,1.5,-1.5,1000000.0,
2013-03-13,57.41734313964844,56.0747299194336,-0.3733747737938432,0,1.5,-1.5,1000000.0,
2013-03-14,56.59709548950195,55.89326858520508,1.0031406067839002,0,1.5,-1.5,1000000.0,
2013-03-15,57.14392852783203,56.25621032714844,0.3941350654455076,0,1.5,-1.5,1000000.0,
2013-03-18,56.323673248291016,55.832786560058594,1.3692126764708614,0,1.5,-1.5,1000000.0,
2013-03-19,55.77684020996094,55.832786560058594,2.2254894743396347,-1,1.5,-1.5,999935.5356149292,Short Spread
2013-03-20,55.230018615722656,55.65130233764648,2.669518183354855,-1,1.5,-1.5,999204.8608712768,
2013-03-21,54.95660400390625,55.65130233764648,2.741625899822736,-1,1.5,-1.5,998658.031647644,
2013-03-22,54.95660400390625,55.65130233764648,2.484606147064571,-1,1.5,-1.5,998658.031647644,
2013-03-25,55.230018615722656,55.7117919921875,1.9997427235965513,-1,1.5,-1.5,999083.8815621948,
2013-03-26,55.77684020996094,55.77228164672852,1.2785309082764105,-1,1.5,-1.5,1000056.5454415893,
2013-03-27,55.230018615722656,55.7117919921875,1.7921644165805337,-1,1.5,-1.5,999083.8815621948,
2013-03-28,55.230018615722656,55.77228164672852,1.7335134323046166,-1,1.5,-1.5,998962.9022531128,
2013-03-29,55.5034294128418,56.13523864746094,1.6258563235047767,-1,1.5,-1.5,998783.8098458862,
2013-04-01,56.323673248291016,56.25621032714844,0.7009017070722039,-1,1.5,-1.5,1000182.3541574096,
2013-04-02,56.87050247192383,56.31669998168945,0.03035449220029612,-1,1.5,-1.5,1001155.0332955932,
2013-04-03,55.77684020996094,56.31669998168945,1.3796559752407147,-1,1.5,-1.5,998967.7087716674,
2013-04-08,55.5034294128418,55.832786560058594,1.2307668273393422,-1,1.5,-1.5,999388.7140206909,
2013-04-09,54.95660400390625,55.832786560058594,1.8265322152501209,-1,1.5,-1.5,998295.0632028198,
2013-04-10,53.972293853759766,55.832786560058594,2.734940187158869,-1,1.5,-1.5,996326.4429025268,
2013-04-11,54.57381820678711,56.19571304321289,2.1299409363134507,-1,1.5,-1.5,996803.6386422729,
2013-04-12,54.95660400390625,56.37718963623047,1.7259367117330247,-1,1.5,-1.5,997206.257050476,
2013-04-15,55.77684020996094,56.43768310546875,0.857495553867589,-1,1.5,-1.5,998725.7425241088,
2013-04-16,56.323673248291016,56.61914825439453,0.38097547966109097,-1,1.5,-1.5,999456.4783029174,
2013-04-17,56.323673248291016,56.61914825439453,0.3690058719440002,-1,1.5,-1.5,999456.4783029174,
2013-04-18,55.77684020996094,56.37718963623047,0.7348744048139877,-1,1.5,-1.5,998846.7294625854,
2013-04-19,56.87050247192383,56.61914825439453,-0.28852181081189887,0,1.5,-1.5,1000485.597164154,Close
2013-04-22,56.87050247192383,56.74013519287109,-0.21078759032011896,0,1.5,-1.5,1000485.597164154,
2013-04-23,57.14392852783203,56.80063247680664,-0.4627222332715607,0,1.5,-1.5,1000485.597164154,
2013-04-24,56.87050247192383,56.74013519287109,-0.20936223882868207,0,1.5,-1.5,1000485.597164154,
2013-04-25,56.87050247192383,56.74013519287109,-0.22876575603300972,0,1.5,-1.5,1000485.597164154,
2013-04-26,56.87050247192383,56.92159652709961,-0.12066093377242398,0,1.5,-1.5,1000485.597164154,
2013-04-29,58.23759078979492,57.16355895996094,-1.446941954234044,0,1.5,-1.5,1000485.597164154,
2013-04-30,58.784423828125,56.74013519287109,-2.2126500117725336,1,1.5,-1.5,1000420.9761817933,Long Spread
2013-05-02,59.33125686645508,57.46601104736328,-2.1188550709473173,1,1.5,-1.5,1000779.0618141175,
2013-05-03,60.15150451660156,57.587005615234375,-2.593996107485746,1,1.5,-1.5,999380.5556495667,
2013-05-06,59.87808227539063,57.52650833129883,-2.2106569690867897,1,1.5,-1.5,999806.4055641175,
2013-05-07,59.05783462524414,57.52650833129883,-1.4695945679175852,1,1.5,-1.5,1001446.9008644104,
2013-05-08,59.87808227539063,57.889442443847656,-1.859148799516398,1,1.5,-1.5,1000532.2737892151,
2013-05-09,60.15150451660156,58.0709342956543,-1.8803498655422013,1,1.5,-1.5,1000348.4130104065,
2013-05-10,60.15150451660156,58.0709342956543,-1.770101179453159,1,1.5,-1.5,1000348.4130104065,
2013-05-13,60.15150451660156,58.01043701171875,-1.7195610060336302,1,1.5,-1.5,1000227.4184425354,
2013-05-14,60.15150451660156,58.0709342956543,-1.5943431313224408,1,1.5,-1.5,1000348.4130104065,
2013-05-15,64.25274658203125,58.79681396484375,-3.4152165895065405,1,1.5,-1.5,993597.6882179261,
2013-05-16,63.97933197021485,58.97828674316406,-2.7629808412961254,1,1.5,-1.5,994507.4629981995,
2013-05-17,63.15908050537109,58.97828674316406,-2.1192225134954605,1,1.5,-1.5,996147.965927887,
2013-05-20,62.612247467041016,58.97828674316406,-1.7183037407375816,1,1.5,-1.5,997241.6320045472,
2013-05-21,62.33883666992188,59.34122085571289,-1.3771485778396226,1,1.5,-1.5,998514.3218238831,
2013-05-22,62.06541061401367,59.4017219543457,-1.1623091103163439,1,1.5,-1.5,999182.1761329651,
2013-05-23,62.06541061401367,59.03877258300781,-1.2205016273483673,1,1.5,-1.5,998456.2773902894,
2013-05-24,61.7920036315918,58.373382568359375,-1.2474490562453124,1,1.5,-1.5,997672.3113258362,
2013-05-27,62.33883666992188,58.67584228515625,-1.328414048813624,1,1.5,-1.5,997183.5646827698,
2013-05-28,62.88565826416016,58.67584228515625,-1.4922006918823916,1,1.5,-1.5,996089.9214942933,
2013-05-29,63.15908050537109,58.736328125,-1.5066611956172726,1,1.5,-1.5,995664.0486915589,
2013-05-30,59.87808227539063,57.8289680480957,-0.29883111451832917,1,1.5,-1.5,1000411.3249977112,
2013-05-31,59.87808227539063,57.76847839355469,-0.29693173947727725,1,1.5,-1.5,1000290.3456886292,
2013-06-03,59.87808227539063,57.46601104736328,-0.36243614057576784,1,1.5,-1.5,999685.4109962464,
2013-06-04,58.784423828125,57.40553665161133,0.14774053343124505,0,1.5,-1.5,1001687.1315008545,Close
2013-06-05,59.05783462524414,57.16355895996094,-0.024296756914700145,0,1.5,-1.5,1001687.1315008545,
2013-06-06,59.60466766357422,57.16355895996094,-0.24301168038715518,0,1.5,-1.5,1001687.1315008545,
2013-06-07,60.698333740234375,57.46601104736328,-0.651461967550307,0,1.5,-1.5,1001687.1315008545,
2013-06-10,60.698333740234375,57.587005615234375,-0.5689707608835761,0,1.5,-1.5,1001687.1315008545,
2013-06-11,60.4249153137207,57.587005615234375,-0.3773452547663297,0,1.5,-1.5,1001687.1315008545,
2013-06-13,57.14392852783203,57.16355895996094,1.3694202962877475,0,1.5,-1.5,1001687.1315008545,
2013-06-14,60.15150451660156,57.22405624389648,-0.3272215808516959,0,1.5,-1.5,1001687.1315008545,
2013-06-17,60.698333740234375,57.587005615234375,-0.4632219794244361,0,1.5,-1.5,1001687.1315008545,
2013-06-18,61.24516296386719,58.0709342956543,-0.5542259470280911,0,1.5,-1.5,1001687.1315008545,
2013-06-19,61.24516296386719,57.889442443847656,-0.6009052138343937,0,1.5,-1.5,1001687.1315008545,
2013-06-20,61.518585205078125,57.647491455078125,-0.8625524771549298,0,1.5,-1.5,1001687.1315008545,
2013-06-21,59.60466766357422,57.46601104736328,0.441090428422136,0,1.5,-1.5,1001687.1315008545,
2013-06-24,60.698333740234375,57.52650833129883,-0.2841395877945376,0,1.5,-1.5,1001687.1315008545,
2013-06-25,60.97175598144531,57.76847839355469,-0.3184542579260632,0,1.5,-1.5,1001687.1315008545,
2013-06-26,60.698333740234375,57.647491455078125,-0.12132017700923893,0,1.5,-1.5,1001687.1315008545,
2013-06-27,60.698333740234375,58.01043701171875,0.12648844873230417,0,1.5,-1.5,1001687.1315008545,
2013-06-28,64.79956817626953,61.70037078857422,-1.112043590720875,0,1.5,-1.5,1001687.1315008545,
2013-07-01,62.06541061401367,59.2807502746582,-0.210462004512787,0,1.5,-1.5,1001687.1315008545,
2013-07-02,62.88565826416016,59.22025680541992,-0.9225105955402151,0,1.5,-1.5,1001687.1315008545,
2013-07-03,62.612247467041016,59.15975570678711,-0.6823402225191001,0,1.5,-1.5,1001687.1315008545,
2013-07-04,62.612247467041016,59.34122085571289,-0.5340935781608782,0,1.5,-1.5,1001687.1315008545,
2013-07-05,63.97933197021485,60.006629943847656,-1.2646020603982289,0,1.5,-1.5,1001687.1315008545,
2013-07-08,63.69242477416992,59.70417404174805,-1.1410753552060653,0,1.5,-1.5,1001687.1315008545,
2013-07-09,62.83172225952149,60.12761688232422,-0.09421210851977264,0,1.5,-1.5,1001687.1315008545,
2013-07-10,62.83172225952149,60.12761688232422,-0.06805055896314634,0,1.5,-1.5,1001687.1315008545,
2013-07-11,63.69242477416992,60.36958312988281,-0.7711270473150339,0,1.5,-1.5,1001687.1315008545,
2013-07-12,63.40550994873047,60.49055480957031,-0.478006250418095,0,1.5,-1.5,1001687.1315008545,
2013-07-15,63.69242477416992,60.4300537109375,-0.834831053257426,0,1.5,-1.5,1001687.1315008545,
2013-07-16,63.69242477416992,60.36958312988281,-0.8748268718089401,0,1.5,-1.5,1001687.1315008545,
2013-07-17,63.40550994873047,57.70798873901367,-2.284923552887709,1,1.5,-1.5,1001622.286960907,Long Spread
2013-07-18,63.69242477416992,57.889442443847656,-2.2129986118678064,1,1.5,-1.5,1001411.3647196961,
2013-07-19,63.40550994873047,57.76847839355469,-1.8900412669309476,1,1.5,-1.5,1001743.2662699891,
2013-07-22,64.26622772216797,58.373382568359375,-2.0730744783362183,1,1.5,-1.5,1001231.6390727235,
2013-07-23,66.56146240234375,58.494361877441406,-3.202474358511744,1,1.5,-1.5,996883.128330536,
2013-07-24,64.26622772216797,57.94994735717773,-1.8008450565993483,1,1.5,-1.5,1000384.7686503602,
2013-07-25,62.54480743408203,57.8289680480957,-0.7315888462439131,1,1.5,-1.5,1003585.650608368,
2013-07-26,63.11862182617188,57.8289680480957,-1.0522113701130191,1,1.5,-1.5,1002438.0218241883,
2013-07-29,62.25791549682617,57.889442443847656,-0.43028575490897447,1,1.5,-1.5,1004280.3832743836,
2013-07-30,62.83172225952149,57.76847839355469,-0.8230206367168184,1,1.5,-1.5,1002890.841648407,
2013-07-31,62.54480743408203,58.01043701171875,-0.4808628561754315,1,1.5,-1.5,1003948.5885356141,
2013-08-01,63.11862182617188,57.40553665161133,-1.118455902367157,1,1.5,-1.5,1001591.1590312195,
2013-08-02,63.11862182617188,57.46601104736328,-1.0364947271799303,1,1.5,-1.5,1001712.1078227235,
2013-08-05,62.54480743408203,57.587005615234375,-0.5453103431081332,1,1.5,-1.5,1003101.7257426453,
2013-08-06,61.11029815673828,57.10307312011719,0.23287512323566412,0,1.5,-1.5,1004938.1507722473,Close
2013-08-07,60.82339096069336,56.74013519287109,0.2737164821293821,0,1.5,-1.5,1004938.1507722473,
2013-08-08,61.39720153808594,56.61914825439453,-0.13214838823723074,0,1.5,-1.5,1004938.1507722473,
2013-08-09,60.82339096069336,56.55866622924805,0.3362834865504205,0,1.5,-1.5,1004938.1507722473,
2013-08-12,61.971004486083984,56.861114501953125,-0.4163450085408621,0,1.5,-1.5,1004938.1507722473,
2013-08-13,63.11862182617188,56.861114501953125,-1.321017741883416,0,1.5,-1.5,1004938.1507722473,
2013-08-14,62.54480743408203,56.74013519287109,-0.865569411383508,0,1.5,-1.5,1004938.1507722473,
2013-08-15,61.6841049194336,56.49817657470703,-0.265287429567987,0,1.5,-1.5,1004938.1507722473,
2013-08-16,62.83172225952149,56.861114501953125,-0.985214478259964,0,1.5,-1.5,1004938.1507722473,
2013-08-19,61.971004486083984,56.49817657470703,-0.41570994028129726,0,1.5,-1.5,1004938.1507722473,
2013-08-20,61.39720153808594,56.49817657470703,0.13702695073264376,0,1.5,-1.5,1004938.1507722473,
2013-08-22,60.82339096069336,56.31669998168945,0.5898346789404533,0,1.5,-1.5,1004938.1507722473,
2013-08-23,60.24958419799805,56.37718963623047,1.227376146568593,0,1.5,-1.5,1004938.1507722473,
2013-08-26,60.24958419799805,56.67965316772461,1.3824678099510064,0,1.5,-1.5,1004938.1507722473,
2013-08-27,60.82339096069336,56.861114501953125,0.9824701193541882,0,1.5,-1.5,1004938.1507722473,
2013-08-28,61.11029815673828,56.55866622924805,0.49881035526140405,0,1.5,-1.5,1004938.1507722473,
2013-08-29,61.39720153808594,56.74013519287109,0.36055908073701154,0,1.5,-1.5,1004938.1507722473,
2013-08-30,61.971004486083984,57.22405624389648,0.1591249927855846,0,1.5,-1.5,1004938.1507722473,
2013-09-02,61.6841049194336,57.0425910949707,0.3106519486474311,0,1.5,-1.5,1004938.1507722473,
2013-09-03,60.536502838134766,56.92159652709961,1.3038421930273758,0,1.5,-1.5,1004938.1507722473,
2013-09-04,60.82339096069336,57.22405624389648,1.2381803407621716,0,1.5,-1.5,1004938.1507722473,
2013-09-05,61.11029815673828,57.34503936767578,1.0575975979868069,0,1.5,-1.5,1004938.1507722473,
2013-09-06,61.11029815673828,57.10307312011719,0.8785380161172008,0,1.5,-1.5,1004938.1507722473,
2013-09-09,60.82339096069336,57.22405624389648,1.2266760552897635,0,1.5,-1.5,1004938.1507722473,
2013-09-10,60.82339096069336,57.40553665161133,1.3112457958103838,0,1.5,-1.5,1004938.1507722473,
2013-09-11,60.82339096069336,57.10307312011719,1.0818157118938532,0,1.5,-1.5,1004938.1507722473,
2013-09-12,60.82339096069336,56.861114501953125,0.8748925074268262,0,1.5,-1.5,1004938.1507722473,
2013-09-13,60.82339096069336,57.0425910949707,0.9481497399613185,0,1.5,-1.5,1004938.1507722473,
2013-09-16,61.39720153808594,57.40553665161133,0.6135633789179662,0,1.5,-1.5,1004938.1507722473,
2013-09-17,61.6841049194336,57.34503936767578,0.2619212825611076,0,1.5,-1.5,1004938.1507722473,
2013-09-18,60.82339096069336,57.40553665161133,1.260846049011978,0,1.5,-1.5,1004938.1507722473,
2013-09-23,61.11029815673828,57.28455352783203,0.7878897986084338,0,1.5,-1.5,1004938.1507722473,
2013-09-24,61.11029815673828,56.861114501953125,0.3730484098407842,0,1.5,-1.5,1004938.1507722473,
2013-09-25,60.24958419799805,57.0425910949707,1.5723719489446577,-1,1.5,-1.5,1004873.4590852356,Short Spread
2013-09-26,59.38888168334961,56.61914825439453,2.099013298203464,-1,1.5,-1.5,1003998.9397370911,
2013-09-27,60.24958419799805,56.80063247680664,1.1511546183397663,-1,1.5,-1.5,1005357.3763215637,
2013-09-30,60.24958419799805,57.28455352783203,1.4773091084494547,-1,1.5,-1.5,1004389.534219513,
2013-10-01,59.96269607543945,56.861114501953125,1.404095148471421,-1,1.5,-1.5,1004662.6360261536,
2013-10-02,59.38888168334961,56.55866622924805,1.7541619380639635,-1,1.5,-1.5,1004119.903787384,
2013-10-03,59.38888168334961,56.74013519287109,1.7878148729122434,-1,1.5,-1.5,1003756.965860138,
2013-10-04,59.675777435302734,56.861114501953125,1.4697345084307234,-1,1.5,-1.5,1004088.7987458801,
2013-10-07,59.96269607543945,56.67965316772461,0.9570469303255634,-1,1.5,-1.5,1005025.5586946106,
2013-10-08,57.38057327270508,56.37718963623047,3.080318248861048,-1,1.5,-1.5,1000466.2401521301,
2013-10-09,56.23295593261719,56.31669998168945,3.394191255941623,-1,1.5,-1.5,998291.9847810364,
2013-10-11,54.62628936767578,56.13523864746094,3.65436035080614,-1,1.5,-1.5,995441.5743196106,
2013-10-14,55.60175704956055,56.37718963623047,2.781184359760359,-1,1.5,-1.5,996908.6077058411,
2013-10-15,56.23295593261719,56.25621032714844,2.1539077900940167,-1,1.5,-1.5,998412.9640901184,
2013-10-16,56.69199752807617,56.55866622924805,1.8665517091823418,-1,1.5,-1.5,998726.1354768372,
2013-10-17,55.42962265014648,56.55866622924805,2.385091120684727,-1,1.5,-1.5,996201.3857209778,
2013-10-18,54.741058349609375,56.49817657470703,2.475907472540788,-1,1.5,-1.5,994945.2364289856,
2013-10-21,52.21631240844727,55.89326858520508,3.0443218158412377,-1,1.5,-1.5,991105.5605256653,
2013-10-22,50.66703414916992,54.804443359375,2.924827809978026,-1,1.5,-1.5,990184.6544587708,
2013-10-23,53.76559066772461,55.832786560058594,1.8191527096158817,-1,1.5,-1.5,994325.081094513,
2013-10-24,53.0770149230957,56.0747299194336,1.9849264524458157,-1,1.5,-1.5,992464.0428865051,
2013-10-25,53.65082550048828,55.832786560058594,1.6012157950374446,-1,1.5,-1.5,994095.5507600403,
2013-10-28,54.22462463378906,56.37718963623047,1.4474992961424498,-1,1.5,-1.5,994154.3428742981,
2013-10-29,54.22462463378906,56.37718963623047,1.3698848495185114,-1,1.5,-1.5,994154.3428742981,
2013-10-30,56.806766510009766,57.10307312011719,0.6083378694024494,-1,1.5,-1.5,997866.8596589661,
2013-10-31,57.6674690246582,57.22405624389648,0.3012763479759515,-1,1.5,-1.5,999346.2984407044,
2013-11-01,55.60175704956055,56.43768310546875,0.8035336588017565,-1,1.5,-1.5,996787.6207673645,
2013-11-04,54.85581970214844,55.95375061035156,0.9022636126517694,-1,1.5,-1.5,996263.6110627747,
2013-11-05,54.511531829833984,56.25621032714844,1.0500886282184116,-1,1.5,-1.5,994970.115884552,
2013-11-06,55.946044921875,56.43768310546875,0.5443718464900513,-1,1.5,-1.5,997476.1965119934,
2013-11-07,56.00342559814453,56.25621032714844,0.4437401317277558,-1,1.5,-1.5,997953.9034211731,
2013-11-08,56.175567626953125,56.25621032714844,0.34925752886022,-1,1.5,-1.5,998298.1874787903,
2013-11-11,55.65914916992188,55.89326858520508,0.41198286520624355,-1,1.5,-1.5,997991.2340486145,
2013-11-12,55.65914916992188,56.25621032714844,0.47422535386695325,-1,1.5,-1.5,997265.3505647278,
2013-11-13,55.08534622192383,55.89326858520508,0.5591979628172898,-1,1.5,-1.5,996843.6281526184,
2013-11-14,55.65914916992188,55.59081268310547,0.21027457688997242,-1,1.5,-1.5,998596.1458528137,
2013-11-15,55.142723083496094,55.59081268310547,0.3810947806915674,-1,1.5,-1.5,997563.2936799622,
2013-11-18,55.142723083496094,55.59081268310547,0.3441644639257807,-1,1.5,-1.5,997563.2936799622,
2013-11-19,55.31487274169922,55.832786560058594,0.304254308990801,-1,1.5,-1.5,997423.6452424622,
2013-11-20,56.00342559814453,55.53033065795898,-0.1601488639741923,0,1.5,-1.5,999341.2014093018,Close
2013-11-21,55.37224197387695,55.28836441040039,0.01635770656050422,0,1.5,-1.5,999341.2014093018,
2013-11-22,55.20009994506836,55.34885025024414,0.0849796213457092,0,1.5,-1.5,999341.2014093018,
2013-11-25,55.08534622192383,55.34885025024414,0.0958721735238012,0,1.5,-1.5,999341.2014093018,
2013-11-26,54.62628936767578,56.13523864746094,0.6096152357506917,0,1.5,-1.5,999341.2014093018,
2013-11-27,55.08534622192383,55.95375061035156,0.23039329810578413,0,1.5,-1.5,999341.2014093018,
2013-11-28,55.142723083496094,55.95375061035156,0.14709740334003588,0,1.5,-1.5,999341.2014093018,
2013-11-29,55.60175704956055,56.13523864746094,-0.1265916478524239,0,1.5,-1.5,999341.2014093018,
2013-12-02,55.65914916992188,56.0747299194336,-0.2801837432801728,0,1.5,-1.5,999341.2014093018,
2013-12-03,54.62628936767578,55.832786560058594,0.327360967574925,0,1.5,-1.5,999341.2014093018,
2013-12-04,55.02796173095703,55.59081268310547,-0.22778634513304408,0,1.5,-1.5,999341.2014093018,
2013-12-05,54.798431396484375,55.53033065795898,-0.07712701428961324,0,1.5,-1.5,999341.2014093018,
2013-12-06,54.511531829833984,55.59081268310547,0.2362339543132163,0,1.5,-1.5,999341.2014093018,
2013-12-09,54.97057723999024,56.0747299194336,0.11997180238139153,0,1.5,-1.5,999341.2014093018,
2013-12-10,54.798431396484375,55.95375061035156,0.17366459171861565,0,1.5,-1.5,999341.2014093018,
2013-12-11,55.20009994506836,56.19571304321289,-0.07295706538083661,0,1.5,-1.5,999341.2014093018,
2013-12-12,54.97057723999024,55.95375061035156,-0.018613647890253226,0,1.5,-1.5,999341.2014093018,
2013-12-13,54.97057723999024,55.832786560058594,-0.08480739426217428,0,1.5,-1.5,999341.2014093018,
2013-12-16,53.9377326965332,55.59081268310547,0.865977526262757,0,1.5,-1.5,999341.2014093018,
2013-12-17,54.62628936767578,55.65130233764648,0.34291874231642816,0,1.5,-1.5,999341.2014093018,
2013-12-18,54.798431396484375,55.65130233764648,0.15962048536269494,0,1.5,-1.5,999341.2014093018,
2013-12-19,55.08534622192383,55.832786560058594,0.02060245994351785,0,1.5,-1.5,999341.2014093018,
2013-12-20,55.65914916992188,56.01424407958984,-0.6403049681598629,0,1.5,-1.5,999341.2014093018,
2013-12-23,55.37224197387695,55.89326858520508,-0.26032494253250393,0,1.5,-1.5,999341.2014093018,
2013-12-24,55.31487274169922,55.89326858520508,-0.10249120235823207,0,1.5,-1.5,999341.2014093018,
2013-12-25,55.60175704956055,56.01424407958984,-0.5209684519620713,0,1.5,-1.5,999341.2014093018,
2013-12-26,55.65914916992188,56.25621032714844,-0.4064973953536766,0,1.5,-1.5,999341.2014093018,
2013-12-27,56.00342559814453,56.49817657470703,-0.763296365679646,0,1.5,-1.5,999341.2014093018,
2013-12-30,56.405086517333984,56.37718963623047,-1.7198228150576822,1,1.5,-1.5,999276.6901182557,Long Spread
2013-12-31,55.25748825073242,56.31669998168945,0.7262106320995754,0,1.5,-1.5,1001386.4443748475,Close
2014-01-02,55.65914916992188,56.13523864746094,-0.48479372390283226,0,1.5,-1.5,1001386.4443748475,
2014-01-03,55.42962265014648,56.13523864746094,0.010203090629256872,0,1.5,-1.5,1001386.4443748475,
2014-01-06,54.913204193115234,55.832786560058594,0.6675196661621913,0,1.5,-1.5,1001386.4443748475,
2014-01-07,54.56891632080078,55.7117919921875,1.2147949737390473,0,1.5,-1.5,1001386.4443748475,
2014-01-08,54.45415878295898,55.7117919921875,1.4029107406129486,0,1.5,-1.5,1001386.4443748475,
2014-01-09,54.052494049072266,55.7117919921875,2.1357203297127745,-1,1.5,-1.5,1001322.0538034058,Short Spread
2014-01-10,53.9377326965332,55.59081268310547,2.048310633746691,-1,1.5,-1.5,1001334.4897164918,
2014-01-13,54.45415878295898,55.65130233764648,1.0045800157231677,-1,1.5,-1.5,1002246.3625802613,
2014-01-14,53.9377326965332,55.65130233764648,1.9204389988825838,-1,1.5,-1.5,1001213.5104074097,
2014-01-15,53.65082550048828,55.65130233764648,2.255346014642988,-1,1.5,-1.5,1000639.6960153199,
2014-01-16,53.9377326965332,55.65130233764648,1.6798363009446777,-1,1.5,-1.5,1001213.5104074097,
2014-01-17,54.16725158691406,55.65130233764648,1.1866336489241736,-1,1.5,-1.5,1001672.5481881715,
2014-01-20,53.36392211914063,55.53033065795898,2.347280798209893,-1,1.5,-1.5,1000307.8326119996,
2014-01-21,53.0770149230957,55.59081268310547,2.6210187241827096,-1,1.5,-1.5,999613.0541696168,
2014-01-22,52.50321960449219,55.59081268310547,3.067658966942193,-1,1.5,-1.5,998465.4635324097,
2014-01-23,52.273685455322266,55.53033065795898,2.87867103798884,-1,1.5,-1.5,998127.3592843629,
2014-01-24,51.64250946044922,55.46982955932617,3.078536939579181,-1,1.5,-1.5,996986.0094918824,
2014-01-27,50.95394515991211,55.59081268310547,3.2806866026638404,-1,1.5,-1.5,995366.9146432496,
2014-02-05,48.773475646972656,54.62297058105469,3.7072696825926132,-1,1.5,-1.5,992941.6598214722,
2014-02-06,48.94562149047852,54.62297058105469,3.030586048543227,-1,1.5,-1.5,993285.951508484,
2014-02-07,49.92109298706055,54.6834602355957,2.1801998836795957,-1,1.5,-1.5,995115.915192566,
2014-02-10,50.66703414916992,54.62297058105469,1.5706205888435654,-1,1.5,-1.5,996728.7768258668,
2014-02-11,49.80632781982422,54.50198745727539,1.8996303803573014,-1,1.5,-1.5,995249.330414734,
2014-02-12,50.4375114440918,54.86492919921875,1.5747692985519766,-1,1.5,-1.5,995785.8141793824,
2014-02-13,49.92109298706055,54.86492919921875,1.7450515505976205,-1,1.5,-1.5,994752.9772653199,
2014-02-14,50.78180313110352,55.16738510131836,1.312486345715074,-1,1.5,-1.5,995869.4857492066,
2014-02-17,51.011322021484375,55.16738510131836,1.1282575316668881,-1,1.5,-1.5,996328.5235299683,
2014-02-18,51.12607955932617,55.22786331176758,1.036416146824021,-1,1.5,-1.5,996437.0821847535,
2014-02-19,52.04417037963867,55.53033065795898,0.632565086138745,-1,1.5,-1.5,997668.3291329957,
2014-02-20,52.21631240844727,55.22786331176758,0.3993252393858949,-1,1.5,-1.5,998617.5478829957,
2014-02-21,53.01963806152344,55.46982955932617,0.03917600842972215,-1,1.5,-1.5,999740.2666940308,
2014-02-24,52.61797332763672,55.53033065795898,0.2520605092823297,-1,1.5,-1.5,998815.9350289918,
2014-02-25,51.64250946044922,55.28836441040039,0.6528816450236845,-1,1.5,-1.5,997348.939789734,
2014-02-26,51.69988250732422,55.28836441040039,0.5842382408329188,-1,1.5,-1.5,997463.685883484,
2014-02-27,52.273685455322266,55.65130233764648,0.3729038665087671,-1,1.5,-1.5,997885.4159249879,
2014-03-03,51.3556022644043,55.46982955932617,0.7833530463744449,-1,1.5,-1.5,996412.1950997926,
2014-03-04,51.12607955932617,55.22786331176758,0.7755390312991945,-1,1.5,-1.5,996437.0821847535,
2014-03-05,51.29822540283203,55.59081268310547,0.7866201383624564,-1,1.5,-1.5,996055.4751290894,
2014-03-06,51.47036361694336,55.832786560058594,0.7520754676125122,-1,1.5,-1.5,995915.8038034058,
2014-03-07,51.69988250732422,55.89326858520508,0.5948121608845383,-1,1.5,-1.5,996253.8775338746,
2014-03-10,51.872032165527344,55.89326858520508,0.44310120799017755,-1,1.5,-1.5,996598.1768502808,
2014-03-11,52.21631240844727,56.25621032714844,0.343464966152887,-1,1.5,-1.5,996560.853852234,
2014-03-12,52.1015510559082,56.25621032714844,0.38630646890722936,-1,1.5,-1.5,996331.3311471558,
2014-03-13,52.21631240844727,56.37718963623047,0.32482258462581054,-1,1.5,-1.5,996318.8952340699,
2014-03-14,52.1015510559082,55.77228164672852,0.03262083757202253,-1,1.5,-1.5,997299.1885079957,
2014-03-17,52.50321960449219,55.95375061035156,-0.23286142592410747,0,1.5,-1.5,997675.2493991089,Close
2014-03-18,53.47867965698242,56.25621032714844,-0.9189330116181925,0,1.5,-1.5,997675.2493991089,
2014-03-19,53.9377326965332,56.43768310546875,-1.2812432268900096,0,1.5,-1.5,997675.2493991089,
2014-03-20,53.47867965698242,56.19571304321289,-1.0710363414188968,0,1.5,-1.5,997675.2493991089,
2014-03-21,52.61797332763672,56.25621032714844,-0.2725157565379855,0,1.5,-1.5,997675.2493991089,
2014-03-24,53.24916076660156,56.19571304321289,-0.9865183282636372,0,1.5,-1.5,997675.2493991089,
2014-03-25,53.30654525756836,56.67965316772461,-0.7892743651209759,0,1.5,-1.5,997675.2493991089,
2014-03-26,53.191776275634766,56.13523864746094,-1.1241835655026609,0,1.5,-1.5,997675.2493991089,
2014-03-27,54.282005310058594,56.43768310546875,-2.008986246208757,1,1.5,-1.5,997610.8206115724,Long Spread
2014-03-28,54.511531829833984,56.49817657470703,-2.061982759224706,1,1.5,-1.5,997272.7545104981,
2014-03-31,54.741058349609375,56.67965316772461,-2.012149234550312,1,1.5,-1.5,997176.6546569825,
2014-04-01,54.741058349609375,56.67965316772461,-1.8669874365884198,1,1.5,-1.5,997176.6546569825,
2014-04-02,54.10987091064453,56.67965316772461,-1.2231631331410922,1,1.5,-1.5,998439.0295349122,
2014-04-03,54.10987091064453,56.49817657470703,-1.3145882818862409,1,1.5,-1.5,998076.076348877,
2014-04-07,54.10987091064453,56.55866622924805,-1.2520133541244582,1,1.5,-1.5,998197.0556579591,
2014-04-08,54.45415878295898,56.37718963623047,-1.6444994592712183,1,1.5,-1.5,997145.526727295,
2014-04-09,54.741058349609375,56.49817657470703,-1.7259077759892019,1,1.5,-1.5,996813.7014709474,
2014-04-10,55.08534622192383,56.67965316772461,-1.833882535452799,1,1.5,-1.5,996488.0789123536,
2014-04-11,55.65914916992188,56.67965316772461,-2.2047934403898366,1,1.5,-1.5,995340.4730163575,
2014-04-14,55.31487274169922,56.67965316772461,-1.8017213965175005,1,1.5,-1.5,996029.0258728028,
2014-04-15,55.946044921875,56.861114501953125,-2.108870104357936,1,1.5,-1.5,995129.6041809083,
2014-04-16,55.888668060302734,56.861114501953125,-1.9173944061028105,1,1.5,-1.5,995244.3579040528,
2014-04-17,55.77390670776367,57.0425910949707,-1.6055368398051988,1,1.5,-1.5,995836.8337951661,
2014-04-18,55.888668060302734,57.16355895996094,-1.5328687867024273,1,1.5,-1.5,995849.2468200685,
2014-04-21,55.42962265014648,57.10307312011719,-1.1225647113789325,1,1.5,-1.5,996646.3659606935,
2014-04-22,55.08534622192383,57.10307312011719,-0.8079926501106098,1,1.5,-1.5,997334.9188171388,
2014-04-23,55.08534622192383,57.16355895996094,-0.7406382332848482,1,1.5,-1.5,997455.8904968263,
2014-04-24,55.08534622192383,57.16355895996094,-0.7018741249789217,1,1.5,-1.5,997455.8904968263,
2014-04-25,54.62628936767578,56.67965316772461,-0.5714527597672459,1,1.5,-1.5,997406.1926208497,
2014-04-28,55.487003326416016,56.861114501953125,-1.126487139748995,1,1.5,-1.5,996047.6873718263,
2014-04-29,55.77390670776367,56.92159652709961,-1.2695786584011666,1,1.5,-1.5,995594.8446594239,
2014-04-30,55.888668060302734,56.98209381103516,-1.2736595739976277,1,1.5,-1.5,995486.3165222169,
2014-05-02,55.71652603149414,57.10307312011719,-1.013022502811947,1,1.5,-1.5,996072.5591979981,
2014-05-05,55.37224197387695,56.861114501953125,-0.8264327544135772,1,1.5,-1.5,996277.2100769044,
2014-05-06,55.08534622192383,56.861114501953125,-0.5261175738774222,1,1.5,-1.5,996851.0015808106,
2014-05-07,54.62628936767578,56.861114501953125,-0.038541499926302375,1,1.5,-1.5,997769.1152893067,
2014-05-08,55.83128356933594,56.92159652709961,-1.1693399519440535,1,1.5,-1.5,995480.0909362794,
2014-05-09,55.37224197387695,57.34503936767578,-0.33353140481102794,1,1.5,-1.5,997245.0598083497,
2014-05-12,54.68367767333984,56.861114501953125,0.11930635023198742,0,1.5,-1.5,997589.8768862917,Close
2014-05-13,54.85581970214844,57.10307312011719,0.1878517913550638,0,1.5,-1.5,997589.8768862917,
2014-05-14,54.913204193115234,57.34503936767578,0.4105696406675689,0,1.5,-1.5,997589.8768862917,
2014-05-15,55.65914916992188,57.22405624389648,-0.7116311471041782,0,1.5,-1.5,997589.8768862917,
2014-05-16,55.65914916992188,57.40553665161133,-0.4955811997032791,0,1.5,-1.5,997589.8768862917,
2014-05-19,55.71652603149414,57.46601104736328,-0.4793460131837212,0,1.5,-1.5,997589.8768862917,
2014-05-20,56.175567626953125,57.52650833129883,-1.0960833423754222,0,1.5,-1.5,997589.8768862917,
2014-05-21,56.74936294555664,57.70798873901367,-1.753296833514332,1,1.5,-1.5,997525.2985922243,Long Spread
2014-05-22,57.38057327270508,58.0709342956543,-2.317120394418705,1,1.5,-1.5,996988.7690512086,
2014-05-23,57.32317352294922,58.373382568359375,-1.8195254383206594,1,1.5,-1.5,997708.4650961305,
2014-05-26,56.69199752807617,58.55485534667969,-0.4294764170840738,1,1.5,-1.5,999333.7626425172,
2014-05-27,56.92151641845703,58.19190979003906,-1.2449821197200053,1,1.5,-1.5,998148.8337484743,
2014-05-28,56.86414337158203,58.494361877441406,-0.7194309278090323,1,1.5,-1.5,998868.4840170289,
2014-05-29,56.69199752807617,58.373382568359375,-0.5340680047919941,1,1.5,-1.5,998970.8170858766,
2014-05-30,56.74936294555664,58.0709342956543,-0.9885478366024737,1,1.5,-1.5,998251.1897055055,
2014-06-03,56.9788932800293,58.373382568359375,-0.97677968851188,1,1.5,-1.5,998397.0255819703,
2014-06-04,56.806766510009766,57.76847839355469,-1.4345813988913363,1,1.5,-1.5,997531.4707724,
2014-06-05,56.23295593261719,57.46601104736328,-0.6777800828062353,1,1.5,-1.5,998074.1572348024,
2014-06-06,56.175567626953125,57.70798873901367,-0.18351478715047717,1,1.5,-1.5,998672.8892294313,
2014-06-09,56.405086517333984,58.0709342956543,-0.10760180248498571,1,1.5,-1.5,998939.7425619508,
2014-06-10,56.806766510009766,58.433876037597656,-0.4101479247128074,1,1.5,-1.5,998862.266060486,
2014-06-11,56.74936294555664,58.373382568359375,-0.3679591674174461,1,1.5,-1.5,998856.0862509157,
2014-06-12,56.69199752807617,58.13142395019531,-0.6178383664992344,1,1.5,-1.5,998486.8998495485,
2014-06-13,56.63461685180664,58.19190979003906,-0.4220014781087949,1,1.5,-1.5,998722.632881775,
2014-06-16,56.74936294555664,58.31289291381836,-0.477542619710567,1,1.5,-1.5,998735.1069418336,
2014-06-17,56.74936294555664,58.19190979003906,-0.6487684533897027,1,1.5,-1.5,998493.140694275,
2014-06-18,57.15103530883789,58.373382568359375,-1.1572883878681208,1,1.5,-1.5,998052.7415243532,
2014-06-19,57.6674690246582,58.615333557128906,-1.749068285492096,1,1.5,-1.5,997503.7760702516,
2014-06-20,57.32317352294922,58.31289291381836,-1.4155114669094166,1,1.5,-1.5,997587.4857870485,
2014-06-23,57.26579284667969,58.31289291381836,-1.2407948396427784,1,1.5,-1.5,997702.2471395875,
2014-06-24,57.38057327270508,58.31289291381836,-1.4131189717828536,1,1.5,-1.5,997472.6862875368,
2014-06-25,57.03628158569336,58.13142395019531,-0.9294450440452396,1,1.5,-1.5,997798.3317343141,
2014-06-26,56.86414337158203,58.0709342956543,-0.64984916922023,1,1.5,-1.5,998021.6288534547,
2014-06-27,56.68168258666992,58.373382568359375,0.14402269652784946,0,1.5,-1.5,998926.8447660829,Close
2014-06-30,56.19514846801758,58.19190979003906,0.8443009575643925,0,1.5,-1.5,998926.8447660829,
2014-07-01,55.83024215698242,58.13142395019531,1.4336107481936675,0,1.5,-1.5,998926.8447660829,
2014-07-02,56.19514846801758,58.0709342956543,0.6539037742664153,0,1.5,-1.5,998926.8447660829,
2014-07-03,55.526153564453125,57.94994735717773,1.8373172755690224,-1,1.5,-1.5,998862.3057220461,Short Spread
2014-07-04,54.73553466796875,57.8289680480957,2.8160277207199136,-1,1.5,-1.5,997523.0265472414,
2014-07-07,55.34370803833008,57.8289680480957,1.6741669818974891,-1,1.5,-1.5,998739.373287964,
2014-07-08,55.28288650512695,58.13142395019531,2.089590520319076,-1,1.5,-1.5,998012.8184173586,
2014-07-09,55.46534729003906,58.13142395019531,1.7582705656910285,-1,1.5,-1.5,998377.7399871828,
2014-07-10,55.22207260131836,58.0709342956543,2.0521252801918135,-1,1.5,-1.5,998012.1699188234,
2014-07-11,55.28288650512695,57.94994735717773,1.7048162830846287,-1,1.5,-1.5,998375.7716033937,
2014-07-14,54.9179916381836,57.94994735717773,2.112935649122975,-1,1.5,-1.5,997645.981869507,
2014-07-15,54.73553466796875,58.01043701171875,2.2410628806876915,-1,1.5,-1.5,997160.0886199953,
2014-07-16,54.9179916381836,57.8289680480957,1.686600417784142,-1,1.5,-1.5,997887.9404876711,
2014-07-17,55.100433349609375,58.41636657714844,1.8623570851246158,-1,1.5,-1.5,997078.0268524172,
2014-07-18,55.83024215698242,58.41636657714844,0.8682964861732566,-1,1.5,-1.5,998537.6444671632,
2014-07-21,55.95187377929688,58.162376403808594,0.4334570469707759,-1,1.5,-1.5,999288.8880584718,
2014-07-22,56.073516845703125,58.35286712646485,0.43538230154905133,-1,1.5,-1.5,999151.1927459718,
2014-07-23,56.073516845703125,58.35286712646485,0.4061279583202771,-1,1.5,-1.5,999151.1927459718,
2014-07-24,56.073516845703125,58.41636657714844,0.44291956620310174,-1,1.5,-1.5,999024.1938446047,
2014-07-25,55.95187377929688,58.162376403808594,0.3430991511939233,-1,1.5,-1.5,999288.8880584718,
2014-07-28,55.95187377929688,57.97188568115234,0.13571537012319526,-1,1.5,-1.5,999669.8695037843,
2014-07-29,56.31678009033203,58.162376403808594,-0.1974926789255854,0,1.5,-1.5,999954.1215142824,Close
2014-07-30,56.31678009033203,58.162376403808594,-0.22879387804202198,0,1.5,-1.5,999954.1215142824,
2014-07-31,55.95187377929688,58.09889221191406,0.198041186400841,0,1.5,-1.5,999954.1215142824,
2014-08-01,56.073516845703125,58.41636657714844,0.3255894127125692,0,1.5,-1.5,999954.1215142824,
2014-08-04,56.25596237182617,58.09889221191406,-0.2632048657041876,0,1.5,-1.5,999954.1215142824,
2014-08-05,55.404518127441406,57.84489822387695,0.6603938661425774,0,1.5,-1.5,999954.1215142824,
2014-08-06,55.46534729003906,57.84489822387695,0.5426205049363971,0,1.5,-1.5,999954.1215142824,
2014-08-07,56.560054779052734,58.28938293457031,-0.5864717959343186,0,1.5,-1.5,999954.1215142824,
2014-08-08,56.68168258666992,58.09889221191406,-0.9503805211946367,0,1.5,-1.5,999954.1215142824,
2014-08-11,57.1074104309082,58.28938293457031,-1.3343681917230041,0,1.5,-1.5,999954.1215142824,
2014-08-12,56.74250411987305,58.28938293457031,-0.8217518124330856,0,1.5,-1.5,999954.1215142824,
2014-08-13,56.8641357421875,58.54335403442383,-0.764016116771874,0,1.5,-1.5,999954.1215142824,
2014-08-14,57.16822814941406,58.41636657714844,-1.3757616399474981,0,1.5,-1.5,999954.1215142824,
2014-08-15,57.47230529785156,58.41636657714844,-1.8123708739302968,1,1.5,-1.5,999889.4859674075,Long Spread
2014-08-18,57.47230529785156,58.35286712646485,-1.8506662502392415,1,1.5,-1.5,999762.4870660403,
2014-08-19,57.71558380126953,59.05132675170898,-1.506658864873543,1,1.5,-1.5,1000672.8493096926,
2014-08-20,57.77639389038086,59.241817474365234,-1.4025471142240584,1,1.5,-1.5,1000932.2105767825,
2014-08-21,57.9588508605957,59.17830657958984,-1.6970330444833523,1,1.5,-1.5,1000440.274846802,
2014-08-22,58.3237533569336,59.43230438232422,-1.8532113987244332,1,1.5,-1.5,1000218.465459595,
2014-08-25,58.08047866821289,59.36880493164063,-1.496100780142504,1,1.5,-1.5,1000578.0159356692,
2014-08-26,58.26293182373047,59.36880493164063,-1.6319840149339173,1,1.5,-1.5,1000213.109624634,
2014-08-27,58.8102912902832,59.36880493164063,-2.1465722036938994,1,1.5,-1.5,999118.3906915286,
2014-08-28,58.93191909790039,59.49580001831055,-2.009397030242354,1,1.5,-1.5,999129.125249634,
2014-08-29,57.9588508605957,58.98783493041992,-1.2419594651229142,1,1.5,-1.5,1000059.3315484622,
2014-09-01,56.13433074951172,58.54335403442383,0.5339196616155821,0,1.5,-1.5,1002754.8228712466,Close
2014-09-02,55.100433349609375,58.35286712646485,1.5591068817866034,-1,1.5,-1.5,1002690.2847392276,Short Spread
2014-09-03,55.404518127441406,58.98783493041992,1.6675747533768854,-1,1.5,-1.5,1002028.5186869815,
2014-09-04,55.708614349365234,58.73384475708008,1.1201751598055756,-1,1.5,-1.5,1003144.6914775089,
2014-09-05,55.46534729003906,58.41636657714844,1.1303311812912478,-1,1.5,-1.5,1003293.1137187198,
2014-09-09,55.34370803833008,58.60686111450195,1.4164833004599693,-1,1.5,-1.5,1002668.8461405948,
2014-09-10,55.34370803833008,58.35286712646485,1.2421482654368357,-1,1.5,-1.5,1003176.834116669,
2014-09-11,54.97880554199219,58.28938293457031,1.5816697130096562,-1,1.5,-1.5,1002573.9975077823,
2014-09-12,55.34370803833008,58.47985458374024,1.3394855892735327,-1,1.5,-1.5,1002922.8592021182,
2014-09-15,55.100433349609375,58.162376403808594,1.321707266297561,-1,1.5,-1.5,1003071.2661845401,
2014-09-16,54.73553466796875,58.03538131713867,1.549094716986939,-1,1.5,-1.5,1002595.4589945987,
2014-09-17,55.100433349609375,58.22587585449219,1.2515294032422137,-1,1.5,-1.5,1002944.2672831729,
2014-09-18,55.03961944580078,58.41636657714844,1.3965311327952628,-1,1.5,-1.5,1002441.6580302432,
2014-09-19,55.22207260131836,58.41636657714844,1.16520013878841,-1,1.5,-1.5,1002806.5643412784,
2014-09-22,54.49227142333984,58.162376403808594,1.629714466458102,-1,1.5,-1.5,1001854.942332001,
2014-09-23,54.24900436401367,58.22587585449219,1.787504995374164,-1,1.5,-1.5,1001241.4093119815,
2014-09-24,55.34370803833008,58.28938293457031,0.766846192990707,-1,1.5,-1.5,1003303.8025004581,
2014-09-25,54.49227142333984,58.09889221191406,1.3620504413558616,-1,1.5,-1.5,1001981.9107157901,
2014-09-26,55.95187377929688,58.09889221191406,0.027948240131202975,-1,1.5,-1.5,1004901.1154277042,
2014-09-29,55.647796630859375,57.78141784667969,0.09992404749095903,-1,1.5,-1.5,1004927.9098612979,
2014-09-30,56.13433074951172,58.22587585449219,-0.06049468639386984,0,1.5,-1.5,1004947.4876747135,Close
2014-10-01,55.95187377929688,58.22587585449219,0.11290243039597553,0,1.5,-1.5,1004947.4876747135,
2014-10-02,56.13433074951172,58.09889221191406,-0.12603110012309504,0,1.5,-1.5,1004947.4876747135,
2014-10-03,56.68168258666992,58.28938293457031,-0.5002432430873928,0,1.5,-1.5,1004947.4876747135,
2014-10-06,55.95187377929688,57.84489822387695,-0.13480597035631428,0,1.5,-1.5,1004947.4876747135,
2014-10-07,56.62086486816406,57.84489822387695,-0.7570574584890024,0,1.5,-1.5,1004947.4876747135,
2014-10-08,56.49923706054688,58.09889221191406,-0.480868245929532,0,1.5,-1.5,1004947.4876747135,
2014-10-09,56.92495346069336,58.03538131713867,-0.9001955038008274,0,1.5,-1.5,1004947.4876747135,
2014-10-13,57.41149139404297,57.84489822387695,-1.4312489621565248,0,1.5,-1.5,1004947.4876747135,
2014-10-14,57.89802551269531,58.03538131713867,-1.693688761897309,1,1.5,-1.5,1004882.8503384403,Long Spread
2014-10-15,58.26293182373047,58.09889221191406,-1.8914938002680433,1,1.5,-1.5,1004280.0595059207,
2014-10-16,58.384578704833984,58.09889221191406,-1.8898165521663284,1,1.5,-1.5,1004036.7657437137,
2014-10-17,58.99274826049805,57.33694839477539,-2.549837036121509,1,1.5,-1.5,1001296.5389981082,
2014-10-20,58.87110900878906,57.84489822387695,-2.046099430271725,1,1.5,-1.5,1002555.7171597293,
2014-10-21,58.384578704833984,58.22587585449219,-1.4590332785240039,1,1.5,-1.5,1004290.73302887,
2014-10-22,58.01966857910156,58.162376403808594,-1.2043685451417516,1,1.5,-1.5,1004893.5543789676,
2014-10-23,58.20212173461914,58.03538131713867,-1.3550846900373963,1,1.5,-1.5,1004274.6578945926,
2014-10-24,58.50620269775391,58.22587585449219,-1.4446316188210695,1,1.5,-1.5,1004047.4850430301,
2014-10-27,58.14130401611328,58.162376403808594,-1.2227840545418107,1,1.5,-1.5,1004650.2835049442,
2014-10-28,58.01966857910156,58.41636657714844,-1.0050342118880173,1,1.5,-1.5,1005401.5347256473,
2014-10-29,58.68865585327149,58.67034912109375,-1.2636353360532517,1,1.5,-1.5,1004571.5252651981,
2014-10-30,60.02663803100586,58.86083984375,-1.9003065419501852,1,1.5,-1.5,1002276.5423550418,
2014-10-31,60.02663803100586,58.86083984375,-1.7754534022146278,1,1.5,-1.5,1002276.5423550418,
2014-11-03,59.78336334228516,58.73384475708008,-1.5793600760851907,1,1.5,-1.5,1002509.1015591434,
2014-11-04,59.84418487548828,58.73384475708008,-1.5205911947451185,1,1.5,-1.5,1002387.4584927371,
2014-11-05,59.54009628295898,58.67034912109375,-1.2987262850063297,1,1.5,-1.5,1002868.6444058231,
2014-11-06,60.02663803100586,58.73384475708008,-1.4668720928196166,1,1.5,-1.5,1002022.552181702,
2014-11-07,59.114376068115234,58.54335403442383,-0.9755569973714182,1,1.5,-1.5,1003466.0946621707,
2014-11-10,59.72254943847656,58.86083984375,-1.1368510539189118,1,1.5,-1.5,1002884.7195401004,
2014-11-11,59.60091781616211,58.9243392944336,-0.9913940914536221,1,1.5,-1.5,1003254.9816860965,
2014-11-12,59.053558349609375,58.67034912109375,-0.7391370333837388,1,1.5,-1.5,1003841.7202725223,
2014-11-13,59.84418487548828,58.73384475708008,-1.1261078298106018,1,1.5,-1.5,1002387.4584927371,
2014-11-14,59.60091781616211,58.98783493041992,-0.8322859436135986,1,1.5,-1.5,1003381.9729580692,
2014-11-17,59.053558349609375,58.79734420776367,-0.5420284464299024,1,1.5,-1.5,1004095.7104458621,
2014-11-18,59.47927474975586,58.86083984375,-0.74913730320563,1,1.5,-1.5,1003371.2689175418,
2014-11-19,59.90499877929688,59.17830657958984,-0.8610887929087766,1,1.5,-1.5,1003154.7543301395,
2014-11-20,59.60091781616211,59.43230438232422,-0.47493166850663987,1,1.5,-1.5,1004270.9118618778,
2014-11-21,59.60091781616211,59.36880493164063,-0.47495417507273985,1,1.5,-1.5,1004143.9129605106,
2014-11-24,59.6617317199707,59.17830657958984,-0.6010607291076868,1,1.5,-1.5,1003641.2884487918,
2014-11-25,59.29682540893555,58.67034912109375,-0.5614802126500731,1,1.5,-1.5,1003355.18615387,
2014-11-26,59.17518997192383,58.79734420776367,-0.32542693630126385,1,1.5,-1.5,1003852.4472012332,
2014-11-27,59.60091781616211,58.79734420776367,-0.7102193984377578,1,1.5,-1.5,1003000.9915127567,
2014-11-28,59.84418487548828,59.05132675170898,-0.7495206875387628,1,1.5,-1.5,1003022.422481995,
2014-12-01,59.72254943847656,58.67034912109375,-0.88887867838738,1,1.5,-1.5,1002503.7380947879,
2014-12-02,59.60091781616211,58.54335403442383,-0.850278955837925,1,1.5,-1.5,1002493.011166077,
2014-12-03,60.8172721862793,58.86083984375,-2.10508076297389,1,1.5,-1.5,1000695.274044495,
2014-12-04,61.12135314941406,58.9243392944336,-2.450502734329476,1,1.5,-1.5,1000214.1110195926,
2014-12-05,60.20909881591797,58.9243392944336,-1.135443749235646,1,1.5,-1.5,1002038.6196865848,
2014-12-08,60.39153289794922,59.05132675170898,-1.243661974510183,1,1.5,-1.5,1001927.7264370731,
2014-12-09,60.8172721862793,58.86083984375,-2.026003465774544,1,1.5,-1.5,1000695.274044495,
2014-12-10,60.20909881591797,58.47985458374024,-1.4078995341902445,1,1.5,-1.5,1001149.6502651981,
2014-12-11,59.90499877929688,58.28938293457031,-1.083926966130821,1,1.5,-1.5,1001376.9070401004,
2014-12-12,59.78336334228516,58.35286712646485,-0.8141097653222035,1,1.5,-1.5,1001747.1462979129,
2014-12-15,59.29682540893555,58.162376403808594,-0.24880860365325383,1,1.5,-1.5,1002339.2407192996,
2014-12-16,60.5131721496582,58.41636657714844,-1.7740446366669937,1,1.5,-1.5,1000414.527584534,
2014-12-17,59.41845703125,58.28938293457031,-0.17138302121285676,1,1.5,-1.5,1002349.9905361942,
2014-12-18,60.26991271972656,58.41636657714844,-1.343431409116112,1,1.5,-1.5,1000901.0464443973,
2014-12-19,61.42543029785156,58.73384475708008,-2.567541769633655,1,1.5,-1.5,999224.9676480106,
2014-12-22,60.75643157958984,58.79734420776367,-1.4234260731330224,1,1.5,-1.5,1000689.9639859012,
2014-12-23,61.12135314941406,58.41636657714844,-2.3038622225820418,1,1.5,-1.5,999198.1655850223,
2014-12-24,61.12135314941406,59.05132675170898,-1.5318937153495424,1,1.5,-1.5,1000468.0859341434,
2014-12-25,61.42543029785156,58.98783493041992,-1.929119193893389,1,1.5,-1.5,999732.9479946903,
2014-12-26,61.42543029785156,59.05132675170898,-1.740399526586243,1,1.5,-1.5,999859.9316372684,
2014-12-29,61.42543029785156,59.17830657958984,-1.5166262059943634,1,1.5,-1.5,1000113.8912930301,
2014-12-30,62.64176940917969,59.17830657958984,-2.7900029513129945,1,1.5,-1.5,997681.2130703739,
2014-12-31,63.554046630859375,59.6862907409668,-2.9707089033475826,1,1.5,-1.5,996872.6269497684,
2015-01-05,63.24994659423828,59.05132675170898,-2.7350301381394617,1,1.5,-1.5,996210.899044495,
2015-01-06,61.7295150756836,58.73384475708008,-1.3837851994833268,1,1.5,-1.5,998616.7980923465,
2015-01-07,61.12135314941406,58.73384475708008,-0.7564371880970694,1,1.5,-1.5,999833.1219448856,
2015-01-08,63.554046630859375,58.9243392944336,-2.6327135499337495,1,1.5,-1.5,995348.724056702,
2015-01-09,64.16222381591797,59.05132675170898,-2.7265555017539898,1,1.5,-1.5,994386.3446011356,
2015-01-12,65.68263244628906,59.49580001831055,-3.1139139644153095,1,1.5,-1.5,992234.4738735965,
2015-01-13,67.20306396484375,59.74977493286133,-3.337871109133399,1,1.5,-1.5,989701.5606655887,
2015-01-14,65.68263244628906,59.62279510498047,-2.266384943937576,1,1.5,-1.5,992488.4640469364,
2015-01-15,64.16222381591797,59.36880493164063,-1.4287094336713708,1,1.5,-1.5,995021.3009609989,
2015-01-16,65.68263244628906,59.559303283691406,-2.0209310915459815,1,1.5,-1.5,992361.4804043582,
2015-01-19,65.68263244628906,59.62279510498047,-1.861267323186403,1,1.5,-1.5,992488.4640469364,
2015-01-20,64.46629333496094,59.94026565551758,-1.0688203959255085,1,1.5,-1.5,995556.0833706668,
2015-01-21,65.68263244628906,60.321250915527344,-1.468716323770296,1,1.5,-1.5,993885.3756680301,
2015-01-22,65.68263244628906,60.5117416381836,-1.3285370408290778,1,1.5,-1.5,994266.3571133426,
2015-01-23,65.68263244628906,60.63872909545898,-1.2223826073156594,1,1.5,-1.5,994520.3320278934,
2015-01-26,65.68263244628906,60.5117416381836,-1.2061023832045112,1,1.5,-1.5,994266.3571133426,
2015-01-27,65.68263244628906,60.63872909545898,-1.1048997944460528,1,1.5,-1.5,994520.3320278934,
2015-01-28,65.98673248291016,60.63872909545898,-1.1981158076649756,1,1.5,-1.5,993912.1319546512,
2015-01-29,65.37855529785156,60.321250915527344,-0.956255488800102,1,1.5,-1.5,994493.5299649051,
2015-01-30,63.24994659423828,60.63872909545898,0.26981859563446176,0,1.5,-1.5,999320.7481849673,Close
2015-02-02,64.46629333496094,60.575233459472656,-0.3573486886977912,0,1.5,-1.5,999320.7481849673,
2015-02-03,63.554046630859375,60.63872909545898,0.17237589188918032,0,1.5,-1.5,999320.7481849673,
2015-02-04,63.85811614990234,60.82921600341797,0.11444457166403248,0,1.5,-1.5,999320.7481849673,
2015-02-05,64.7703857421875,60.95621109008789,-0.3018904631068822,0,1.5,-1.5,999320.7481849673,
2015-02-06,65.07447052001953,60.95621109008789,-0.434093658815735,0,1.5,-1.5,999320.7481849673,
2015-02-09,65.07447052001953,60.70222091674805,-0.4983017993224743,0,1.5,-1.5,999320.7481849673,
2015-02-10,65.07447052001953,60.95621109008789,-0.35683227058076344,0,1.5,-1.5,999320.7481849673,
2015-02-11,65.37855529785156,60.95621109008789,-0.4983120313390665,0,1.5,-1.5,999320.7481849673,
2015-02-12,65.07447052001953,61.2736930847168,-0.13474820986212233,0,1.5,-1.5,999320.7481849673,
2015-02-13,65.37855529785156,61.52766799926758,-0.1648871038522054,0,1.5,-1.5,999320.7481849673,
2015-02-24,66.29080963134766,62.60710525512695,-0.22008722359267857,0,1.5,-1.5,999320.7481849673,
2015-02-25,67.20306396484375,62.7975959777832,-0.7274723880071664,0,1.5,-1.5,999320.7481849673,
2015-02-26,65.37855529785156,62.35312271118164,0.4069869260950812,0,1.5,-1.5,999320.7481849673,
2015-03-02,66.89898681640625,62.22613906860352,-0.7582701380331667,0,1.5,-1.5,999320.7481849673,
2015-03-03,66.89898681640625,62.22613906860352,-0.7226777014463299,0,1.5,-1.5,999320.7481849673,
2015-03-04,66.29080963134766,62.22613906860352,-0.19285055651692562,0,1.5,-1.5,999320.7481849673,
2015-03-05,65.98673248291016,62.22613906860352,0.11617878283841732,0,1.5,-1.5,999320.7481849673,
2015-03-06,65.68263244628906,62.22613906860352,0.4614321794722131,0,1.5,-1.5,999320.7481849673,
2015-03-09,64.46629333496094,61.71815872192383,1.2712981038127475,0,1.5,-1.5,999320.7481849673,
2015-03-10,65.98673248291016,61.78166580200195,-0.10392685028069859,0,1.5,-1.5,999320.7481849673,
2015-03-11,65.98673248291016,61.78166580200195,-0.08548105884300759,0,1.5,-1.5,999320.7481849673,
2015-03-12,65.98673248291016,61.90864181518555,0.05168967218447994,0,1.5,-1.5,999320.7481849673,
2015-03-13,66.89898681640625,62.54360580444336,-0.37187990811934774,0,1.5,-1.5,999320.7481849673,
2015-03-16,65.68263244628906,62.22613906860352,0.7270982502852761,0,1.5,-1.5,999320.7481849673,
2015-03-17,66.59490203857422,62.48012161254883,-0.08832804873189448,0,1.5,-1.5,999320.7481849673,
2015-03-18,65.98673248291016,62.60710525512695,0.6514023625990768,0,1.5,-1.5,999320.7481849673,
2015-03-19,66.59490203857422,62.8610954284668,0.0965383507284146,0,1.5,-1.5,999320.7481849673,
2015-03-20,67.81124877929688,62.92458724975586,-1.4643151970556016,0,1.5,-1.5,999320.7481849673,
2015-03-23,67.20306396484375,62.73408889770508,-0.8085342613963308,0,1.5,-1.5,999320.7481849673,
2015-03-24,67.50716400146484,63.30556106567383,-0.7272128273935219,0,1.5,-1.5,999320.7481849673,
2015-03-25,67.20306396484375,63.1785774230957,-0.4902194813740218,0,1.5,-1.5,999320.7481849673,
2015-03-26,66.89898681640625,63.36906051635742,0.1355024709063164,0,1.5,-1.5,999320.7481849673,
2015-03-27,66.89898681640625,63.1785774230957,-0.08840074384519159,0,1.5,-1.5,999320.7481849673,
2015-03-30,66.89898681640625,63.1785774230957,-0.11491900415654668,0,1.5,-1.5,999320.7481849673,
2015-03-31,66.59490203857422,63.1785774230957,0.3041106740559317,0,1.5,-1.5,999320.7481849673,
2015-04-01,66.29080963134766,62.67060470581055,0.1869363850738928,0,1.5,-1.5,999320.7481849673,
2015-04-02,67.50716400146484,63.051570892333984,-1.2388661025544776,0,1.5,-1.5,999320.7481849673,
2015-04-07,66.89898681640625,62.73408889770508,-0.7006575548788195,0,1.5,-1.5,999320.7481849673,
2015-04-08,65.68263244628906,62.73408889770508,1.127163303642702,0,1.5,-1.5,999320.7481849673,
2015-04-09,67.20306396484375,62.92458724975586,-1.0032037557739244,0,1.5,-1.5,999320.7481849673,
2015-04-10,65.68263244628906,63.1785774230957,1.7648068805006119,-1,1.5,-1.5,999255.5937365725,Short Spread
2015-04-13,67.20306396484375,63.242069244384766,-0.5952667215800602,0,1.5,-1.5,1002104.2553257755,Close
2015-04-14,66.29080963134766,62.8610954284668,0.6000703049691426,0,1.5,-1.5,1002104.2553257755,
2015-04-15,63.554046630859375,61.90864181518555,3.571433779025125,-1,1.5,-1.5,1002039.2368182376,Short Spread
2015-04-16,63.24994659423828,62.28962326049805,3.5534194673396007,-1,1.5,-1.5,1000669.0738543704,
2015-04-17,62.94586181640625,61.97214889526367,3.0812830445339845,-1,1.5,-1.5,1000695.8530291751,
2015-04-20,62.94586181640625,62.0991325378418,2.769373054725673,-1,1.5,-1.5,1000441.8857440188,
2015-04-21,64.46629333496094,62.22613906860352,1.3122880216335289,-1,1.5,-1.5,1003228.7357196048,
2015-04-22,64.7703857421875,62.22613906860352,0.9879317578767227,-1,1.5,-1.5,1003836.9205340579,
2015-04-23,65.68263244628906,62.73408889770508,0.4583743120603634,-1,1.5,-1.5,1004645.5142840579,
2015-04-24,66.59490203857422,63.11507797241211,-0.1412767053878729,0,1.5,-1.5,1005642.8869200137,Close
2015-04-27,66.59490203857422,63.051570892333984,-0.20406162724065172,0,1.5,-1.5,1005642.8869200137,
2015-04-28,66.29080963134766,63.051570892333984,0.0929115934556893,0,1.5,-1.5,1005642.8869200137,
2015-04-29,65.98673248291016,63.11507797241211,0.39167659854277154,0,1.5,-1.5,1005642.8869200137,
2015-04-30,65.68263244628906,62.8610954284668,0.47591389480305873,0,1.5,-1.5,1005642.8869200137,
2015-05-04,65.98673248291016,62.8610954284668,0.16308156915074523,0,1.5,-1.5,1005642.8869200137,
2015-05-05,65.68263244628906,63.051570892333984,0.5677631098067975,0,1.5,-1.5,1005642.8869200137,
2015-05-06,66.29080963134766,63.11507797241211,0.020635007824800055,0,1.5,-1.5,1005642.8869200137,
2015-05-07,66.59490203857422,62.67060470581055,-0.5493123072987166,0,1.5,-1.5,1005642.8869200137,
2015-05-08,65.98673248291016,62.7975959777832,0.11514583676921351,0,1.5,-1.5,1005642.8869200137,
2015-05-11,66.59490203857422,62.92458724975586,-0.39822370353557096,0,1.5,-1.5,1005642.8869200137,
2015-05-12,65.68263244628906,62.92458724975586,0.47293088364166297,0,1.5,-1.5,1005642.8869200137,
2015-05-13,64.7703857421875,62.67060470581055,1.1326053542902292,0,1.5,-1.5,1005642.8869200137,
2015-05-14,65.37855529785156,62.48012161254883,0.39199681223727356,0,1.5,-1.5,1005642.8869200137,
2015-05-15,64.46629333496094,62.48012161254883,1.217126862692532,0,1.5,-1.5,1005642.8869200137,
2015-05-18,65.07447052001953,62.48012161254883,0.6072063683316478,0,1.5,-1.5,1005642.8869200137,
2015-05-19,65.98673248291016,62.8610954284668,-0.023818647188109256,0,1.5,-1.5,1005642.8869200137,
2015-05-20,65.98673248291016,62.54360580444336,-0.29116475473826764,0,1.5,-1.5,1005642.8869200137,
2015-05-21,64.46629333496094,61.97214889526367,0.7872939950472061,0,1.5,-1.5,1005642.8869200137,
2015-05-22,64.7703857421875,62.35312271118164,0.7136433718750532,0,1.5,-1.5,1005642.8869200137,
2015-05-25,65.37855529785156,62.22613906860352,-0.0449483253544181,0,1.5,-1.5,1005642.8869200137,
2015-05-26,65.07447052001953,62.0991325378418,0.15891110027077582,0,1.5,-1.5,1005642.8869200137,
2015-05-27,65.37855529785156,62.0991325378418,-0.18921981527459725,0,1.5,-1.5,1005642.8869200137,
2015-05-28,64.46629333496094,61.78166580200195,0.5209585980921895,0,1.5,-1.5,1005642.8869200137,
2015-05-29,65.68263244628906,61.5911750793457,-0.9485306351393139,0,1.5,-1.5,1005642.8869200137,
2015-06-01,64.46629333496094,61.6546745300293,0.398092807592607,0,1.5,-1.5,1005642.8869200137,
2015-06-02,63.85811614990234,61.52766799926758,0.9274761105968315,0,1.5,-1.5,1005642.8869200137,
2015-06-03,64.16222381591797,61.33719253540039,0.39062215852906235,0,1.5,-1.5,1005642.8869200137,
2015-06-04,63.24994659423828,60.82921600341797,0.9913203350093115,0,1.5,-1.5,1005642.8869200137,
2015-06-05,62.94586181640625,60.95621109008789,1.394045606257297,0,1.5,-1.5,1005642.8869200137,
2015-06-08,63.85811614990234,62.0356330871582,1.1725428740223314,0,1.5,-1.5,1005642.8869200137,
2015-06-09,63.554046630859375,61.5911750793457,1.1123471224354176,0,1.5,-1.5,1005642.8869200137,
2015-06-10,63.554046630859375,61.5911750793457,1.058111216296746,0,1.5,-1.5,1005642.8869200137,
2015-06-11,64.46629333496094,61.90864181518555,0.2768065219427649,0,1.5,-1.5,1005642.8869200137,
2015-06-12,63.554046630859375,61.5911750793457,1.1828584456372548,0,1.5,-1.5,1005642.8869200137,
2015-06-15,63.554046630859375,61.33719253540039,1.0485369669707245,0,1.5,-1.5,1005642.8869200137,
2015-06-16,63.554046630859375,60.95621109008789,0.7998421869711559,0,1.5,-1.5,1005642.8869200137,
2015-06-17,62.64176940917969,60.765716552734375,1.8402362223679767,-1,1.5,-1.5,1005577.9506205752,Short Spread
2015-06-18,64.16222381591797,60.8927116394043,-0.17006325512294648,0,1.5,-1.5,1008299.8670632937,Close
2015-06-22,64.46629333496094,61.40068435668945,-0.09836424593024379,0,1.5,-1.5,1008299.8670632937,
2015-06-23,65.07447052001953,61.5911750793457,-0.7983227753178962,0,1.5,-1.5,1008299.8670632937,
2015-06-24,65.07447052001953,61.71815872192383,-0.7048539857518266,0,1.5,-1.5,1008299.8670632937,
2015-06-25,65.37855529785156,61.90864181518555,-0.9613543466621716,0,1.5,-1.5,1008299.8670632937,
2015-06-26,66.08431243896484,61.90864181518555,-1.8874330694604209,1,1.5,-1.5,1008234.7473451236,Long Spread
2015-06-29,67.04670715332031,61.90864181518555,-2.8308943180304365,1,1.5,-1.5,1006309.9579164126,
2015-06-30,66.08431243896484,62.48012161254883,-1.0784335104434963,1,1.5,-1.5,1009377.7069398501,
2015-07-01,67.36750793457031,62.22613906860352,-2.578298194664436,1,1.5,-1.5,1006303.3508607486,
2015-07-02,66.08431243896484,62.28962326049805,-1.048572454701207,1,1.5,-1.5,1008996.7102357486,
2015-07-03,66.08431243896484,62.4166145324707,-0.9666261637281549,1,1.5,-1.5,1009250.6927796939,
2015-07-06,65.44271850585938,62.4166145324707,-0.24510837245796482,1,1.5,-1.5,1010533.8806459048,
2015-07-07,65.44271850585938,62.67060470581055,-0.06762379439878703,1,1.5,-1.5,1011041.8609925845,
2015-07-08,65.44271850585938,62.22613906860352,-0.4267838749251044,1,1.5,-1.5,1010152.9297181704,
2015-07-09,64.1595230102539,62.0356330871582,0.8954693673251669,0,1.5,-1.5,1012273.2609402469,Close
2015-07-10,64.1595230102539,62.0356330871582,0.8611359012711582,0,1.5,-1.5,1012273.2609402469,
2015-07-13,64.48031616210938,62.35312271118164,0.7575949984007321,0,1.5,-1.5,1012273.2609402469,
2015-07-14,66.08431243896484,62.35312271118164,-1.0356304566499017,0,1.5,-1.5,1012273.2609402469,
2015-07-15,65.44271850585938,62.35312271118164,-0.3159329034596502,0,1.5,-1.5,1012273.2609402469,
2015-07-16,65.76351928710938,63.39278793334961,0.1368770517299553,0,1.5,-1.5,1012273.2609402469,
2015-07-17,65.44271850585938,63.52638244628906,0.6069783055470257,0,1.5,-1.5,1012273.2609402469,
2015-07-20,64.48031616210938,63.459590911865234,1.56945627362559,-1,1.5,-1.5,1012208.1433439639,Short Spread
2015-07-21,64.48031616210938,63.52638244628906,1.5258432782344242,-1,1.5,-1.5,1012074.5602751162,
2015-07-22,64.80111694335938,63.65999221801758,1.2225102222707933,-1,1.5,-1.5,1012448.9422941592,
2015-07-23,65.12191772460938,63.72678756713867,0.8919802145603731,-1,1.5,-1.5,1012956.953158417,
2015-07-24,66.40510559082031,63.79358673095703,-0.38558832223415485,0,1.5,-1.5,1015324.5226155093,Close
2015-07-27,65.76351928710938,64.1275863647461,0.4959269873152365,0,1.5,-1.5,1015324.5226155093,
2015-07-28,65.76351928710938,63.79358673095703,0.23710034407763936,0,1.5,-1.5,1015324.5226155093,
2015-07-29,65.44271850585938,64.1275863647461,0.8191137404813337,0,1.5,-1.5,1015324.5226155093,
2015-07-30,66.08431243896484,64.46158599853516,0.3836961122948105,0,1.5,-1.5,1015324.5226155093,
2015-07-31,67.04670715332031,65.46358489990234,0.13478452836861066,0,1.5,-1.5,1015324.5226155093,
2015-08-03,66.40510559082031,65.32997131347656,0.7295940232617294,0,1.5,-1.5,1015324.5226155093,
2015-08-04,67.36750793457031,66.06477355957031,0.2799465150466578,0,1.5,-1.5,1015324.5226155093,
2015-08-05,67.68830108642578,66.33196258544922,0.16120302433008094,0,1.5,-1.5,1015324.5226155093,
2015-08-06,66.40510559082031,65.86437225341797,1.1887475683215114,0,1.5,-1.5,1015324.5226155093,
2015-08-07,67.04670715332031,65.46358489990234,0.18197837369511655,0,1.5,-1.5,1015324.5226155093,
2015-08-10,66.08431243896484,65.59717559814453,1.3103039344831173,0,1.5,-1.5,1015324.5226155093,
2015-08-11,66.08431243896484,65.9311752319336,1.5110884833284346,-1,1.5,-1.5,1015259.2419960025,Short Spread
2015-08-12,65.44271850585938,66.13157653808594,2.151003110259545,-1,1.5,-1.5,1013575.2515174869,
2015-08-13,65.76351928710938,65.73078155517578,1.5202697270426215,-1,1.5,-1.5,1015018.4430458072,
2015-08-14,65.76351928710938,65.12957000732422,1.0537606786919276,-1,1.5,-1.5,1016220.8661415103,
2015-08-17,64.80111694335938,65.06277465820312,1.798834838506719,-1,1.5,-1.5,1014429.6521522525,
2015-08-18,64.48031616210938,65.73078155517578,2.2911590931244987,-1,1.5,-1.5,1012452.0367958072,
2015-08-19,65.12191772460938,65.73078155517578,1.6286801325837237,-1,1.5,-1.5,1013735.2399208072,
2015-08-20,64.48031616210938,65.39677429199219,1.8280326706381067,-1,1.5,-1.5,1013120.0513221744,
2015-08-21,64.1595230102539,65.12957000732422,1.8181670431858117,-1,1.5,-1.5,1013012.8735877994,
2015-08-24,62.49136734008789,63.52638244628906,2.143260672071408,-1,1.5,-1.5,1012882.9373695377,
2015-08-25,62.17058181762695,63.65999221801758,2.2673754201626557,-1,1.5,-1.5,1011974.1467811587,
2015-08-26,62.23473739624024,63.52638244628906,2.0856542602533996,-1,1.5,-1.5,1012369.6774818423,
2015-08-27,63.06880569458008,64.19438171386719,1.711760857491051,-1,1.5,-1.5,1012701.8155433658,
2015-08-28,63.00465774536133,64.19438171386719,1.6732515032240962,-1,1.5,-1.5,1012573.5196449283,
2015-08-31,62.74801254272461,65.99796295166016,2.5671764499559475,-1,1.5,-1.5,1008453.0667640689,
2015-09-01,63.83872222900391,65.06277465820312,1.235617554749128,-1,1.5,-1.5,1012504.8627235416,
2015-09-02,64.03120422363281,64.79558563232422,0.9156640507165121,-1,1.5,-1.5,1013424.2047645572,
2015-09-03,65.12191772460938,64.99598693847656,0.2061839789676763,-1,1.5,-1.5,1015204.8291542056,
2015-09-04,64.03120422363281,65.12957000732422,1.0209394274752381,-1,1.5,-1.5,1012756.2360145572,
2015-09-07,64.80111694335938,65.12957000732422,0.43544297415717853,-1,1.5,-1.5,1014296.0614540103,
2015-09-08,64.1595230102539,64.46158599853516,0.5184402454126363,-1,1.5,-1.5,1014348.8416053775,
2015-09-09,64.1595230102539,65.12957000732422,0.8407283494256412,-1,1.5,-1.5,1013012.8735877994,
2015-09-10,64.1595230102539,65.12957000732422,0.7988790989332201,-1,1.5,-1.5,1013012.8735877994,
2015-09-11,64.80111694335938,65.46358489990234,0.44305327471769673,-1,1.5,-1.5,1013628.0316688541,
2015-09-14,64.80111694335938,65.46358489990234,0.42083681858546823,-1,1.5,-1.5,1013628.0316688541,
2015-09-15,65.12191772460938,65.73078155517578,0.2967674369120026,-1,1.5,-1.5,1013735.2399208072,
2015-09-16,64.80111694335938,65.73078155517578,0.527788596227782,-1,1.5,-1.5,1013093.6383583072,
2015-09-17,64.80111694335938,65.79756927490234,0.5335651256258803,-1,1.5,-1.5,1012960.0629188541,
2015-09-18,66.72590637207031,65.79756927490234,-1.1012994861890368,0,1.5,-1.5,1016744.3408372501,Close
2015-09-21,65.76351928710938,65.12957000732422,-0.7149903706471755,0,1.5,-1.5,1016744.3408372501,
2015-09-22,66.72590637207031,65.66397094726562,-1.2378870421169443,0,1.5,-1.5,1016744.3408372501,
2015-09-23,64.80111694335938,65.26316833496094,0.16035932274357753,0,1.5,-1.5,1016744.3408372501,
2015-09-24,64.80111694335938,65.5303726196289,0.29149089152065055,0,1.5,-1.5,1016744.3408372501,
2015-09-25,64.1595230102539,65.46358489990234,0.7940208345445788,0,1.5,-1.5,1016744.3408372501,
2015-09-29,64.1595230102539,65.46358489990234,0.7533523724123399,0,1.5,-1.5,1016744.3408372501,
2015-09-30,64.48031616210938,65.99796295166016,0.7749789871678107,0,1.5,-1.5,1016744.3408372501,
2015-10-01,64.1595230102539,65.9311752319336,1.0219239992278146,0,1.5,-1.5,1016744.3408372501,
2015-10-02,64.48031616210938,66.13157653808594,0.7916632011681226,0,1.5,-1.5,1016744.3408372501,
2015-10-05,63.90288925170898,65.86437225341797,1.1977657135381647,0,1.5,-1.5,1016744.3408372501,
2015-10-06,64.1595230102539,65.86437225341797,0.8588985870601288,0,1.5,-1.5,1016744.3408372501,
2015-10-07,64.48031616210938,65.79756927490234,0.38708985444312183,0,1.5,-1.5,1016744.3408372501,
2015-10-08,64.48031616210938,65.79756927490234,0.3656633807739025,0,1.5,-1.5,1016744.3408372501,
2015-10-12,64.80111694335938,66.13157653808594,0.2317444148370523,0,1.5,-1.5,1016744.3408372501,
2015-10-13,65.12191772460938,66.06477355957031,-0.27702852517605075,0,1.5,-1.5,1016744.3408372501,
2015-10-14,64.48031616210938,66.06477355957031,0.5231746454184952,0,1.5,-1.5,1016744.3408372501,
2015-10-15,65.12191772460938,66.33196258544922,-0.05745941002087136,0,1.5,-1.5,1016744.3408372501,
2015-10-16,66.08431243896484,65.9311752319336,-1.6065279955949578,1,1.5,-1.5,1016679.0602177433,Long Spread
2015-10-19,65.44271850585938,66.66596984863281,-0.13290101286449088,1,1.5,-1.5,1019431.8373173526,
2015-10-20,66.08431243896484,66.79956817626953,-0.7935751575835772,1,1.5,-1.5,1018415.8461064151,
2015-10-21,64.80111694335938,66.66596984863281,0.6988363608803965,0,1.5,-1.5,1020649.7817588809,Close
2015-10-22,65.44271850585938,66.73277282714844,-0.013165866133387856,0,1.5,-1.5,1020649.7817588809,
2015-10-23,65.44271850585938,66.79956817626953,0.077549138838325,0,1.5,-1.5,1020649.7817588809,
2015-10-26,66.72590637207031,67.13356018066406,-1.2241415568690197,0,1.5,-1.5,1020649.7817588809,
2015-10-27,66.08431243896484,67.13356018066406,-0.36605116718849356,0,1.5,-1.5,1020649.7817588809,
2015-10-28,66.08431243896484,67.13356018066406,-0.32192348433567347,0,1.5,-1.5,1020649.7817588809,
2015-10-29,65.76351928710938,67.13356018066406,0.1708175765136311,0,1.5,-1.5,1020649.7817588809,
2015-10-30,65.76351928710938,66.59916687011719,-0.37974513150569833,0,1.5,-1.5,1020649.7817588809,
2015-11-02,65.12191772460938,67.13356018066406,1.0883537169398176,0,1.5,-1.5,1020649.7817588809,
2015-11-03,65.44271850585938,66.79956817626953,0.26401577890728717,0,1.5,-1.5,1020649.7817588809,
2015-11-04,65.44271850585938,66.79956817626953,0.24432778739576566,0,1.5,-1.5,1020649.7817588809,
2015-11-05,65.44271850585938,66.79956817626953,0.23017603609013562,0,1.5,-1.5,1020649.7817588809,
2015-11-06,65.76351928710938,66.13157653808594,-0.925025246121292,0,1.5,-1.5,1020649.7817588809,
2015-11-09,65.44271850585938,66.26517486572266,-0.2881140310809573,0,1.5,-1.5,1020649.7817588809,
2015-11-10,64.48031616210938,65.79756927490234,0.6268009614490011,0,1.5,-1.5,1020649.7817588809,
2015-11-11,64.48031616210938,65.79756927490234,0.6034927341841156,0,1.5,-1.5,1020649.7817588809,
2015-11-12,64.48031616210938,66.13157653808594,0.9125323926966449,0,1.5,-1.5,1020649.7817588809,
2015-11-13,64.1595230102539,65.5303726196289,0.7320657009424636,0,1.5,-1.5,1020649.7817588809,
2015-11-16,64.1595230102539,64.99598693847656,0.17615431039535373,0,1.5,-1.5,1020649.7817588809,
2015-11-17,64.48031616210938,66.465576171875,1.2361832443524563,0,1.5,-1.5,1020649.7817588809,
2015-11-18,65.12191772460938,65.99796295166016,-0.3889126736599583,0,1.5,-1.5,1020649.7817588809,
2015-11-19,64.80111694335938,66.79956817626953,1.2185076131988906,0,1.5,-1.5,1020649.7817588809,
2015-11-20,64.80111694335938,66.33196258544922,0.5038535124880302,0,1.5,-1.5,1020649.7817588809,
2015-11-23,64.48031616210938,66.39877319335938,1.2008276413030459,0,1.5,-1.5,1020649.7817588809,
2015-11-24,64.80111694335938,66.13157653808594,0.16724532585304613,0,1.5,-1.5,1020649.7817588809,
2015-11-25,63.710411071777344,66.13157653808594,2.2037754667961913,-1,1.5,-1.5,1020584.5880793765,Short Spread
2015-11-26,63.6462516784668,66.33196258544922,2.36352231983931,-1,1.5,-1.5,1020055.4971980288,
2015-11-27,64.1595230102539,66.13157653808594,1.182800508423711,-1,1.5,-1.5,1021482.8119563296,
2015-11-30,63.26129150390625,66.66596984863281,2.9686129932488035,-1,1.5,-1.5,1018617.5623225406,
2015-12-01,64.1595230102539,66.73277282714844,1.6003399462409615,-1,1.5,-1.5,1020280.4193782046,
2015-12-02,63.710411071777344,66.19837188720703,1.6286191857349017,-1,1.5,-1.5,1020450.9973811343,
2015-12-03,63.51792907714844,65.9311752319336,1.5423223887239121,-1,1.5,-1.5,1020600.4267024234,
2015-12-04,63.38960647583008,66.13157653808594,1.8009953035405668,-1,1.5,-1.5,1019942.978887482,
2015-12-07,63.3254508972168,66.13157653808594,1.762122801253789,-1,1.5,-1.5,1019814.6677302554,
2015-12-08,62.87633514404297,65.86437225341797,1.941030050012637,-1,1.5,-1.5,1019450.8447932437,
2015-12-09,62.87633514404297,65.73078155517578,1.70945270433355,-1,1.5,-1.5,1019718.026189728,
2015-12-10,62.5555419921875,65.79756927490234,1.98273733349888,-1,1.5,-1.5,1018942.864446564,
2015-12-11,62.87633514404297,65.46358489990234,1.299268877100267,-1,1.5,-1.5,1020252.4195002749,
2015-12-14,62.42721176147461,65.32997131347656,1.6095016913776168,-1,1.5,-1.5,1019621.3999079898,
2015-12-15,62.23473739624024,65.46358489990234,1.8198625434112508,-1,1.5,-1.5,1018969.2240046695,
2015-12-16,62.29888916015625,65.46358489990234,1.6404099532104557,-1,1.5,-1.5,1019097.5275325015,
2015-12-17,63.26129150390625,65.73078155517578,0.7641937406997137,-1,1.5,-1.5,1020487.9389094546,
2015-12-18,62.68385696411133,65.79756927490234,1.362895163957908,-1,1.5,-1.5,1019199.4943904117,
2015-12-21,63.38960647583008,65.59717559814453,0.41903543529236004,-1,1.5,-1.5,1021011.7807673648,
2015-12-22,62.94049072265625,66.39877319335938,1.4811892015598092,-1,1.5,-1.5,1018510.3540705874,
2015-12-23,62.87633514404297,66.39877319335938,1.4757887777771286,-1,1.5,-1.5,1018382.0429133609,
2015-12-24,63.1971435546875,66.39877319335938,1.0646678076930571,-1,1.5,-1.5,1019023.6597346499,
2015-12-25,63.3254508972168,66.465576171875,0.9322938696628045,-1,1.5,-1.5,1019146.6684626773,
2015-12-28,63.58208847045898,66.465576171875,0.6077219492104545,-1,1.5,-1.5,1019659.9436091617,
2015-12-29,63.06880569458008,66.13157653808594,0.8781015531884022,-1,1.5,-1.5,1019301.377324982,
2015-12-30,62.87633514404297,66.19837188720703,1.1017723701691782,-1,1.5,-1.5,1018782.8455256656,
2015-12-31,64.1595230102539,66.19837188720703,-0.4282157689506755,0,1.5,-1.5,1021284.0069422915,Close
2016-01-04,62.87633514404297,65.59717559814453,0.5592085253087254,0,1.5,-1.5,1021284.0069422915,
2016-01-05,63.13297271728516,65.99796295166016,0.5603902829205236,0,1.5,-1.5,1021284.0069422915,
2016-01-06,62.5555419921875,65.9311752319336,1.2282618583217395,0,1.5,-1.5,1021284.0069422915,
2016-01-07,62.5555419921875,66.26517486572266,1.483893106239315,0,1.5,-1.5,1021284.0069422915,
2016-01-08,62.5555419921875,66.39877319335938,1.529559669481874,-1,1.5,-1.5,1021218.8487696841,Short Spread
2016-01-11,63.06880569458008,66.79956817626953,1.1631056380961333,-1,1.5,-1.5,1021443.7862086489,
2016-01-12,63.83872222900391,67.46756744384766,0.7206723287046707,-1,1.5,-1.5,1021647.6207423403,
2016-01-13,63.83872222900391,67.80155944824219,1.0212375482956664,-1,1.5,-1.5,1020979.6367335513,
2016-01-14,63.774559020996094,68.46955871582031,1.831753040404584,-1,1.5,-1.5,1019515.3117823794,
2016-01-15,62.87633514404297,67.46756744384766,1.9991883000298019,-1,1.5,-1.5,1019722.8465724185,
2016-01-18,62.87633514404297,66.79956817626953,1.2285116295009852,-1,1.5,-1.5,1021058.8451075747,
2016-01-19,62.87633514404297,67.80155944824219,2.254004583569091,-1,1.5,-1.5,1019054.8625636294,
2016-01-20,62.23473739624024,67.80155944824219,3.06135985819192,-1,1.5,-1.5,1017771.6670680239,
2016-01-21,62.23473739624024,67.13356018066406,2.1244406081442726,-1,1.5,-1.5,1019107.6656031802,
2016-01-22,63.710411071777344,67.13356018066406,-0.12461578958124078,0,1.5,-1.5,1021993.7791954043,Close
2016-01-25,64.09535217285156,68.13555145263672,0.33510433686585683,0,1.5,-1.5,1021993.7791954043,
2016-01-26,63.06880569458008,68.13555145263672,1.8407314391312388,-1,1.5,-1.5,1021928.5310211184,Short Spread
2016-01-27,63.6462516784668,68.13555145263672,0.9131057137863903,-1,1.5,-1.5,1023083.4229888918,
2016-01-28,63.90288925170898,68.46955871582031,0.8405396325236392,-1,1.5,-1.5,1022928.683609009,
2016-01-29,64.1595230102539,68.80355072021484,0.7697755528833217,-1,1.5,-1.5,1022773.9671173098,
2016-01-30,64.1595230102539,68.80355072021484,0.729888439618801,-1,1.5,-1.5,1022773.9671173098,
2016-02-01,64.09535217285156,68.80355072021484,0.7914581164390909,-1,1.5,-1.5,1022645.6254425051,
2016-02-02,63.90288925170898,68.80355072021484,1.0498281732218617,-1,1.5,-1.5,1022260.69960022,
2016-02-03,63.90288925170898,68.80355072021484,0.9987336662731265,-1,1.5,-1.5,1022260.69960022,
2016-02-15,63.58208847045898,69.80554962158203,2.379314104746555,-1,1.5,-1.5,1019615.1002349856,
2016-02-16,64.1595230102539,70.1395492553711,1.7584612034714193,-1,1.5,-1.5,1020101.9700469973,
2016-02-17,65.12191772460938,70.47354125976562,0.6818881921909401,-1,1.5,-1.5,1021358.7754669192,
2016-02-18,65.44271850585938,69.80554962158203,-0.4577265987743854,0,1.5,-1.5,1023270.9503750612,Close
2016-02-19,64.80111694335938,70.1395492553711,0.769929021088278,0,1.5,-1.5,1023270.9503750612,
2016-02-22,64.80111694335938,69.47154998779297,0.053165895534736746,0,1.5,-1.5,1023270.9503750612,
2016-02-23,65.44271850585938,69.47154998779297,-0.8818002721095607,0,1.5,-1.5,1023270.9503750612,
2016-02-24,64.1595230102539,68.80355072021484,0.25868255210384833,0,1.5,-1.5,1023270.9503750612,
2016-02-25,65.44271850585938,69.80554962158203,-0.6149197140439705,0,1.5,-1.5,1023270.9503750612,
2016-02-26,65.76351928710938,69.80554962158203,-1.0758404084565836,0,1.5,-1.5,1023270.9503750612,
2016-03-01,66.40510559082031,70.47354125976562,-1.2992969688237774,0,1.5,-1.5,1023270.9503750612,
2016-03-02,66.40510559082031,70.47354125976562,-1.2783588216051334,0,1.5,-1.5,1023270.9503750612,
2016-03-03,66.72590637207031,70.80754089355469,-1.39572769940895,0,1.5,-1.5,1023270.9503750612,
2016-03-04,65.44271850585938,70.80754089355469,0.4705918448994197,0,1.5,-1.5,1023270.9503750612,
2016-03-07,66.40510559082031,70.80754089355469,-0.9481614595967187,0,1.5,-1.5,1023270.9503750612,
2016-03-08,66.08431243896484,70.1395492553711,-1.2920853364218745,0,1.5,-1.5,1023270.9503750612,
2016-03-09,65.44271850585938,70.47354125976562,0.06381638925356677,0,1.5,-1.5,1023270.9503750612,
2016-03-10,65.76351928710938,70.80754089355469,-0.10529710294984557,0,1.5,-1.5,1023270.9503750612,
2016-03-11,66.08431243896484,70.80754089355469,-0.6343135654804216,0,1.5,-1.5,1023270.9503750612,
2016-03-14,66.08431243896484,70.80754089355469,-0.6191097615260035,0,1.5,-1.5,1023270.9503750612,
2016-03-15,66.08431243896484,71.47554016113281,0.16148750746879356,0,1.5,-1.5,1023270.9503750612,
2016-03-16,65.76351928710938,71.80953216552734,1.0332557371500857,0,1.5,-1.5,1023270.9503750612,
2016-03-17,67.04670715332031,72.1435317993164,-0.6761386674092389,0,1.5,-1.5,1023270.9503750612,
2016-03-18,66.08431243896484,72.47752380371094,1.220191031274602,0,1.5,-1.5,1023270.9503750612,
2016-03-21,66.72590637207031,72.1435317993164,-0.17954651914325606,0,1.5,-1.5,1023270.9503750612,
2016-03-22,67.36750793457031,72.8115234375,-0.42054486111681194,0,1.5,-1.5,1023270.9503750612,
2016-03-23,67.36750793457031,72.8115234375,-0.4111244701444721,0,1.5,-1.5,1023270.9503750612,
2016-03-24,67.36750793457031,73.4795150756836,0.37805090812138675,0,1.5,-1.5,1023270.9503750612,
2016-03-25,67.04670715332031,73.81352233886719,1.3657911805395382,0,1.5,-1.5,1023270.9503750612,
2016-03-28,67.04670715332031,73.14552307128906,0.5942725061044408,0,1.5,-1.5,1023270.9503750612,
2016-03-29,66.40510559082031,72.8115234375,1.2320014365808745,0,1.5,-1.5,1023270.9503750612,
2016-03-30,67.04670715332031,73.81352233886719,1.2849844114645927,0,1.5,-1.5,1023270.9503750612,
2016-03-31,67.04670715332031,73.14552307128906,0.5015436354563699,0,1.5,-1.5,1023270.9503750612,
2016-04-01,67.04670715332031,73.14552307128906,0.49310057132978763,0,1.5,-1.5,1023270.9503750612,
2016-04-06,65.76351928710938,71.47554016113281,0.6404151737068225,0,1.5,-1.5,1023270.9503750612,
2016-04-07,66.72590637207031,72.1435317993164,-0.1855852215461249,0,1.5,-1.5,1023270.9503750612,
2016-04-08,66.72590637207031,72.47752380371094,0.21946575084848613,0,1.5,-1.5,1023270.9503750612,
2016-04-11,68.00909423828125,73.14552307128906,-1.1106171607621336,0,1.5,-1.5,1023270.9503750612,
2016-04-12,67.68830108642578,73.14552307128906,-0.5411370761778652,0,1.5,-1.5,1023270.9503750612,
2016-04-13,67.68830108642578,73.4795150756836,-0.12138557641449059,0,1.5,-1.5,1023270.9503750612,
2016-04-14,67.36750793457031,73.14552307128906,0.08590058094211046,0,1.5,-1.5,1023270.9503750612,
2016-04-15,68.32988739013672,73.81352233886719,-0.7775036408951541,0,1.5,-1.5,1023270.9503750612,
2016-04-18,68.32988739013672,74.14751434326172,-0.2905396007781554,0,1.5,-1.5,1023270.9503750612,
2016-04-19,68.32988739013672,73.14552307128906,-1.611093408219641,1,1.5,-1.5,1023205.2913586427,Long Spread
2016-04-20,68.00909423828125,72.8115234375,-1.375664143971743,1,1.5,-1.5,1023178.8783947756,
2016-04-21,68.00909423828125,73.4795150756836,-0.4662208352579566,1,1.5,-1.5,1024514.8616711427,
2016-04-22,68.00909423828125,73.81352233886719,-0.04659957518453109,1,1.5,-1.5,1025182.8761975099,
2016-04-25,68.00909423828125,74.48152160644531,0.8405353777025574,0,1.5,-1.5,1026453.1751080324,Close
2016-04-26,68.32988739013672,73.4795150756836,-1.0829670180330047,0,1.5,-1.5,1026453.1751080324,
2016-04-27,68.32988739013672,73.4795150756836,-1.0881266210064469,0,1.5,-1.5,1026453.1751080324,
2016-04-28,68.00909423828125,72.8115234375,-1.3857820966512207,0,1.5,-1.5,1026453.1751080324,
2016-04-29,68.32988739013672,72.8115234375,-1.933796831381389,1,1.5,-1.5,1026387.5294515993,Long Spread
2016-05-03,68.97149658203125,73.81352233886719,-1.7822607169571028,1,1.5,-1.5,1027108.3088705447,
2016-05-04,68.97149658203125,73.81352233886719,-1.667284303302749,1,1.5,-1.5,1027108.3088705447,
2016-05-05,68.32988739013672,73.14552307128906,-1.3444485365042935,1,1.5,-1.5,1027055.5287191775,
2016-05-06,68.65069580078125,73.4795150756836,-1.4647689629099674,1,1.5,-1.5,1027081.8959066775,
2016-05-09,69.29228973388672,73.81352233886719,-1.9891608813473078,1,1.5,-1.5,1026466.7225668337,
2016-05-10,70.89627075195312,74.14751434326172,-3.4226422214776915,1,1.5,-1.5,1023926.74453949,
2016-05-11,71.2170639038086,73.81352233886719,-3.403696611133969,1,1.5,-1.5,1022617.17422699,
2016-05-12,71.2170639038086,74.48152160644531,-2.5436765502919307,1,1.5,-1.5,1023953.1727621462,
2016-05-13,70.89627075195312,74.81552124023438,-1.8250646829521824,1,1.5,-1.5,1025262.7583334353,
2016-05-16,70.89627075195312,73.81352233886719,-2.3039388928209945,1,1.5,-1.5,1023258.7605307009,
2016-05-17,71.53787231445312,73.81352233886719,-2.5711149019392376,1,1.5,-1.5,1021975.5574057009,
2016-05-18,71.8586654663086,74.14751434326172,-2.3952021340299137,1,1.5,-1.5,1022001.955110779,
2016-05-19,70.89627075195312,73.14552307128906,-2.0179556489722716,1,1.5,-1.5,1021922.7619955447,
2016-05-20,71.2170639038086,73.4795150756836,-1.9224165513112024,1,1.5,-1.5,1021949.1597006228,
2016-05-23,70.89627075195312,73.4795150756836,-1.5852457787433265,1,1.5,-1.5,1022590.7460043337,
2016-05-24,71.2170639038086,73.81352233886719,-1.5460955547775062,1,1.5,-1.5,1022617.17422699,
2016-05-25,71.53787231445312,73.81352233886719,-1.6656373894621497,1,1.5,-1.5,1021975.5574057009,
2016-05-26,70.57546997070312,73.4795150756836,-1.1163061772824399,1,1.5,-1.5,1023232.3475668337,
2016-05-27,71.2170639038086,73.81352233886719,-1.3235094738886297,1,1.5,-1.5,1022617.17422699,
2016-05-30,71.53787231445312,73.4795150756836,-1.6148294681134514,1,1.5,-1.5,1021307.5428793337,
2016-05-31,71.53787231445312,73.4795150756836,-1.5270908760742867,1,1.5,-1.5,1021307.5428793337,
2016-06-01,70.89627075195312,73.81352233886719,-0.8939476807493116,1,1.5,-1.5,1023258.7605307009,
2016-06-02,70.89627075195312,74.14751434326172,-0.693502539308394,1,1.5,-1.5,1023926.74453949,
2016-06-03,71.8586654663086,74.81552124023438,-0.9813015665150134,1,1.5,-1.5,1023337.9689047243,
2016-06-04,71.8586654663086,74.81552124023438,-0.9359425467351578,1,1.5,-1.5,1023337.9689047243,
2016-06-06,71.8586654663086,74.81552124023438,-0.8901131690505314,1,1.5,-1.5,1023337.9689047243,
2016-06-07,72.50025177001953,75.1495132446289,-1.1204153701159363,1,1.5,-1.5,1022722.7803060915,
2016-06-08,73.14186096191406,75.48351287841797,-1.3423953699786828,1,1.5,-1.5,1022107.5611898806,
2016-06-13,72.82106018066406,74.81552124023438,-1.3888435898115465,1,1.5,-1.5,1021413.1794760134,
2016-06-14,73.46265411376953,74.81552124023438,-1.741390967380866,1,1.5,-1.5,1020129.9916098025,
2016-06-15,74.104248046875,75.1495132446289,-1.9052612736100212,1,1.5,-1.5,1019514.7877523806,
2016-06-16,72.82106018066406,74.81552124023438,-1.1191598291330218,1,1.5,-1.5,1021413.1794760134,
2016-06-17,73.46265411376953,75.1495132446289,-1.330478094958214,1,1.5,-1.5,1020797.9756185915,
2016-06-20,73.78345489501953,75.48351287841797,-1.3292863283469913,1,1.5,-1.5,1020824.3733236697,
2016-06-21,73.14186096191406,75.48351287841797,-0.8416088435360743,1,1.5,-1.5,1022107.5611898806,
2016-06-22,73.14186096191406,75.8175048828125,-0.6377533741068071,1,1.5,-1.5,1022775.5451986697,
2016-06-23,73.14186096191406,75.48351287841797,-0.7891035136024973,1,1.5,-1.5,1022107.5611898806,
2016-06-24,72.1794662475586,75.1495132446289,-0.146088816012487,1,1.5,-1.5,1023364.3513510134,
2016-06-27,72.50025177001953,74.81552124023438,-0.5956093040691849,1,1.5,-1.5,1022054.7962973025,
2016-06-28,72.50025177001953,75.1495132446289,-0.33656856665188195,1,1.5,-1.5,1022722.7803060915,
2016-06-29,73.78345489501953,76.15150451660156,-0.8550986359667251,1,1.5,-1.5,1022160.3566000368,
2016-06-30,75.87419891357422,77.82148742675781,-1.732438686537244,1,1.5,-1.5,1021318.83438324,
2016-07-01,75.87419891357422,78.82349395751953,-0.9758882869039451,1,1.5,-1.5,1023322.8474447634,
2016-07-04,74.86255645751953,79.49148559570312,0.912260015871632,0,1.5,-1.5,1026615.9414715578,Close
2016-07-05,74.52533721923828,78.82349395751953,0.8824441141337586,0,1.5,-1.5,1026615.9414715578,
2016-07-06,74.52533721923828,78.48949432373047,0.5623682002945257,0,1.5,-1.5,1026615.9414715578,
2016-07-07,75.87419891357422,78.82349395751953,-1.0562923616196083,0,1.5,-1.5,1026615.9414715578,
2016-07-08,75.87419891357422,78.82349395751953,-1.0063654935825141,0,1.5,-1.5,1026615.9414715578,
2016-07-11,76.88587188720703,81.8294677734375,0.7673276319626088,0,1.5,-1.5,1026615.9414715578,
2016-07-12,76.21142578125,82.49746704101562,2.4069698315907977,-1,1.5,-1.5,1026549.593115845,Short Spread
2016-07-13,76.88587188720703,81.16146850585938,-0.018018361769343686,0,1.5,-1.5,1030504.1605044558,Close
2016-07-14,75.19977569580078,80.15948486328125,1.36647692451764,0,1.5,-1.5,1030504.1605044558,
2016-07-15,75.87419891357422,82.16346740722656,2.248350787896779,-1,1.5,-1.5,1030437.8389978029,Short Spread
2016-07-18,76.88587188720703,82.83145904541016,1.4448799344084746,-1,1.5,-1.5,1031125.2016687014,
2016-07-19,76.54863739013672,82.49746704101562,1.5101367677977786,-1,1.5,-1.5,1031118.7166833498,
2016-07-20,76.21142578125,82.16346740722656,1.5589473200363577,-1,1.5,-1.5,1031112.2927331545,
2016-07-21,76.54863739013672,82.852294921875,1.6439944732757417,-1,1.5,-1.5,1030409.060921631,
2016-07-22,74.86255645751953,81.10435485839844,2.0383434956991215,-1,1.5,-1.5,1030532.7791833498,
2016-07-25,74.1881103515625,81.10435485839844,2.5115797252418814,-1,1.5,-1.5,1029183.8869714357,
2016-07-26,74.1881103515625,81.10435485839844,2.2720022609822896,-1,1.5,-1.5,1029183.8869714357,
2016-07-27,74.86255645751953,81.45393371582031,1.7314207184772044,-1,1.5,-1.5,1029833.621468506,
2016-07-28,75.53699493408203,81.45393371582031,1.0650874630579863,-1,1.5,-1.5,1031182.498421631,
2016-07-29,74.1881103515625,79.3564224243164,0.9152698056885926,-1,1.5,-1.5,1032679.7518395998,
2016-08-01,74.86255645751953,80.40518188476562,0.9478517757777354,-1,1.5,-1.5,1031931.1251306154,
2016-08-02,74.52533721923828,80.40518188476562,1.2010441730383214,-1,1.5,-1.5,1031256.6866540529,
2016-08-03,74.52533721923828,80.75477600097656,1.3541827698758968,-1,1.5,-1.5,1030557.498421631,
2016-08-04,74.52533721923828,80.75477600097656,1.2848097342780282,-1,1.5,-1.5,1030557.498421631,
2016-08-05,74.86255645751953,80.40518188476562,0.7474076908786214,-1,1.5,-1.5,1031931.1251306154,
2016-08-08,76.54863739013672,81.45393371582031,-0.07470197590295446,0,1.5,-1.5,1033139.4632308962,Close
2016-08-09,77.56029510498047,81.45393371582031,-0.9756917564891536,0,1.5,-1.5,1033139.4632308962,
2016-08-10,77.56029510498047,81.45393371582031,-1.033318620119913,0,1.5,-1.5,1033139.4632308962,
2016-08-11,77.89751434326172,81.45393371582031,-1.3184613119576132,0,1.5,-1.5,1033139.4632308962,
2016-08-12,78.2347412109375,80.40518188476562,-2.176523209394168,1,1.5,-1.5,1033073.1176339723,Long Spread
2016-08-15,78.2347412109375,80.75477600097656,-1.8991923349194004,1,1.5,-1.5,1033772.3058663942,
2016-08-16,77.22308349609375,80.40518188476562,-1.2306873336018465,1,1.5,-1.5,1035096.4330636598,
2016-08-17,76.88587188720703,79.3564224243164,-1.504414387482692,1,1.5,-1.5,1033673.3373605348,
2016-08-18,76.88587188720703,79.3564224243164,-1.4522840033616464,1,1.5,-1.5,1033673.3373605348,
2016-08-19,75.19977569580078,79.3564224243164,-0.11869544318336044,1,1.5,-1.5,1037045.5297433473,
2016-08-22,75.53699493408203,79.70600128173828,-0.19800539605418058,1,1.5,-1.5,1037070.2489816286,
2016-08-23,75.87419891357422,80.40518188476562,-0.07809823079124484,1,1.5,-1.5,1037794.2022286989,
2016-08-24,76.88587188720703,80.75477600097656,-0.6894947210155854,1,1.5,-1.5,1036470.0445138551,
2016-08-25,76.88587188720703,81.45393371582031,-0.3345668673491418,1,1.5,-1.5,1037868.3599435426,
2016-08-26,76.88587188720703,81.10435485839844,-0.5573946414790161,1,1.5,-1.5,1037169.2022286989,
2016-08-29,76.54863739013672,80.75477600097656,-0.46650524385781905,1,1.5,-1.5,1037144.5135079958,
2016-08-30,76.54863739013672,80.40518188476562,-0.6504443281547138,1,1.5,-1.5,1036445.3252755739,
2016-08-31,75.19977569580078,80.05559539794922,0.24642707673879674,0,1.5,-1.5,1038377.6654757692,Close
2016-09-01,75.53699493408203,79.0068359375,-0.6608769062875447,0,1.5,-1.5,1038377.6654757692,
2016-09-02,75.19977569580078,79.0068359375,-0.4026695169539876,0,1.5,-1.5,1038377.6654757692,
2016-09-05,75.87419891357422,79.70600128173828,-0.5387706859148508,0,1.5,-1.5,1038377.6654757692,
2016-09-06,75.53699493408203,80.05559539794922,-0.025860112828389372,0,1.5,-1.5,1038377.6654757692,
2016-09-07,76.54863739013672,80.05559539794922,-0.8659321602544063,0,1.5,-1.5,1038377.6654757692,
2016-09-08,76.54863739013672,79.70600128173828,-1.0267970890026354,0,1.5,-1.5,1038377.6654757692,
2016-09-09,76.21142578125,79.3564224243164,-0.9068537567583326,0,1.5,-1.5,1038377.6654757692,
2016-09-10,76.21142578125,79.3564224243164,-0.8648260651414322,0,1.5,-1.5,1038377.6654757692,
2016-09-12,75.53699493408203,79.0068359375,-0.4843074562869003,0,1.5,-1.5,1038377.6654757692,
2016-09-13,74.86255645751953,78.30766296386719,-0.3111484919406064,0,1.5,-1.5,1038377.6654757692,
2016-09-14,75.19977569580078,77.95807647705078,-0.7603321104521253,0,1.5,-1.5,1038377.6654757692,
2016-09-19,77.56029510498047,77.95807647705078,-2.481857035064578,1,1.5,-1.5,1038311.4447409059,Long Spread
2016-09-20,76.88587188720703,77.95807647705078,-1.8608967215525596,1,1.5,-1.5,1039660.2911764528,
2016-09-21,76.88587188720703,77.95807647705078,-1.7897017638251373,1,1.5,-1.5,1039660.2911764528,
2016-09-22,76.54863739013672,77.95807647705078,-1.46003445699959,1,1.5,-1.5,1040334.7601705934,
2016-09-23,77.22308349609375,77.95807647705078,-1.8856352011813553,1,1.5,-1.5,1038985.8679586793,
2016-09-26,76.54863739013672,78.30766296386719,-1.0915601842174552,1,1.5,-1.5,1041033.9331442262,
2016-09-27,76.54863739013672,78.30766296386719,-1.042996292350652,1,1.5,-1.5,1041033.9331442262,
2016-09-28,76.54863739013672,78.30766296386719,-1.0039033471450787,1,1.5,-1.5,1041033.9331442262,
2016-09-29,76.54863739013672,78.30766296386719,-0.9762978375556431,1,1.5,-1.5,1041033.9331442262,
2016-09-30,76.54863739013672,77.60847473144531,-1.4041323421614171,1,1.5,-1.5,1039635.5566793825,
2016-10-03,76.54863739013672,77.60847473144531,-1.3648647089166668,1,1.5,-1.5,1039635.5566793825,
2016-10-04,76.21142578125,78.30766296386719,-0.5060626019955896,1,1.5,-1.5,1041708.3563619996,
2016-10-05,76.54863739013672,78.30766296386719,-0.8087310602154009,1,1.5,-1.5,1041033.9331442262,
2016-10-06,75.87419891357422,78.65724182128906,0.12098755708766985,0,1.5,-1.5,1043015.7865545655,Close
2016-10-07,75.19977569580078,78.30766296386719,0.5333890266294989,0,1.5,-1.5,1043015.7865545655,
2016-10-11,75.19977569580078,78.30766296386719,0.5000000233531569,0,1.5,-1.5,1043015.7865545655,
2016-10-12,75.53699493408203,78.30766296386719,0.13747348375000706,0,1.5,-1.5,1043015.7865545655,
2016-10-13,75.87419891357422,78.30766296386719,-0.20117409095195274,0,1.5,-1.5,1043015.7865545655,
2016-10-14,75.19977569580078,77.95807647705078,0.21372083013602206,0,1.5,-1.5,1043015.7865545655,
2016-10-17,74.86255645751953,78.65724182128906,1.0135374965660657,0,1.5,-1.5,1043015.7865545655,
2016-10-18,75.19977569580078,78.65724182128906,0.6949712886982774,0,1.5,-1.5,1043015.7865545655,
2016-10-19,74.86255645751953,77.95807647705078,0.5528383703114599,0,1.5,-1.5,1043015.7865545655,
2016-10-20,74.86255645751953,77.95807647705078,0.5823373871287263,0,1.5,-1.5,1043015.7865545655,
2016-10-21,75.19977569580078,78.30766296386719,0.49132418910715336,0,1.5,-1.5,1043015.7865545655,
2016-10-24,75.19977569580078,78.65724182128906,0.7668677246505626,0,1.5,-1.5,1043015.7865545655,
2016-10-25,75.53699493408203,77.95807647705078,-0.09520728883024374,0,1.5,-1.5,1043015.7865545655,
2016-10-26,75.19977569580078,77.95807647705078,0.285658833772514,0,1.5,-1.5,1043015.7865545655,
2016-10-27,74.52533721923828,77.60847473144531,0.7443807429463258,0,1.5,-1.5,1043015.7865545655,
2016-10-28,74.52533721923828,77.2588882446289,0.5351209952005725,0,1.5,-1.5,1043015.7865545655,
2016-10-31,74.52533721923828,75.51094818115234,-0.8300801196314619,0,1.5,-1.5,1043015.7865545655,
2016-11-01,73.51368713378906,76.21012878417969,0.893109813246527,0,1.5,-1.5,1043015.7865545655,
2016-11-02,73.51368713378906,75.51094818115234,0.34744803572881144,0,1.5,-1.5,1043015.7865545655,
2016-11-03,73.51368713378906,75.86053466796875,0.6869552942318349,0,1.5,-1.5,1043015.7865545655,
2016-11-04,72.83924102783203,75.51094818115234,1.1672116635814813,0,1.5,-1.5,1043015.7865545655,
2016-11-07,73.85089111328125,75.86053466796875,0.2666538874810349,0,1.5,-1.5,1043015.7865545655,
2016-11-08,74.1881103515625,76.90929412841797,0.738804903358444,0,1.5,-1.5,1043015.7865545655,
2016-11-09,73.17645263671875,76.21012878417969,1.2937081862858417,0,1.5,-1.5,1043015.7865545655,
2016-11-10,73.17645263671875,76.21012878417969,1.268229776919587,0,1.5,-1.5,1043015.7865545655,
2016-11-11,71.15314483642578,74.81178283691406,2.2693442635350385,-1,1.5,-1.5,1042949.9479574586,Short Spread
2016-11-14,71.15314483642578,73.4134292602539,1.1576134736094448,-1,1.5,-1.5,1045746.6551107789,
2016-11-15,70.1414794921875,72.71424865722656,1.6537088731844887,-1,1.5,-1.5,1045121.685628357,
2016-11-16,70.81592559814453,74.11260223388672,1.8883175014509161,-1,1.5,-1.5,1043673.8706869507,
2016-11-17,71.49036407470703,73.76300811767578,0.8544213300375159,-1,1.5,-1.5,1045721.9358724976,
2016-11-18,71.49036407470703,73.76300811767578,0.8126057222240102,-1,1.5,-1.5,1045721.9358724976,
2016-11-21,71.49036407470703,73.4134292602539,0.4945077983377175,-1,1.5,-1.5,1046421.0935873414,
2016-11-22,71.49036407470703,74.11260223388672,1.049131703887255,-1,1.5,-1.5,1045022.7476400757,
2016-11-23,72.50200653076172,75.16136169433594,0.6839544745018363,-1,1.5,-1.5,1044948.5136312867,
2016-11-24,72.16480255126953,75.16136169433594,1.06181327888675,-1,1.5,-1.5,1044274.1056723023,
2016-11-25,72.50200653076172,75.16136169433594,0.5905695562888615,-1,1.5,-1.5,1044948.5136312867,
2016-11-28,72.83924102783203,75.16136169433594,0.08360197990074868,-1,1.5,-1.5,1045622.9826254273,
2016-11-29,72.50200653076172,75.16136169433594,0.5460507467248424,-1,1.5,-1.5,1044948.5136312867,
2016-11-30,72.50200653076172,75.16136169433594,0.5078790322624062,-1,1.5,-1.5,1044948.5136312867,
2016-12-01,71.15314483642578,74.46219635009766,1.9145811860860895,-1,1.5,-1.5,1043649.1209310914,
2016-12-02,71.15314483642578,74.11260223388672,1.3976301837106548,-1,1.5,-1.5,1044348.3091635132,
2016-12-05,71.49036407470703,74.11260223388672,0.7722602936793812,-1,1.5,-1.5,1045022.7476400757,
2016-12-06,71.49036407470703,74.11260223388672,0.7377781109829354,-1,1.5,-1.5,1045022.7476400757,
2016-12-07,71.49036407470703,74.11260223388672,0.6985860892989616,-1,1.5,-1.5,1045022.7476400757,
2016-12-08,72.16480255126953,74.11260223388672,-0.533016942205267,0,1.5,-1.5,1046305.7734970093,Close
2016-12-09,71.15314483642578,73.4134292602539,0.369247029829927,0,1.5,-1.5,1046305.7734970093,
2016-12-12,70.81592559814453,73.4134292602539,0.9662184740601825,0,1.5,-1.5,1046305.7734970093,
2016-12-13,70.81592559814453,73.0638427734375,0.49275706728913266,0,1.5,-1.5,1046305.7734970093,
2016-12-14,70.1414794921875,73.0638427734375,1.6115796963837175,-1,1.5,-1.5,1046240.0452841186,Short Spread
2016-12-15,70.1414794921875,72.71424865722656,1.1155512750303795,-1,1.5,-1.5,1046939.2335165405,
2016-12-16,69.46704864501953,72.01507568359375,1.3458732669155598,-1,1.5,-1.5,1046988.7177694702,
2016-12-19,69.12983703613281,70.96630859375,0.6176728996198071,-1,1.5,-1.5,1048411.8287313842,
2016-12-20,69.80427551269531,70.96630859375,-0.5891304181039797,0,1.5,-1.5,1049695.0748611449,Close
2016-12-21,68.79261016845703,70.61672973632812,0.7268489004329819,0,1.5,-1.5,1049695.0748611449,
2016-12-22,69.12983703613281,70.61672973632812,0.09862740672550449,0,1.5,-1.5,1049695.0748611449,
2016-12-23,68.79261016845703,70.61672973632812,0.6731324150687048,0,1.5,-1.5,1049695.0748611449,
2016-12-26,68.79261016845703,70.61672973632812,0.6840438167632874,0,1.5,-1.5,1049695.0748611449,
2016-12-27,68.79261016845703,70.61672973632812,0.6473948421723454,0,1.5,-1.5,1049695.0748611449,
2016-12-28,68.45539093017578,70.96630859375,1.8716827737086916,-1,1.5,-1.5,1049629.497993164,Short Spread
2016-12-29,68.79261016845703,70.96630859375,1.0677467487294177,-1,1.5,-1.5,1050303.9364697265,
2016-12-30,70.1414794921875,70.96630859375,-1.921671471560206,0,1.5,-1.5,1052936.030805664,Close
2017-01-03,70.47870635986328,71.66548919677734,-1.663451857116647,1,1.5,-1.5,1052870.3450378417,Long Spread
2017-01-04,71.82757568359375,72.36466979980469,-3.1766547731648407,1,1.5,-1.5,1051570.9675964355,
2017-01-05,72.50200653076172,73.0638427734375,-3.019872588365858,1,1.5,-1.5,1051620.4518493651,
2017-01-06,71.49036407470703,72.01507568359375,-2.3079909877844447,1,1.5,-1.5,1051546.202581787,
2017-01-09,71.15314483642578,71.31590270996094,-2.359641952417494,1,1.5,-1.5,1050822.295111084,
2017-01-10,71.15314483642578,71.31590270996094,-2.155355550691346,1,1.5,-1.5,1050822.295111084,
2017-01-11,72.16480255126953,70.96630859375,-3.321435774039292,1,1.5,-1.5,1048099.7914489745,
2017-01-12,71.82757568359375,71.31590270996094,-2.345209356884755,1,1.5,-1.5,1049473.433416748,
2017-01-13,72.50200653076172,71.31590270996094,-2.746366673141218,1,1.5,-1.5,1048124.571722412,
2017-01-16,72.16480255126953,71.31590270996094,-2.1740812958326443,1,1.5,-1.5,1048798.9796813964,
2017-01-17,72.50200653076172,71.66548919677734,-2.0770879292459536,1,1.5,-1.5,1048823.7446960448,
2017-01-18,72.16480255126953,70.96630859375,-2.0444641064284177,1,1.5,-1.5,1048099.7914489745,
2017-01-19,71.15314483642578,70.61672973632812,-1.2954221116557607,1,1.5,-1.5,1049423.9491638183,
2017-01-20,70.81592559814453,70.96630859375,-0.7474335419962532,1,1.5,-1.5,1050797.5453552245,
2017-01-23,71.15314483642578,70.96630859375,-0.9939759498114696,1,1.5,-1.5,1050123.106878662,
2017-01-24,70.47870635986328,71.31590270996094,-0.19153286126361424,1,1.5,-1.5,1052171.172064209,
2017-02-02,68.79261016845703,69.91754913330078,0.4030578748901052,0,1.5,-1.5,1052681.108887329,Close
2017-02-03,69.12983703613281,69.91754913330078,0.1209888832439971,0,1.5,-1.5,1052681.108887329,
2017-02-06,70.81592559814453,70.26713562011719,-1.064198477676809,0,1.5,-1.5,1052681.108887329,
2017-02-07,70.47870635986328,70.61672973632812,-0.5233945366946724,0,1.5,-1.5,1052681.108887329,
2017-02-08,70.1414794921875,70.26713562011719,-0.4181772645817131,0,1.5,-1.5,1052681.108887329,
2017-02-09,70.81592559814453,69.91754913330078,-1.1669051162112736,0,1.5,-1.5,1052681.108887329,
2017-02-10,70.81592559814453,70.61672973632812,-0.6966799736356243,0,1.5,-1.5,1052681.108887329,
2017-02-13,70.81592559814453,70.61672973632812,-0.6686418924580165,0,1.5,-1.5,1052681.108887329,
2017-02-14,71.82757568359375,70.61672973632812,-1.4582480825950694,0,1.5,-1.5,1052681.108887329,
2017-02-15,71.49036407470703,70.61672973632812,-1.1142295567459959,0,1.5,-1.5,1052681.108887329,
2017-02-16,71.82757568359375,70.61672973632812,-1.3263263528863984,0,1.5,-1.5,1052681.108887329,
2017-02-17,71.82757568359375,70.61672973632812,-1.2683765835828202,0,1.5,-1.5,1052681.108887329,
2017-02-18,71.82757568359375,70.61672973632812,-1.2105672338589955,0,1.5,-1.5,1052681.108887329,
2017-02-20,72.16480255126953,70.96630859375,-1.2336293802192644,0,1.5,-1.5,1052681.108887329,
2017-02-21,72.83924102783203,70.61672973632812,-1.9062722244539394,1,1.5,-1.5,1052615.3706484984,Long Spread
2017-02-22,72.16480255126953,70.61672973632812,-1.2631528664320124,1,1.5,-1.5,1053964.2476016234,
2017-02-23,72.83924102783203,71.31590270996094,-1.3494815878570325,1,1.5,-1.5,1054013.716595764,
2017-02-24,72.83924102783203,71.31590270996094,-1.285636057861346,1,1.5,-1.5,1054013.716595764,
2017-03-01,72.83924102783203,70.96630859375,-1.4360084059263587,1,1.5,-1.5,1053314.5283633422,
2017-03-02,72.83924102783203,71.31590270996094,-1.1772884516719893,1,1.5,-1.5,1054013.716595764,
2017-03-03,73.17645263671875,71.66548919677734,-1.2159826680604273,1,1.5,-1.5,1054038.4663516234,
2017-03-06,72.83924102783203,71.66548919677734,-0.8961321159072835,1,1.5,-1.5,1054712.8895693969,
2017-03-07,73.51368713378906,71.66548919677734,-1.578174004979755,1,1.5,-1.5,1053363.9973574828,
2017-03-08,73.17645263671875,72.01507568359375,-0.9004271441415113,1,1.5,-1.5,1054737.6393252562,
2017-03-09,73.17645263671875,72.36466979980469,-0.5875941951617548,1,1.5,-1.5,1055436.827557678,
2017-03-10,73.51368713378906,72.01507568359375,-1.1986554421859728,1,1.5,-1.5,1054063.1703311156,
2017-03-13,73.85089111328125,72.36466979980469,-1.2324885246941837,1,1.5,-1.5,1054087.950604553,
2017-03-14,73.85089111328125,72.36466979980469,-1.172162819803116,1,1.5,-1.5,1054087.950604553,
2017-03-15,74.1881103515625,72.01507568359375,-1.717272799693412,1,1.5,-1.5,1052714.3238955687,
2017-03-16,73.85089111328125,72.71424865722656,-0.7572242685742397,1,1.5,-1.5,1054787.1083193969,
2017-03-17,74.1881103515625,73.4134292602539,-0.5694405595900324,1,1.5,-1.5,1055511.031048889,
2017-03-20,75.19977569580078,74.11260223388672,-1.0846263368283713,1,1.5,-1.5,1054886.046307678,
2017-03-21,75.53699493408203,74.11260223388672,-1.3891735779746759,1,1.5,-1.5,1054211.6078311156,
2017-03-22,75.19977569580078,73.0638427734375,-1.7077564122438749,1,1.5,-1.5,1052788.5273867797,
2017-03-23,75.19977569580078,73.0638427734375,-1.6067703347102842,1,1.5,-1.5,1052788.5273867797,
2017-03-24,75.53699493408203,73.0638427734375,-1.8100813653391983,1,1.5,-1.5,1052114.0889102172,
2017-03-27,76.54863739013672,73.4134292602539,-2.2888141053779982,1,1.5,-1.5,1050789.9769717406,
2017-03-28,75.19977569580078,73.4134292602539,-1.0469920460491575,1,1.5,-1.5,1053487.7003604125,
2017-03-29,75.19977569580078,72.71424865722656,-1.407160566822521,1,1.5,-1.5,1052089.3391543578,
2017-03-30,75.19977569580078,72.71424865722656,-1.3558712731783646,1,1.5,-1.5,1052089.3391543578,
2017-03-31,75.19977569580078,72.01507568359375,-1.784896982250283,1,1.5,-1.5,1050690.9932070922,
2017-04-05,76.21142578125,72.36466979980469,-2.403994413131925,1,1.5,-1.5,1049366.8812686156,
2017-04-06,76.54863739013672,72.71424865722656,-2.276787682423252,1,1.5,-1.5,1049391.615765686,
2017-04-07,76.88587188720703,73.0638427734375,-2.206918308704897,1,1.5,-1.5,1049416.3350039672,
2017-04-10,76.21142578125,72.71424865722656,-1.757363447432313,1,1.5,-1.5,1050066.0389834594,
2017-04-11,76.88587188720703,72.36466979980469,-2.358440626172816,1,1.5,-1.5,1048017.9890567015,
2017-04-12,76.21142578125,72.36466979980469,-1.6990751185924364,1,1.5,-1.5,1049366.8812686156,
2017-04-13,76.54863739013672,72.36466979980469,-1.8887904897653973,1,1.5,-1.5,1048692.4580508422,
2017-04-14,76.21142578125,72.36466979980469,-1.510042197456002,1,1.5,-1.5,1049366.8812686156,
2017-04-17,76.88587188720703,73.0638427734375,-1.5719801868364731,1,1.5,-1.5,1049416.3350039672,
2017-04-18,76.54863739013672,72.71424865722656,-1.4193594410471841,1,1.5,-1.5,1049391.615765686,
2017-04-19,74.52533721923828,72.01507568359375,-0.11888586395557836,1,1.5,-1.5,1052039.8701602172,
2017-04-20,74.1881103515625,71.66548919677734,-0.00986649807116465,1,1.5,-1.5,1052015.150921936,
2017-04-21,74.86255645751953,72.01507568359375,-0.3447514179242941,1,1.5,-1.5,1051365.4316836547,
2017-04-24,74.52533721923828,72.01507568359375,-0.03004003875248496,1,1.5,-1.5,1052039.8701602172,
2017-04-25,75.53699493408203,72.36466979980469,-0.6715887732140432,1,1.5,-1.5,1050715.7429629515,
2017-04-26,75.53699493408203,72.01507568359375,-0.8520781809011436,1,1.5,-1.5,1050016.5547305297,
2017-04-27,74.86255645751953,72.01507568359375,-0.20769404688507112,1,1.5,-1.5,1051365.4316836547,
2017-04-28,75.19977569580078,71.31590270996094,-0.9320699393091354,1,1.5,-1.5,1049292.6472598265,
2017-05-02,75.19977569580078,72.01507568359375,-0.4361721522104315,1,1.5,-1.5,1050690.9932070922,
2017-05-03,76.21142578125,72.36466979980469,-1.1006374630018496,1,1.5,-1.5,1049366.8812686156,
2017-05-04,77.22308349609375,72.71424865722656,-1.7284295353224621,1,1.5,-1.5,1048042.7235537719,
2017-05-05,75.87419891357422,72.36466979980469,-0.6537836158222647,1,1.5,-1.5,1050041.3350039672,
2017-05-08,76.88587188720703,73.0638427734375,-1.0965954095599912,1,1.5,-1.5,1049416.3350039672,
2017-05-09,75.87419891357422,73.4134292602539,0.18782805365817642,0,1.5,-1.5,1052072.8824197387,Close
2017-05-10,75.87419891357422,73.0638427734375,-0.027868941056523513,0,1.5,-1.5,1052072.8824197387,
2017-05-11,76.88587188720703,73.0638427734375,-1.0596310940132105,0,1.5,-1.5,1052072.8824197387,
2017-05-12,77.22308349609375,73.76300811767578,-0.8454815540955841,0,1.5,-1.5,1052072.8824197387,
2017-05-15,76.88587188720703,74.11260223388672,-0.1577360390884662,0,1.5,-1.5,1052072.8824197387,
2017-05-16,76.88587188720703,74.11260223388672,-0.10635419491380738,0,1.5,-1.5,1052072.8824197387,
2017-05-17,76.54863739013672,74.11260223388672,0.39671772077510553,0,1.5,-1.5,1052072.8824197387,
2017-05-18,76.88587188720703,74.11260223388672,0.002045829804213975,0,1.5,-1.5,1052072.8824197387,
2017-05-19,76.54863739013672,73.76300811767578,0.18291995553137202,0,1.5,-1.5,1052072.8824197387,
2017-05-22,76.88587188720703,74.11260223388672,0.08758742086118636,0,1.5,-1.5,1052072.8824197387,
2017-05-23,76.54863739013672,74.11260223388672,0.6516601795588992,0,1.5,-1.5,1052072.8824197387,
2017-05-24,75.87419891357422,74.11260223388672,1.6721369496147995,-1,1.5,-1.5,1052006.8829476929,Short Spread
2017-05-25,75.87419891357422,74.81178283691406,2.2232041013635295,-1,1.5,-1.5,1050608.5217416382,
2017-05-26,76.21142578125,74.81178283691406,1.7352564996647497,-1,1.5,-1.5,1051282.9754769898,
2017-05-31,75.53699493408203,75.16136169433594,2.7494228497414204,-1,1.5,-1.5,1049234.95606781,
2017-06-01,76.21142578125,75.51094818115234,2.0532697932637523,-1,1.5,-1.5,1049884.6447885132,
2017-06-02,76.21142578125,75.51094818115234,1.909104676381054,-1,1.5,-1.5,1049884.6447885132,
2017-06-03,76.21142578125,75.51094818115234,1.7778747207006504,-1,1.5,-1.5,1049884.6447885132,
2017-06-05,76.54863739013672,75.51094818115234,1.3142891645767214,-1,1.5,-1.5,1050559.0680062866,
2017-06-06,76.21142578125,75.51094818115234,1.5986673328182655,-1,1.5,-1.5,1049884.6447885132,
2017-06-07,76.21142578125,75.16136169433594,1.2512427689856482,-1,1.5,-1.5,1050583.817762146,
2017-06-08,76.21142578125,75.86053466796875,1.7109680776518785,-1,1.5,-1.5,1049185.4718148804,
2017-06-09,76.21142578125,75.51094818115234,1.360414989567965,-1,1.5,-1.5,1049884.6447885132,
2017-06-12,75.87419891357422,75.51094818115234,1.6351737311265713,-1,1.5,-1.5,1049210.1910531616,
2017-06-13,76.21142578125,75.51094818115234,1.2079081247757217,-1,1.5,-1.5,1049884.6447885132,
2017-06-14,76.21142578125,75.51094818115234,1.1526516404400335,-1,1.5,-1.5,1049884.6447885132,
2017-06-15,75.87419891357422,75.86053466796875,1.6886255396643968,-1,1.5,-1.5,1048511.0180795288,
2017-06-16,76.21142578125,75.16136169433594,0.7714234414361396,-1,1.5,-1.5,1050583.817762146,
2017-06-19,76.54863739013672,75.51094818115234,0.6639741260220483,-1,1.5,-1.5,1050559.0680062866,
2017-06-20,76.88587188720703,75.16136169433594,0.03649134854157767,-1,1.5,-1.5,1051932.70997406,
2017-06-21,77.22308349609375,75.16136169433594,-0.30897150298770965,0,1.5,-1.5,1052541.037814026,Close
2017-06-22,77.56029510498047,75.86053466796875,-0.1518719272804661,0,1.5,-1.5,1052541.037814026,
2017-06-23,77.22308349609375,75.86053466796875,0.18139777380186756,0,1.5,-1.5,1052541.037814026,
2017-06-26,77.56029510498047,76.21012878417969,0.07851201006774626,0,1.5,-1.5,1052541.037814026,
2017-06-27,77.56029510498047,76.21012878417969,0.049076212724779196,0,1.5,-1.5,1052541.037814026,
2017-06-28,77.56029510498047,75.86053466796875,-0.23516806362757106,0,1.5,-1.5,1052541.037814026,
2017-06-29,76.88587188720703,75.51094818115234,0.19617708065531084,0,1.5,-1.5,1052541.037814026,
2017-06-30,77.22308349609375,75.51094818115234,-0.26428635878146234,0,1.5,-1.5,1052541.037814026,
2017-07-03,77.56029510498047,76.21012878417969,-0.10106567487185365,0,1.5,-1.5,1052541.037814026,
2017-07-04,77.22308349609375,75.51094818115234,-0.3697841215684806,0,1.5,-1.5,1052541.037814026,
2017-07-05,77.56029510498047,76.21012878417969,-0.16518378620121818,0,1.5,-1.5,1052541.037814026,
2017-07-06,77.56029510498047,75.86053466796875,-0.514672525951219,0,1.5,-1.5,1052541.037814026,
2017-07-07,77.22308349609375,75.86053466796875,-0.12172551829929656,0,1.5,-1.5,1052541.037814026,
2017-07-10,76.21142578125,75.86053466796875,1.3338365192808064,0,1.5,-1.5,1052541.037814026,
2017-07-11,75.6514663696289,76.21012878417969,2.368354812379435,-1,1.5,-1.5,1052474.96335022,Short Spread
2017-07-12,75.6514663696289,76.21012878417969,2.1991631521797683,-1,1.5,-1.5,1052474.96335022,
2017-07-13,76.00497436523438,76.55970764160156,1.9088063945053073,-1,1.5,-1.5,1052482.821626587,
2017-07-14,75.29795837402344,76.55970764160156,2.6165819019806356,-1,1.5,-1.5,1051068.7896441652,
2017-07-17,74.94444274902344,76.90929412841797,2.976594464745643,-1,1.5,-1.5,1049662.5854205324,
2017-07-18,75.6514663696289,77.2588882446289,2.254723963617661,-1,1.5,-1.5,1050377.4444293214,
2017-07-19,75.29795837402344,76.90929412841797,2.1867017260575614,-1,1.5,-1.5,1050369.6166705324,
2017-07-20,75.6514663696289,76.55970764160156,1.4364386423850128,-1,1.5,-1.5,1051775.8056353761,
2017-07-21,75.6514663696289,75.78495788574219,0.8108921317556184,-1,1.5,-1.5,1053325.305147095,
2017-07-24,76.35848999023438,75.78495788574219,0.041364117513907714,-1,1.5,-1.5,1054739.3523883058,
2017-07-25,75.6514663696289,75.78495788574219,0.7860124302773168,-1,1.5,-1.5,1053325.305147095,
2017-07-26,75.6514663696289,75.78495788574219,0.760055579563501,-1,1.5,-1.5,1053325.305147095,
2017-07-27,76.35848999023438,75.78495788574219,0.010872854748421475,-1,1.5,-1.5,1054739.3523883058,
2017-07-28,76.00497436523438,75.41883850097656,0.10540079200804658,-1,1.5,-1.5,1054764.559907837,
2017-07-31,76.35848999023438,74.68661499023438,-0.8041370151858659,0,1.5,-1.5,1056869.9963751223,Close
2017-08-01,76.35848999023438,74.68661499023438,-0.7785862300294658,0,1.5,-1.5,1056869.9963751223,
2017-08-02,76.35848999023438,74.68661499023438,-0.760838622874459,0,1.5,-1.5,1056869.9963751223,
2017-08-03,76.00497436523438,74.68661499023438,-0.37807890024981444,0,1.5,-1.5,1056869.9963751223,
2017-08-04,76.00497436523438,75.05272674560547,-0.1053563415911646,0,1.5,-1.5,1056869.9963751223,
2017-08-07,76.00497436523438,74.68661499023438,-0.35640988471641877,0,1.5,-1.5,1056869.9963751223,
2017-08-08,76.00497436523438,75.05272674560547,-0.08370675882271403,0,1.5,-1.5,1056869.9963751223,
2017-08-09,76.00497436523438,74.68661499023438,-0.3429271191647979,0,1.5,-1.5,1056869.9963751223,
2017-08-10,76.35848999023438,74.68661499023438,-0.673740365511969,0,1.5,-1.5,1056869.9963751223,
2017-08-11,75.6514663696289,74.68661499023438,0.05053116608102669,0,1.5,-1.5,1056869.9963751223,
2017-08-14,76.00497436523438,74.68661499023438,-0.3133698707375256,0,1.5,-1.5,1056869.9963751223,
2017-08-15,76.00497436523438,75.05272674560547,-0.06568329724336154,0,1.5,-1.5,1056869.9963751223,
2017-08-16,76.00497436523438,75.05272674560547,-0.09745765393820918,0,1.5,-1.5,1056869.9963751223,
2017-08-17,76.35848999023438,75.05272674560547,-0.4976980270703906,0,1.5,-1.5,1056869.9963751223,
2017-08-18,75.6514663696289,75.05272674560547,0.241129226581597,0,1.5,-1.5,1056869.9963751223,
2017-08-21,76.35848999023438,75.05272674560547,-0.543346975869929,0,1.5,-1.5,1056869.9963751223,
2017-08-22,75.6514663696289,75.41883850097656,0.4861951158508169,0,1.5,-1.5,1056869.9963751223,
2017-08-23,76.00497436523438,75.41883850097656,0.061624324468551164,0,1.5,-1.5,1056869.9963751223,
2017-08-24,76.00497436523438,75.41883850097656,0.03892730610952285,0,1.5,-1.5,1056869.9963751223,
2017-08-25,76.00497436523438,75.78495788574219,0.3027525121563745,0,1.5,-1.5,1056869.9963751223,
2017-08-28,76.71199798583984,76.15106201171875,-0.2461172570230783,0,1.5,-1.5,1056869.9963751223,
2017-08-29,76.35848999023438,76.15106201171875,0.1380712776473421,0,1.5,-1.5,1056869.9963751223,
2017-08-30,76.00497436523438,76.51716613769531,0.843010067387306,0,1.5,-1.5,1056869.9963751223,
2017-08-31,76.35848999023438,76.8832778930664,0.6898755961558564,0,1.5,-1.5,1056869.9963751223,
2017-09-01,76.35848999023438,76.51716613769531,0.32296075341344554,0,1.5,-1.5,1056869.9963751223,
2017-09-04,76.35848999023438,76.8832778930664,0.6400491869855366,0,1.5,-1.5,1056869.9963751223,
2017-09-05,76.00497436523438,76.51716613769531,0.7676926330635344,0,1.5,-1.5,1056869.9963751223,
2017-09-06,76.00497436523438,76.15106201171875,0.44574420256358405,0,1.5,-1.5,1056869.9963751223,
2017-09-07,75.6514663696289,76.51716613769531,1.2273969645103386,0,1.5,-1.5,1056869.9963751223,
2017-09-08,76.00497436523438,76.8832778930664,1.1485445523663549,0,1.5,-1.5,1056869.9963751223,
2017-09-11,75.6514663696289,76.51716613769531,1.3991871066040285,0,1.5,-1.5,1056869.9963751223,
2017-09-12,75.6514663696289,76.51716613769531,1.4694667697972048,0,1.5,-1.5,1056869.9963751223,
2017-09-13,75.6514663696289,76.15106201171875,1.1908498764613804,0,1.5,-1.5,1056869.9963751223,
2017-09-14,75.6514663696289,76.15106201171875,1.2229094953006743,0,1.5,-1.5,1056869.9963751223,
2017-09-15,76.35848999023438,76.51716613769531,0.5188108636288795,0,1.5,-1.5,1056869.9963751223,
2017-09-18,75.6514663696289,76.15106201171875,1.177240724052319,0,1.5,-1.5,1056869.9963751223,
2017-09-19,76.35848999023438,76.15106201171875,0.07807848865160097,0,1.5,-1.5,1056869.9963751223,
2017-09-20,76.00497436523438,76.15106201171875,0.6465515661436837,0,1.5,-1.5,1056869.9963751223,
2017-09-21,75.6514663696289,75.78495788574219,0.7619206192923826,0,1.5,-1.5,1056869.9963751223,
2017-09-22,75.6514663696289,75.78495788574219,0.7327643643919381,0,1.5,-1.5,1056869.9963751223,
2017-09-25,75.6514663696289,75.41883850097656,0.282998674686861,0,1.5,-1.5,1056869.9963751223,
2017-09-26,75.6514663696289,75.41883850097656,0.24234051131390305,0,1.5,-1.5,1056869.9963751223,
2017-09-27,75.6514663696289,75.41883850097656,0.1992036069306952,0,1.5,-1.5,1056869.9963751223,
2017-09-28,76.35848999023438,75.41883850097656,-1.0759161257977223,0,1.5,-1.5,1056869.9963751223,
2017-09-29,76.35848999023438,76.51716613769531,0.29989260035248666,0,1.5,-1.5,1056869.9963751223,
2017-10-02,76.71199798583984,75.78495788574219,-1.295682576362423,0,1.5,-1.5,1056869.9963751223,
2017-10-03,75.6514663696289,75.41883850097656,0.13523243829020914,0,1.5,-1.5,1056869.9963751223,
2017-10-05,76.00497436523438,75.41883850097656,-0.5545250405676815,0,1.5,-1.5,1056869.9963751223,
2017-10-06,76.35848999023438,75.41883850097656,-1.3061602807585317,0,1.5,-1.5,1056869.9963751223,
2017-10-11,76.35848999023438,75.41883850097656,-1.283505598510374,0,1.5,-1.5,1056869.9963751223,
2017-10-12,76.00497436523438,75.41883850097656,-0.6352157755436433,0,1.5,-1.5,1056869.9963751223,
2017-10-13,77.06551361083984,75.78495788574219,-2.1249477425685446,1,1.5,-1.5,1056803.8823562625,Long Spread
2017-10-16,76.35848999023438,75.41883850097656,-1.252211751249751,1,1.5,-1.5,1057485.6908279422,
2017-10-17,76.35848999023438,75.78495788574219,-0.8034335241300581,1,1.5,-1.5,1058217.9295974735,
2017-10-18,76.35848999023438,75.41883850097656,-1.273806281031554,1,1.5,-1.5,1057485.6908279422,
2017-10-19,76.00497436523438,75.05272674560547,-1.1395871129137873,1,1.5,-1.5,1057460.4985672,
2017-10-20,76.00497436523438,75.05272674560547,-1.0915000667875467,1,1.5,-1.5,1057460.4985672,
2017-10-23,76.00497436523438,75.41883850097656,-0.5787457496631128,1,1.5,-1.5,1058192.7220779422,
2017-10-24,76.00497436523438,75.05272674560547,-1.0671170422088,1,1.5,-1.5,1057460.4985672,
2017-10-25,75.6514663696289,75.05272674560547,-0.3702431030924808,1,1.5,-1.5,1058167.514558411,
2017-10-26,76.00497436523438,75.05272674560547,-1.049611034796899,1,1.5,-1.5,1057460.4985672,
2017-10-27,76.00497436523438,75.41883850097656,-0.535293195337219,1,1.5,-1.5,1058192.7220779422,
2017-10-30,75.6514663696289,75.05272674560547,-0.32643793130942533,1,1.5,-1.5,1058167.514558411,
2017-10-31,76.00497436523438,75.41883850097656,-0.4770970870307697,1,1.5,-1.5,1058192.7220779422,
2017-11-01,75.29795837402344,75.05272674560547,0.398540784762443,0,1.5,-1.5,1058808.516522217,Close
2017-11-02,74.94444274902344,74.68661499023438,0.5915298074849219,0,1.5,-1.5,1058808.516522217,
2017-11-03,74.94444274902344,74.68661499023438,0.6097984358011234,0,1.5,-1.5,1058808.516522217,
2017-11-06,75.29795837402344,74.68661499023438,-0.0789623802903455,0,1.5,-1.5,1058808.516522217,
2017-11-07,75.6514663696289,75.05272674560547,-0.2226511146250987,0,1.5,-1.5,1058808.516522217,
2017-11-08,75.6514663696289,75.41883850097656,0.37464504393752907,0,1.5,-1.5,1058808.516522217,
2017-11-09,76.35848999023438,75.41883850097656,-1.1358092646064717,0,1.5,-1.5,1058808.516522217,
2017-11-10,76.00497436523438,75.78495788574219,0.33710837478363087,0,1.5,-1.5,1058808.516522217,
2017-11-13,75.6514663696289,75.05272674560547,-0.026621309282201387,0,1.5,-1.5,1058808.516522217,
2017-11-14,75.6514663696289,75.41883850097656,0.7076600887674028,0,1.5,-1.5,1058808.516522217,
2017-11-15,75.6514663696289,75.05272674560547,0.029976902135671047,0,1.5,-1.5,1058808.516522217,
2017-11-16,75.6514663696289,75.05272674560547,0.08867968543831971,0,1.5,-1.5,1058808.516522217,
2017-11-17,76.00497436523438,75.41883850097656,-0.16870985070876177,0,1.5,-1.5,1058808.516522217,
2017-11-20,76.35848999023438,75.05272674560547,-1.828876848505857,1,1.5,-1.5,1058742.4600735477,Long Spread
2017-11-21,76.00497436523438,75.41883850097656,-0.042420684611355966,1,1.5,-1.5,1060181.7148342899,
2017-11-22,76.71199798583984,75.78495788574219,-1.3065955362968253,1,1.5,-1.5,1059499.9063626102,
2017-11-23,76.71199798583984,75.78495788574219,-1.2408383673431238,1,1.5,-1.5,1059499.9063626102,
2017-11-24,76.71199798583984,76.15106201171875,-0.4264088148964085,1,1.5,-1.5,1060232.1146145633,
2017-11-27,76.71199798583984,76.15106201171875,-0.3922945605160159,1,1.5,-1.5,1060232.1146145633,
2017-11-28,76.71199798583984,76.51716613769531,0.38497538080464605,0,1.5,-1.5,1060898.1936999515,Close
2017-11-29,76.35848999023438,76.51716613769531,1.4895554170414895,0,1.5,-1.5,1060898.1936999515,
2017-11-30,76.00497436523438,75.78495788574219,0.9190185815870413,0,1.5,-1.5,1060898.1936999515,
2017-12-01,76.71199798583984,76.15106201171875,-0.45432725260913565,0,1.5,-1.5,1060898.1936999515,
2017-12-04,76.35848999023438,76.15106201171875,0.662787325238714,0,1.5,-1.5,1060898.1936999515,
2017-12-05,76.35848999023438,76.15106201171875,0.6262923210437317,0,1.5,-1.5,1060898.1936999515,
2017-12-06,76.00497436523438,76.15106201171875,1.6552351611481064,-1,1.5,-1.5,1060832.1074584965,Short Spread
2017-12-07,75.6514663696289,76.51716613769531,3.042094700639564,-1,1.5,-1.5,1059392.8832153324,
2017-12-08,75.29795837402344,76.51716613769531,3.4362950713441665,-1,1.5,-1.5,1058685.8672241215,
2017-12-11,75.29795837402344,76.51716613769531,2.959927752631545,-1,1.5,-1.5,1058685.8672241215,
2017-12-12,75.29795837402344,76.51716613769531,2.6113930141971657,-1,1.5,-1.5,1058685.8672241215,
2017-12-13,75.29795837402344,76.51716613769531,2.3612590982071895,-1,1.5,-1.5,1058685.8672241215,
2017-12-14,75.29795837402344,76.8832778930664,2.5331497122451236,-1,1.5,-1.5,1057953.6437133793,
2017-12-15,74.94444274902344,77.24938201904297,3.0467062136378944,-1,1.5,-1.5,1056514.4042114262,
2017-12-18,75.6514663696289,76.8832778930664,1.5042519245219566,-1,1.5,-1.5,1058660.6597045902,
2017-12-19,74.94444274902344,76.8832778930664,2.296657496362714,-1,1.5,-1.5,1057246.6124633793,
2017-12-20,75.29795837402344,77.24938201904297,1.9962442406199012,-1,1.5,-1.5,1057221.4354614262,
2017-12-21,75.29795837402344,76.8832778930664,1.5599941100582824,-1,1.5,-1.5,1057953.6437133793,
2017-12-22,75.29795837402344,77.24938201904297,1.7609856730202513,-1,1.5,-1.5,1057221.4354614262,
2017-12-25,75.29795837402344,77.6155014038086,1.9215831098443434,-1,1.5,-1.5,1056489.196691895,
2017-12-26,75.29795837402344,77.24938201904297,1.5211382147938088,-1,1.5,-1.5,1057221.4354614262,
2017-12-27,76.35848999023438,77.6155014038086,0.585767222857072,-1,1.5,-1.5,1058610.2599243168,
2017-12-28,76.71199798583984,77.24938201904297,-0.11311770411173316,0,1.5,-1.5,1059983.3562298587,Close
2017-12-29,76.00497436523438,77.6155014038086,0.9457426954684076,0,1.5,-1.5,1059983.3562298587,
2018-01-02,76.35848999023438,78.7138442993164,1.3490192610723715,0,1.5,-1.5,1059983.3562298587,
2018-01-03,76.71199798583984,79.07994842529297,1.1833995046900057,0,1.5,-1.5,1059983.3562298587,
2018-01-04,76.71199798583984,79.07994842529297,1.1258530080835518,0,1.5,-1.5,1059983.3562298587,
2018-01-05,76.71199798583984,79.44605255126953,1.3360107705698172,0,1.5,-1.5,1059983.3562298587,
2018-01-08,77.77253723144531,79.44605255126953,0.17810399757895057,0,1.5,-1.5,1059983.3562298587,
2018-01-09,78.47956085205078,79.81217193603516,-0.3213338672428199,0,1.5,-1.5,1059983.3562298587,
2018-01-10,77.77253723144531,79.44605255126953,0.14504810942856897,0,1.5,-1.5,1059983.3562298587,
2018-01-11,78.47956085205078,79.44605255126953,-0.6411070940437907,0,1.5,-1.5,1059983.3562298587,
2018-01-12,78.47956085205078,79.44605255126953,-0.653843866203069,0,1.5,-1.5,1059983.3562298587,
2018-01-15,79.18657684326172,79.81217193603516,-1.1455396416812378,0,1.5,-1.5,1059983.3562298587,
2018-01-16,78.47956085205078,79.81217193603516,-0.4141292627295919,0,1.5,-1.5,1059983.3562298587,
2018-01-17,78.47956085205078,79.81217193603516,-0.43979297859305894,0,1.5,-1.5,1059983.3562298587,
2018-01-18,77.41902160644531,78.7138442993164,-0.16004744693469425,0,1.5,-1.5,1059983.3562298587,
2018-01-19,77.41902160644531,79.81217193603516,0.7568058479592276,0,1.5,-1.5,1059983.3562298587,
2018-01-22,77.41902160644531,79.44605255126953,0.3876981970136849,0,1.5,-1.5,1059983.3562298587,
2018-01-23,77.41902160644531,79.81217193603516,0.6925192276934752,0,1.5,-1.5,1059983.3562298587,
2018-01-24,77.77253723144531,79.44605255126953,-0.18503583816952227,0,1.5,-1.5,1059983.3562298587,
2018-01-25,77.77253723144531,79.44605255126953,-0.21208834701422763,0,1.5,-1.5,1059983.3562298587,
2018-01-26,78.12605285644531,79.44605255126953,-0.749392215596698,0,1.5,-1.5,1059983.3562298587,
2018-01-29,78.83306884765625,80.17827606201172,-1.0968071219124598,0,1.5,-1.5,1059983.3562298587,
2018-01-30,78.47956085205078,79.07994842529297,-1.745156672412354,1,1.5,-1.5,1059917.0538494876,Long Spread
2018-01-31,78.83306884765625,79.44605255126953,-1.8650209783126002,1,1.5,-1.5,1059942.2461102298,
2018-02-01,78.83306884765625,79.81217193603516,-1.447154761085621,1,1.5,-1.5,1060674.484879761,
2018-02-02,77.06551361083984,79.81217193603516,1.1377037449654375,0,1.5,-1.5,1064143.320245972,Close
2018-02-05,77.06551361083984,79.07994842529297,0.3701358123631726,0,1.5,-1.5,1064143.320245972,
2018-02-06,74.94444274902344,77.98161315917969,2.143560159681824,-1,1.5,-1.5,1064077.2032037356,Short Spread
2018-02-07,76.35848999023438,78.7138442993164,0.8880088660118163,-1,1.5,-1.5,1065440.835405884,
2018-02-08,75.6514663696289,79.07994842529297,2.037278549446896,-1,1.5,-1.5,1063294.57991272,
2018-02-09,75.6514663696289,78.7138442993164,1.6174874763875478,-1,1.5,-1.5,1064026.7881646731,
2018-02-12,76.00497436523438,77.98161315917969,0.5523807448385714,-1,1.5,-1.5,1066198.2664361575,
2018-02-21,76.35848999023438,79.81217193603516,1.6482727956637473,-1,1.5,-1.5,1063244.1801324466,
2018-02-22,75.6514663696289,79.44605255126953,2.0540194677925867,-1,1.5,-1.5,1062562.371660767,
2018-02-23,76.00497436523438,80.17827606201172,2.089627495200186,-1,1.5,-1.5,1061804.9406304935,
2018-02-26,76.00497436523438,80.54438781738281,2.1764955871464267,-1,1.5,-1.5,1061072.7171197513,
2018-02-27,76.00497436523438,80.17827606201172,1.7974438817251361,-1,1.5,-1.5,1061804.9406304935,
2018-03-01,75.29795837402344,79.44605255126953,1.8688846185835333,-1,1.5,-1.5,1061855.355669556,
2018-03-02,75.6514663696289,79.07994842529297,1.241737385818488,-1,1.5,-1.5,1063294.57991272,
2018-03-05,75.29795837402344,79.07994842529297,1.4796931105662736,-1,1.5,-1.5,1062587.563921509,
2018-03-06,76.00497436523438,80.17827606201172,1.4603959598051797,-1,1.5,-1.5,1061804.9406304935,
2018-03-07,75.6514663696289,80.17827606201172,1.6628824069870307,-1,1.5,-1.5,1061097.9246392825,
2018-03-08,75.6514663696289,80.17827606201172,1.5722657326763576,-1,1.5,-1.5,1061097.9246392825,
2018-03-09,75.29795837402344,80.17827606201172,1.7452698000357605,-1,1.5,-1.5,1060390.9086480716,
2018-03-12,74.94444274902344,79.81217193603516,1.7045162212860165,-1,1.5,-1.5,1060416.0856500247,
2018-03-13,74.94444274902344,79.81217193603516,1.6086350916352103,-1,1.5,-1.5,1060416.0856500247,
2018-03-14,74.94444274902344,79.81217193603516,1.5131815263403219,-1,1.5,-1.5,1060416.0856500247,
2018-03-15,74.94444274902344,79.81217193603516,1.4301496167849814,-1,1.5,-1.5,1060416.0856500247,
2018-03-16,74.59092712402344,80.54438781738281,1.898685364589695,-1,1.5,-1.5,1058244.6226373294,
2018-03-19,74.94444274902344,80.54438781738281,1.5668459119085156,-1,1.5,-1.5,1058951.6538873294,
2018-03-20,74.94444274902344,80.17827606201172,1.3239983816848722,-1,1.5,-1.5,1059683.8773980716,
2018-03-21,75.6514663696289,80.91050720214844,1.1514998189861643,-1,1.5,-1.5,1059633.462359009,
2018-03-22,76.35848999023438,81.64273071289062,0.9757166984897605,-1,1.5,-1.5,1059583.0625787356,
2018-03-23,75.6514663696289,80.54438781738281,0.8797518061177527,-1,1.5,-1.5,1060365.7011285403,
2018-03-26,76.35848999023438,81.276611328125,0.7085204269410874,-1,1.5,-1.5,1060315.301348267,
2018-03-27,76.71199798583984,82.00884246826172,0.7884246405211072,-1,1.5,-1.5,1059557.8550592044,
2018-03-28,76.71199798583984,82.37494659423828,0.927978306305329,-1,1.5,-1.5,1058825.6468072513,
2018-03-29,77.06551361083984,81.64273071289062,0.27073922245026183,-1,1.5,-1.5,1060997.1098199466,
2018-03-30,77.41902160644531,82.74105834960938,0.5449211047476719,-1,1.5,-1.5,1059507.47053772,
2018-04-02,77.77253723144531,82.37494659423828,0.05117089243471596,-1,1.5,-1.5,1060946.7252984622,
2018-04-03,77.41902160644531,82.00884246826172,0.07724415839638729,-1,1.5,-1.5,1060971.9023004153,
2018-04-09,77.77253723144531,83.47327423095703,0.5932953942610353,-1,1.5,-1.5,1058750.0700250247,
2018-04-10,77.77253723144531,83.83938598632812,0.7991013161889939,-1,1.5,-1.5,1058017.8465142825,
2018-04-11,77.77253723144531,83.47327423095703,0.5359776839384557,-1,1.5,-1.5,1058750.0700250247,
2018-04-12,77.41902160644531,83.47327423095703,0.9556186174838033,-1,1.5,-1.5,1058043.0387750247,
2018-04-13,77.06551361083984,83.10717010498047,1.0355259773905225,-1,1.5,-1.5,1058068.231035767,
2018-04-16,78.12605285644531,82.74105834960938,-0.8333005240057854,0,1.5,-1.5,1060855.0983532718,Close
2018-04-17,77.41902160644531,83.10717010498047,0.5388919184926656,0,1.5,-1.5,1060855.0983532718,
2018-04-18,77.77253723144531,83.83938598632812,0.7644795714901597,0,1.5,-1.5,1060855.0983532718,
2018-04-19,77.77253723144531,83.47327423095703,0.31307112811696974,0,1.5,-1.5,1060855.0983532718,
2018-04-20,77.77253723144531,83.10717010498047,-0.16052430016305666,0,1.5,-1.5,1060855.0983532718,
2018-04-23,77.77253723144531,82.37494659423828,-1.291693851501512,0,1.5,-1.5,1060855.0983532718,
2018-04-24,77.06551361083984,81.276611328125,-1.5037837864725938,1,1.5,-1.5,1060788.7646682742,Long Spread
2018-04-25,76.71199798583984,80.91050720214844,-1.3105553104031815,1,1.5,-1.5,1060763.587666321,
2018-04-26,77.06551361083984,81.64273071289062,-0.9649290396021967,1,1.5,-1.5,1061521.0034378055,
2018-04-27,77.06551361083984,82.74105834960938,0.6089500512620152,0,1.5,-1.5,1063651.2664483646,Close
2018-04-30,77.41902160644531,82.74105834960938,-0.1355823945774783,0,1.5,-1.5,1063651.2664483646,
2018-05-02,78.47956085205078,82.00884246826172,-2.9438028194975074,1,1.5,-1.5,1063584.8469122318,Long Spread
2018-05-03,77.77253723144531,81.64273071289062,-2.0633954542886457,1,1.5,-1.5,1064266.6706427005,
2018-05-04,77.41902160644531,81.64273071289062,-1.3992824308453902,1,1.5,-1.5,1064973.7018927005,
2018-05-07,77.06551361083984,82.00884246826172,-0.33595448976275644,1,1.5,-1.5,1066412.9413946536,
2018-05-08,77.77253723144531,82.00884246826172,-1.4999344171032558,1,1.5,-1.5,1064998.8941534427,
2018-05-09,76.71199798583984,80.54438781738281,-1.3976956692642617,1,1.5,-1.5,1064191.0633428958,
2018-05-10,76.35848999023438,79.44605255126953,-1.9476310681932498,1,1.5,-1.5,1062701.4088018802,
2018-05-11,75.6514663696289,79.81217193603516,-0.3866122684922714,1,1.5,-1.5,1064847.6948126224,
2018-05-14,75.6514663696289,79.81217193603516,-0.3604378427873641,1,1.5,-1.5,1064847.6948126224,
2018-05-15,75.6514663696289,79.44605255126953,-0.739783210980573,1,1.5,-1.5,1064115.4560430911,
2018-05-16,76.00497436523438,79.07994842529297,-1.6170329346991243,1,1.5,-1.5,1062676.231799927,
2018-05-17,76.00497436523438,79.44605255126953,-1.182782080738316,1,1.5,-1.5,1063408.4400518802,
2018-05-18,76.71199798583984,80.54438781738281,-1.0203579814306694,1,1.5,-1.5,1064191.0633428958,
2018-05-21,76.71199798583984,80.54438781738281,-0.9751552203072216,1,1.5,-1.5,1064191.0633428958,
2018-05-22,76.71199798583984,80.17827606201172,-1.3553118247586744,1,1.5,-1.5,1063458.8398321536,
2018-05-23,76.71199798583984,80.17827606201172,-1.285557809503211,1,1.5,-1.5,1063458.8398321536,
2018-05-24,77.06551361083984,80.17827606201172,-1.7659918875349971,1,1.5,-1.5,1062751.8085821536,
2018-05-25,77.41902160644531,80.54438781738281,-1.7870575006430873,1,1.5,-1.5,1062777.016101685,
2018-05-28,77.77253723144531,81.276611328125,-1.4345750165921125,1,1.5,-1.5,1063534.4318731693,
2018-05-29,77.77253723144531,80.17827606201172,-2.429751565047935,1,1.5,-1.5,1061337.7613409427,
2018-05-30,77.41902160644531,79.44605255126953,-2.4037221582676502,1,1.5,-1.5,1060580.3455694583,
2018-05-31,77.77253723144531,79.81217193603516,-2.2930606963267857,1,1.5,-1.5,1060605.5530889896,
2018-06-01,78.12605285644531,80.54438781738281,-1.9222822686272472,1,1.5,-1.5,1061362.953601685,
2018-06-04,78.12605285644531,80.54438781738281,-1.7893938327093106,1,1.5,-1.5,1061362.953601685,
2018-06-05,77.77253723144531,80.54438781738281,-1.3030729522290005,1,1.5,-1.5,1062069.984851685,
2018-06-06,77.41902160644531,80.91050720214844,-0.5491106977095714,1,1.5,-1.5,1063509.2548712161,
2018-06-07,78.12605285644531,80.54438781738281,-1.6069172307262296,1,1.5,-1.5,1061362.953601685,
2018-06-08,78.12605285644531,80.54438781738281,-1.5346633678427315,1,1.5,-1.5,1061362.953601685,
2018-06-11,77.77253723144531,80.17827606201172,-1.373759190756078,1,1.5,-1.5,1061337.7613409427,
2018-06-12,78.12605285644531,80.17827606201172,-1.6840927458918311,1,1.5,-1.5,1060630.7300909427,
2018-06-13,78.47956085205078,80.54438781738281,-1.6987460746983198,1,1.5,-1.5,1060655.937610474,
2018-06-14,77.77253723144531,79.81217193603516,-1.4272085844449007,1,1.5,-1.5,1060605.5530889896,
2018-06-15,77.41902160644531,80.17827606201172,-0.6616137277455378,1,1.5,-1.5,1062044.7925909427,
2018-06-19,77.41902160644531,79.81217193603516,-0.935122260375275,1,1.5,-1.5,1061312.5843389896,
2018-06-20,77.77253723144531,80.54438781738281,-0.6890322964669952,1,1.5,-1.5,1062069.984851685,
2018-06-21,78.47956085205078,80.17827606201172,-1.7688310949295594,1,1.5,-1.5,1059923.7140997318,
2018-06-22,78.47956085205078,80.54438781738281,-1.3757458838373589,1,1.5,-1.5,1060655.937610474,
2018-06-25,78.12605285644531,80.17827606201172,-1.203819198679724,1,1.5,-1.5,1060630.7300909427,
2018-06-26,78.12605285644531,80.17827606201172,-1.177734894588638,1,1.5,-1.5,1060630.7300909427,
2018-06-27,78.12605285644531,80.17827606201172,-1.1413658505812183,1,1.5,-1.5,1060630.7300909427,
2018-06-28,78.47956085205078,80.54438781738281,-1.2052757836107875,1,1.5,-1.5,1060655.937610474,
2018-06-29,78.12605285644531,80.54438781738281,-0.7149973563405894,1,1.5,-1.5,1061362.953601685,
2018-07-02,77.77253723144531,80.17827606201172,-0.5593430954753917,1,1.5,-1.5,1061337.7613409427,
2018-07-03,78.12605285644531,81.276611328125,0.05321258460090781,0,1.5,-1.5,1062761.0245166018,Close
2018-07-04,78.47956085205078,81.64273071289062,-0.04262206396705438,0,1.5,-1.5,1062761.0245166018,
2018-07-05,78.12605285644531,82.00884246826172,0.8501266463875203,0,1.5,-1.5,1062761.0245166018,
2018-07-06,78.47956085205078,82.00884246826172,0.3563488100373695,0,1.5,-1.5,1062761.0245166018,
2018-07-09,78.83306884765625,82.00884246826172,-0.10160214249889192,0,1.5,-1.5,1062761.0245166018,
2018-07-10,78.90750885009766,82.37494659423828,0.2606835857768029,0,1.5,-1.5,1062761.0245166018,
2018-07-11,78.90750885009766,82.00884246826172,-0.12311208527891297,0,1.5,-1.5,1062761.0245166018,
2018-07-12,78.16310119628906,81.64273071289062,0.7702836558831938,0,1.5,-1.5,1062761.0245166018,
2018-07-13,78.16310119628906,81.64273071289062,0.8283280783838725,0,1.5,-1.5,1062761.0245166018,
2018-07-16,78.5353012084961,81.64273071289062,0.18490394457389306,0,1.5,-1.5,1062761.0245166018,
2018-07-17,78.5353012084961,82.00884246826172,0.7976880214103695,0,1.5,-1.5,1062761.0245166018,
2018-07-18,78.5353012084961,82.00884246826172,0.8599028447177921,0,1.5,-1.5,1062761.0245166018,
2018-07-19,78.16310119628906,81.64273071289062,1.175996667635752,0,1.5,-1.5,1062761.0245166018,
2018-07-20,78.16310119628906,81.64273071289062,1.1840207704087513,0,1.5,-1.5,1062761.0245166018,
2018-07-23,78.5353012084961,81.48664855957031,0.08567648518766467,0,1.5,-1.5,1062761.0245166018,
2018-07-24,78.90750885009766,80.72149658203125,-1.9526292306040418,1,1.5,-1.5,1062694.6393563845,Long Spread
2018-07-25,78.5353012084961,80.33894348144531,-1.6250407046090947,1,1.5,-1.5,1062673.9484384158,
2018-07-26,78.5353012084961,80.72149658203125,-0.9949175611926657,1,1.5,-1.5,1063439.0546395876,
2018-07-27,78.5353012084961,80.72149658203125,-0.982962265189781,1,1.5,-1.5,1063439.0546395876,
2018-07-30,78.5353012084961,81.10407257080078,-0.38194234031182195,1,1.5,-1.5,1064204.2066171267,
2018-07-31,78.5353012084961,81.10407257080078,-0.3812590294239241,1,1.5,-1.5,1064204.2066171267,
2018-08-01,78.90750885009766,81.10407257080078,-1.1433493335296716,1,1.5,-1.5,1063459.7913339236,
2018-08-02,78.16310119628906,80.72149658203125,-0.0743543791389669,1,1.5,-1.5,1064183.4546640017,
2018-08-03,78.16310119628906,81.10407257080078,0.5213409870157645,0,1.5,-1.5,1064882.2359545901,Close
2018-08-06,78.5353012084961,81.48664855957031,0.2807322766198032,0,1.5,-1.5,1064882.2359545901,
2018-08-07,78.16310119628906,81.48664855957031,1.0754463189999206,0,1.5,-1.5,1064882.2359545901,
2018-08-08,78.16310119628906,81.86920928955078,1.5806354108157379,-1,1.5,-1.5,1064815.8346621706,Short Spread
2018-08-09,78.16310119628906,81.86920928955078,1.4937894460552699,-1,1.5,-1.5,1064815.8346621706,
2018-08-10,78.90750885009766,82.25177001953125,0.44875296653320157,-1,1.5,-1.5,1065539.5285098269,
2018-08-13,78.5353012084961,81.48664855957031,0.08577848909264757,-1,1.5,-1.5,1066325.3561465456,
2018-08-14,78.90750885009766,81.86920928955078,-0.12969067569917136,0,1.5,-1.5,1066238.2189010622,Close
2018-08-15,78.5353012084961,81.86920928955078,0.6651389389802659,0,1.5,-1.5,1066238.2189010622,
2018-08-16,78.16310119628906,81.48664855957031,0.8431630469618122,0,1.5,-1.5,1066238.2189010622,
2018-08-17,78.90750885009766,81.86920928955078,-0.2485330659217919,0,1.5,-1.5,1066238.2189010622,
2018-08-20,78.90750885009766,81.86920928955078,-0.27793956592753,0,1.5,-1.5,1066238.2189010622,
2018-08-21,79.27971649169922,83.01690673828125,0.7216117933687922,0,1.5,-1.5,1066238.2189010622,
2018-08-22,79.65191650390625,82.63433837890625,-0.8326900883172917,0,1.5,-1.5,1066238.2189010622,
2018-08-23,80.02412414550781,83.01690673828125,-1.1059842530795212,0,1.5,-1.5,1066238.2189010622,
2018-08-24,79.65191650390625,82.25177001953125,-1.477263509363655,0,1.5,-1.5,1066238.2189010622,
2018-08-27,80.02412414550781,82.63433837890625,-1.632098924291145,1,1.5,-1.5,1066171.7125625613,Long Spread
2018-08-28,80.02412414550781,83.01690673828125,-0.9536749470059757,1,1.5,-1.5,1066936.8492813113,
2018-08-29,80.02412414550781,83.01690673828125,-0.9124162163221229,1,1.5,-1.5,1066936.8492813113,
2018-08-30,79.65191650390625,82.25177001953125,-1.2561782948985352,1,1.5,-1.5,1066150.9911270144,
2018-08-31,79.65191650390625,83.01690673828125,0.040809752684788037,0,1.5,-1.5,1067614.7578115847,Close
2018-09-03,80.02412414550781,82.63433837890625,-1.4046204620879654,0,1.5,-1.5,1067614.7578115847,
2018-09-04,80.02412414550781,83.01690673828125,-0.7382095850191285,0,1.5,-1.5,1067614.7578115847,
2018-09-05,79.65191650390625,82.63433837890625,-0.48909557240064555,0,1.5,-1.5,1067614.7578115847,
2018-09-06,79.65191650390625,82.25177001953125,-1.063809858562402,0,1.5,-1.5,1067614.7578115847,
2018-09-07,80.02412414550781,82.63433837890625,-1.235219822001294,0,1.5,-1.5,1067614.7578115847,
2018-09-10,80.02412414550781,83.01690673828125,-0.5702397717846259,0,1.5,-1.5,1067614.7578115847,
2018-09-11,80.7685317993164,84.16460418701172,-0.3668053010222807,0,1.5,-1.5,1067614.7578115847,
2018-09-12,81.1407470703125,84.16460418701172,-1.1922379072361438,0,1.5,-1.5,1067614.7578115847,
2018-09-13,81.1407470703125,83.78204345703125,-1.7453958250807016,1,1.5,-1.5,1067548.1608999637,Long Spread
2018-09-14,81.512939453125,83.01690673828125,-3.31624736797554,1,1.5,-1.5,1065273.5026968387,
2018-09-17,81.1407470703125,83.01690673828125,-2.296868602824676,1,1.5,-1.5,1066017.8874624637,
2018-09-18,81.1407470703125,84.16460418701172,-0.7287655537998874,1,1.5,-1.5,1068313.2823599246,
2018-09-19,81.512939453125,84.54717254638672,-0.9262773478437419,1,1.5,-1.5,1068334.0343130496,
2018-09-20,81.1407470703125,84.16460418701172,-0.7194834718968867,1,1.5,-1.5,1068313.2823599246,
2018-09-21,81.512939453125,83.78204345703125,-1.854364396004285,1,1.5,-1.5,1066803.7761343387,
2018-09-25,81.1407470703125,83.78204345703125,-1.1084526614766723,1,1.5,-1.5,1067548.1608999637,
2018-09-26,81.1407470703125,83.78204345703125,-1.060718917374995,1,1.5,-1.5,1067548.1608999637,
2018-09-27,81.512939453125,84.16460418701172,-1.202303871018648,1,1.5,-1.5,1067568.8975942996,
2018-09-28,81.512939453125,84.16460418701172,-1.1444732549317913,1,1.5,-1.5,1067568.8975942996,
2018-10-01,81.512939453125,84.54717254638672,-0.6308675520336946,1,1.5,-1.5,1068334.0343130496,
2018-10-02,81.1407470703125,83.78204345703125,-0.8901334295165848,1,1.5,-1.5,1067548.1608999637,
2018-10-03,81.512939453125,83.39946746826172,-1.898205048589364,1,1.5,-1.5,1066038.6241567996,
2018-10-04,80.39633178710938,82.63433837890625,-0.8778261400437382,1,1.5,-1.5,1066741.58131012,
2018-10-05,80.7685317993164,83.39946746826172,-0.530207306823872,1,1.5,-1.5,1067527.4394644168,
2018-10-08,81.1407470703125,83.01690673828125,-1.672669013348172,1,1.5,-1.5,1066017.8874624637,
2018-10-09,81.1407470703125,83.78204345703125,-0.5980995002029703,1,1.5,-1.5,1067548.1608999637,
2018-10-11,80.39633178710938,83.01690673828125,-0.18222452706530945,1,1.5,-1.5,1067506.71802887,
2018-10-12,80.7685317993164,82.63433837890625,-1.3948169729731041,1,1.5,-1.5,1065997.1812857059,
2018-10-15,80.02412414550781,81.48664855957031,-1.5017689508632122,1,1.5,-1.5,1065190.6169546512,
2018-10-16,80.02412414550781,81.86920928955078,-0.8903066250616166,1,1.5,-1.5,1065955.7384146121,
2018-10-17,80.39633178710938,81.86920928955078,-1.5906406052549193,1,1.5,-1.5,1065211.323131409,
2018-10-18,80.39633178710938,82.25177001953125,-1.0023447138916357,1,1.5,-1.5,1065976.44459137,
2018-10-19,80.7685317993164,81.48664855957031,-2.726816965162302,1,1.5,-1.5,1063701.801647034,
2018-10-22,80.39633178710938,82.25177001953125,-0.7775690331879264,1,1.5,-1.5,1065976.44459137,
2018-10-23,80.02412414550781,81.48664855957031,-1.0829265203606078,1,1.5,-1.5,1065190.6169546512,
2018-10-24,80.7685317993164,81.86920928955078,-1.909698959872271,1,1.5,-1.5,1064466.923106995,
2018-10-25,81.512939453125,82.63433837890625,-2.1239162499171385,1,1.5,-1.5,1064508.3659780887,
2018-10-26,81.8851547241211,83.39946746826172,-1.6882102104668606,1,1.5,-1.5,1065294.1936148074,
2018-10-29,81.8851547241211,83.78204345703125,-1.1208941230090346,1,1.5,-1.5,1066059.3455923465,
2018-10-30,81.8851547241211,83.01690673828125,-2.028659440667622,1,1.5,-1.5,1064529.0721548465,
2018-10-31,82.25736236572266,83.78204345703125,-1.60394469726881,1,1.5,-1.5,1065314.9303091434,
2018-11-01,81.512939453125,81.86920928955078,-2.470408078361825,1,1.5,-1.5,1062978.1077993778,
2018-11-02,80.39633178710938,81.10407257080078,-1.4265303734664898,1,1.5,-1.5,1063681.049693909,
2018-11-05,80.7685317993164,80.72149658203125,-2.3157379051485827,1,1.5,-1.5,1062171.4976919559,
2018-11-06,81.1407470703125,81.10407257080078,-2.260928787772549,1,1.5,-1.5,1062192.2191275028,
2018-11-07,81.8851547241211,81.86920928955078,-2.3576720390947536,1,1.5,-1.5,1062233.6772573856,
2018-11-08,81.512939453125,81.86920928955078,-1.7182711895748617,1,1.5,-1.5,1062978.1077993778,
2018-11-09,81.1407470703125,81.86920928955078,-1.1118700480693386,1,1.5,-1.5,1063722.4925650028,
2018-11-12,81.512939453125,81.48664855957031,-1.9177854487145531,1,1.5,-1.5,1062212.9863394168,
2018-11-13,81.8851547241211,81.86920928955078,-1.9209209707752448,1,1.5,-1.5,1062233.6772573856,
2018-11-14,82.25736236572266,81.86920928955078,-2.2062948238949334,1,1.5,-1.5,1061489.2619741824,
2018-11-15,82.25736236572266,81.86920928955078,-2.0442557488083852,1,1.5,-1.5,1061489.2619741824,
2018-11-16,81.1407470703125,81.10407257080078,-1.276251730277196,1,1.5,-1.5,1062192.2191275028,
2018-11-19,81.512939453125,81.48664855957031,-1.3315531348345186,1,1.5,-1.5,1062212.9863394168,
2018-11-20,81.8851547241211,81.86920928955078,-1.3738096814345884,1,1.5,-1.5,1062233.6772573856,
2018-11-21,81.512939453125,81.86920928955078,-0.880995059060897,1,1.5,-1.5,1062978.1077993778,
2018-11-22,81.512939453125,82.25177001953125,-0.5152882519626792,1,1.5,-1.5,1063743.2292593387,
2018-11-23,81.8851547241211,82.63433837890625,-0.6012151663209168,1,1.5,-1.5,1063763.9354360965,
2018-11-26,81.512939453125,82.25177001953125,-0.44176269328094636,1,1.5,-1.5,1063743.2292593387,
2018-11-27,81.512939453125,82.25177001953125,-0.4034628665323129,1,1.5,-1.5,1063743.2292593387,
2018-11-28,81.8851547241211,82.25177001953125,-0.8504714791622028,1,1.5,-1.5,1062998.7987173465,
2018-11-29,81.1407470703125,81.48664855957031,-0.5509165703204782,1,1.5,-1.5,1062957.3711050418,
2018-11-30,81.1407470703125,81.86920928955078,-0.14527533878572269,1,1.5,-1.5,1063722.4925650028,
2018-12-03,80.39633178710938,81.10407257080078,0.18543026131118023,0,1.5,-1.5,1063614.5896777348,Close
2018-12-04,79.65191650390625,81.10407257080078,1.2614671955790704,0,1.5,-1.5,1063614.5896777348,
2018-12-05,80.02412414550781,81.48664855957031,1.169498581011612,0,1.5,-1.5,1063614.5896777348,
2018-12-06,79.65191650390625,81.48664855957031,1.7873811446000876,-1,1.5,-1.5,1063548.1441351322,Short Spread
2018-12-07,80.39633178710938,81.86920928955078,1.076672384947247,-1,1.5,-1.5,1064271.8532415775,
2018-12-10,80.02412414550781,81.86920928955078,1.6183467466025128,-1,1.5,-1.5,1063527.4379583744,
2018-12-11,80.39633178710938,82.25177001953125,1.4785743031589045,-1,1.5,-1.5,1063506.7317816166,
2018-12-12,79.65191650390625,82.25177001953125,2.413235101497288,-1,1.5,-1.5,1062017.9012152103,
2018-12-13,80.39633178710938,82.25177001953125,1.344726133598093,-1,1.5,-1.5,1063506.7317816166,
2018-12-14,80.02412414550781,82.25177001953125,1.7567920458988626,-1,1.5,-1.5,1062762.3164984134,
2018-12-17,80.39633178710938,82.25177001953125,1.2446722929851919,-1,1.5,-1.5,1063506.7317816166,
2018-12-18,80.39633178710938,81.48664855957031,0.5132202766565579,-1,1.5,-1.5,1065036.9747015384,
2018-12-19,80.39633178710938,82.25177001953125,1.2251677101220515,-1,1.5,-1.5,1063506.7317816166,
2018-12-20,80.39633178710938,82.25177001953125,1.1745448618488425,-1,1.5,-1.5,1063506.7317816166,
2018-12-21,80.39633178710938,82.25177001953125,1.1335351109355714,-1,1.5,-1.5,1063506.7317816166,
2018-12-24,80.39633178710938,81.86920928955078,0.7680945903119841,-1,1.5,-1.5,1064271.8532415775,
2018-12-25,80.02412414550781,81.48664855957031,0.8655107044808364,-1,1.5,-1.5,1064292.5594183353,
2018-12-26,79.27971649169922,81.10407257080078,1.4070753761230583,-1,1.5,-1.5,1063568.8960882572,
2018-12-27,79.27971649169922,81.48664855957031,1.6407862633408379,-1,1.5,-1.5,1062803.7441107181,
2018-12-28,79.27971649169922,86.45999908447266,4.242240989079576,-1,1.5,-1.5,1052857.0430609134,
2019-01-02,79.65191650390625,81.86920928955078,0.944032070913909,-1,1.5,-1.5,1062783.0226751713,
2019-01-03,79.27971649169922,81.86920928955078,1.2095709722415482,-1,1.5,-1.5,1062038.6226507572,
2019-01-04,79.27971649169922,82.25177001953125,1.3725405562393445,-1,1.5,-1.5,1061273.5011907963,
2019-01-07,80.39633178710938,82.63433837890625,0.6027614451356501,-1,1.5,-1.5,1062741.5950628666,
2019-01-08,80.02412414550781,81.86920928955078,0.427942822740166,-1,1.5,-1.5,1063527.4379583744,
2019-01-09,80.39633178710938,82.25177001953125,0.30874774130840954,-1,1.5,-1.5,1063506.7317816166,
2019-01-10,80.39633178710938,81.86920928955078,0.034040108558007875,-1,1.5,-1.5,1064271.8532415775,
2019-01-11,80.7685317993164,81.86920928955078,-0.35041852245884947,0,1.5,-1.5,1064949.747756348,Close
2019-01-14,80.7685317993164,81.48664855957031,-0.6591739360531285,0,1.5,-1.5,1064949.747756348,
2019-01-15,80.39633178710938,81.86920928955078,-0.06234436739180009,0,1.5,-1.5,1064949.747756348,
2019-01-16,80.7685317993164,81.86920928955078,-0.47143430598441793,0,1.5,-1.5,1064949.747756348,
2019-01-17,81.1407470703125,81.86920928955078,-0.8939746184791982,0,1.5,-1.5,1064949.747756348,
2019-01-18,81.1407470703125,81.86920928955078,-0.9138346648978234,0,1.5,-1.5,1064949.747756348,
2019-01-21,80.39633178710938,81.48664855957031,-0.4323792674468338,0,1.5,-1.5,1064949.747756348,
2019-01-22,81.1407470703125,82.25177001953125,-0.6676481659575696,0,1.5,-1.5,1064949.747756348,
2019-01-23,81.1407470703125,81.86920928955078,-0.9692737892669522,0,1.5,-1.5,1064949.747756348,
2019-01-24,81.1407470703125,81.86920928955078,-0.9747911964658413,0,1.5,-1.5,1064949.747756348,
2019-01-25,81.512939453125,81.86920928955078,-1.3902133496224236,0,1.5,-1.5,1064949.747756348,
2019-01-28,80.39633178710938,81.48664855957031,-0.4926834296074844,0,1.5,-1.5,1064949.747756348,
2019-01-29,81.1407470703125,81.86920928955078,-1.0209749765662046,0,1.5,-1.5,1064949.747756348,
2019-01-30,81.512939453125,81.86920928955078,-1.39628111517766,0,1.5,-1.5,1064949.747756348,
2019-02-11,81.512939453125,81.48664855957031,-1.59575104030669,1,1.5,-1.5,1064883.2277728275,Long Spread
2019-02-12,80.7685317993164,81.86920928955078,-0.501971905568167,1,1.5,-1.5,1067137.1645404056,
2019-02-13,80.39633178710938,81.10407257080078,-0.655187826673699,1,1.5,-1.5,1066351.2911273197,
2019-02-14,79.65191650390625,81.10407257080078,0.12446217970360128,0,1.5,-1.5,1067773.691454163,Close
2019-02-15,80.7685317993164,81.48664855957031,-0.7345085692047207,0,1.5,-1.5,1067773.691454163,
2019-02-18,81.1407470703125,81.48664855957031,-1.0748717260538696,0,1.5,-1.5,1067773.691454163,
2019-02-19,80.7685317993164,81.10407257080078,-0.9242507504375926,0,1.5,-1.5,1067773.691454163,
2019-02-20,80.7685317993164,81.48664855957031,-0.6161839770947926,0,1.5,-1.5,1067773.691454163,
2019-02-21,81.512939453125,81.48664855957031,-1.3100613845440898,0,1.5,-1.5,1067773.691454163,
2019-02-22,81.8851547241211,81.86920928955078,-1.3367369718481095,0,1.5,-1.5,1067773.691454163,
2019-02-25,81.512939453125,81.86920928955078,-0.9355890698650435,0,1.5,-1.5,1067773.691454163,
2019-02-26,81.8851547241211,81.48664855957031,-1.477513916257108,0,1.5,-1.5,1067773.691454163,
2019-02-27,81.8851547241211,81.86920928955078,-1.1577796405661618,0,1.5,-1.5,1067773.691454163,
2019-03-04,81.8851547241211,81.86920928955078,-1.102003718611553,0,1.5,-1.5,1067773.691454163,
2019-03-05,81.8851547241211,81.86920928955078,-1.052856771665739,0,1.5,-1.5,1067773.691454163,
2019-03-06,81.512939453125,82.25177001953125,-0.44071085357474676,0,1.5,-1.5,1067773.691454163,
2019-03-07,81.512939453125,81.86920928955078,-0.6540375276552808,0,1.5,-1.5,1067773.691454163,
2019-03-08,81.512939453125,82.25177001953125,-0.37072453744373113,0,1.5,-1.5,1067773.691454163,
2019-03-11,81.8851547241211,81.86920928955078,-1.2024737965508245,0,1.5,-1.5,1067773.691454163,
2019-03-12,81.512939453125,82.63433837890625,0.07745099983258358,0,1.5,-1.5,1067773.691454163,
2019-03-13,81.8851547241211,82.63433837890625,-0.4057443014551071,0,1.5,-1.5,1067773.691454163,
2019-03-14,81.1407470703125,82.25177001953125,0.44892310584595263,0,1.5,-1.5,1067773.691454163,
2019-03-15,82.25736236572266,82.63433837890625,-1.0238210383628847,0,1.5,-1.5,1067773.691454163,
2019-03-18,81.8851547241211,82.63433837890625,-0.2796808612800964,0,1.5,-1.5,1067773.691454163,
2019-03-19,82.25736236572266,82.63433837890625,-0.9962749381223792,0,1.5,-1.5,1067773.691454163,
2019-03-20,82.25736236572266,82.63433837890625,-0.9564008227352679,0,1.5,-1.5,1067773.691454163,
2019-03-21,82.25736236572266,82.63433837890625,-0.9096790815872776,0,1.5,-1.5,1067773.691454163,
2019-03-22,81.8851547241211,83.01690673828125,0.5030508159653659,0,1.5,-1.5,1067773.691454163,
2019-03-25,82.25736236572266,82.25177001953125,-1.4550868006829663,0,1.5,-1.5,1067773.691454163,
2019-03-26,83.00177001953125,83.01690673828125,-1.7850615257513005,1,1.5,-1.5,1067707.0507070927,Long Spread
2019-03-27,82.62955474853516,83.01690673828125,-0.9224355103046501,1,1.5,-1.5,1068451.481249085,
2019-03-28,83.37396240234375,83.39946746826172,-1.8133706293662994,1,1.5,-1.5,1067727.7874014287,
2019-03-29,83.00177001953125,83.78204345703125,-0.4264800904558181,1,1.5,-1.5,1069237.3241445927,
2019-04-01,82.62955474853516,84.54717254638672,1.5284074116283661,0,1.5,-1.5,1071445.3257962042,Close
2019-04-02,82.25736236572266,83.78204345703125,1.1335463831591583,0,1.5,-1.5,1071445.3257962042,
2019-04-03,82.62955474853516,83.01690673828125,-0.7638242902366066,0,1.5,-1.5,1071445.3257962042,
2019-04-08,82.25736236572266,83.01690673828125,0.015691662976945568,0,1.5,-1.5,1071445.3257962042,
2019-04-09,82.62955474853516,83.78204345703125,0.42462633036307434,0,1.5,-1.5,1071445.3257962042,
2019-04-10,82.62955474853516,83.78204345703125,0.4332991022777904,0,1.5,-1.5,1071445.3257962042,
2019-04-11,82.62955474853516,83.39946746826172,-0.16089574699373171,0,1.5,-1.5,1071445.3257962042,
2019-04-12,82.62955474853516,83.78204345703125,0.4081399792164435,0,1.5,-1.5,1071445.3257962042,
2019-04-15,82.62955474853516,83.78204345703125,0.4479520143430619,0,1.5,-1.5,1071445.3257962042,
2019-04-16,83.00177001953125,84.16460418701172,0.2509117298371369,0,1.5,-1.5,1071445.3257962042,
2019-04-17,83.00177001953125,83.78204345703125,-0.3323081291793525,0,1.5,-1.5,1071445.3257962042,
2019-04-18,83.37396240234375,84.16460418701172,-0.5566720470218809,0,1.5,-1.5,1071445.3257962042,
2019-04-19,83.00177001953125,83.78204345703125,-0.27634386791601534,0,1.5,-1.5,1071445.3257962042,
2019-04-22,83.00177001953125,84.16460418701172,0.4518796865590922,0,1.5,-1.5,1071445.3257962042,
2019-04-23,83.74617767333984,84.54717254638672,-0.7639140859925152,0,1.5,-1.5,1071445.3257962042,
2019-04-24,83.37396240234375,84.54717254638672,0.2224685303700458,0,1.5,-1.5,1071445.3257962042,
2019-04-25,83.74617767333984,84.54717254638672,-0.7940448725646948,0,1.5,-1.5,1071445.3257962042,
2019-04-26,84.11839294433594,84.54717254638672,-1.6930141262361114,1,1.5,-1.5,1071378.5791735845,Long Spread
2019-04-29,84.11839294433594,84.92973327636719,-1.012815860818892,1,1.5,-1.5,1072143.7006335454,
2019-04-30,84.11839294433594,84.92973327636719,-1.0056510514284547,1,1.5,-1.5,1072143.7006335454,
2019-05-02,85.23500061035156,84.92973327636719,-3.318521701286546,1,1.5,-1.5,1069910.4853015142,
2019-05-03,85.23500061035156,84.92973327636719,-2.8898649298024393,1,1.5,-1.5,1069910.4853015142,
2019-05-06,84.11839294433594,84.54717254638672,-1.131267145352425,1,1.5,-1.5,1071378.5791735845,
2019-05-07,84.86279296875,84.54717254638672,-2.3530705083849646,1,1.5,-1.5,1069889.7791247563,
2019-05-08,84.49058532714844,85.31230163574219,-0.6273151658033004,1,1.5,-1.5,1072164.4525866704,
2019-05-09,84.86279296875,84.16460418701172,-2.5272293456022608,1,1.5,-1.5,1069124.6424060063,
2019-05-10,84.86279296875,84.16460418701172,-2.3066048352309747,1,1.5,-1.5,1069124.6424060063,
2019-05-13,85.23500061035156,84.16460418701172,-2.5739359310800665,1,1.5,-1.5,1068380.2271228032,
2019-05-14,84.86279296875,85.31230163574219,-0.7872406183301403,1,1.5,-1.5,1071420.0373034673,
2019-05-15,85.23500061035156,84.54717254638672,-1.9888139358430654,1,1.5,-1.5,1069145.3638415532,
2019-05-16,84.86279296875,84.54717254638672,-1.3806189316929431,1,1.5,-1.5,1069889.7791247563,
2019-05-17,85.6072006225586,84.92973327636719,-1.8874096309231627,1,1.5,-1.5,1069166.0852771,
2019-05-20,85.97940826416016,85.31230163574219,-1.8712977332723053,1,1.5,-1.5,1069186.806712647,
2019-05-21,87.8404312133789,86.07743835449219,-3.012306598638406,1,1.5,-1.5,1066995.0342517095,
2019-05-22,87.09602355957031,85.69486999511719,-2.2700070313964478,1,1.5,-1.5,1067718.7128405767,
2019-05-23,87.46822357177734,85.69486999511719,-2.3888113922435816,1,1.5,-1.5,1066974.3128161626,
2019-05-24,87.46822357177734,85.69486999511719,-2.1770990816364475,1,1.5,-1.5,1066974.3128161626,
2019-05-27,87.8404312133789,85.69486999511719,-2.275179897365871,1,1.5,-1.5,1066229.8975329595,
2019-05-28,86.35160827636719,85.31230163574219,-1.1879386286616227,1,1.5,-1.5,1068442.406688233,
2019-05-29,87.46822357177734,85.69486999511719,-1.7605348764712538,1,1.5,-1.5,1066974.3128161626,
2019-05-30,87.8404312133789,86.07743835449219,-1.7365392465019447,1,1.5,-1.5,1066995.0342517095,
2019-05-31,87.8404312133789,86.07743835449219,-1.6408793936094115,1,1.5,-1.5,1066995.0342517095,
2019-06-03,87.8404312133789,86.45999908447266,-1.34969034130241,1,1.5,-1.5,1067760.1557116704,
2019-06-04,87.8404312133789,86.45999908447266,-1.280438132990598,1,1.5,-1.5,1067760.1557116704,
2019-06-05,88.212646484375,86.84257507324219,-1.2898280392783212,1,1.5,-1.5,1067780.8771472173,
2019-06-06,88.212646484375,86.84257507324219,-1.2283355019615851,1,1.5,-1.5,1067780.8771472173,
2019-06-10,88.95704650878906,87.22512817382812,-1.5024407951688512,1,1.5,-1.5,1067057.183299561,
2019-06-11,88.5848388671875,86.84257507324219,-1.359177977124452,1,1.5,-1.5,1067036.4923815923,
2019-06-12,89.32925415039062,86.45999908447266,-1.990876399515963,1,1.5,-1.5,1064782.509837647,
2019-06-13,89.70144653320312,86.45999908447266,-2.1042679504707595,1,1.5,-1.5,1064038.125072022,
2019-06-14,89.70144653320312,86.07743835449219,-2.1239066692316935,1,1.5,-1.5,1063273.003612061,
2019-06-17,88.95704650878906,85.69486999511719,-1.6928231688933688,1,1.5,-1.5,1063996.6669421392,
2019-06-18,88.95704650878906,85.69486999511719,-1.602722441658176,1,1.5,-1.5,1063996.6669421392,
2019-06-19,90.07366180419922,86.84257507324219,-1.7141954686219163,1,1.5,-1.5,1064058.8465075688,
2019-06-20,90.07366180419922,86.07743835449219,-1.9443898167668578,1,1.5,-1.5,1062528.5730700688,
2019-06-21,90.8180694580078,86.84257507324219,-1.956898618505732,1,1.5,-1.5,1062570.0311999517,
2019-06-24,91.19027709960938,87.22512817382812,-1.9003553515934126,1,1.5,-1.5,1062590.7221179204,
2019-06-25,91.19027709960938,87.22512817382812,-1.7862704079520753,1,1.5,-1.5,1062590.7221179204,
2019-06-26,91.19027709960938,87.22512817382812,-1.6951552430532306,1,1.5,-1.5,1062590.7221179204,
2019-06-27,91.19027709960938,86.84257507324219,-1.7699026733429974,1,1.5,-1.5,1061825.6159167485,
2019-06-28,91.19027709960938,86.45999908447266,-1.8099732130029984,1,1.5,-1.5,1061060.4639392095,
2019-07-01,90.07366180419922,86.45999908447266,-1.0802344890394313,1,1.5,-1.5,1063293.6945300298,
2019-07-02,91.19027709960938,86.84257507324219,-1.521186380589035,1,1.5,-1.5,1061825.6159167485,
2019-07-03,91.19027709960938,86.84257507324219,-1.4439227553845604,1,1.5,-1.5,1061825.6159167485,
2019-07-04,90.8180694580078,86.45999908447266,-1.3383444486099667,1,1.5,-1.5,1061804.8792224126,
2019-07-05,91.19027709960938,86.84257507324219,-1.333308292777499,1,1.5,-1.5,1061825.6159167485,
2019-07-08,90.8180694580078,87.22512817382812,-0.8856243836296652,1,1.5,-1.5,1063335.1374011235,
2019-07-09,88.12667846679688,86.84257507324219,0.6835990832802644,0,1.5,-1.5,1067885.814412232,Close
2019-07-10,88.51661682128906,86.84257507324219,0.500613032678447,0,1.5,-1.5,1067885.814412232,
2019-07-11,87.34679412841797,86.84257507324219,1.3285875628752084,0,1.5,-1.5,1067885.814412232,
2019-07-12,86.95685577392578,86.45999908447266,1.4551947294511614,0,1.5,-1.5,1067885.814412232,
2019-07-15,86.17697143554688,86.07743835449219,1.7977273532142706,-1,1.5,-1.5,1067818.9242358403,Short Spread
2019-07-16,85.39708709716797,85.31230163574219,1.9182996673296668,-1,1.5,-1.5,1067789.4289965825,
2019-07-17,86.56690979003906,85.69486999511719,1.2582715302794814,-1,1.5,-1.5,1069363.9376635747,
2019-07-18,86.17697143554688,85.69486999511719,1.4800356653927291,-1,1.5,-1.5,1068584.0609545903,
2019-07-19,86.56690979003906,85.69486999511719,1.1876179247740037,-1,1.5,-1.5,1069363.9376635747,
2019-07-22,86.56690979003906,86.07743835449219,1.3226342979100107,-1,1.5,-1.5,1068598.8009448247,
2019-07-23,86.17697143554688,85.69486999511719,1.3408392686444288,-1,1.5,-1.5,1068584.0609545903,
2019-07-24,85.39708709716797,85.69486999511719,1.7649932690421837,-1,1.5,-1.5,1067024.2922778325,
2019-07-25,85.78703308105469,85.27963256835938,1.2965130587401992,-1,1.5,-1.5,1068634.6590991216,
2019-07-26,85.00714874267578,85.67813110351562,1.8190601415550778,-1,1.5,-1.5,1066277.8933520513,
2019-07-29,85.00714874267578,85.67813110351562,1.7146650352004034,-1,1.5,-1.5,1066277.8933520513,
2019-07-30,85.00714874267578,85.67813110351562,1.6276653843519162,-1,1.5,-1.5,1066277.8933520513,
2019-07-31,85.39708709716797,86.0766372680664,1.4983985108032076,-1,1.5,-1.5,1066260.757731934,
2019-08-01,84.61720275878906,85.27963256835938,1.5296891603589968,-1,1.5,-1.5,1066294.9984545903,
2019-08-02,85.00714874267578,85.27963256835938,1.2783944208672604,-1,1.5,-1.5,1067074.8904223638,
2019-08-05,85.78703308105469,85.67813110351562,0.9932974570372387,-1,1.5,-1.5,1067837.662028809,
2019-08-06,85.39708709716797,84.88113403320312,0.8755100924505381,-1,1.5,-1.5,1068651.7642016606,
2019-08-07,85.39708709716797,84.88113403320312,0.8362966877374156,-1,1.5,-1.5,1068651.7642016606,
2019-08-08,85.39708709716797,85.67813110351562,1.0555926617626052,-1,1.5,-1.5,1067057.7700610356,
2019-08-12,85.78703308105469,85.67813110351562,0.8266153798326895,-1,1.5,-1.5,1067837.662028809,
2019-08-13,86.17697143554688,85.27963256835938,0.47625703504839795,-1,1.5,-1.5,1069414.535808106,
2019-08-14,86.17697143554688,85.27963256835938,0.44830455304516653,-1,1.5,-1.5,1069414.535808106,
2019-08-15,86.56690979003906,84.88113403320312,0.09937796597699403,-1,1.5,-1.5,1070991.4095874028,
2019-08-16,85.78703308105469,86.0766372680664,0.8492724994313888,-1,1.5,-1.5,1067040.6496997075,
2019-08-19,85.78703308105469,85.67813110351562,0.6707071621128194,-1,1.5,-1.5,1067837.662028809,
2019-08-20,85.78703308105469,85.27963256835938,0.4912313098908154,-1,1.5,-1.5,1068634.6590991216,
2019-08-21,85.78703308105469,85.67813110351562,0.5989575410520728,-1,1.5,-1.5,1067837.662028809,
2019-08-22,86.56690979003906,85.27963256835938,-0.0073655687187436794,0,1.5,-1.5,1070127.538655396,Close
2019-08-23,86.56690979003906,85.67813110351562,0.10168706127605424,0,1.5,-1.5,1070127.538655396,
2019-08-26,85.78703308105469,85.27963256835938,0.3467084659870848,0,1.5,-1.5,1070127.538655396,
2019-08-27,85.78703308105469,85.67813110351562,0.4847026689125795,0,1.5,-1.5,1070127.538655396,
2019-08-28,86.56690979003906,86.0766372680664,0.10602342916904692,0,1.5,-1.5,1070127.538655396,
2019-08-29,86.95685577392578,86.47514343261719,-0.04418928618811423,0,1.5,-1.5,1070127.538655396,
2019-08-30,87.34679412841797,86.87364196777344,-0.2350910558549189,0,1.5,-1.5,1070127.538655396,
2019-09-02,87.73674011230469,87.67064666748047,-0.20886196097602253,0,1.5,-1.5,1070127.538655396,
2019-09-03,86.95685577392578,87.27214813232422,0.34382763006635864,0,1.5,-1.5,1070127.538655396,
2019-09-04,87.34679412841797,87.67064666748047,0.1300748574238979,0,1.5,-1.5,1070127.538655396,
2019-09-05,87.34679412841797,87.67064666748047,0.06412256750231932,0,1.5,-1.5,1070127.538655396,
2019-09-06,87.34679412841797,87.67064666748047,0.0372883684931641,0,1.5,-1.5,1070127.538655396,
2019-09-10,88.51661682128906,88.4676513671875,-1.0843188580623173,0,1.5,-1.5,1070127.538655396,
2019-09-11,88.51661682128906,88.4676513671875,-1.0395355177973682,0,1.5,-1.5,1070127.538655396,
2019-09-12,88.51661682128906,88.4676513671875,-0.9905433624799874,0,1.5,-1.5,1070127.538655396,
2019-09-16,88.90656280517578,88.86615753173828,-1.1761280313018454,0,1.5,-1.5,1070127.538655396,
2019-09-17,88.90656280517578,88.86615753173828,-1.1363560986105221,0,1.5,-1.5,1070127.538655396,
2019-09-18,89.29650115966797,88.86615753173828,-1.7613135872217778,1,1.5,-1.5,1070060.4121490484,Long Spread
2019-09-19,89.29650115966797,89.26466369628906,-1.226216631220228,1,1.5,-1.5,1070857.42447815,
2019-09-20,88.90656280517578,89.66316223144531,-0.07827505239623433,1,1.5,-1.5,1072434.2982574468,
2019-09-23,88.51661682128906,89.26466369628906,0.13038655720603348,0,1.5,-1.5,1072350.081903687,Close
2019-09-24,88.12667846679688,88.86615753173828,0.30549009804285837,0,1.5,-1.5,1072350.081903687,
2019-09-25,88.12667846679688,88.06915283203125,-0.6422157976649372,0,1.5,-1.5,1072350.081903687,
2019-09-26,88.12667846679688,87.67064666748047,-1.1146156896661505,0,1.5,-1.5,1072350.081903687,
2019-09-27,87.34679412841797,88.4676513671875,1.4602948566774643,0,1.5,-1.5,1072350.081903687,
2019-10-01,88.51661682128906,89.26466369628906,0.35958384989535525,0,1.5,-1.5,1072350.081903687,
2019-10-02,88.51661682128906,89.26466369628906,0.4512901485600932,0,1.5,-1.5,1072350.081903687,
2019-10-03,87.73674011230469,88.86615753173828,1.5850921686214323,-1,1.5,-1.5,1072283.0177877813,Short Spread
2019-10-04,88.51661682128906,89.26466369628906,0.4825471438076133,-1,1.5,-1.5,1073045.7588766485,
2019-10-07,88.51661682128906,89.66316223144531,1.0944577374582851,-1,1.5,-1.5,1072248.761806336,
2019-10-08,88.51661682128906,89.66316223144531,1.0652886733732692,-1,1.5,-1.5,1072248.761806336,
2019-10-09,87.73674011230469,88.86615753173828,1.5483021768451062,-1,1.5,-1.5,1072283.0177877813,
2019-10-14,88.51661682128906,89.26466369628906,0.45860856234804814,-1,1.5,-1.5,1073045.7588766485,
2019-10-15,88.51661682128906,89.26466369628906,0.43218632932295015,-1,1.5,-1.5,1073045.7588766485,
2019-10-16,88.51661682128906,89.66316223144531,1.0170592324576098,-1,1.5,-1.5,1072248.761806336,
2019-10-17,88.51661682128906,89.66316223144531,0.9904360974129358,-1,1.5,-1.5,1072248.761806336,
2019-10-18,88.12667846679688,89.66316223144531,1.8573517989528054,-1,1.5,-1.5,1071468.8850973516,
2019-10-21,88.51661682128906,89.66316223144531,0.9465346268933342,-1,1.5,-1.5,1072248.761806336,
2019-10-22,88.51661682128906,90.06166076660156,1.5113954691177367,-1,1.5,-1.5,1071451.7647360235,
2019-10-23,88.12667846679688,89.66316223144531,1.665328238811861,-1,1.5,-1.5,1071468.8850973516,
2019-10-24,88.12667846679688,90.06166076660156,2.125691774118286,-1,1.5,-1.5,1070671.8880270391,
2019-10-25,88.51661682128906,89.66316223144531,0.6701867139152434,-1,1.5,-1.5,1072248.761806336,
2019-10-28,88.90656280517578,90.06166076660156,0.42793177085443024,-1,1.5,-1.5,1072231.656703797,
2019-10-29,88.51661682128906,89.66316223144531,0.6459754307769707,-1,1.5,-1.5,1072248.761806336,
2019-10-30,88.90656280517578,90.06166076660156,0.39587502007896125,-1,1.5,-1.5,1072231.656703797,
2019-10-31,88.51661682128906,89.26466369628906,-0.0036639828136364023,0,1.5,-1.5,1072978.6476254277,Close
2019-11-01,88.90656280517578,90.06166076660156,0.34455451377746626,0,1.5,-1.5,1072978.6476254277,
2019-11-04,88.90656280517578,90.06166076660156,0.31790870596976434,0,1.5,-1.5,1072978.6476254277,
2019-11-05,89.68643951416016,90.06166076660156,-1.324630854739919,0,1.5,-1.5,1072978.6476254277,
2019-11-06,90.07638549804688,90.46017456054688,-1.4694094078202657,0,1.5,-1.5,1072978.6476254277,
2019-11-07,90.46632385253906,90.06166076660156,-2.550331853037724,1,1.5,-1.5,1072911.426506043,Long Spread
2019-11-08,90.46632385253906,90.46017456054688,-1.8662627276593027,1,1.5,-1.5,1073708.4540939336,
2019-11-11,90.85626983642578,90.8586654663086,-1.947066694885121,1,1.5,-1.5,1073725.5439376836,
2019-11-12,90.85626983642578,90.46017456054688,-2.2546638210569867,1,1.5,-1.5,1072928.5621261601,
2019-11-13,89.68643951416016,89.66316223144531,-1.2418084032667578,1,1.5,-1.5,1073674.1981124883,
2019-11-14,90.46632385253906,90.06166076660156,-1.9318577077571175,1,1.5,-1.5,1072911.426506043,
2019-11-15,90.07638549804688,90.46017456054688,-0.8879297945101179,1,1.5,-1.5,1074488.330802918,
2019-11-18,90.07638549804688,90.46017456054688,-0.9168085052895935,1,1.5,-1.5,1074488.330802918,
2019-11-19,89.68643951416016,90.06166076660156,-0.7617837257041408,1,1.5,-1.5,1074471.1951828008,
2019-11-20,90.46632385253906,90.8586654663086,-1.0539363920494227,1,1.5,-1.5,1074505.435905457,
2019-11-21,90.07638549804688,90.06166076660156,-1.2648641913874712,1,1.5,-1.5,1073691.3032150273,
2019-11-22,90.46632385253906,90.8586654663086,-0.9498568831441112,1,1.5,-1.5,1074505.435905457,
2019-11-25,90.85626983642578,90.46017456054688,-1.8442247817822144,1,1.5,-1.5,1072928.5621261601,
2019-11-26,90.07638549804688,89.66316223144531,-1.4850296519761441,1,1.5,-1.5,1072894.3061447148,
2019-11-27,90.07638549804688,90.06166076660156,-1.032135976259797,1,1.5,-1.5,1073691.3032150273,
2019-11-28,89.29650115966797,89.66316223144531,-0.31078521301556905,1,1.5,-1.5,1074454.0748214726,
2019-11-29,89.29650115966797,90.06166076660156,0.09960570400495225,0,1.5,-1.5,1075183.897565308,Close
2019-12-02,89.68643951416016,90.06166076660156,-0.42177355804703526,0,1.5,-1.5,1075183.897565308,
2019-12-03,89.68643951416016,90.06166076660156,-0.40026002819740303,0,1.5,-1.5,1075183.897565308,
2019-12-04,89.68643951416016,90.06166076660156,-0.3714108574710292,0,1.5,-1.5,1075183.897565308,
2019-12-05,90.07638549804688,90.06166076660156,-0.8930083136943446,0,1.5,-1.5,1075183.897565308,
2019-12-06,89.29650115966797,89.66316223144531,-0.13724529050821152,0,1.5,-1.5,1075183.897565308,
2019-12-09,88.90656280517578,89.26466369628906,0.0355466674347025,0,1.5,-1.5,1075183.897565308,
2019-12-10,88.51661682128906,88.86615753173828,0.20594875671254112,0,1.5,-1.5,1075183.897565308,
2019-12-11,88.51661682128906,88.4676513671875,-0.19085924148587705,0,1.5,-1.5,1075183.897565308,
2019-12-12,89.29650115966797,88.86615753173828,-0.9005819161942367,0,1.5,-1.5,1075183.897565308,
2019-12-13,89.29650115966797,89.26466369628906,-0.42707278877960675,0,1.5,-1.5,1075183.897565308,
2019-12-16,88.12667846679688,88.06915283203125,0.1134769543968128,0,1.5,-1.5,1075183.897565308,
2019-12-17,88.12667846679688,88.06915283203125,0.16230205355722954,0,1.5,-1.5,1075183.897565308,
2019-12-18,88.51661682128906,88.06915283203125,-0.46282666399491657,0,1.5,-1.5,1075183.897565308,
2019-12-19,87.73674011230469,87.67064666748047,0.5498105616886017,0,1.5,-1.5,1075183.897565308,
2019-12-20,88.51661682128906,88.4676513671875,0.17171353872641618,0,1.5,-1.5,1075183.897565308,
2019-12-23,88.90656280517578,88.86615753173828,-0.008184013706362509,0,1.5,-1.5,1075183.897565308,
2019-12-24,88.12667846679688,88.06915283203125,0.5308729477094685,0,1.5,-1.5,1075183.897565308,
2019-12-25,88.12667846679688,88.06915283203125,0.5985121816215118,0,1.5,-1.5,1075183.897565308,
2019-12-26,88.12667846679688,88.4676513671875,1.3297559326526416,0,1.5,-1.5,1075183.897565308,
2019-12-27,88.51661682128906,88.86615753173828,1.1505187762239997,0,1.5,-1.5,1075183.897565308,
2019-12-30,88.12667846679688,88.4676513671875,1.5252577889200014,-1,1.5,-1.5,1075116.8337921146,Short Spread
2019-12-31,87.34679412841797,87.67064666748047,1.964021722327463,-1,1.5,-1.5,1075151.0745147709,
2020-01-02,87.73674011230469,87.27214813232422,0.19178688846825015,-1,1.5,-1.5,1076727.9635528568,
2020-01-03,87.73674011230469,88.06915283203125,1.6055358580277737,-1,1.5,-1.5,1075133.9541534428,
2020-01-06,86.17697143554688,87.67064666748047,3.8386127306606146,-1,1.5,-1.5,1072811.4291290287,
2020-01-07,85.39708709716797,87.27214813232422,3.800180875338816,-1,1.5,-1.5,1072048.6575225834,
2020-01-08,85.39708709716797,86.87364196777344,2.9163389519274276,-1,1.5,-1.5,1072845.669851685,
2020-01-09,85.78703308105469,87.27214813232422,2.4595709529392016,-1,1.5,-1.5,1072828.5494903568,
2020-01-10,85.39708709716797,87.27214813232422,2.6814120493483515,-1,1.5,-1.5,1072048.6575225834,
2020-01-13,85.00714874267578,87.67064666748047,3.026732482050316,-1,1.5,-1.5,1070471.7837432865,
2020-01-14,84.61720275878906,87.27214813232422,2.7464417706416957,-1,1.5,-1.5,1070488.8888458256,
2020-01-15,84.2272720336914,86.87364196777344,2.5346754679472947,-1,1.5,-1.5,1070506.0397247318,
2020-01-16,84.2272720336914,87.27214813232422,2.4969058777415105,-1,1.5,-1.5,1069709.0273956303,
2020-01-17,85.00714874267578,87.27214813232422,1.7033056536929998,-1,1.5,-1.5,1071268.780813599,
2020-01-20,84.61720275878906,87.27214813232422,1.8813864184470306,-1,1.5,-1.5,1070488.8888458256,
2020-01-30,83.44737243652344,86.47514343261719,2.177924221570932,-1,1.5,-1.5,1069743.2376007084,
2020-01-31,83.44737243652344,86.0766372680664,1.8299414534162946,-1,1.5,-1.5,1070540.24992981,
2020-02-03,84.2272720336914,86.0766372680664,1.1824573915277004,-1,1.5,-1.5,1072100.0491241459,
2020-02-04,83.83733367919922,86.0766372680664,1.3915631164151954,-1,1.5,-1.5,1071320.1724151615,
2020-02-05,84.2272720336914,86.0766372680664,1.0535405631321362,-1,1.5,-1.5,1072100.0491241459,
2020-02-06,84.61720275878906,86.47514343261719,0.9292348096968404,-1,1.5,-1.5,1072082.8982452396,
2020-02-07,83.83733367919922,86.87364196777344,1.593906808045613,-1,1.5,-1.5,1069726.1630157474,
2020-02-10,84.2272720336914,86.87364196777344,1.25079847124214,-1,1.5,-1.5,1070506.0397247318,
2020-02-11,83.83733367919922,86.47514343261719,1.2601882182341266,-1,1.5,-1.5,1070523.16008606,
2020-02-12,83.44737243652344,86.47514343261719,1.4468229333715126,-1,1.5,-1.5,1069743.2376007084,
2020-02-13,84.2272720336914,87.27214813232422,1.2339891505354217,-1,1.5,-1.5,1069709.0273956303,
2020-02-14,85.00714874267578,86.87364196777344,0.4777102354446112,-1,1.5,-1.5,1072065.7931427006,
2020-02-17,85.39708709716797,87.67064666748047,0.5633502800157854,-1,1.5,-1.5,1071251.6604522709,
2020-02-18,84.61720275878906,87.27214813232422,0.8668688641388923,-1,1.5,-1.5,1070488.8888458256,
2020-02-19,84.61720275878906,87.67064666748047,1.0208329438603447,-1,1.5,-1.5,1069691.891775513,
2020-02-20,84.61720275878906,87.27214813232422,0.7742206680615238,-1,1.5,-1.5,1070488.8888458256,
2020-02-21,84.61720275878906,87.27214813232422,0.733873363526325,-1,1.5,-1.5,1070488.8888458256,
2020-02-24,83.05744171142578,86.47514343261719,1.4168847332704348,-1,1.5,-1.5,1068963.376150513,
2020-02-25,83.05744171142578,86.47514343261719,1.3516057285157117,-1,1.5,-1.5,1068963.376150513,
2020-02-26,82.2775650024414,86.0766372680664,1.650622506652047,-1,1.5,-1.5,1068200.6350616459,
2020-02-27,81.88761901855469,86.0766372680664,1.8584135195066174,-1,1.5,-1.5,1067420.7430938724,
2020-03-02,80.3278579711914,86.0766372680664,2.753134448210063,-1,1.5,-1.5,1064301.2209991459,
2020-03-03,81.49767303466797,86.0766372680664,1.8183261559445876,-1,1.5,-1.5,1066640.851126099,
2020-03-04,83.44737243652344,86.87364196777344,0.7812603964420654,-1,1.5,-1.5,1068946.2405303959,
2020-03-05,84.61720275878906,87.67064666748047,0.28867162088278536,-1,1.5,-1.5,1069691.891775513,
2020-03-06,82.66749572753906,86.47514343261719,1.1175258473542287,-1,1.5,-1.5,1068183.4841827396,
2020-03-09,81.10773468017578,85.67813110351562,1.8489667650556112,-1,1.5,-1.5,1066657.9867462162,
2020-03-10,82.66749572753906,85.67813110351562,0.5296308170873238,-1,1.5,-1.5,1069777.5088409428,
2020-03-11,82.2775650024414,86.47514343261719,1.3985582269228811,-1,1.5,-1.5,1067403.6227325443,
2020-03-12,82.2775650024414,85.67813110351562,0.8024070608440841,-1,1.5,-1.5,1068997.6473907474,
2020-03-13,81.88761901855469,84.48262023925781,0.3060540273496266,-1,1.5,-1.5,1070608.7771514896,
2020-03-16,80.7177963256836,83.68562316894531,0.8801019855085352,-1,1.5,-1.5,1069863.1259063724,
2020-03-17,80.3278579711914,85.27963256835938,2.293837725079377,-1,1.5,-1.5,1065895.23039856,
2020-03-18,78.7680892944336,84.88113403320312,3.0797002388541745,-1,1.5,-1.5,1063572.6901153568,
2020-03-19,77.98821258544922,84.08411407470703,2.836468781224772,-1,1.5,-1.5,1063606.9766143803,
2020-03-20,77.91021728515625,84.88113403320312,2.8928508506220547,-1,1.5,-1.5,1061856.9460968021,
2020-03-23,76.4284439086914,84.08411407470703,3.018112972584804,-1,1.5,-1.5,1060487.4392608646,
2020-03-24,76.974365234375,85.27963256835938,2.788566155416836,-1,1.5,-1.5,1059188.2449249271,
2020-03-25,79.54796600341797,86.0766372680664,1.5631076199423781,-1,1.5,-1.5,1062741.437063599,
2020-03-26,78.3781509399414,85.67813110351562,1.8978719765053973,-1,1.5,-1.5,1061198.8192657474,
2020-03-27,79.15802764892578,85.67813110351562,1.404560337214726,-1,1.5,-1.5,1062758.5726837162,
2020-03-30,77.98821258544922,84.88113403320312,1.6070265435292386,-1,1.5,-1.5,1062012.936697388,
2020-03-31,77.91021728515625,85.67813110351562,1.8010793584158977,-1,1.5,-1.5,1060262.9519561771,
2020-04-01,76.50643157958984,85.27963256835938,2.1458461838326657,-1,1.5,-1.5,1058252.3776153568,
2020-04-06,78.7680892944336,86.0766372680664,1.2969721527677471,-1,1.5,-1.5,1061181.6836456303,
2020-04-07,79.93790435791016,85.67813110351562,0.5942303979699852,-1,1.5,-1.5,1064318.326101685,
2020-04-08,80.7177963256836,86.0766372680664,0.33618858528903717,-1,1.5,-1.5,1065081.0977081303,
2020-04-09,81.10773468017578,85.27963256835938,-0.13778702439972057,0,1.5,-1.5,1067388.3283218388,Close
2020-04-10,81.49767303466797,86.0766372680664,-0.07897144717212062,0,1.5,-1.5,1067388.3283218388,
2020-04-13,81.10773468017578,86.0766372680664,0.08516475471626644,0,1.5,-1.5,1067388.3283218388,
2020-04-14,82.66749572753906,86.47514343261719,-0.5540982278531765,0,1.5,-1.5,1067388.3283218388,
2020-04-15,83.05744171142578,86.87364196777344,-0.6481234089030893,0,1.5,-1.5,1067388.3283218388,
2020-04-16,82.2775650024414,86.0766372680664,-0.5817340063093666,0,1.5,-1.5,1067388.3283218388,
2020-04-17,82.66749572753906,86.47514343261719,-0.6674832465564844,0,1.5,-1.5,1067388.3283218388,
2020-04-20,83.44737243652344,86.87364196777344,-0.9470614086908948,0,1.5,-1.5,1067388.3283218388,
2020-04-21,82.66749572753906,86.47514343261719,-0.714612191903829,0,1.5,-1.5,1067388.3283218388,
2020-04-22,82.66749572753906,86.87364196777344,-0.5969129188158715,0,1.5,-1.5,1067388.3283218388,
2020-04-23,82.2775650024414,86.87364196777344,-0.3977491074276706,0,1.5,-1.5,1067388.3283218388,
2020-04-24,82.66749572753906,86.47514343261719,-0.7882098085497101,0,1.5,-1.5,1067388.3283218388,
2020-04-27,84.2272720336914,87.27214813232422,-1.315162059064514,0,1.5,-1.5,1067388.3283218388,
2020-04-28,84.2272720336914,87.27214813232422,-1.2704763642381653,0,1.5,-1.5,1067388.3283218388,
2020-04-29,83.05744171142578,87.67064666748047,-0.4504485805637258,0,1.5,-1.5,1067388.3283218388,
2020-04-30,83.83733367919922,87.27214813232422,-1.0007442738213486,0,1.5,-1.5,1067388.3283218388,
2020-05-04,84.2272720336914,86.87364196777344,-1.3385315763010035,0,1.5,-1.5,1067388.3283218388,
2020-05-05,83.83733367919922,86.87364196777344,-1.1366642744876065,0,1.5,-1.5,1067388.3283218388,
2020-05-06,83.44737243652344,87.27214813232422,-0.7704798996099054,0,1.5,-1.5,1067388.3283218388,
2020-05-07,83.83733367919922,86.87364196777344,-1.0891082699424157,0,1.5,-1.5,1067388.3283218388,
2020-05-08,83.83733367919922,87.67064666748047,-0.7953908534716716,0,1.5,-1.5,1067388.3283218388,
2020-05-11,84.2272720336914,87.67064666748047,-0.9769616506811996,0,1.5,-1.5,1067388.3283218388,
2020-05-12,83.44737243652344,87.67064666748047,-0.5730869426525456,0,1.5,-1.5,1067388.3283218388,
2020-05-13,83.83733367919922,87.67064666748047,-0.7848138074434853,0,1.5,-1.5,1067388.3283218388,
2020-05-14,83.44737243652344,87.67064666748047,-0.5813600258321013,0,1.5,-1.5,1067388.3283218388,
2020-05-15,83.83733367919922,87.27214813232422,-0.899495284951422,0,1.5,-1.5,1067388.3283218388,
2020-05-18,83.83733367919922,88.06915283203125,-0.5701135524742713,0,1.5,-1.5,1067388.3283218388,
2020-05-19,84.2272720336914,88.4676513671875,-0.5902427935456338,0,1.5,-1.5,1067388.3283218388,
2020-05-20,83.83733367919922,88.86615753173828,-0.197910091399549,0,1.5,-1.5,1067388.3283218388,
2020-05-21,83.83733367919922,88.86615753173828,-0.15148065444631137,0,1.5,-1.5,1067388.3283218388,
2020-05-22,83.05744171142578,88.4676513671875,0.2024515342417957,0,1.5,-1.5,1067388.3283218388,
2020-05-25,83.83733367919922,88.06915283203125,-0.41970573768019936,0,1.5,-1.5,1067388.3283218388,
2020-05-26,83.83733367919922,88.4676513671875,-0.19565129803515233,0,1.5,-1.5,1067388.3283218388,
2020-05-27,83.83733367919922,87.67064666748047,-0.5353477420094779,0,1.5,-1.5,1067388.3283218388,
2020-05-28,83.83733367919922,88.06915283203125,-0.29686568411909214,0,1.5,-1.5,1067388.3283218388,
2020-05-29,83.83733367919922,88.06915283203125,-0.24616576885879884,0,1.5,-1.5,1067388.3283218388,
2020-06-01,83.05744171142578,88.86615753173828,1.2359148498007775,0,1.5,-1.5,1067388.3283218388,
2020-06-02,83.44737243652344,89.26466369628906,1.445940195544131,0,1.5,-1.5,1067388.3283218388,
2020-06-03,84.61720275878906,89.66316223144531,0.3796298621854888,0,1.5,-1.5,1067388.3283218388,
2020-06-04,84.2272720336914,90.06166076660156,1.4573637473924614,0,1.5,-1.5,1067388.3283218388,
2020-06-05,83.83733367919922,89.66316223144531,1.5738682979239336,-1,1.5,-1.5,1067321.3883020023,Short Spread
2020-06-08,84.61720275878906,90.06166076660156,0.8483616898719408,-1,1.5,-1.5,1068084.1293908695,
2020-06-09,83.83733367919922,90.06166076660156,2.0138003184561075,-1,1.5,-1.5,1066524.3912316898,
2020-06-10,84.61720275878906,90.06166076660156,0.807774492929349,-1,1.5,-1.5,1068084.1293908695,
2020-06-11,83.83733367919922,89.66316223144531,1.4630032769777428,-1,1.5,-1.5,1067321.3883020023,
2020-06-12,83.83733367919922,90.06166076660156,1.7535357155304505,-1,1.5,-1.5,1066524.3912316898,
2020-06-15,82.66749572753906,88.86615753173828,2.021291186231738,-1,1.5,-1.5,1066575.721798096,
2020-06-16,83.83733367919922,89.66316223144531,1.1655790559757806,-1,1.5,-1.5,1067321.3883020023,
2020-06-17,84.2272720336914,90.06166076660156,0.9824924150986419,-1,1.5,-1.5,1067304.2679406742,
2020-06-18,83.83733367919922,89.66316223144531,1.0766589994658093,-1,1.5,-1.5,1067321.3883020023,
2020-06-19,83.44737243652344,90.06166076660156,1.820617735455627,-1,1.5,-1.5,1065744.4687463383,
2020-06-22,83.83733367919922,90.46017456054688,1.5873415908423982,-1,1.5,-1.5,1065727.3636437992,
2020-06-23,83.44737243652344,90.8586654663086,2.2041306697156022,-1,1.5,-1.5,1064150.4593469242,
2020-06-24,84.2272720336914,91.25717163085938,1.5603462676059048,-1,1.5,-1.5,1064913.2462121586,
2020-06-29,84.61720275878906,91.65568542480467,1.3678032308942998,-1,1.5,-1.5,1064896.0800744633,
2020-06-30,86.17697143554688,93.24969482421876,0.8509677583314771,-1,1.5,-1.5,1064827.5986291508,
2020-07-01,87.34679412841797,92.85118865966795,-0.8565559360571268,0,1.5,-1.5,1067897.048424683,Close
2020-07-02,88.90656280517578,94.27859497070312,-1.5199416005685389,1,1.5,-1.5,1067829.721018372,Long Spread
2020-07-03,89.68643951416016,92.62458801269533,-3.2531760768174673,1,1.5,-1.5,1062961.9536843877,
2020-07-06,90.07638549804688,92.62458801269533,-3.1741974522924226,1,1.5,-1.5,1062182.0617166143,
2020-07-07,89.68643951416016,92.2110824584961,-2.7333165661997567,1,1.5,-1.5,1062134.9425759893,
2020-07-08,90.07638549804688,92.62458801269533,-2.545581776048046,1,1.5,-1.5,1062182.0617166143,
2020-07-09,90.07638549804688,91.3840789794922,-2.795916252529351,1,1.5,-1.5,1059701.043650208,
2020-07-10,90.46632385253906,91.79757690429688,-2.552162881125027,1,1.5,-1.5,1059748.162790833,
2020-07-13,90.46632385253906,91.3840789794922,-2.446679830000324,1,1.5,-1.5,1058921.1669412237,
2020-07-14,90.46632385253906,90.9705810546875,-2.3647089033645448,1,1.5,-1.5,1058094.1710916143,
2020-07-15,90.46632385253906,90.55707550048828,-2.280552329923147,1,1.5,-1.5,1057267.1599832159,
2020-07-16,88.90656280517578,90.55707550048828,-1.4471646433667673,1,1.5,-1.5,1060386.6820779424,
2020-07-17,87.48242950439453,90.55707550048828,-0.7457638535068012,1,1.5,-1.5,1063234.948679505,
2020-07-20,87.48242950439453,90.9705810546875,-0.5818749970319504,1,1.5,-1.5,1064061.9597879034,
2020-07-21,86.66863250732422,90.9705810546875,-0.18251675348578636,1,1.5,-1.5,1065689.553782044,
2020-07-22,87.07552337646484,90.9705810546875,-0.35879738379072224,1,1.5,-1.5,1064875.7720437627,
2020-07-23,86.66863250732422,90.14356231689452,-0.424226037703302,1,1.5,-1.5,1064035.516306458,
2020-07-24,86.2617416381836,90.14356231689452,-0.22630567372323263,1,1.5,-1.5,1064849.2980447393,
2020-07-27,85.44795227050781,89.31655883789062,-0.11286411581166225,1,1.5,-1.5,1064822.869822083,
2020-07-28,85.04105377197266,89.7300796508789,0.21486169427023616,0,1.5,-1.5,1066396.717599793,Close
2020-07-29,85.44795227050781,89.7300796508789,0.046015571330621674,0,1.5,-1.5,1066396.717599793,
2020-07-30,85.44795227050781,89.7300796508789,0.06629698588717055,0,1.5,-1.5,1066396.717599793,
2020-07-31,85.44795227050781,90.55707550048828,0.3490713792684776,0,1.5,-1.5,1066396.717599793,
2020-08-03,84.63416290283203,89.31655883789062,0.3292968729651341,0,1.5,-1.5,1066396.717599793,
2020-08-04,84.63416290283203,89.7300796508789,0.48227804015992837,0,1.5,-1.5,1066396.717599793,
2020-08-05,85.04105377197266,89.31655883789062,0.15632889791379467,0,1.5,-1.5,1066396.717599793,
2020-08-06,84.63416290283203,90.14356231689452,0.6524662764496668,0,1.5,-1.5,1066396.717599793,
2020-08-07,84.22726440429688,90.14356231689452,0.8421137744031448,0,1.5,-1.5,1066396.717599793,
2020-08-10,83.82037353515625,89.7300796508789,0.8954028400526036,0,1.5,-1.5,1066396.717599793,
2020-08-11,83.4134750366211,89.7300796508789,1.088104444304132,0,1.5,-1.5,1066396.717599793,
2020-08-12,83.82037353515625,90.14356231689452,1.0399630260380877,0,1.5,-1.5,1066396.717599793,
2020-08-13,84.22726440429688,90.55707550048828,0.9794852135380977,0,1.5,-1.5,1066396.717599793,
2020-08-14,83.82037353515625,90.14356231689452,1.0229813351001529,0,1.5,-1.5,1066396.717599793,
2020-08-17,84.22726440429688,89.7300796508789,0.6912099872689965,0,1.5,-1.5,1066396.717599793,
2020-08-18,83.82037353515625,90.14356231689452,1.038780624463401,0,1.5,-1.5,1066396.717599793,
2020-08-19,83.82037353515625,90.14356231689452,1.0442743566707844,0,1.5,-1.5,1066396.717599793,
2020-08-20,83.4134750366211,90.14356231689452,1.2585550833263526,0,1.5,-1.5,1066396.717599793,
2020-08-21,83.82037353515625,90.55707550048828,1.2060957470873228,0,1.5,-1.5,1066396.717599793,
2020-08-24,83.4134750366211,90.14356231689452,1.257415827337167,0,1.5,-1.5,1066396.717599793,
2020-08-25,83.00658416748047,90.14356231689452,1.4246597357169406,0,1.5,-1.5,1066396.717599793,
2020-08-26,83.4134750366211,90.14356231689452,1.1821782406713293,0,1.5,-1.5,1066396.717599793,
2020-08-27,83.4134750366211,90.55707550048828,1.2611005607469403,0,1.5,-1.5,1066396.717599793,
2020-08-28,83.4134750366211,90.14356231689452,1.0688604286509746,0,1.5,-1.5,1066396.717599793,
2020-08-31,82.59968566894531,89.7300796508789,1.2453681937834598,0,1.5,-1.5,1066396.717599793,
2020-09-01,82.59968566894531,90.14356231689452,1.3125244233353894,0,1.5,-1.5,1066396.717599793,
2020-09-02,82.59968566894531,89.7300796508789,1.1216298604098252,0,1.5,-1.5,1066396.717599793,
2020-09-03,82.19278717041016,90.14356231689452,1.3923565065248344,0,1.5,-1.5,1066396.717599793,
2020-09-04,82.19278717041016,89.7300796508789,1.2129811626160327,0,1.5,-1.5,1066396.717599793,
2020-09-07,82.19278717041016,89.7300796508789,1.1881119612994626,0,1.5,-1.5,1066396.717599793,
2020-09-08,81.78590393066406,90.14356231689452,1.5486960137986678,-1,1.5,-1.5,1066329.8404211432,Short Spread
2020-09-09,81.3790054321289,89.7300796508789,1.6632220964805742,-1,1.5,-1.5,1066343.0087561042,
2020-09-10,81.3790054321289,90.14356231689452,1.8285191237579488,-1,1.5,-1.5,1065516.043424073,
2020-09-11,81.78590393066406,90.14356231689452,1.5085344710601192,-1,1.5,-1.5,1066329.8404211432,
2020-09-14,81.78590393066406,90.14356231689452,1.453490337148498,-1,1.5,-1.5,1066329.8404211432,
2020-09-15,81.3790054321289,90.14356231689452,1.637788401799071,-1,1.5,-1.5,1065516.043424073,
2020-09-16,81.3790054321289,90.14356231689452,1.5695056076302971,-1,1.5,-1.5,1065516.043424073,
2020-09-17,81.1348648071289,90.14356231689452,1.6742681693458836,-1,1.5,-1.5,1065027.762174073,
2020-09-18,80.97211456298828,90.14356231689452,1.711551257496888,-1,1.5,-1.5,1064702.2616857917,
2020-09-21,80.48383331298828,89.7300796508789,1.7630197585015208,-1,1.5,-1.5,1064552.664517823,
2020-09-22,80.23970031738281,89.31655883789062,1.6350743688710982,-1,1.5,-1.5,1064891.4401525885,
2020-09-23,79.58866882324219,88.90306091308594,1.793488790609737,-1,1.5,-1.5,1064416.3730139167,
2020-09-24,78.4493637084961,88.48956298828125,2.231967374931367,-1,1.5,-1.5,1062964.7586340338,
2020-09-25,78.69348907470703,88.90306091308594,2.1085090154737056,-1,1.5,-1.5,1062626.0135168463,
2020-09-28,79.01901245117188,89.31655883789062,1.962443102604191,-1,1.5,-1.5,1062450.0644201667,
2020-09-29,78.93763732910156,89.7300796508789,2.0582494623428467,-1,1.5,-1.5,1061460.2725500495,
2020-09-30,78.61212158203125,88.48956298828125,1.6421923558959952,-1,1.5,-1.5,1063290.2743811042,
2020-10-05,78.5307388305664,88.48956298828125,1.6082140911108198,-1,1.5,-1.5,1063127.5088781745,
2020-10-06,78.93763732910156,89.31655883789062,1.629141030355742,-1,1.5,-1.5,1062287.314176026,
2020-10-07,78.77487182617188,88.07605743408203,1.1132597038992478,-1,1.5,-1.5,1064442.7859777838,
2020-10-08,78.85625457763672,88.90306091308594,1.3646885500801518,-1,1.5,-1.5,1062951.5445227057,
2020-10-12,78.61212158203125,88.48956298828125,1.2671571537939692,-1,1.5,-1.5,1063290.2743811042,
2020-10-13,78.12384033203125,88.90306091308594,1.667478545513844,-1,1.5,-1.5,1061486.7160314948,
2020-10-14,78.4493637084961,88.90306091308594,1.3902625995082893,-1,1.5,-1.5,1062137.7627844245,
2020-10-15,78.12384033203125,88.07605743408203,1.1818079789570317,-1,1.5,-1.5,1063140.7229895026,
2020-10-16,77.31005096435547,88.07605743408203,1.6238272437420205,-1,1.5,-1.5,1061513.144254151,
2020-10-19,77.71695709228516,88.48956298828125,1.481383160678981,-1,1.5,-1.5,1061499.945401612,
2020-10-20,77.79833221435547,88.07605743408203,1.1810686654275269,-1,1.5,-1.5,1062489.706754151,
2020-10-21,78.4493637084961,88.48956298828125,0.9042334564685984,-1,1.5,-1.5,1062964.7586340338,
2020-10-22,80.15830993652344,88.48956298828125,-0.29552971456610716,0,1.5,-1.5,1066315.9051751716,Close
2020-10-23,79.4259033203125,88.90306091308594,0.3865573096898363,0,1.5,-1.5,1066315.9051751716,
2020-10-26,80.07693481445312,89.7300796508789,0.3004566441735086,0,1.5,-1.5,1066315.9051751716,
2020-10-27,79.75142669677734,90.14356231689452,0.7296471252748485,0,1.5,-1.5,1066315.9051751716,
2020-10-28,79.83280181884766,89.7300796508789,0.39574657166916644,0,1.5,-1.5,1066315.9051751716,
2020-10-29,78.93763732910156,88.90306091308594,0.6133510564840083,0,1.5,-1.5,1066315.9051751716,
2020-10-30,79.50728607177734,88.48956298828125,-0.18656022012997195,0,1.5,-1.5,1066315.9051751716,
2020-11-02,79.58866882324219,90.55707550048828,1.0475177520705015,0,1.5,-1.5,1066315.9051751716,
2020-11-03,79.58866882324219,90.55707550048828,1.0052702034803354,0,1.5,-1.5,1066315.9051751716,
2020-11-04,79.6700439453125,90.55707550048828,0.8950976774301548,0,1.5,-1.5,1066315.9051751716,
2020-11-05,80.23970031738281,90.9705810546875,0.5765406452970152,0,1.5,-1.5,1066315.9051751716,
2020-11-06,81.3790054321289,90.55707550048828,-1.0728811961586076,0,1.5,-1.5,1066315.9051751716,
2020-11-09,81.78590393066406,90.9705810546875,-1.2418893779930433,0,1.5,-1.5,1066315.9051751716,
2020-11-10,81.1348648071289,90.9705810546875,-0.5153869311070076,0,1.5,-1.5,1066315.9051751716,
2020-11-11,80.97211456298828,90.9705810546875,-0.3818771083712647,0,1.5,-1.5,1066315.9051751716,
2020-11-12,80.97211456298828,90.9705810546875,-0.45408513505062376,0,1.5,-1.5,1066315.9051751716,
2020-11-13,80.64659881591797,90.9705810546875,-0.06124434626274013,0,1.5,-1.5,1066315.9051751716,
2020-11-16,80.97211456298828,90.55707550048828,-0.9998113182632014,0,1.5,-1.5,1066315.9051751716,
2020-11-17,80.5652084350586,90.9705810546875,-0.012848936710283941,0,1.5,-1.5,1066315.9051751716,
2020-11-18,81.1348648071289,90.9705810546875,-0.9170730140384786,0,1.5,-1.5,1066315.9051751716,
2020-11-19,80.97211456298828,90.9705810546875,-0.689653003217429,0,1.5,-1.5,1066315.9051751716,
2020-11-20,80.8093490600586,90.55707550048828,-0.9239046159095479,0,1.5,-1.5,1066315.9051751716,
2020-11-23,80.97211456298828,91.3840789794922,-0.2574572368618346,0,1.5,-1.5,1066315.9051751716,
2020-11-24,80.64659881591797,90.55707550048828,-0.6529043587673159,0,1.5,-1.5,1066315.9051751716,
2020-11-25,80.3210678100586,90.14356231689452,-0.5726896266237091,0,1.5,-1.5,1066315.9051751716,
2020-11-26,81.05348205566406,90.55707550048828,-1.215659314192557,0,1.5,-1.5,1066315.9051751716,
2020-11-27,80.72797393798828,90.55707550048828,-0.6587192273661426,0,1.5,-1.5,1066315.9051751716,
2020-11-30,79.01901245117188,89.7300796508789,1.1147333324805861,0,1.5,-1.5,1066315.9051751716,
2020-12-01,79.99556732177734,90.14356231689452,0.04061423968397464,0,1.5,-1.5,1066315.9051751716,
2020-12-02,79.50728607177734,90.14356231689452,0.8188039359563137,0,1.5,-1.5,1066315.9051751716,
2020-12-03,78.93763732910156,89.7300796508789,1.1964601786961147,0,1.5,-1.5,1066315.9051751716,
2020-12-04,79.4259033203125,90.55707550048828,1.3028234808122154,0,1.5,-1.5,1066315.9051751716,
2020-12-07,79.4259033203125,89.7300796508789,0.3958037098936747,0,1.5,-1.5,1066315.9051751716,
2020-12-08,79.58866882324219,90.55707550048828,1.075889232414765,0,1.5,-1.5,1066315.9051751716,
2020-12-09,79.58866882324219,89.7300796508789,0.18329507249456403,0,1.5,-1.5,1066315.9051751716,
2020-12-10,79.6700439453125,89.7300796508789,0.06982869851787707,0,1.5,-1.5,1066315.9051751716,
2020-12-11,80.23970031738281,89.7300796508789,-0.7985224204453871,0,1.5,-1.5,1066315.9051751716,
2020-12-14,80.5652084350586,89.7300796508789,-1.2928263595972882,0,1.5,-1.5,1066315.9051751716,
2020-12-15,80.15830993652344,90.14356231689452,-0.060895583239654494,0,1.5,-1.5,1066315.9051751716,
2020-12-16,80.72797393798828,90.55707550048828,-0.5112442881870514,0,1.5,-1.5,1066315.9051751716,
2020-12-17,80.72797393798828,90.55707550048828,-0.5834972348509915,0,1.5,-1.5,1066315.9051751716,
2020-12-18,80.8093490600586,90.55707550048828,-0.7220239582042689,0,1.5,-1.5,1066315.9051751716,
2020-12-21,80.89073181152344,90.55707550048828,-0.8567222668520365,0,1.5,-1.5,1066315.9051751716,
2020-12-22,80.5652084350586,90.14356231689452,-0.7608313917918964,0,1.5,-1.5,1066315.9051751716,
2020-12-23,80.23970031738281,89.7300796508789,-0.6804926872426336,0,1.5,-1.5,1066315.9051751716,
2020-12-24,80.15830993652344,89.31655883789062,-1.0192428253169286,0,1.5,-1.5,1066315.9051751716,
2020-12-25,80.40245819091797,89.7300796508789,-0.9270413167037225,0,1.5,-1.5,1066315.9051751716,
2020-12-28,80.97211456298828,90.55707550048828,-0.8516116068514916,0,1.5,-1.5,1066315.9051751716,
2020-12-29,80.5652084350586,90.14356231689452,-0.6041364534064061,0,1.5,-1.5,1066315.9051751716,
2020-12-30,81.1348648071289,90.9705810546875,-0.5292872198666263,0,1.5,-1.5,1066315.9051751716,
2020-12-31,80.48383331298828,90.14356231689452,-0.37015818920523663,0,1.5,-1.5,1066315.9051751716,
2021-01-04,80.3210678100586,90.14356231689452,-0.0797960815423092,0,1.5,-1.5,1066315.9051751716,
2021-01-05,80.72797393798828,90.55707550048828,-0.3759738408652968,0,1.5,-1.5,1066315.9051751716,
2021-01-06,80.23970031738281,90.55707550048828,0.6736711192609321,0,1.5,-1.5,1066315.9051751716,
2021-01-07,79.99556732177734,90.14356231689452,0.5393611998189279,0,1.5,-1.5,1066315.9051751716,
2021-01-08,80.97211456298828,90.9705810546875,-0.31827395097166644,0,1.5,-1.5,1066315.9051751716,
2021-01-11,80.89073181152344,91.79757690429688,1.1275629438572736,0,1.5,-1.5,1066315.9051751716,
2021-01-12,80.89073181152344,91.79757690429688,1.0721085648810373,0,1.5,-1.5,1066315.9051751716,
2021-01-13,80.97211456298828,92.2110824584961,1.4703086066162174,0,1.5,-1.5,1066315.9051751716,
2021-01-14,81.05348205566406,92.62458801269533,1.787976999877831,-1,1.5,-1.5,1066248.9580523688,Short Spread
2021-01-15,80.64659881591797,91.79757690429688,1.3409837992119003,-1,1.5,-1.5,1067089.2137896735,
2021-01-18,80.3210678100586,91.79757690429688,1.8480194368846683,-1,1.5,-1.5,1066438.1517779548,
2021-01-19,79.91417694091797,91.79757690429688,2.3677529893178475,-1,1.5,-1.5,1065624.3700396735,
2021-01-20,79.18177032470703,90.14356231689452,1.4867783008453206,-1,1.5,-1.5,1067467.5859820563,
2021-01-21,79.10037994384766,89.7300796508789,1.0662302754548674,-1,1.5,-1.5,1068131.7705523688,
2021-01-22,78.69348907470703,89.7300796508789,1.6575344808661487,-1,1.5,-1.5,1067317.9888140876,
2021-01-25,79.58866882324219,90.14356231689452,0.6157058704587347,-1,1.5,-1.5,1068281.3829791266,
2021-01-26,79.26314544677734,89.7300796508789,0.6848132469828366,-1,1.5,-1.5,1068457.3015582282,
2021-01-27,78.61212158203125,90.14356231689452,2.0985299445874315,-1,1.5,-1.5,1066328.2884967048,
2021-01-28,79.10037994384766,90.14356231689452,1.2816265018561,-1,1.5,-1.5,1067304.8052203376,
2021-01-29,78.28659057617188,89.31655883789062,1.5907972738544724,-1,1.5,-1.5,1067331.2334429938,
2021-02-01,78.5307388305664,90.14356231689452,2.021297764076619,-1,1.5,-1.5,1066165.522993775,
2021-02-02,78.77487182617188,90.14356231689452,1.5714372018365173,-1,1.5,-1.5,1066653.788984986,
2021-02-03,78.36798095703125,90.14356231689452,2.023523082854615,-1,1.5,-1.5,1065840.0072467048,
2021-02-04,78.36798095703125,89.31655883789062,1.1641183356619862,-1,1.5,-1.5,1067494.0142047126,
2021-02-05,79.10037994384766,89.7300796508789,0.5537306727035005,-1,1.5,-1.5,1068131.7705523688,
2021-02-17,78.61212158203125,89.7300796508789,1.1478948186004272,-1,1.5,-1.5,1067155.253828736,
2021-02-18,78.4493637084961,89.7300796508789,1.3021013351183996,-1,1.5,-1.5,1066829.7380816657,
2021-02-19,78.28659057617188,90.14356231689452,1.7819038388789672,-1,1.5,-1.5,1065677.226484986,
2021-02-22,78.28659057617188,89.7300796508789,1.3279916253864021,-1,1.5,-1.5,1066504.1918170173,
2021-02-23,79.75142669677734,90.55707550048828,0.18077630233955858,-1,1.5,-1.5,1067779.8723590095,
2021-02-24,79.75142669677734,90.55707550048828,0.14929484762959214,-1,1.5,-1.5,1067779.8723590095,
2021-02-25,80.5652084350586,91.3840789794922,-0.1820761646929129,0,1.5,-1.5,1067686.5509060675,Close
2021-02-26,79.01901245117188,90.55707550048828,1.0606907012391504,0,1.5,-1.5,1067686.5509060675,
2021-03-02,79.18177032470703,90.55707550048828,0.7967748615891705,0,1.5,-1.5,1067686.5509060675,
2021-03-03,80.48383331298828,90.55707550048828,-1.0640661695045444,0,1.5,-1.5,1067686.5509060675,
2021-03-04,79.75142669677734,90.55707550048828,-0.06249976059784092,0,1.5,-1.5,1067686.5509060675,
2021-03-05,79.58866882324219,90.9705810546875,0.5842179043029821,0,1.5,-1.5,1067686.5509060675,
2021-03-08,79.4259033203125,90.9705810546875,0.8023011233212014,0,1.5,-1.5,1067686.5509060675,
2021-03-09,80.23970031738281,91.3840789794922,-0.09661010491955184,0,1.5,-1.5,1067686.5509060675,
2021-03-10,80.72797393798828,91.3840789794922,-1.0063932915018774,0,1.5,-1.5,1067686.5509060675,
2021-03-11,80.40245819091797,91.79757690429688,0.06025099018859572,0,1.5,-1.5,1067686.5509060675,
2021-03-12,80.48383331298828,91.79757690429688,-0.15648903458675067,0,1.5,-1.5,1067686.5509060675,
2021-03-15,79.83280181884766,91.3840789794922,0.5256974525521227,0,1.5,-1.5,1067686.5509060675,
2021-03-16,80.40245819091797,91.3840789794922,-0.6975450896470586,0,1.5,-1.5,1067686.5509060675,
2021-03-17,80.3210678100586,91.3840789794922,-0.6271024929269144,0,1.5,-1.5,1067686.5509060675,
2021-03-18,80.23970031738281,91.79757690429688,0.2134786455679796,0,1.5,-1.5,1067686.5509060675,
2021-03-19,79.58866882324219,90.9705810546875,0.3264614278965304,0,1.5,-1.5,1067686.5509060675,
2021-03-22,79.58866882324219,91.3840789794922,0.9908205709723238,0,1.5,-1.5,1067686.5509060675,
2021-03-23,79.34452819824219,91.79757690429688,2.099683484910246,-1,1.5,-1.5,1067619.7052218635,Short Spread
2021-03-24,79.34452819824219,91.79757690429688,1.9418999255343146,-1,1.5,-1.5,1067619.7052218635,
2021-03-25,79.34452819824219,92.2110824584961,2.331294922878947,-1,1.5,-1.5,1066792.694113465,
2021-03-26,80.15830993652344,92.2110824584961,0.677007162412503,-1,1.5,-1.5,1068420.2575900275,
2021-03-29,80.40245819091797,92.62458801269533,0.7465815863087398,-1,1.5,-1.5,1068081.5429904182,
2021-03-30,80.48383331298828,92.2110824584961,-0.02923102484863572,0,1.5,-1.5,1069004.3965463263,Close
2021-03-31,79.91417694091797,92.2110824584961,1.0820098193270031,0,1.5,-1.5,1069004.3965463263,
2021-04-01,79.91417694091797,92.2110824584961,1.0303167885774842,0,1.5,-1.5,1069004.3965463263,
2021-04-07,80.5652084350586,92.62458801269533,0.280993329491841,0,1.5,-1.5,1069004.3965463263,
2021-04-08,79.99556732177734,91.79757690429688,0.2537744342827184,0,1.5,-1.5,1069004.3965463263,
2021-04-09,79.91417694091797,92.62458801269533,1.5351519262219677,-1,1.5,-1.5,1068937.4949957281,Short Spread
2021-04-12,79.75142669677734,91.79757690429688,0.6666904210917477,-1,1.5,-1.5,1070266.0167242438,
2021-04-13,80.15830993652344,92.62458801269533,1.0140675577392373,-1,1.5,-1.5,1069425.760986939,
2021-04-14,80.3210678100586,93.45159149169922,1.741375698739885,-1,1.5,-1.5,1068097.2697760016,
2021-04-15,80.48383331298828,94.27859497070312,2.348996669108059,-1,1.5,-1.5,1066768.7938238531,
2021-04-16,80.72797393798828,94.27859497070312,1.7851916094331894,-1,1.5,-1.5,1067257.0750738531,
2021-04-19,81.21623992919922,94.69210052490234,1.3771619226586143,-1,1.5,-1.5,1067406.5959478766,
2021-04-20,82.59968566894531,95.10560607910156,-0.43808698895911535,0,1.5,-1.5,1069279.3681073005,Close
2021-04-21,81.78590393066406,94.69210052490234,0.420392333398224,0,1.5,-1.5,1069279.3681073005,
2021-04-22,82.19278717041016,94.69210052490234,-0.23195520675924014,0,1.5,-1.5,1069279.3681073005,
2021-04-23,82.19278717041016,94.27859497070312,-0.6958525972242109,0,1.5,-1.5,1069279.3681073005,
2021-04-26,82.19278717041016,94.27859497070312,-0.7101120795294223,0,1.5,-1.5,1069279.3681073005,
2021-04-27,82.19278717041016,94.27859497070312,-0.7247023440063597,0,1.5,-1.5,1069279.3681073005,
2021-04-28,81.78590393066406,94.27859497070312,-0.07017817475285798,0,1.5,-1.5,1069279.3681073005,
2021-04-29,81.3790054321289,94.27859497070312,0.6265655089285418,0,1.5,-1.5,1069279.3681073005,
2021-05-03,81.21623992919922,93.45159149169922,-0.11675618268358802,0,1.5,-1.5,1069279.3681073005,
2021-05-04,80.64659881591797,93.0380859375,0.3185467872277959,0,1.5,-1.5,1069279.3681073005,
2021-05-05,80.5652084350586,92.62458801269533,-0.1186799374827646,0,1.5,-1.5,1069279.3681073005,
2021-05-06,81.3790054321289,93.45159149169922,-0.5536375899563858,0,1.5,-1.5,1069279.3681073005,
2021-05-07,81.78590393066406,93.86509704589844,-0.7519352544802456,0,1.5,-1.5,1069279.3681073005,
2021-05-10,81.78590393066406,94.27859497070312,-0.21403702237722477,0,1.5,-1.5,1069279.3681073005,
2021-05-11,81.78590393066406,94.69210052490234,0.31929687026317605,0,1.5,-1.5,1069279.3681073005,
2021-05-12,80.07693481445312,93.0380859375,1.355879007478094,0,1.5,-1.5,1069279.3681073005,
2021-05-13,79.18177032470703,91.79757690429688,1.3137142773130415,0,1.5,-1.5,1069279.3681073005,
2021-05-14,81.1348648071289,93.86509704589844,0.29291716944751556,0,1.5,-1.5,1069279.3681073005,
2021-05-17,81.05348205566406,93.0380859375,-0.8222951689673342,0,1.5,-1.5,1069279.3681073005,
2021-05-18,81.78590393066406,93.86509704589844,-1.1790206173497466,0,1.5,-1.5,1069279.3681073005,
2021-05-19,81.78590393066406,93.0380859375,-2.3032484256936554,1,1.5,-1.5,1069212.3751477057,Long Spread
2021-05-20,81.78590393066406,93.86509704589844,-1.0598492422695154,1,1.5,-1.5,1070866.3973645025,
2021-05-21,82.19278717041016,94.69210052490234,-0.6661990850291154,1,1.5,-1.5,1071706.6378430182,
2021-05-24,81.3790054321289,93.45159149169922,-0.7682604536764224,1,1.5,-1.5,1070853.1832531744,
2021-05-25,81.3790054321289,94.27859497070312,0.4700590256684346,0,1.5,-1.5,1072440.163907166,Close
2021-05-26,81.1348648071289,93.45159149169922,-0.21137618842520567,0,1.5,-1.5,1072440.163907166,
2021-05-27,79.75142669677734,92.62458801269533,1.4355890107217881,0,1.5,-1.5,1072440.163907166,
2021-05-28,81.1348648071289,93.45159149169922,-0.23484192647959917,0,1.5,-1.5,1072440.163907166,
2021-05-31,81.78590393066406,93.86509704589844,-0.9753441883081627,0,1.5,-1.5,1072440.163907166,
2021-06-01,81.3790054321289,93.86509704589844,-0.10684096502770413,0,1.5,-1.5,1072440.163907166,
2021-06-02,82.19278717041016,94.27859497070312,-1.1411546149426193,0,1.5,-1.5,1072440.163907166,
2021-06-03,81.78590393066406,94.27859497070312,-0.29458038017800225,0,1.5,-1.5,1072440.163907166,
2021-06-04,82.19278717041016,94.27859497070312,-1.0989053870339045,0,1.5,-1.5,1072440.163907166,
2021-06-07,82.19278717041016,94.27859497070312,-1.0459214505459549,0,1.5,-1.5,1072440.163907166,
2021-06-08,83.4134750366211,94.69210052490234,-2.598664589874962,1,1.5,-1.5,1072373.0396841436,Long Spread
2021-06-09,83.4134750366211,94.27859497070312,-2.748639071749258,1,1.5,-1.5,1071546.0285757452,
2021-06-10,84.22726440429688,94.69210052490234,-3.104768191412288,1,1.5,-1.5,1070745.460948792,
2021-06-11,84.22726440429688,94.69210052490234,-2.8073208256780466,1,1.5,-1.5,1070745.460948792,
2021-06-15,83.4134750366211,94.69210052490234,-1.5874246365257463,1,1.5,-1.5,1072373.0396841436,
2021-06-16,83.4134750366211,95.10560607910156,-1.120337362189419,1,1.5,-1.5,1073200.050792542,
2021-06-17,83.4134750366211,94.69210052490234,-1.4599305073767,1,1.5,-1.5,1072373.0396841436,
2021-06-18,82.19278717041016,93.86509704589844,-0.5475394789387237,1,1.5,-1.5,1073160.4084585577,
2021-06-21,82.59968566894531,93.86509704589844,-1.0668821295022435,1,1.5,-1.5,1072346.6114614874,
2021-06-22,82.59968566894531,94.27859497070312,-0.6432876363821455,1,1.5,-1.5,1073173.6073110967,
2021-06-23,83.00658416748047,94.69210052490234,-0.7738238580969289,1,1.5,-1.5,1073186.8214224249,
2021-06-24,83.00658416748047,94.27859497070312,-1.1276499480674316,1,1.5,-1.5,1072359.8103140264,
2021-06-25,83.4134750366211,94.69210052490234,-1.2136576366158054,1,1.5,-1.5,1072373.0396841436,
2021-06-28,83.00658416748047,94.27859497070312,-1.0137043102546912,1,1.5,-1.5,1072359.8103140264,
2021-06-29,83.4134750366211,94.27859497070312,-1.4611531887524385,1,1.5,-1.5,1071546.0285757452,
2021-06-30,83.00658416748047,94.27859497070312,-0.8914067375451344,1,1.5,-1.5,1072359.8103140264,
2021-07-01,83.00658416748047,93.86509704589844,-1.2059060578382248,1,1.5,-1.5,1071532.814464417,
2021-07-02,83.00658416748047,94.27859497070312,-0.7937170031210738,1,1.5,-1.5,1072359.8103140264,
2021-07-05,83.4134750366211,94.69210052490234,-0.8955602891613005,1,1.5,-1.5,1072373.0396841436,
2021-07-06,83.00658416748047,94.27859497070312,-0.7167251236298761,1,1.5,-1.5,1072359.8103140264,
2021-07-07,83.4134750366211,94.27859497070312,-1.1689054420165563,1,1.5,-1.5,1071546.0285757452,
2021-07-08,83.4134750366211,94.27859497070312,-1.1293406167254378,1,1.5,-1.5,1071546.0285757452,
2021-07-09,83.82037353515625,94.69210052490234,-1.2403953127172602,1,1.5,-1.5,1071559.2426870733,
2021-07-12,83.00658416748047,93.86509704589844,-0.8934045268747022,1,1.5,-1.5,1071532.814464417,
2021-07-13,83.82037353515625,94.69210052490234,-1.145903963454152,1,1.5,-1.5,1071559.2426870733,
2021-07-14,83.4134750366211,94.69210052490234,-0.5505269091766416,1,1.5,-1.5,1072373.0396841436,
2021-07-15,83.4134750366211,94.69210052490234,-0.5329176127987263,1,1.5,-1.5,1072373.0396841436,
2021-07-16,83.00658416748047,95.10560607910156,0.45394788225434096,0,1.5,-1.5,1073946.7080432135,Close
2021-07-19,83.4134750366211,95.10560607910156,-0.08356581964954767,0,1.5,-1.5,1073946.7080432135,
2021-07-20,83.00658416748047,95.10560607910156,0.5184716497869869,0,1.5,-1.5,1073946.7080432135,
2021-07-21,83.4134750366211,95.10560607910156,-0.017297522733171353,0,1.5,-1.5,1073946.7080432135,
2021-07-22,84.22726440429688,95.9326171875,-0.32178025821588685,0,1.5,-1.5,1073946.7080432135,
2021-07-23,84.63416290283203,95.10560607910156,-1.9357962411371312,1,1.5,-1.5,1073879.5184524541,Long Spread
2021-07-26,84.22726440429688,95.10560607910156,-1.1983107825676893,1,1.5,-1.5,1074693.3154495244,
2021-07-27,84.63416290283203,95.51909637451172,-1.3401270363791087,1,1.5,-1.5,1074706.4990432744,
2021-07-28,84.63416290283203,95.9326171875,-0.7816149223027368,1,1.5,-1.5,1075533.540669251,
2021-07-29,85.04105377197266,96.34610748291016,-0.9608973161875812,1,1.5,-1.5,1075546.73952179,
2021-07-30,84.63416290283203,95.10560607910156,-1.9025470560735085,1,1.5,-1.5,1073879.5184524541,
2021-08-02,85.44795227050781,96.34610748291016,-1.6915414630042562,1,1.5,-1.5,1074732.9425247198,
2021-08-03,86.2617416381836,96.75961303710938,-2.604826367840677,1,1.5,-1.5,1073932.3748977666,
2021-08-04,87.07552337646484,97.1731185913086,-3.1070337022832155,1,1.5,-1.5,1073131.8225296026,
2021-08-05,88.29621887207031,97.58660888671876,-3.724208093827454,1,1.5,-1.5,1071517.412129212,
2021-08-06,87.88932800292969,97.1731185913086,-3.0601702067216388,1,1.5,-1.5,1071504.2132766729,
2021-08-09,87.07552337646484,97.1731185913086,-1.9093749171087049,1,1.5,-1.5,1073131.8225296026,
2021-08-10,87.07552337646484,97.58660888671876,-1.4646118693126682,1,1.5,-1.5,1073958.8031204229,
2021-08-11,87.07552337646484,97.58660888671876,-1.3836462896593014,1,1.5,-1.5,1073958.8031204229,
2021-08-12,87.07552337646484,97.58660888671876,-1.3105768344291249,1,1.5,-1.5,1073958.8031204229,
2021-08-13,86.2617416381836,97.1731185913086,-0.6826842083140688,1,1.5,-1.5,1074759.386006165,
2021-08-16,85.44795227050781,97.1731185913086,0.26876078863733077,0,1.5,-1.5,1076319.6598986823,Close
2021-08-17,85.44795227050781,97.1731185913086,0.29673089126489405,0,1.5,-1.5,1076319.6598986823,
2021-08-18,85.44795227050781,97.1731185913086,0.32128475675351365,0,1.5,-1.5,1076319.6598986823,
2021-08-19,83.82037353515625,96.34610748291016,1.5092747958000727,-1,1.5,-1.5,1076252.4532394416,Short Spread
2021-08-20,82.59968566894531,95.9326171875,2.360482573556813,-1,1.5,-1.5,1074638.05809784,
2021-08-23,82.34443664550781,95.51909637451172,2.145514441844491,-1,1.5,-1.5,1074954.6016769416,
2021-08-24,83.27921295166016,95.51909637451172,1.1433478140732767,-1,1.5,-1.5,1076824.1542892463,
2021-08-25,83.10924530029297,94.4934310913086,0.578383987075811,-1,1.5,-1.5,1078535.5495529182,
2021-08-26,83.7041015625,94.4934310913086,-0.013090411616426588,0,1.5,-1.5,1079658.134176026,Close
2021-08-27,84.21397399902344,94.4934310913086,-0.4995374338010281,0,1.5,-1.5,1079658.134176026,
2021-08-30,84.72383880615234,95.35244750976562,-0.37645284681201674,0,1.5,-1.5,1079658.134176026,
2021-08-31,85.82855987548828,96.21147918701172,-0.832712938183746,0,1.5,-1.5,1079658.134176026,
2021-09-01,84.12899780273438,94.92294311523438,-0.04233628316146834,0,1.5,-1.5,1079658.134176026,
2021-09-02,83.7041015625,95.35244750976562,0.674708474381303,0,1.5,-1.5,1079658.134176026,
2021-09-03,84.04401397705078,95.35244750976562,0.329153156052175,0,1.5,-1.5,1079658.134176026,
2021-09-06,83.78907775878906,95.35244750976562,0.5743847629637397,0,1.5,-1.5,1079658.134176026,
2021-09-07,83.7041015625,95.35244750976562,0.6407611020889967,0,1.5,-1.5,1079658.134176026,
2021-09-08,84.3839340209961,95.35244750976562,-0.018299572370430433,0,1.5,-1.5,1079658.134176026,
2021-09-09,83.7041015625,94.92294311523438,0.355777771360124,0,1.5,-1.5,1079658.134176026,
2021-09-10,84.46891021728516,94.92294311523438,-0.36930983740160767,0,1.5,-1.5,1079658.134176026,
2021-09-13,84.3839340209961,95.35244750976562,0.045135453962566345,0,1.5,-1.5,1079658.134176026,
2021-09-14,84.12899780273438,95.35244750976562,0.33530676982593655,0,1.5,-1.5,1079658.134176026,
2021-09-15,84.2989501953125,95.35244750976562,0.17910470008745466,0,1.5,-1.5,1079658.134176026,
2021-09-16,84.12899780273438,95.78196716308594,0.6784281738459569,0,1.5,-1.5,1079658.134176026,
2021-09-17,84.55389404296875,95.35244750976562,-0.09495051663743603,0,1.5,-1.5,1079658.134176026,
2021-09-22,83.78907775878906,95.35244750976562,0.688243174905001,0,1.5,-1.5,1079658.134176026,
2021-09-23,84.63886260986328,95.35244750976562,-0.19580812139490636,0,1.5,-1.5,1079658.134176026,
2021-09-24,84.80882263183594,95.78196716308594,-0.046750308356676,0,1.5,-1.5,1079658.134176026,
2021-09-27,84.72383880615234,95.35244750976562,-0.2669707221041601,0,1.5,-1.5,1079658.134176026,
2021-09-28,84.63886260986328,95.35244750976562,-0.18296361786282805,0,1.5,-1.5,1079658.134176026,
2021-09-29,84.3839340209961,95.78196716308594,0.3853480767037386,0,1.5,-1.5,1079658.134176026,
2021-09-30,84.04401397705078,94.92294311523438,0.07875560320147636,0,1.5,-1.5,1079658.134176026,
2021-10-01,83.78907775878906,94.92294311523438,0.3111687926738247,0,1.5,-1.5,1079658.134176026,
2021-10-04,83.95903778076172,95.35244750976562,0.4193593485758219,0,1.5,-1.5,1079658.134176026,
2021-10-05,84.2989501953125,94.92294311523438,-0.4467866414833218,0,1.5,-1.5,1079658.134176026,
2021-10-06,84.2989501953125,95.35244750976562,-0.09971213751156265,0,1.5,-1.5,1079658.134176026,
2021-10-07,84.2989501953125,95.78196716308594,0.28336339429769647,0,1.5,-1.5,1079658.134176026,
2021-10-08,84.04401397705078,95.78196716308594,0.6140210930182627,0,1.5,-1.5,1079658.134176026,
2021-10-12,84.12899780273438,95.78196716308594,0.44693371066522686,0,1.5,-1.5,1079658.134176026,
2021-10-13,83.95903778076172,95.78196716308594,0.6778031721436053,0,1.5,-1.5,1079658.134176026,
2021-10-14,83.53414916992188,94.92294311523438,0.36227444941995995,0,1.5,-1.5,1079658.134176026,
2021-10-15,83.78907775878906,95.35244750976562,0.42888051511765457,0,1.5,-1.5,1079658.134176026,
2021-10-18,83.53414916992188,95.35244750976562,0.8086933706712386,0,1.5,-1.5,1079658.134176026,
2021-10-19,83.36418914794922,95.78196716308594,1.5627227095835117,-1,1.5,-1.5,1079590.9683297738,Short Spread
2021-10-20,83.6191177368164,95.35244750976562,0.818962049655492,-1,1.5,-1.5,1080959.8648141488,
2021-10-21,83.6191177368164,94.92294311523438,0.40862483508725495,-1,1.5,-1.5,1081818.8736032113,
2021-10-22,83.6191177368164,95.78196716308594,1.750221991659797,-1,1.5,-1.5,1080100.8255075081,
2021-10-25,83.6191177368164,95.35244750976562,1.0754319511997599,-1,1.5,-1.5,1080959.8648141488,
2021-10-26,83.6191177368164,94.92294311523438,0.3947661588740222,-1,1.5,-1.5,1081818.8736032113,
2021-10-27,83.36418914794922,94.92294311523438,0.9021225216979349,-1,1.5,-1.5,1081309.0164254769,
2021-10-28,83.44916534423828,94.4934310913086,0.0036745488344628375,-1,1.5,-1.5,1082337.9928659066,
2021-10-29,83.36418914794922,94.92294311523438,0.8766566360061184,-1,1.5,-1.5,1081309.0164254769,
2021-11-01,83.6191177368164,95.35244750976562,0.953730164494666,-1,1.5,-1.5,1080959.8648141488,
2021-11-02,83.27921295166016,94.92294311523438,1.0242904331881564,-1,1.5,-1.5,1081139.0640328988,
2021-11-03,83.6191177368164,94.92294311523438,0.1785080116334332,-1,1.5,-1.5,1081818.8736032113,
2021-11-04,83.6191177368164,95.35244750976562,0.9149288574635781,-1,1.5,-1.5,1080959.8648141488,
2021-11-05,84.21397399902344,95.35244750976562,-0.5111572524785853,0,1.5,-1.5,1082082.3946817024,Close
2021-11-08,83.95903778076172,95.78196716308594,0.822455817171009,0,1.5,-1.5,1082082.3946817024,
2021-11-09,83.95903778076172,95.78196716308594,0.7938883281202647,0,1.5,-1.5,1082082.3946817024,
2021-11-10,84.21397399902344,96.21147918701172,0.8826215180969867,0,1.5,-1.5,1082082.3946817024,
2021-11-11,84.55389404296875,96.64100646972656,0.7547523850261695,0,1.5,-1.5,1082082.3946817024,
2021-11-12,84.72383880615234,96.64100646972656,0.2983765364205301,0,1.5,-1.5,1082082.3946817024,
2021-11-15,84.72383880615234,97.0705108642578,1.0320598385853708,0,1.5,-1.5,1082082.3946817024,
2021-11-16,84.9787826538086,97.92955017089844,1.82056594476597,-1,1.5,-1.5,1082015.0783483894,Short Spread
2021-11-17,85.40367889404297,98.35906219482422,1.4601975596964847,-1,1.5,-1.5,1082005.8467810065,
2021-11-18,85.40367889404297,98.78857421875,2.043826731906713,-1,1.5,-1.5,1081146.822733155,
2021-11-19,84.9787826538086,97.0705108642578,0.1341548921914866,-1,1.5,-1.5,1083733.1569616706,
2021-11-22,84.21397399902344,96.64100646972656,1.2099389027998173,-1,1.5,-1.5,1083062.5484411628,
2021-11-23,84.2989501953125,97.50003051757812,2.398399041733912,-1,1.5,-1.5,1081514.4527380378,
2021-11-24,83.87405395507812,97.50003051757812,3.0859299661753874,-1,1.5,-1.5,1080664.660257569,
2021-11-25,83.95903778076172,97.50003051757812,2.568917874440525,-1,1.5,-1.5,1080834.6279089362,
2021-11-26,83.36418914794922,97.0705108642578,2.8176683145235577,-1,1.5,-1.5,1080503.9699499519,
2021-11-29,83.44916534423828,96.64100646972656,1.904095542777122,-1,1.5,-1.5,1081532.9311315925,
2021-11-30,82.4294204711914,96.21147918701172,2.826165469637197,-1,1.5,-1.5,1080352.4959509284,
2021-12-01,83.53414916992188,97.0705108642578,1.8933437715256156,-1,1.5,-1.5,1080843.8899938972,
2021-12-02,83.95903778076172,97.92955017089844,2.056264564998586,-1,1.5,-1.5,1079975.5886022956,
2021-12-03,83.53414916992188,97.50003051757812,2.0728611004254565,-1,1.5,-1.5,1079984.8506872565,
2021-12-06,83.27921295166016,97.92955017089844,2.609751779952976,-1,1.5,-1.5,1078615.9389440925,
2021-12-07,83.78907775878906,97.92955017089844,1.7523938681443187,-1,1.5,-1.5,1079635.6685583503,
2021-12-08,83.78907775878906,97.92955017089844,1.640348292347694,-1,1.5,-1.5,1079635.6685583503,
2021-12-09,83.95903778076172,98.35906219482422,1.704202465106799,-1,1.5,-1.5,1079116.564554444,
2021-12-10,83.53414916992188,97.92955017089844,1.7360134676273886,-1,1.5,-1.5,1079125.811380616,
2021-12-13,83.27921295166016,97.50003051757812,1.5693121592985726,-1,1.5,-1.5,1079474.978250733,
2021-12-14,83.36418914794922,97.92955017089844,1.7219345228488183,-1,1.5,-1.5,1078785.8913366706,
2021-12-15,83.36418914794922,97.92955017089844,1.6141498649589332,-1,1.5,-1.5,1078785.8913366706,
2021-12-16,83.78907775878906,98.35906219482422,1.3993547720405255,-1,1.5,-1.5,1078776.6445104987,
2021-12-17,84.04401397705078,98.78857421875,1.3771118280630468,-1,1.5,-1.5,1078427.4928991706,
2021-12-20,83.6191177368164,98.78857421875,1.7264054141412164,-1,1.5,-1.5,1077577.7004187019,
2021-12-21,83.95903778076172,99.21809387207033,1.5938462582151847,-1,1.5,-1.5,1077398.5011999519,
2021-12-22,84.2989501953125,99.21809387207033,1.1717840230400371,-1,1.5,-1.5,1078078.3260290534,
2021-12-23,84.55389404296875,99.21809387207033,0.8600523275910573,-1,1.5,-1.5,1078588.213724366,
2021-12-24,84.80882263183594,99.21809387207033,0.5496827168868025,-1,1.5,-1.5,1079098.0709021003,
2021-12-27,84.893798828125,99.6476058959961,0.7497782212042446,-1,1.5,-1.5,1078408.9992468269,
2021-12-28,85.40367889404297,99.6476058959961,0.15608817283276835,-1,1.5,-1.5,1079428.7593786628,
2021-12-29,85.40367889404297,100.07711791992188,0.4615176851110533,-1,1.5,-1.5,1078569.7353308112,
2021-12-30,84.9787826538086,100.07711791992188,0.9095433034174841,-1,1.5,-1.5,1077719.9428503425,
2022-01-03,85.40367889404297,99.21809387207033,-0.3800293459512934,0,1.5,-1.5,1080220.3985556036,Close
2022-01-04,84.2989501953125,99.21809387207033,0.9622737819264989,0,1.5,-1.5,1080220.3985556036,
2022-01-05,84.72383880615234,99.21809387207033,0.3771345926866252,0,1.5,-1.5,1080220.3985556036,
2022-01-06,84.2989501953125,99.21809387207033,0.9065169187531541,0,1.5,-1.5,1080220.3985556036,
2022-01-07,84.55389404296875,99.21809387207033,0.5162823691221708,0,1.5,-1.5,1080220.3985556036,
2022-01-10,84.80882263183594,100.07711791992188,1.016421337845222,0,1.5,-1.5,1080220.3985556036,
2022-01-11,84.9787826538086,100.07711791992188,0.7203036784835558,0,1.5,-1.5,1080220.3985556036,
2022-01-12,85.40367889404297,100.50664520263672,0.48473292277740676,0,1.5,-1.5,1080220.3985556036,
2022-01-13,85.40367889404297,100.9361572265625,0.9831931989566834,0,1.5,-1.5,1080220.3985556036,
2022-01-14,85.82855987548828,100.9361572265625,0.16774442793427505,0,1.5,-1.5,1080220.3985556036,
2022-01-17,84.9787826538086,100.50664520263672,1.2799900351246003,0,1.5,-1.5,1080220.3985556036,
2022-01-18,84.9787826538086,100.9361572265625,2.0234063075693323,-1,1.5,-1.5,1080152.9619580084,Short Spread
2022-01-19,85.82855987548828,100.50664520263672,-0.9262583997433397,0,1.5,-1.5,1082644.0870410162,Close
2022-01-20,84.893798828125,100.07711791992188,0.69322515485045,0,1.5,-1.5,1082644.0870410162,
2022-01-21,84.9787826538086,100.50664520263672,1.2372963950818672,0,1.5,-1.5,1082644.0870410162,
2022-01-24,85.40367889404297,100.50664520263672,0.04223809029195602,0,1.5,-1.5,1082644.0870410162,
2022-01-25,85.40367889404297,100.50664520263672,-0.014267956087031804,0,1.5,-1.5,1082644.0870410162,
2022-01-26,84.72383880615234,100.9361572265625,2.58494519627916,-1,1.5,-1.5,1082576.660641175,Short Spread
2022-02-07,85.82855987548828,101.79518127441406,1.19735863232355,-1,1.5,-1.5,1083068.0546841437,
2022-02-08,85.40367889404297,101.3656768798828,1.44562629101078,-1,1.5,-1.5,1083077.3015103156,
2022-02-09,86.67835235595703,101.79518127441406,-1.1922541864666876,0,1.5,-1.5,1084700.100703736,Close
2022-02-10,87.95303344726562,102.65422058105467,-2.638046111120231,1,1.5,-1.5,1084632.476413575,Long Spread
2022-02-11,87.52814483642578,102.65422058105467,-1.5263454754403818,1,1.5,-1.5,1085482.2536352547,
2022-02-14,87.52814483642578,103.08373260498048,-0.7844130197756716,1,1.5,-1.5,1086341.2776831063,
2022-02-15,87.95303344726562,103.08373260498048,-1.6989445532940255,1,1.5,-1.5,1085491.5004614266,
2022-02-16,89.22771453857422,103.9427719116211,-2.8035989353365434,1,1.5,-1.5,1084660.2168920906,
2022-02-17,89.22771453857422,104.37228393554688,-2.0056086362955483,1,1.5,-1.5,1085519.2409399422,
2022-02-18,89.22771453857422,104.80178833007812,-1.3357954355517478,1,1.5,-1.5,1086378.2497290047,
2022-02-21,90.07750701904295,106.09033966064452,-1.1480171878352154,1,1.5,-1.5,1087255.7674292,
2022-02-22,90.07750701904295,106.09033966064452,-1.0950568903979567,1,1.5,-1.5,1087255.7674292,
2022-02-23,90.9272918701172,107.80841064453124,-0.38384796813978744,1,1.5,-1.5,1088992.339694825,
2022-02-24,89.22771453857422,106.94937896728516,1.5984696471459134,0,1.5,-1.5,1090605.5839196786,Close
2022-02-25,87.95303344726562,106.94937896728516,3.312877693360093,-1,1.5,-1.5,1090537.787823182,Short Spread
2022-03-01,89.65261840820312,106.94937896728516,0.6397124140763317,-1,1.5,-1.5,1093936.957745057,
2022-03-02,90.07750701904295,106.09033966064452,-0.9444517824741542,0,1.5,-1.5,1096436.9668661507,Close
2022-03-03,90.07750701904295,105.23130798339844,-1.7756077151157468,1,1.5,-1.5,1096369.1545135507,Long Spread
2022-03-04,89.65261840820312,105.66082000732422,-0.6711332223127859,1,1.5,-1.5,1098077.955783082,
2022-03-07,89.22771453857422,103.9427719116211,-1.7552851752978662,1,1.5,-1.5,1095491.6673309335,
2022-03-08,89.22771453857422,104.80178833007812,-0.8615363890153157,1,1.5,-1.5,1097209.7001678476,
2022-03-09,89.65261840820312,105.23130798339844,-0.9832260947128488,1,1.5,-1.5,1097218.9317352304,
2022-03-10,90.50240325927734,105.66082000732422,-1.6817030742559256,1,1.5,-1.5,1096378.3860809335,
2022-03-11,90.07750701904295,105.23130798339844,-1.4335763573814226,1,1.5,-1.5,1096369.1545135507,
2022-03-14,90.07750701904295,105.66082000732422,-0.9893435795381901,1,1.5,-1.5,1097228.1785614023,
2022-03-15,90.07750701904295,107.37889099121094,0.611421705208808,0,1.5,-1.5,1100596.4222732552,Close
2022-03-16,90.9272918701172,108.2379150390625,0.29777921314434486,0,1.5,-1.5,1100596.4222732552,
2022-03-17,90.07750701904295,107.80841064453124,0.9953886086254565,0,1.5,-1.5,1100596.4222732552,
2022-03-18,89.22771453857422,108.66744232177734,2.5815000866583477,-1,1.5,-1.5,1100528.5064669808,Short Spread
2022-03-21,89.65261840820312,108.66744232177734,1.931344554501091,-1,1.5,-1.5,1101378.3142062386,
2022-03-22,89.22771453857422,108.66744232177734,2.212750707907223,-1,1.5,-1.5,1100528.5064669808,
2022-03-23,89.22771453857422,108.66744232177734,2.036284483415275,-1,1.5,-1.5,1100528.5064669808,
2022-03-24,90.50240325927734,109.0969467163086,1.0454999859804548,-1,1.5,-1.5,1102218.8751193245,
2022-03-25,90.07750701904295,109.95598602294922,1.943707830999505,-1,1.5,-1.5,1099651.0040255745,
2022-03-28,89.65261840820312,109.95598602294922,2.1381797950238264,-1,1.5,-1.5,1098801.2268038949,
2022-03-29,89.65261840820312,109.0969467163086,1.5134514198528064,-1,1.5,-1.5,1100519.305417176,
2022-03-30,89.65261840820312,109.0969467163086,1.4428791207315825,-1,1.5,-1.5,1100519.305417176,
2022-03-31,89.22771453857422,109.0969467163086,1.6833937185747472,-1,1.5,-1.5,1099669.4976779183,
2022-04-01,89.65261840820312,109.0969467163086,1.2770093724035656,-1,1.5,-1.5,1100519.305417176,
2022-04-06,89.65261840820312,109.0969467163086,1.2396006827159107,-1,1.5,-1.5,1100519.305417176,
2022-04-07,89.65261840820312,109.0969467163086,1.1907193261980127,-1,1.5,-1.5,1100519.305417176,
2022-04-08,90.07750701904295,109.95598602294922,1.2776198976604118,-1,1.5,-1.5,1099651.0040255745,
2022-04-11,90.50240325927734,111.67404174804688,1.7430806105417287,-1,1.5,-1.5,1097064.685055848,
2022-04-12,90.9272918701172,110.385498046875,0.7431775474072025,-1,1.5,-1.5,1100491.5496798714,
2022-04-13,90.50240325927734,110.385498046875,0.9981159742357069,-1,1.5,-1.5,1099641.7724581917,
2022-04-14,90.07750701904295,111.67404174804688,1.8193026644002732,-1,1.5,-1.5,1096214.8925753792,
2022-04-15,89.65261840820312,111.24452209472656,1.773238958404092,-1,1.5,-1.5,1096224.1546603402,
2022-04-18,90.07750701904295,111.67404174804688,1.6030166198926836,-1,1.5,-1.5,1096214.8925753792,
2022-04-19,90.07750701904295,111.24452209472656,1.3313932849563523,-1,1.5,-1.5,1097073.9318820199,
2022-04-20,92.20197296142578,112.5330810546875,0.5013996501819157,-1,1.5,-1.5,1098745.7458468636,
2022-04-21,91.77708435058594,112.5330810546875,0.7444610537971005,-1,1.5,-1.5,1097895.968625184,
2022-04-22,92.20197296142578,112.96258544921876,0.6262457672477983,-1,1.5,-1.5,1097886.737057801,
2022-04-25,91.35218811035156,112.96258544921876,1.147681810963215,-1,1.5,-1.5,1096187.1673556527,
2022-04-26,92.62686920166016,113.39210510253906,0.4663515694957846,-1,1.5,-1.5,1097877.4902316292,
2022-04-27,91.77708435058594,113.39210510253906,1.0211843733190793,-1,1.5,-1.5,1096177.9205294808,
2022-04-28,92.62686920166016,112.96258544921876,0.22184483757188853,-1,1.5,-1.5,1098736.5295382699,
2022-04-29,92.20197296142578,112.5330810546875,0.267204035696619,-1,1.5,-1.5,1098745.7458468636,
2022-05-03,90.9272918701172,109.5264663696289,-0.3886322986755035,0,1.5,-1.5,1102141.594884034,Close
2022-05-04,89.65261840820312,106.51985931396484,-1.0429318381274277,0,1.5,-1.5,1102141.594884034,
2022-05-05,89.65261840820312,107.37889099121094,-0.6651748445339927,0,1.5,-1.5,1102141.594884034,
2022-05-06,90.07750701904295,108.66744232177734,-0.33262160305198823,0,1.5,-1.5,1102141.594884034,
2022-05-09,89.65261840820312,107.37889099121094,-0.7980152732716259,0,1.5,-1.5,1102141.594884034,
2022-05-10,90.9272918701172,106.94937896728516,-2.2049028824112655,1,1.5,-1.5,1102073.6798172004,Long Spread
2022-05-11,91.35218811035156,107.37889099121094,-2.3465559945919727,1,1.5,-1.5,1102082.9113845832,
2022-05-12,90.50240325927734,106.51985931396484,-2.160768437041328,1,1.5,-1.5,1102064.4177322395,
2022-05-13,90.50240325927734,106.51985931396484,-2.0570868645003912,1,1.5,-1.5,1102064.4177322395,
2022-05-16,90.50240325927734,106.51985931396484,-1.9815280041335483,1,1.5,-1.5,1102064.4177322395,
2022-05-17,90.50240325927734,106.09033966064452,-2.0918799392202545,1,1.5,-1.5,1101205.3784255988,
2022-05-18,91.35218811035156,107.37889099121094,-1.886819217109775,1,1.5,-1.5,1102082.9113845832,
2022-05-19,91.77708435058594,106.94937896728516,-2.2164383423321357,1,1.5,-1.5,1100374.094856263,
2022-05-20,91.77708435058594,106.94937896728516,-2.0347881704462565,1,1.5,-1.5,1100374.094856263,
2022-05-23,90.9272918701172,106.09033966064452,-1.7478807313556166,1,1.5,-1.5,1100355.6012039192,
2022-05-24,90.9272918701172,106.51985931396484,-1.4720755250354776,1,1.5,-1.5,1101214.6405105598,
2022-05-25,91.35218811035156,107.37889099121094,-1.284520451800574,1,1.5,-1.5,1102082.9113845832,
2022-05-26,92.20197296142578,109.5264663696289,-0.8265606657128834,1,1.5,-1.5,1104678.4924392707,
2022-05-27,91.77708435058594,107.80841064453124,-1.2473760413009218,1,1.5,-1.5,1102092.158210755,
2022-05-30,91.77708435058594,109.0969467163086,-0.6623433873887892,1,1.5,-1.5,1104669.2303543098,
2022-05-31,91.77708435058594,109.0969467163086,-0.6270678617029756,1,1.5,-1.5,1104669.2303543098,
2022-06-01,90.9272918701172,107.37889099121094,-0.8123375071926734,1,1.5,-1.5,1102932.703865052,
2022-06-02,91.35218811035156,107.37889099121094,-1.0166604400154873,1,1.5,-1.5,1102082.9113845832,
2022-06-06,91.77708435058594,108.2379150390625,-0.8617953937526119,1,1.5,-1.5,1102951.1669998176,
2022-06-07,91.35218811035156,107.80841064453124,-0.7510951437074792,1,1.5,-1.5,1102941.9506912238,
2022-06-08,91.77708435058594,108.66744232177734,-0.601433451558463,1,1.5,-1.5,1103810.2215652473,
2022-06-09,91.35218811035156,108.2379150390625,-0.5000677128832546,1,1.5,-1.5,1103800.9594802863,
2022-06-10,90.50240325927734,107.37889099121094,-0.32480577059929644,1,1.5,-1.5,1103782.4810867317,
2022-06-13,90.07750701904295,107.37889099121094,-0.01503375376281246,1,1.5,-1.5,1104632.2735672004,
2022-06-14,90.50240325927734,106.94937896728516,-0.44984716271759356,1,1.5,-1.5,1102923.45703888,
2022-06-15,90.9272918701172,107.37889099121094,-0.49398204081851904,1,1.5,-1.5,1102932.703865052,
2022-06-16,90.9272918701172,106.51985931396484,-0.9096272261045957,1,1.5,-1.5,1101214.6405105598,
2022-06-17,90.07750701904295,107.37889099121094,0.24922235680450383,0,1.5,-1.5,1104564.3753112801,Close
2022-06-20,90.9272918701172,107.37889099121094,-0.3810936227093979,0,1.5,-1.5,1104564.3753112801,
2022-06-21,92.20197296142578,108.66744232177734,-0.6380778053707155,0,1.5,-1.5,1104564.3753112801,
2022-06-22,92.20197296142578,107.80841064453124,-1.1650931720138082,0,1.5,-1.5,1104564.3753112801,
2022-06-23,92.62686920166016,109.0969467163086,-0.6706954652692843,0,1.5,-1.5,1104564.3753112801,
2022-06-24,93.90155792236328,110.81501770019533,-0.7259781021957289,0,1.5,-1.5,1104564.3753112801,
2022-06-27,93.0517578125,110.385498046875,-0.03311511230812028,0,1.5,-1.5,1104564.3753112801,
2022-06-28,93.4766616821289,110.81501770019533,-0.1201200181867522,0,1.5,-1.5,1104564.3753112801,
2022-06-29,93.4766616821289,112.10355377197266,1.2982573788629652,0,1.5,-1.5,1104564.3753112801,
2022-06-30,91.77708435058594,108.63783264160156,0.1549887997293369,0,1.5,-1.5,1104564.3753112801,
2022-07-01,92.62686920166016,110.41878509521484,0.8740750751239025,0,1.5,-1.5,1104564.3753112801,
2022-07-04,93.0517578125,112.64496612548828,2.810957605275465,-1,1.5,-1.5,1104496.1474423227,Short Spread
2022-07-05,92.62686920166016,113.09019470214844,3.517136385307238,-1,1.5,-1.5,1102755.9130673227,
2022-07-06,92.62686920166016,113.98067474365234,3.542175966710699,-1,1.5,-1.5,1100974.9529843149,
2022-07-07,91.77708435058594,113.53543853759766,3.400344533732078,-1,1.5,-1.5,1100165.8556942758,
2022-07-08,91.1575698852539,110.86402130126952,1.9542818310278658,-1,1.5,-1.5,1104269.661236268,
2022-07-11,91.6000747680664,110.41878509521484,1.1736464824563464,-1,1.5,-1.5,1106045.1434140024,
2022-07-12,92.04258728027344,109.08306884765624,-0.13406391005084575,0,1.5,-1.5,1109533.5559072886,Close
2022-07-13,92.04258728027344,110.41878509521484,0.7187593588497688,0,1.5,-1.5,1109533.5559072886,
2022-07-14,93.37013244628906,109.52830505371094,-1.0920205040730488,0,1.5,-1.5,1109533.5559072886,
2022-07-15,92.9276123046875,109.52830505371094,-0.7101693152938713,0,1.5,-1.5,1109533.5559072886,
2022-07-18,91.6000747680664,109.52830505371094,0.5020289834566916,0,1.5,-1.5,1109533.5559072886,
2022-07-19,87.70597076416016,108.1926040649414,2.896261730914798,-1,1.5,-1.5,1109465.7199642954,Short Spread
2022-07-20,86.9094467163086,106.85688018798828,2.474035459083248,-1,1.5,-1.5,1110544.1196224985,
2022-07-21,87.70597076416016,106.4116439819336,1.489531565973379,-1,1.5,-1.5,1113027.640130311,
2022-07-22,87.70597076416016,105.52117156982422,0.9498585844245097,-1,1.5,-1.5,1114808.5849545298,
2022-07-25,88.94500732421875,106.85688018798828,0.6883601821641682,-1,1.5,-1.5,1114615.2408383188,
2022-07-26,88.94500732421875,106.85688018798828,0.661066067134125,-1,1.5,-1.5,1114615.2408383188,
2022-07-27,90.27254486083984,108.1926040649414,0.35174328455098547,-1,1.5,-1.5,1114598.8681576548,
2022-07-28,89.83002471923828,108.1926040649414,0.6619971625667962,-1,1.5,-1.5,1113713.8278744516,
2022-07-29,89.83002471923828,108.1926040649414,0.6258054761653289,-1,1.5,-1.5,1113713.8278744516,
2022-08-01,89.83002471923828,108.63783264160156,0.8304851679985245,-1,1.5,-1.5,1112823.3707211313,
2022-08-02,90.27254486083984,109.08306884765624,0.6952637422031323,-1,1.5,-1.5,1112817.938592225,
2022-08-03,89.83002471923828,108.1926040649414,0.5154694842048656,-1,1.5,-1.5,1113713.8278744516,
2022-08-04,90.27254486083984,107.30211639404295,-0.3403566248493753,0,1.5,-1.5,1116311.9405130015,Close
2022-08-05,89.83002471923828,108.63783264160156,0.7258418268700718,0,1.5,-1.5,1116311.9405130015,
2022-08-08,89.83002471923828,109.08306884765624,0.9357718792862149,0,1.5,-1.5,1116311.9405130015,
2022-08-09,89.38751220703125,109.08306884765624,1.2140649292235806,0,1.5,-1.5,1116311.9405130015,
2022-08-10,90.27254486083984,109.08306884765624,0.5019185482049273,0,1.5,-1.5,1116311.9405130015,
2022-08-11,89.83002471923828,111.30924987792967,1.935532082655787,-1,1.5,-1.5,1116243.8949420177,Short Spread
2022-08-12,89.83002471923828,111.30924987792967,1.7994393842476373,-1,1.5,-1.5,1116243.8949420177,
2022-08-15,89.83002471923828,110.86402130126952,1.4816491998576573,-1,1.5,-1.5,1117134.352095338,
2022-08-16,89.83002471923828,109.97354888916016,0.9818308788839214,-1,1.5,-1.5,1118915.2969195568,
2022-08-17,89.83002471923828,109.52830505371094,0.716771463722307,-1,1.5,-1.5,1119805.7845904552,
2022-08-18,89.38751220703125,109.08306884765624,0.771121277076437,-1,1.5,-1.5,1119811.2319781506,
2022-08-19,88.50249481201172,108.1926040649414,0.9244919563705115,-1,1.5,-1.5,1119822.1267535412,
2022-08-22,88.50249481201172,108.63783264160156,1.1232511406058698,-1,1.5,-1.5,1118931.6696002209,
2022-08-23,88.50249481201172,109.08306884765624,1.3191349146231466,-1,1.5,-1.5,1118041.1971881115,
2022-08-24,88.94500732421875,108.63783264160156,0.6642777007297624,-1,1.5,-1.5,1119816.694624635,
2022-08-25,88.41398620605469,108.63783264160156,1.0536163513735604,-1,1.5,-1.5,1118754.6523883068,
2022-08-26,88.41398620605469,108.63783264160156,1.0054175890713062,-1,1.5,-1.5,1118754.6523883068,
2022-08-29,88.32548522949219,109.52830505371094,1.5220181015667917,-1,1.5,-1.5,1116796.705610963,
2022-08-30,88.32548522949219,109.08306884765624,1.206863134523031,-1,1.5,-1.5,1117687.1780230724,
2022-08-31,88.14847564697266,107.7473602294922,0.579529199573805,-1,1.5,-1.5,1120004.5760943615,
2022-09-01,86.99795532226562,107.7473602294922,1.4721517000685,-1,1.5,-1.5,1117703.5354449474,
2022-09-02,86.9094467163086,107.7473602294922,1.4596099478605655,-1,1.5,-1.5,1117526.5182330334,
2022-09-05,87.17495727539062,108.63783264160156,1.633640652567927,-1,1.5,-1.5,1116276.5945269787,
2022-09-06,87.3519515991211,108.1926040649414,1.2154913911296723,-1,1.5,-1.5,1117521.04032776,
2022-09-07,86.9094467163086,107.30211639404295,1.0171236000242232,-1,1.5,-1.5,1118417.0059039318,
2022-09-08,87.61746978759766,107.7473602294922,0.6977640490070512,-1,1.5,-1.5,1118942.5643756115,
2022-09-12,87.0864486694336,107.7473602294922,1.1586213785588395,-1,1.5,-1.5,1117880.5221392834,
2022-09-13,86.99795532226562,107.7473602294922,1.1992616195307064,-1,1.5,-1.5,1117703.5354449474,
2022-09-14,86.0244140625,106.4116439819336,1.1987899373834814,-1,1.5,-1.5,1118427.8854205334,
2022-09-15,86.28993225097656,105.96641540527344,0.6402892200560402,-1,1.5,-1.5,1119849.3789508068,
2022-09-16,85.84741973876953,105.07593536376952,0.43469793032152676,-1,1.5,-1.5,1120745.3140094006,
2022-09-19,85.5819091796875,105.07593536376952,0.6519608409828132,-1,1.5,-1.5,1120214.2928912365,
2022-09-20,85.67041778564453,105.07593536376952,0.5291244287725219,-1,1.5,-1.5,1120391.3101031506,
2022-09-21,86.0244140625,104.63069915771484,-0.17283219028494998,0,1.5,-1.5,1121922.148864442,Close
2022-09-22,84.96239471435547,103.29499053955078,-0.11154661536214587,0,1.5,-1.5,1121922.148864442,
2022-09-23,85.4049072265625,102.4045181274414,-1.288173288279334,0,1.5,-1.5,1121922.148864442,
2022-09-26,85.4049072265625,103.74022674560548,-0.30157278286721795,0,1.5,-1.5,1121922.148864442,
2022-09-27,85.84741973876953,103.29499053955078,-1.1664761563432222,0,1.5,-1.5,1121922.148864442,
2022-09-28,86.20142364501953,103.74022674560548,-1.2289692056309713,0,1.5,-1.5,1121922.148864442,
2022-09-29,85.7589111328125,103.29499053955078,-1.1302636077371921,0,1.5,-1.5,1121922.148864442,
2022-09-30,84.60838317871094,101.51404571533205,-1.4707238649105185,0,1.5,-1.5,1121922.148864442,
2022-10-03,84.60838317871094,99.28785705566406,-3.133269594690226,1,1.5,-1.5,1121854.7930148325,Long Spread
2022-10-04,84.0773696899414,99.73309326171876,-2.0257715933073674,1,1.5,-1.5,1123807.292404481,
2022-10-05,83.81185913085938,99.28785705566406,-1.9465204847026236,1,1.5,-1.5,1123447.8411105357,
2022-10-06,83.54635620117188,98.39738464355467,-2.220111243817979,1,1.5,-1.5,1122197.902145692,
2022-10-07,82.48432159423828,98.39738464355467,-1.074167726704476,1,1.5,-1.5,1124321.971359559,
2022-10-11,82.21881866455078,97.0616683959961,-1.6591793615901722,1,1.5,-1.5,1122181.544723817,
2022-10-12,82.92682647705078,97.95214080810548,-1.6228960680520863,1,1.5,-1.5,1122546.4739230357,
2022-10-13,82.48432159423828,97.0616683959961,-1.6943069640250281,1,1.5,-1.5,1121650.538864442,
2022-10-14,80.97978210449219,97.0616683959961,-0.3071963609156245,1,1.5,-1.5,1124659.617843934,
2022-10-17,81.51079559326172,97.0616683959961,-0.7748888087264971,1,1.5,-1.5,1123597.590866395,
2022-10-18,81.59929656982422,96.6164321899414,-1.0973542664352258,1,1.5,-1.5,1122530.1165011607,
2022-10-19,80.53726959228516,95.72595977783205,-0.6816607702394785,1,1.5,-1.5,1122873.22563202,
2022-10-20,81.86480712890625,95.28072357177734,-1.985875333441967,1,1.5,-1.5,1119327.6781466685,
2022-10-21,82.21881866455078,96.17119598388672,-1.6399137916234605,1,1.5,-1.5,1120400.5998995982,
2022-10-24,81.86480712890625,95.72595977783205,-1.5138139144898215,1,1.5,-1.5,1120218.1505587779,
2022-10-25,83.72335815429688,98.39738464355467,-1.3968014301046099,1,1.5,-1.5,1121843.898239442,
2022-10-26,83.72335815429688,96.6164321899414,-2.193352676834715,1,1.5,-1.5,1118281.9933322154,
2022-10-27,83.45784759521484,97.50691223144533,-1.436796564605992,1,1.5,-1.5,1120593.9745333872,
2022-10-28,83.45784759521484,97.0616683959961,-1.568194621727546,1,1.5,-1.5,1119703.4868624888,
2022-10-31,84.1658706665039,98.84261322021484,-1.1138130486984017,1,1.5,-1.5,1121849.3303683482,
2022-11-01,83.54635620117188,97.50691223144533,-1.2908155179179317,1,1.5,-1.5,1120416.9573214732,
2022-11-02,83.28084564208984,96.6164321899414,-1.4963828370852055,1,1.5,-1.5,1119167.0183566294,
2022-11-03,82.57283020019531,96.6164321899414,-0.9315598373202888,1,1.5,-1.5,1120583.0492404185,
2022-11-04,83.81185913085938,96.6164321899414,-1.7608202862824187,1,1.5,-1.5,1118104.9913790904,
2022-11-07,82.30731964111328,96.17119598388672,-0.832789560007064,1,1.5,-1.5,1120223.5979464732,
2022-11-08,83.45784759521484,96.6164321899414,-1.4050031703622752,1,1.5,-1.5,1118813.0144503794,
2022-11-09,83.9888687133789,97.0616683959961,-1.5145946284230083,1,1.5,-1.5,1118641.4446261607,
2022-11-10,83.19234466552734,96.6164321899414,-1.106467259190936,1,1.5,-1.5,1119344.0203097544,
2022-11-11,84.0773696899414,97.50691223144533,-1.2649358408155533,1,1.5,-1.5,1119354.930343934,
2022-11-14,83.9888687133789,97.50691223144533,-1.1455651725320897,1,1.5,-1.5,1119531.932297059,
2022-11-15,83.19234466552734,97.0616683959961,-0.6979170265848589,1,1.5,-1.5,1120234.4927218638,
2022-11-16,82.04180145263672,96.6164321899414,0.13008983708259694,0,1.5,-1.5,1121577.96040619,Close
2022-11-17,81.51079559326172,96.17119598388672,0.3950388247345034,0,1.5,-1.5,1121577.96040619,
2022-11-18,83.01533508300781,97.0616683959961,-0.4623242284471991,0,1.5,-1.5,1121577.96040619,
2022-11-21,81.33379364013672,97.0616683959961,1.349250713887492,0,1.5,-1.5,1121577.96040619,
2022-11-22,81.24529266357422,96.6164321899414,1.1759826568463625,0,1.5,-1.5,1121577.96040619,
2022-11-23,81.42229461669922,97.0616683959961,1.334482637211169,0,1.5,-1.5,1121577.96040619,
2022-11-24,82.57283020019531,97.95214080810548,0.7779737865667341,0,1.5,-1.5,1121577.96040619,
2022-11-25,83.28084564208984,100.17832946777344,1.7512609955480414,-1,1.5,-1.5,1121510.6220391856,Short Spread
2022-11-28,82.30731964111328,98.39738464355467,1.4120240175308514,-1,1.5,-1.5,1123125.45968567,
2022-11-29,83.19234466552734,99.73309326171876,1.4035862150955911,-1,1.5,-1.5,1122224.09249817,
2022-11-30,84.51988220214844,101.0688018798828,0.9658513306167043,-1,1.5,-1.5,1122207.750335084,
2022-12-01,83.28084564208984,99.28785705566406,0.911551183194777,-1,1.5,-1.5,1123291.5668634044,
2022-12-02,83.72335815429688,99.73309326171876,0.7497396626267261,-1,1.5,-1.5,1123286.119475709,
2022-12-05,83.45784759521484,100.17832946777344,1.3520449183059495,-1,1.5,-1.5,1121864.6259454356,
2022-12-06,82.74982452392578,99.73309326171876,1.6678944441590107,-1,1.5,-1.5,1121339.0522149669,
2022-12-07,84.43138122558594,100.17832946777344,0.2714892141241074,-1,1.5,-1.5,1123811.6932061778,
2022-12-08,84.3428726196289,98.84261322021484,-0.5912981501786466,0,1.5,-1.5,1126238.7810699474,Close
2022-12-09,84.43138122558594,99.73309326171876,0.0025489037431868948,0,1.5,-1.5,1126238.7810699474,
2022-12-12,84.87389373779297,100.17832946777344,-0.1007485668021816,0,1.5,-1.5,1126238.7810699474,
2022-12-13,84.1658706665039,98.84261322021484,-0.33496306211016946,0,1.5,-1.5,1126238.7810699474,
2022-12-14,84.43138122558594,99.28785705566406,-0.24785268467358967,0,1.5,-1.5,1126238.7810699474,
2022-12-15,83.81185913085938,99.73309326171876,0.7373058389532227,0,1.5,-1.5,1126238.7810699474,
2022-12-16,83.28084564208984,98.39738464355467,0.2669558732373814,0,1.5,-1.5,1126238.7810699474,
2022-12-19,83.36934661865234,99.28785705566406,0.8249319674574169,0,1.5,-1.5,1126238.7810699474,
2022-12-20,82.83832550048828,99.28785705566406,1.3257246017412216,0,1.5,-1.5,1126238.7810699474,
2022-12-21,83.45784759521484,99.28785705566406,0.6346698868022295,0,1.5,-1.5,1126238.7810699474,
2022-12-22,83.90036010742188,100.62356567382812,1.127325443885872,0,1.5,-1.5,1126238.7810699474,
2022-12-23,83.90036010742188,100.17832946777344,0.745865438189776,0,1.5,-1.5,1126238.7810699474,
2022-12-26,83.90036010742188,100.62356567382812,1.0378380626973978,0,1.5,-1.5,1126238.7810699474,
2022-12-27,83.90036010742188,100.62356567382812,0.9871907902207487,0,1.5,-1.5,1126238.7810699474,
2022-12-28,83.36934661865234,101.51404571533205,2.076764591690897,-1,1.5,-1.5,1126171.385734254,Short Spread
2022-12-29,83.63485717773438,100.62356567382812,1.0861705718580283,-1,1.5,-1.5,1128483.366935426,
2022-12-30,83.81185913085938,100.62356567382812,0.8708724944423959,-1,1.5,-1.5,1128837.370841676,
2023-01-03,84.43138122558594,100.62356567382812,0.1757208916241554,-1,1.5,-1.5,1130076.415031129,
2023-01-04,84.87389373779297,101.0688018798828,-0.009658125519203283,0,1.5,-1.5,1130003.529935609,Close
2023-01-05,84.87389373779297,101.51404571533205,0.3093238689637469,0,1.5,-1.5,1130003.529935609,
2023-01-06,85.13938903808594,101.51404571533205,-0.0680258595233462,0,1.5,-1.5,1130003.529935609,
2023-01-09,86.9094467163086,102.4045181274414,-1.6307977336668111,1,1.5,-1.5,1129935.9573770154,Long Spread
2023-01-10,86.99795532226562,102.4045181274414,-1.8309654854806905,1,1.5,-1.5,1129758.9401651013,
2023-01-11,84.51988220214844,101.51404571533205,0.7184302252475683,0,1.5,-1.5,1132866.7002240003,Close
2023-01-12,83.81185913085938,101.0688018798828,1.2223341177303335,0,1.5,-1.5,1132866.7002240003,
2023-01-13,84.25436401367188,101.51404571533205,0.9933134850322146,0,1.5,-1.5,1132866.7002240003,
2023-01-16,84.87389373779297,102.4045181274414,0.9730616455663506,0,1.5,-1.5,1132866.7002240003,
2023-01-17,84.25436401367188,101.51404571533205,0.9361479149893405,0,1.5,-1.5,1132866.7002240003,
2023-01-30,85.67041778564453,101.9592742919922,-0.641371825551784,0,1.5,-1.5,1132866.7002240003,
2023-01-31,83.72335815429688,100.17832946777344,0.3482613471018201,0,1.5,-1.5,1132866.7002240003,
2023-02-01,84.1658706665039,100.17832946777344,-0.29465962166725135,0,1.5,-1.5,1132866.7002240003,
2023-02-02,84.0773696899414,99.73309326171876,-0.5912340267230188,0,1.5,-1.5,1132866.7002240003,
2023-02-03,84.25436401367188,100.62356567382812,0.09223513049575582,0,1.5,-1.5,1132866.7002240003,
2023-02-06,83.9888687133789,100.17832946777344,0.034353068495877354,0,1.5,-1.5,1132866.7002240003,
2023-02-07,84.60838317871094,100.17832946777344,-0.8498944833141368,0,1.5,-1.5,1132866.7002240003,
2023-02-08,84.43138122558594,100.17832946777344,-0.5685624331479504,0,1.5,-1.5,1132866.7002240003,
2023-02-09,84.60838317871094,100.17832946777344,-0.8000738127117041,0,1.5,-1.5,1132866.7002240003,
2023-02-10,84.87389373779297,100.62356567382812,-0.6881322361363184,0,1.5,-1.5,1132866.7002240003,
2023-02-13,85.5819091796875,101.0688018798828,-1.2019050546004386,0,1.5,-1.5,1132866.7002240003,
2023-02-14,85.4049072265625,101.51404571533205,-0.4736075365903868,0,1.5,-1.5,1132866.7002240003,
2023-02-15,84.87389373779297,101.0688018798828,-0.20525189875065328,0,1.5,-1.5,1132866.7002240003,
2023-02-16,85.13938903808594,101.51404571533205,-0.14977777672691536,0,1.5,-1.5,1132866.7002240003,
2023-02-17,85.493408203125,101.0688018798828,-1.1913984866779967,0,1.5,-1.5,1132866.7002240003,
2023-02-20,85.7589111328125,102.4045181274414,-0.17041404600183985,0,1.5,-1.5,1132866.7002240003,
2023-02-21,85.67041778564453,101.9592742919922,-0.5811181992407498,0,1.5,-1.5,1132866.7002240003,
2023-02-22,86.0244140625,102.4045181274414,-0.6264400910249263,0,1.5,-1.5,1132866.7002240003,
2023-02-23,86.37843322753906,102.84974670410156,-0.6920256711529315,0,1.5,-1.5,1132866.7002240003,
2023-02-24,85.493408203125,102.84974670410156,0.7460836531345081,0,1.5,-1.5,1132866.7002240003,
2023-03-01,84.51988220214844,102.4045181274414,1.746582087219732,-1,1.5,-1.5,1132799.223247987,Short Spread
2023-03-02,85.67041778564453,103.74022674560548,1.3570835651345186,-1,1.5,-1.5,1132428.877178651,
2023-03-03,86.0244140625,104.63069915771484,1.7041367954899829,-1,1.5,-1.5,1131355.9249081432,
2023-03-06,86.9094467163086,105.07593536376952,0.8271596391568653,-1,1.5,-1.5,1132235.517803651,
2023-03-07,86.9094467163086,105.52117156982422,1.2592194054079793,-1,1.5,-1.5,1131345.0453915417,
2023-03-08,87.26345825195312,105.96641540527344,1.1721605353048943,-1,1.5,-1.5,1131162.5807919323,
2023-03-09,87.17495727539062,105.52117156982422,0.9294213416463886,-1,1.5,-1.5,1131876.0665097057,
2023-03-10,86.55543518066406,104.63069915771484,0.9124363711140346,-1,1.5,-1.5,1132417.9671444714,
2023-03-13,86.7324447631836,105.96641540527344,1.969280926344233,-1,1.5,-1.5,1130100.5538143932,
2023-03-14,86.46693420410156,104.63069915771484,0.9281949994142397,-1,1.5,-1.5,1132240.9651913464,
2023-03-15,86.55543518066406,105.96641540527344,2.000154710018904,-1,1.5,-1.5,1129746.5346493542,
2023-03-16,87.0864486694336,105.96641540527344,1.2153420115629527,-1,1.5,-1.5,1130808.5616268932,
2023-03-17,87.61746978759766,105.07593536376952,-0.3520521338080116,0,1.5,-1.5,1133583.8562100232,Close
2023-03-20,87.97148132324219,105.96641540527344,-0.026622986170228017,0,1.5,-1.5,1133583.8562100232,
2023-03-21,87.17495727539062,105.52117156982422,0.6205161272090578,0,1.5,-1.5,1133583.8562100232,
2023-03-22,87.70597076416016,106.4116439819336,0.7601301036380694,0,1.5,-1.5,1133583.8562100232,
2023-03-23,88.05998229980469,106.85688018798828,0.7119837494550137,0,1.5,-1.5,1133583.8562100232,
2023-03-24,88.94500732421875,106.4116439819336,-1.0501324454888368,0,1.5,-1.5,1133583.8562100232,
2023-03-27,88.94500732421875,106.85688018798828,-0.5435026527954363,0,1.5,-1.5,1133583.8562100232,
2023-03-28,88.50249481201172,106.4116439819336,-0.3281089428536823,0,1.5,-1.5,1133583.8562100232,
2023-03-29,88.94500732421875,106.85688018798828,-0.5294116622129278,0,1.5,-1.5,1133583.8562100232,
2023-03-30,89.38751220703125,106.85688018798828,-1.1491602848786773,0,1.5,-1.5,1133583.8562100232,
2023-03-31,89.38751220703125,106.4116439819336,-1.5476314706064251,1,1.5,-1.5,1133516.0242437755,Long Spread
2023-04-06,89.83002471923828,107.30211639404295,-1.2394427152636327,1,1.5,-1.5,1134411.9440435802,
2023-04-07,89.83002471923828,107.7473602294922,-0.7608363650205352,1,1.5,-1.5,1135302.4317144786,
2023-04-10,91.1575698852539,109.08306884765624,-1.241877822687657,1,1.5,-1.5,1135318.7586187755,
2023-04-11,92.04258728027344,109.52830505371094,-1.929269337515916,1,1.5,-1.5,1134439.1962408458,
2023-04-12,92.04258728027344,109.52830505371094,-1.8225845152011697,1,1.5,-1.5,1134439.1962408458,
2023-04-13,91.6000747680664,110.41878509521484,-0.44863672303421226,1,1.5,-1.5,1137105.1813482677,
2023-04-14,92.9276123046875,110.86402130126952,-1.681084162062766,1,1.5,-1.5,1135340.578687135,
2023-04-17,92.9276123046875,111.7544937133789,-0.9006595540901421,1,1.5,-1.5,1137121.5235113536,
2023-04-18,92.9276123046875,112.1997299194336,-0.5021917629356153,1,1.5,-1.5,1138011.995923463,
2023-04-19,92.04258728027344,110.86402130126952,-0.577847581727022,1,1.5,-1.5,1137110.628735963,
2023-04-20,91.1575698852539,111.30924987792967,0.9048324898940461,0,1.5,-1.5,1139703.022006532,Close
2023-04-21,90.71504974365234,112.1997299194336,2.0780942756822482,-1,1.5,-1.5,1139634.9054153454,Short Spread
2023-04-24,91.1575698852539,112.1997299194336,1.4591461093796527,-1,1.5,-1.5,1140519.9456985486,
2023-04-25,91.1575698852539,112.1997299194336,1.3785064180502868,-1,1.5,-1.5,1140519.9456985486,
2023-04-26,92.04258728027344,113.09019470214844,1.037761858205704,-1,1.5,-1.5,1140509.050923158,
2023-04-27,91.6000747680664,112.64496612548828,1.1216189658846418,-1,1.5,-1.5,1140514.4830520642,
2023-04-28,91.6000747680664,113.09019470214844,1.4078797998914674,-1,1.5,-1.5,1139624.025898744,
2023-05-02,91.1575698852539,111.7544937133789,0.8487803905300838,-1,1.5,-1.5,1141410.418110658,
2023-05-03,91.1575698852539,111.7544937133789,0.8390748848444716,-1,1.5,-1.5,1141410.418110658,
2023-05-04,92.48509979248048,112.64496612548828,0.10275060617602275,-1,1.5,-1.5,1142284.5331008923,
2023-05-05,92.48509979248048,112.64496612548828,0.10805259734393388,-1,1.5,-1.5,1142284.5331008923,
2023-05-08,92.04258728027344,112.64496612548828,0.5998448999827827,-1,1.5,-1.5,1141399.5080764783,
2023-05-09,91.6000747680664,112.64496612548828,1.0675039245835856,-1,1.5,-1.5,1140514.4830520642,
2023-05-10,91.6000747680664,112.1997299194336,0.7075665131173462,-1,1.5,-1.5,1141404.9554641736,
2023-05-11,91.6000747680664,112.1997299194336,0.6947702691912938,-1,1.5,-1.5,1141404.9554641736,
2023-05-12,91.1575698852539,111.30924987792967,0.511332474412346,-1,1.5,-1.5,1142300.9057815564,
2023-05-15,91.6000747680664,111.7544937133789,0.3750171600888528,-1,1.5,-1.5,1142295.427876283,
2023-05-16,91.6000747680664,112.1997299194336,0.7550613222407312,-1,1.5,-1.5,1141404.9554641736,
2023-05-17,92.48509979248048,113.09019470214844,0.48526125459260533,-1,1.5,-1.5,1141394.075947572,
2023-05-18,92.04258728027344,112.64496612548828,0.5988059984436518,-1,1.5,-1.5,1141399.5080764783,
2023-05-19,92.04258728027344,113.53543853759766,1.2505731791848207,-1,1.5,-1.5,1139618.5632522595,
2023-05-22,92.04258728027344,111.7544937133789,-0.1384138803279952,0,1.5,-1.5,1143112.3010174572,Close
2023-05-23,92.04258728027344,112.64496612548828,0.5591580849940266,0,1.5,-1.5,1143112.3010174572,
2023-05-24,92.04258728027344,112.64496612548828,0.554317928827314,0,1.5,-1.5,1143112.3010174572,
2023-05-25,90.71504974365234,113.98067474365234,2.697833430024117,-1,1.5,-1.5,1143044.1131884777,Short Spread
2023-05-26,91.1575698852539,113.09019470214844,1.5219739567366748,-1,1.5,-1.5,1145710.1135546886,
2023-05-29,91.1575698852539,112.1997299194336,0.8619047437564092,-1,1.5,-1.5,1147491.0431201183,
2023-05-30,91.6000747680664,111.7544937133789,0.10538329838278172,-1,1.5,-1.5,1149266.5252978527,
2023-05-31,91.6000747680664,112.1997299194336,0.381817369952609,-1,1.5,-1.5,1148376.0528857433,
2023-06-01,91.1575698852539,111.30924987792967,0.15417702412520576,-1,1.5,-1.5,1149272.0032031261,
2023-06-02,92.04258728027344,111.7544937133789,-0.4618432989393983,0,1.5,-1.5,1150083.398439027,Close
2023-06-05,91.6000747680664,111.30924987792967,-0.3558887534717006,0,1.5,-1.5,1150083.398439027,
2023-06-06,92.04258728027344,111.7544937133789,-0.5320224270169703,0,1.5,-1.5,1150083.398439027,
2023-06-07,92.04258728027344,111.30924987792967,-0.9705263746338828,0,1.5,-1.5,1150083.398439027,
2023-06-08,91.6000747680664,111.30924987792967,-0.548493089539333,0,1.5,-1.5,1150083.398439027,
2023-06-09,91.1575698852539,111.7544937133789,0.3743979649870197,0,1.5,-1.5,1150083.398439027,
2023-06-12,90.71504974365234,111.30924987792967,0.5055404720908248,0,1.5,-1.5,1150083.398439027,
2023-06-13,91.1575698852539,111.7544937133789,0.28030597827851095,0,1.5,-1.5,1150083.398439027,
2023-06-14,90.71504974365234,111.7544937133789,0.9245907124008889,0,1.5,-1.5,1150083.398439027,
2023-06-15,91.1575698852539,111.7544937133789,0.16657627825459564,0,1.5,-1.5,1150083.398439027,
2023-06-16,90.71504974365234,111.7544937133789,0.885098224222185,0,1.5,-1.5,1150083.398439027,
2023-06-19,91.6000747680664,111.7544937133789,-0.5814020898997485,0,1.5,-1.5,1150083.398439027,
2023-06-20,90.71504974365234,112.1997299194336,1.4581654477054116,0,1.5,-1.5,1150083.398439027,
2023-06-21,89.83002471923828,112.1997299194336,2.6445084049819148,-1,1.5,-1.5,1150015.3172488413,Short Spread
2023-06-26,89.38751220703125,110.41878509521484,1.3081866170130576,-1,1.5,-1.5,1152692.1818728647,
2023-06-27,88.50249481201172,108.63783264160156,0.7159658566081692,-1,1.5,-1.5,1154484.0519900522,
2023-06-28,88.50249481201172,108.1926040649414,0.2554435157201592,-1,1.5,-1.5,1155374.5091433725,
2023-06-29,88.94500732421875,108.8428726196289,0.28080429141840263,-1,1.5,-1.5,1154958.9970584116,
2023-06-30,88.39025115966797,107.9165496826172,0.12073860744450798,-1,1.5,-1.5,1155702.1306033335,
2023-07-03,87.83550262451172,106.52706146240234,-0.5539928948583159,0,1.5,-1.5,1157303.8354708871,Close
2023-07-04,87.37321472167969,106.99022674560548,0.6213035647921543,0,1.5,-1.5,1157303.8354708871,
2023-07-05,87.00337219238281,106.52706146240234,0.6543231424750211,0,1.5,-1.5,1157303.8354708871,
2023-07-06,86.54107666015625,106.52706146240234,1.3086586583262367,0,1.5,-1.5,1157303.8354708871,
2023-07-07,86.44862365722656,106.06390380859376,0.9129705827093388,0,1.5,-1.5,1157303.8354708871,
2023-07-10,86.44862365722656,105.60074615478516,0.40500603160641346,0,1.5,-1.5,1157303.8354708871,
2023-07-11,87.28075408935547,106.52706146240234,0.13129159333154958,0,1.5,-1.5,1157303.8354708871,
2023-07-12,87.09583282470703,106.52706146240234,0.3801025916576228,0,1.5,-1.5,1157303.8354708871,
2023-07-13,86.72600555419922,106.52706146240234,0.8951970952951123,0,1.5,-1.5,1157303.8354708871,
2023-07-14,87.9279556274414,107.9165496826172,0.5479567664465393,0,1.5,-1.5,1157303.8354708871,
2023-07-17,87.37321472167969,107.9165496826172,1.3019429685432036,0,1.5,-1.5,1157303.8354708871,
2023-07-18,87.00337219238281,106.52706146240234,0.3936848458848924,0,1.5,-1.5,1157303.8354708871,
2023-07-19,87.09583282470703,106.52706146240234,0.22046884332299263,0,1.5,-1.5,1157303.8354708871,
2023-07-20,87.28075408935547,106.99022674560548,0.4126702412912297,0,1.5,-1.5,1157303.8354708871,
2023-07-21,87.00337219238281,106.99022674560548,0.792921619480467,0,1.5,-1.5,1157303.8354708871,
2023-07-24,86.81846618652344,107.45338439941406,1.7096767983382435,-1,1.5,-1.5,1157236.0645968637,Short Spread
2023-07-25,87.37321472167969,107.9165496826172,1.334812802094839,-1,1.5,-1.5,1157419.23110077,
2023-07-26,87.37321472167969,108.37971496582033,1.7478565428849686,-1,1.5,-1.5,1156492.9005343637,
2023-07-27,87.7430419921875,107.9165496826172,0.6319113320846549,-1,1.5,-1.5,1158158.8856417856,
2023-07-28,87.83550262451172,107.9165496826172,0.4611418041733907,-1,1.5,-1.5,1158343.806906434,
2023-07-31,87.28075408935547,107.45338439941406,0.771564931571801,-1,1.5,-1.5,1158160.6404025278,
2023-08-01,87.7430419921875,107.9165496826172,0.5258421239788394,-1,1.5,-1.5,1158158.8856417856,
2023-08-02,87.00337219238281,107.45338439941406,1.1556022100570955,-1,1.5,-1.5,1157605.8766085824,
2023-08-04,87.00337219238281,107.9165496826172,1.6632449179120223,-1,1.5,-1.5,1156679.5460421762,
2023-08-07,87.00337219238281,107.45338439941406,1.103737641257183,-1,1.5,-1.5,1157605.8766085824,
2023-08-08,86.72600555419922,107.9165496826172,2.2066400470337038,-1,1.5,-1.5,1156124.812765809,
2023-08-09,86.72600555419922,108.37971496582033,2.556221231358843,-1,1.5,-1.5,1155198.4821994028,
2023-08-10,87.00337219238281,109.3060302734375,2.832699872362739,-1,1.5,-1.5,1153900.5848605356,
2023-08-11,87.18829345703125,109.3060302734375,2.3001014891926634,-1,1.5,-1.5,1154270.4273898324,
2023-08-14,86.72600555419922,108.37971496582033,1.8482949185335038,-1,1.5,-1.5,1155198.4821994028,
2023-08-15,86.633544921875,108.37971496582033,1.8527596323219953,-1,1.5,-1.5,1155013.5609347543,
2023-08-16,86.81846618652344,109.3060302734375,2.2946744847540685,-1,1.5,-1.5,1153530.7728488168,
2023-08-17,86.72600555419922,107.9165496826172,1.0440140157102407,-1,1.5,-1.5,1156124.812765809,
2023-08-18,86.81846618652344,108.8428726196289,1.7114722408201224,-1,1.5,-1.5,1154457.088156434,
2023-08-21,86.91091918945312,108.37971496582033,1.1326219806055804,-1,1.5,-1.5,1155568.3094699106,
2023-08-22,86.44862365722656,107.9165496826172,1.2449354849717997,-1,1.5,-1.5,1155570.0489718637,
2023-08-23,86.44862365722656,107.9165496826172,1.1816783314997095,-1,1.5,-1.5,1155570.0489718637,
2023-08-24,86.54107666015625,108.8428726196289,1.7891572355322471,-1,1.5,-1.5,1153902.3091036996,
2023-08-25,86.26371002197266,107.9165496826172,1.2452116885308868,-1,1.5,-1.5,1155200.221701356,
2023-08-28,86.54107666015625,108.37971496582033,1.250527243412541,-1,1.5,-1.5,1154828.6244113168,
2023-08-29,87.00337219238281,108.8428726196289,1.0497602404372932,-1,1.5,-1.5,1154826.9001681528,
2023-08-30,87.00337219238281,108.37971496582033,0.5778372723111552,-1,1.5,-1.5,1155753.21547577,
2023-08-31,86.17124938964844,107.45338439941406,0.767648446279553,-1,1.5,-1.5,1155941.6310031137,
2023-09-01,86.81846618652344,107.9165496826172,0.3148765613176743,-1,1.5,-1.5,1156309.7340304574,
2023-09-04,86.91091918945312,108.8428726196289,1.032365305891783,-1,1.5,-1.5,1154641.9941622934,
2023-09-05,86.54107666015625,108.37971496582033,1.0382898289411442,-1,1.5,-1.5,1154828.6244113168,
2023-09-06,86.35617065429688,108.37971496582033,1.2447750037598913,-1,1.5,-1.5,1154458.812399598,
2023-09-07,86.26371002197266,108.37971496582033,1.3178879561450816,-1,1.5,-1.5,1154273.8911349496,
2023-09-08,86.44862365722656,107.9165496826172,0.5452440501152872,-1,1.5,-1.5,1155570.0489718637,
2023-09-11,86.91091918945312,108.37971496582033,0.31390799861275054,-1,1.5,-1.5,1155568.3094699106,
2023-09-12,87.46566772460938,108.37971496582033,-0.5329316660275749,0,1.5,-1.5,1156609.9727249155,Close
2023-09-13,87.5581283569336,107.9165496826172,-1.2199897925823255,0,1.5,-1.5,1156609.9727249155,
2023-09-14,87.83550262451172,108.37971496582033,-1.2065689677647116,0,1.5,-1.5,1156609.9727249155,
2023-09-15,88.39025115966797,108.8428726196289,-1.6028415430367684,1,1.5,-1.5,1156542.0833999643,Long Spread
2023-09-18,88.02041625976562,108.37971496582033,-1.53315891746346,1,1.5,-1.5,1156355.4378921518,
2023-09-19,88.29779815673828,108.37971496582033,-1.8717493128840386,1,1.5,-1.5,1155800.6740982065,
2023-09-20,87.83550262451172,108.37971496582033,-1.1352624667934985,1,1.5,-1.5,1156725.2651626596,
2023-09-21,86.72600555419922,107.9165496826172,0.06871694149693472,0,1.5,-1.5,1157950.1430346689,Close
2023-09-22,86.633544921875,108.37971496582033,0.6894471362139006,0,1.5,-1.5,1157950.1430346689,
2023-09-25,86.91091918945312,107.9165496826172,-0.33415442701726605,0,1.5,-1.5,1157950.1430346689,
2023-09-26,87.46566772460938,107.45338439941406,-1.7806483578675176,1,1.5,-1.5,1157882.3462725838,Long Spread
2023-09-27,86.81846618652344,107.9165496826172,-0.21609541048145967,1,1.5,-1.5,1160103.079915162,
2023-09-28,87.46566772460938,107.45338439941406,-1.816619740049857,1,1.5,-1.5,1157882.3462725838,
2023-10-02,87.09583282470703,107.9165496826172,-0.646971905497249,1,1.5,-1.5,1159548.3466387948,
2023-10-03,86.81846618652344,107.45338439941406,-0.7468254898651645,1,1.5,-1.5,1159176.7493487557,
2023-10-04,86.44862365722656,106.52706146240234,-1.1792034285411483,1,1.5,-1.5,1158063.788533326,
2023-10-05,87.28075408935547,106.52706146240234,-2.2989297276162577,1,1.5,-1.5,1156399.5276690682,
2023-10-06,87.09583282470703,106.99022674560548,-1.4311729150877563,1,1.5,-1.5,1157695.7007647713,
2023-10-11,88.6676254272461,107.9165496826172,-2.511523421212732,1,1.5,-1.5,1156404.7614337166,
2023-10-12,88.94499969482422,107.9165496826172,-2.5696164795777032,1,1.5,-1.5,1155850.0128985604,
2023-10-13,88.39025115966797,107.45338439941406,-2.0919219545369225,1,1.5,-1.5,1156033.1794024666,
2023-10-16,88.5751724243164,107.9165496826172,-1.8011153077308735,1,1.5,-1.5,1156589.667439576,
2023-10-17,88.20533752441406,107.9165496826172,-1.2898061352695944,1,1.5,-1.5,1157329.3372393807,
2023-10-18,88.39025115966797,107.45338439941406,-1.7683134853682585,1,1.5,-1.5,1156033.1794024666,
2023-10-19,87.7430419921875,107.45338439941406,-0.9828292787636921,1,1.5,-1.5,1157327.5977374276,
2023-10-20,87.09583282470703,106.99022674560548,-0.5902859936561259,1,1.5,-1.5,1157695.7007647713,
2023-10-23,87.28075408935547,106.99022674560548,-0.7600990658015602,1,1.5,-1.5,1157325.8582354744,
2023-10-24,87.65058898925781,106.99022674560548,-1.1310888441978237,1,1.5,-1.5,1156586.1884356698,
2023-10-25,87.7430419921875,106.99022674560548,-1.1785634648258865,1,1.5,-1.5,1156401.2824298104,
2023-10-26,87.65058898925781,106.52706146240234,-1.3824189248714511,1,1.5,-1.5,1155659.8578692635,
2023-10-27,88.29779815673828,106.99022674560548,-1.6496530419059097,1,1.5,-1.5,1155291.7701007088,
2023-10-30,87.83550262451172,106.99022674560548,-1.0665295087561142,1,1.5,-1.5,1156216.361165162,
2023-10-31,88.5751724243164,107.45338439941406,-1.4516788027137444,1,1.5,-1.5,1155663.3368731698,
2023-11-01,89.03746795654297,108.37971496582033,-1.1672744496949885,1,1.5,-1.5,1156591.4069415291,
2023-11-02,89.31483459472656,109.3060302734375,-0.7003917755595379,1,1.5,-1.5,1157889.3042803963,
2023-11-03,89.6846694946289,108.8428726196289,-1.4435102235074437,1,1.5,-1.5,1156223.3191729744,
2023-11-06,90.33187866210938,108.8428726196289,-2.0878770089163416,1,1.5,-1.5,1154928.9008380135,
2023-11-07,89.86958312988281,109.3060302734375,-1.1412039387443418,1,1.5,-1.5,1156779.8072100838,
2023-11-08,90.88662719726562,109.76919555664062,-1.8868665448324087,1,1.5,-1.5,1155672.0496417244,
2023-11-09,90.97909545898438,108.8428726196289,-2.5605693754443983,1,1.5,-1.5,1153634.4672442635,
2023-11-10,90.5167999267578,108.37971496582033,-2.2028927022301126,1,1.5,-1.5,1153632.7430010994,
2023-11-13,89.77713012695312,107.9165496826172,-1.6372330756296858,1,1.5,-1.5,1154185.7520343026,
2023-11-14,89.96205139160156,107.9165496826172,-1.715068834731439,1,1.5,-1.5,1153815.9095050057,
2023-11-15,90.14695739746094,109.3060302734375,-0.8357143784681677,1,1.5,-1.5,1156225.0586749276,
2023-11-16,90.6092529296875,108.37971496582033,-1.8550686003946015,1,1.5,-1.5,1153447.83699524,
2023-11-17,90.33187866210938,108.37971496582033,-1.486894469367222,1,1.5,-1.5,1154002.5855303963,
2023-11-20,90.33187866210938,109.3060302734375,-0.8055034880823897,1,1.5,-1.5,1155855.2161456307,
2023-11-21,90.88662719726562,109.3060302734375,-1.292118743827163,1,1.5,-1.5,1154745.7190753182,
2023-11-22,90.88662719726562,109.3060302734375,-1.2663031846363935,1,1.5,-1.5,1154745.7190753182,
2023-11-23,90.97909545898438,109.76919555664062,-0.9802108188594769,1,1.5,-1.5,1155487.113118287,
2023-11-24,90.88662719726562,110.23235321044922,-0.49095277558701406,1,1.5,-1.5,1156598.3649493416,
2023-11-27,91.07154846191406,111.15867614746094,0.08535533989369325,0,1.5,-1.5,1158013.079085084,Close
2023-11-28,90.97909545898438,110.69551849365234,-0.15886014083514904,0,1.5,-1.5,1158013.079085084,
2023-11-29,91.4413833618164,111.15867614746094,-0.27184121380218573,0,1.5,-1.5,1158013.079085084,
2023-11-30,90.97909545898438,110.69551849365234,-0.04946936952090246,0,1.5,-1.5,1158013.079085084,
2023-12-01,91.71875762939452,111.15867614746094,-0.5681631279422129,0,1.5,-1.5,1158013.079085084,
2023-12-04,92.27350616455078,112.08499908447266,-0.3864393923277647,0,1.5,-1.5,1158013.079085084,
2023-12-05,92.92071533203124,112.54815673828124,-0.8099761441117163,0,1.5,-1.5,1158013.079085084,
2023-12-06,92.45842742919922,113.01132202148438,0.3911394742876696,0,1.5,-1.5,1158013.079085084,
2023-12-07,91.90367889404295,112.08499908447266,0.232547796881418,0,1.5,-1.5,1158013.079085084,
2023-12-08,91.62629699707033,111.62183380126952,0.1642149630106983,0,1.5,-1.5,1158013.079085084,
2023-12-11,91.07154846191406,111.15867614746094,0.5153901059701607,0,1.5,-1.5,1158013.079085084,
2023-12-12,91.25646209716795,111.15867614746094,0.2681546797544189,0,1.5,-1.5,1158013.079085084,
2023-12-13,90.97909545898438,110.69551849365234,0.19828169873322268,0,1.5,-1.5,1158013.079085084,
2023-12-14,91.4413833618164,110.69551849365234,-0.4892724517670101,0,1.5,-1.5,1158013.079085084,
2023-12-15,90.97909545898438,109.76919555664062,-0.781851403318443,0,1.5,-1.5,1158013.079085084,
2023-12-18,90.70171356201172,109.76919555664062,-0.2546840442945246,0,1.5,-1.5,1158013.079085084,
2023-12-19,90.6092529296875,109.76919555664062,-0.039213278013366736,0,1.5,-1.5,1158013.079085084,
2023-12-20,90.70171356201172,109.76919555664062,-0.17723321846682594,0,1.5,-1.5,1158013.079085084,
2023-12-21,90.23942565917967,109.3060302734375,0.12256910087052478,0,1.5,-1.5,1158013.079085084,
2023-12-22,89.86958312988281,108.8428726196289,0.2194803422912801,0,1.5,-1.5,1158013.079085084,
2023-12-25,90.14695739746094,109.3060302734375,0.37590200552856595,0,1.5,-1.5,1158013.079085084,
2023-12-26,90.4243392944336,110.23235321044922,1.18080060856562,0,1.5,-1.5,1158013.079085084,
2023-12-27,90.88662719726562,110.69551849365234,0.9201472082269744,0,1.5,-1.5,1158013.079085084,
2023-12-28,91.3489227294922,111.15867614746094,0.7139948856610183,0,1.5,-1.5,1158013.079085084,
2023-12-29,91.16400909423828,111.15867614746094,1.1177511608284458,0,1.5,-1.5,1158013.079085084,
2024-01-02,91.99613189697266,111.62183380126952,-0.04136197163546722,0,1.5,-1.5,1158013.079085084,
2024-01-03,91.4413833618164,111.15867614746094,0.4935275517052494,0,1.5,-1.5,1158013.079085084,
2024-01-04,91.4413833618164,110.23235321044922,-1.008976733354412,0,1.5,-1.5,1158013.079085084,
2024-01-05,91.07154846191406,110.69551849365234,0.5582900839470785,0,1.5,-1.5,1158013.079085084,
2024-01-08,91.5338363647461,111.62183380126952,1.0095165357012732,0,1.5,-1.5,1158013.079085084,
2024-01-09,91.62629699707033,111.15867614746094,-0.10589696441795703,0,1.5,-1.5,1158013.079085084,
2024-01-10,91.3489227294922,111.15867614746094,0.5835660500146747,0,1.5,-1.5,1158013.079085084,
2024-01-11,92.18104553222656,111.62183380126952,-0.7554979463525854,0,1.5,-1.5,1158013.079085084,
2024-01-12,92.27350616455078,111.15867614746094,-2.0266162161173327,1,1.5,-1.5,1157944.9417977915,Long Spread
2024-01-15,91.62629699707033,111.62183380126952,0.7342915818546598,0,1.5,-1.5,1160097.5455151377,Close
2024-01-16,90.6092529296875,110.23235321044922,0.7846704890951576,0,1.5,-1.5,1160097.5455151377,
2024-01-17,89.86958312988281,109.76919555664062,1.9269894947732993,-1,1.5,-1.5,1160029.5599639902,Short Spread
2024-01-18,89.96205139160156,109.76919555664062,1.599339825033154,-1,1.5,-1.5,1160214.4964874277,
2024-01-19,89.96205139160156,110.23235321044922,2.401098411602592,-1,1.5,-1.5,1159288.1811798105,
2024-01-22,90.23942565917967,110.23235321044922,1.4875811906364238,-1,1.5,-1.5,1159842.9297149668,
2024-01-23,89.96205139160156,110.69551849365234,2.8564315612499285,-1,1.5,-1.5,1158361.8506134043,
2024-01-24,89.96205139160156,111.15867614746094,3.1250256625918924,-1,1.5,-1.5,1157435.535305787,
2024-01-25,90.23942565917967,111.15867614746094,2.2685731639421722,-1,1.5,-1.5,1157990.2838409434,
2024-01-26,90.97909545898438,110.69551849365234,0.047551735928558846,-1,1.5,-1.5,1160395.93874817,
2024-01-29,91.16400909423828,111.15867614746094,0.32177080296613214,-1,1.5,-1.5,1159839.4507110605,
2024-01-30,91.07154846191406,110.69551849365234,-0.1865177303778502,0,1.5,-1.5,1160512.7740713512,Close
2024-01-31,90.6092529296875,110.23235321044922,0.05862654351129414,0,1.5,-1.5,1160512.7740713512,
2024-02-01,91.25646209716795,111.15867614746094,0.09125274451016144,0,1.5,-1.5,1160512.7740713512,
2024-02-02,90.88662719726562,111.62183380126952,1.5128935955429932,-1,1.5,-1.5,1160444.6737329112,Short Spread
2024-02-05,91.07154846191406,112.54815673828124,2.268879220944179,-1,1.5,-1.5,1158961.8703881847,
2024-02-15,90.6092529296875,112.08499908447266,2.297530858499034,-1,1.5,-1.5,1158963.5946313487,
2024-02-16,90.6092529296875,113.01132202148438,2.976552025964089,-1,1.5,-1.5,1157110.9487573253,
2024-02-19,90.6092529296875,113.01132202148438,2.623199575464739,-1,1.5,-1.5,1157110.9487573253,
2024-02-20,91.16400909423828,113.4744873046875,2.110348153158457,-1,1.5,-1.5,1157294.1305200206,
2024-02-21,92.45842742919922,113.4744873046875,0.3165138948940439,-1,1.5,-1.5,1159882.9671899425,
2024-02-22,92.365966796875,113.01132202148438,-0.034935242232946015,0,1.5,-1.5,1160556.1614001475,Close
2024-02-23,91.90367889404295,113.01132202148438,0.5796276638265443,0,1.5,-1.5,1160556.1614001475,
2024-02-26,92.365966796875,113.01132202148438,-0.09454644064961983,0,1.5,-1.5,1160556.1614001475,
2024-02-27,91.62629699707033,112.08499908447266,-0.001271782994186358,0,1.5,-1.5,1160556.1614001475,
2024-02-29,91.5338363647461,111.62183380126952,-0.35595616828692034,0,1.5,-1.5,1160556.1614001475,
2024-03-01,90.97909545898438,112.08499908447266,0.879705514782424,0,1.5,-1.5,1160556.1614001475,
2024-03-04,90.70171356201172,112.54815673828124,1.645245801561749,-1,1.5,-1.5,1160488.0314053355,Short Spread
2024-03-05,90.5167999267578,112.08499908447266,1.3654756450123506,-1,1.5,-1.5,1161044.519442445,
2024-03-06,91.07154846191406,112.54815673828124,1.0084602782769374,-1,1.5,-1.5,1161227.7012051402,
2024-03-07,90.5167999267578,112.08499908447266,1.245339730711556,-1,1.5,-1.5,1161044.519442445,
2024-03-08,90.97909545898438,111.62183380126952,0.16469447417106087,-1,1.5,-1.5,1162895.4410733043,
2024-03-11,91.3489227294922,112.54815673828124,0.5225756260318817,-1,1.5,-1.5,1161782.4497402965,
2024-03-12,91.4413833618164,112.54815673828124,0.35669516163242004,-1,1.5,-1.5,1161967.371004945,
2024-03-13,92.08858489990234,112.08499908447266,-1.0296838375073403,0,1.5,-1.5,1164119.9224453745,Close
2024-03-14,92.27350616455078,113.01132202148438,-0.36666033995382,0,1.5,-1.5,1164119.9224453745,
2024-03-15,91.81121826171876,113.4744873046875,0.7231155338841085,0,1.5,-1.5,1164119.9224453745,
2024-03-18,92.08858489990234,113.9376449584961,0.7583892022999855,0,1.5,-1.5,1164119.9224453745,
2024-03-19,91.07154846191406,113.9376449584961,2.102986834137522,-1,1.5,-1.5,1164051.7220776377,Short Spread
2024-03-20,91.16400909423828,113.9376449584961,1.9258519363521767,-1,1.5,-1.5,1164236.643342286,
2024-03-21,91.90367889404295,114.40081024169922,1.2526187446817048,-1,1.5,-1.5,1164789.6523754892,
2024-03-22,92.365966796875,114.8639678955078,1.0058766315172913,-1,1.5,-1.5,1164787.912873536,
2024-03-25,92.365966796875,115.3271255493164,1.4132283810354274,-1,1.5,-1.5,1163861.597565919,
2024-03-26,92.92071533203124,116.25344848632812,1.4760012680210761,-1,1.5,-1.5,1163118.448762208,
2024-03-27,94.30758666992188,117.64292907714844,0.8666988377588383,-1,1.5,-1.5,1163113.2302563486,
2024-03-28,94.30758666992188,116.25344848632812,-0.5493007219007153,0,1.5,-1.5,1165823.768996583,Close
2024-03-29,94.76988220214844,117.64292907714844,0.1982879117570835,0,1.5,-1.5,1165823.768996583,
2024-04-01,96.1567611694336,117.17977142333984,-2.064628137301944,1,1.5,-1.5,1165755.2355352794,Long Spread
2024-04-02,96.1567611694336,117.17977142333984,-1.9111179617644147,1,1.5,-1.5,1165755.2355352794,
2024-04-03,95.232177734375,115.79029083251952,-1.9124520219341268,1,1.5,-1.5,1164825.441223756,
2024-04-08,96.1567611694336,117.17977142333984,-1.756404058335357,1,1.5,-1.5,1165755.2355352794,
2024-04-09,96.1567611694336,116.25344848632812,-2.369166914158219,1,1.5,-1.5,1163902.589661256,
2024-04-10,96.1567611694336,116.71660614013672,-1.8952101106684767,1,1.5,-1.5,1164828.9049688731,
2024-04-11,96.1567611694336,117.17977142333984,-1.4878988918856217,1,1.5,-1.5,1165755.2355352794,
2024-04-12,96.61905670166016,116.25344848632812,-2.4148389640417953,1,1.5,-1.5,1162977.9985968028,
2024-04-15,96.1567611694336,116.71660614013672,-1.5362482566209348,1,1.5,-1.5,1164828.9049688731,
2024-04-16,94.30758666992188,115.3271255493164,-0.6789793145229649,1,1.5,-1.5,1165748.292786256,
2024-04-17,94.30758666992188,114.40081024169922,-1.246249913726686,1,1.5,-1.5,1163895.6621710216,
2024-04-18,95.69446563720705,114.8639678955078,-2.0903598864298005,1,1.5,-1.5,1162048.2195440684,
2024-04-19,94.30758666992188,113.9376449584961,-1.3461226582828953,1,1.5,-1.5,1162969.3316046153,
2024-04-22,96.61905670166016,116.25344848632812,-1.8196670025867465,1,1.5,-1.5,1162977.9985968028,
2024-04-23,95.232177734375,115.79029083251952,-0.8647782076915318,1,1.5,-1.5,1164825.441223756,
2024-04-24,94.30758666992188,115.3271255493164,-0.33177924292283467,1,1.5,-1.5,1165748.292786256,
2024-04-25,94.76988220214844,114.40081024169922,-1.2485271542558127,1,1.5,-1.5,1162971.0711065684,
2024-04-26,95.69446563720705,114.40081024169922,-1.8879554998878376,1,1.5,-1.5,1161121.9042364513,
2024-04-29,96.1567611694336,115.3271255493164,-1.628623087975913,1,1.5,-1.5,1162049.9437872325,
2024-04-30,96.1567611694336,114.8639678955078,-1.7567065783742501,1,1.5,-1.5,1161123.6284796153,
2024-05-02,96.1567611694336,114.8639678955078,-1.6504328005432496,1,1.5,-1.5,1161123.6284796153,
2024-05-03,96.61905670166016,114.8639678955078,-1.8534040831722403,1,1.5,-1.5,1160199.0374151622,
2024-05-06,97.0813446044922,115.3271255493164,-1.8136772551318623,1,1.5,-1.5,1160200.7769171153,
2024-05-07,96.61905670166016,116.25344848632812,-0.9902133406263045,1,1.5,-1.5,1162977.9985968028,
2024-05-08,97.0813446044922,117.17977142333984,-0.8138566579748685,1,1.5,-1.5,1163906.0686651622,
2024-05-09,97.0813446044922,116.71660614013672,-0.9903870320849243,1,1.5,-1.5,1162979.738098756,
2024-05-10,97.0813446044922,116.25344848632812,-1.1556672509193782,1,1.5,-1.5,1162053.4227911388,
2024-05-13,97.54364013671876,117.17977142333984,-0.9782985068076474,1,1.5,-1.5,1162981.477600709,
2024-05-14,96.61905670166016,116.25344848632812,-0.762864973572246,1,1.5,-1.5,1162977.9985968028,
2024-05-15,97.0813446044922,116.25344848632812,-1.0212686920902403,1,1.5,-1.5,1162053.4227911388,
2024-05-16,97.54364013671876,116.25344848632812,-1.2668673163776059,1,1.5,-1.5,1161128.8317266856,
2024-05-17,98.00592803955078,116.71660614013672,-1.3128086661821619,1,1.5,-1.5,1161130.5712286388,
2024-05-20,98.00592803955078,117.17977142333984,-1.051215713810026,1,1.5,-1.5,1162056.901795045,
2024-05-21,97.54364013671876,117.17977142333984,-0.6801445591007549,1,1.5,-1.5,1162981.477600709,
2024-05-22,98.93051147460938,117.64292907714844,-1.434984290425608,1,1.5,-1.5,1161134.050232545,
2024-05-23,98.93051147460938,117.64292907714844,-1.4151333336047196,1,1.5,-1.5,1161134.050232545,
2024-05-24,98.46822357177734,117.64292907714844,-1.0329475234667005,1,1.5,-1.5,1162058.626038209,
2024-05-27,97.54364013671876,115.79029083251952,-1.3992877437461873,1,1.5,-1.5,1160202.5164190684,
2024-05-28,97.0813446044922,116.71660614013672,-0.24820481035646585,1,1.5,-1.5,1162979.738098756,
2024-05-29,95.232177734375,115.79029083251952,1.1604748795154758,0,1.5,-1.5,1164757.0003250132,Close
2024-05-30,96.61905670166016,116.71660614013672,0.343698746885375,0,1.5,-1.5,1164757.0003250132,
2024-05-31,97.54364013671876,118.56925201416016,0.833521384904944,0,1.5,-1.5,1164757.0003250132,
2024-06-03,98.46822357177734,117.64292907714844,-1.017816926678621,0,1.5,-1.5,1164757.0003250132,
2024-06-04,98.46822357177734,117.64292907714844,-0.9705242622153204,0,1.5,-1.5,1164757.0003250132,
2024-06-05,98.93051147460938,117.64292907714844,-1.4486387340166347,0,1.5,-1.5,1164757.0003250132,
2024-06-06,98.46822357177734,118.10609436035156,-0.46687354890762617,0,1.5,-1.5,1164757.0003250132,
2024-06-07,98.93051147460938,117.17977142333984,-1.727547793374961,1,1.5,-1.5,1164688.3559136973,Long Spread
2024-06-11,98.93051147460938,117.17977142333984,-1.620363325374383,1,1.5,-1.5,1164688.3559136973,
2024-06-12,98.00592803955078,117.17977142333984,-0.511478109635302,1,1.5,-1.5,1166537.5227838145,
2024-06-13,98.00592803955078,117.17977142333984,-0.474071867840909,1,1.5,-1.5,1166537.5227838145,
2024-06-14,99.3927993774414,118.56925201416016,-0.937116520130616,1,1.5,-1.5,1166542.7412896738,
2024-06-17,99.3927993774414,118.10609436035156,-1.2955002588840523,1,1.5,-1.5,1165616.4259820567,
2024-06-18,99.3927993774414,118.56925201416016,-0.8316543541822766,1,1.5,-1.5,1166542.7412896738,
2024-06-19,98.46822357177734,118.10609436035156,-0.0408641718583254,1,1.5,-1.5,1167465.5775933848,
2024-06-20,98.46822357177734,117.17977142333984,-0.8700670294462693,1,1.5,-1.5,1165612.9317193613,
2024-06-21,98.00592803955078,116.25344848632812,-1.167805553978128,1,1.5,-1.5,1164684.876909791,
2024-06-24,98.93051147460938,117.17977142333984,-1.5132044568630825,1,1.5,-1.5,1164688.3559136973,
2024-06-25,98.46822357177734,116.71660614013672,-1.239181717128213,1,1.5,-1.5,1164686.601152955,
2024-06-26,98.00592803955078,116.25344848632812,-0.9849630567919488,1,1.5,-1.5,1164684.876909791,
2024-06-27,98.00592803955078,116.71660614013672,-0.4591505226002315,1,1.5,-1.5,1165611.1922174082,
2024-06-28,98.93051147460938,116.25344848632812,-2.1656067300834456,1,1.5,-1.5,1162835.7100396738,
2024-07-01,100.77967834472656,117.17977142333984,-3.2261591263252,1,1.5,-1.5,1160990.022173463,
2024-07-02,103.09114837646484,116.25344848632812,-4.539140101741153,1,1.5,-1.5,1154514.436235963,
2024-07-03,104.0157241821289,116.25344848632812,-3.9750387364518915,1,1.5,-1.5,1152665.2846246348,
2024-07-04,102.62885284423828,114.09479522705078,-3.3487721883123633,1,1.5,-1.5,1151121.7207818613,
2024-07-05,107.25177001953124,115.53903198242188,-3.967059802797244,1,1.5,-1.5,1144764.3599420176,
2024-07-08,98.41814422607422,114.57621002197266,-0.5339661481767285,1,1.5,-1.5,1160505.9676080332,
2024-07-09,96.97787475585938,114.57621002197266,0.08167620338737062,0,1.5,-1.5,1163318.0443850718,Close
2024-07-10,97.93805694580078,114.09479522705078,-0.4373558455898801,0,1.5,-1.5,1163318.0443850718,
2024-07-11,96.97787475585938,114.09479522705078,-0.017339008813009784,0,1.5,-1.5,1163318.0443850718,
2024-07-12,96.97787475585938,114.09479522705078,-0.007071890643150625,0,1.5,-1.5,1163318.0443850718,
2024-07-15,96.97787475585938,115.05762481689452,0.285626901277487,0,1.5,-1.5,1163318.0443850718,
2024-07-16,96.97787475585938,115.05762481689452,0.29134957084717933,0,1.5,-1.5,1163318.0443850718,
2024-07-17,97.93805694580078,115.05762481689452,-0.09760873143946788,0,1.5,-1.5,1163318.0443850718,
2024-07-18,99.85840606689452,116.02044677734376,-0.6018291502191832,0,1.5,-1.5,1163318.0443850718,
2024-07-19,99.3783187866211,116.50186157226562,-0.23748971857200438,0,1.5,-1.5,1163318.0443850718,
2024-07-22,99.3783187866211,116.02044677734376,-0.36225215800174854,0,1.5,-1.5,1163318.0443850718,
2024-07-23,101.29867553710938,116.9832763671875,-0.8521506065650786,0,1.5,-1.5,1163318.0443850718,
2024-07-26,101.7787628173828,117.94609832763672,-0.7265743023049992,0,1.5,-1.5,1163318.0443850718,
2024-07-29,100.33849334716795,116.9832763671875,-0.3694669409822093,0,1.5,-1.5,1163318.0443850718,
2024-07-30,101.29867553710938,116.50186157226562,-0.8914919385935854,0,1.5,-1.5,1163318.0443850718,
2024-07-31,101.29867553710938,116.9832763671875,-0.7013173214829429,0,1.5,-1.5,1163318.0443850718,
2024-08-01,101.29867553710938,116.9832763671875,-0.6657769685525118,0,1.5,-1.5,1163318.0443850718,
2024-08-02,101.7787628173828,118.4275131225586,-0.3914461125715399,0,1.5,-1.5,1163318.0443850718,
2024-08-05,101.7787628173828,116.9832763671875,-0.8160513279203678,0,1.5,-1.5,1163318.0443850718,
2024-08-06,106.09955596923828,117.46468353271484,-2.359556907017021,1,1.5,-1.5,1163249.1018154917,Long Spread
2024-08-07,103.6991195678711,116.9832763671875,-1.4069927205678525,1,1.5,-1.5,1167087.1602871714,
2024-08-08,102.73893737792967,116.9832763671875,-0.9626132609840672,1,1.5,-1.5,1169007.5246670542,
2024-08-09,103.21902465820312,117.46468353271484,-0.969329696443892,1,1.5,-1.5,1169010.164437562,
2024-08-12,103.21902465820312,116.9832763671875,-1.056140309851145,1,1.5,-1.5,1168047.3501065073,
2024-08-13,103.21902465820312,117.46468353271484,-0.8702173203917085,1,1.5,-1.5,1169010.164437562,
2024-08-14,104.65929412841795,117.94609832763672,-1.254142033310194,1,1.5,-1.5,1167092.455086976,
2024-08-15,104.17920684814452,118.4275131225586,-0.8731891105172546,1,1.5,-1.5,1169015.4592373667,
2024-08-16,103.21902465820312,119.3903350830078,-0.16282819553895336,1,1.5,-1.5,1172861.467538148,
2024-08-19,105.1393814086914,118.90892791748048,-1.0612783492285112,1,1.5,-1.5,1168057.9397061167,
2024-08-20,104.17920684814452,118.90892791748048,-0.6185682028411024,1,1.5,-1.5,1169978.2888272104,
2024-08-21,105.61946868896484,118.90892791748048,-1.173292756512403,1,1.5,-1.5,1167097.7651455698,
2024-08-22,105.61946868896484,119.3903350830078,-0.977920785082517,1,1.5,-1.5,1168060.5794766245,
2024-08-23,107.05973815917967,119.3903350830078,-1.5125414969404187,1,1.5,-1.5,1165180.0405361948,
2024-08-26,105.61946868896484,119.3903350830078,-0.856316672732775,1,1.5,-1.5,1168060.5794766245,
2024-08-27,107.53982543945312,119.87174987792967,-1.4594293000999632,1,1.5,-1.5,1165182.6955654917,
2024-08-28,107.05973815917967,119.3903350830078,-1.3249526282949295,1,1.5,-1.5,1165180.0405361948,
2024-08-29,106.57965087890624,118.90892791748048,-1.2305368507847143,1,1.5,-1.5,1165177.400765687,
2024-08-30,107.53982543945312,119.3903350830078,-1.4499851022848393,1,1.5,-1.5,1164219.865975648,
2024-09-02,108.5,119.3903350830078,-1.7675924759218078,1,1.5,-1.5,1162299.5168545542,
2024-09-03,107.53982543945312,119.3903350830078,-1.4821791290402968,1,1.5,-1.5,1164219.865975648,
2024-09-04,107.53982543945312,117.46468353271484,-1.9038500832720855,1,1.5,-1.5,1160368.562875062,
2024-09-05,108.5,118.4275131225586,-1.89067790644503,1,1.5,-1.5,1160373.8729336557,
2024-09-06,110.42035675048828,119.3903350830078,-2.1758552315449986,1,1.5,-1.5,1158458.8033535776,
2024-09-09,110.42035675048828,118.90892791748048,-2.1330119740762656,1,1.5,-1.5,1157495.989022523,
2024-09-10,110.42035675048828,119.3903350830078,-1.885250304182585,1,1.5,-1.5,1158458.8033535776,
2024-09-11,110.42035675048828,118.90892791748048,-1.8998299828309595,1,1.5,-1.5,1157495.989022523,
2024-09-12,110.42035675048828,119.87174987792967,-1.5919199600809641,1,1.5,-1.5,1159421.6329434214,
2024-09-13,110.90044403076172,119.87174987792967,-1.675022999727051,1,1.5,-1.5,1158461.4583828745,
2024-09-16,111.38053131103516,120.35316467285156,-1.625837579926521,1,1.5,-1.5,1158464.1134121714,
2024-09-18,111.8606185913086,120.35316467285156,-1.702479553972187,1,1.5,-1.5,1157503.9388516245,
2024-09-19,111.38053131103516,120.35316467285156,-1.464116425726621,1,1.5,-1.5,1158464.1134121714,
2024-09-20,111.8606185913086,121.31598663330078,-1.3222563947298065,1,1.5,-1.5,1159429.582772523,
2024-09-23,113.78097534179688,121.79740142822266,-1.762870306397713,1,1.5,-1.5,1156551.6988613901,
2024-09-24,113.78097534179688,121.79740142822266,-1.6772784025410448,1,1.5,-1.5,1156551.6988613901,
2024-09-25,111.8606185913086,121.79740142822266,-0.9681965951535639,1,1.5,-1.5,1160392.4123623667,
2024-09-26,112.82080078125,122.27881622314452,-1.1315030870897145,1,1.5,-1.5,1159434.8775723276,
2024-09-27,111.8606185913086,121.79740142822266,-0.8720207604020634,1,1.5,-1.5,1160392.4123623667,
2024-09-30,110.42035675048828,120.8345718383789,-0.5613751982573262,1,1.5,-1.5,1161347.2768643198,
2024-10-01,110.90044403076172,121.31598663330078,-0.5754727528465647,1,1.5,-1.5,1161349.9318936167,
2024-10-04,108.01991271972656,119.87174987792967,0.15335445257062183,0,1.5,-1.5,1164153.4053384408,Close
2024-10-07,108.01991271972656,119.3903350830078,0.045086593138890775,0,1.5,-1.5,1164153.4053384408,
2024-10-08,108.01991271972656,117.94609832763672,-0.327468597701132,0,1.5,-1.5,1164153.4053384408,
2024-10-09,108.5,117.94609832763672,-0.48654594453449135,0,1.5,-1.5,1164153.4053384408,
2024-10-11,107.53982543945312,117.94609832763672,-0.04566832611302444,0,1.5,-1.5,1164153.4053384408,
2024-10-14,108.01991271972656,117.94609832763672,-0.2130865290964613,0,1.5,-1.5,1164153.4053384408,
2024-10-15,108.01991271972656,118.90892791748048,0.1278120021693347,0,1.5,-1.5,1164153.4053384408,
2024-10-16,108.01991271972656,117.94609832763672,-0.14493423418340892,0,1.5,-1.5,1164153.4053384408,
2024-10-17,109.4601821899414,117.94609832763672,-0.8202363332560081,0,1.5,-1.5,1164153.4053384408,
2024-10-18,109.94026947021484,119.3903350830078,-0.49401233333349276,0,1.5,-1.5,1164153.4053384408,
2024-10-21,108.98008728027344,117.94609832763672,-0.49629650523855984,0,1.5,-1.5,1164153.4053384408,
2024-10-22,109.4601821899414,118.4275131225586,-0.5406200421341176,0,1.5,-1.5,1164153.4053384408,
2024-10-23,109.4601821899414,117.46468353271484,-0.944300259059792,0,1.5,-1.5,1164153.4053384408,
2024-10-24,109.4601821899414,117.46468353271484,-0.9015830993203131,0,1.5,-1.5,1164153.4053384408,
2024-10-25,109.4601821899414,117.46468353271484,-0.8903042276965647,0,1.5,-1.5,1164153.4053384408,
2024-10-28,108.5,117.94609832763672,0.1287137439854669,0,1.5,-1.5,1164153.4053384408,
2024-10-29,110.90044403076172,117.94609832763672,-1.679388767445008,1,1.5,-1.5,1164084.2514767465,Long Spread
2024-10-30,108.98008728027344,117.46468353271484,-0.3846702258327488,1,1.5,-1.5,1166962.1353878793,
2024-11-01,108.98008728027344,117.46468353271484,-0.34298817982405266,1,1.5,-1.5,1166962.1353878793,
2024-11-04,109.94026947021484,117.94609832763672,-0.8568141685853997,1,1.5,-1.5,1166004.6005978403,
2024-11-05,110.90044403076172,118.4275131225586,-1.394319958499394,1,1.5,-1.5,1165047.0810665903,
2024-11-06,109.4601821899414,117.94609832763672,-0.30767113954383696,1,1.5,-1.5,1166964.7751583871,
2024-11-07,108.98008728027344,118.4275131225586,0.5125103862205298,0,1.5,-1.5,1168818.6982635506,Close
2024-11-08,108.5,118.4275131225586,0.944735600991588,0,1.5,-1.5,1168818.6982635506,
2024-11-11,109.94026947021484,118.4275131225586,-0.46350928866126073,0,1.5,-1.5,1168818.6982635506,
2024-11-12,108.98008728027344,117.94609832763672,0.12957065254673872,0,1.5,-1.5,1168818.6982635506,
2024-11-13,109.94026947021484,118.90892791748048,-0.15140469970157985,0,1.5,-1.5,1168818.6982635506,
2024-11-14,109.4601821899414,117.94609832763672,-0.3423759988291283,0,1.5,-1.5,1168818.6982635506,
2024-11-15,106.57965087890624,117.94609832763672,2.248295344990451,-1,1.5,-1.5,1168749.7172335824,Short Spread
2024-11-18,106.57965087890624,117.94609832763672,2.0614163447395155,-1,1.5,-1.5,1168749.7172335824,
2024-11-19,108.01991271972656,118.90892791748048,1.333585533543147,-1,1.5,-1.5,1169704.5817355355,
2024-11-20,107.53982543945312,117.94609832763672,1.1005258553573851,-1,1.5,-1.5,1170670.0663546761,
2024-11-21,108.01991271972656,118.4275131225586,0.9385133904966729,-1,1.5,-1.5,1170667.4113253793,
2024-11-22,108.5,118.4275131225586,0.4960290408153454,-1,1.5,-1.5,1171627.5858859261,
2024-11-25,110.42035675048828,118.90892791748048,-0.9672066380952736,0,1.5,-1.5,1174436.2966256721,Close
2024-11-26,108.98008728027344,119.3903350830078,0.649501537133568,0,1.5,-1.5,1174436.2966256721,
2024-11-27,110.42035675048828,118.90892791748048,-0.9907558257983973,0,1.5,-1.5,1174436.2966256721,
2024-11-28,108.5,118.90892791748048,0.7422221510625923,0,1.5,-1.5,1174436.2966256721,
2024-11-29,108.5,118.4275131225586,0.4230906209523316,0,1.5,-1.5,1174436.2966256721,
2024-12-02,109.4601821899414,118.4275131225586,-0.4393589922802741,0,1.5,-1.5,1174436.2966256721,
2024-12-03,108.01991271972656,118.90892791748048,1.2320550799247285,0,1.5,-1.5,1174436.2966256721,
2024-12-04,108.5,119.87174987792967,1.4341957222039008,0,1.5,-1.5,1174436.2966256721,
2024-12-05,107.53982543945312,119.3903350830078,1.8921918348358477,-1,1.5,-1.5,1174367.2194192512,Short Spread
2024-12-06,108.98008728027344,119.87174987792967,0.8775117465935222,-1,1.5,-1.5,1176284.913511048,
2024-12-09,109.94026947021484,119.87174987792967,0.047201230058998914,-1,1.5,-1.5,1178205.277890931,
2024-12-10,109.4601821899414,119.87174987792967,0.4810565556646875,-1,1.5,-1.5,1177245.103330384,
2024-12-11,109.4601821899414,118.90892791748048,-0.10549118593841504,0,1.5,-1.5,1179101.6124868782,Close
2024-12-12,109.4601821899414,118.90892791748048,-0.08858529118713461,0,1.5,-1.5,1179101.6124868782,
2024-12-13,109.94026947021484,118.90892791748048,-0.5369597477230998,0,1.5,-1.5,1179101.6124868782,
2024-12-16,112.34070587158205,118.4275131225586,-2.6983664320116127,1,1.5,-1.5,1179032.3817581185,Long Spread
2024-12-17,111.38053131103516,118.90892791748048,-1.5313813801531677,1,1.5,-1.5,1181915.560469056,
2024-12-18,111.38053131103516,119.3903350830078,-1.2078036001766792,1,1.5,-1.5,1182878.3748001107,
2024-12-19,111.38053131103516,118.90892791748048,-1.4323804758877932,1,1.5,-1.5,1181915.560469056,
2024-12-20,108.5,118.4275131225586,0.5042558704459805,0,1.5,-1.5,1186644.7164007577,Close
2024-12-23,110.90044403076172,119.87174987792967,-0.5707557552294069,0,1.5,-1.5,1186644.7164007577,
2024-12-24,109.94026947021484,118.90892791748048,-0.341187942181682,0,1.5,-1.5,1186644.7164007577,
2024-12-25,110.90044403076172,119.3903350830078,-0.8652190087956048,0,1.5,-1.5,1186644.7164007577,
2024-12-26,109.94026947021484,119.3903350830078,-0.1048175342490308,0,1.5,-1.5,1186644.7164007577,
2024-12-27,109.94026947021484,119.87174987792967,0.15543266356566232,0,1.5,-1.5,1186644.7164007577,
2024-12-30,108.98008728027344,119.3903350830078,0.6163347796823335,0,1.5,-1.5,1186644.7164007577,
2024-12-31,108.98008728027344,118.90892791748048,0.3016183223728883,0,1.5,-1.5,1186644.7164007577,
2025-01-02,108.01991271972656,118.4275131225586,0.7776505455942853,0,1.5,-1.5,1186644.7164007577,
2025-01-03,107.53982543945312,117.94609832763672,0.8606295661320712,0,1.5,-1.5,1186644.7164007577,
2025-01-06,108.5,118.90892791748048,0.6249767469753481,0,1.5,-1.5,1186644.7164007577,
2025-01-07,107.05973815917967,118.4275131225586,1.439751660687892,0,1.5,-1.5,1186644.7164007577,
2025-01-08,106.57965087890624,118.90892791748048,1.940632261821313,-1,1.5,-1.5,1186575.6968576058,Short Spread
2025-01-09,107.53982543945312,118.4275131225586,0.8979634661285633,-1,1.5,-1.5,1189458.8755685433,
2025-01-10,106.57965087890624,118.4275131225586,1.5329802790908647,-1,1.5,-1.5,1187538.5264474496,
2025-01-13,107.05973815917967,118.4275131225586,1.1816972927130998,-1,1.5,-1.5,1188498.7010079965,
2025-01-14,108.01991271972656,118.90892791748048,0.7452654856052613,-1,1.5,-1.5,1189456.2205392465,
2025-01-15,106.57965087890624,118.90892791748048,1.7489398213847536,-1,1.5,-1.5,1186575.6968576058,
2025-01-16,106.57965087890624,119.3903350830078,1.8776797540282846,-1,1.5,-1.5,1185612.8825265511,
2025-01-17,107.53982543945312,119.3903350830078,1.1654360457159332,-1,1.5,-1.5,1187533.231647645,
2025-01-20,106.09955596923828,118.90892791748048,1.793809915716242,-1,1.5,-1.5,1185615.50703827,
2025-01-21,106.57965087890624,118.90892791748048,1.397653935435858,-1,1.5,-1.5,1186575.6968576058,
2025-01-22,105.61946868896484,119.87174987792967,2.2450314170356913,-1,1.5,-1.5,1182729.6885568246,
2025-02-03,107.05973815917967,120.8345718383789,1.6763739049708883,-1,1.5,-1.5,1183684.5835763558,
2025-02-04,108.01991271972656,120.35316467285156,0.8715055098370339,-1,1.5,-1.5,1186567.7470285043,
2025-02-05,107.53982543945312,121.31598663330078,1.4696215762734872,-1,1.5,-1.5,1183681.928547059,
2025-02-06,108.01991271972656,121.31598663330078,1.1354923100441157,-1,1.5,-1.5,1184642.1031076058,
2025-02-07,107.53982543945312,121.31598663330078,1.3437175257970648,-1,1.5,-1.5,1183681.928547059,
2025-02-10,107.05973815917967,120.8345718383789,1.3572693362135124,-1,1.5,-1.5,1183684.5835763558,
2025-02-11,106.57965087890624,120.8345718383789,1.5448812541575176,-1,1.5,-1.5,1182724.409015809,
2025-02-12,108.01991271972656,121.31598663330078,0.9322743548144429,-1,1.5,-1.5,1184642.1031076058,
2025-02-13,107.53982543945312,120.8345718383789,0.9563473129192065,-1,1.5,-1.5,1184644.7581369027,
2025-02-14,108.01991271972656,120.8345718383789,0.6790572209027148,-1,1.5,-1.5,1185604.9326974496,
2025-02-17,107.53982543945312,121.31598663330078,1.0469608542074547,-1,1.5,-1.5,1183681.928547059,
2025-02-18,108.01991271972656,121.79740142822266,0.9297773527109302,-1,1.5,-1.5,1183679.273517762,
2025-02-19,107.53982543945312,121.79740142822266,1.1159805176401636,-1,1.5,-1.5,1182719.0989572152,
2025-02-20,107.53982543945312,121.79740142822266,1.105876893422391,-1,1.5,-1.5,1182719.0989572152,
2025-02-21,108.98008728027344,122.27881622314452,0.46672898192998696,-1,1.5,-1.5,1184636.793049012,
2025-02-24,108.98008728027344,122.27881622314452,0.42713285722601874,-1,1.5,-1.5,1184636.793049012,
2025-02-25,108.98008728027344,121.79740142822266,0.16086497800250515,-1,1.5,-1.5,1185599.6226388558,
2025-02-26,108.98008728027344,122.76022338867188,0.5885043272869471,-1,1.5,-1.5,1183673.9787179574,
2025-02-27,109.94026947021484,123.24163818359376,0.11432218533939587,-1,1.5,-1.5,1184631.5135079965,
2025-03-03,111.8606185913086,123.72305297851562,-1.119088995770645,0,1.5,-1.5,1187439.9588134775,Close
2025-03-04,110.42035675048828,122.27881622314452,-0.9401572803774567,0,1.5,-1.5,1187439.9588134775,
2025-03-05,110.42035675048828,122.76022338867188,-0.7376545172365517,0,1.5,-1.5,1187439.9588134775,
2025-03-06,111.8606185913086,123.24163818359376,-1.780240790674113,1,1.5,-1.5,1187370.5547232064,Long Spread
2025-03-07,112.34070587158205,123.24163818359376,-2.1498095389580425,1,1.5,-1.5,1186410.3801626596,
2025-03-10,111.8606185913086,123.24163818359376,-1.7373464100209324,1,1.5,-1.5,1187370.5547232064,
2025-03-11,111.8606185913086,122.76022338867188,-1.9730849263935983,1,1.5,-1.5,1186407.7251333627,
2025-03-12,112.34070587158205,123.24163818359376,-1.9970573427639666,1,1.5,-1.5,1186410.3801626596,
2025-03-13,112.34070587158205,123.72305297851562,-1.6741762930952215,1,1.5,-1.5,1187373.2097525033,
2025-03-14,112.34070587158205,123.72305297851562,-1.5904034852246183,1,1.5,-1.5,1187373.2097525033,
2025-03-17,111.38053131103516,123.24163818359376,-1.0404818283328443,1,1.5,-1.5,1188330.7292837533,
2025-03-18,112.34070587158205,124.20446014404295,-1.2299249585647276,1,1.5,-1.5,1188336.024083558,
2025-03-19,111.8606185913086,123.72305297851562,-1.0748588220900572,1,1.5,-1.5,1188333.3843130502,
2025-03-20,112.82080078125,124.20446014404295,-1.4802122354637426,1,1.5,-1.5,1187375.834264222,
2025-03-21,113.78097534179688,125.16728973388672,-1.6156545335747736,1,1.5,-1.5,1187381.1443228158,
2025-03-24,113.78097534179688,124.20446014404295,-1.9542310030472079,1,1.5,-1.5,1185455.4851431283,
2025-03-25,112.34070587158205,124.20446014404295,-0.9037206096828241,1,1.5,-1.5,1188336.024083558,
2025-03-26,113.30088806152344,124.20446014404295,-1.4853371229752406,1,1.5,-1.5,1186415.6597036752,
2025-03-27,113.30088806152344,125.16728973388672,-0.9733943133684911,1,1.5,-1.5,1188341.3188833627,
2025-03-28,112.82080078125,125.16728973388672,-0.6200653892216074,1,1.5,-1.5,1189301.4934439096,
2025-03-31,111.8606185913086,123.72305297851562,-0.6276104580303977,1,1.5,-1.5,1188333.3843130502,
2025-04-01,111.38053131103516,125.16728973388672,0.44941034637132443,0,1.5,-1.5,1192112.5704714975,Close
2025-04-02,111.38053131103516,125.16728973388672,0.4480075429605075,0,1.5,-1.5,1192112.5704714975,
2025-04-07,108.5,119.3903350830078,-0.38909835706640095,0,1.5,-1.5,1192112.5704714975,
2025-04-08,108.5,122.27881622314452,1.0841274858045429,0,1.5,-1.5,1192112.5704714975,
2025-04-09,110.42035675048828,121.31598663330078,-0.7448526618826643,0,1.5,-1.5,1192112.5704714975,
2025-04-10,114.26106262207033,122.27881622314452,-2.708594917230208,1,1.5,-1.5,1192043.1088763436,Long Spread
2025-04-11,112.34070587158205,123.72305297851562,-0.6863232366303826,1,1.5,-1.5,1198772.2958880623,
2025-04-14,110.42035675048828,122.76022338867188,0.2034161011620625,0,1.5,-1.5,1200618.0077273569,Close
2025-04-15,109.94026947021484,124.20446014404295,1.2744090263705838,0,1.5,-1.5,1200618.0077273569,
2025-04-16,113.30088806152344,123.72305297851562,-1.284443199020674,0,1.5,-1.5,1200618.0077273569,
2025-04-17,109.94026947021484,123.24163818359376,0.8739659867680717,0,1.5,-1.5,1200618.0077273569,
2025-04-18,108.98008728027344,123.24163818359376,1.5600424037931337,-1,1.5,-1.5,1200548.7188583382,Short Spread
2025-04-21,108.98008728027344,122.27881622314452,1.1217885570398476,-1,1.5,-1.5,1202474.3627792366,
2025-04-22,108.5,123.24163818359376,1.9778509580051469,-1,1.5,-1.5,1199588.5442977913,
2025-04-23,109.94026947021484,122.76022338867188,0.6805516674787492,-1,1.5,-1.5,1203431.9128280648,
2025-04-24,109.4601821899414,122.27881622314452,0.7991056934812998,-1,1.5,-1.5,1203434.5525985726,
2025-04-25,108.5,121.79740142822266,1.2424198395945845,-1,1.5,-1.5,1202477.0178085335,
2025-04-28,108.01991271972656,123.24163818359376,2.2400870996403173,-1,1.5,-1.5,1198628.3697372444,
2025-04-29,108.5,124.20446014404295,2.2141381833757525,-1,1.5,-1.5,1197662.9003768929,
2025-04-30,108.98008728027344,124.68587493896484,1.957233496038745,-1,1.5,-1.5,1197660.245347596,
2025-05-02,108.98008728027344,123.72305297851562,1.4398332648791148,-1,1.5,-1.5,1199585.8892684944,
2025-05-05,109.94026947021484,124.68587493896484,1.2165486490208581,-1,1.5,-1.5,1199580.6097274788,
2025-05-06,110.42035675048828,125.16728973388672,1.078182507165456,-1,1.5,-1.5,1199577.954698182,
2025-05-07,110.90044403076172,126.13011169433594,1.1414805003878026,-1,1.5,-1.5,1198612.4853378304,
2025-05-08,108.98008728027344,124.68587493896484,1.5718448065547952,-1,1.5,-1.5,1197660.245347596,
2025-05-09,108.98008728027344,126.13011169433594,2.0006771723414403,-1,1.5,-1.5,1194771.7718368538,
2025-05-12,109.94026947021484,126.13011169433594,1.3879811249359013,-1,1.5,-1.5,1196692.1362167366,
2025-05-13,108.98008728027344,125.16728973388672,1.451505248749206,-1,1.5,-1.5,1196697.4157577523,
2025-05-14,108.5,124.68587493896484,1.439923629782896,-1,1.5,-1.5,1196700.0707870491,
2025-05-15,109.94026947021484,126.13011169433594,1.1604188111464042,-1,1.5,-1.5,1196692.1362167366,
2025-05-16,109.4601821899414,126.13011169433594,1.3353047722014033,-1,1.5,-1.5,1195731.9616561898,
2025-05-19,109.4601821899414,126.13011169433594,1.2653031016946032,-1,1.5,-1.5,1195731.9616561898,
2025-05-20,110.42035675048828,126.6115264892578,0.9051396261785687,-1,1.5,-1.5,1196689.4811874398,
2025-05-21,110.90044403076172,127.57434844970705,0.9627024839068192,-1,1.5,-1.5,1195724.0118270882,
2025-05-22,111.8606185913086,128.05577087402344,0.6055183143388861,-1,1.5,-1.5,1196681.5160995491,
2025-05-23,112.34070587158205,128.05577087402344,0.3155035389459341,-1,1.5,-1.5,1197641.690660096,
2025-05-26,112.34070587158205,128.05577087402344,0.27545574675066775,-1,1.5,-1.5,1197641.690660096,
2025-05-27,111.38053131103516,126.6115264892578,0.20047860514552993,-1,1.5,-1.5,1198609.8303085335,
2025-05-28,111.38053131103516,127.09294128417967,0.36624794610660955,-1,1.5,-1.5,1197647.0007186898,
2025-05-29,109.4601821899414,124.68587493896484,0.4530866606404103,-1,1.5,-1.5,1198620.435166932,
2025-06-02,108.98008728027344,126.6115264892578,1.4855365698516414,-1,1.5,-1.5,1193808.94224701,
2025-06-03,108.01991271972656,125.16728973388672,1.3662712800575598,-1,1.5,-1.5,1194777.0666366585,
2025-06-04,108.01991271972656,124.68587493896484,1.1128554351459103,-1,1.5,-1.5,1195739.8962265023,
2025-06-05,109.4601821899414,125.16728973388672,0.45633317025410064,-1,1.5,-1.5,1197657.6055770882,
2025-06-06,109.94026947021484,125.16728973388672,0.1356746215400221,-1,1.5,-1.5,1198617.780137635,
2025-06-09,109.94026947021484,127.57434844970705,1.2860743205455711,-1,1.5,-1.5,1193803.6627059944,
2025-06-10,110.90044403076172,128.05577087402344,0.8091863709816204,-1,1.5,-1.5,1194761.1669784554,
2025-06-11,111.38053131103516,128.05577087402344,0.38285371135795027,-1,1.5,-1.5,1195721.3415390023,
2025-06-12,110.90044403076172,129.01858520507812,1.291617966924637,-1,1.5,-1.5,1192835.538316346,
2025-06-13,111.38053131103516,129.98141479492188,1.6337255115145255,-1,1.5,-1.5,1191870.0536972054,
2025-06-16,112.34070587158205,130.94424438476562,1.302447223454029,-1,1.5,-1.5,1191864.7436386116,
2025-06-17,111.8606185913086,131.4256591796875,1.991390322094048,-1,1.5,-1.5,1189941.739488221,
2025-06-18,113.78097534179688,131.9070587158203,0.38363419644899643,-1,1.5,-1.5,1192819.653916932,
2025-06-19,112.82080078125,131.4256591796875,0.9716767470263619,-1,1.5,-1.5,1191862.1038681038,
2025-06-20,112.82080078125,131.4256591796875,0.9510266059735232,-1,1.5,-1.5,1191862.1038681038,
2025-06-23,111.8606185913086,131.4256591796875,1.9569885657631227,-1,1.5,-1.5,1189941.739488221,
2025-06-24,108.01991271972656,130.46282958984375,4.164798389844516,-1,1.5,-1.5,1184185.9869247444,
2025-06-25,111.38053131103516,131.9070587158203,1.9428402788652117,-1,1.5,-1.5,1188018.7658554085,
2025-06-26,109.4601821899414,131.9070587158203,3.019269007915475,-1,1.5,-1.5,1184178.067613221,
2025-06-27,111.38053131103516,131.4256591796875,1.2910028150361412,-1,1.5,-1.5,1188981.5649276741,
2025-06-30,110.42035675048828,129.98141479492188,1.179468784183786,-1,1.5,-1.5,1189949.7045761116,
2025-07-01,109.94026947021484,129.98141479492188,1.4400983394922737,-1,1.5,-1.5,1188989.5300155648,
2025-07-02,109.94026947021484,129.5,1.1421278851600645,-1,1.5,-1.5,1189952.3596054085,
2025-07-03,111.38053131103516,131.0,0.8342960886891537,-1,1.5,-1.5,1189832.8832870491,
2025-07-04,111.8606185913086,130.5,0.21268881912322984,-1,1.5,-1.5,1191793.057847596,
2025-07-07,108.5,130.0,2.173791639051114,-1,1.5,-1.5,1186071.8206649788,
2025-07-08,108.5,129.0,1.5881728892451885,-1,1.5,-1.5,1188071.8206649788,
2025-07-09,106.5,128.0,2.21082377723817,-1,1.5,-1.5,1186071.8206649788,
2025-07-10,107.0,130.0,2.4775070389792977,-1,1.5,-1.5,1183071.8206649788,
2025-07-11,107.0,130.5,2.405046371598572,-1,1.5,-1.5,1182071.8206649788,
2025-07-14,108.0,130.5,1.752378276508754,-1,1.5,-1.5,1184071.8206649788,
2025-07-15,107.0,129.5,1.7664781523286979,-1,1.5,-1.5,1184071.8206649788,
2025-07-16,106.5,130.5,2.152380603347546,-1,1.5,-1.5,1181071.8206649788,
2025-07-17,106.5,130.5,1.9851472638860068,-1,1.5,-1.5,1181071.8206649788,
2025-07-18,106.0,129.0,1.6327059277278215,-1,1.5,-1.5,1183071.8206649788,
2025-07-21,106.5,129.0,1.3493465564048772,-1,1.5,-1.5,1184071.8206649788,
2025-07-22,106.0,130.5,1.8972802831848032,-1,1.5,-1.5,1180071.8206649788,
2025-07-23,107.0,130.0,1.2671426186488337,-1,1.5,-1.5,1183071.8206649788,
2025-07-24,107.0,129.5,1.0659211351081879,-1,1.5,-1.5,1184071.8206649788,
2025-07-25,105.5,129.0,1.4844860520858343,-1,1.5,-1.5,1182071.8206649788,
2025-07-28,106.0,129.5,1.3449431160335281,-1,1.5,-1.5,1182071.8206649788,
2025-07-29,106.0,129.0,1.1338247058178172,-1,1.5,-1.5,1183071.8206649788,
2025-07-30,107.5,129.5,0.6149620913416733,-1,1.5,-1.5,1185071.8206649788,
2025-07-31,105.5,129.0,1.2566130560706306,-1,1.5,-1.5,1182071.8206649788,
2025-08-01,105.5,129.0,1.210891285435216,-1,1.5,-1.5,1182071.8206649788,
2025-08-04,107.0,131.0,1.1205609458054688,-1,1.5,-1.5,1181071.8206649788,
2025-08-05,106.5,132.0,1.5742482491780103,-1,1.5,-1.5,1178071.8206649788,
2025-08-06,107.0,132.5,1.4519809781787916,-1,1.5,-1.5,1178071.8206649788,
2025-08-07,106.5,132.5,1.5877887529296386,-1,1.5,-1.5,1177071.8206649788,
2025-08-08,107.5,134.0,1.5337871796676268,-1,1.5,-1.5,1176071.8206649788,
2025-08-11,106.5,134.5,1.9985823638070892,-1,1.5,-1.5,1173071.8206649788,
2025-08-12,107.0,135.0,1.8130348811794317,-1,1.5,-1.5,1173071.8206649788,
2025-08-13,106.5,134.5,1.7969520837468298,-1,1.5,-1.5,1173071.8206649788,
2025-08-14,106.0,134.5,1.9087096242618287,-1,1.5,-1.5,1172071.8206649788,
2025-08-15,107.0,135.0,1.573003113887184,-1,1.5,-1.5,1173071.8206649788,
2025-08-18,108.5,137.0,1.4715457280797328,-1,1.5,-1.5,1172071.8206649788,
2025-08-19,108.0,138.0,1.85708862800945,-1,1.5,-1.5,1169071.8206649788,
2025-08-20,108.0,136.5,1.3417030204639429,-1,1.5,-1.5,1172071.8206649788,
2025-08-21,108.5,137.5,1.3525676387942487,-1,1.5,-1.5,1171071.8206649788,
2025-08-22,108.0,136.0,1.0718595810558909,-1,1.5,-1.5,1173071.8206649788,
2025-08-25,107.0,135.5,1.289943732293213,-1,1.5,-1.5,1172071.8206649788,
2025-08-26,106.5,133.5,0.8538994161808242,-1,1.5,-1.5,1175071.8206649788,
2025-08-27,106.0,134.0,1.1891952664038763,-1,1.5,-1.5,1173071.8206649788,
2025-08-28,106.0,133.0,0.8376071666502417,-1,1.5,-1.5,1175071.8206649788,
2025-08-29,106.5,132.5,0.3855283265221294,-1,1.5,-1.5,1177071.8206649788,
2025-09-01,106.5,134.0,0.924163626884828,-1,1.5,-1.5,1174071.8206649788,
2025-09-02,107.0,135.0,1.014143241312916,-1,1.5,-1.5,1173071.8206649788,
2025-09-03,106.5,134.0,0.8487495937025504,-1,1.5,-1.5,1174071.8206649788,
2025-09-04,106.5,135.0,1.215766279716778,-1,1.5,-1.5,1172071.8206649788,
2025-09-05,106.0,134.5,1.236350914896601,-1,1.5,-1.5,1172071.8206649788,
2025-09-08,107.0,134.5,0.5991120545015981,-1,1.5,-1.5,1174071.8206649788,
2025-09-09,107.5,135.5,0.6915647272769302,-1,1.5,-1.5,1173071.8206649788,
2025-09-10,107.0,135.5,0.9610652087513533,-1,1.5,-1.5,1172071.8206649788,
2025-09-11,106.5,134.5,0.7845083131291417,-1,1.5,-1.5,1173071.8206649788,
2025-09-12,107.5,135.5,0.5623887720616562,-1,1.5,-1.5,1173071.8206649788,
2025-09-15,107.0,135.0,0.6193480239407142,-1,1.5,-1.5,1173071.8206649788,
2025-09-16,106.5,134.0,0.444442084074303,-1,1.5,-1.5,1174071.8206649788,
2025-09-17,106.0,134.5,0.9936663829810192,-1,1.5,-1.5,1172071.8206649788,
2025-09-18,106.5,134.0,0.34248490402455084,-1,1.5,-1.5,1174071.8206649788,
2025-09-19,105.5,134.0,1.0580602916181305,-1,1.5,-1.5,1172071.8206649788,
2025-09-22,106.0,133.5,0.35216069424194446,-1,1.5,-1.5,1174071.8206649788,
2025-09-23,106.0,133.5,0.3079733891880538,-1,1.5,-1.5,1174071.8206649788,
2025-09-24,106.5,134.5,0.47520399594337553,-1,1.5,-1.5,1173071.8206649788,
2025-09-25,106.0,133.5,0.19923002464899775,-1,1.5,-1.5,1174071.8206649788,
2025-09-26,107.0,134.5,-0.2334404532138873,0,1.5,-1.5,1174002.160664979,Close
2025-09-30,109.0,133.5,-3.704793277990531,1,1.5,-1.5,1173932.460664979,Long Spread
2025-10-01,108.5,134.5,-2.1101016478135377,1,1.5,-1.5,1176932.460664979,
2025-10-02,108.5,133.0,-3.125065817528577,1,1.5,-1.5,1173932.460664979,
2025-10-03,109.0,133.0,-3.1820743446307986,1,1.5,-1.5,1172932.460664979,
2025-10-07,110.0,133.0,-3.448759231279057,1,1.5,-1.5,1170932.460664979,
2025-10-08,110.5,133.5,-3.030112924436858,1,1.5,-1.5,1170932.460664979,
2025-10-09,110.5,133.0,-2.8455002468897903,1,1.5,-1.5,1169932.460664979,
2025-10-13,110.5,132.5,-2.6973685130884926,1,1.5,-1.5,1168932.460664979,
2025-10-14,110.5,132.5,-2.421198038474737,1,1.5,-1.5,1168932.460664979,
2025-10-15,109.0,131.5,-1.8435582719932115,1,1.5,-1.5,1169932.460664979,
2025-10-16,110.0,132.0,-2.0069292182145455,1,1.5,-1.5,1168932.460664979,
2025-10-17,111.5,133.0,-2.1973484391891085,1,1.5,-1.5,1167932.460664979,
2025-10-20,111.5,133.0,-2.0200474244840985,1,1.5,-1.5,1167932.460664979,
2025-10-21,111.0,133.0,-1.67841893835365,1,1.5,-1.5,1168932.460664979,
2025-10-22,112.0,133.5,-1.8200421350387652,1,1.5,-1.5,1167932.460664979,
2025-10-23,112.5,134.0,-1.754470384402171,1,1.5,-1.5,1167932.460664979,
2025-10-27,111.0,132.0,-1.614914993840185,1,1.5,-1.5,1166932.460664979,
2025-10-28,111.5,132.0,-1.6951144923105665,1,1.5,-1.5,1165932.460664979,
2025-10-29,111.0,132.0,-1.4189580837718019,1,1.5,-1.5,1166932.460664979,
2025-10-30,110.0,131.5,-1.1215628426838768,1,1.5,-1.5,1167932.460664979,
2025-10-31,109.5,131.0,-1.0162035278803463,1,1.5,-1.5,1167932.460664979,
2025-11-03,110.5,131.5,-1.1895221773821056,1,1.5,-1.5,1166932.460664979,
2025-11-04,110.5,131.0,-1.2511501862177556,1,1.5,-1.5,1165932.460664979,
2025-11-05,109.5,132.0,-0.5952004768621452,1,1.5,-1.5,1169932.460664979,
2025-11-06,110.0,131.5,-0.865343646101998,1,1.5,-1.5,1167932.460664979,
2025-11-07,111.0,132.5,-0.9251250487641252,1,1.5,-1.5,1167932.460664979,
2025-11-10,110.5,133.0,-0.5689228704157042,1,1.5,-1.5,1169932.460664979,
2025-11-11,110.0,132.0,-0.6109293836424377,1,1.5,-1.5,1168932.460664979,
2025-11-12,111.0,132.0,-0.9526283983480746,1,1.5,-1.5,1166932.460664979,
2025-11-13,108.5,131.5,-0.07231257873467423,1,1.5,-1.5,1170932.460664979,
2025-11-14,108.5,131.5,-0.03300269542069608,1,1.5,-1.5,1170932.460664979,
2025-11-17,108.0,132.0,0.36611692841058263,0,1.5,-1.5,1172862.8606649789,Close
2025-11-18,107.0,131.0,0.5555267598544079,0,1.5,-1.5,1172862.8606649789,
2025-11-19,106.5,130.5,0.6728745640250161,0,1.5,-1.5,1172862.8606649789,
2025-11-20,108.0,132.0,0.5542563572757135,0,1.5,-1.5,1172862.8606649789,
2025-11-21,107.0,131.5,0.9564092494192308,0,1.5,-1.5,1172862.8606649789,
2025-11-24,108.0,132.0,0.6989663681195353,0,1.5,-1.5,1172862.8606649789,
2025-11-25,107.5,131.0,0.6862483222580538,0,1.5,-1.5,1172862.8606649789,
2025-11-26,109.0,131.0,-0.18580983761796616,0,1.5,-1.5,1172862.8606649789,
2025-11-27,108.5,131.0,0.256850284763633,0,1.5,-1.5,1172862.8606649789,
2025-11-28,108.0,130.5,0.39872650334927484,0,1.5,-1.5,1172862.8606649789,
2025-12-01,107.0,130.0,1.0012880739566887,0,1.5,-1.5,1172862.8606649789,
2025-12-02,106.5,130.0,1.431497625638545,0,1.5,-1.5,1172862.8606649789,
2025-12-03,106.0,130.0,1.7872703769177243,-1,1.5,-1.5,1172793.420664979,Short Spread
2025-12-04,105.5,129.5,1.786119801479606,-1,1.5,-1.5,1172793.420664979,
2025-12-05,105.0,130.0,2.2383287428396605,-1,1.5,-1.5,1170793.420664979,
2025-12-08,105.0,129.5,1.8356432168208832,-1,1.5,-1.5,1171793.420664979,
2025-12-09,104.5,130.0,2.213279784574041,-1,1.5,-1.5,1169793.420664979,
2025-12-10,104.5,129.5,1.8363405731588454,-1,1.5,-1.5,1170793.420664979,
2025-12-11,106.0,130.0,1.0681424004554116,-1,1.5,-1.5,1172793.420664979,
2025-12-12,105.5,130.5,1.5053604474235136,-1,1.5,-1.5,1170793.420664979,
2025-12-15,105.0,130.5,1.694095336227242,-1,1.5,-1.5,1169793.420664979,
2025-12-16,105.0,130.5,1.5943745092780048,-1,1.5,-1.5,1169793.420664979,
2025-12-17,104.5,129.5,1.3905244048341037,-1,1.5,-1.5,1170793.420664979,
2025-12-18,104.5,130.0,1.507509247268899,-1,1.5,-1.5,1169793.420664979,
2025-12-19,106.0,131.0,1.014154723484477,-1,1.5,-1.5,1170793.420664979,
2025-12-22,107.0,130.5,0.2030304529894148,-1,1.5,-1.5,1173793.420664979,
2025-12-23,106.5,130.5,0.45791133028986225,-1,1.5,-1.5,1172793.420664979,
2025-12-24,108.5,130.5,-0.8118054326172456,0,1.5,-1.5,1176723.8606649789,Close
2025-12-26,111.5,131.5,-2.140100907298041,1,1.5,-1.5,1176654.140664979,Long Spread
2025-12-29,109.5,132.0,-0.7338065711529405,1,1.5,-1.5,1181654.140664979,
2025-12-30,110.5,131.0,-1.7581426932794015,1,1.5,-1.5,1177654.140664979,
2025-12-31,108.5,130.5,-0.8145143881404905,1,1.5,-1.5,1180654.140664979,
2026-01-02,108.0,132.0,0.14475904091599653,0,1.5,-1.5,1184584.5406649788,Close
2026-01-05,107.0,133.0,1.1676409615080368,0,1.5,-1.5,1184584.5406649788,
2026-01-06,107.0,132.5,0.8995551352774556,0,1.5,-1.5,1184584.5406649788,
2026-01-07,107.0,133.0,1.0762785452119463,0,1.5,-1.5,1184584.5406649788,
2026-01-08,107.0,133.5,1.2461402615360537,0,1.5,-1.5,1184584.5406649788,
2026-01-09,107.5,133.5,0.8871672278001201,0,1.5,-1.5,1184584.5406649788,
2026-01-12,107.5,133.5,0.844329349453272,0,1.5,-1.5,1184584.5406649788,
2026-01-13,107.0,133.5,1.127785550462955,0,1.5,-1.5,1184584.5406649788,
2026-01-14,107.5,133.0,0.523767549997472,0,1.5,-1.5,1184584.5406649788,
2026-01-15,108.0,133.5,0.4119630249310873,0,1.5,-1.5,1184584.5406649788,
2026-01-16,108.0,133.0,0.16626722974568875,0,1.5,-1.5,1184584.5406649788,
2026-01-19,108.5,134.0,0.2940313645322626,0,1.5,-1.5,1184584.5406649788,
2026-01-20,107.5,133.0,0.4780451016606755,0,1.5,-1.5,1184584.5406649788,
2026-01-21,107.5,133.0,0.4570373284101935,0,1.5,-1.5,1184584.5406649788,
2026-01-22,107.5,133.0,0.4334202501337692,0,1.5,-1.5,1184584.5406649788,
2026-01-23,107.5,134.0,0.8712788083302564,0,1.5,-1.5,1184584.5406649788,
2026-01-26,107.5,134.0,0.8281708050367,0,1.5,-1.5,1184584.5406649788,
2026-01-27,106.5,133.0,0.9806252518467474,0,1.5,-1.5,1184584.5406649788,
2026-01-28,106.0,133.5,1.492300561324151,0,1.5,-1.5,1184584.5406649788,
2026-01-29,105.5,133.5,1.7147942324425096,-1,1.5,-1.5,1184514.9806649787,Short Spread
2026-01-30,105.5,133.5,1.6089235481592994,-1,1.5,-1.5,1184514.9806649787,
2026-02-02,105.0,133.0,1.5981217621975132,-1,1.5,-1.5,1184514.9806649787,
2026-02-03,105.0,133.5,1.7124930740661586,-1,1.5,-1.5,1183514.9806649787,
2026-02-04,104.5,133.0,1.6870520731292131,-1,1.5,-1.5,1183514.9806649787,
2026-02-05,105.0,132.5,1.1580844949609994,-1,1.5,-1.5,1185514.9806649787,
2026-02-06,105.5,133.0,1.0408243557322914,-1,1.5,-1.5,1185514.9806649787,
2026-02-09,105.0,132.0,0.8814894625949652,-1,1.5,-1.5,1186514.9806649787,
2026-02-10,105.5,132.5,0.7755729138739644,-1,1.5,-1.5,1186514.9806649787,
2026-02-11,106.5,133.0,0.41655727183610797,-1,1.5,-1.5,1187514.9806649787,
2026-02-23,107.5,135.0,0.6370074037984407,-1,1.5,-1.5,1185514.9806649787,
2026-02-24,108.0,135.5,0.5455774217398592,-1,1.5,-1.5,1185514.9806649787,
2026-02-25,108.5,136.0,0.46262245314094375,-1,1.5,-1.5,1185514.9806649787,
2026-02-26,107.5,134.0,0.2231306953780453,-1,1.5,-1.5,1187514.9806649787,
2026-03-02,108.5,138.0,1.1666062206321746,-1,1.5,-1.5,1181514.9806649787,
2026-03-03,108.5,138.0,1.1091667075306435,-1,1.5,-1.5,1181514.9806649787,
2026-03-04,108.0,135.5,0.38694673138877367,-1,1.5,-1.5,1185514.9806649787,
2026-03-05,107.5,137.0,1.303097404435048,-1,1.5,-1.5,1181514.9806649787,
2026-03-06,108.0,136.5,0.7327099337054621,-1,1.5,-1.5,1183514.9806649787,
2026-03-09,107.5,136.0,0.873012108794186,-1,1.5,-1.5,1183514.9806649787,
2026-03-10,106.5,135.0,1.141739904965997,-1,1.5,-1.5,1183514.9806649787,
2026-03-11,106.0,135.5,1.8714662562452422,-1,1.5,-1.5,1181514.9806649787,
2026-03-12,106.0,136.0,2.0309521883577086,-1,1.5,-1.5,1180514.9806649787,
2026-03-13,106.5,136.0,1.4924246788046538,-1,1.5,-1.5,1181514.9806649787,
2026-03-16,108.0,136.5,0.4446616986849725,-1,1.5,-1.5,1183514.9806649787,
2026-03-17,109.5,137.0,-0.5799732197031331,0,1.5,-1.5,1185445.1206649786,Close
2026-03-18,110.0,137.5,-0.7218229918945938,0,1.5,-1.5,1185445.1206649786,
2026-03-19,109.5,135.5,-1.5161851369530444,1,1.5,-1.5,1185375.3206649786,Long Spread
2026-03-20,109.0,134.0,-1.8951774727156285,1,1.5,-1.5,1183375.3206649786,
2026-03-23,109.0,134.0,-1.8304282390156288,1,1.5,-1.5,1183375.3206649786,
2026-03-24,109.5,134.0,-2.1307672130441935,1,1.5,-1.5,1182375.3206649786,
2026-03-25,109.0,135.0,-1.1923681663663832,1,1.5,-1.5,1185375.3206649786,
2026-03-26,109.0,134.5,-1.46878771461691,1,1.5,-1.5,1184375.3206649786,
2026-03-27,109.5,134.0,-2.040990074402191,1,1.5,-1.5,1182375.3206649786,
2026-03-30,109.0,134.0,-1.6093673594245264,1,1.5,-1.5,1183375.3206649786,
2026-03-31,109.0,133.0,-2.026100058735309,1,1.5,-1.5,1181375.3206649786,
2026-04-01,109.5,134.0,-1.7652813076891962,1,1.5,-1.5,1182375.3206649786,
2026-04-02,109.5,134.0,-1.669350812819259,1,1.5,-1.5,1182375.3206649786,
2026-04-07,109.5,134.0,-1.5773991350198102,1,1.5,-1.5,1182375.3206649786,
2026-04-08,109.5,134.0,-1.4857118512132923,1,1.5,-1.5,1182375.3206649786,
2026-04-09,110.0,135.0,-1.281530614049402,1,1.5,-1.5,1183375.3206649786,
2026-04-10,110.0,135.5,-1.0095872862505957,1,1.5,-1.5,1184375.3206649786,
2026-04-13,110.0,134.5,-1.3699880499819985,1,1.5,-1.5,1182375.3206649786,
2026-04-14,110.0,135.0,-1.0986143424218082,1,1.5,-1.5,1183375.3206649786,
2026-04-15,110.0,135.5,-0.8383501715108057,1,1.5,-1.5,1184375.3206649786,
2026-04-16,110.0,136.5,-0.36637453597644026,1,1.5,-1.5,1186375.3206649786,
2026-04-17,112.5,137.5,-1.4059961297355676,1,1.5,-1.5,1183375.3206649786,
