Date,Price1,Price2,Indicator,Position,Upper,Lower,Equity,Action
2013-04-10,53.972293853759766,55.832786560058594,-19.986757800284465,-1,-20.95099029598922,-26.143433629242708,999935.6077967834,Short Spread
2013-04-11,54.57381820678711,56.19571304321289,-20.46884454728412,-1,-20.133037933376446,-26.490888809301136,1000412.8035365295,
2013-04-12,54.95660400390625,56.37718963623047,-20.82510023601506,-1,-20.2704860547071,-26.515487818083457,1000815.4219447327,
2013-04-15,55.77684020996094,56.43768310546875,-21.91686343349228,-1,-19.977446908386522,-26.344085402423733,1002334.9074183655,
2013-04-16,56.323673248291016,56.61914825439453,-22.503581899658116,-1,-20.316618976469588,-26.162128159105013,1003065.6431971741,
2013-04-17,56.323673248291016,56.61914825439453,-22.503581899658116,-1,-20.412917640456875,-26.187532133916555,1003065.6431971741,
2013-04-18,55.77684020996094,56.37718963623047,-21.977356902730563,-1,-20.387958580483428,-26.119442938075473,1002455.894356842,
2013-04-19,56.87050247192383,56.61914825439453,-23.271760155914905,-1,-20.261545734275675,-26.232681419709078,1004159.3016444397,
2013-04-22,56.87050247192383,56.74013519287109,-23.15077321743835,-1,-20.451826585093507,-26.246546031443437,1003917.3277674866,
2013-04-23,57.14392852783203,56.80063247680664,-23.474381138135698,-1,-20.476459145333482,-26.29402919280992,1004343.1853114319,
2013-04-24,56.87050247192383,56.74013519287109,-23.15077321743835,-1,-20.463180501935657,-26.251833336804896,1003917.3277674866,
2013-04-25,56.87050247192383,56.74013519287109,-23.15077321743835,-1,-20.42586720872934,-26.21715936093047,1003917.3277674866,
2013-04-26,56.87050247192383,56.92159652709961,-22.969311883209826,-1,-20.398312928279275,-26.08167549413521,1003554.4050990295,
2013-04-29,58.23759078979492,57.16355895996094,-24.64781652632982,0,-20.41728918310501,-25.83371904118051,1005740.040823059,Close
2013-04-30,58.784423828125,56.74013519287109,-25.839423908511286,0,-20.54561595655536,-25.934996796362384,1005740.040823059,
2013-05-02,59.33125686645508,57.46601104736328,-25.88173166911072,0,-20.48565020886181,-26.194365687422877,1005740.040823059,
2013-05-03,60.15150451660156,57.587005615234375,-26.913009844459637,1,-20.49570594272221,-26.14565173316098,1005675.3312826537,Long Spread
2013-05-06,59.87808227539063,57.52650833129883,-26.589407282597122,1,-20.235770989995792,-26.850789920895245,1006101.1811972045,
2013-05-07,59.05783462524414,57.52650833129883,-25.437134539377098,1,-20.277199020362506,-27.377715948824704,1007741.6764974975,
2013-05-08,59.87808227539063,57.889442443847656,-26.226473170048294,1,-20.316552625906894,-26.484106228210614,1006827.0494223022,
2013-05-09,60.15150451660156,58.0709342956543,-26.429081164039715,1,-20.19723680184301,-26.943504446263212,1006643.1886434936,
2013-05-10,60.15150451660156,58.0709342956543,-26.429081164039715,1,-20.184666206619546,-27.664101463635937,1006643.1886434936,
2013-05-13,60.15150451660156,58.01043701171875,-26.489578447975262,1,-20.134034106011725,-27.810130462509683,1006522.1940756225,
2013-05-14,60.15150451660156,58.0709342956543,-26.429081164039715,1,-19.997778625596844,-27.629243622323813,1006643.1886434936,
2013-05-15,64.25274658203125,58.79681396484375,-31.464570569785167,1,-20.09258186022825,-28.254052647037803,999892.4638510131,
2013-05-16,63.97933197021485,58.97828674316406,-30.899008663336474,1,-19.843625829491398,-27.566098237451417,1000802.2386312865,
2013-05-17,63.15908050537109,58.97828674316406,-29.74673056128161,0,-42.68420744265219,-101.97125228928249,1002377.8560662841,Close
2013-05-20,62.612247467041016,58.97828674316406,-28.978546946189994,0,-18.825661208135138,-34.45363068161011,1002377.8560662841,
2013-05-21,62.33883666992188,59.34122085571289,-28.231529064347626,0,-19.01972760541529,-32.4751249850797,1002377.8560662841,
2013-05-22,62.06541061401367,59.4017219543457,-27.786922761081897,0,-19.340208491764347,-31.65679266685112,1002377.8560662841,
2013-05-23,62.06541061401367,59.03877258300781,-28.149872132419787,0,-19.413071618197502,-31.339359174506473,1002377.8560662841,
2013-05-24,61.7920036315918,58.373382568359375,-28.431183736609498,0,-19.17749282256237,-31.796443059659772,1002377.8560662841,
2013-05-27,62.33883666992188,58.67584228515625,-28.896907634904267,0,-18.97042081295885,-32.15999974726498,1002377.8560662841,
2013-05-28,62.88565826416016,58.67584228515625,-29.665075173491374,0,-19.334016495581963,-33.52099633497604,1002377.8560662841,
2013-05-29,63.15908050537109,58.736328125,-29.98868917944567,0,-19.51826224036737,-35.66434093022408,1002377.8560662841,
2013-05-30,59.87808227539063,57.8289680480957,-26.286947565800247,0,-19.204176528563483,-37.01767390545392,1002377.8560662841,
2013-05-31,59.87808227539063,57.76847839355469,-26.347437220341263,0,-18.86456941356492,-31.23743497111737,1002377.8560662841,
2013-06-03,59.87808227539063,57.46601104736328,-26.64990456653267,0,-18.908604824387872,-31.323587205423877,1002377.8560662841,
2013-06-04,58.784423828125,57.40553665161133,-25.174022449771044,0,-18.798334388741765,-31.350489851668918,1002377.8560662841,
2013-06-05,59.05783462524414,57.16355895996094,-25.80008391071499,0,-18.734859704935776,-30.97448599781841,1002377.8560662841,
2013-06-06,59.60466766357422,57.16355895996094,-26.56826752580662,0,-18.8070190728043,-31.144358883160656,1002377.8560662841,
2013-06-07,60.698333740234375,57.46601104736328,-27.80218266858752,0,-19.130971990650444,-31.620846354770016,1002377.8560662841,
2013-06-10,60.698333740234375,57.587005615234375,-27.681188100716426,0,-19.033186566791812,-32.221781535609125,1002377.8560662841,
2013-06-11,60.4249153137207,57.587005615234375,-27.29709361375319,0,-19.383381344079034,-32.42607710670867,1002377.8560662841,
2013-06-13,57.14392852783203,57.16355895996094,-23.1114546549814,0,-19.271349515826053,-32.228569735958104,1002377.8560662841,
2013-06-14,60.15150451660156,57.22405624389648,-27.275959215797535,0,-18.612198886003835,-31.191772800107604,1002377.8560662841,
2013-06-17,60.698333740234375,57.587005615234375,-27.681188100716426,0,-19.476038792454943,-31.96926689910041,1002377.8560662841,
2013-06-18,61.24516296386719,58.0709342956543,-27.96543767655328,0,-19.777466615537406,-32.12129709307777,1002377.8560662841,
2013-06-19,61.24516296386719,57.889442443847656,-28.14692952835992,0,-20.04607594082183,-32.21181140528774,1002377.8560662841,
2013-06-20,61.518585205078125,57.647491455078125,-28.772980362927527,0,-20.213056738657734,-32.2901396644908,1002377.8560662841,
2013-06-21,59.60466766357422,57.46601104736328,-26.265815438404275,0,-20.29620699068103,-32.59365810580399,1002377.8560662841,
2013-06-24,60.698333740234375,57.52650833129883,-27.741685384651973,0,-20.026999064012372,-31.923118349031093,1002377.8560662841,
2013-06-25,60.97175598144531,57.76847839355469,-27.883815168194175,0,-20.444747864799723,-32.19278117170796,1002377.8560662841,
2013-06-26,60.698333740234375,57.647491455078125,-27.620702260872676,0,-20.631863883519195,-32.21555917075554,1002377.8560662841,
2013-06-27,60.698333740234375,58.01043701171875,-27.25775670423205,0,-20.781775392989573,-32.13514393710596,1002377.8560662841,
2013-06-28,64.79956817626953,61.70037078857422,-29.32918128464182,0,-20.658512532862837,-32.12141054679733,1002377.8560662841,
2013-07-01,62.06541061401367,59.2807502746582,-27.907894440769397,0,-20.647297025356565,-32.746636598875206,1002377.8560662841,
2013-07-02,62.88565826416016,59.22025680541992,-29.120660653227702,0,-21.110598730149235,-32.29056912066737,1002377.8560662841,
2013-07-03,62.612247467041016,59.15975570678711,-28.797077982566947,0,-21.295587178855968,-32.58441476975835,1002377.8560662841,
2013-07-04,62.612247467041016,59.34122085571289,-28.615612833641165,0,-21.683328021545904,-32.377825833156415,1002377.8560662841,
2013-07-05,63.97933197021485,60.006629943847656,-29.87066546265288,0,-22.31029165479537,-31.9844030348561,1002377.8560662841,
2013-07-08,63.69242477416992,59.70417404174805,-29.770078037804566,0,-22.528019842444678,-32.15602499112209,1002377.8560662841,
2013-07-09,62.83172225952149,60.12761688232422,-28.13753201055887,0,-22.751754307965317,-32.06036148946039,1002377.8560662841,
2013-07-10,62.83172225952149,60.12761688232422,-28.13753201055887,0,-22.747574536704917,-31.823837202448892,1002377.8560662841,
2013-07-11,63.69242477416992,60.36958312988281,-29.1046689496698,0,-22.871593877098334,-31.782174834288433,1002377.8560662841,
2013-07-12,63.40550994873047,60.49055480957031,-28.580643225364724,0,-23.117037902179568,-31.82380837420579,1002377.8560662841,
2013-07-15,63.69242477416992,60.4300537109375,-29.044198368615113,0,-23.46029175332109,-31.593455507689743,1002377.8560662841,
2013-07-16,63.69242477416992,60.36958312988281,-29.1046689496698,0,-23.503349198271597,-31.66880949727673,1002377.8560662841,
2013-07-17,63.40550994873047,57.70798873901367,-31.363209295921365,0,-23.735029186973406,-31.604691658471175,1002377.8560662841,
2013-07-18,63.69242477416992,57.889442443847656,-31.584809635704957,0,-23.82129808786208,-31.963528711526447,1002377.8560662841,
2013-07-19,63.40550994873047,57.76847839355469,-31.30271964138035,0,-24.04612106751733,-32.04271025346403,1002377.8560662841,
2013-07-22,64.26622772216797,58.373382568359375,-31.906940088584548,0,-24.269104239734038,-32.01839869485758,1002377.8560662841,
2013-07-23,66.56146240234375,58.494361877441406,-35.01027524207679,1,-24.506960812507685,-32.105686193950405,1002312.853833313,Long Spread
2013-07-24,64.26622772216797,57.94994735717773,-32.330375299766196,1,-24.04654170480116,-33.449360973947705,1005814.4941531372,
2013-07-25,62.54480743408203,57.8289680480957,-30.033126800169782,1,-24.11930040502973,-33.0258439880721,1009015.376111145,
2013-07-26,63.11862182617188,57.8289680480957,-30.839213454065614,1,-24.22396286605565,-32.78346009208006,1007867.7473269653,
2013-07-29,62.25791549682617,57.889442443847656,-29.56963051280927,1,-24.18948920062675,-32.95172197221249,1009710.1087771606,
2013-07-30,62.83172225952149,57.76847839355469,-30.496670499328403,1,-24.267840022435344,-32.87715416352137,1008320.5671511841,
2013-07-31,62.54480743408203,58.01043701171875,-29.851657836546735,1,-24.50921763355561,-32.96471331599836,1009378.3140383911,
2013-08-01,63.11862182617188,57.40553665161133,-31.26264485054999,1,-24.531956816860117,-32.945124928482706,1007020.8845339966,
2013-08-02,63.11862182617188,57.46601104736328,-31.202170454798036,1,-24.594588018955974,-33.14847773348643,1007141.8333255005,
2013-08-05,62.54480743408203,57.587005615234375,-30.27508923303111,1,-24.674481297334452,-33.225917111973764,1008531.4512454224,
2013-08-06,61.11029815673828,57.10307312011719,-28.74384260525261,1,-24.75546926983134,-33.180484160769055,1010432.6048098755,
2013-08-07,60.82339096069336,56.74013519287109,-28.7037372055508,1,-24.806073945934948,-33.08328088528207,1010280.5433474731,
2013-08-08,61.39720153808594,56.61914825439453,-29.630805439088334,1,-24.644714549248768,-32.74048002115556,1008890.9483157349,
2013-08-09,60.82339096069336,56.55866622924805,-28.88520616917384,1,-24.691738746615968,-32.78475367032983,1009917.605420227,
2013-08-12,61.971004486083984,56.861114501953125,-30.19490976892105,1,-24.67415641403264,-32.807436671515646,1008227.274914856,
2013-08-13,63.11862182617188,56.861114501953125,-31.807067000208193,1,-24.739203956355503,-32.97041028784725,1005932.0402346802,
2013-08-14,62.54480743408203,56.74013519287109,-31.1219596553944,1,-24.762677720729535,-33.30457541223679,1006837.7104006958,
2013-08-15,61.6841049194336,56.49817657470703,-30.15481508688893,1,-24.824890969735563,-33.329777850388915,1008075.1981936645,
2013-08-16,62.83172225952149,56.861114501953125,-31.404034390929965,1,-24.817264377881003,-33.273394453990626,1006505.839367981,
2013-08-19,61.971004486083984,56.49817657470703,-30.557847696167144,1,-24.81448665207032,-33.48045386192556,1007501.3990603638,
2013-08-20,61.39720153808594,56.49817657470703,-29.751777118775834,1,-24.79234758688926,-33.4281317143552,1008649.0049563599,
2013-08-22,60.82339096069336,56.31669998168945,-29.127172416732435,1,-24.74107199732758,-33.329104560836676,1009433.6729251099,
2013-08-23,60.24958419799805,56.37718963623047,-28.26060682596527,1,-24.701132240305967,-33.24987175003199,1010702.2657595825,
2013-08-26,60.24958419799805,56.67965316772461,-27.958143294471128,1,-25.013482552245986,-33.28716120065103,1011307.1928225708,
2013-08-27,60.82339096069336,56.861114501953125,-28.582757896468763,1,-25.065739968432176,-33.24729266826678,1010522.5019656372,
2013-08-28,61.11029815673828,56.55866622924805,-29.28824949612175,1,-25.15797532196998,-33.24579138184919,1009343.7910281372,
2013-08-29,61.39720153808594,56.74013519287109,-29.50981850061178,1,-25.558182568508453,-33.14534061725037,1009132.922192688,
2013-08-30,61.971004486083984,57.22405624389648,-29.831968026977698,1,-25.663244553934092,-33.11550341681166,1008953.1583987427,
2013-09-02,61.6841049194336,57.0425910949707,-29.61040056662526,1,-25.723123305650237,-33.12474920871968,1009164.0272341919,
2013-09-03,60.536502838134766,56.92159652709961,-28.11925933854856,0,-25.67580767169018,-33.124293678291146,1011152.5439370727,Close
2013-09-04,60.82339096069336,57.22405624389648,-28.21981615452541,0,-25.631514913042604,-33.07367911988255,1011152.5439370727,
2013-09-05,61.11029815673828,57.34503936767578,-28.501876357694016,0,-25.710890984728394,-33.06058489424697,1011152.5439370727,
2013-09-06,61.11029815673828,57.10307312011719,-28.74384260525261,0,-26.651291526615037,-32.54612608511884,1011152.5439370727,
2013-09-09,60.82339096069336,57.22405624389648,-28.21981615452541,0,-26.36617052399048,-32.69314502257437,1011152.5439370727,
2013-09-10,60.82339096069336,57.40553665161133,-28.03833574681056,0,-26.32304414609794,-32.676128203427524,1011152.5439370727,
2013-09-11,60.82339096069336,57.10307312011719,-28.3407992783047,0,-26.289186933316156,-32.67318937843161,1011152.5439370727,
2013-09-12,60.82339096069336,56.861114501953125,-28.582757896468763,0,-26.30677530837317,-32.67235245598506,1011152.5439370727,
2013-09-13,60.82339096069336,57.0425910949707,-28.401281303451185,0,-26.273383945121807,-32.66655251119666,1011152.5439370727,
2013-09-16,61.39720153808594,57.40553665161133,-28.844417041871537,0,-26.64201451676424,-32.56003983023249,1011152.5439370727,
2013-09-17,61.6841049194336,57.34503936767578,-29.30795229392018,0,-26.5750349888887,-32.586130920113334,1011152.5439370727,
2013-09-18,60.82339096069336,57.40553665161133,-28.03833574681056,0,-26.644602472678855,-32.588313062347794,1011152.5439370727,
2013-09-23,61.11029815673828,57.28455352783203,-28.562362197537766,0,-26.610374454333485,-32.55155040184725,1011152.5439370727,
2013-09-24,61.11029815673828,56.861114501953125,-28.985801223416672,0,-26.75468911118848,-32.514461228650404,1011152.5439370727,
2013-09-25,60.24958419799805,57.0425910949707,-27.595205367225034,0,-26.626453649154385,-32.505720033901426,1011152.5439370727,
2013-09-26,59.38888168334961,56.61914825439453,-26.80954502113167,0,-26.594935465104147,-32.52856654613944,1011152.5439370727,
2013-09-27,60.24958419799805,56.80063247680664,-27.837163985389097,0,-26.249194053607372,-32.58430266907782,1011152.5439370727,
2013-09-30,60.24958419799805,57.28455352783203,-27.353242934363706,0,-26.360479204974844,-32.585204876844706,1011152.5439370727,
2013-10-01,59.96269607543945,56.861114501953125,-27.373665427468893,0,-26.245897957938382,-32.620366012592015,1011152.5439370727,
2013-10-02,59.38888168334961,56.55866622924805,-26.870027046278153,0,-26.062326777050952,-32.56801784007579,1011152.5439370727,
2013-10-03,59.38888168334961,56.74013519287109,-26.688558082655113,0,-25.850811220008584,-32.605640110743,1011152.5439370727,
2013-10-04,59.675777435302734,56.861114501953125,-26.970606024016476,0,-25.840189146601137,-32.726535741033054,1011152.5439370727,
2013-10-07,59.96269607543945,56.67965316772461,-27.55512676169741,0,-25.819335990777223,-32.743892704294346,1011152.5439370727,
2013-10-08,57.38057327270508,56.37718963623047,-24.23025929784356,-1,-25.748451307464926,-32.70344953168723,1011087.9936265564,Short Spread
2013-10-09,56.23295593261719,56.31669998168945,-22.678591721097447,-1,-24.513152642647515,-33.172555239392366,1008913.7382554626,
2013-10-11,54.62628936767578,56.13523864746094,-20.603029716223077,-1,-22.084292364639335,-33.83919660101542,1006063.3277940368,
2013-10-14,55.60175704956055,56.37718963623047,-21.731402460203157,0,9.132423315992908,-30.019119849316866,1007465.8820223999,Close
2013-10-15,56.23295593261719,56.25621032714844,-22.739081375638463,0,-17.236837197192568,-33.304155939526865,1007465.8820223999,
2013-10-16,56.69199752807617,56.55866622924805,-23.08148086368493,0,-19.94584744086062,-33.169129344437536,1007465.8820223999,
2013-10-17,55.42962265014648,56.55866622924805,-21.30811380398741,0,-20.10740948367154,-33.150550899128895,1007465.8820223999,
2013-10-18,54.741058349609375,56.49817657470703,-20.401317693891897,0,-16.53926814441295,-32.65909829840154,1007465.8820223999,
2013-10-21,52.21631240844727,55.89326858520508,-17.45949692283365,0,-17.2916603915305,-30.66935211587544,1007465.8820223999,
2013-10-22,50.66703414916992,54.804443359375,-16.371917120853126,-1,-21.82481294295064,-34.08112925525461,1007401.6631632996,Short Spread
2013-10-23,53.76559066772461,55.832786560058594,-19.696383975790724,-1,-20.974292629477542,-34.399700962763944,1011542.0897990417,
2013-10-24,53.0770149230957,56.0747299194336,-18.487138775274666,-1,-3.4861043513889776,-29.547039284970797,1009681.0515910339,
2013-10-25,53.65082550048828,55.832786560058594,-19.53516342971065,-1,-19.994560888472012,-34.623138786997124,1011312.5594645691,
2013-10-28,54.22462463378906,56.37718963623047,-19.796825572095244,-1,-2.9128207206473995,-29.267949140558454,1011371.3515788269,
2013-10-29,54.22462463378906,56.37718963623047,-19.796825572095244,-1,-4.824398679632788,-30.249369302676683,1011371.3515788269,
2013-10-30,56.806766510009766,57.10307312011719,-22.698299877730705,0,-7.846216489249375,-29.5491031426705,1015019.3119699097,Close
2013-10-31,57.6674690246582,57.22405624389648,-23.786419940620952,0,-15.524177058766089,-31.814357199116774,1015019.3119699097,
2013-11-01,55.60175704956055,56.43768310546875,-21.670908990964875,0,-16.268373370784083,-32.376154494819616,1015019.3119699097,
2013-11-04,54.85581970214844,55.95375061035156,-21.106958845492585,0,-13.852803332099915,-32.612896365257214,1015019.3119699097,
2013-11-05,54.511531829833984,56.25621032714844,-20.320848208125184,0,-12.830170369453048,-32.35775804242573,1015019.3119699097,
2013-11-06,55.946044921875,56.43768310546875,-22.1545599115354,0,-11.450704359599634,-31.349582303859854,1015019.3119699097,
2013-11-07,56.00342559814453,56.25621032714844,-22.41664028347833,0,-14.3514007512633,-32.310367672646294,1015019.3119699097,
2013-11-08,56.175567626953125,56.25621032714844,-22.65846306434618,0,-14.836013538002998,-31.489541909126405,1015019.3119699097,
2013-11-11,55.65914916992188,55.89326858520508,-22.295947181355686,0,-15.672391359668115,-30.52026098136837,1015019.3119699097,
2013-11-12,55.65914916992188,56.25621032714844,-21.933005439412327,0,-15.32367040516035,-30.509570185354086,1015019.3119699097,
2013-11-13,55.08534622192383,55.89326858520508,-21.489876603964376,0,-14.796668028173086,-30.638978284975344,1015019.3119699097,
2013-11-14,55.65914916992188,55.59081268310547,-22.598403083455295,0,-15.085107434790714,-29.731009293361886,1015019.3119699097,
2013-11-15,55.142723083496094,55.59081268310547,-21.87293474085176,0,-15.66881756683067,-30.149385539764303,1015019.3119699097,
2013-11-18,55.142723083496094,55.59081268310547,-21.87293474085176,0,-15.068214011784029,-30.154044762840094,1015019.3119699097,
2013-11-19,55.31487274169922,55.832786560058594,-21.872794362436153,0,-14.96378324073166,-30.25172166810286,1015019.3119699097,
2013-11-20,56.00342559814453,55.53033065795898,-23.14251995266779,0,-14.80581822319624,-30.484857966716632,1015019.3119699097,
2013-11-21,55.37224197387695,55.28836441040039,-22.49780802921245,0,-15.580355527924702,-30.808777330567402,1015019.3119699097,
2013-11-22,55.20009994506836,55.34885025024414,-22.195499408500865,0,-15.364338736640663,-30.23134251201857,1015019.3119699097,
2013-11-25,55.08534622192383,55.34885025024414,-22.034294938925314,0,-15.426943701191615,-29.667130414264104,1015019.3119699097,
2013-11-26,54.62628936767578,56.13523864746094,-20.603029716223077,0,-15.514689791792698,-29.347559792591866,1015019.3119699097,
2013-11-27,55.08534622192383,55.95375061035156,-21.42939457881789,0,-14.957937254022191,-28.808504374514598,1015019.3119699097,
2013-11-28,55.142723083496094,55.95375061035156,-21.509996813605667,0,-15.503921337794715,-28.83603233338937,1015019.3119699097,
2013-11-29,55.60175704956055,56.13523864746094,-21.973353448972688,0,-15.237697567102181,-29.20723330622402,1015019.3119699097,
2013-12-02,55.65914916992188,56.0747299194336,-22.114485847127163,0,-15.542476836244044,-29.077755593012284,1015019.3119699097,
2013-12-03,54.62628936767578,55.832786560058594,-20.90548180362542,0,-15.739518931624966,-28.80462098582835,1015019.3119699097,
2013-12-04,55.02796173095703,55.59081268310547,-21.711719553606528,0,-15.403427632857188,-28.358234671539336,1015019.3119699097,
2013-12-05,54.798431396484375,55.53033065795898,-21.449760486592886,0,-15.718677670858533,-28.48534223594954,1015019.3119699097,
2013-12-06,54.511531829833984,55.59081268310547,-20.986245852168153,0,-15.67451857011152,-28.326804568721133,1015019.3119699097,
2013-12-09,54.97057723999024,56.0747299194336,-21.147189364820953,0,-15.664849374813379,-27.95525427509297,1015019.3119699097,
2013-12-10,54.798431396484375,55.95375061035156,-21.0263405342003,0,-15.905194104156916,-27.670785015667033,1015019.3119699097,
2013-12-11,55.20009994506836,56.19571304321289,-21.348636615532115,0,-15.959886709335194,-27.492946185512594,1015019.3119699097,
2013-12-12,54.97057723999024,55.95375061035156,-21.26816867390299,0,-16.314607134789224,-27.141113766749438,1015019.3119699097,
2013-12-13,54.97057723999024,55.832786560058594,-21.38913272419596,0,-16.615531542116543,-26.713930818811747,1015019.3119699097,
2013-12-16,53.9377326965332,55.59081268310547,-20.180180633611684,0,-16.546064448563016,-26.825146304519507,1015019.3119699097,
2013-12-17,54.62628936767578,55.65130233764648,-21.086966026037537,0,-16.547901676294195,-26.330903734671118,1015019.3119699097,
2013-12-18,54.798431396484375,55.65130233764648,-21.328788806905386,0,-17.057643565977415,-25.995257424950964,1015019.3119699097,
2013-12-19,55.08534622192383,55.832786560058594,-21.55035862911086,0,-17.03219295943037,-26.076860792544018,1015019.3119699097,
2013-12-20,55.65914916992188,56.01424407958984,-22.174971686970927,0,-17.081181463477694,-26.06273836553603,1015019.3119699097,
2013-12-23,55.37224197387695,55.89326858520508,-21.892903854407763,0,-17.479518770610188,-25.596664047822554,1015019.3119699097,
2013-12-24,55.31487274169922,55.89326858520508,-21.81231233728967,0,-17.583621774086243,-25.411460198415018,1015019.3119699097,
2013-12-25,55.60175704956055,56.01424407958984,-22.09434801684379,0,-17.78567989609122,-25.118639412706894,1015019.3119699097,
2013-12-26,55.65914916992188,56.25621032714844,-21.933005439412327,0,-17.93640408198798,-24.963148279306985,1015019.3119699097,
2013-12-27,56.00342559814453,56.49817657470703,-22.174674035919736,0,-18.101829328572208,-24.71317492962016,1015019.3119699097,
2013-12-30,56.405086517333984,56.37718963623047,-22.859908770919773,0,-18.37008965843809,-24.374048596264338,1015019.3119699097,
2013-12-31,55.25748825073242,56.31669998168945,-21.308267988347836,0,-18.750920088147936,-23.94876075281011,1015019.3119699097,
2014-01-02,55.65914916992188,56.13523864746094,-22.053977119099827,0,-18.644255539452924,-24.021901319620387,1015019.3119699097,
2014-01-03,55.42962265014648,56.13523864746094,-21.73154138577452,0,-18.654747935852413,-24.11918550959095,1015019.3119699097,
2014-01-06,54.913204193115234,55.832786560058594,-21.30853584824301,0,-18.73229198973004,-24.191977953857677,1015019.3119699097,
2014-01-07,54.56891632080078,55.7117919921875,-20.94587949554358,0,-18.66950409486512,-24.13729550178541,1015019.3119699097,
2014-01-08,54.45415878295898,55.7117919921875,-20.784669667133173,0,-18.63314135806485,-24.021684331192343,1015019.3119699097,
2014-01-09,54.052494049072266,55.7117919921875,-20.220416511774886,0,-18.628945189345767,-23.921284512651294,1015019.3119699097,
2014-01-10,53.9377326965332,55.59081268310547,-20.180180633611684,0,-18.58265081842145,-23.99918466041806,1015019.3119699097,
2014-01-13,54.45415878295898,55.65130233764648,-20.845159321674195,0,-18.612900276164517,-24.02335714975961,1015019.3119699097,
2014-01-14,53.9377326965332,55.65130233764648,-20.119690979070675,0,-19.19191377595469,-23.786534516575998,1015019.3119699097,
2014-01-15,53.65082550048828,55.65130233764648,-19.716647652122766,0,-19.636134502436292,-23.400772228615523,1015019.3119699097,
2014-01-16,53.9377326965332,55.65130233764648,-20.119690979070675,0,-19.385329037774724,-23.510846391754576,1015019.3119699097,
2014-01-17,54.16725158691406,55.65130233764648,-20.4421159947263,0,-19.66515007267863,-23.363589490210227,1015019.3119699097,
2014-01-20,53.36392211914063,55.53033065795898,-19.4345813636972,-1,-19.67103567186101,-23.352594928496618,1014954.9561997986,Short Spread
2014-01-21,53.0770149230957,55.59081268310547,-18.971056011602798,-1,-19.562732034822943,-23.388360730610046,1014260.1777574158,
2014-01-22,52.50321960449219,55.59081268310547,-18.164996151881155,-1,-19.436419359460466,-23.458159380013413,1013112.5871202088,
2014-01-23,52.273685455322266,55.53033065795898,-17.903031726032673,-1,-18.713431602170207,-23.504353859994307,1012774.4828721619,
2014-01-24,51.64250946044922,55.46982955932617,-17.076865371321233,-1,-18.457791561559944,-23.308636101204918,1011633.1330796814,
2014-01-27,50.95394515991211,55.59081268310547,-15.988596482905393,-1,-15.981513815105377,-24.073792586749878,1010014.0382310486,
2014-02-05,48.773475646972656,54.62297058105469,-13.893344668461992,-1,-18.4149016502827,-23.842789807352837,1007588.7834092713,
2014-02-06,48.94562149047852,54.62297058105469,-14.135172808164683,-1,-17.713777044495334,-24.303460607239185,1007933.075096283,
2014-02-07,49.92109298706055,54.6834602355957,-15.445012245208105,-1,-17.166048500479814,-24.64499997125603,1009763.038780365,
2014-02-10,50.66703414916992,54.62297058105469,-16.55338989917344,0,34.27892794094316,-2.4819407136618317,1011311.6888134766,Close
2014-02-11,49.80632781982422,54.50198745727539,-15.465264477448343,0,-11.857233239486735,-23.5267570829992,1011311.6888134766,
2014-02-12,50.4375114440918,54.86492919921875,-15.98900090651891,0,-2.387062223846705,-21.320636674153217,1011311.6888134766,
2014-02-13,49.92109298706055,54.86492919921875,-15.263543281585058,0,-8.78584484212027,-23.35068907626151,1011311.6888134766,
2014-02-14,50.78180313110352,55.16738510131836,-16.17020128382468,0,1.7927603511082602,-20.613406988933196,1011311.6888134766,
2014-02-17,51.011322021484375,55.16738510131836,-16.492626299480293,0,-10.371347721225483,-22.989182208477793,1011311.6888134766,
2014-02-18,51.12607955932617,55.22786331176758,-16.593357917441466,0,-10.84877613390152,-23.453821951773488,1011311.6888134766,
2014-02-19,52.04417037963867,55.53033065795898,-17.580612069211888,0,-11.135264815538429,-23.41258224753065,1011311.6888134766,
2014-02-20,52.21631240844727,55.22786331176758,-18.12490219627115,0,-12.90554531983041,-23.708599446807717,1011311.6888134766,
2014-02-21,53.01963806152344,55.46982955932617,-19.011436900594305,0,-13.716542774779281,-23.034377068253473,1011311.6888134766,
2014-02-24,52.61797332763672,55.53033065795898,-18.386682646603198,0,-14.124376384345965,-23.467867453976815,1011311.6888134766,
2014-02-25,51.64250946044922,55.28836441040039,-17.258330520247014,0,-13.777913813828626,-23.384176557202828,1011311.6888134766,
2014-02-26,51.69988250732422,55.28836441040039,-17.33892739619995,0,-12.910265205522462,-23.177725396267533,1011311.6888134766,
2014-02-27,52.273685455322266,55.65130233764648,-17.782060046345173,0,-12.73154859210386,-23.76228473044112,1011311.6888134766,
2014-03-03,51.3556022644043,55.46982955932617,-16.673822044373324,0,-13.117165032148986,-23.329370567909383,1011311.6888134766,
2014-03-04,51.12607955932617,55.22786331176758,-16.593357917441466,0,-11.955407364326664,-22.98713852612278,1011311.6888134766,
2014-03-05,51.29822540283203,55.59081268310547,-16.47223668580625,0,-12.010140363938003,-22.607022939025978,1011311.6888134766,
2014-03-06,51.47036361694336,55.832786560058594,-16.472080230886135,0,-11.968881088646956,-22.391304953322997,1011311.6888134766,
2014-03-07,51.69988250732422,55.89326858520508,-16.73402322139526,0,-11.433754173277796,-22.831716112150758,1011311.6888134766,
2014-03-10,51.872032165527344,55.89326858520508,-16.975856719932793,0,-12.011972144368649,-22.336025346915527,1011311.6888134766,
2014-03-11,52.21631240844727,56.25621032714844,-17.09655518089029,0,-12.235713203317294,-22.44691751865112,1011311.6888134766,
2014-03-12,52.1015510559082,56.25621032714844,-16.935339993645044,0,-12.266186974097748,-22.629832015194864,1011311.6888134766,
2014-03-13,52.21631240844727,56.37718963623047,-16.97557587180826,0,-12.153983550590365,-22.408473907210773,1011311.6888134766,
2014-03-14,52.1015510559082,55.77228164672852,-17.41926867406496,0,-12.188849283926348,-22.39445329030651,1011311.6888134766,
2014-03-17,52.50321960449219,55.95375061035156,-17.80205822463506,0,-12.648390531047404,-22.25826375552858,1011311.6888134766,
2014-03-18,53.47867965698242,56.25621032714844,-18.86991152291813,0,-12.906389729998873,-22.31585565835374,1011311.6888134766,
2014-03-19,53.9377326965332,56.43768310546875,-19.333310211248403,0,-13.396918965074008,-22.521191814254088,1011311.6888134766,
2014-03-20,53.47867965698242,56.19571304321289,-18.930408806853677,0,-13.494186129279882,-23.27160183092336,1011311.6888134766,
2014-03-21,52.61797332763672,56.25621032714844,-17.660802977413738,0,-13.408919450568147,-22.530797303072553,1011311.6888134766,
2014-03-24,53.24916076660156,56.19571304321289,-18.607983791198052,0,-13.032832370887617,-22.021348546986893,1011311.6888134766,
2014-03-25,53.30654525756836,56.67965316772461,-18.20465661914379,0,-13.471834348446436,-22.089703680438895,1011311.6888134766,
2014-03-26,53.191776275634766,56.13523864746094,-18.587845234492548,0,-13.583502577722697,-21.582835389790283,1011311.6888134766,
2014-03-27,54.282005310058594,56.43768310546875,-19.81693969647958,0,-13.698171043510964,-21.671783667632663,1011311.6888134766,
2014-03-28,54.511531829833984,56.49817657470703,-20.07888196056659,0,-13.903514720397922,-21.995896891371608,1011311.6888134766,
2014-03-31,54.741058349609375,56.67965316772461,-20.21984110087432,0,-14.03458987871877,-21.847966634230232,1011311.6888134766,
2014-04-01,54.741058349609375,56.67965316772461,-20.21984110087432,0,-14.070453566416504,-21.876546967094242,1011311.6888134766,
2014-04-02,54.10987091064453,56.67965316772461,-19.333157571025552,0,-14.190829671023852,-21.660481024070283,1011311.6888134766,
2014-04-03,54.10987091064453,56.49817657470703,-19.51463416404313,0,-14.438066537377246,-21.021341589637146,1011311.6888134766,
2014-04-07,54.10987091064453,56.55866622924805,-19.454144509502115,0,-14.243261711143402,-21.484626861976274,1011311.6888134766,
2014-04-08,54.45415878295898,56.37718963623047,-20.119272023090204,0,-14.468933871872148,-21.03366889787116,1011311.6888134766,
2014-04-09,54.741058349609375,56.49817657470703,-20.401317693891897,0,-14.485378484089706,-21.241289402727745,1011311.6888134766,
2014-04-10,55.08534622192383,56.67965316772461,-20.703492021444845,0,-14.445516299157752,-21.44918953935013,1011311.6888134766,
2014-04-11,55.65914916992188,56.67965316772461,-21.509562598836155,0,-14.382105349641993,-21.71987942681371,1011311.6888134766,
2014-04-14,55.31487274169922,56.67965316772461,-21.025927754770137,0,-14.202928810033647,-22.33921956517819,1011311.6888134766,
2014-04-15,55.946044921875,56.861114501953125,-21.731128515051026,0,-14.217811234287929,-22.39295621197691,1011311.6888134766,
2014-04-16,55.888668060302734,56.861114501953125,-21.65052628026325,0,-14.016418891222965,-23.15886649771721,1011311.6888134766,
2014-04-17,55.77390670776367,57.0425910949707,-21.30783450000044,0,-14.058265984701123,-22.67493601611219,1011311.6888134766,
2014-04-18,55.888668060302734,57.16355895996094,-21.348081822255438,0,-14.043724776375738,-22.9832471850984,1011311.6888134766,
2014-04-21,55.42962265014648,57.10307312011719,-20.76370691311827,0,-14.012743308310135,-23.42844052311427,1011311.6888134766,
2014-04-22,55.08534622192383,57.10307312011719,-20.280072069052267,0,-14.064450938068024,-22.71211232152758,1011311.6888134766,
2014-04-23,55.08534622192383,57.16355895996094,-20.219586229208517,0,-14.103985411722869,-22.25709718849042,1011311.6888134766,
2014-04-24,55.08534622192383,57.16355895996094,-20.219586229208517,0,-14.119933230995198,-22.764741641625182,1011311.6888134766,
2014-04-25,54.62628936767578,56.67965316772461,-20.058615195959405,0,-14.182043971967174,-23.03488315591939,1011311.6888134766,
2014-04-28,55.487003326416016,56.861114501953125,-21.08627312490495,0,-14.39477861757269,-23.294840345301402,1011311.6888134766,
2014-04-29,55.77390670776367,56.92159652709961,-21.428829067871533,0,-14.537322972631749,-24.390279979794776,1011311.6888134766,
2014-04-30,55.888668060302734,56.98209381103516,-21.52954697118121,0,-15.028776902315052,-25.11771234136281,1011311.6888134766,
2014-05-02,55.71652603149414,57.10307312011719,-21.166744881231352,0,-15.74247409344396,-25.056047312731266,1011311.6888134766,
2014-05-05,55.37224197387695,56.861114501953125,-20.925057937659716,0,-16.847773954215683,-23.461397081946558,1011311.6888134766,
2014-05-06,55.08534622192383,56.861114501953125,-20.52203068721633,0,-16.870627777892153,-23.219661442710787,1011311.6888134766,
2014-05-07,54.62628936767578,56.861114501953125,-19.87715386173089,0,-16.60038027152621,-23.46511736918787,1011311.6888134766,
2014-05-08,55.83128356933594,56.92159652709961,-21.509431302659323,0,-16.165302086426813,-23.417230002380293,1011311.6888134766,
2014-05-09,55.37224197387695,57.34503936767578,-20.44113307193706,0,-16.93458288889841,-23.972789433502626,1011311.6888134766,
2014-05-12,54.68367767333984,56.861114501953125,-19.957772173023173,0,-16.62417043654023,-23.3752659108936,1011311.6888134766,
2014-05-13,54.85581970214844,57.10307312011719,-19.95763633572696,0,-16.958846495576296,-22.85161814912434,1011311.6888134766,
2014-05-14,54.913204193115234,57.34503936767578,-19.796283040625823,0,-16.810477496695214,-23.001737537817284,1011311.6888134766,
2014-05-15,55.65914916992188,57.22405624389648,-20.965159522664287,0,-16.780929330117278,-22.956134958161233,1011311.6888134766,
2014-05-16,55.65914916992188,57.40553665161133,-20.783679114949436,0,-16.946681307899816,-23.342863829707795,1011311.6888134766,
2014-05-19,55.71652603149414,57.46601104736328,-20.80380695398526,0,-16.69974677262206,-23.462014416278354,1011311.6888134766,
2014-05-20,56.175567626953125,57.52650833129883,-21.38816506019579,0,-16.573104608817758,-23.543777729652298,1011311.6888134766,
2014-05-21,56.74936294555664,57.70798873901367,-22.012744512202573,0,-16.343129075645322,-23.968936054563557,1011311.6888134766,
2014-05-22,57.38057327270508,58.0709342956543,-22.53651463841973,0,-16.673942617536326,-24.754459896648598,1011311.6888134766,
2014-05-23,57.32317352294922,58.373382568359375,-22.15343197791786,0,-17.4257121060884,-25.26077227631222,1011311.6888134766,
2014-05-26,56.69199752807617,58.55485534667969,-21.08529174625329,0,-17.39187332144857,-24.727802536792836,1011311.6888134766,
2014-05-27,56.92151641845703,58.19190979003906,-21.77066231854954,0,-17.092268040420336,-23.96364792086846,1011311.6888134766,
2014-05-28,56.86414337158203,58.494361877441406,-21.38761335519426,0,-17.75009636292657,-23.987952539225056,1011311.6888134766,
2014-05-29,56.69199752807617,58.373382568359375,-21.266764524573603,0,-17.845992891321284,-23.65854331054435,1011311.6888134766,
2014-05-30,56.74936294555664,58.0709342956543,-21.64979895556195,0,-18.007226233004644,-23.45359178594469,1011311.6888134766,
2014-06-03,56.9788932800293,58.373382568359375,-21.669791775017003,0,-18.182743471503276,-23.455342754834955,1011311.6888134766,
2014-06-04,56.806766510009766,57.76847839355469,-22.032894604293205,0,-18.25568559338934,-23.419931458829392,1011311.6888134766,
2014-06-05,56.23295593261719,57.46601104736328,-21.52928065542362,0,-18.350229994693635,-23.51772010104662,1011311.6888134766,
2014-06-06,56.175567626953125,57.70798873901367,-21.206684652480945,0,-18.415273019767437,-23.28173868693278,1011311.6888134766,
2014-06-09,56.405086517333984,58.0709342956543,-21.166164111495945,0,-18.589049048787803,-23.048948678396744,1011311.6888134766,
2014-06-10,56.806766510009766,58.433876037597656,-21.367496960250236,0,-18.743956134032512,-22.910226613225046,1011311.6888134766,
2014-06-11,56.74936294555664,58.373382568359375,-21.34735068285687,0,-18.815478764953955,-22.900817360175903,1011311.6888134766,
2014-06-12,56.69199752807617,58.13142395019531,-21.508723142737665,0,-18.879545428568903,-22.861737991615186,1011311.6888134766,
2014-06-13,56.63461685180664,58.19190979003906,-21.367629709271313,0,-18.782633816427563,-22.984792312711775,1011311.6888134766,
2014-06-16,56.74936294555664,58.31289291381836,-21.407840337397886,0,-18.75355162627341,-22.989486597752705,1011311.6888134766,
2014-06-17,56.74936294555664,58.19190979003906,-21.528823461177183,0,-18.913964467878156,-22.95056979327472,1011311.6888134766,
2014-06-18,57.15103530883789,58.373382568359375,-21.911614555884853,0,-19.36976373813105,-22.68563255474342,1011311.6888134766,
2014-06-19,57.6674690246582,58.615333557128906,-22.395142627388523,0,-19.33910228040646,-22.808360651561475,1011311.6888134766,
2014-06-20,57.32317352294922,58.31289291381836,-22.213921632458877,0,-19.55272565661616,-22.763516456309254,1011311.6888134766,
2014-06-23,57.26579284667969,58.31289291381836,-22.13331403883626,0,-19.620916789427184,-22.72159641384377,1011311.6888134766,
2014-06-24,57.38057327270508,58.31289291381836,-22.29455602025567,0,-19.51710049071817,-22.839370758848716,1011311.6888134766,
2014-06-25,57.03628158569336,58.13142395019531,-21.992368704473364,0,-19.51249923232028,-22.92443890977293,1011311.6888134766,
2014-06-26,56.86414337158203,58.0709342956543,-21.81104093698137,0,-19.528739629200725,-22.901535029079252,1011311.6888134766,
2014-06-27,56.68168258666992,58.373382568359375,-21.25227423517356,0,-19.562713051065707,-22.891361642592713,1011311.6888134766,
2014-06-30,56.19514846801758,58.19190979003906,-20.7502705006754,0,-19.76637397956776,-22.749642130769267,1011311.6888134766,
2014-07-01,55.83024215698242,58.13142395019531,-20.29814091765303,0,-19.78174964965998,-22.695044148195628,1011311.6888134766,
2014-07-02,56.19514846801758,58.0709342956543,-20.871245995060164,0,-19.81546585040329,-22.64595921377754,1011311.6888134766,
2014-07-03,55.526153564453125,57.94994735717773,-20.052437991615527,0,-19.82091569774955,-22.658222326117308,1011311.6888134766,
2014-07-04,54.73553466796875,57.8289680480957,-19.062766627658817,-1,-19.7005061716476,-22.673181678061457,1011247.186233368,Short Spread
2014-07-07,55.34370803833008,57.8289680480957,-19.917120306934166,-1,-19.344033260545906,-22.809017968231565,1012463.5329740907,
2014-07-08,55.28288650512695,58.13142395019531,-19.529223142188698,-1,-19.401973688118197,-22.719703051416168,1011736.9781034852,
2014-07-09,55.46534729003906,58.13142395019531,-19.785541571291432,-1,-19.256205434392008,-22.79603227024402,1012101.8996733094,
2014-07-10,55.22207260131836,58.0709342956543,-19.504282251753537,-1,-19.204540926073516,-22.717417837561452,1011736.32960495,
2014-07-11,55.28288650512695,57.94994735717773,-19.710699735206283,-1,-19.054169409567137,-22.736493063803756,1012099.9312895203,
2014-07-14,54.9179916381836,57.94994735717773,-19.1981003888447,-1,-19.042230477128193,-22.766553659990286,1011370.1415556336,
2014-07-15,54.73553466796875,58.01043701171875,-18.88129766403577,-1,-18.78775114361953,-22.80766314351324,1010884.2483061219,
2014-07-16,54.9179916381836,57.8289680480957,-19.319079697926725,-1,-18.554224786276286,-22.94293577360392,1011612.1001737977,
2014-07-17,55.100433349609375,58.41636657714844,-18.98797280380252,-1,-18.7364015771818,-22.949795754401734,1010802.1865385438,
2014-07-18,55.83024215698242,58.41636657714844,-20.013198290699904,-1,-18.53303839407321,-23.020056582682898,1012261.8041532899,
2014-07-21,55.95187377929688,58.162376403808594,-20.438054912826956,-1,-18.82302016084008,-22.9724342592773,1013013.0477445985,
2014-07-22,56.073516845703125,58.35286712646485,-20.4184467154624,-1,-18.928609719009717,-22.982660923633308,1012875.3524320985,
2014-07-23,56.073516845703125,58.35286712646485,-20.4184467154624,-1,-18.782642297391504,-22.9120483958772,1012875.3524320985,
2014-07-24,56.073516845703125,58.41636657714844,-20.354947264778815,-1,-18.74676102738096,-22.848634931187558,1012748.3535307313,
2014-07-25,55.95187377929688,58.162376403808594,-20.438054912826956,-1,-18.719068923882926,-22.80655293484676,1013013.0477445985,
2014-07-28,55.95187377929688,57.97188568115234,-20.628545635483214,-1,-18.73429650768419,-22.848461907775384,1013394.029189911,
2014-07-29,56.31678009033203,58.162376403808594,-20.95067033569306,-1,-18.772777814259108,-22.884084057094164,1013742.8603666688,
2014-07-30,56.31678009033203,58.162376403808594,-20.95067033569306,-1,-18.860214731900765,-22.95181825273652,1013742.8603666688,
2014-07-31,55.95187377929688,58.09889221191406,-20.501539104721488,-1,-18.999345805939647,-22.966760218700067,1013140.0161283875,
2014-08-01,56.073516845703125,58.41636657714844,-20.354947264778815,-1,-18.736849519384364,-22.758121314736364,1012748.3535307313,
2014-08-04,56.25596237182617,58.09889221191406,-20.928718623776575,-1,-18.818342222840755,-22.887167050852234,1013748.1933134461,
2014-08-05,55.404518127441406,57.84489822387695,-19.986615317294266,-1,-19.04100170309565,-22.95624709991505,1012553.2928007508,
2014-08-06,55.46534729003906,57.84489822387695,-20.07206729760979,-1,-18.87632765036908,-22.892812951405762,1012674.9511259461,
2014-08-07,56.560054779052734,58.28938293457031,-21.165412779010254,-1,-18.947789237136032,-22.886389639884126,1013975.3966825868,
2014-08-08,56.68168258666992,58.09889221191406,-21.52676459161887,-1,-18.90587116868104,-22.920554413916555,1014599.6337431336,
2014-08-11,57.1074104309082,58.28938293457031,-21.934330554474585,0,-18.957355525068994,-23.02830882083489,1015005.4921145631,Close
2014-08-12,56.74250411987305,58.28938293457031,-21.42171513160848,0,-18.96679186326061,-23.167614906152345,1015005.4921145631,
2014-08-13,56.8641357421875,58.54335403442383,-21.338610480542158,0,-18.89260718466224,-22.958622943976117,1015005.4921145631,
2014-08-14,57.16822814941406,58.41636657714844,-21.892782815707477,0,-18.885420576390363,-22.780215808877525,1015005.4921145631,
2014-08-15,57.47230529785156,58.41636657714844,-22.31994625825807,0,-18.95179002344561,-22.71037504314119,1015005.4921145631,
2014-08-18,57.47230529785156,58.35286712646485,-22.383445708941657,0,-18.906255911849527,-22.938487381182412,1015005.4921145631,
2014-08-19,57.71558380126953,59.05132675170898,-22.026740416611283,0,-18.928076609694333,-23.351598168858676,1015005.4921145631,
2014-08-20,57.77639389038086,59.241817474365234,-21.92167488009636,0,-18.88923985737845,-23.04451037163888,1015005.4921145631,
2014-08-21,57.9588508605957,59.17830657958984,-22.241498845139652,0,-18.905310701714438,-23.13908103904159,1015005.4921145631,
2014-08-22,58.3237533569336,59.43230438232422,-22.500111106436563,0,-18.90120514306301,-23.347677165567113,1015005.4921145631,
2014-08-25,58.08047866821289,59.36880493164063,-22.221861583041225,0,-18.83241700240935,-23.425797523372097,1015005.4921145631,
2014-08-26,58.26293182373047,59.36880493164063,-22.478169294474277,0,-18.842306285482945,-23.308428237878058,1015005.4921145631,
2014-08-27,58.8102912902832,59.36880493164063,-23.24709242877345,0,-18.80516534615787,-23.32832887113264,1015005.4921145631,
2014-08-28,58.93191909790039,59.49580001831055,-23.290958432055902,0,-18.66129208237544,-24.36624120103744,1015005.4921145631,
2014-08-29,57.9588508605957,58.98783493041992,-22.431970494309567,0,-18.707546291048146,-24.80298441636473,1015005.4921145631,
2014-09-01,56.13433074951172,58.54335403442383,-20.313390352479615,0,-18.801025392927997,-23.887011607048272,1015005.4921145631,
2014-09-02,55.100433349609375,58.35286712646485,-19.051472254486107,0,-18.514796408787802,-23.30867166580046,1015005.4921145631,
2014-09-03,55.404518127441406,58.98783493041992,-18.843678610751297,0,-17.973482547829626,-23.342999226414605,1015005.4921145631,
2014-09-04,55.708614349365234,58.73384475708008,-19.52485902081591,0,-17.704508432615736,-23.320541057560764,1015005.4921145631,
2014-09-05,55.46534729003906,58.41636657714844,-19.500598944338307,0,-18.024190330514777,-23.3122908133412,1015005.4921145631,
2014-09-09,55.34370803833008,58.60686111450195,-19.139227240527916,0,-17.953304536285557,-23.28818063100225,1015005.4921145631,
2014-09-10,55.34370803833008,58.35286712646485,-19.393221228565018,0,-17.710260303271383,-23.249421798427868,1015005.4921145631,
2014-09-11,54.97880554199219,58.28938293457031,-18.944095356428278,0,-17.77358307242444,-23.114493343554567,1015005.4921145631,
2014-09-12,55.34370803833008,58.47985458374024,-19.266233771289627,0,-17.561568136110772,-22.91529465041468,1015005.4921145631,
2014-09-15,55.100433349609375,58.162376403808594,-19.241962977142364,0,-17.664285665390764,-22.90998390762867,1015005.4921145631,
2014-09-16,54.73553466796875,58.03538131713867,-18.85635335861585,0,-17.6218306159611,-22.869921796705878,1015005.4921145631,
2014-09-17,55.100433349609375,58.22587585449219,-19.17846352645877,0,-17.442830057812568,-22.752734944804974,1015005.4921145631,
2014-09-18,55.03961944580078,58.41636657714844,-18.90254225882633,0,-17.524543972608623,-22.7815683465784,1015005.4921145631,
2014-09-19,55.22207260131836,58.41636657714844,-19.158849970259396,0,-17.353772636360794,-22.772582398440157,1015005.4921145631,
2014-09-22,54.49227142333984,58.162376403808594,-18.38762537437151,0,-17.401891350230308,-22.88106208069364,1015005.4921145631,
2014-09-23,54.24900436401367,58.22587585449219,-17.982387667278687,0,-16.94198772555984,-23.010403221090563,1015005.4921145631,
2014-09-24,55.34370803833008,58.28938293457031,-19.456705420459556,0,-16.545175940349733,-23.162099561079007,1015005.4921145631,
2014-09-25,54.49227142333984,58.09889221191406,-18.45110956626604,0,-17.301688133754467,-23.0053155608554,1015005.4921145631,
2014-09-26,55.95187377929688,58.09889221191406,-20.501539104721488,0,-16.95545542654983,-23.154691263226947,1015005.4921145631,
2014-09-29,55.647796630859375,57.78141784667969,-20.39185002740527,0,-17.777234937254743,-23.306458295109696,1015005.4921145631,
2014-09-30,56.13433074951172,58.22587585449219,-20.630868532411256,0,-17.610290580272657,-23.266335515467883,1015005.4921145631,
2014-10-01,55.95187377929688,58.22587585449219,-20.374555462143363,0,-17.740301223473857,-23.332056817519614,1015005.4921145631,
2014-10-02,56.13433074951172,58.09889221191406,-20.75785217498938,0,-17.675716618298672,-23.286065266249743,1015005.4921145631,
2014-10-03,56.68168258666992,58.28938293457031,-21.33627386896262,0,-17.8050554280637,-23.363492952219833,1015005.4921145631,
2014-10-06,55.95187377929688,57.84489822387695,-20.755533092758597,0,-17.83291716510027,-23.495310765277253,1015005.4921145631,
2014-10-07,56.62086486816406,57.84489822387695,-21.695322675844963,0,-17.939671216293927,-23.39108483620826,1015005.4921145631,
2014-10-08,56.49923706054688,58.09889221191406,-21.2704675978555,0,-18.126229297660068,-23.576314886822644,1015005.4921145631,
2014-10-09,56.92495346069336,58.03538131713867,-21.932019101638332,0,-18.061671102479128,-23.50608005589233,1015005.4921145631,
2014-10-13,57.41149139404297,57.84489822387695,-22.805984066553364,0,-18.220716704718363,-23.665695466689932,1015005.4921145631,
2014-10-14,57.89802551269531,58.03538131713867,-23.298977486110132,0,-18.015110945107303,-24.116677466687342,1015005.4921145631,
2014-10-15,58.26293182373047,58.09889221191406,-23.748082014200847,0,-17.88043509961628,-24.541157604457727,1015005.4921145631,
2014-10-16,58.384578704833984,58.09889221191406,-23.918969898327404,0,-17.812683309837855,-25.150687921201108,1015005.4921145631,
2014-10-17,58.99274826049805,57.33694839477539,-25.535262035906584,0,-17.78512547633683,-25.58108272990536,1015005.4921145631,
2014-10-20,58.87110900878906,57.84489822387695,-24.856435040348146,0,-17.84350864529456,-31.791870933369015,1015005.4921145631,
2014-10-21,58.384578704833984,58.22587585449219,-23.79198625574928,0,-17.60009765927387,-27.728097667566956,1015005.4921145631,
2014-10-22,58.01966857910156,58.162376403808594,-23.342864924731913,0,-17.627009352291196,-25.983392868175635,1015005.4921145631,
2014-10-23,58.20212173461914,58.03538131713867,-23.7261677228349,0,-17.571473520418472,-25.665534756905096,1015005.4921145631,
2014-10-24,58.50620269775391,58.22587585449219,-23.962841986866806,0,-17.562047853221735,-26.07831081579902,1015005.4921145631,
2014-10-27,58.14130401611328,58.162376403808594,-23.513736732353948,0,-17.717560554863688,-26.52726471399356,1015005.4921145631,
2014-10-28,58.01966857910156,58.41636657714844,-23.08887475139207,0,-17.800370277826996,-26.223739144333994,1015005.4921145631,
2014-10-29,58.68865585327149,58.67034912109375,-23.774676431698296,0,-17.6394502321319,-25.939675202658236,1015005.4921145631,
2014-10-30,60.02663803100586,58.86083984375,-25.46376487521478,0,-18.039968405329116,-26.61106170727341,1015005.4921145631,
2014-10-31,60.02663803100586,58.86083984375,-25.46376487521478,0,-18.07904245621824,-29.15219086353681,1015005.4921145631,
2014-11-03,59.78336334228516,58.73384475708008,-25.249010987805804,0,-17.630933077933154,-29.66839411720905,1015005.4921145631,
2014-11-04,59.84418487548828,58.73384475708008,-25.334452250451648,0,-17.481024942907197,-29.125045968856128,1015005.4921145631,
2014-11-05,59.54009628295898,58.67034912109375,-24.970768367382874,0,-17.3146283265193,-29.341727365026717,1015005.4921145631,
2014-11-06,60.02663803100586,58.73384475708008,-25.5907599618847,0,-17.588720009009414,-28.975222820308915,1015005.4921145631,
2014-11-07,59.114376068115234,58.54335403442383,-24.499717486210514,0,-17.75046503821982,-30.729121727805083,1015005.4921145631,
2014-11-10,59.72254943847656,58.86083984375,-25.03658535615969,0,-17.38603262497016,-28.251887135223175,1015005.4921145631,
2014-11-11,59.60091781616211,58.9243392944336,-24.80221945668888,0,-17.235395856049536,-28.91378941604311,1015005.4921145631,
2014-11-12,59.053558349609375,58.67034912109375,-24.287286495729575,0,-17.221947975970103,-28.634105160664994,1015005.4921145631,
2014-11-13,59.84418487548828,58.73384475708008,-25.334452250451648,0,-17.345539557206724,-28.278493947321305,1015005.4921145631,
2014-11-14,59.60091781616211,58.98783493041992,-24.73872382070256,0,-17.45952120497074,-29.87829674830577,1015005.4921145631,
2014-11-17,59.053558349609375,58.79734420776367,-24.160291409059653,0,-17.297973845880552,-28.861115542641993,1015005.4921145631,
2014-11-18,59.47927474975586,58.86083984375,-24.69483638208078,0,-17.17364520331178,-28.190212850768937,1015005.4921145631,
2014-11-19,59.90499877929688,59.17830657958984,-24.97542097291808,0,-17.32743995323341,-28.93897179448345,1015005.4921145631,
2014-11-20,59.60091781616211,59.43230438232422,-24.294254368798263,0,-17.258073345136573,-29.26103684296222,1015005.4921145631,
2014-11-21,59.60091781616211,59.36880493164063,-24.35775381948185,0,-16.985826575504802,-28.136180683180605,1015005.4921145631,
2014-11-24,59.6617317199707,59.17830657958984,-24.633682716508837,0,-16.97780070262641,-28.20779608951986,1015005.4921145631,
2014-11-25,59.29682540893555,58.67034912109375,-24.629024752138804,0,-17.291520409704862,-29.086656539664556,1015005.4921145631,
2014-11-26,59.17518997192383,58.79734420776367,-24.331157857846847,0,-18.720375221990334,-29.861618581301233,1015005.4921145631,
2014-11-27,59.60091781616211,58.79734420776367,-24.92921454335881,0,-19.508894786383536,-29.088873932878265,1015005.4921145631,
2014-11-28,59.84418487548828,59.05132675170898,-25.01697025582275,0,-19.892700389274598,-29.416562656080377,1015005.4921145631,
2014-12-01,59.72254943847656,58.67034912109375,-25.22707607881594,0,-19.765956174129922,-29.80886637838859,1015005.4921145631,
2014-12-02,59.60091781616211,58.54335403442383,-25.183204716698654,0,-19.959462246687316,-29.937785665484924,1015005.4921145631,
2014-12-03,60.8172721862793,58.86083984375,-26.57443698359286,0,-20.222149874208544,-29.53809726453321,1015005.4921145631,
2014-12-04,61.12135314941406,58.9243392944336,-26.93810633429468,0,-20.674508706171274,-31.51549941246779,1015005.4921145631,
2014-12-05,60.20909881591797,58.9243392944336,-25.65658385363391,0,-21.133455609128617,-31.50040512209035,1015005.4921145631,
2014-12-08,60.39153289794922,59.05132675170898,-25.785877313617412,0,-20.455221559390125,-29.65942109424273,1015005.4921145631,
2014-12-09,60.8172721862793,58.86083984375,-26.57443698359286,0,-20.628230938709137,-29.607287013600377,1015005.4921145631,
2014-12-10,60.20909881591797,58.47985458374024,-26.10106856432727,0,-21.079219830465224,-29.90406505603092,1015005.4921145631,
2014-12-11,59.90499877929688,58.28938293457031,-25.864344617937604,0,-20.9803652963801,-29.484029693657682,1015005.4921145631,
2014-12-12,59.78336334228516,58.35286712646485,-25.62998861842103,0,-21.17773081772856,-29.002894628773504,1015005.4921145631,
2014-12-15,59.29682540893555,58.162376403808594,-25.13699746942396,0,-21.2091034728775,-28.809535348808843,1015005.4921145631,
2014-12-16,60.5131721496582,58.41636657714844,-26.591714654634828,0,-21.578259605113573,-28.113378197628222,1015005.4921145631,
2014-12-17,59.41845703125,58.28938293457031,-25.18085738744945,0,-21.971886848759084,-28.190584976548756,1015005.4921145631,
2014-12-18,60.26991271972656,58.41636657714844,-26.24998711589525,0,-21.625444013606565,-28.03593729088946,1015005.4921145631,
2014-12-19,61.42543029785156,58.73384475708008,-27.555764314198782,0,-22.20986479856704,-27.768542852540925,1015005.4921145631,
2014-12-22,60.75643157958984,58.79734420776367,-26.55246456275914,0,-22.03392053311034,-28.997858600511158,1015005.4921145631,
2014-12-23,61.12135314941406,58.41636657714844,-27.446079051579844,0,-22.122497822180335,-28.283763301336535,1015005.4921145631,
2014-12-24,61.12135314941406,59.05132675170898,-26.811118877019304,0,-22.242662722728376,-28.649300360254557,1015005.4921145631,
2014-12-25,61.42543029785156,58.98783493041992,-27.30177414085894,0,-22.457311976712372,-28.175925928940398,1015005.4921145631,
2014-12-26,61.42543029785156,59.05132675170898,-27.238282319569883,0,-22.556165926084308,-28.331455593739495,1015005.4921145631,
2014-12-29,61.42543029785156,59.17830657958984,-27.111302491689024,0,-22.58311125648923,-28.385151334570953,1015005.4921145631,
2014-12-30,62.64176940917969,59.17830657958984,-28.819999132570054,1,-22.92164049107202,-28.082228059798624,1014940.6193115236,Long Spread
2014-12-31,63.554046630859375,59.6862907409668,-29.593569604862893,1,-22.78218812585606,-29.0545058181277,1014132.0331909182,
2015-01-05,63.24994659423828,59.05132675170898,-29.801337998561102,1,-23.021536430132464,-29.525356362713794,1013470.3052856447,
2015-01-06,61.7295150756836,58.73384475708008,-27.982938474419058,1,-22.99848010821733,-30.254050178137234,1015876.2043334963,
2015-01-07,61.12135314941406,58.73384475708008,-27.128600871648203,1,-22.84973768939417,-29.18104897493806,1017092.5281860353,
2015-01-08,63.554046630859375,58.9243392944336,-30.35552105139609,1,-22.827088502227657,-28.978940482838563,1012608.1302978517,
2015-01-09,64.16222381591797,59.05132675170898,-31.0828926322309,1,-22.410251872488253,-30.818129854635785,1011645.7508422853,
2015-01-12,65.68263244628906,59.49580001831055,-32.77426873139126,1,-22.2459877611279,-32.565950967888575,1009493.8801147463,
2015-01-13,67.20306396484375,59.74977493286133,-34.65617533561144,1,-22.011914560719966,-29.74267057564284,1006960.9669067385,
2015-01-14,65.68263244628906,59.62279510498047,-32.64727364472134,1,-21.549997912416952,-30.508617667269345,1009747.8702880861,
2015-01-15,64.16222381591797,59.36880493164063,-30.765414452299247,1,-23.04213706333119,-41.19934989047935,1012280.7072021486,
2015-01-16,65.68263244628906,59.559303283691406,-32.7107654660104,1,-22.354221665277663,-33.867767128680846,1009620.886645508,
2015-01-19,65.68263244628906,59.62279510498047,-32.64727364472134,1,-22.52787003568347,-38.18116231919981,1009747.8702880861,
2015-01-20,64.46629333496094,59.94026565551758,-30.6211064533032,1,-22.546063966296792,-38.26532709561794,1012815.4896118166,
2015-01-21,65.68263244628906,60.321250915527344,-31.948817834174463,1,-22.42034036561551,-34.23346294628766,1011144.7819091799,
2015-01-22,65.68263244628906,60.5117416381836,-31.758327111518206,1,-22.801060937022754,-35.47537613685657,1011525.7633544924,
2015-01-23,65.68263244628906,60.63872909545898,-31.63133965424283,1,-22.68196995572489,-35.606224031188184,1011779.7382690432,
2015-01-26,65.68263244628906,60.5117416381836,-31.758327111518206,1,-22.153228610981813,-36.11705477575437,1011525.7633544924,
2015-01-27,65.68263244628906,60.63872909545898,-31.63133965424283,1,-22.2533746138991,-36.47504654871213,1011779.7382690432,
2015-01-28,65.98673248291016,60.63872909545898,-32.05853524980244,1,-22.44132614624244,-36.41402725863066,1011171.538195801,
2015-01-29,65.37855529785156,60.321250915527344,-31.521654391623883,1,-22.556037638420957,-37.17519030266513,1011752.9362060549,
2015-01-30,63.24994659423828,60.63872909545898,-28.213935654811102,1,-22.766119921088304,-36.45846001499144,1016645.1099731447,
2015-02-02,64.46629333496094,60.575233459472656,-29.98613864934812,1,-21.98944361513268,-34.35606566555722,1014085.4252197267,
2015-02-03,63.554046630859375,60.63872909545898,-28.641131250370712,1,-22.6971112397336,-34.94460890120426,1016036.9098999025,
2015-02-04,63.85811614990234,60.82921600341797,-28.87779706729262,1,-22.432551864372115,-34.48688867112957,1015809.7446777346,
2015-02-05,64.7703857421875,60.95621109008789,-30.03234589662283,1,-22.658286389799244,-34.530877778094684,1014239.1956665041,
2015-02-06,65.07447052001953,60.95621109008789,-30.459520056843076,1,-23.091211531983486,-34.83750805753801,1013631.02611084,
2015-02-09,65.07447052001953,60.70222091674805,-30.71351023018292,1,-22.919055985737806,-35.140402234874415,1013123.0457641603,
2015-02-10,65.07447052001953,60.95621109008789,-30.459520056843076,1,-23.278220783416053,-35.22088376991825,1013631.02611084,
2015-02-11,65.37855529785156,60.95621109008789,-30.886694217063337,1,-23.617027973521303,-35.00431847578715,1013022.856555176,
2015-02-12,65.07447052001953,61.2736930847168,-30.14203806221417,1,-23.63786195981428,-35.24028489469594,1014265.9901000978,
2015-02-13,65.37855529785156,61.52766799926758,-30.31523730788365,1,-23.617079293088636,-34.974217669614134,1014165.7703735353,
2015-02-24,66.29080963134766,62.60710525512695,-30.517322532685043,1,-24.026820591277108,-34.892152250848106,1014500.1362182619,
2015-02-25,67.20306396484375,62.7975959777832,-31.60835429068956,1,-24.205070774997477,-34.90030955459551,1013056.6089965822,
2015-02-26,65.37855529785156,62.35312271118164,-29.489782595969587,1,-24.3578762152228,-35.290570724340085,1015816.6797973635,
2015-03-02,66.89898681640625,62.22613906860352,-31.752647757318663,1,-24.292434807070087,-34.61081161076383,1012521.8494750978,
2015-03-03,66.89898681640625,62.22613906860352,-31.752647757318663,1,-24.66448977650351,-35.04718212372126,1012521.8494750978,
2015-03-04,66.29080963134766,62.22613906860352,-30.898288719208473,1,-24.69797050720448,-35.11140560826938,1013738.203845215,
2015-03-05,65.98673248291016,62.22613906860352,-30.471125276657894,1,-24.808219614232215,-34.846730873136224,1014346.35814209,
2015-03-06,65.68263244628906,62.22613906860352,-30.043929681098284,1,-24.905730800402008,-34.725489485907225,1014954.5582153322,
2015-03-09,64.46629333496094,61.71815872192383,-28.84321338689695,1,-25.06360605877887,-34.579395241097686,1016371.2757446291,
2015-03-10,65.98673248291016,61.78166580200195,-30.915598543259463,1,-24.738834118723837,-34.49817629765239,1013457.4116088869,
2015-03-11,65.98673248291016,61.78166580200195,-30.915598543259463,1,-24.917157047996902,-34.78088987581522,1013457.4116088869,
2015-03-12,65.98673248291016,61.90864181518555,-30.78862253007587,1,-25.355286465857127,-34.67852289991948,1013711.3636352541,
2015-03-13,66.89898681640625,62.54360580444336,-31.435181021478826,1,-25.4945380319433,-34.61720472158933,1013156.7829467775,
2015-03-16,65.68263244628906,62.22613906860352,-30.043929681098284,1,-25.50853460956889,-34.769108835714675,1014954.5582153322,
2015-03-17,66.59490203857422,62.48012161254883,-31.071491053153096,1,-25.667729512568656,-34.49600066692114,1013637.9841186525,
2015-03-18,65.98673248291016,62.60710525512695,-30.090159090134463,1,-25.9461213997242,-34.53035874551245,1015108.2905151369,
2015-03-19,66.59490203857422,62.8610954284668,-30.690517237235127,1,-26.131377854247873,-34.31350953624843,1014399.9317504885,
2015-03-20,67.81124877929688,62.92458724975586,-32.335732774496776,1,-26.49484228849588,-34.180883821769804,1012094.2219116213,
2015-03-23,67.20306396484375,62.73408889770508,-31.671861370767687,1,-26.47637095791545,-34.4517991097926,1012929.594836426,
2015-03-24,67.50716400146484,63.30556106567383,-31.527584798358546,1,-26.95696832825727,-34.1308186194668,1013464.3390991213,
2015-03-25,67.20306396484375,63.1785774230957,-31.22737284537706,1,-27.0289124263051,-34.10415574594032,1013818.5718872072,
2015-03-26,66.89898681640625,63.36906051635742,-30.609726309564763,1,-27.008071159707605,-34.1100267323954,1014807.6923706057,
2015-03-27,66.89898681640625,63.1785774230957,-30.800209402826482,1,-27.305942843715794,-33.93055032547126,1014426.7261840822,
2015-03-30,66.89898681640625,63.1785774230957,-30.800209402826482,1,-27.37020502254805,-33.91546627871077,1014426.7261840822,
2015-03-31,66.59490203857422,63.1785774230957,-30.37303524260622,1,-27.637731962859675,-33.78747987824369,1015034.8957397463,
2015-04-01,66.29080963134766,62.67060470581055,-30.45382308200145,1,-27.749098202297027,-33.70149724759785,1014627.1351196291,
2015-04-02,67.50716400146484,63.051570892333984,-31.78157497169839,1,-27.94106571790631,-33.6003825463009,1012956.3587524416,
2015-04-07,66.89898681640625,62.73408889770508,-31.244697928217107,1,-28.184595760353446,-33.541989175308444,1013537.749133301,
2015-04-08,65.68263244628906,62.73408889770508,-29.53597985199673,0,-28.185703479260482,-33.53414772255305,1015905.3212046816,Close
2015-04-09,67.20306396484375,62.92458724975586,-31.481363018716905,0,-28.11231379392721,-33.50927395122335,1015905.3212046816,
2015-04-10,65.68263244628906,63.1785774230957,-29.091491326606103,0,-28.1831156567103,-33.554479466772484,1015905.3212046816,
2015-04-13,67.20306396484375,63.242069244384766,-31.163881024088,0,-28.282506878861415,-33.46763082075117,1015905.3212046816,
2015-04-14,66.29080963134766,62.8610954284668,-30.2633323593452,0,-28.60637541683392,-33.32459974615963,1015905.3212046816,
2015-04-15,63.554046630859375,61.90864181518555,-27.371218530644143,-1,-28.529773136795352,-33.32011729379421,1015840.3026971438,Short Spread
2015-04-16,63.24994659423828,62.28962326049805,-26.563041489772033,-1,-28.186083557222172,-33.44643030791442,1014470.1397332766,
2015-04-17,62.94586181640625,61.97214889526367,-26.453341694786147,-1,-27.763231269006475,-33.50991344137522,1014496.9189080813,
2015-04-20,62.94586181640625,62.0991325378418,-26.326358052208022,-1,-27.601713015917966,-33.280116058000765,1014242.951622925,
2015-04-21,64.46629333496094,62.22613906860352,-28.335233040217254,-1,-27.186765067481517,-33.44874471323739,1017029.8015985109,
2015-04-22,64.7703857421875,62.22613906860352,-28.762417918107197,-1,-27.28907420756539,-33.50389851730157,1017637.9864129641,
2015-04-23,65.68263244628906,62.73408889770508,-29.53597985199673,-1,-27.268173661513163,-33.29814834575917,1018446.5801629641,
2015-04-24,66.59490203857422,63.11507797241211,-30.436534693289815,-1,-27.322013838307043,-33.204708153506616,1019509.1411981203,
2015-04-27,66.59490203857422,63.051570892333984,-30.50004177336794,-1,-27.36478915623413,-33.31926384862722,1019636.1553582766,
2015-04-28,66.29080963134766,63.051570892333984,-30.07285689547801,-1,-27.359484851501865,-33.19986911482722,1019027.9705438234,
2015-04-29,65.98673248291016,63.11507797241211,-29.582186372849307,-1,-27.347161829696194,-33.14371327135756,1018292.8020867922,
2015-04-30,65.68263244628906,62.8610954284668,-29.40897332123501,-1,-27.314732399944557,-33.08785680099733,1018192.5671014406,
2015-05-04,65.98673248291016,62.8610954284668,-29.83616891679462,-1,-27.29186283202365,-33.01726724564828,1018800.7671746828,
2015-05-05,65.68263244628906,63.051570892333984,-29.218497857367822,-1,-27.306371248541822,-32.976122421198006,1017811.6161737063,
2015-05-06,66.29080963134766,63.11507797241211,-30.009349815399887,-1,-27.276318380721516,-32.86083072094982,1018900.9563836672,
2015-05-07,66.59490203857422,62.67060470581055,-30.881007959891377,-1,-27.306434861041918,-32.85037700612446,1020398.0877313234,
2015-05-08,65.98673248291016,62.7975959777832,-29.899668367478213,-1,-27.525892775230098,-32.95045491916251,1018927.76607605,
2015-05-11,66.59490203857422,62.92458724975586,-30.627025415946065,-1,-27.41380276212819,-32.899866817631164,1019890.1226434328,
2015-05-12,65.68263244628906,62.92458724975586,-29.345481499945947,-1,-27.563444420938882,-32.94341004512687,1018065.5834588625,
2015-05-13,64.7703857421875,62.67060470581055,-28.317952280900172,-1,-27.527249381078185,-32.90201324710483,1016749.05513855,
2015-05-14,65.37855529785156,62.48012161254883,-29.3627836946024,-1,-27.334237648808468,-32.90071769730414,1018346.3604364016,
2015-05-15,64.46629333496094,62.48012161254883,-28.08125049627195,-1,-27.359357233457374,-32.87998750150877,1016521.8365106203,
2015-05-18,65.07447052001953,62.48012161254883,-28.935609534382138,-1,-27.174172283498738,-32.87299502596304,1017738.1908807375,
2015-05-19,65.98673248291016,62.8610954284668,-29.83616891679462,-1,-27.196153435934175,-32.872729776586866,1018800.7671746828,
2015-05-20,65.98673248291016,62.54360580444336,-30.153658540818057,-1,-27.2213488844494,-32.84438899860245,1019435.7464227297,
2015-05-21,64.46629333496094,61.97214889526367,-28.589223213557105,-1,-27.248225216068935,-32.88329033763393,1017537.7819451906,
2015-05-22,64.7703857421875,62.35312271118164,-28.63543427552908,-1,-27.116353850349032,-32.84898116256214,1017384.0191278078,
2015-05-25,65.37855529785156,62.22613906860352,-29.616766238547704,-1,-27.05892530542344,-32.83017510936612,1018854.3255242922,
2015-05-26,65.07447052001953,62.0991325378418,-29.31659860908917,-1,-27.09983071652258,-32.72183577119874,1018500.1690301516,
2015-05-27,65.37855529785156,62.0991325378418,-29.74377276930943,-1,-27.122177185551255,-32.801327816783335,1019108.3385858156,
2015-05-28,64.46629333496094,61.78166580200195,-28.779706306818824,-1,-27.10790850829163,-32.61930622498614,1017918.7481317141,
2015-05-29,65.68263244628906,61.5911750793457,-30.678893670356103,-1,-27.044640510481038,-32.52326528597522,1020732.4077996828,
2015-06-01,64.46629333496094,61.6546745300293,-28.90669757879148,-1,-27.119239437137573,-32.62579840775444,1018172.7306756594,
2015-06-02,63.85811614990234,61.52766799926758,-28.17934507144301,-1,-27.0356388784141,-32.57683891162862,1017210.3893670656,
2015-06-03,64.16222381591797,61.33719253540039,-28.79702684853949,-1,-26.932354968695122,-32.59337359582906,1018199.5556268313,
2015-06-04,63.24994659423828,60.82921600341797,-28.02344874685211,-1,-27.013598183350084,-32.62448101422735,1017390.9542474367,
2015-06-05,62.94586181640625,60.95621109008789,-27.469279499961928,-1,-26.815083868095623,-32.520805824283386,1016528.7945184328,
2015-06-08,63.85811614990234,62.0356330871582,-27.671379983552384,-1,-26.65189293978922,-32.5109544252121,1016194.4591912844,
2015-06-09,63.554046630859375,61.5911750793457,-27.688685266483986,-1,-26.580582445852766,-32.49461797760953,1016475.2361688234,
2015-06-10,63.554046630859375,61.5911750793457,-27.688685266483986,-1,-26.51594140139644,-32.38366539445637,1016475.2361688234,
2015-06-11,64.46629333496094,61.90864181518555,-28.65273029363523,-1,-26.434696887074896,-32.47284829335235,1017664.7961053469,
2015-06-12,63.554046630859375,61.5911750793457,-27.688685266483986,-1,-26.486448691015745,-32.346540351053484,1016475.2361688234,
2015-06-15,63.554046630859375,61.33719253540039,-27.9426678104293,-1,-26.337357494116215,-32.39934774346413,1016983.2012567141,
2015-06-16,63.554046630859375,60.95621109008789,-28.3236492557418,-1,-26.29734801886,-32.316662520523636,1017745.1641473391,
2015-06-17,62.64176940917969,60.765716552734375,-27.232589159425515,-1,-26.400937291882265,-32.00178481633407,1016301.5987786867,
2015-06-18,64.16222381591797,60.8927116394043,-29.241507744535582,-1,-26.235877502039457,-31.973122177419093,1019088.5174188234,
2015-06-22,64.46629333496094,61.40068435668945,-29.160687752131324,-1,-26.41256143885725,-31.92717736303756,1018680.7110223391,
2015-06-23,65.07447052001953,61.5911750793457,-29.824556067585263,-1,-26.42988936835327,-31.861164638932106,1019516.0839471438,
2015-06-24,65.07447052001953,61.71815872192383,-29.697572425007138,-1,-26.45472839690986,-31.892101256939963,1019262.1166619875,
2015-06-25,65.37855529785156,61.90864181518555,-29.93426349196568,-1,-26.46801880087856,-31.824229800551926,1019489.3200311281,
2015-06-26,66.08431243896484,61.90864181518555,-30.92570152521391,0,-26.488134461192054,-31.790858061485807,1020835.7145951845,Close
2015-06-29,67.04670715332031,61.90864181518555,-32.27766053097611,1,-26.47891935479781,-31.902934840928566,1020770.5563812258,Long Spread
2015-06-30,66.08431243896484,62.48012161254883,-30.35422172785063,1,-26.370766283776984,-32.16589180848473,1023838.3054046633,
2015-07-01,67.36750793457031,62.22613906860352,-32.410819852035424,1,-26.457082328790943,-31.82522153238374,1020763.9493255618,
2015-07-02,66.08431243896484,62.28962326049805,-30.54472007990141,1,-26.357948664711003,-32.11376621102427,1023457.3087005618,
2015-07-03,66.08431243896484,62.4166145324707,-30.417728807928754,1,-26.389629321888826,-32.10599697641415,1023711.2912445071,
2015-07-06,65.44271850585938,62.4166145324707,-29.51642637664385,1,-26.412567707284442,-31.924177003059047,1024994.479110718,
2015-07-07,65.44271850585938,62.67060470581055,-29.262436203304006,1,-26.428029409228927,-32.014524566325996,1025502.4594573977,
2015-07-08,65.44271850585938,62.22613906860352,-29.70690184051103,1,-26.41768573397169,-31.80266626205619,1024613.5281829836,
2015-07-09,64.1595230102539,62.0356330871582,-28.094792241716874,0,-26.432354487914715,-31.859622212210688,1026733.8594050601,Close
2015-07-10,64.1595230102539,62.0356330871582,-28.094792241716874,0,-26.538970757355415,-31.87155722416483,1026733.8594050601,
2015-07-13,64.48031616210938,62.35312271118164,-28.227948474501048,0,-26.71665277815141,-31.796010258994865,1026733.8594050601,
2015-07-14,66.08431243896484,62.35312271118164,-30.481220629217816,0,-26.85373124693397,-31.721996478068558,1026733.8594050601,
2015-07-15,65.44271850585938,62.35312271118164,-29.579918197932912,0,-27.068003447721555,-31.73504609018814,1026733.8594050601,
2015-07-16,65.76351928710938,63.39278793334961,-28.990909550242236,0,-26.98605714015478,-31.72818679077147,1026733.8594050601,
2015-07-17,65.44271850585938,63.52638244628906,-28.40665846282549,0,-26.9607379419071,-31.708943745599793,1026733.8594050601,
2015-07-20,64.48031616210938,63.459590911865234,-27.121480273817454,0,-26.88359860229332,-31.67655458317884,1026733.8594050601,
2015-07-21,64.48031616210938,63.52638244628906,-27.054688739393626,0,-26.68277837103171,-31.636630713087357,1026733.8594050601,
2015-07-22,64.80111694335938,63.65999221801758,-27.371735542142403,0,-26.56615982566652,-31.616236891469814,1026733.8594050601,
2015-07-23,65.12191772460938,63.72678756713867,-27.755596767498588,0,-26.50741331211577,-31.621183892182895,1026733.8594050601,
2015-07-24,66.40510559082031,63.79358673095703,-29.49140246625005,0,-26.484150909024905,-31.63456706657464,1026733.8594050601,
2015-07-27,65.76351928710938,64.1275863647461,-28.25611111884575,0,-26.565374531629107,-31.679369503136055,1026733.8594050601,
2015-07-28,65.76351928710938,63.79358673095703,-28.590110752634814,0,-26.48654198166079,-31.609049857343,1026733.8594050601,
2015-07-29,65.44271850585938,64.1275863647461,-27.80545454436846,0,-26.49907546942622,-31.629469422688747,1026733.8594050601,
2015-07-30,66.08431243896484,64.46158599853516,-28.3727573418643,0,-26.39958049897577,-31.560467850858114,1026733.8594050601,
2015-07-31,67.04670715332031,65.46358489990234,-28.72271744625931,0,-26.43574915087386,-31.431226906838447,1026733.8594050601,
2015-08-03,66.40510559082031,65.32997131347656,-27.95501788373052,0,-26.44166392194613,-31.457577945750664,1026733.8594050601,
2015-08-04,67.36750793457031,66.06477355957031,-28.572185361068634,0,-26.394436543000335,-31.33617327113112,1026733.8594050601,
2015-08-05,67.68830108642578,66.33196258544922,-28.755642191997353,0,-26.415925905610663,-31.389210100562863,1026733.8594050601,
2015-08-06,66.40510559082031,65.86437225341797,-27.420616943789113,0,-26.46606621066494,-31.42241300081848,1026733.8594050601,
2015-08-07,67.04670715332031,65.46358489990234,-28.72271744625931,0,-26.305836746390966,-31.37596577018332,1026733.8594050601,
2015-08-10,66.08431243896484,65.59717559814453,-27.237167742254925,0,-26.43126796936032,-31.42499453618565,1026733.8594050601,
2015-08-11,66.08431243896484,65.9311752319336,-26.903168108465863,0,-26.255129746847505,-31.404890788797697,1026733.8594050601,
2015-08-12,65.44271850585938,66.13157653808594,-25.801464371028615,-1,-26.114614301783874,-31.35810658375285,1026668.5964332583,Short Spread
2015-08-13,65.76351928710938,65.73078155517578,-26.652915928416064,-1,-25.810541705672605,-31.380748158480756,1028111.7879615786,
2015-08-14,65.76351928710938,65.12957000732422,-27.254127476267627,-1,-25.830201578759112,-31.463055059353035,1029314.2110572817,
2015-08-17,64.80111694335938,65.06277465820312,-25.968953101956856,-1,-25.829925187242686,-31.461293957712392,1027522.9970680239,
2015-08-18,64.48031616210938,65.73078155517578,-24.850289630506907,-1,-25.501056968519855,-31.445129376533046,1025545.3817115786,
2015-08-19,65.12191772460938,65.73078155517578,-25.75160277946148,-1,-25.00081628511131,-31.60731986705969,1026828.5848365786,
2015-08-20,64.48031616210938,65.39677429199219,-25.1842968936905,-1,-25.032509413718273,-31.515722632118425,1026213.3962379458,
2015-08-21,64.1595230102539,65.12957000732422,-25.00085532155086,-1,-24.715201159771322,-31.6741556625181,1026106.2185035708,
2015-08-24,62.49136734008789,63.52638244628906,-24.260640484740733,-1,-24.450215561829424,-31.39851083623266,1025976.282285309,
2015-08-25,62.17058181762695,63.65999221801758,-23.676395573874288,-1,-23.767171232033657,-31.765936823710785,1025067.4916969301,
2015-08-26,62.23473739624024,63.52638244628906,-23.90013022989646,-1,-23.054797012017787,-32.05646537697326,1025463.0223976137,
2015-08-27,63.06880569458008,64.19438171386719,-24.40381876415387,-1,-22.798745973955292,-31.96303580683609,1025795.1604591372,
2015-08-28,63.00465774536133,64.19438171386719,-24.31370459752989,-1,-22.964370028721447,-32.059933416426546,1025666.8645606997,
2015-08-31,62.74801254272461,65.99796295166016,-22.14959166955329,-1,-22.7897087873515,-32.187468078850706,1021546.4116798403,
2015-09-01,63.83872222900391,65.06277465820312,-24.61699409619466,-1,-19.874894135578206,-32.754821461543294,1025598.207639313,
2015-09-02,64.03120422363281,64.79558563232422,-25.154579210293875,-1,-22.483231392146674,-32.31787998386518,1026517.5496803286,
2015-09-03,65.12191772460938,64.99598693847656,-26.486397396160697,-1,-22.58842875145134,-32.30239344642037,1028298.174069977,
2015-09-04,64.03120422363281,65.12957000732422,-24.820594835293875,-1,-22.82233933546569,-32.15418213404198,1025849.5809303286,
2015-09-07,64.80111694335938,65.12957000732422,-25.902157752835762,-1,-22.332148175758544,-32.28779202021272,1027389.4063697817,
2015-09-08,64.1595230102539,64.46158599853516,-25.66883933033992,-1,-22.585649565043617,-32.2426940291388,1027442.1865211489,
2015-09-09,64.1595230102539,65.12957000732422,-25.00085532155086,-1,-22.413830279298722,-32.151628408488385,1026106.2185035708,
2015-09-10,64.1595230102539,65.12957000732422,-25.00085532155086,-1,-22.2443976798468,-32.306303694696545,1026106.2185035708,
2015-09-11,64.80111694335938,65.46358489990234,-25.568142860257637,-1,-21.912128101517265,-31.859336482287137,1026721.3765846255,
2015-09-14,64.80111694335938,65.46358489990234,-25.568142860257637,-1,-22.058581856016925,-31.831976170684644,1026721.3765846255,
2015-09-15,65.12191772460938,65.73078155517578,-25.75160277946148,-1,-22.036644778422882,-31.570419551577608,1026828.5848365786,
2015-09-16,64.80111694335938,65.73078155517578,-25.3009462049842,-1,-22.064232127051746,-31.515919725675978,1026186.9832740786,
2015-09-17,64.80111694335938,65.79756927490234,-25.234158485257637,-1,-21.93223296751183,-31.32384586664152,1026053.4078346255,
2015-09-18,66.72590637207031,65.79756927490234,-27.93807649678203,-1,-22.043711094623745,-30.890261639300128,1029902.9866920473,
2015-09-21,65.76351928710938,65.12957000732422,-27.254127476267627,-1,-22.768894184112018,-30.64432707610604,1029314.2110572817,
2015-09-22,66.72590637207031,65.66397094726562,-28.07167482441875,-1,-22.593817861717767,-30.845668700200015,1030170.1833473208,
2015-09-23,64.80111694335938,65.26316833496094,-25.768559425199044,-1,-23.067183166023348,-30.170017234972683,1027122.2097145083,
2015-09-24,64.80111694335938,65.5303726196289,-25.501355140531075,-1,-22.723162360048327,-30.235605305910042,1026587.8011451723,
2015-09-25,64.1595230102539,65.46358489990234,-24.666840428972733,-1,-22.734567438555388,-30.078369933767526,1025438.1887184145,
2015-09-29,64.1595230102539,65.46358489990234,-24.666840428972733,-1,-22.506617446724807,-30.099950774321346,1025438.1887184145,
2015-09-30,64.48031616210938,65.99796295166016,-24.583108234022532,-1,-22.46737242267995,-30.032368068129173,1025011.0189186098,
2015-10-01,64.1595230102539,65.9311752319336,-24.199250096941483,-1,-22.48465475398135,-29.809419745926387,1024503.008054352,
2015-10-02,64.48031616210938,66.13157653808594,-24.44949464759675,-1,-22.23780635105608,-30.002236491360236,1024743.7917457583,
2015-10-05,63.90288925170898,65.86437225341797,-23.905537461777968,-1,-22.22992121913824,-29.94170114520106,1024123.3464942934,
2015-10-06,64.1595230102539,65.86437225341797,-24.26605307545711,-1,-22.02099045910479,-29.85862346042862,1024636.6140113833,
2015-10-07,64.48031616210938,65.79756927490234,-24.783501910780345,-1,-22.3452481509262,-29.173020975090107,1025411.8062721255,
2015-10-08,64.48031616210938,65.79756927490234,-24.783501910780345,-1,-22.388878180974213,-29.190647350505554,1025411.8062721255,
2015-10-12,64.80111694335938,66.13157653808594,-24.900151222074044,-1,-22.368693423875,-29.159597444229966,1025385.3933082583,
2015-10-13,65.12191772460938,66.06477355957031,-25.417610775066947,-1,-22.35857786018261,-29.1544040871303,1026160.6008277895,
2015-10-14,64.48031616210938,66.06477355957031,-24.516297626112376,-1,-22.392330350929004,-29.31516434341533,1024877.3977027895,
2015-10-15,65.12191772460938,66.33196258544922,-25.15042174918804,-1,-22.224843761569296,-29.256525913304593,1025626.2227760317,
2015-10-16,66.08431243896484,65.9311752319336,-26.903168108465863,0,-22.295416553912677,-29.180740068189895,1028287.306292267,Close
2015-10-19,65.44271850585938,66.66596984863281,-25.26707106048174,0,-22.43659523022284,-29.233114838281526,1028287.306292267,
2015-10-20,66.08431243896484,66.79956817626953,-26.034775164129925,0,-22.511983851298098,-28.655274445616513,1028287.306292267,
2015-10-21,64.80111694335938,66.66596984863281,-24.36575791152717,0,-22.536564774908847,-28.773450350953276,1028287.306292267,
2015-10-22,65.44271850585938,66.73277282714844,-25.200268081966115,0,-22.441398321779616,-28.542740460291853,1028287.306292267,
2015-10-23,65.44271850585938,66.79956817626953,-25.13347273284502,0,-22.505010675305165,-28.568323570598736,1028287.306292267,
2015-10-26,66.72590637207031,67.13356018066406,-26.602085591020312,0,-22.56554874933306,-28.36462240181239,1028287.306292267,
2015-10-27,66.08431243896484,67.13356018066406,-25.700783159735394,0,-22.717431419207,-28.27310058417501,1028287.306292267,
2015-10-28,66.08431243896484,67.13356018066406,-25.700783159735394,0,-22.713721072854447,-28.19916889262251,1028287.306292267,
2015-10-29,65.76351928710938,67.13356018066406,-25.250137302927783,0,-22.82066884334393,-27.97877363092671,1028287.306292267,
2015-10-30,65.76351928710938,66.59916687011719,-25.784530613474658,0,-22.920652972711977,-27.757801777132578,1028287.306292267,
2015-11-02,65.12191772460938,67.13356018066406,-24.348824153973197,0,-22.9386783562414,-27.783961925468407,1028287.306292267,
2015-11-03,65.44271850585938,66.79956817626953,-25.13347273284502,0,-23.025508387860352,-27.4553931086384,1028287.306292267,
2015-11-04,65.44271850585938,66.79956817626953,-25.13347273284502,0,-23.052010039599143,-27.454435829163675,1028287.306292267,
2015-11-05,65.44271850585938,66.79956817626953,-25.13347273284502,0,-23.06839120414459,-27.396058269838562,1028287.306292267,
2015-11-06,65.76351928710938,66.13157653808594,-26.252120945505908,0,-23.066388008754046,-27.415172191536513,1028287.306292267,
2015-11-09,65.44271850585938,66.26517486572266,-25.667866043391896,0,-23.08684290294672,-27.392029318467927,1028287.306292267,
2015-11-10,64.48031616210938,65.79756927490234,-24.783501910780345,0,-23.129777359353657,-27.259242083490033,1028287.306292267,
2015-11-11,64.48031616210938,65.79756927490234,-24.783501910780345,0,-23.103034945334876,-27.25812530836137,1028287.306292267,
2015-11-12,64.48031616210938,66.13157653808594,-24.44949464759675,0,-23.116319828917117,-27.27860082289251,1028287.306292267,
2015-11-13,64.1595230102539,65.5303726196289,-24.60005270924617,0,-23.06718560528539,-27.240284140121418,1028287.306292267,
2015-11-16,64.1595230102539,64.99598693847656,-25.134438390398515,0,-23.062806607552602,-27.24953583939827,1028287.306292267,
2015-11-17,64.48031616210938,66.465576171875,-24.11549501380769,0,-23.080738533225908,-27.26175131440341,1028287.306292267,
2015-11-18,65.12191772460938,65.99796295166016,-25.484421382977104,0,-23.066028515239786,-27.261715483164544,1028287.306292267,
2015-11-19,64.80111694335938,66.79956817626953,-24.23215958389045,0,-23.182068868663226,-27.26782101563813,1028287.306292267,
2015-11-20,64.80111694335938,66.33196258544922,-24.699765174710762,0,-23.170432482436887,-27.244309870418498,1028287.306292267,
2015-11-23,64.48031616210938,66.39877319335938,-24.182297992323313,0,-23.18043680391047,-27.24318883357324,1028287.306292267,
2015-11-24,64.80111694335938,66.13157653808594,-24.900151222074044,0,-23.16434060646362,-27.242986536906333,1028287.306292267,
2015-11-25,63.710411071777344,66.13157653808594,-23.36794244772453,-1,-23.472346661996013,-27.09453130390002,1028222.1126127626,Short Spread
2015-11-26,63.6462516784668,66.33196258544922,-23.077426157232765,-1,-23.281727434030863,-27.144329078771023,1027693.021731415,
2015-11-27,64.1595230102539,66.13157653808594,-23.99884879078914,-1,-23.12204571074048,-27.195453811754376,1029120.3364897157,
2015-11-30,63.26129150390625,66.66596984863281,-22.202632076443393,-1,-23.112073585466185,-27.10472875824911,1026255.0868559267,
2015-12-01,64.1595230102539,66.73277282714844,-23.39765250172664,-1,-22.8025647079916,-27.284925927367617,1027917.9439115907,
2015-12-02,63.710411071777344,66.19837188720703,-23.301147098603437,-1,-22.784240303231826,-27.22271341441342,1028088.5219145204,
2015-12-03,63.51792907714844,65.9311752319336,-23.297947665656565,-1,-22.68940660726048,-27.234653923702226,1028237.9512358095,
2015-12-04,63.38960647583008,66.13157653808594,-22.91728051441241,-1,-22.61788596654514,-27.275945618499776,1027580.5034208681,
2015-12-07,63.3254508972168,66.13157653808594,-22.827155630118753,-1,-22.4724657823377,-27.313757244284318,1027452.1922636415,
2015-12-08,62.87633514404297,65.86437225341797,-22.463448212887286,-1,-22.326311965791977,-27.3047193396477,1027088.3693266298,
2015-12-09,62.87633514404297,65.73078155517578,-22.597038911129474,-1,-22.133114650679683,-27.337026899422494,1027355.5507231142,
2015-12-10,62.5555419921875,65.79756927490234,-22.0796053345953,-1,-22.021913500972534,-27.32149831932171,1026580.3889799501,
2015-12-11,62.87633514404297,65.46358489990234,-22.86423556640291,-1,-21.774547482034844,-27.406508956275683,1027889.944033661,
2015-12-14,62.42721176147461,65.32997131347656,-22.36692673325959,-1,-21.80610747430939,-27.388406257428112,1027258.9244413759,
2015-12-15,62.23473739624024,65.46358489990234,-21.96292777628318,-1,-21.787816992949267,-26.891759833501098,1026606.7485380556,
2015-12-16,62.29888916015625,65.46358489990234,-22.053047301741984,-1,-21.599673979077544,-26.88562555460304,1026735.0520658876,
2015-12-17,63.26129150390625,65.73078155517578,-23.137820369900425,-1,-21.735012172924105,-26.573526669848942,1028125.4634428407,
2015-12-18,62.68385696411133,65.79756927490234,-22.259860462017443,-1,-21.70052235768714,-26.771324788902533,1026837.0189237978,
2015-12-21,63.38960647583008,65.59717559814453,-23.451681454353817,-1,-21.4676635802491,-26.790829873176843,1028649.3053007509,
2015-12-22,62.94049072265625,66.39877319335938,-22.019172157239538,-1,-21.627239923539364,-26.850247069643224,1026147.8786039735,
2015-12-23,62.87633514404297,66.39877319335938,-21.92904727294588,-1,-21.30747078113928,-26.885740838040228,1026019.567446747,
2015-12-24,63.1971435546875,66.39877319335938,-22.379714565092854,-1,-21.15993829245035,-26.914956868129018,1026661.184268036,
2015-12-25,63.3254508972168,66.465576171875,-22.49315599632969,-1,-21.187075825376258,-26.939885543490053,1026784.1929960634,
2015-12-28,63.58208847045898,66.465576171875,-22.853676968843644,-1,-21.11646313030967,-26.91861425945337,1027297.4681425478,
2015-12-29,63.06880569458008,66.13157653808594,-22.46662393993512,-1,-21.168367507108638,-26.95791334943149,1026938.9018583681,
2015-12-30,62.87633514404297,66.19837188720703,-22.129448579098224,-1,-21.010298028123113,-26.935522003192457,1026420.3700590517,
2015-12-31,64.1595230102539,66.19837188720703,-23.932053441668046,-1,-20.825144365433225,-26.880070796232935,1028986.7457914735,
2016-01-04,62.87633514404297,65.59717559814453,-22.730644868160724,-1,-21.074063271161837,-26.908119622755788,1027622.7626371767,
2016-01-05,63.13297271728516,65.99796295166016,-22.69037848715908,-1,-20.90552251076781,-26.830209627068186,1027334.4630766298,
2016-01-06,62.5555419921875,65.9311752319336,-21.94599937756405,-1,-20.859627425079328,-26.71618047052841,1026313.1770658876,
2016-01-07,62.5555419921875,66.26517486572266,-21.611999743774987,-1,-20.658469769401982,-26.80912543482107,1025645.1777983095,
2016-01-08,62.5555419921875,66.39877319335938,-21.47840141613827,-1,-20.465707013870716,-26.714712476250913,1025377.981143036,
2016-01-11,63.06880569458008,66.79956817626953,-21.798632301751525,-1,-20.509882483771186,-26.265507834379115,1025602.9185820009,
2016-01-12,63.83872222900391,67.46756744384766,-22.212201310550128,-1,-20.377561215485233,-26.45612745021354,1025806.7531156923,
2016-01-13,63.83872222900391,67.80155944824219,-21.878209306155597,-1,-20.496751246721022,-26.219036770088895,1025138.7691069032,
2016-01-14,63.774559020996094,68.46955871582031,-21.120074436614146,-1,-20.299399117584272,-26.43553088420964,1023674.4441557314,
2016-01-15,62.87633514404297,67.46756744384766,-20.8602530224576,-1,-19.976340474518466,-26.26594924558841,1023881.9789457704,
2016-01-18,62.87633514404297,66.79956817626953,-21.528252290035724,-1,-19.75971097611026,-26.239373259307246,1025217.9774809267,
2016-01-19,62.87633514404297,67.80155944824219,-20.526261018063067,-1,-20.14914046637312,-25.748730401804657,1023213.9949369814,
2016-01-20,62.23473739624024,67.80155944824219,-19.624953227943337,-1,-19.63798205427144,-25.858194636333003,1021930.7994413759,
2016-01-21,62.23473739624024,67.13356018066406,-20.29295249552146,-1,-19.023561796606877,-25.832181089176608,1023266.7979765321,
2016-01-22,63.710411071777344,67.13356018066406,-22.365958805146406,-1,-19.225029172913366,-25.832639624317473,1026218.1453276064,
2016-01-25,64.09535217285156,68.13555145263672,-21.90472755660535,-1,-19.887207324341368,-25.678006910058976,1024984.0449858095,
2016-01-26,63.06880569458008,68.13555145263672,-20.462649025384337,-1,-19.727734016239395,-25.836814070249055,1022930.9520292665,
2016-01-27,63.6462516784668,68.13555145263672,-21.273837290045265,-1,-19.357215494621272,-25.631642322950547,1024085.84399704,
2016-01-28,63.90288925170898,68.46955871582031,-21.300350999375624,-1,-19.5539110441717,-25.536738908805354,1023931.1046171571,
2016-01-29,64.1595230102539,68.80355072021484,-21.326874608660233,-1,-19.556041390843546,-25.433866936639824,1023776.3881254579,
2016-01-30,64.1595230102539,68.80355072021484,-21.326874608660233,-1,-19.7497431589875,-25.035438451139008,1023776.3881254579,
2016-02-01,64.09535217285156,68.80355072021484,-21.236728289027226,-1,-19.746101770835875,-24.981744202427873,1023648.0464506532,
2016-02-02,63.90288925170898,68.80355072021484,-20.966358994981093,-1,-19.666636799899273,-25.013722571218352,1023263.1206083681,
2016-02-03,63.90288925170898,68.80355072021484,-20.966358994981093,-1,-19.61776221456074,-24.911265863645042,1023263.1206083681,
2016-02-15,63.58208847045898,69.80554962158203,-19.513703519136612,-1,-19.580175521338198,-24.874236244878325,1020617.5212431337,
2016-02-16,64.1595230102539,70.1395492553711,-19.990876073503983,-1,-19.177678647843443,-24.8376439058231,1021104.3910551454,
2016-02-17,65.12191772460938,70.47354125976562,-21.008843074871635,-1,-19.321014140859145,-24.610335551336764,1022361.1964750673,
2016-02-18,65.44271850585938,69.80554962158203,-22.12749128753252,-1,-19.41110947017256,-24.67140383800187,1024338.7813139345,
2016-02-19,64.80111694335938,70.1395492553711,-20.892178504788887,-1,-19.702269710050068,-24.329943862839833,1022387.5789213564,
2016-02-22,64.80111694335938,69.47154998779297,-21.560177772367012,-1,-19.53828930536712,-24.361024862576325,1023723.5774565126,
2016-02-23,65.44271850585938,69.47154998779297,-22.461490921321584,-1,-19.680909853094917,-24.18025865752213,1025006.7805815126,
2016-02-24,64.1595230102539,68.80355072021484,-21.326874608660233,-1,-19.747363073386957,-24.181363846931077,1023776.3881254579,
2016-02-25,65.44271850585938,69.80554962158203,-22.12749128753252,-1,-19.818147751021748,-23.905763750799096,1024338.7813139345,
2016-02-26,65.76351928710938,69.80554962158203,-22.578147862009814,-1,-19.825474252344193,-23.990500531061812,1024980.3828764345,
2016-03-01,66.40510559082031,70.47354125976562,-22.811447937441457,0,-19.84221761630811,-24.00449129139339,1024862.0970616151,Close
2016-03-02,66.40510559082031,70.47354125976562,-22.811447937441457,0,-19.90264636943967,-23.867413169808966,1024862.0970616151,
2016-03-03,66.72590637207031,70.80754089355469,-22.928104878129687,0,-19.898884703590735,-24.001855638310968,1024862.0970616151,
2016-03-04,65.44271850585938,70.80754089355469,-21.125500015559865,0,-19.905647849653814,-23.90405240210617,1024862.0970616151,
2016-03-07,66.40510559082031,70.80754089355469,-22.477448303652395,0,-19.846943518246114,-23.79439234156949,1024862.0970616151,
2016-03-08,66.08431243896484,70.1395492553711,-22.694794085028363,0,-19.909528381161454,-23.789295803183688,1024862.0970616151,
2016-03-09,65.44271850585938,70.47354125976562,-21.459499649348928,0,-19.91529630116757,-23.80661259131332,1024862.0970616151,
2016-03-10,65.76351928710938,70.80754089355469,-21.576156590037158,0,-19.88506614619154,-23.738035947338552,1024862.0970616151,
2016-03-11,66.08431243896484,70.80754089355469,-22.02680244684477,0,-19.88319292083843,-23.732434370435744,1024862.0970616151,
2016-03-14,66.08431243896484,70.80754089355469,-22.02680244684477,0,-19.894784111409873,-23.717035021765465,1024862.0970616151,
2016-03-15,66.08431243896484,71.47554016113281,-21.358803179266644,0,-19.900797795634553,-23.73253687735003,1024862.0970616151,
2016-03-16,65.76351928710938,71.80953216552734,-20.5741653180645,0,-19.870786232659576,-23.64718341929501,1024862.0970616151,
2016-03-17,67.04670715332031,72.1435317993164,-22.042770546845247,0,-19.78985470758274,-23.651477151080208,1024862.0970616151,
2016-03-18,66.08431243896484,72.47752380371094,-20.35681953668852,0,-19.844154466449815,-23.68584765340323,1024862.0970616151,
2016-03-21,66.72590637207031,72.1435317993164,-21.59211397236797,0,-19.727359779488047,-23.673452273030854,1024862.0970616151,
2016-03-22,67.36750793457031,72.8115234375,-21.825435483138946,0,-19.77758842927204,-23.58296406036163,1024862.0970616151,
2016-03-23,67.36750793457031,72.8115234375,-21.825435483138946,0,-19.783633888217196,-23.602290971775787,1024862.0970616151,
2016-03-24,67.36750793457031,73.4795150756836,-21.157443844955353,0,-19.820631566631675,-23.470019307554068,1024862.0970616151,
2016-03-25,67.04670715332031,73.81352233886719,-20.372780007294466,0,-19.79154598569658,-23.49386432333617,1024862.0970616151,
2016-03-28,67.04670715332031,73.14552307128906,-21.04077927487259,0,-19.706853957153914,-23.497176460220683,1024862.0970616151,
2016-03-29,66.40510559082031,72.8115234375,-20.473465759707082,0,-19.70883261599516,-23.459696989111958,1024862.0970616151,
2016-03-30,67.04670715332031,73.81352233886719,-20.372780007294466,0,-19.64661170966024,-23.426875820356337,1024862.0970616151,
2016-03-31,67.04670715332031,73.14552307128906,-21.04077927487259,0,-19.60804379037771,-23.3643118581364,1024862.0970616151,
2016-04-01,67.04670715332031,73.14552307128906,-21.04077927487259,0,-19.62174811896649,-23.344901603275563,1024862.0970616151,
2016-04-06,65.76351928710938,71.47554016113281,-20.908157322459033,0,-19.60970002830076,-23.33245288592691,1024862.0970616151,
2016-04-07,66.72590637207031,72.1435317993164,-21.59211397236797,0,-19.69449726138704,-23.08604394835577,1024862.0970616151,
2016-04-08,66.72590637207031,72.47752380371094,-21.258121967973437,0,-19.714467235873716,-23.090772876837168,1024862.0970616151,
2016-04-11,68.00909423828125,73.14552307128906,-22.39272756296512,0,-19.723926269826663,-23.02775917694749,1024862.0970616151,
2016-04-12,67.68830108642578,73.14552307128906,-21.94208170615751,0,-19.72780810238317,-23.091878742386896,1024862.0970616151,
2016-04-13,67.68830108642578,73.4795150756836,-21.608089701762978,0,-19.72875679747013,-23.09898339917481,1024862.0970616151,
2016-04-14,67.36750793457031,73.14552307128906,-21.491435849349884,0,-19.72859294134752,-23.09788462083805,1024862.0970616151,
2016-04-15,68.32988739013672,73.81352233886719,-22.175374152194607,0,-19.721700056920074,-23.08209504088229,1024862.0970616151,
2016-04-18,68.32988739013672,74.14751434326172,-21.841382147800076,0,-19.725697014845164,-23.08445714354765,1024862.0970616151,
2016-04-19,68.32988739013672,73.14552307128906,-22.843373419772732,0,-19.72570920354936,-23.08319881619307,1024862.0970616151,
2016-04-20,68.00909423828125,72.8115234375,-22.726727196754183,0,-19.724165578121266,-23.19571800805835,1024862.0970616151,
2016-04-21,68.00909423828125,73.4795150756836,-22.05873555857059,0,-19.734761403138684,-23.257162167977647,1024862.0970616151,
2016-04-22,68.00909423828125,73.81352233886719,-21.724728295386996,0,-19.721162548993465,-23.245849650934478,1024862.0970616151,
2016-04-25,68.00909423828125,74.48152160644531,-21.05672902780887,0,-19.780385804699602,-23.249304403049603,1024862.0970616151,
2016-04-26,68.32988739013672,73.4795150756836,-22.5093814153782,0,-19.896128900297583,-23.183048635564212,1024862.0970616151,
2016-04-27,68.32988739013672,73.4795150756836,-22.5093814153782,0,-19.93739106318311,-23.230625227782713,1024862.0970616151,
2016-04-28,68.00909423828125,72.8115234375,-22.726727196754183,0,-19.904188180690472,-23.21907013972945,1024862.0970616151,
2016-04-29,68.32988739013672,72.8115234375,-23.177373053561794,0,-19.893271971437414,-23.281392221435944,1024862.0970616151,
2016-05-03,68.97149658203125,73.81352233886719,-23.07669801881886,0,-19.950468429832583,-23.398743981400266,1024862.0970616151,
2016-05-04,68.97149658203125,73.81352233886719,-23.07669801881886,0,-19.913753391801887,-23.469696643190137,1024862.0970616151,
2016-05-05,68.32988739013672,73.14552307128906,-22.843373419772732,0,-19.905113712650994,-23.544308117875325,1024862.0970616151,
2016-05-06,68.65069580078125,73.4795150756836,-22.960048707525175,0,-19.90760834284098,-23.583114874737348,1024862.0970616151,
2016-05-09,69.29228973388672,73.81352233886719,-23.527343875626485,0,-19.907993588449365,-23.64909186644782,1024862.0970616151,
2016-05-10,70.89627075195312,74.14751434326172,-25.446602590609373,1,-19.8890649257633,-23.79703622490443,1024796.2953102113,Long Spread
2016-05-11,71.2170639038086,73.81352233886719,-26.23124045181153,1,-19.653893388273588,-24.463280118825942,1023486.7249977113,
2016-05-12,71.2170639038086,74.48152160644531,-25.563241184233405,1,-19.346110352098204,-25.41678231700445,1024822.7235328675,
2016-05-13,70.89627075195312,74.81552124023438,-24.778595693636717,1,-19.729389549666788,-25.225338025545756,1026132.3091041566,
2016-05-16,70.89627075195312,73.81352233886719,-25.780594595003905,1,-19.76282734979348,-25.125221968609065,1024128.3113014222,
2016-05-17,71.53787231445312,73.81352233886719,-26.68190774395849,1,-19.485074339739178,-25.88902077399419,1022845.1081764222,
2016-05-18,71.8586654663086,74.14751434326172,-26.79856159637157,1,-18.962987171366777,-27.289824020767178,1022871.5058815003,
2016-05-19,70.89627075195312,73.14552307128906,-26.44859386258203,1,-19.281977417389456,-28.144690523844275,1022792.3127662659,
2016-05-20,71.2170639038086,73.4795150756836,-26.565247714995124,1,-19.138157282870793,-28.02101101762291,1022818.7104713441,
2016-05-23,70.89627075195312,73.4795150756836,-26.1146018581875,1,-18.831634881069355,-28.56666635311322,1023460.296775055,
2016-05-24,71.2170639038086,73.81352233886719,-26.23124045181153,1,-19.320364970125,-28.292005182961468,1023486.7249977113,
2016-05-25,71.53787231445312,73.81352233886719,-26.68190774395849,1,-19.068150176393154,-28.737968142486267,1022845.1081764222,
2016-05-26,70.57546997070312,73.4795150756836,-25.663945283710206,1,-18.86736308333824,-29.792142419910263,1024101.898337555,
2016-05-27,71.2170639038086,73.81352233886719,-26.23124045181153,1,-18.888596983729293,-28.240734753275035,1023486.7249977113,
2016-05-30,71.53787231445312,73.4795150756836,-27.015915007142084,1,-18.84427119446976,-29.060901163909403,1022177.093650055,
2016-05-31,71.53787231445312,73.4795150756836,-27.015915007142084,1,-18.725640055546556,-30.740923237824546,1022177.093650055,
2016-06-01,70.89627075195312,73.81352233886719,-25.780594595003905,1,-19.94696519899467,-31.52713555753948,1024128.3113014222,
2016-06-02,70.89627075195312,74.14751434326172,-25.446602590609373,1,-19.12929479457967,-29.402709510860888,1024796.2953102113,
2016-06-03,71.8586654663086,74.81552124023438,-26.130554699398914,1,-19.05047857049507,-29.07609385978103,1024207.5196754456,
2016-06-04,71.8586654663086,74.81552124023438,-26.130554699398914,1,-19.814877701008875,-30.105936895740015,1024207.5196754456,
2016-06-06,71.8586654663086,74.81552124023438,-26.130554699398914,1,-19.842879807128437,-30.171104176591545,1024207.5196754456,
2016-06-07,72.50025177001953,75.1495132446289,-26.69785440861962,1,-19.700667277813817,-30.29814348211936,1023592.3310768128,
2016-06-08,73.14186096191406,75.48351287841797,-27.26517864145481,1,-19.888521945634984,-31.316695658986255,1022977.1119606019,
2016-06-13,72.82106018066406,74.81552124023438,-27.48251370516111,1,-20.601205953376024,-32.45993651430232,1022282.7302467347,
2016-06-14,73.46265411376953,74.81552124023438,-28.383816136446015,1,-21.24690309723779,-32.29792755702588,1020999.5423805238,
2016-06-15,74.104248046875,75.1495132446289,-28.951126563336388,0,-23.04766677970674,-41.42534610316872,1020318.3683726502,Close
2016-06-16,72.82106018066406,74.81552124023438,-27.48251370516111,0,-25.701002522493617,-41.67157282133467,1020318.3683726502,
2016-06-17,73.46265411376953,75.1495132446289,-28.049824132051484,0,-21.574561818112503,-33.78127376728518,1020318.3683726502,
2016-06-20,73.78345489501953,75.48351287841797,-28.166481072739714,0,-22.19334073002186,-36.150470961799606,1020318.3683726502,
2016-06-21,73.14186096191406,75.48351287841797,-27.26517864145481,0,-22.404211302312596,-36.381972060793906,1020318.3683726502,
2016-06-22,73.14186096191406,75.8175048828125,-26.93118663706028,0,-21.81358187076807,-32.4721400212141,1020318.3683726502,
2016-06-23,73.14186096191406,75.48351287841797,-27.26517864145481,0,-22.136896228667915,-31.292530611039602,1020318.3683726502,
2016-06-24,72.1794662475586,75.1495132446289,-26.247219269481675,0,-22.149426708997474,-32.002361067253794,1020318.3683726502,
2016-06-27,72.50025177001953,74.81552124023438,-27.03184641301415,0,-22.082593508056636,-30.52377249498726,1020318.3683726502,
2016-06-28,72.50025177001953,75.1495132446289,-26.69785440861962,0,-22.417515376875738,-30.82097633489497,1020318.3683726502,
2016-06-29,73.78345489501953,76.15150451660156,-27.49848943455612,0,-22.220595625833262,-30.76855884341723,1020318.3683726502,
2016-06-30,75.87419891357422,77.82148742675781,-28.76555528668601,0,-22.5148526147306,-31.244124029521927,1020318.3683726502,
2016-07-01,75.87419891357422,78.82349395751953,-27.76354875592429,0,-22.979804424990654,-32.38490320797274,1020318.3683726502,
2016-07-04,74.86255645751953,79.49148559570312,-25.674415554229,0,-22.4934978760679,-31.46412682201965,1020318.3683726502,
2016-07-05,74.52533721923828,78.82349395751953,-25.86868619279558,0,-22.14058523763646,-30.114277241829296,1020318.3683726502,
2016-07-06,74.52533721923828,78.48949432373047,-26.20268582658464,0,-21.88675555341962,-30.343065577341356,1020318.3683726502,
2016-07-07,75.87419891357422,78.82349395751953,-27.76354875592429,0,-22.25867729077722,-30.28671119290309,1020318.3683726502,
2016-07-08,75.87419891357422,78.82349395751953,-27.76354875592429,0,-22.659391506056938,-30.74049416259945,1020318.3683726502,
2016-07-11,76.88587188720703,81.8294677734375,-26.178759374196716,0,-22.858564357866616,-30.58340627625746,1020318.3683726502,
2016-07-12,76.21142578125,82.49746704101562,-24.563307389714893,0,-22.509547981599805,-30.11573577156479,1020318.3683726502,
2016-07-13,76.88587188720703,81.16146850585938,-26.84675864177484,0,-22.424463036867195,-29.762628095426706,1020318.3683726502,
2016-07-14,75.19977569580078,80.15948486328125,-25.48013728626789,0,-22.480334052352088,-30.172585662693958,1020318.3683726502,
2016-07-15,75.87419891357422,82.16346740722656,-24.42357530621726,0,-22.448882498195054,-29.874898739914286,1020318.3683726502,
2016-07-18,76.88587188720703,82.83145904541016,-25.17676810222406,0,-22.59213477451211,-29.654017966042886,1020318.3683726502,
2016-07-19,76.54863739013672,82.49746704101562,-25.037017671662227,0,-22.959626271392317,-29.518150311310443,1020318.3683726502,
2016-07-20,76.21142578125,82.16346740722656,-24.897307023503956,0,-23.337219431058912,-29.23122621270813,1020318.3683726502,
2016-07-21,76.54863739013672,82.852294921875,-24.682189790802852,0,-23.16868644775867,-29.29489738304383,1020318.3683726502,
2016-07-22,74.86255645751953,81.10435485839844,-24.061546291533688,0,-23.27804628371792,-29.197619315265264,1020318.3683726502,
2016-07-25,74.1881103515625,81.10435485839844,-23.11409357462999,-1,-23.239763692308173,-29.15556033344361,1020252.1566740419,Short Spread
2016-07-26,74.1881103515625,81.10435485839844,-23.11409357462999,-1,-22.952765727936164,-29.241750950458066,1020252.1566740419,
2016-07-27,74.86255645751953,81.45393371582031,-23.711967434111813,-1,-22.979663944831813,-29.231895075614098,1020901.8911711122,
2016-07-28,75.53699493408203,81.45393371582031,-24.659409433345843,-1,-23.15213543634297,-29.164861277312877,1022250.7681242372,
2016-07-29,74.1881103515625,79.3564224243164,-24.86202600871202,-1,-23.451370305098347,-29.05129998097026,1023748.0215422059,
2016-08-01,74.86255645751953,80.40518188476562,-24.7607192651665,-1,-23.57987197913719,-28.97726346415774,1022999.3948332216,
2016-08-02,74.52533721923828,80.40518188476562,-24.286998265549485,-1,-23.56693466428545,-28.959265190847947,1022324.9563566591,
2016-08-03,74.52533721923828,80.75477600097656,-23.937404149338548,-1,-23.18556099171823,-29.009152988278057,1021625.7681242372,
2016-08-04,74.52533721923828,80.75477600097656,-23.937404149338548,-1,-22.922742851169946,-28.997507909665938,1021625.7681242372,
2016-08-05,74.86255645751953,80.40518188476562,-24.7607192651665,-1,-22.887871360197067,-29.067163565583314,1022999.3948332216,
2016-08-08,76.54863739013672,81.45393371582031,-26.08055099685754,-1,-23.14552972565513,-29.074121278386137,1024274.0530363466,
2016-08-09,77.56029510498047,81.45393371582031,-27.501713995708585,0,-23.179450124113487,-29.097003340735597,1026231.0078968812,Close
2016-08-10,77.56029510498047,81.45393371582031,-27.501713995708585,0,-23.167917050771873,-29.214118605911874,1026231.0078968812,
2016-08-11,77.89751434326172,81.45393371582031,-27.9754349953256,0,-23.157053270234748,-29.232839527456477,1026231.0078968812,
2016-08-12,78.2347412109375,80.40518188476562,-29.497918543666984,1,-23.16018136364776,-29.421174020738,1026164.6622999574,Long Spread
2016-08-15,78.2347412109375,80.75477600097656,-29.148324427456046,1,-22.9912377105381,-30.021978125468827,1026863.8505323792,
2016-08-16,77.22308349609375,80.40518188476562,-28.07675554481594,1,-23.030229117042307,-30.122648732804894,1028187.9777296449,
2016-08-17,76.88587188720703,79.3564224243164,-28.65180472331781,1,-23.058007139397144,-29.87618497359185,1026764.8820265199,
2016-08-18,76.88587188720703,79.3564224243164,-28.65180472331781,1,-22.986703434919914,-30.06733454143586,1026764.8820265199,
2016-08-19,75.19977569580078,79.3564224243164,-26.283199725232734,1,-23.109539094949948,-30.281562982710152,1030137.0744093324,
2016-08-22,75.53699493408203,79.70600128173828,-26.407341867427874,1,-22.95502175553697,-29.824134662290327,1030161.7936476136,
2016-08-23,75.87419891357422,80.40518188476562,-26.181860828678197,1,-22.90411981557716,-29.74412136047348,1030885.7468946839,
2016-08-24,76.88587188720703,80.75477600097656,-27.253451146657653,1,-22.87532045993426,-29.707522589801346,1029561.5891798402,
2016-08-25,76.88587188720703,81.45393371582031,-26.554293431813903,1,-23.069746532285222,-29.95327170522944,1030959.9046095277,
2016-08-26,76.88587188720703,81.10435485839844,-26.90387228923578,1,-23.09699178157046,-29.894394287435112,1030260.7468946839,
2016-08-29,76.54863739013672,80.75477600097656,-26.77970871170129,1,-23.056064685120138,-29.909802562412683,1030236.0581739808,
2016-08-30,76.54863739013672,80.40518188476562,-27.129302827912227,1,-23.059167223816715,-29.907517054546126,1029536.8699415589,
2016-08-31,75.19977569580078,80.05559539794922,-25.58402675159992,1,-23.092752769499633,-29.967678659848858,1031535.420356598,
2016-09-01,75.53699493408203,79.0068359375,-27.106507211666155,1,-22.88472078472807,-29.78719551765516,1028763.462959137,
2016-09-02,75.19977569580078,79.0068359375,-26.63278621204914,1,-22.98521350899,-29.83850130385119,1029437.9014356995,
2016-09-05,75.87419891357422,79.70600128173828,-26.88104143170554,1,-22.95099879698436,-29.741137128656366,1029487.3856886292,
2016-09-06,75.53699493408203,80.05559539794922,-26.057747751216937,1,-22.981671461448563,-29.572627427127053,1030860.9818800355,
2016-09-07,76.54863739013672,80.05559539794922,-27.478889314728633,1,-22.983598170110888,-29.31318365935156,1028837.6969679261,
2016-09-08,76.54863739013672,79.70600128173828,-27.82848343093957,1,-23.035498443931253,-29.634076475569316,1028138.5087355042,
2016-09-09,76.21142578125,79.3564224243164,-27.704352006414112,1,-23.040331487022222,-29.591470400274176,1028113.7742384339,
2016-09-10,76.21142578125,79.3564224243164,-27.704352006414112,1,-23.05048540816548,-29.533686804459194,1028113.7742384339,
2016-09-12,75.53699493408203,79.0068359375,-27.106507211666155,1,-23.05418785980031,-29.671137992129072,1028763.462959137,
2016-09-13,74.86255645751953,78.30766296386719,-26.858238186064938,1,-23.052673294791855,-29.640055249367283,1028713.9939649964,
2016-09-14,75.19977569580078,77.95807647705078,-27.68154567249836,1,-23.030308476342768,-29.566578486912384,1027340.3825148011,
2016-09-19,77.56029510498047,77.95807647705078,-30.997571234478116,1,-23.11395568161124,-29.80220689924204,1022619.3436964417,
2016-09-20,76.88587188720703,77.95807647705078,-30.050150670583434,1,-22.704419076328694,-30.887841909141596,1023968.1901319886,
2016-09-21,76.88587188720703,77.95807647705078,-30.050150670583434,1,-22.77748441268227,-30.77475104500096,1023968.1901319886,
2016-09-22,76.54863739013672,77.95807647705078,-29.57640823562707,1,-22.661973433487354,-30.868542431730766,1024642.6591261292,
2016-09-23,77.22308349609375,77.95807647705078,-30.523860952530782,1,-22.65440015388851,-30.558767796978536,1023293.7669142152,
2016-09-26,76.54863739013672,78.30766296386719,-29.226821748810664,1,-22.485123124529597,-31.32447901684127,1025341.832099762,
2016-09-27,76.54863739013672,78.30766296386719,-29.226821748810664,1,-22.819036438079994,-31.262630713674756,1025341.832099762,
2016-09-28,76.54863739013672,78.30766296386719,-29.226821748810664,1,-22.808094366809957,-31.368238254281994,1025341.832099762,
2016-09-29,76.54863739013672,78.30766296386719,-29.226821748810664,1,-22.769184795547922,-31.457178580656716,1025341.832099762,
2016-09-30,76.54863739013672,77.60847473144531,-29.92600998123254,1,-22.58836575967388,-31.33253207865089,1023943.4556349183,
2016-10-03,76.54863739013672,77.60847473144531,-29.92600998123254,1,-22.517974719137634,-31.71535601391662,1023943.4556349183,
2016-10-04,76.21142578125,78.30766296386719,-28.75311146686333,1,-22.749470966241795,-32.187177746867285,1026016.2553175355,
2016-10-05,76.54863739013672,78.30766296386719,-29.226821748810664,1,-23.21872997448743,-31.783594742187162,1025341.832099762,
2016-10-06,75.87419891357422,78.65724182128906,-27.92980089215476,1,-22.78210091953715,-32.009384510357094,1027389.8667677308,
2016-10-07,75.19977569580078,78.30766296386719,-27.331959185681953,1,-23.06898946445898,-31.726924685150834,1028039.5554884339,
2016-10-11,75.19977569580078,78.30766296386719,-27.331959185681953,1,-23.390603610262968,-31.555513370121556,1028039.5554884339,
2016-10-12,75.53699493408203,78.30766296386719,-27.805680185298968,1,-23.263837340037128,-31.577964625092662,1027365.1170118714,
2016-10-13,75.87419891357422,78.30766296386719,-28.279379749576634,1,-23.433696784481405,-31.65644958946234,1026690.709052887,
2016-10-14,75.19977569580078,77.95807647705078,-27.68154567249836,1,-23.603932172221633,-31.74970576871067,1027340.3825148011,
2016-10-17,74.86255645751953,78.65724182128906,-26.508659328643063,1,-23.700863126428672,-31.589330253778485,1029413.1516798402,
2016-10-18,75.19977569580078,78.65724182128906,-26.982380328260078,1,-23.814953760386373,-31.346684270633247,1028738.7132032777,
2016-10-19,74.86255645751953,77.95807647705078,-27.207824672881344,1,-24.31495887489236,-31.14770246934354,1028014.8209913636,
2016-10-20,74.86255645751953,77.95807647705078,-27.207824672881344,1,-24.534079053376875,-31.025393150331855,1028014.8209913636,
2016-10-21,75.19977569580078,78.30766296386719,-27.331959185681953,1,-24.57621484382196,-30.98442269575503,1028039.5554884339,
2016-10-24,75.19977569580078,78.65724182128906,-26.982380328260078,1,-24.520447686679464,-31.016185962864906,1028738.7132032777,
2016-10-25,75.53699493408203,77.95807647705078,-28.155266672115374,1,-24.548331274873878,-30.95543521292407,1026665.9440382386,
2016-10-26,75.19977569580078,77.95807647705078,-27.68154567249836,1,-24.77801319286571,-30.990132779276703,1027340.3825148011,
2016-10-27,74.52533721923828,77.60847473144531,-27.083705418869798,1,-24.996754367533867,-30.819642490575617,1027990.0559767152,
2016-10-28,74.52533721923828,77.2588882446289,-27.433291905686204,1,-25.198623104242095,-30.63253387464964,1027290.8830030824,
2016-10-31,74.52533721923828,75.51094818115234,-29.181231969162766,1,-25.42633309951064,-30.501234176460184,1023795.0028761292,
2016-11-01,73.51368713378906,76.21012878417969,-27.06089908495406,0,-25.51743514110483,-30.60838505046325,1027150.6753004456,Close
2016-11-02,73.51368713378906,75.51094818115234,-27.760079687981403,0,-25.3535553861469,-30.5247034452104,1027150.6753004456,
2016-11-03,73.51368713378906,75.86053466796875,-27.410493201164996,0,-25.300449514417835,-30.533636793851613,1027150.6753004456,
2016-11-04,72.83924102783203,75.51094818115234,-26.812626971077705,0,-25.280452626921033,-30.522581317072074,1027150.6753004456,
2016-11-07,73.85089111328125,75.86053466796875,-27.884192765442663,0,-25.18308913275448,-30.492151533752857,1027150.6753004456,
2016-11-08,74.1881103515625,76.90929412841797,-27.30915430461046,0,-25.235291673200788,-30.35489293208558,1027150.6753004456,
2016-11-09,73.17645263671875,76.21012878417969,-26.587156649997695,0,-25.200066943332835,-30.312397578529215,1027150.6753004456,
2016-11-10,73.17645263671875,76.21012878417969,-26.587156649997695,0,-25.12031847034001,-30.359852776047106,1027150.6753004456,
2016-11-11,71.15314483642578,74.81178283691406,-25.14318731723091,0,-25.061604905307863,-30.298869568019906,1027150.6753004456,
2016-11-14,71.15314483642578,73.4134292602539,-26.541540893891067,0,-24.751748043124387,-30.33642835735172,1027150.6753004456,
2016-11-15,70.1414794921875,72.71424865722656,-25.819547780397684,0,-25.04971243935548,-30.39753937646386,1027150.6753004456,
2016-11-16,70.81592559814453,74.11260223388672,-25.36864692064124,0,-24.927691435729237,-30.418236278510918,1027150.6753004456,
2016-11-17,71.49036407470703,73.76300811767578,-26.665683036086207,0,-24.831407235032053,-30.460202153636637,1027150.6753004456,
2016-11-18,71.49036407470703,73.76300811767578,-26.665683036086207,0,-24.864445073802774,-30.432635484468282,1027150.6753004456,
2016-11-21,71.49036407470703,73.4134292602539,-27.015261893508082,0,-24.923879051665345,-30.44676065301975,1027150.6753004456,
2016-11-22,71.49036407470703,74.11260223388672,-26.31608891987527,0,-24.92665710838601,-30.4477455068457,1027150.6753004456,
2016-11-23,72.50200653076172,75.16136169433594,-26.688471022937748,0,-24.85346397113723,-30.447297754314654,1027150.6753004456,
2016-11-24,72.16480255126953,75.16136169433594,-26.21477145866008,0,-24.84435676561324,-30.443605149713058,1027150.6753004456,
2016-11-25,72.50200653076172,75.16136169433594,-26.688471022937748,0,-24.99305541470333,-30.424307505938327,1027150.6753004456,
2016-11-28,72.83924102783203,75.16136169433594,-27.16221345789411,0,-24.868238436674332,-30.424930300622577,1027150.6753004456,
2016-11-29,72.50200653076172,75.16136169433594,-26.688471022937748,0,-24.970085563344707,-30.444999560479605,1027150.6753004456,
2016-11-30,72.50200653076172,75.16136169433594,-26.688471022937748,0,-24.899748814766603,-30.43037736731693,1027150.6753004456,
2016-12-01,71.15314483642578,74.46219635009766,-25.492773804047317,0,-25.017064468556363,-30.42279960603195,1027150.6753004456,
2016-12-02,71.15314483642578,74.11260223388672,-25.842367920258255,0,-24.61637103221185,-30.434228627388325,1027150.6753004456,
2016-12-05,71.49036407470703,74.11260223388672,-26.31608891987527,0,-24.571395667390203,-30.408440672390913,1027150.6753004456,
2016-12-06,71.49036407470703,74.11260223388672,-26.31608891987527,0,-24.600858858221372,-30.41200509479294,1027150.6753004456,
2016-12-07,71.49036407470703,74.11260223388672,-26.31608891987527,0,-24.555093652620677,-30.407451843631108,1027150.6753004456,
2016-12-08,72.16480255126953,74.11260223388672,-27.2635309191093,0,-24.56639982761604,-30.44520814355215,1027150.6753004456,
2016-12-09,71.15314483642578,73.4134292602539,-26.541540893891067,0,-24.69752805261968,-30.484406077408217,1027150.6753004456,
2016-12-12,70.81592559814453,73.4134292602539,-26.067819894274052,0,-24.532182808142117,-30.410535535196388,1027150.6753004456,
2016-12-13,70.81592559814453,73.0638427734375,-26.41740638109046,0,-24.618455942128087,-29.65233421169622,1027150.6753004456,
2016-12-14,70.1414794921875,73.0638427734375,-25.469953664186747,0,-24.61565547439766,-29.692240895803767,1027150.6753004456,
2016-12-15,70.1414794921875,72.71424865722656,-25.819547780397684,0,-24.475782864324028,-29.566627862434654,1027150.6753004456,
2016-12-16,69.46704864501953,72.01507568359375,-25.571289472466148,0,-24.50267756737414,-29.536237292966906,1027150.6753004456,
2016-12-19,69.12983703613281,70.96630859375,-26.14634628036255,0,-24.627480186854807,-29.195468269747895,1027150.6753004456,
2016-12-20,69.80427551269531,70.96630859375,-27.09378827959658,0,-24.61233229172997,-29.28103395128604,1027150.6753004456,
2016-12-21,68.79261016845703,70.61672973632812,-26.022193420497743,0,-24.73676210811313,-29.224059923680034,1027150.6753004456,
2016-12-22,69.12983703613281,70.61672973632812,-26.495925137784425,0,-24.678530231169315,-29.093923026157984,1027150.6753004456,
2016-12-23,68.79261016845703,70.61672973632812,-26.022193420497743,0,-24.761013050343834,-28.99080518885299,1027150.6753004456,
2016-12-26,68.79261016845703,70.61672973632812,-26.022193420497743,0,-24.860909217803076,-28.72376671270571,1027150.6753004456,
2016-12-27,68.79261016845703,70.61672973632812,-26.022193420497743,0,-24.974176031148865,-28.532376735125297,1027150.6753004456,
2016-12-28,68.45539093017578,70.96630859375,-25.198893563458853,0,-24.956158505535377,-28.518742731372633,1027150.6753004456,
2016-12-29,68.79261016845703,70.96630859375,-25.672614563075868,0,-24.94691592238691,-28.354423912323515,1027150.6753004456,
2016-12-30,70.1414794921875,70.96630859375,-27.567487843874247,0,-24.918634583571457,-28.37710100531938,1027150.6753004456,
2017-01-03,70.47870635986328,71.66548919677734,-27.3420389581336,0,-24.965683067554508,-28.455163318179146,1027150.6753004456,
2017-01-04,71.82757568359375,72.36466979980469,-28.537731635904635,1,-24.964197363864272,-28.44778255139493,1027084.9076106263,Long Spread
2017-01-05,72.50200653076172,73.0638427734375,-28.785989943836185,1,-24.923907635729126,-28.543755264754335,1027134.391863556,
2017-01-06,71.49036407470703,72.01507568359375,-28.41361547016824,1,-24.8903237154558,-28.58684548450281,1027060.1425959779,
2017-01-09,71.15314483642578,71.31590270996094,-28.639067444184036,1,-24.865987337415348,-28.649711144994868,1026336.2351252747,
2017-01-10,71.15314483642578,71.31590270996094,-28.639067444184036,1,-24.851112012917696,-28.834070721339735,1026336.2351252747,
2017-01-11,72.16480255126953,70.96630859375,-30.40982455924602,1,-24.799586356184534,-28.924893661649527,1023613.7314631654,
2017-01-12,71.82757568359375,71.31590270996094,-29.586498725748385,1,-24.504962495358917,-29.55325689958545,1024987.3734309388,
2017-01-13,72.50200653076172,71.31590270996094,-30.533930007312748,1,-24.504380972804995,-29.545159854103915,1023638.5117366029,
2017-01-16,72.16480255126953,71.31590270996094,-30.06023044303508,1,-24.260638851035235,-30.128154774366084,1024312.9196955872,
2017-01-17,72.50200653076172,71.66548919677734,-30.18434352049634,1,-24.26474661240166,-30.233305015480624,1024337.6847102357,
2017-01-18,72.16480255126953,70.96630859375,-30.40982455924602,1,-24.109589551798347,-30.341912969450778,1023613.7314631654,
2017-01-19,71.15314483642578,70.61672973632812,-29.33824041781685,1,-24.00485294329193,-30.779975689902834,1024937.8891780091,
2017-01-20,70.81592559814453,70.96630859375,-28.51494056077796,1,-24.13654709966398,-30.551042067804644,1026311.4853694154,
2017-01-23,71.15314483642578,70.96630859375,-28.988661560394974,1,-24.118609919858145,-30.360732401976072,1025637.0468928529,
2017-01-24,70.47870635986328,71.31590270996094,-27.691625444950006,1,-24.089392033669093,-30.151398516166516,1027685.1120783997,
2017-02-02,68.79261016845703,69.91754913330078,-26.721374023525087,1,-24.145601363022035,-30.28498757642031,1028260.5973078919,
2017-02-03,69.12983703613281,69.91754913330078,-27.19510574081177,1,-23.976575395903932,-30.07429536983764,1027586.1435725404,
2017-02-06,70.81592559814453,70.26713562011719,-29.21411353441077,1,-24.053125080336404,-30.158495908206195,1024913.1394221497,
2017-02-07,70.47870635986328,70.61672973632812,-28.39079841858282,1,-24.165261359669252,-30.670877082190138,1026286.7661311341,
2017-02-08,70.1414794921875,70.26713562011719,-28.26666081750706,1,-24.07405437786068,-30.37981839872764,1026262.0316340638,
2017-02-09,70.81592559814453,69.91754913330078,-29.563700021227177,1,-24.115967413196515,-30.4640656205245,1024213.9664485169,
2017-02-10,70.81592559814453,70.61672973632812,-28.864519418199833,1,-24.194219399121444,-30.96423082674611,1025612.3276545716,
2017-02-13,70.81592559814453,70.61672973632812,-28.864519418199833,1,-24.22541865160952,-30.816752971577845,1025612.3276545716,
2017-02-14,71.82757568359375,70.61672973632812,-30.285671699381197,1,-24.599069381241463,-30.834533673010775,1023589.0274836732,
2017-02-15,71.49036407470703,70.61672973632812,-29.811961417433864,1,-24.300150615616975,-31.55047189924981,1024263.4507014466,
2017-02-16,71.82757568359375,70.61672973632812,-30.285671699381197,1,-24.532820523164045,-31.418535152893956,1023589.0274836732,
2017-02-17,71.82757568359375,70.61672973632812,-30.285671699381197,1,-24.710174123423933,-31.67684410783741,1023589.0274836732,
2017-02-18,71.82757568359375,70.61672973632812,-30.285671699381197,1,-24.450908503963472,-31.934576117068115,1023589.0274836732,
2017-02-20,72.16480255126953,70.96630859375,-30.40982455924602,1,-24.4795918689807,-32.064130087681065,1023613.7314631654,
2017-02-21,72.83924102783203,70.61672973632812,-31.706845415901924,1,-24.41130963759796,-32.26441781793114,1021565.6967951966,
2017-02-22,72.16480255126953,70.61672973632812,-30.759403416667894,1,-24.545428895549936,-33.65103304008774,1022914.5737483216,
2017-02-23,72.83924102783203,71.31590270996094,-31.00767244226911,1,-24.511664654763997,-32.82176700508636,1022964.0427424622,
2017-02-24,72.83924102783203,71.31590270996094,-31.00767244226911,1,-24.714768196652503,-33.11049668977222,1022964.0427424622,
2017-03-01,72.83924102783203,70.96630859375,-31.35726655848005,1,-24.62672691670264,-33.28379468706853,1022264.8545100404,
2017-03-02,72.83924102783203,71.31590270996094,-31.00767244226911,1,-24.50572378553993,-33.77329724411905,1022964.0427424622,
2017-03-03,73.17645263671875,71.66548919677734,-31.13179623740004,1,-24.728037601463548,-33.57035236541625,1022988.7924983216,
2017-03-06,72.83924102783203,71.66548919677734,-30.658085955452705,1,-24.795938548893297,-33.77258108594356,1023663.2157160951,
2017-03-07,73.51368713378906,71.66548919677734,-31.605538672356403,1,-25.330496142421758,-33.30615754169973,1022314.323504181,
2017-03-08,73.17645263671875,72.01507568359375,-30.782209750583633,1,-25.360595567825122,-34.067222972431274,1023687.9654719544,
2017-03-09,73.17645263671875,72.36466979980469,-30.432615634372695,1,-25.23221368144185,-33.58536640046451,1024387.1537043763,
2017-03-10,73.51368713378906,72.01507568359375,-31.255952185539996,1,-25.301325841567248,-33.41732213831854,1023013.4964778138,
2017-03-13,73.85089111328125,72.36466979980469,-31.380057633606725,1,-25.43375602571628,-33.8763159272215,1023038.2767512513,
2017-03-14,73.85089111328125,72.36466979980469,-31.380057633606725,1,-25.21037502812341,-34.17568669102688,1023038.2767512513,
2017-03-15,74.1881103515625,72.01507568359375,-32.20337274943468,1,-25.569313362350677,-34.16352058910304,1021664.6500422669,
2017-03-16,73.85089111328125,72.71424865722656,-31.03047877618485,1,-25.89958833195142,-34.71694591853704,1023737.4344660951,
2017-03-17,74.1881103515625,73.4134292602539,-30.80501917277452,1,-25.764422695882885,-33.96536941917821,1024461.3571955872,
2017-03-20,75.19977569580078,74.11260223388672,-31.52701991566242,1,-26.22251509105257,-33.62649816076259,1023836.3724543763,
2017-03-21,75.53699493408203,74.11260223388672,-32.00074091527944,1,-26.30282953145687,-33.9471908042933,1023161.9339778138,
2017-03-22,75.19977569580078,73.0638427734375,-32.57577937611164,1,-26.56009202504867,-34.04974375672427,1021738.8535334779,
2017-03-23,75.19977569580078,73.0638427734375,-32.57577937611164,1,-26.556750098345404,-34.559434352017256,1021738.8535334779,
2017-03-24,75.53699493408203,73.0638427734375,-33.049500375728655,1,-26.382343213382516,-34.90902322110971,1021064.4150569154,
2017-03-27,76.54863739013672,73.4134292602539,-34.121055452423946,1,-26.950313296852478,-34.9684343687752,1019740.3031184388,
2017-03-28,75.19977569580078,73.4134292602539,-32.226192889295234,1,-27.01495605656068,-36.47676416038241,1022438.0265071107,
2017-03-29,75.19977569580078,72.71424865722656,-32.92537349232258,1,-27.033435204855273,-34.448786619729546,1021039.665301056,
2017-03-30,75.19977569580078,72.71424865722656,-32.92537349232258,1,-27.223521821945955,-34.69333526843536,1021039.665301056,
2017-03-31,75.19977569580078,72.01507568359375,-33.62454646595539,1,-27.398248362227115,-34.61452423925957,1019641.3193537904,
2017-04-05,76.21142578125,72.36466979980469,-34.69610463092583,1,-27.859663004042936,-34.53320228478618,1018317.2074153138,
2017-04-06,76.54863739013672,72.71424865722656,-34.82023605545129,1,-27.94224602775098,-35.23825166244521,1018341.9419123841,
2017-04-07,76.88587188720703,73.0638427734375,-34.944384374196716,1,-27.660163218720683,-36.626347908255866,1018366.6611506654,
2017-04-10,76.21142578125,72.71424865722656,-34.346525773503956,1,-27.887674362774238,-36.7382041295959,1019016.3651301576,
2017-04-11,76.88587188720703,72.36466979980469,-35.64355734782953,1,-27.57660404099737,-36.674375771527934,1016968.3152033997,
2017-04-12,76.21142578125,72.36466979980469,-34.69610463092583,1,-27.654968966683946,-39.40862990921699,1018317.2074153138,
2017-04-13,76.54863739013672,72.36466979980469,-35.169814912873164,1,-27.74863623022365,-37.258373181486874,1017642.7841975404,
2017-04-14,76.21142578125,72.36466979980469,-34.69610463092583,1,-27.809144213941707,-38.106960197018736,1018317.2074153138,
2017-04-17,76.88587188720703,73.0638427734375,-34.944384374196716,1,-27.8687144197048,-37.51018171222097,1018366.6611506654,
2017-04-18,76.54863739013672,72.71424865722656,-34.82023605545129,1,-27.31978366689915,-38.58927617767862,1018341.9419123841,
2017-04-19,74.52533721923828,72.01507568359375,-32.67710446672136,1,-27.796573033730752,-38.50429024636114,1020990.1963069154,
2017-04-20,74.1881103515625,71.66548919677734,-32.552959236251084,1,-27.193237721467042,-36.585286610821356,1020965.4770686341,
2017-04-21,74.86255645751953,72.01507568359375,-33.150825466338375,1,-27.386049873193883,-36.60211157663263,1020315.7578303529,
2017-04-24,74.52533721923828,72.01507568359375,-32.67710446672136,1,-27.461909899114556,-36.893026665878,1020990.1963069154,
2017-04-25,75.53699493408203,72.36466979980469,-33.74867334936147,1,-27.377818145091297,-36.694401128540775,1019666.0691096497,
2017-04-26,75.53699493408203,72.01507568359375,-34.098267465572405,1,-27.954650188186413,-37.232954874636654,1018966.8808772279,
2017-04-27,74.86255645751953,72.01507568359375,-33.150825466338375,1,-28.436815068047643,-37.280348814145746,1020315.7578303529,
2017-04-28,75.19977569580078,71.31590270996094,-34.3237194395882,1,-28.258524131503933,-36.871034693249825,1018242.9734065247,
2017-05-02,75.19977569580078,72.01507568359375,-33.62454646595539,1,-28.994117162022288,-37.001973074960134,1019641.3193537904,
2017-05-03,76.21142578125,72.36466979980469,-34.69610463092583,1,-29.438525977820877,-36.258265505306895,1018317.2074153138,
2017-05-04,77.22308349609375,72.71424865722656,-35.767688772355,1,-29.56636736310636,-36.57251670288124,1016993.0497004701,
2017-05-05,75.87419891357422,72.36466979980469,-34.222372913639134,1,-29.274155739838363,-38.02370141440437,1018991.6611506654,
2017-05-08,76.88587188720703,73.0638427734375,-34.944384374196716,1,-29.52939892778051,-36.71635586445352,1018366.6611506654,
2017-05-09,75.87419891357422,73.4134292602539,-33.173613453189915,1,-29.77231348430157,-36.84854938814737,1021089.1800715638,
2017-05-10,75.87419891357422,73.0638427734375,-33.52319994000632,1,-29.38854507738008,-36.514273299731066,1020390.007097931,
2017-05-11,76.88587188720703,73.0638427734375,-34.944384374196716,1,-29.774377694070207,-36.393704882255605,1018366.6611506654,
2017-05-12,77.22308349609375,73.76300811767578,-34.71892931190578,1,-29.97277803331987,-36.66175847871543,1019090.5686213685,
2017-05-15,76.88587188720703,74.11260223388672,-33.8956249137475,1,-29.767887582167198,-36.83381334311132,1020464.1800715638,
2017-05-16,76.88587188720703,74.11260223388672,-33.8956249137475,1,-29.972518676120693,-36.521957213525276,1020464.1800715638,
2017-05-17,76.54863739013672,74.11260223388672,-33.42188247879113,1,-29.982526308787293,-36.53959026791092,1021138.6490657044,
2017-05-18,76.88587188720703,74.11260223388672,-33.8956249137475,1,-30.063603998547546,-36.41998730913311,1020464.1800715638,
2017-05-19,76.54863739013672,73.76300811767578,-33.77147659500207,1,-30.21246785463405,-36.45002232432119,1020439.4608332826,
2017-05-22,76.88587188720703,74.11260223388672,-33.8956249137475,1,-30.299628333115084,-36.40085208869889,1020464.1800715638,
2017-05-23,76.54863739013672,74.11260223388672,-33.42188247879113,1,-30.135752555120312,-36.49017894013128,1021138.6490657044,
2017-05-24,75.87419891357422,74.11260223388672,-32.4744404795571,1,-30.390775746853258,-36.36238587257707,1022487.5260188294,
2017-05-25,75.87419891357422,74.81178283691406,-31.77525987652976,0,-30.31496908335085,-36.27030863719955,1023819.8597856141,Close
2017-05-26,76.21142578125,74.81178283691406,-32.248991593816456,0,-30.26176021241007,-36.230827151275165,1023819.8597856141,
2017-05-31,75.53699493408203,75.16136169433594,-30.951981454830218,0,-30.308556021095978,-36.23144851334261,1023819.8597856141,
2017-06-01,76.21142578125,75.51094818115234,-31.549826249578174,0,-30.1518068341472,-36.23362408580612,1023819.8597856141,
2017-06-02,76.21142578125,75.51094818115234,-31.549826249578174,0,-30.26363987783622,-36.208972678099734,1023819.8597856141,
2017-06-03,76.21142578125,75.51094818115234,-31.549826249578174,0,-30.412695772243215,-36.15317960626024,1023819.8597856141,
2017-06-05,76.54863739013672,75.51094818115234,-32.02353653152551,0,-30.241887555310758,-36.1863339986439,1023819.8597856141,
2017-06-06,76.21142578125,75.51094818115234,-31.549826249578174,0,-30.532971109356478,-36.11898183115437,1023819.8597856141,
2017-06-07,76.21142578125,75.16136169433594,-31.89941273639458,0,-30.61325338125878,-36.04893103070568,1023819.8597856141,
2017-06-08,76.21142578125,75.86053466796875,-31.20023976276177,0,-30.55878111257025,-36.067019882587196,1023819.8597856141,
2017-06-09,76.21142578125,75.51094818115234,-31.549826249578174,0,-30.41710891285683,-36.090022977911765,1023819.8597856141,
2017-06-12,75.87419891357422,75.51094818115234,-31.076094532291478,0,-30.486585148736896,-36.07505687212837,1023819.8597856141,
2017-06-13,76.21142578125,75.51094818115234,-31.549826249578174,0,-30.197452703208842,-36.124189205814304,1023819.8597856141,
2017-06-14,76.21142578125,75.51094818115234,-31.549826249578174,0,-30.517560041850867,-36.07437380599327,1023819.8597856141,
2017-06-15,75.87419891357422,75.86053466796875,-30.72650804547507,0,-30.611376169490367,-36.03224583034543,1023819.8597856141,
2017-06-16,76.21142578125,75.16136169433594,-31.89941273639458,0,-30.25886067033829,-36.1290294541645,1023819.8597856141,
2017-06-19,76.54863739013672,75.51094818115234,-32.02353653152551,0,-30.402117553803002,-36.09572484172639,1023819.8597856141,
2017-06-20,76.88587188720703,75.16136169433594,-32.84686545329828,0,-30.322638268865518,-36.088217764795004,1023819.8597856141,
2017-06-21,77.22308349609375,75.16136169433594,-33.320575735245626,0,-30.42803149374918,-36.11357378860186,1023819.8597856141,
2017-06-22,77.56029510498047,75.86053466796875,-33.09511304356015,0,-30.42666148441514,-36.124302429635534,1023819.8597856141,
2017-06-23,77.22308349609375,75.86053466796875,-32.62140276161281,0,-30.344248094667066,-35.98433695438753,1023819.8597856141,
2017-06-26,77.56029510498047,76.21012878417969,-32.74551892734921,0,-30.465661259337217,-36.08863299154138,1023819.8597856141,
2017-06-27,77.56029510498047,76.21012878417969,-32.74551892734921,0,-30.39009962788446,-36.06459628226704,1023819.8597856141,
2017-06-28,77.56029510498047,75.86053466796875,-33.09511304356015,0,-30.385043790518424,-36.06350482332276,1023819.8597856141,
2017-06-29,76.88587188720703,75.51094818115234,-32.49727896648187,0,-30.357102311573257,-36.01472316513208,1023819.8597856141,
2017-06-30,77.22308349609375,75.51094818115234,-32.97098924842922,0,-30.25576854297729,-35.770813039475996,1023819.8597856141,
2017-07-03,77.56029510498047,76.21012878417969,-32.74551892734921,0,-30.32479761620559,-35.714049162094796,1023819.8597856141,
2017-07-04,77.22308349609375,75.51094818115234,-32.97098924842922,0,-30.321860415968963,-35.6043242763973,1023819.8597856141,
2017-07-05,77.56029510498047,76.21012878417969,-32.74551892734921,0,-30.33449877283102,-35.66103716994049,1023819.8597856141,
2017-07-06,77.56029510498047,75.86053466796875,-33.09511304356015,0,-30.422178758863602,-35.29914345465367,1023819.8597856141,
2017-07-07,77.22308349609375,75.86053466796875,-32.62140276161281,0,-30.420540559188485,-35.40394545530497,1023819.8597856141,
2017-07-10,76.21142578125,75.86053466796875,-31.20023976276177,0,-30.44016428023766,-35.1996500970886,1023819.8597856141,
2017-07-11,75.6514663696289,76.21012878417969,-30.064022280784073,-1,-30.19104820315596,-35.193502542049856,1023753.785321808,Short Spread
2017-07-12,75.6514663696289,76.21012878417969,-30.064022280784073,-1,-29.81947806568172,-35.14683057100898,1023753.785321808,
2017-07-13,76.00497436523438,76.55970764160156,-30.211046647734463,-1,-29.68617854207,-35.106061467719265,1023761.6435981751,
2017-07-14,75.29795837402344,76.55970764160156,-29.21784019898992,-1,-29.475253355383607,-35.41374957503479,1022347.6116157533,
2017-07-17,74.94444274902344,76.90929412841797,-28.371639770131566,-1,-28.630404226600177,-35.65424561451569,1020941.4073921205,
2017-07-18,75.6514663696289,77.2588882446289,-29.015262820334854,-1,-26.847718354986313,-35.80312789798921,1021656.2664009095,
2017-07-19,75.29795837402344,76.90929412841797,-28.868253712173512,-1,-27.700996539995003,-35.79981209164272,1021648.4386421205,
2017-07-20,75.6514663696289,76.55970764160156,-29.714443423362198,-1,-27.104335045099603,-35.46551651971643,1023054.6276069642,
2017-07-21,75.6514663696289,75.78495788574219,-30.489193179221573,-1,-27.91983013848929,-35.2667952529409,1024604.127118683,
2017-07-24,76.35848999023438,75.78495788574219,-31.482410345635785,-1,-28.245764051051953,-35.479566782251126,1026018.1743598939,
2017-07-25,75.6514663696289,75.78495788574219,-30.489193179221573,-1,-28.594882448116913,-35.143284855737164,1024604.127118683,
2017-07-26,75.6514663696289,75.78495788574219,-30.489193179221573,-1,-28.214074608223527,-35.219864940993524,1024604.127118683,
2017-07-27,76.35848999023438,75.78495788574219,-31.482410345635785,-1,-28.30293257157089,-34.79105963564997,1026018.1743598939,
2017-07-28,76.00497436523438,75.41883850097656,-31.351915788359463,-1,-28.849936116766457,-34.40497921148095,1026043.3818794251,
2017-07-31,76.35848999023438,74.68661499023438,-32.5807532411436,-1,-28.637879501558377,-34.64898478194799,1028214.8601509095,
2017-08-01,76.35848999023438,74.68661499023438,-32.5807532411436,-1,-28.95445211352645,-34.50458650416416,1028214.8601509095,
2017-08-02,76.35848999023438,74.68661499023438,-32.5807532411436,-1,-28.856257433122906,-34.91458488718843,1028214.8601509095,
2017-08-03,76.00497436523438,74.68661499023438,-32.08413929910165,-1,-28.869326573430573,-34.78039111234032,1027507.8289009095,
2017-08-04,76.00497436523438,75.05272674560547,-31.718027543730557,-1,-29.041978454318382,-34.13516149066087,1026775.6053901673,
2017-08-07,76.00497436523438,74.68661499023438,-32.08413929910165,-1,-29.047134756804883,-34.03286683675995,1027507.8289009095,
2017-08-08,76.00497436523438,75.05272674560547,-31.718027543730557,-1,-29.03548338361002,-34.19874134212276,1026775.6053901673,
2017-08-09,76.00497436523438,74.68661499023438,-32.08413929910165,-1,-29.033923208168346,-34.07178461041413,1027507.8289009095,
2017-08-10,76.35848999023438,74.68661499023438,-32.5807532411436,0,-29.062356195916657,-34.171717899744685,1028148.8183467103,Close
2017-08-11,75.6514663696289,74.68661499023438,-31.587536074729385,0,-29.160397866022564,-34.06001454395867,1028148.8183467103,
2017-08-14,76.00497436523438,74.68661499023438,-32.08413929910165,0,-29.116525638146296,-33.89697868581954,1028148.8183467103,
2017-08-15,76.00497436523438,75.05272674560547,-31.718027543730557,0,-29.21635026058021,-33.83317944040644,1028148.8183467103,
2017-08-16,76.00497436523438,75.05272674560547,-31.718027543730557,0,-29.187924348139635,-33.82045992136884,1028148.8183467103,
2017-08-17,76.35848999023438,75.05272674560547,-32.2146414857725,0,-29.172158867258027,-33.95486783738934,1028148.8183467103,
2017-08-18,75.6514663696289,75.05272674560547,-31.22142431935829,0,-29.24680794399911,-34.12331800915021,1028148.8183467103,
2017-08-21,76.35848999023438,75.05272674560547,-32.2146414857725,0,-29.116078625649408,-33.94173598039716,1028148.8183467103,
2017-08-22,75.6514663696289,75.41883850097656,-30.855312563987198,0,-29.35359642166862,-34.18105791963297,1028148.8183467103,
2017-08-23,76.00497436523438,75.41883850097656,-31.351915788359463,0,-29.116449908621348,-34.0230558580475,1028148.8183467103,
2017-08-24,76.00497436523438,75.41883850097656,-31.351915788359463,0,-29.17984250155269,-34.04579399892547,1028148.8183467103,
2017-08-25,76.00497436523438,75.78495788574219,-30.985796403593838,0,-29.175386057923486,-34.04350382667891,1028148.8183467103,
2017-08-28,76.71199798583984,76.15106201171875,-31.612909444031487,0,-29.07070306738515,-33.959515673297595,1028148.8183467103,
2017-08-29,76.35848999023438,76.15106201171875,-31.116306219659222,0,-29.18141773081607,-34.051244963790126,1028148.8183467103,
2017-08-30,76.00497436523438,76.51716613769531,-30.253588151640713,0,-29.083893935069725,-33.97049584988416,1028148.8183467103,
2017-08-31,76.35848999023438,76.8832778930664,-30.384090338311566,0,-28.96110024390785,-34.0205874137711,1028148.8183467103,
2017-09-01,76.35848999023438,76.51716613769531,-30.75020209368266,0,-28.90423802743026,-33.99168259513912,1028148.8183467103,
2017-09-04,76.35848999023438,76.8832778930664,-30.384090338311566,0,-29.01578260858075,-34.034411229172875,1028148.8183467103,
2017-09-05,76.00497436523438,76.51716613769531,-30.253588151640713,0,-28.848387644685346,-33.98922594680545,1028148.8183467103,
2017-09-06,76.00497436523438,76.15106201171875,-30.619692277617276,0,-28.771099086566256,-33.987579199096004,1028148.8183467103,
2017-09-07,75.6514663696289,76.51716613769531,-29.756984927268448,0,-28.952804662247743,-34.05055309466728,1028148.8183467103,
2017-09-08,76.00497436523438,76.8832778930664,-29.88747639626962,0,-28.488820072128313,-33.941012001759994,1028148.8183467103,
2017-09-11,75.6514663696289,76.51716613769531,-29.756984927268448,0,-28.45698304264145,-33.90235780100702,1028148.8183467103,
2017-09-12,75.6514663696289,76.51716613769531,-29.756984927268448,0,-28.353404263750626,-33.676072379602296,1028148.8183467103,
2017-09-13,75.6514663696289,76.15106201171875,-30.12308905324501,0,-28.381422039530904,-33.47760447907578,1028148.8183467103,
2017-09-14,75.6514663696289,76.15106201171875,-30.12308905324501,0,-28.462326564283885,-33.460596271964285,1028148.8183467103,
2017-09-15,76.35848999023438,76.51716613769531,-30.75020209368266,0,-28.41222269328957,-33.501451830994775,1028148.8183467103,
2017-09-18,75.6514663696289,76.15106201171875,-30.12308905324501,0,-28.55183312090012,-33.44993586171925,1028148.8183467103,
2017-09-19,76.35848999023438,76.15106201171875,-31.116306219659222,0,-28.434134162512567,-33.357778761265074,1028148.8183467103,
2017-09-20,76.00497436523438,76.15106201171875,-30.619692277617276,0,-28.638849280643658,-33.277206947350884,1028148.8183467103,
2017-09-21,75.6514663696289,75.78495788574219,-30.489193179221573,0,-28.560739135092728,-33.29453173880285,1028148.8183467103,
2017-09-22,75.6514663696289,75.78495788574219,-30.489193179221573,0,-28.59024108326839,-33.11236786525168,1028148.8183467103,
2017-09-25,75.6514663696289,75.41883850097656,-30.855312563987198,0,-28.594620360457064,-33.07568267824374,1028148.8183467103,
2017-09-26,75.6514663696289,75.41883850097656,-30.855312563987198,0,-28.685733276995816,-32.96835739024348,1028148.8183467103,
2017-09-27,75.6514663696289,75.41883850097656,-30.855312563987198,0,-28.7043240678287,-32.926748135021946,1028148.8183467103,
2017-09-28,76.35848999023438,75.41883850097656,-31.84852973040141,0,-28.780923483570817,-32.76322218836013,1028148.8183467103,
2017-09-29,76.35848999023438,76.51716613769531,-30.75020209368266,0,-28.81599339810109,-32.87704415911672,1028148.8183467103,
2017-10-02,76.71199798583984,75.78495788574219,-31.97901357000805,0,-28.76948342311022,-32.940565693026784,1028148.8183467103,
2017-10-03,75.6514663696289,75.41883850097656,-30.855312563987198,0,-28.93074620678862,-33.15372950521478,1028148.8183467103,
2017-10-05,76.00497436523438,75.41883850097656,-31.351915788359463,0,-28.913600528978783,-33.03815530108667,1028148.8183467103,
2017-10-06,76.35848999023438,75.41883850097656,-31.84852973040141,0,-28.94883583244815,-33.0810615484988,1028148.8183467103,
2017-10-11,76.35848999023438,75.41883850097656,-31.84852973040141,0,-29.165561675623973,-33.106190686866185,1028148.8183467103,
2017-10-12,76.00497436523438,75.41883850097656,-31.351915788359463,0,-29.443709435764827,-32.96489875829978,1028148.8183467103,
2017-10-13,77.06551361083984,75.78495788574219,-32.475627512049996,0,-29.45925827860784,-32.91565008474785,1028148.8183467103,
2017-10-16,76.35848999023438,75.41883850097656,-31.84852973040141,0,-29.594273424501168,-32.96627705348991,1028148.8183467103,
2017-10-17,76.35848999023438,75.78495788574219,-31.482410345635785,0,-29.58423062032968,-32.94209088748814,1028148.8183467103,
2017-10-18,76.35848999023438,75.41883850097656,-31.84852973040141,0,-29.549535839911933,-32.93419818180338,1028148.8183467103,
2017-10-19,76.00497436523438,75.05272674560547,-31.718027543730557,0,-29.51150326131279,-32.942231427970526,1028148.8183467103,
2017-10-20,76.00497436523438,75.05272674560547,-31.718027543730557,0,-29.587939940836765,-32.97772285079231,1028148.8183467103,
2017-10-23,76.00497436523438,75.41883850097656,-31.351915788359463,0,-29.617053134164625,-32.98884121696153,1028148.8183467103,
2017-10-24,76.00497436523438,75.05272674560547,-31.718027543730557,0,-29.555111524146177,-32.938211417099694,1028148.8183467103,
2017-10-25,75.6514663696289,75.05272674560547,-31.22142431935829,0,-29.571652699770343,-32.97603034474328,1028148.8183467103,
2017-10-26,76.00497436523438,75.05272674560547,-31.718027543730557,0,-29.566401768239935,-32.793444580327254,1028148.8183467103,
2017-10-27,76.00497436523438,75.41883850097656,-31.351915788359463,0,-29.605556649428582,-32.770650540377204,1028148.8183467103,
2017-10-30,75.6514663696289,75.05272674560547,-31.22142431935829,0,-29.62329241953244,-32.691958691175586,1028148.8183467103,
2017-10-31,76.00497436523438,75.41883850097656,-31.351915788359463,0,-29.61939968517089,-32.69154706857102,1028148.8183467103,
2017-11-01,75.29795837402344,75.05272674560547,-30.724821094986012,0,-29.625715875467108,-32.70686373658743,1028148.8183467103,
2017-11-02,74.94444274902344,74.68661499023438,-30.59431890831516,0,-29.594465484084754,-32.62820877667595,1028148.8183467103,
2017-11-03,74.94444274902344,74.68661499023438,-30.59431890831516,0,-29.57061440746389,-32.627826716676296,1028148.8183467103,
2017-11-06,75.29795837402344,74.68661499023438,-31.090932850357106,0,-29.563433322599646,-32.56345946236591,1028148.8183467103,
2017-11-07,75.6514663696289,75.05272674560547,-31.22142431935829,0,-29.627831695844403,-32.46182296787253,1028148.8183467103,
2017-11-08,75.6514663696289,75.41883850097656,-30.855312563987198,0,-29.62504587852088,-32.51286355472109,1028148.8183467103,
2017-11-09,76.35848999023438,75.41883850097656,-31.84852973040141,0,-29.62012253815532,-32.42756138369098,1028148.8183467103,
2017-11-10,76.00497436523438,75.78495788574219,-30.985796403593838,0,-29.635153119359824,-32.49538347885023,1028148.8183467103,
2017-11-13,75.6514663696289,75.05272674560547,-31.22142431935829,0,-29.62248944087121,-32.438858037895095,1028148.8183467103,
2017-11-14,75.6514663696289,75.41883850097656,-30.855312563987198,0,-29.65135398912916,-32.36723154414019,1028148.8183467103,
2017-11-15,75.6514663696289,75.05272674560547,-31.22142431935829,0,-29.639914907279238,-32.39383354609153,1028148.8183467103,
2017-11-16,75.6514663696289,75.05272674560547,-31.22142431935829,0,-29.669981804251908,-32.30044760812688,1028148.8183467103,
2017-11-17,76.00497436523438,75.41883850097656,-31.351915788359463,0,-29.688398366051167,-32.36427175258161,1028148.8183467103,
2017-11-20,76.35848999023438,75.05272674560547,-32.2146414857725,0,-29.677982065756677,-32.35310643487183,1028148.8183467103,
2017-11-21,76.00497436523438,75.41883850097656,-31.351915788359463,0,-29.65489508015685,-32.46033460457244,1028148.8183467103,
2017-11-22,76.71199798583984,75.78495788574219,-31.97901357000805,0,-29.667028838262496,-32.42715818911746,1028148.8183467103,
2017-11-23,76.71199798583984,75.78495788574219,-31.97901357000805,0,-29.649040688402447,-32.458588364397784,1028148.8183467103,
2017-11-24,76.71199798583984,76.15106201171875,-31.612909444031487,0,-29.649858726102085,-32.52219796327015,1028148.8183467103,
2017-11-27,76.71199798583984,76.15106201171875,-31.612909444031487,0,-29.726146014663446,-32.525020562689484,1028148.8183467103,
2017-11-28,76.71199798583984,76.51716613769531,-31.246805318054925,0,-29.74544849347823,-32.53798212225346,1028148.8183467103,
2017-11-29,76.35848999023438,76.51716613769531,-30.75020209368266,0,-29.729900963476336,-32.52176217281094,1028148.8183467103,
2017-11-30,76.00497436523438,75.78495788574219,-30.985796403593838,0,-29.748506090057102,-32.50597362572901,1028148.8183467103,
2017-12-01,76.71199798583984,76.15106201171875,-31.612909444031487,0,-29.798249333977598,-32.50157901647226,1028148.8183467103,
2017-12-04,76.35848999023438,76.15106201171875,-31.116306219659222,0,-29.810077147971004,-32.538494226308906,1028148.8183467103,
2017-12-05,76.35848999023438,76.15106201171875,-31.116306219659222,0,-29.92985239544587,-32.476801060681154,1028148.8183467103,
2017-12-06,76.00497436523438,76.15106201171875,-30.619692277617276,0,-29.986211500645314,-32.44824321094695,1028148.8183467103,
2017-12-07,75.6514663696289,76.51716613769531,-29.756984927268448,-1,-30.04120762654731,-32.399214920967516,1028082.73160141,Short Spread
2017-12-08,75.29795837402344,76.51716613769531,-29.26038170289617,-1,-30.0015894508146,-32.40525484035208,1027375.715610199,
2017-12-11,75.29795837402344,76.51716613769531,-29.26038170289617,-1,-29.844310333077413,-32.49210254694346,1027375.715610199,
2017-12-12,75.29795837402344,76.51716613769531,-29.26038170289617,-1,-29.740108841742185,-32.55729929060291,1027375.715610199,
2017-12-13,75.29795837402344,76.51716613769531,-29.26038170289617,-1,-29.546789127395016,-32.631923034400614,1027375.715610199,
2017-12-14,75.29795837402344,76.8832778930664,-28.894269947525075,-1,-29.50256031414403,-32.687164004646355,1026643.4920994568,
2017-12-15,74.94444274902344,77.24938201904297,-28.031551879506566,-1,-29.085129929273066,-32.788911250169825,1025204.2525975037,
2017-12-18,75.6514663696289,76.8832778930664,-29.390873171897354,-1,-28.234538853731376,-33.16645505006587,1027350.5080906678,
2017-12-19,74.94444274902344,76.8832778930664,-28.397656005483128,-1,-28.960632639682938,-32.94460628809936,1025936.4608494568,
2017-12-20,75.29795837402344,77.24938201904297,-28.528165821548512,-1,-28.42546326861777,-33.14016429412585,1025911.2838475037,
2017-12-21,75.29795837402344,76.8832778930664,-28.894269947525075,-1,-28.22647935712081,-33.15323843527585,1026643.4920994568,
2017-12-22,75.29795837402344,77.24938201904297,-28.528165821548512,-1,-28.275025686467202,-33.13763561859139,1025911.2838475037,
2017-12-25,75.29795837402344,77.6155014038086,-28.162046436782887,-1,-27.92795112064266,-33.218675293782574,1025179.0450779725,
2017-12-26,75.29795837402344,77.24938201904297,-28.528165821548512,-1,-27.34030309095044,-33.05742107900333,1025911.2838475037,
2017-12-27,76.35848999023438,77.6155014038086,-29.65186682756938,-1,-27.488538552351997,-33.26614103573701,1027300.1083103943,
2017-12-28,76.71199798583984,77.24938201904297,-30.51458943670727,-1,-27.949918330594326,-32.91286861146864,1028739.3630711365,
2017-12-29,76.00497436523438,77.6155014038086,-29.15525288552743,-1,-28.195048079572533,-33.19104762008575,1026593.0770603943,
2018-01-02,76.35848999023438,78.7138442993164,-28.553523932061566,-1,-27.728413538502572,-33.037052149642754,1025103.4225193787,
2018-01-03,76.71199798583984,79.07994842529297,-28.68402303045727,-1,-27.331977586707374,-32.89747039472205,1025078.2302586365,
2018-01-04,76.71199798583984,79.07994842529297,-28.68402303045727,-1,-27.338687956332297,-32.847906782697414,1025078.2302586365,
2018-01-05,76.71199798583984,79.44605255126953,-28.317918904480706,-1,-27.228394006151923,-32.944179638016436,1024346.0220066834,
2018-01-08,77.77253723144531,79.44605255126953,-29.80775001293688,-1,-27.029047957822712,-32.50049774806546,1026467.1004978943,
2018-01-09,78.47956085205078,79.81217193603516,-30.434847794585465,-1,-27.6112062543378,-32.73793052164473,1027148.908969574,
2018-01-10,77.77253723144531,79.44605255126953,-29.80775001293688,-1,-27.72008595283744,-32.859831577085885,1026467.1004978943,
2018-01-11,78.47956085205078,79.44605255126953,-30.80096717935109,-1,-27.6257442773181,-32.65622125739853,1027881.1477391053,
2018-01-12,78.47956085205078,79.44605255126953,-30.80096717935109,-1,-27.76937273557108,-32.77314761249622,1027881.1477391053,
2018-01-15,79.18657684326172,79.81217193603516,-31.42805424333001,0,-27.781316295119627,-32.734884047686265,1028496.5810020447,Close
2018-01-16,78.47956085205078,79.81217193603516,-30.434847794585465,0,-27.806182557091795,-32.93607452990671,1028496.5810020447,
2018-01-17,78.47956085205078,79.81217193603516,-30.434847794585465,0,-27.761867265746172,-32.65532916596846,1028496.5810020447,
2018-01-18,77.41902160644531,78.7138442993164,-30.043344322848057,0,-27.762005588459523,-32.72390285272183,1028496.5810020447,
2018-01-19,77.41902160644531,79.81217193603516,-28.945016686129307,0,-27.72668043687031,-32.5340426449057,1028496.5810020447,
2018-01-22,77.41902160644531,79.44605255126953,-29.311136070894932,0,-27.479046377710162,-32.52825849235644,1028496.5810020447,
2018-01-23,77.41902160644531,79.81217193603516,-28.945016686129307,0,-27.53991298114864,-32.52191313816046,1028496.5810020447,
2018-01-24,77.77253723144531,79.44605255126953,-29.80775001293688,0,-27.42493896176075,-32.44755938594973,1028496.5810020447,
2018-01-25,77.77253723144531,79.44605255126953,-29.80775001293688,0,-27.58834897489588,-32.56808415019034,1028496.5810020447,
2018-01-26,78.12605285644531,79.44605255126953,-30.304363954978825,0,-27.58428117308,-32.570818988394684,1028496.5810020447,
2018-01-29,78.83306884765625,80.17827606201172,-30.565346892981168,0,-27.636563535051696,-32.6085938884118,1028496.5810020447,
2018-01-30,78.47956085205078,79.07994842529297,-31.167071305327653,0,-27.639227950935435,-32.54421501713259,1028496.5810020447,
2018-01-31,78.83306884765625,79.44605255126953,-31.297570403723356,0,-27.660427458326197,-32.61123971449991,1028496.5810020447,
2018-02-01,78.83306884765625,79.81217193603516,-30.93145101895773,0,-27.664893179834458,-32.721385166408275,1028496.5810020447,
2018-02-02,77.06551361083984,79.81217193603516,-28.448413461757028,0,-27.68392893992261,-32.4145503805607,1028496.5810020447,
2018-02-05,77.06551361083984,79.07994842529297,-29.180636972499215,0,-27.318541582273376,-32.435083036950445,1028496.5810020447,
2018-02-06,74.94444274902344,77.98161315917969,-27.299320739369847,-1,-27.437202234074103,-32.36442386778178,1028430.4639598083,Short Spread
2018-02-07,76.35848999023438,78.7138442993164,-28.553523932061566,-1,-26.854885951806118,-32.496007437169474,1029794.0961619568,
2018-02-08,75.6514663696289,79.07994842529297,-27.19420263967079,-1,-27.155461674406403,-32.3634524906139,1027647.8406687927,
2018-02-09,75.6514663696289,78.7138442993164,-27.560306765647354,-1,-26.69479439642331,-32.402785755386844,1028380.0489207458,
2018-02-12,76.00497436523438,77.98161315917969,-28.789141130156338,-1,-26.706178332333298,-32.323617462918946,1030551.5271922302,
2018-02-21,76.35848999023438,79.81217193603516,-27.455196295342816,-1,-27.018314357041305,-32.077854423312516,1027597.4408885193,
2018-02-22,75.6514663696289,79.44605255126953,-26.82809851369423,-1,-26.66158401310967,-32.167355854884946,1026915.6324168396,
2018-02-23,76.00497436523438,80.17827606201172,-26.592478227324307,-1,-26.42942341089868,-32.01405250446086,1026158.2013865662,
2018-02-26,76.00497436523438,80.54438781738281,-26.226366471953213,-1,-26.24390101679608,-31.94241344415471,1025425.977875824,
2018-02-27,76.00497436523438,80.17827606201172,-26.592478227324307,-1,-25.896753028576175,-31.97320669355099,1026158.2013865662,
2018-03-01,75.29795837402344,79.44605255126953,-26.33149528932195,-1,-25.936026788076084,-31.876410190276836,1026208.6164256287,
2018-03-02,75.6514663696289,79.07994842529297,-27.19420263967079,-1,-25.663111158333663,-31.900243989238938,1027647.8406687927,
2018-03-05,75.29795837402344,79.07994842529297,-26.697599415298512,-1,-25.84883168510462,-31.909645720113218,1026940.8246775818,
2018-03-06,76.00497436523438,80.17827606201172,-26.592478227324307,-1,-25.62605778701775,-31.820764531376028,1026158.2013865662,
2018-03-07,75.6514663696289,80.17827606201172,-26.09587500295204,-1,-25.59429759177771,-31.593861015759067,1025451.1853953552,
2018-03-08,75.6514663696289,80.17827606201172,-26.09587500295204,-1,-25.253198569805253,-31.635894402661958,1025451.1853953552,
2018-03-09,75.29795837402344,80.17827606201172,-25.599271778579762,-1,-25.153992490702986,-31.555683040252912,1024744.1694041443,
2018-03-12,74.94444274902344,79.81217193603516,-25.468761962514378,-1,-24.70169943596228,-31.638525182835277,1024769.3464060974,
2018-03-13,74.94444274902344,79.81217193603516,-25.468761962514378,-1,-24.333412198580298,-31.82229371313592,1024769.3464060974,
2018-03-14,74.94444274902344,79.81217193603516,-25.468761962514378,-1,-24.12823966261602,-31.930829146129295,1024769.3464060974,
2018-03-15,74.94444274902344,79.81217193603516,-25.468761962514378,-1,-23.931382995016655,-31.92862854889085,1024769.3464060974,
2018-03-16,74.59092712402344,80.54438781738281,-24.239932139124775,-1,-23.749947448836753,-31.918095965712315,1022597.8833934021,
2018-03-19,74.94444274902344,80.54438781738281,-24.736546081166722,-1,-22.150799431576583,-32.07525421252802,1023304.9146434021,
2018-03-20,74.94444274902344,80.17827606201172,-25.102657836537816,-1,-22.64241528504127,-32.11248056646388,1024037.1381541443,
2018-03-21,75.6514663696289,80.91050720214844,-25.363643862815323,-1,-22.981749474140067,-32.285750206264574,1023986.7231150818,
2018-03-22,76.35848999023438,81.64273071289062,-25.624637518487347,-1,-22.76143477861828,-31.8468403833093,1023936.3233348083,
2018-03-23,75.6514663696289,80.54438781738281,-25.729763247580948,-1,-22.932257767943376,-32.106833516811946,1024718.961884613,
2018-03-26,76.35848999023438,81.276611328125,-25.990756903252972,-1,-22.87932324906003,-32.05167270308336,1024668.5621043396,
2018-03-27,76.71199798583984,82.00884246826172,-25.75512898748852,-1,-22.917817564543995,-31.91511966259072,1023911.1158152771,
2018-03-28,76.71199798583984,82.37494659423828,-25.389024861511956,-1,-22.723406504827874,-31.99037203612505,1023178.907563324,
2018-03-29,77.06551361083984,81.64273071289062,-26.61785468490156,-1,-22.409818063406508,-32.07984578081184,1025350.3705760193,
2018-03-30,77.41902160644531,82.74105834960938,-26.01613027255509,-1,-23.070246207386084,-32.021112095938534,1023860.7312937927,
2018-04-02,77.77253723144531,82.37494659423828,-26.87885596996813,-1,-22.647856743286123,-31.524229853042133,1025299.9860545349,
2018-04-03,77.41902160644531,82.00884246826172,-26.748346153902745,-1,-23.120181213988158,-31.215069573267908,1025325.163056488,
2018-04-09,77.77253723144531,83.47327423095703,-25.78052833324938,-1,-22.968309266864853,-31.570033131602255,1023103.3307810974,
2018-04-10,77.77253723144531,83.83938598632812,-25.414416577878285,-1,-22.485235377043175,-31.64580524856583,1022371.1072703552,
2018-04-11,77.77253723144531,83.47327423095703,-25.78052833324938,-1,-22.147545463124295,-31.53894890818099,1023103.3307810974,
2018-04-12,77.41902160644531,83.47327423095703,-25.283914391207432,-1,-22.339167978028588,-31.519923315530118,1022396.2995310974,
2018-04-13,77.06551361083984,83.10717010498047,-25.153415292811715,-1,-21.964405717850273,-31.578230280078063,1022421.4917918396,
2018-04-16,78.12605285644531,82.74105834960938,-27.00935815663898,-1,-21.76954510825682,-30.83331690095236,1025274.7937937927,
2018-04-17,77.41902160644531,83.10717010498047,-25.650018517183995,-1,-22.83713538424645,-30.84136951395147,1023128.5077830505,
2018-04-18,77.77253723144531,83.83938598632812,-25.414416577878285,-1,-22.307922783638464,-30.824896795006058,1022371.1072703552,
2018-04-19,77.77253723144531,83.47327423095703,-25.78052833324938,-1,-22.43183623948957,-30.292722388308675,1023103.3307810974,
2018-04-20,77.77253723144531,83.10717010498047,-26.14663245922594,-1,-22.655413670516218,-30.18799765302918,1023835.5390330505,
2018-04-23,77.77253723144531,82.37494659423828,-26.87885596996813,-1,-23.030748133079328,-29.849897947110193,1025299.9860545349,
2018-04-24,77.06551361083984,81.276611328125,-26.983974069667184,-1,-23.078093436115065,-30.08268978133835,1026082.6093455505,
2018-04-25,76.71199798583984,80.91050720214844,-26.8534642536018,-1,-23.180313739833142,-29.95907776985788,1026107.7863475037,
2018-04-26,77.06551361083984,81.64273071289062,-26.61785468490156,-1,-23.178110118656907,-29.92860712252809,1025350.3705760193,
2018-04-27,77.06551361083984,82.74105834960938,-25.51952704818281,-1,-23.060353984558752,-30.11073973282363,1023153.7153025818,
2018-04-30,77.41902160644531,82.74105834960938,-26.01613027255509,-1,-22.852714452235272,-29.82651551162844,1023860.7312937927,
2018-05-02,78.47956085205078,82.00884246826172,-28.238177262358903,0,-22.96103540895304,-29.874691601664335,1027379.8220115661,Close
2018-05-03,77.77253723144531,81.64273071289062,-27.611071851315785,0,-23.309475399329393,-29.918301777274458,1027379.8220115661,
2018-05-04,77.41902160644531,81.64273071289062,-27.11445790927384,0,-23.355364815161042,-29.708679834744846,1027379.8220115661,
2018-05-07,77.06551361083984,82.00884246826172,-26.251742929530465,0,-23.484044149753686,-29.373305674724143,1027379.8220115661,
2018-05-08,77.77253723144531,82.00884246826172,-27.24496009594469,0,-23.577337077984293,-29.064059222340337,1027379.8220115661,
2018-05-09,76.71199798583984,80.54438781738281,-27.219583638367425,0,-23.908667430593617,-28.785639518650164,1027379.8220115661,
2018-05-10,76.35848999023438,79.44605255126953,-27.82131568010844,0,-24.162720192345922,-28.483233248666572,1027379.8220115661,
2018-05-11,75.6514663696289,79.81217193603516,-26.461979128928604,0,-24.35596236898141,-28.316214215808664,1027379.8220115661,
2018-05-14,75.6514663696289,79.81217193603516,-26.461979128928604,0,-24.256188110161617,-28.392318262362643,1027379.8220115661,
2018-05-15,75.6514663696289,79.44605255126953,-26.82809851369423,0,-24.390139063962902,-28.152846650974954,1027379.8220115661,
2018-05-16,76.00497436523438,79.07994842529297,-27.690805864043057,0,-24.365705641233266,-28.28052913649859,1027379.8220115661,
2018-05-17,76.00497436523438,79.44605255126953,-27.324701738066494,0,-24.43774277118015,-28.157827518521383,1027379.8220115661,
2018-05-18,76.71199798583984,80.54438781738281,-27.219583638367425,0,-24.416199650138463,-28.246315571939054,1027379.8220115661,
2018-05-21,76.71199798583984,80.54438781738281,-27.219583638367425,0,-24.425415189807833,-28.192979133031276,1027379.8220115661,
2018-05-22,76.71199798583984,80.17827606201172,-27.58569539373852,0,-24.544862030875642,-27.952875420781417,1027379.8220115661,
2018-05-23,76.71199798583984,80.17827606201172,-27.58569539373852,0,-24.50549563002696,-28.096479916621792,1027379.8220115661,
2018-05-24,77.06551361083984,80.17827606201172,-28.082309335780465,0,-24.49189475731326,-28.184299580567107,1027379.8220115661,
2018-05-25,77.41902160644531,80.54438781738281,-28.21280080478165,0,-24.44982977210998,-28.348594762895253,1027379.8220115661,
2018-05-28,77.77253723144531,81.276611328125,-27.97719123608141,0,-24.4287711373827,-28.503515352639287,1027379.8220115661,
2018-05-29,77.77253723144531,80.17827606201172,-29.07552650219469,1,-24.39715573231578,-28.52933876305493,1027313.5039790344,Long Spread
2018-05-30,77.41902160644531,79.44605255126953,-29.311136070894932,1,-24.269107308637427,-28.977894377989475,1026556.08820755,
2018-05-31,77.77253723144531,79.81217193603516,-29.441630628171254,1,-24.101644441095686,-29.206234522038706,1026581.2957270812,
2018-06-01,78.12605285644531,80.54438781738281,-29.206028688865544,1,-24.020617802598082,-29.605129875201193,1027338.6962397766,
2018-06-04,78.12605285644531,80.54438781738281,-29.206028688865544,1,-24.013440294315913,-29.69846006474917,1027338.6962397766,
2018-06-05,77.77253723144531,80.54438781738281,-28.709414746823597,1,-24.05824827686313,-29.936550341567287,1028045.7274897766,
2018-06-06,77.41902160644531,80.91050720214844,-27.846681420016026,1,-24.098197859821635,-29.822761725248956,1029484.9975093078,
2018-06-07,78.12605285644531,80.54438781738281,-29.206028688865544,1,-24.224831730256316,-29.617064455962133,1027338.6962397766,
2018-06-08,78.12605285644531,80.54438781738281,-29.206028688865544,1,-24.235567215858435,-30.121448096807743,1027338.6962397766,
2018-06-11,77.77253723144531,80.17827606201172,-29.07552650219469,1,-24.272519732415397,-30.238984504671635,1027313.5039790344,
2018-06-12,78.12605285644531,80.17827606201172,-29.572140444236638,1,-24.322673873197537,-30.279251656250942,1026606.4727290344,
2018-06-13,78.47956085205078,80.54438781738281,-29.70263191323781,1,-24.34020502378064,-30.625645778138335,1026631.6802485656,
2018-06-14,77.77253723144531,79.81217193603516,-29.441630628171254,1,-24.782738363351015,-30.580056355416637,1026581.2957270812,
2018-06-15,77.41902160644531,80.17827606201172,-28.578912560152745,1,-24.7670988184041,-30.59385251639116,1028020.5352290344,
2018-06-19,77.41902160644531,79.81217193603516,-28.945016686129307,1,-24.752313408940353,-30.347378610154983,1027288.3269770812,
2018-06-20,77.77253723144531,80.54438781738281,-28.709414746823597,1,-24.77882515314469,-30.496503674628553,1028045.7274897766,
2018-06-21,78.47956085205078,80.17827606201172,-30.068743668608903,1,-24.789384533286682,-30.472829807844352,1025899.4567378234,
2018-06-22,78.47956085205078,80.54438781738281,-29.70263191323781,1,-24.767290850940448,-31.066775691037464,1026631.6802485656,
2018-06-25,78.12605285644531,80.17827606201172,-29.572140444236638,1,-24.77218829719058,-31.008049041281545,1026606.4727290344,
2018-06-26,78.12605285644531,80.17827606201172,-29.572140444236638,1,-24.892289447195584,-31.008132083011613,1026606.4727290344,
2018-06-27,78.12605285644531,80.17827606201172,-29.572140444236638,1,-25.067207650142212,-31.00916476849947,1026606.4727290344,
2018-06-28,78.47956085205078,80.54438781738281,-29.70263191323781,1,-24.854203625840594,-31.186447924286977,1026631.6802485656,
2018-06-29,78.12605285644531,80.54438781738281,-29.206028688865544,1,-25.05621805917085,-31.291749851764674,1027338.6962397766,
2018-07-02,77.77253723144531,80.17827606201172,-29.07552650219469,1,-24.901129173425975,-31.186157727366055,1027313.5039790344,
2018-07-03,78.12605285644531,81.276611328125,-28.473805178123357,1,-24.963224024315938,-31.191170881480478,1028803.1432612609,
2018-07-04,78.47956085205078,81.64273071289062,-28.604289017729997,1,-25.24379776265399,-31.00602376856849,1028828.3660395812,
2018-07-05,78.12605285644531,82.00884246826172,-27.741574037986638,1,-25.45152150219699,-30.95732091494441,1030267.6055415344,
2018-07-06,78.47956085205078,82.00884246826172,-28.238177262358903,1,-25.360962052565704,-30.83345247078853,1029560.5895503234,
2018-07-09,78.83306884765625,82.00884246826172,-28.734780486731168,1,-25.63959159730394,-30.782754790066363,1028853.5735591125,
2018-07-10,78.90750885009766,82.37494659423828,-28.47324866376961,1,-25.830718368574672,-30.762227323257626,1029436.9018061828,
2018-07-11,78.90750885009766,82.00884246826172,-28.839352789746172,1,-25.53295262125893,-30.850091841423065,1028704.6935542297,
2018-07-12,78.16310119628906,81.64273071289062,-28.159730797297556,1,-25.984750796220855,-30.80011386701789,1029461.2853511047,
2018-07-13,78.16310119628906,81.64273071289062,-28.159730797297556,1,-26.105366392373426,-30.604992798184085,1029461.2853511047,
2018-07-16,78.5353012084961,81.64273071289062,-28.682592312372577,1,-26.139263857818516,-30.580030362167502,1028716.8853266906,
2018-07-17,78.5353012084961,82.00884246826172,-28.316480557001483,1,-26.195813877542008,-30.625524568076138,1029449.1088374328,
2018-07-18,78.5353012084961,82.00884246826172,-28.316480557001483,1,-26.10163250847095,-30.612304427149994,1029449.1088374328,
2018-07-19,78.16310119628906,81.64273071289062,-28.159730797297556,1,-26.132387974628273,-30.605478423431556,1029461.2853511047,
2018-07-20,78.16310119628906,81.64273071289062,-28.159730797297556,1,-26.193956134064056,-30.574266014597665,1029461.2853511047,
2018-07-23,78.5353012084961,81.48664855957031,-28.83867446569289,1,-26.301363507233688,-30.538042091450563,1028404.72102005,
2018-07-24,78.90750885009766,80.72149658203125,-30.12669867597664,1,-26.693385018779125,-30.406326661710544,1026130.0017817687,
2018-07-25,78.5353012084961,80.33894348144531,-29.98637954381789,1,-26.720027020451873,-30.605415659056874,1026109.3108638,
2018-07-26,78.5353012084961,80.72149658203125,-29.603826443231952,1,-26.46121555352953,-30.795151346579917,1026874.4170649719,
2018-07-27,78.5353012084961,80.72149658203125,-29.603826443231952,1,-26.58192749289656,-30.76654028098882,1026874.4170649719,
2018-07-30,78.5353012084961,81.10407257080078,-29.22125045446242,1,-26.726165579759957,-30.76903740421364,1027639.5690425109,
2018-07-31,78.5353012084961,81.10407257080078,-29.22125045446242,1,-27.00380336736785,-30.571735192545646,1027639.5690425109,
2018-08-01,78.90750885009766,81.10407257080078,-29.74412268720711,1,-26.909888330936663,-30.64503223399389,1026895.1537593078,
2018-08-02,78.16310119628906,80.72149658203125,-29.08096492815693,1,-26.982558668640745,-30.737343106365135,1027618.8170893859,
2018-08-03,78.16310119628906,81.10407257080078,-28.6983889393874,1,-26.908545821597496,-30.661895960154812,1028383.969066925,
2018-08-06,78.5353012084961,81.48664855957031,-28.83867446569289,1,-27.2548267669616,-30.476581486429367,1028404.72102005,
2018-08-07,78.16310119628906,81.48664855957031,-28.315812950617868,0,-27.385136735801233,-30.400594400131247,1029082.7350544739,Close
2018-08-08,78.16310119628906,81.86920928955078,-27.9332522206374,0,-27.385682777320955,-30.346405172714714,1029082.7350544739,
2018-08-09,78.16310119628906,81.86920928955078,-27.9332522206374,0,-27.252562647395983,-30.373557876401385,1029082.7350544739,
2018-08-10,78.90750885009766,82.25177001953125,-28.59642523847664,0,-27.345991521753806,-30.335256841316447,1029082.7350544739,
2018-08-13,78.5353012084961,81.48664855957031,-28.83867446569289,0,-27.484576362507624,-30.297191479185557,1029082.7350544739,
2018-08-14,78.90750885009766,81.86920928955078,-28.97898596845711,0,-27.5810367106756,-30.25834617832341,1029082.7350544739,
2018-08-15,78.5353012084961,81.86920928955078,-28.45611373571242,0,-27.61403697977989,-30.251001518119885,1029082.7350544739,
2018-08-16,78.16310119628906,81.48664855957031,-28.315812950617868,0,-27.644929835565673,-30.206894942699375,1029082.7350544739,
2018-08-17,78.90750885009766,81.86920928955078,-28.97898596845711,0,-27.614284789026105,-30.206868552790656,1029082.7350544739,
2018-08-20,78.90750885009766,81.86920928955078,-28.97898596845711,0,-27.659296445602156,-30.217846591209327,1029082.7350544739,
2018-08-21,79.27971649169922,83.01690673828125,-28.354160752471344,0,-27.715902816997033,-30.20498060620393,1029082.7350544739,
2018-08-22,79.65191650390625,82.63433837890625,-29.259590626921366,0,-27.620404131008932,-30.176241536068453,1029082.7350544739,
2018-08-23,80.02412414550781,83.01690673828125,-29.39989450029107,0,-27.649397229727562,-30.18776289024597,1029082.7350544739,
2018-08-24,79.65191650390625,82.25177001953125,-29.642158986296366,0,-27.650342611625586,-30.185970555401216,1029082.7350544739,
2018-08-27,80.02412414550781,82.63433837890625,-29.78246285966607,0,-27.64860450185036,-30.230822780063146,1029082.7350544739,
2018-08-28,80.02412414550781,83.01690673828125,-29.39989450029107,0,-27.63881686833786,-30.270369016243183,1029082.7350544739,
2018-08-29,80.02412414550781,83.01690673828125,-29.39989450029107,0,-27.660305973491155,-30.279726240887108,1029082.7350544739,
2018-08-30,79.65191650390625,82.25177001953125,-29.642158986296366,0,-27.770501332912758,-30.27358383036239,1029082.7350544739,
2018-08-31,79.65191650390625,83.01690673828125,-28.877022267546366,0,-27.70154269168961,-30.297166736274498,1029082.7350544739,
2018-09-03,80.02412414550781,82.63433837890625,-29.78246285966607,0,-27.680270176742294,-30.24832442337077,1029082.7350544739,
2018-09-04,80.02412414550781,83.01690673828125,-29.39989450029107,0,-27.69343515770654,-30.334176269856115,1029082.7350544739,
2018-09-05,79.65191650390625,82.63433837890625,-29.259590626921366,0,-27.684669658215093,-30.27413214722504,1029082.7350544739,
2018-09-06,79.65191650390625,82.25177001953125,-29.642158986296366,0,-27.688072659957143,-30.238026218980927,1029082.7350544739,
2018-09-07,80.02412414550781,82.63433837890625,-29.78246285966607,0,-27.690183931382503,-30.286284064386383,1029082.7350544739,
2018-09-10,80.02412414550781,83.01690673828125,-29.39989450029107,0,-27.729703329867682,-30.367726376468603,1029082.7350544739,
2018-09-11,80.7685317993164,84.16460418701172,-29.297930799380325,0,-27.712106727575538,-30.34201532515803,1029082.7350544739,
2018-09-12,81.1407470703125,84.16460418701172,-29.820813749794695,0,-27.732182495185032,-30.35213996404242,1029082.7350544739,
2018-09-13,81.1407470703125,83.78204345703125,-30.203374479775164,0,-27.722868742468037,-30.28579752503193,1029082.7350544739,
2018-09-14,81.512939453125,83.01690673828125,-31.491361995930518,1,-27.68991903565449,-30.4075514676421,1029016.1538606262,Long Spread
2018-09-17,81.1407470703125,83.01690673828125,-30.968511198525164,1,-27.4291744837135,-30.998733321147274,1029760.5386262512,
2018-09-18,81.1407470703125,84.16460418701172,-29.820813749794695,1,-27.45636844467631,-30.913821741201065,1032055.9335237121,
2018-09-19,81.512939453125,84.54717254638672,-29.96109618782505,1,-27.50983856414021,-30.68593853402681,1032076.6854768371,
2018-09-20,81.1407470703125,84.16460418701172,-29.820813749794695,1,-27.502519539931026,-30.703668708881533,1032055.9335237121,
2018-09-21,81.512939453125,83.78204345703125,-30.726225277180518,1,-27.5166713099392,-30.754120105399615,1030546.4272981262,
2018-09-25,81.1407470703125,83.78204345703125,-30.203374479775164,1,-27.471491429892037,-31.00842927116803,1031290.8120637512,
2018-09-26,81.1407470703125,83.78204345703125,-30.203374479775164,1,-27.562708158363467,-30.9707847262552,1031290.8120637512,
2018-09-27,81.512939453125,84.16460418701172,-30.34366454720005,1,-27.564051860083808,-31.01332581335008,1031311.5487580871,
2018-09-28,81.512939453125,84.16460418701172,-30.34366454720005,1,-27.749385259177984,-31.03474123590177,1031311.5487580871,
2018-10-01,81.512939453125,84.54717254638672,-29.96109618782505,1,-27.718824808305328,-31.09482748682185,1032076.6854768371,
2018-10-02,81.1407470703125,83.78204345703125,-30.203374479775164,1,-27.676536475199633,-31.06035134322091,1031290.8120637512,
2018-10-03,81.512939453125,83.39946746826172,-31.10880126595005,1,-27.739927972053188,-31.12640868345857,1029781.2753205871,
2018-10-04,80.39633178710938,82.63433837890625,-30.305335092410772,1,-27.648662011550048,-31.439802054953628,1030484.2324739074,
2018-10-05,80.7685317993164,83.39946746826172,-30.063067518130325,1,-27.81556198275603,-31.24938675061761,1031270.0906282043,
2018-10-08,81.1407470703125,83.01690673828125,-30.968511198525164,1,-27.867171368531938,-31.213314303660663,1029760.5386262512,
2018-10-09,81.1407470703125,83.78204345703125,-30.203374479775164,1,-27.79761367573607,-31.457652061308632,1031290.8120637512,
2018-10-11,80.39633178710938,83.01690673828125,-29.922766733035772,1,-27.89858420045124,-31.313862859242874,1031249.3691926574,
2018-10-12,80.7685317993164,82.63433837890625,-30.828196607485793,1,-27.943484257020277,-31.27673561581923,1029739.8324494933,
2018-10-15,80.02412414550781,81.48664855957031,-30.930152679002006,1,-28.01797625743994,-31.40746443220945,1028933.2681184387,
2018-10-16,80.02412414550781,81.86920928955078,-30.547591949021538,1,-28.074201319137746,-31.454236400672084,1029698.3895783996,
2018-10-17,80.39633178710938,81.86920928955078,-31.07046418176624,1,-28.02765168833002,-31.449633663301267,1028953.9742951965,
2018-10-18,80.39633178710938,82.25177001953125,-30.687903451785772,1,-27.904271834271135,-31.547217823344035,1029719.0957551574,
2018-10-19,80.7685317993164,81.48664855957031,-31.97588642682173,1,-27.91352684369431,-31.522860051153774,1027444.4528108215,
2018-10-22,80.39633178710938,82.25177001953125,-30.687903451785772,1,-27.79301850783631,-32.08150646132253,1029719.0957551574,
2018-10-23,80.02412414550781,81.48664855957031,-30.930152679002006,1,-27.869506935679162,-31.73049367080189,1028933.2681184387,
2018-10-24,80.7685317993164,81.86920928955078,-31.593325696841262,1,-27.91398203290363,-31.841109149984202,1028209.5742707824,
2018-10-25,81.512939453125,82.63433837890625,-31.873930355305518,1,-27.883937139270802,-32.096447753118184,1028251.0171418762,
2018-10-26,81.8851547241211,83.39946746826172,-31.63168421636442,1,-27.773946483772523,-32.30906890448813,1029036.8447785949,
2018-10-29,81.8851547241211,83.78204345703125,-31.24910822759489,1,-27.891990001718195,-32.360051570950255,1029801.996756134,
2018-10-30,81.8851547241211,83.01690673828125,-32.01424494634489,1,-28.01107674020941,-32.28124220453562,1028271.723318634,
2018-10-31,82.25736236572266,83.78204345703125,-31.771980460339577,1,-27.97897184671958,-32.62989543237266,1029057.5814729308,
2018-11-01,81.512939453125,81.86920928955078,-32.63905944466099,1,-28.162353093587782,-32.54667917102584,1026720.7589631652,
2018-11-02,80.39633178710938,81.10407257080078,-31.83560090051624,1,-28.28065085988663,-32.90738799801888,1027423.7008576965,
2018-11-05,80.7685317993164,80.72149658203125,-32.74103840436079,1,-28.386739118100532,-32.58785328738752,1025914.1488557433,
2018-11-06,81.1407470703125,81.10407257080078,-32.88134536600563,1,-28.259746982240806,-33.12489431022626,1025934.8702912902,
2018-11-07,81.8851547241211,81.86920928955078,-33.16194239507536,1,-28.232782456705987,-33.39277232745583,1025976.328421173,
2018-11-08,81.512939453125,81.86920928955078,-32.63905944466099,1,-28.205388448928506,-33.79602078338786,1026720.7589631652,
2018-11-09,81.1407470703125,81.86920928955078,-32.11620864725563,1,-28.44374520104466,-33.43450601595547,1027465.1437287902,
2018-11-12,81.512939453125,81.48664855957031,-33.021620174641455,1,-28.57056875914863,-33.208018295803825,1025955.6375032043,
2018-11-13,81.8851547241211,81.86920928955078,-33.16194239507536,1,-28.445436385541935,-33.766464889637476,1025976.328421173,
2018-11-14,82.25736236572266,81.86920928955078,-33.684814627820046,1,-28.494802937287243,-33.962921991786736,1025231.9131379699,
2018-11-15,82.25736236572266,81.86920928955078,-33.684814627820046,1,-28.739957011171036,-34.28087035118824,1025231.9131379699,
2018-11-16,81.1407470703125,81.10407257080078,-32.88134536600563,1,-28.558436847467956,-34.767600169561106,1025934.8702912902,
2018-11-19,81.512939453125,81.48664855957031,-33.021620174641455,1,-28.585948194980134,-34.208627291885186,1025955.6375032043,
2018-11-20,81.8851547241211,81.86920928955078,-33.16194239507536,1,-28.568638032296594,-34.38971549543554,1025976.328421173,
2018-11-21,81.512939453125,81.86920928955078,-32.63905944466099,1,-28.57119991589156,-34.577547916801436,1026720.7589631652,
2018-11-22,81.512939453125,82.25177001953125,-32.25649871468052,1,-28.738586459004843,-34.300403868317886,1027485.8804231262,
2018-11-23,81.8851547241211,82.63433837890625,-32.39681330571989,1,-28.79258124868769,-34.16893396568449,1027506.586599884,
2018-11-26,81.512939453125,82.25177001953125,-32.25649871468052,1,-28.800907414267353,-34.24783519952713,1027485.8804231262,
2018-11-27,81.512939453125,82.25177001953125,-32.25649871468052,1,-29.107208667442382,-34.09792565224107,1027485.8804231262,
2018-11-28,81.8851547241211,82.25177001953125,-32.77938166509489,1,-28.95907422384518,-34.20703451017532,1026741.449881134,
2018-11-29,81.1407470703125,81.48664855957031,-32.4987693772361,1,-29.15677751369658,-34.344131267138444,1026700.0222688293,
2018-11-30,81.1407470703125,81.86920928955078,-32.11620864725563,1,-29.271914209289406,-34.21558093694463,1027465.1437287902,
2018-12-03,80.39633178710938,81.10407257080078,-31.83560090051624,1,-29.231427309220816,-34.148255945679765,1027423.7008576965,
2018-12-04,79.65191650390625,81.10407257080078,-30.789856435026834,0,-29.244364398793817,-34.08897398245797,1028846.1011845397,Close
2018-12-05,80.02412414550781,81.48664855957031,-30.930152679002006,0,-29.270682810902965,-33.91958215089962,1028846.1011845397,
2018-12-06,79.65191650390625,81.48664855957031,-30.407280446257303,0,-29.397214202622425,-33.868925089794146,1028846.1011845397,
2018-12-07,80.39633178710938,81.86920928955078,-31.07046418176624,0,-29.235659058129407,-33.872589448426204,1028846.1011845397,
2018-12-10,80.02412414550781,81.86920928955078,-30.547591949021538,0,-29.292369383349108,-33.89285648346393,1028846.1011845397,
2018-12-11,80.39633178710938,82.25177001953125,-30.687903451785772,0,-28.969524727506546,-33.81578930539912,1028846.1011845397,
2018-12-12,79.65191650390625,82.25177001953125,-29.642158986296366,0,-29.059007081526808,-33.863902055859754,1028846.1011845397,
2018-12-13,80.39633178710938,82.25177001953125,-30.687903451785772,0,-29.042731545408625,-33.89522610512676,1028846.1011845397,
2018-12-14,80.02412414550781,82.25177001953125,-30.16503121904107,0,-29.278125469532586,-33.863585108298196,1028846.1011845397,
2018-12-17,80.39633178710938,82.25177001953125,-30.687903451785772,0,-29.235767090994425,-33.844413699904436,1028846.1011845397,
2018-12-18,80.39633178710938,81.48664855957031,-31.45302491174671,0,-29.150075852754327,-33.85590508787322,1028846.1011845397,
2018-12-19,80.39633178710938,82.25177001953125,-30.687903451785772,0,-29.392728782425735,-33.89067890642029,1028846.1011845397,
2018-12-20,80.39633178710938,82.25177001953125,-30.687903451785772,0,-29.3187552385712,-33.83967284141595,1028846.1011845397,
2018-12-21,80.39633178710938,82.25177001953125,-30.687903451785772,0,-29.31007446130536,-33.835258584536504,1028846.1011845397,
2018-12-24,80.39633178710938,81.86920928955078,-31.07046418176624,0,-29.327561708368634,-33.82867205956766,1028846.1011845397,
2018-12-25,80.02412414550781,81.48664855957031,-30.930152679002006,0,-29.50271477781651,-33.80718746253886,1028846.1011845397,
2018-12-26,79.27971649169922,81.10407257080078,-30.266994919951813,0,-29.478941034565207,-33.795163785498346,1028846.1011845397,
2018-12-27,79.27971649169922,81.48664855957031,-29.88441893118228,0,-29.180705400134645,-33.79063507627768,1028846.1011845397,
2018-12-28,79.27971649169922,86.45999908447266,-24.911068406279938,-1,-29.199007843124537,-33.833791321256264,1028779.4715959167,Short Spread
2019-01-02,79.65191650390625,81.86920928955078,-30.024719716276834,-1,-18.69124653815348,-36.51197272865816,1038705.4512101745,
2019-01-03,79.27971649169922,81.86920928955078,-29.501858201201813,-1,-28.484006500697767,-34.356572689532904,1037961.0511857604,
2019-01-04,79.27971649169922,82.25177001953125,-29.119297471221344,-1,-28.44421106750648,-34.38800252250493,1037195.9297257995,
2019-01-07,80.39633178710938,82.63433837890625,-30.305335092410772,-1,-28.373337950440206,-34.42113890618889,1038664.0235978698,
2019-01-08,80.02412414550781,81.86920928955078,-30.547591949021538,-1,-28.391502978726265,-34.408108683509994,1039449.8664933776,
2019-01-09,80.39633178710938,82.25177001953125,-30.687903451785772,-1,-28.38823104156412,-34.4091716268597,1039429.1603166198,
2019-01-10,80.39633178710938,81.86920928955078,-31.07046418176624,-1,-28.42273753171214,-34.41981873187562,1040194.2817765807,
2019-01-11,80.7685317993164,81.86920928955078,-31.593325696841262,-1,-28.414633478765303,-34.41713107923737,1040938.6818009948,
2019-01-14,80.7685317993164,81.48664855957031,-31.97588642682173,-1,-28.477346568471567,-34.454165746842676,1041703.8032609557,
2019-01-15,80.39633178710938,81.86920928955078,-31.07046418176624,-1,-28.436658373612964,-34.42579846388231,1040194.2817765807,
2019-01-16,80.7685317993164,81.86920928955078,-31.593325696841262,-1,-28.469317508917616,-34.43658472126084,1040938.6818009948,
2019-01-17,81.1407470703125,81.86920928955078,-32.11620864725563,-1,-28.49238058072111,-34.458050415293016,1041683.112342987,
2019-01-18,81.1407470703125,81.86920928955078,-32.11620864725563,-1,-28.482099415602306,-34.475538835149365,1041683.112342987,
2019-01-21,80.39633178710938,81.48664855957031,-31.45302491174671,-1,-28.473619665099182,-34.46975475286658,1040959.4032365417,
2019-01-22,81.1407470703125,82.25177001953125,-31.733647917275164,-1,-28.4577776564192,-34.4457609684039,1040917.990883026,
2019-01-23,81.1407470703125,81.86920928955078,-32.11620864725563,-1,-28.491401312750323,-34.48154203877567,1041683.112342987,
2019-01-24,81.1407470703125,81.86920928955078,-32.11620864725563,-1,-28.475080230471388,-34.47083198269078,1041683.112342987,
2019-01-25,81.512939453125,81.86920928955078,-32.63905944466099,0,-28.483927005875984,-34.493437775924626,1042360.9618226623,Close
2019-01-28,80.39633178710938,81.48664855957031,-31.45302491174671,0,-28.474120164813215,-34.47521691888865,1042360.9618226623,
2019-01-29,81.1407470703125,81.86920928955078,-32.11620864725563,0,-28.45565256291445,-34.44992025066245,1042360.9618226623,
2019-01-30,81.512939453125,81.86920928955078,-32.63905944466099,0,-28.46504419045776,-34.40064449592886,1042360.9618226623,
2019-02-11,81.512939453125,81.48664855957031,-33.021620174641455,0,-28.47713316300347,-34.410810472037305,1042360.9618226623,
2019-02-12,80.7685317993164,81.86920928955078,-31.593325696841262,0,-28.482654775781494,-34.40860504400312,1042360.9618226623,
2019-02-13,80.39633178710938,81.10407257080078,-31.83560090051624,0,-28.461370746313417,-34.32862727350704,1042360.9618226623,
2019-02-14,79.65191650390625,81.10407257080078,-30.789856435026834,0,-28.475800466423088,-34.36067944757149,1042360.9618226623,
2019-02-15,80.7685317993164,81.48664855957031,-31.97588642682173,0,-28.42050133589337,-34.20351541687762,1042360.9618226623,
2019-02-18,81.1407470703125,81.48664855957031,-32.4987693772361,0,-28.48284760034286,-34.18063842045094,1042360.9618226623,
2019-02-19,80.7685317993164,81.10407257080078,-32.35846241559126,0,-28.53262615697031,-34.095680488148986,1042360.9618226623,
2019-02-20,80.7685317993164,81.48664855957031,-31.97588642682173,0,-28.571912563447768,-34.00830292231704,1042360.9618226623,
2019-02-21,81.512939453125,81.48664855957031,-33.021620174641455,0,-28.57447302276303,-33.999600368200234,1042360.9618226623,
2019-02-22,81.8851547241211,81.86920928955078,-33.16194239507536,0,-28.58159881177047,-34.04394059423305,1042360.9618226623,
2019-02-25,81.512939453125,81.86920928955078,-32.63905944466099,0,-28.5815988117707,-34.043940594233305,1042360.9618226623,
2019-02-26,81.8851547241211,81.48664855957031,-33.544503125055826,0,-28.58159881177073,-34.04394059423332,1042360.9618226623,
2019-02-27,81.8851547241211,81.86920928955078,-33.16194239507536,0,-28.545464212744886,-34.20178687406118,1042360.9618226623,
2019-03-04,81.8851547241211,81.86920928955078,-33.16194239507536,0,-28.530112787508322,-34.212321582661936,1042360.9618226623,
2019-03-05,81.8851547241211,81.86920928955078,-33.16194239507536,0,-28.513787854839215,-34.2702766760972,1042360.9618226623,
2019-03-06,81.512939453125,82.25177001953125,-32.25649871468052,0,-28.496671758510438,-34.32019364752147,1042360.9618226623,
2019-03-07,81.512939453125,81.86920928955078,-32.63905944466099,0,-28.49497035581092,-34.21077678456488,1042360.9618226623,
2019-03-08,81.512939453125,82.25177001953125,-32.25649871468052,0,-28.498376195119338,-34.254162192488245,1042360.9618226623,
2019-03-11,81.8851547241211,81.86920928955078,-33.16194239507536,0,-28.498755605055965,-34.2585618381571,1042360.9618226623,
2019-03-12,81.512939453125,82.63433837890625,-31.873930355305518,0,-28.49263806616349,-34.38977277301753,1042360.9618226623,
2019-03-13,81.8851547241211,82.63433837890625,-32.39681330571989,0,-28.53654989886784,-34.363820973672695,1042360.9618226623,
2019-03-14,81.1407470703125,82.25177001953125,-31.733647917275164,0,-28.55631742775161,-34.419587476571934,1042360.9618226623,
2019-03-15,82.25736236572266,82.63433837890625,-32.91968553846458,0,-28.603689357268905,-34.40554187898518,1042360.9618226623,
2019-03-18,81.8851547241211,82.63433837890625,-32.39681330571989,0,-28.598174716044582,-34.510192976245044,1042360.9618226623,
2019-03-19,82.25736236572266,82.63433837890625,-32.91968553846458,0,-28.6512662879054,-34.51798917968668,1042360.9618226623,
2019-03-20,82.25736236572266,82.63433837890625,-32.91968553846458,0,-28.674248839047237,-34.598172089490504,1042360.9618226623,
2019-03-21,82.25736236572266,82.63433837890625,-32.91968553846458,0,-28.8208304451982,-34.62630133573109,1042360.9618226623,
2019-03-22,81.8851547241211,83.01690673828125,-32.01424494634489,0,-28.790489078386567,-34.672265847191376,1042360.9618226623,
2019-03-25,82.25736236572266,82.25177001953125,-33.30225389783958,0,-28.863468722086616,-34.62895668763619,1042360.9618226623,
2019-03-26,83.00177001953125,83.01690673828125,-33.5828509269093,0,-28.876986887612002,-34.75537551425752,1042360.9618226623,
2019-03-27,82.62955474853516,83.01690673828125,-33.05996797649493,0,-28.83884330117596,-34.843989372096644,1042360.9618226623,
2019-03-28,83.37396240234375,83.39946746826172,-33.72314099433419,0,-28.91205790190422,-34.86665334652105,1042360.9618226623,
2019-03-29,83.00177001953125,83.78204345703125,-32.8177142081593,0,-28.940042699609386,-34.99432018468995,1042360.9618226623,
2019-04-01,82.62955474853516,84.54717254638672,-31.529702168389463,0,-28.977983694306836,-34.957952670689615,1042360.9618226623,
2019-04-02,82.25736236572266,83.78204345703125,-31.771980460339577,0,-28.935672605161066,-34.901355443349196,1042360.9618226623,
2019-04-03,82.62955474853516,83.01690673828125,-33.05996797649493,0,-28.978140603875904,-34.91155718314014,1042360.9618226623,
2019-04-08,82.25736236572266,83.01690673828125,-32.53711717908958,0,-29.109950548731558,-34.99182173552734,1042360.9618226623,
2019-04-09,82.62955474853516,83.78204345703125,-32.29483125774493,0,-29.221462529490957,-34.950046756176285,1042360.9618226623,
2019-04-10,82.62955474853516,83.78204345703125,-32.29483125774493,0,-30.539966245469618,-33.99363560491987,1042360.9618226623,
2019-04-11,82.62955474853516,83.39946746826172,-32.67740724651446,0,-30.34346813386611,-34.190717889568404,1042360.9618226623,
2019-04-12,82.62955474853516,83.78204345703125,-32.29483125774493,0,-30.577877377077655,-34.08648123484322,1042360.9618226623,
2019-04-15,82.62955474853516,83.78204345703125,-32.29483125774493,0,-30.820007564947876,-33.88893733863119,1042360.9618226623,
2019-04-16,83.00177001953125,84.16460418701172,-32.43515347817883,0,-30.846476214405136,-33.86923877872312,1042360.9618226623,
2019-04-17,83.00177001953125,83.78204345703125,-32.8177142081593,0,-30.93631185322503,-33.826109918439336,1042360.9618226623,
2019-04-18,83.37396240234375,84.16460418701172,-32.95800427558419,0,-31.03078051442191,-33.799402687453636,1042360.9618226623,
2019-04-19,83.00177001953125,83.78204345703125,-32.8177142081593,0,-31.08632418387374,-33.794180072365506,1042360.9618226623,
2019-04-22,83.00177001953125,84.16460418701172,-32.43515347817883,0,-31.106635515448424,-33.796394360801905,1042360.9618226623,
2019-04-23,83.74617767333984,84.54717254638672,-33.09831886662356,0,-31.108597452346654,-33.79018841065407,1042360.9618226623,
2019-04-24,83.37396240234375,84.54717254638672,-32.57543591620919,0,-31.212576270901266,-33.78905004681869,1042360.9618226623,
2019-04-25,83.74617767333984,84.54717254638672,-33.09831886662356,0,-31.23551591388599,-33.77358782248811,1042360.9618226623,
2019-04-26,84.11839294433594,84.54717254638672,-33.62120181703793,0,-31.241009204124868,-33.80138964609057,1042360.9618226623,
2019-04-29,84.11839294433594,84.92973327636719,-33.23864108705746,0,-31.237202154297364,-33.86935754945357,1042360.9618226623,
2019-04-30,84.11839294433594,84.92973327636719,-33.23864108705746,0,-31.301817781921713,-33.87064462229705,1042360.9618226623,
2019-05-02,85.23500061035156,84.92973327636719,-34.807236349952206,1,-31.329804432975095,-33.88645867725374,1042294.1552333068,Long Spread
2019-05-03,85.23500061035156,84.92973327636719,-34.807236349952206,1,-31.232311485384617,-34.11346522026332,1042294.1552333068,
2019-05-06,84.11839294433594,84.54717254638672,-33.62120181703793,1,-31.166206038012174,-34.30368169076431,1043762.2491053771,
2019-05-07,84.86279296875,84.54717254638672,-34.666924847187985,1,-31.161973104073944,-34.274806417032956,1042273.449056549,
2019-05-08,84.49058532714844,85.31230163574219,-33.378923525087814,1,-31.199183710979224,-34.449342731370336,1044548.1225184631,
2019-05-09,84.86279296875,84.16460418701172,-35.049493206562985,1,-31.201046517297513,-34.40085634759386,1041508.312337799,
2019-05-10,84.86279296875,84.16460418701172,-35.049493206562985,1,-31.0975356091961,-34.647123160724874,1041508.312337799,
2019-05-13,85.23500061035156,84.16460418701172,-35.572365439307674,1,-31.016150898095184,-34.80423588972683,1040763.8970545959,
2019-05-14,84.86279296875,85.31230163574219,-33.90179575783252,1,-31.030768757787506,-35.1272180792492,1043803.7072352599,
2019-05-15,85.23500061035156,84.54717254638672,-35.189797079932674,1,-31.086171505117786,-34.95020568197637,1041529.0337733459,
2019-05-16,84.86279296875,84.54717254638672,-34.666924847187985,1,-31.228065158508947,-35.09931552790035,1042273.449056549,
2019-05-17,85.6072006225586,84.92973327636719,-35.33009786502724,1,-31.178273853886054,-35.15470032741631,1041549.7552088927,
2019-05-20,85.97940826416016,85.31230163574219,-35.47040173839693,1,-31.097404650075774,-35.38133347356256,1041570.4766444396,
2019-05-21,87.8404312133789,86.07743835449219,-37.31960474803108,1,-31.07812912527339,-35.56567332290547,1039378.7041835021,
2019-05-22,87.09602355957031,85.69486999511719,-36.65643935958636,1,-30.808104136081,-36.55574112194333,1040102.3827723693,
2019-05-23,87.46822357177734,85.69486999511719,-37.17930087466138,1,-30.693091347487673,-36.57812537949591,1039357.9827479552,
2019-05-24,87.46822357177734,85.69486999511719,-37.17930087466138,1,-30.480290669285473,-37.25234727354127,1039357.9827479552,
2019-05-27,87.8404312133789,85.69486999511719,-37.70217310740608,1,-30.51142922208302,-37.65499236763749,1038613.5674647521,
2019-05-28,86.35160827636719,85.31230163574219,-35.99326325347195,1,-30.13058640830579,-38.622651248932,1040826.0766200256,
2019-05-29,87.46822357177734,85.69486999511719,-37.17930087466138,1,-30.44465203156348,-37.41460613127009,1039357.9827479552,
2019-05-30,87.8404312133789,86.07743835449219,-37.31960474803108,1,-30.300101068990774,-38.25765070374932,1039378.7041835021,
2019-05-31,87.8404312133789,86.07743835449219,-37.31960474803108,1,-30.260915439178053,-38.63647626476318,1039378.7041835021,
2019-06-03,87.8404312133789,86.45999908447266,-36.937044018050614,1,-30.534619747738535,-38.89428728898807,1040143.8256434631,
2019-06-04,87.8404312133789,86.45999908447266,-36.937044018050614,1,-30.49353003249854,-38.77825536861114,1040143.8256434631,
2019-06-05,88.212646484375,86.84257507324219,-37.07735097969545,1,-30.66024492602988,-38.8948602427484,1040164.5470790099,
2019-06-06,88.212646484375,86.84257507324219,-37.07735097969545,1,-30.44508726785827,-39.19930048827253,1040164.5470790099,
2019-06-10,88.95704650878906,87.22512817382812,-37.74052090925956,1,-30.95649605238999,-39.282443512013074,1039440.8532313537,
2019-06-11,88.5848388671875,86.84257507324219,-37.60020177710081,1,-30.85857965398569,-40.12535076940654,1039420.1623133849,
2019-06-12,89.32925415039062,86.45999908447266,-39.02852223135973,1,-31.211768583590782,-39.91854884489773,1037166.1797694396,
2019-06-13,89.70144653320312,86.45999908447266,-39.551373028765084,1,-30.918192582453027,-43.11100488905167,1036421.7950038146,
2019-06-14,89.70144653320312,86.07743835449219,-39.93393375874555,1,-31.57996376932357,-45.12399083147777,1035656.6735438537,
2019-06-17,88.95704650878906,85.69486999511719,-39.270779087970496,1,-32.123857831340345,-49.020713589651365,1036380.3368739318,
2019-06-18,88.95704650878906,85.69486999511719,-39.270779087970496,1,-31.333599792098905,-44.43357649024213,1036380.3368739318,
2019-06-19,90.07366180419922,86.84257507324219,-39.691679990409924,1,-31.443594985192167,-44.47671775481385,1036442.5164393615,
2019-06-20,90.07366180419922,86.07743835449219,-40.456816709159924,1,-32.304862354092265,-45.12857018612772,1034912.2430018615,
2019-06-21,90.8180694580078,86.84257507324219,-40.73741373822962,0,-34.205593978352695,-54.76787933590667,1034886.594705963,Close
2019-06-24,91.19027709960938,87.22512817382812,-40.8777328703884,0,-36.66951590793146,-61.680882663398826,1034886.594705963,
2019-06-25,91.19027709960938,87.22512817382812,-40.8777328703884,0,-36.584883857134116,-59.11113658471186,1034886.594705963,
2019-06-26,91.19027709960938,87.22512817382812,-40.8777328703884,0,-37.05763178302166,-61.82462579311516,1034886.594705963,
2019-06-27,91.19027709960938,86.84257507324219,-41.26028597097434,0,-35.766716069328965,-55.06064313662384,1034886.594705963,
2019-06-28,91.19027709960938,86.45999908447266,-41.64286195974387,0,-36.32835467634912,-52.18968708382259,1034886.594705963,
2019-07-01,90.07366180419922,86.45999908447266,-40.074255979179455,0,-37.84261874024787,-55.55929267427274,1034886.594705963,
2019-07-02,91.19027709960938,86.84257507324219,-41.26028597097434,0,-33.583516742776325,-47.69224019060776,1034886.594705963,
2019-07-03,91.19027709960938,86.84257507324219,-41.26028597097434,0,-35.37415990592861,-51.320399175428136,1034886.594705963,
2019-07-04,90.8180694580078,86.45999908447266,-41.11998972699915,0,-35.22148786275634,-49.8245610906153,1034886.594705963,
2019-07-05,91.19027709960938,86.84257507324219,-41.26028597097434,0,-34.960932355570144,-48.59254092402565,1034886.594705963,
2019-07-08,90.8180694580078,87.22512817382812,-40.35486063764368,0,-35.118563411629964,-49.27751879502915,1034886.594705963,
2019-07-09,88.12667846679688,86.84257507324219,-36.956584277802136,0,-34.39150999322614,-46.05079420986446,1034886.594705963,
2019-07-10,88.51661682128906,86.84257507324219,-37.50436437487059,0,-32.80236190056664,-43.283675459079845,1034886.594705963,
2019-07-11,87.34679412841797,86.84257507324219,-35.86101336599556,0,-33.016795130556496,-43.35870890875106,1034886.594705963,
2019-07-12,86.95685577392578,86.45999908447266,-35.69580925769664,0,-32.47317567366968,-42.99919614435327,1034886.594705963,
2019-07-15,86.17697143554688,86.07743835449219,-34.98279907587052,0,-32.47447852920034,-42.92906240768751,1034886.594705963,
2019-07-16,85.39708709716797,85.31230163574219,-34.65236488281394,0,-32.40110632280424,-42.79019677948787,1034886.594705963,
2019-07-17,86.56690979003906,85.69486999511719,-35.91314753231397,0,-32.58738900260429,-42.637458728722955,1034886.594705963,
2019-07-18,86.17697143554688,85.69486999511719,-35.36536743524552,0,-32.77961850092703,-42.73759601570478,1034886.594705963,
2019-07-19,86.56690979003906,85.69486999511719,-35.91314753231397,0,-32.98568587120096,-42.52005439952633,1034886.594705963,
2019-07-22,86.56690979003906,86.07743835449219,-35.53057917293897,0,-33.046832368899345,-42.55402720273031,1034886.594705963,
2019-07-23,86.17697143554688,85.69486999511719,-35.36536743524552,0,-32.826966439175926,-42.54475393663835,1034886.594705963,
2019-07-24,85.39708709716797,85.69486999511719,-34.26979652343894,0,-33.048569261697345,-42.42046334218235,1034886.594705963,
2019-07-25,85.78703308105469,85.27963256835938,-35.232824764934875,0,-32.734089016379016,-42.401678088437976,1034886.594705963,
2019-07-26,85.00714874267578,85.67813110351562,-33.73875531797205,0,-32.44818824651705,-42.50211984972738,1034886.594705963,
2019-07-29,85.00714874267578,85.67813110351562,-33.73875531797205,0,-31.6388472525622,-42.61060258538292,1034886.594705963,
2019-07-30,85.00714874267578,85.67813110351562,-33.73875531797205,0,-32.276563630010095,-42.518371905141585,1034886.594705963,
2019-07-31,85.39708709716797,86.0766372680664,-33.88802925048972,0,-31.62733111795429,-42.633157712339575,1034886.594705963,
2019-08-01,84.61720275878906,85.27963256835938,-33.58946303839018,0,-32.469264482652925,-42.47516822131566,1034886.594705963,
2019-08-02,85.00714874267578,85.27963256835938,-34.1372538531283,0,-31.123875908156045,-42.68539301033092,1034886.594705963,
2019-08-05,85.78703308105469,85.67813110351562,-34.834326229778625,0,-31.514280272050463,-42.63737012148054,1034886.594705963,
2019-08-06,85.39708709716797,84.88113403320312,-35.083532485353004,0,-31.645867450210122,-42.59138656490717,1034886.594705963,
2019-08-07,85.39708709716797,84.88113403320312,-35.083532485353004,0,-32.67973940767251,-42.522360326953894,1034886.594705963,
2019-08-08,85.39708709716797,85.67813110351562,-34.286535415040504,0,-32.01996234699707,-42.58541682125277,1034886.594705963,
2019-08-12,85.78703308105469,85.67813110351562,-34.834326229778625,0,-31.81706579998222,-42.618174562810395,1034886.594705963,
2019-08-13,86.17697143554688,85.27963256835938,-35.78060486200333,0,-31.753853119067177,-42.596034563770345,1034886.594705963,
2019-08-14,86.17697143554688,85.27963256835938,-35.78060486200333,0,-32.179935573582775,-42.62506687879549,1034886.594705963,
2019-08-15,86.56690979003906,84.88113403320312,-36.726883494228034,0,-31.371374798396445,-42.26861631384905,1034886.594705963,
2019-08-16,85.78703308105469,86.0766372680664,-34.435820065227844,0,-32.02550955947697,-42.60937154075758,1034886.594705963,
2019-08-19,85.78703308105469,85.67813110351562,-34.834326229778625,0,-30.524776561139635,-42.25026699777932,1034886.594705963,
2019-08-20,85.78703308105469,85.27963256835938,-35.232824764934875,0,-30.761452012563442,-42.2513465233029,1034886.594705963,
2019-08-21,85.78703308105469,85.67813110351562,-34.834326229778625,0,-30.821572185976695,-42.08729176198448,1034886.594705963,
2019-08-22,86.56690979003906,85.27963256835938,-36.328384959071784,0,-31.069414988397188,-42.492419159382294,1034886.594705963,
2019-08-23,86.56690979003906,85.67813110351562,-35.929886423915534,0,-31.393775159747776,-42.38645540072058,1034886.594705963,
2019-08-26,85.78703308105469,85.27963256835938,-35.232824764934875,0,-31.154719914013633,-42.254445111699944,1034886.594705963,
2019-08-27,85.78703308105469,85.67813110351562,-34.834326229778625,0,-30.73610834926103,-42.13829273939422,1034886.594705963,
2019-08-28,86.56690979003906,86.0766372680664,-35.53138025936475,0,-30.523590324379672,-42.20412055125749,1034886.594705963,
2019-08-29,86.95685577392578,86.47514343261719,-35.68066490955211,0,-30.91923172912235,-42.27159866688125,1034886.594705963,
2019-08-30,87.34679412841797,86.87364196777344,-35.82994647146431,0,-30.918212543660776,-42.23585554249502,1034886.594705963,
2019-09-02,87.73674011230469,87.67064666748047,-35.5807325864954,0,-30.960751949733964,-42.244891815823166,1034886.594705963,
2019-09-03,86.95685577392578,87.27214813232422,-34.883660209845075,0,-30.63939689991647,-41.93669423047567,1034886.594705963,
2019-09-04,87.34679412841797,87.67064666748047,-35.03294177175728,0,-30.206117734785952,-41.85529541818027,1034886.594705963,
2019-09-05,87.34679412841797,87.67064666748047,-35.03294177175728,0,-30.13129780048103,-41.14035359942691,1034886.594705963,
2019-09-06,87.34679412841797,87.67064666748047,-35.03294177175728,0,-30.201924699102307,-40.79043467645192,1034886.594705963,
2019-09-10,88.51661682128906,88.4676513671875,-35.87928808092528,0,-30.316720353615537,-40.49574793678046,1034886.594705963,
2019-09-11,88.51661682128906,88.4676513671875,-35.87928808092528,0,-30.62643499752305,-40.85142494379659,1034886.594705963,
2019-09-12,88.51661682128906,88.4676513671875,-35.87928808092528,0,-30.655249852595354,-40.75263909653331,1034886.594705963,
2019-09-16,88.90656280517578,88.86615753173828,-36.02857273111262,0,-30.75410516351952,-40.45528034204602,1034886.594705963,
2019-09-17,88.90656280517578,88.86615753173828,-36.02857273111262,0,-31.027078744201287,-40.01455227521733,1034886.594705963,
2019-09-18,89.29650115966797,88.86615753173828,-36.57635282818107,0,-31.209588601652587,-39.74538243934165,1034886.594705963,
2019-09-19,89.29650115966797,89.26466369628906,-36.17784666363029,0,-31.474321405177914,-39.634263105036155,1034886.594705963,
2019-09-20,88.90656280517578,89.66316223144531,-35.23156803140559,0,-31.55591516725113,-39.39321018809434,1034886.594705963,
2019-09-23,88.51661682128906,89.26466369628906,-35.082275751823715,0,-31.529685484870594,-39.09868381215942,1034886.594705963,
2019-09-24,88.12667846679688,88.86615753173828,-34.93300181930604,0,-31.783474136875245,-38.74890853831575,1034886.594705963,
2019-09-25,88.12667846679688,88.06915283203125,-35.730006519013074,0,-32.089558005019626,-38.3797751189813,1034886.594705963,
2019-09-26,88.12667846679688,87.67064666748047,-36.128512683563855,0,-32.0554678471911,-38.61994312195595,1034886.594705963,
2019-09-27,87.34679412841797,88.4676513671875,-34.23593707205025,0,-32.54863655480069,-38.07493061791313,1034886.594705963,
2019-10-01,88.51661682128906,89.26466369628906,-35.082275751823715,0,-32.6016258685207,-37.74454974853832,1034886.594705963,
2019-10-02,88.51661682128906,89.26466369628906,-35.082275751823715,0,-32.958247853973226,-37.49055750356799,1034886.594705963,
2019-10-03,87.73674011230469,88.86615753173828,-34.38522172223759,0,-33.35618346471817,-37.06754194968603,1034886.594705963,
2019-10-04,88.51661682128906,89.26466369628906,-35.082275751823715,0,-33.59166381219006,-36.77029232135661,1034886.594705963,
2019-10-07,88.51661682128906,89.66316223144531,-34.683777216667465,0,-33.539593129358096,-36.86230553685482,1034886.594705963,
2019-10-08,88.51661682128906,89.66316223144531,-34.683777216667465,0,-33.61383567062939,-36.67787580502932,1034886.594705963,
2019-10-09,87.73674011230469,88.86615753173828,-34.38522172223759,0,-33.58465066042234,-36.7159576993447,1034886.594705963,
2019-10-14,88.51661682128906,89.26466369628906,-35.082275751823715,0,-33.546126681918444,-36.70394842380531,1034886.594705963,
2019-10-15,88.51661682128906,89.26466369628906,-35.082275751823715,0,-33.579821717391276,-36.72951498889274,1034886.594705963,
2019-10-16,88.51661682128906,89.66316223144531,-34.683777216667465,0,-33.60199953131877,-36.73482097575446,1034886.594705963,
2019-10-17,88.51661682128906,89.66316223144531,-34.683777216667465,0,-33.55760410724173,-36.66901388450546,1034886.594705963,
2019-10-18,88.12667846679688,89.66316223144531,-34.13599711959901,0,-33.54764816155274,-36.6780058827771,1034886.594705963,
2019-10-21,88.51661682128906,89.66316223144531,-34.683777216667465,0,-33.483153802754295,-36.63304176868092,1034886.594705963,
2019-10-22,88.51661682128906,90.06166076660156,-34.285278681511215,0,-33.49444854219473,-36.6349107407117,1034886.594705963,
2019-10-23,88.12667846679688,89.66316223144531,-34.13599711959901,0,-33.45044843862057,-36.63085146751651,1034886.594705963,
2019-10-24,88.12667846679688,90.06166076660156,-33.73749858444276,0,-33.46674097449342,-36.65185083306308,1034886.594705963,
2019-10-25,88.51661682128906,89.66316223144531,-34.683777216667465,0,-33.3379126290155,-36.65113048589814,1034886.594705963,
2019-10-28,88.90656280517578,90.06166076660156,-34.83306949624934,0,-33.51074306302002,-36.64737467489204,1034886.594705963,
2019-10-29,88.51661682128906,89.66316223144531,-34.683777216667465,0,-33.573012206336685,-36.62537564213565,1034886.594705963,
2019-10-30,88.90656280517578,90.06166076660156,-34.83306949624934,0,-33.622478157522586,-36.59639109078105,1034886.594705963,
2019-10-31,88.51661682128906,89.26466369628906,-35.082275751823715,0,-33.668679748370266,-36.57889677773227,1034886.594705963,
2019-11-01,88.90656280517578,90.06166076660156,-34.83306949624934,0,-33.77151394374136,-36.54079450168587,1034886.594705963,
2019-11-04,88.90656280517578,90.06166076660156,-34.83306949624934,0,-33.77859384802651,-36.52722462346011,1034886.594705963,
2019-11-05,89.68643951416016,90.06166076660156,-35.928629690386245,0,-33.75776475847072,-36.52395446270433,1034886.594705963,
2019-11-06,90.07638549804688,90.46017456054688,-36.07790671117907,0,-33.76393323792752,-36.57555970894096,1034886.594705963,
2019-11-07,90.46632385253906,90.06166076660156,-37.02420060219282,1,-33.75885185450121,-36.62176237991975,1034819.3735865783,Long Spread
2019-11-08,90.46632385253906,90.46017456054688,-36.62568680824751,1,-33.757447671889324,-36.79997911578144,1035616.4011744689,
2019-11-11,90.85626983642578,90.8586654663086,-36.774986717223925,1,-33.73211023867375,-36.85352302731393,1035633.4910182189,
2019-11-12,90.85626983642578,90.46017456054688,-37.173477622985644,1,-33.674334564197444,-36.91533196874358,1034836.5092066955,
2019-11-13,89.68643951416016,89.66316223144531,-36.327128225542495,1,-33.60646926409603,-37.07011633643578,1035582.1451930236,
2019-11-14,90.46632385253906,90.06166076660156,-37.02420060219282,1,-33.643007857099214,-36.897215284819474,1034819.3735865783,
2019-11-15,90.07638549804688,90.46017456054688,-36.07790671117907,1,-33.69924217736695,-37.22119116574175,1036396.2778834533,
2019-11-18,90.07638549804688,90.46017456054688,-36.07790671117907,1,-33.6943837481314,-37.114971716572526,1036396.2778834533,
2019-11-19,89.68643951416016,90.06166076660156,-35.928629690386245,1,-33.67415237213973,-37.130002122853725,1036379.1422633361,
2019-11-20,90.46632385253906,90.8586654663086,-36.22719590248579,1,-33.71696659736679,-37.14751997435535,1036413.3829859924,
2019-11-21,90.07638549804688,90.06166076660156,-36.47642050512438,1,-33.66837449258496,-37.07784435442905,1035599.2502955627,
2019-11-22,90.46632385253906,90.8586654663086,-36.22719590248579,1,-33.658730067372126,-37.181587940215486,1036413.3829859924,
2019-11-25,90.85626983642578,90.46017456054688,-37.173477622985644,1,-33.69676686363482,-37.23568734537157,1034836.5092066955,
2019-11-26,90.07638549804688,89.66316223144531,-36.87491904028063,1,-33.69808233487642,-37.520792688985026,1034802.2532252502,
2019-11-27,90.07638549804688,90.06166076660156,-36.47642050512438,1,-33.63687143527455,-37.497409272053865,1035599.2502955627,
2019-11-28,89.29650115966797,89.66316223144531,-35.77934812847404,1,-33.63142537121901,-37.44430572855586,1036362.021902008,
2019-11-29,89.29650115966797,90.06166076660156,-35.38084959331779,1,-33.6096682599384,-37.34315806893764,1037159.0189723205,
2019-12-02,89.68643951416016,90.06166076660156,-35.928629690386245,1,-33.59528722457263,-37.33104527926599,1036379.1422633361,
2019-12-03,89.68643951416016,90.06166076660156,-35.928629690386245,1,-33.70499326837901,-37.42186035319686,1036379.1422633361,
2019-12-04,89.68643951416016,90.06166076660156,-35.928629690386245,1,-33.706727496257685,-37.431326766709475,1036379.1422633361,
2019-12-05,90.07638549804688,90.06166076660156,-36.47642050512438,1,-33.72407936457042,-37.44398544855206,1035599.2502955627,
2019-12-06,89.29650115966797,89.66316223144531,-35.77934812847404,1,-33.748738366170265,-37.5464386049857,1036362.021902008,
2019-12-09,88.90656280517578,89.26466369628906,-35.63006656656184,1,-33.668281491509276,-37.41275622861657,1036344.9015406799,
2019-12-10,88.51661682128906,88.86615753173828,-35.4807819163745,1,-33.658059584081755,-37.394674141201534,1036327.7811793517,
2019-12-11,88.51661682128906,88.4676513671875,-35.87928808092528,1,-33.64405613249026,-37.375485126094205,1035530.7688502502,
2019-12-12,89.29650115966797,88.86615753173828,-36.57635282818107,1,-33.6612588330189,-37.38661957359604,1034768.0125025939,
2019-12-13,89.29650115966797,89.26466369628906,-36.17784666363029,1,-33.66491897117455,-37.49511237337331,1035565.0248316955,
2019-12-16,88.12667846679688,88.06915283203125,-35.730006519013074,1,-33.66341737052293,-37.358860366407875,1035513.648488922,
2019-12-17,88.12667846679688,88.06915283203125,-35.730006519013074,1,-33.650680805224255,-37.35032454550176,1035513.648488922,
2019-12-18,88.51661682128906,88.06915283203125,-36.27778661608153,1,-33.711047110512204,-37.43062699148512,1034733.7717799377,
2019-12-19,87.73674011230469,87.67064666748047,-35.5807325864954,1,-33.758578128484494,-37.518981417736136,1035496.5128688049,
2019-12-20,88.51661682128906,88.4676513671875,-35.87928808092528,1,-33.763036514698484,-37.45564962453305,1035530.7688502502,
2019-12-23,88.90656280517578,88.86615753173828,-36.02857273111262,1,-33.71676962574956,-37.445020655518405,1035547.8892115783,
2019-12-24,88.12667846679688,88.06915283203125,-35.730006519013074,1,-33.706842613871544,-37.41815030872709,1035513.648488922,
2019-12-25,88.12667846679688,88.06915283203125,-35.730006519013074,1,-33.96695804424024,-37.450444151883815,1035513.648488922,
2019-12-26,88.12667846679688,88.4676513671875,-35.331507983856824,1,-33.85855993381036,-37.465199880943665,1036310.6455592345,
2019-12-27,88.51661682128906,88.86615753173828,-35.4807819163745,1,-33.82926993816516,-37.43283390519802,1036327.7811793517,
2019-12-30,88.12667846679688,88.4676513671875,-35.331507983856824,1,-34.007676195895826,-37.42295994581812,1036310.6455592345,
2019-12-31,87.34679412841797,87.67064666748047,-35.03294177175728,0,-33.891284537594444,-37.41778958348149,1036209.4041389464,Close
2020-01-02,87.73674011230469,87.27214813232422,-35.97923112165165,0,-33.93395076245183,-37.402802268886106,1036209.4041389464,
2020-01-03,87.73674011230469,88.06915283203125,-35.18222642194462,0,-34.05305869395139,-37.46543652594263,1036209.4041389464,
2020-01-06,86.17697143554688,87.67064666748047,-33.389590762882236,-1,-34.07365345123846,-37.38197995063227,1036142.4502342223,Short Spread
2020-01-07,85.39708709716797,87.27214813232422,-32.69251838623191,-1,-33.44454142407523,-37.54618365490753,1035379.678627777,
2020-01-08,85.39708709716797,86.87364196777344,-33.09102455078269,-1,-32.70919605133148,-37.81984686744246,1036176.6909568786,
2020-01-09,85.78703308105469,87.27214813232422,-33.24030920097003,-1,-32.953114793711684,-37.79831161675643,1036159.5705955505,
2020-01-10,85.39708709716797,87.27214813232422,-32.69251838623191,-1,-32.89992846758504,-37.82576029323249,1035379.678627777,
2020-01-13,85.00714874267578,87.67064666748047,-31.746239754007206,-1,-32.558783301781894,-38.02004282123391,1033802.8048484802,
2020-01-14,84.61720275878906,87.27214813232422,-31.596947474425335,-1,-29.40849549261843,-38.646540107894026,1033819.9099510192,
2020-01-15,84.2272720336914,86.87364196777344,-31.44768425957733,-1,-28.604593498539312,-38.90626978947305,1033837.0608299255,
2020-01-16,84.2272720336914,87.27214813232422,-31.049178095026548,-1,-27.14795258896749,-39.08207122125314,1033040.0485008239,
2020-01-17,85.00714874267578,87.27214813232422,-32.144738289163456,-1,-20.726210447821572,-39.06062053027056,1034599.8019187927,
2020-01-20,84.61720275878906,87.27214813232422,-31.596947474425335,-1,-29.488539090907018,-38.659049132778655,1033819.9099510192,
2020-01-30,83.44737243652344,86.47514343261719,-30.750590447587655,-1,-26.14753542642856,-38.57084338040799,1033074.258705902,
2020-01-31,83.44737243652344,86.0766372680664,-31.149096612138436,-1,-31.80763357225816,-38.53138752381061,1033871.2710350036,
2020-02-03,84.2272720336914,86.0766372680664,-32.24468895928436,0,-19.829074030014105,-37.499539046277064,1035364.2580729674,Close
2020-02-04,83.83733367919922,86.0766372680664,-31.696908862215906,0,-28.791375433815933,-38.56422158055656,1035364.2580729674,
2020-02-05,84.2272720336914,86.0766372680664,-32.24468895928436,0,-27.181341524736528,-38.633670786959954,1035364.2580729674,
2020-02-06,84.61720275878906,86.47514343261719,-32.393952174132366,0,-28.709546218843805,-38.667207014677636,1035364.2580729674,
2020-02-07,83.83733367919922,86.87364196777344,-30.899904162508875,0,-28.411508034526108,-37.970501326412105,1035364.2580729674,
2020-02-10,84.2272720336914,86.87364196777344,-31.44768425957733,0,-22.681638524273847,-36.805772399999825,1035364.2580729674,
2020-02-11,83.83733367919922,86.47514343261719,-31.298402697665125,0,-26.889322417962433,-36.9377363144508,1035364.2580729674,
2020-02-12,83.44737243652344,86.47514343261719,-30.750590447587655,0,-26.085196958874015,-36.903532104772665,1035364.2580729674,
2020-02-13,84.2272720336914,87.27214813232422,-31.049178095026548,0,-24.120399499022795,-36.1604380056236,1035364.2580729674,
2020-02-14,85.00714874267578,86.87364196777344,-32.54324445371424,0,-26.282760928902178,-36.3526913163617,1035364.2580729674,
2020-02-17,85.39708709716797,87.67064666748047,-32.29401985107566,0,-28.54441311917172,-37.45552691146055,1035364.2580729674,
2020-02-18,84.61720275878906,87.27214813232422,-31.596947474425335,0,-28.556427267372378,-36.9285479150008,1035364.2580729674,
2020-02-19,84.61720275878906,87.67064666748047,-31.198448939269085,0,-27.270584831773405,-37.055433762746375,1035364.2580729674,
2020-02-20,84.61720275878906,87.27214813232422,-31.596947474425335,0,-26.523908501812762,-36.81135411274209,1035364.2580729674,
2020-02-21,84.61720275878906,87.27214813232422,-31.596947474425335,0,-27.271607169264964,-36.98983914767406,1035364.2580729674,
2020-02-24,83.05744171142578,86.47514343261719,-30.202821068188868,0,-27.41673133896237,-36.73596871830707,1035364.2580729674,
2020-02-25,83.05744171142578,86.47514343261719,-30.202821068188868,0,-24.984553632791933,-36.00219219671979,1035364.2580729674,
2020-02-26,82.2775650024414,86.0766372680664,-29.505767038602755,0,-24.864393316388156,-36.01726027341785,1035364.2580729674,
2020-02-27,81.88761901855469,86.0766372680664,-28.95797622386462,0,-24.121636287936806,-34.927602120759126,1035364.2580729674,
2020-03-02,80.3278579711914,86.0766372680664,-26.766845117921136,0,-21.10710762993524,-33.92736165529975,1035364.2580729674,
2020-03-03,81.49767303466797,86.0766372680664,-28.4101854091265,-1,-28.57988490855705,-38.204227883852575,1035297.5551005553,Short Spread
2020-03-04,83.44737243652344,86.87364196777344,-30.352091912431405,0,-18.807606521182073,-34.611299155616095,1037536.131664276,Close
2020-03-05,84.61720275878906,87.67064666748047,-31.198448939269085,0,-25.80753722588946,-36.77570492059157,1037536.131664276,
2020-03-06,82.66749572753906,86.47514343261719,-29.655030253450747,0,-26.7524016657782,-36.608225020359235,1037536.131664276,
2020-03-09,81.10773468017578,85.67813110351562,-28.260911476608825,0,-25.46305556162826,-36.287662803273165,1037536.131664276,
2020-03-10,82.66749572753906,85.67813110351562,-30.45204258255231,0,-23.12606820920056,-35.80562815791986,1037536.131664276,
2020-03-11,82.2775650024414,86.47514343261719,-29.107260874051974,0,-26.52845690453163,-36.22604905095708,1037536.131664276,
2020-03-12,82.2775650024414,85.67813110351562,-29.904273203153537,0,-25.338360952144992,-36.22099042973319,1037536.131664276,
2020-03-13,81.88761901855469,84.48262023925781,-30.551993252673213,0,-26.006322809154714,-36.27832977345017,1037536.131664276,
2020-03-16,80.7177963256836,83.68562316894531,-29.705639314110684,0,-26.382155338620255,-36.30351889465672,1037536.131664276,
2020-03-17,80.3278579711914,85.27963256835938,-27.563849817628167,0,-26.05765788631601,-35.926900362888375,1037536.131664276,
2020-03-18,78.7680892944336,84.88113403320312,-25.771206529171252,0,-24.694185308519202,-35.39963636232328,1037536.131664276,
2020-03-19,77.98821258544922,84.08411407470703,-25.47266629353045,0,-20.968951713588933,-34.94269492468757,1037536.131664276,
2020-03-20,77.91021728515625,84.88113403320312,-24.56607959795099,0,-19.17440307899561,-34.633249120021155,1037536.131664276,
2020-03-23,76.4284439086914,84.08411407470703,-23.281524469917287,0,-13.482672346236123,-32.874689272848435,1037536.131664276,
2020-03-24,76.974365234375,85.27963256835938,-22.852908829830454,1,7.207424674945565,-22.77876772665552,1037469.6415043639,Long Spread
2020-03-25,79.54796600341797,86.0766372680664,-25.67126348844488,0,-25.163569481355186,-37.352066681521215,1033849.8243815611,Close
2020-03-26,78.3781509399414,85.67813110351562,-24.426429361790298,0,-21.04552944273569,-34.67093972111586,1033849.8243815611,
2020-03-27,79.15802764892578,85.67813110351562,-25.521989555927206,0,-18.991463435554294,-34.014047331698116,1033849.8243815611,
2020-03-30,77.98821258544922,84.88113403320312,-24.675646335034358,0,-21.06850942440375,-34.42212853021352,1033849.8243815611,
2020-03-31,77.91021728515625,85.67813110351562,-23.76908252763849,0,-19.99066289289505,-34.018835938946694,1033849.8243815611,
2020-04-01,76.50643157958984,85.27963256835938,-22.19556199567863,0,-17.8610822747025,-33.58505578625629,1033849.8243815611,
2020-04-06,78.7680892944336,86.0766372680664,-24.57570329430797,0,-12.376971333801503,-31.87455072605771,1033849.8243815611,
2020-04-07,79.93790435791016,85.67813110351562,-26.617549750064114,0,-20.07854291579217,-33.91431732265041,1033849.8243815611,
2020-04-08,80.7177963256836,86.0766372680664,-27.31462521498959,0,-21.79285192447925,-34.2575378688129,1033849.8243815611,
2020-04-09,81.10773468017578,85.27963256835938,-28.659410011765075,0,-22.542357054746553,-33.766121549195894,1033849.8243815611,
2020-04-10,81.49767303466797,86.0766372680664,-28.4101854091265,0,-22.89316214844634,-33.99415288187786,1033849.8243815611,
2020-04-13,81.10773468017578,86.0766372680664,-27.862405312058044,0,-22.60718131341384,-34.34080181463986,1033849.8243815611,
2020-04-14,82.66749572753906,86.47514343261719,-29.655030253450747,0,-22.401731909674286,-34.36422413013233,1033849.8243815611,
2020-04-15,83.05744171142578,86.87364196777344,-29.804322533032618,0,-22.90128521914528,-34.41903824708675,1033849.8243815611,
2020-04-16,82.2775650024414,86.0766372680664,-29.505767038602755,0,-22.999605037570106,-34.25821268879384,1033849.8243815611,
2020-04-17,82.66749572753906,86.47514343261719,-29.655030253450747,0,-22.96398730832604,-34.257226883146245,1033849.8243815611,
2020-04-20,83.44737243652344,86.87364196777344,-30.352091912431405,0,-22.96653657667723,-34.494786839782236,1033849.8243815611,
2020-04-21,82.66749572753906,86.47514343261719,-29.655030253450747,0,-23.056261288938973,-34.64352360717141,1033849.8243815611,
2020-04-22,82.66749572753906,86.87364196777344,-29.256531718294497,0,-22.995197144027717,-34.476182164915095,1033849.8243815611,
2020-04-23,82.2775650024414,86.87364196777344,-28.708762338895724,0,-22.951061225329145,-34.45725810736896,1033849.8243815611,
2020-04-24,82.66749572753906,86.47514343261719,-29.655030253450747,0,-22.89844150771658,-33.93554191559643,1033849.8243815611,
2020-04-27,84.2272720336914,87.27214813232422,-31.049178095026548,0,-23.036366672485286,-34.180454837922774,1033849.8243815611,
2020-04-28,84.2272720336914,87.27214813232422,-31.049178095026548,0,-23.147604838157633,-34.77219417185395,1033849.8243815611,
2020-04-29,83.05744171142578,87.67064666748047,-29.007317833325587,0,-23.13407634223745,-34.651987092799615,1033849.8243815611,
2020-04-30,83.83733367919922,87.27214813232422,-30.501397997958094,0,-23.019529665186237,-33.811079529969206,1033849.8243815611,
2020-05-04,84.2272720336914,86.87364196777344,-31.44768425957733,0,-23.155450587952636,-34.18314481029273,1033849.8243815611,
2020-05-05,83.83733367919922,86.87364196777344,-30.899904162508875,0,-23.214830125255535,-34.20985377819886,1033849.8243815611,
2020-05-06,83.44737243652344,87.27214813232422,-29.953585747880624,0,-23.25326463374574,-33.95554786257979,1033849.8243815611,
2020-05-07,83.83733367919922,86.87364196777344,-30.899904162508875,0,-23.18998964259019,-34.11202444346861,1033849.8243815611,
2020-05-08,83.83733367919922,87.67064666748047,-30.102899462801844,0,-23.240713991895245,-34.152226314556714,1033849.8243815611,
2020-05-11,84.2272720336914,87.67064666748047,-30.650679559870298,0,-23.222260183214182,-33.96924701879922,1033849.8243815611,
2020-05-12,83.44737243652344,87.67064666748047,-29.555087212724374,0,-23.25524478025094,-34.21382120472373,1033849.8243815611,
2020-05-13,83.83733367919922,87.67064666748047,-30.102899462801844,0,-23.19668828476812,-33.87485016028229,1033849.8243815611,
2020-05-14,83.44737243652344,87.67064666748047,-29.555087212724374,0,-23.33968247994022,-33.463551933142504,1033849.8243815611,
2020-05-15,83.83733367919922,87.27214813232422,-30.501397997958094,0,-23.345977727694432,-33.319009613741656,1033849.8243815611,
2020-05-18,83.83733367919922,88.06915283203125,-29.704393298251063,0,-23.38404996219155,-33.59656589412975,1033849.8243815611,
2020-05-19,84.2272720336914,88.4676513671875,-29.853674860163267,0,-23.361205068302276,-33.48585650706193,1033849.8243815611,
2020-05-20,83.83733367919922,88.86615753173828,-28.90738859854403,0,-23.409497450887756,-33.33829963543437,1033849.8243815611,
2020-05-21,83.83733367919922,88.86615753173828,-28.90738859854403,0,-23.37897222719956,-33.10598447022616,1033849.8243815611,
2020-05-22,83.05744171142578,88.4676513671875,-28.210313133618556,0,-23.37247905592535,-33.331992340111555,1033849.8243815611,
2020-05-25,83.83733367919922,88.06915283203125,-29.704393298251063,0,-23.29234388510308,-33.199933210389325,1033849.8243815611,
2020-05-26,83.83733367919922,88.4676513671875,-29.305894763094813,0,-23.4502869918578,-33.51964327327163,1033849.8243815611,
2020-05-27,83.83733367919922,87.67064666748047,-30.102899462801844,0,-23.46867020116151,-33.545707562591,1033849.8243815611,
2020-05-28,83.83733367919922,88.06915283203125,-29.704393298251063,0,-23.892670798767437,-33.92133401003791,1033849.8243815611,
2020-05-29,83.83733367919922,88.06915283203125,-29.704393298251063,0,-23.634542058136326,-33.77405225343751,1033849.8243815611,
2020-06-01,83.05744171142578,88.86615753173828,-27.811806969067774,0,-23.48835910828152,-33.42681993748122,1033849.8243815611,
2020-06-02,83.44737243652344,89.26466369628906,-27.96107018391578,0,-23.303329314856903,-32.913951434029926,1033849.8243815611,
2020-06-03,84.61720275878906,89.66316223144531,-29.20593337530424,0,-23.321001784462496,-33.176850128729725,1033849.8243815611,
2020-06-04,84.2272720336914,90.06166076660156,-28.259665460749204,0,-23.606320908636107,-33.55816411072439,1033849.8243815611,
2020-06-05,83.83733367919922,89.66316223144531,-28.110383898837,0,-23.33932304051976,-32.987027020969066,1033849.8243815611,
2020-06-08,84.61720275878906,90.06166076660156,-28.80743484014799,0,-23.366122131368257,-33.20023055216748,1033849.8243815611,
2020-06-09,83.83733367919922,90.06166076660156,-27.71188536368075,0,-23.40262291049743,-33.10781741469241,1033849.8243815611,
2020-06-10,84.61720275878906,90.06166076660156,-28.80743484014799,0,-23.244223671307203,-32.764843442076135,1033849.8243815611,
2020-06-11,83.83733367919922,89.66316223144531,-28.110383898837,0,-23.402569404696095,-33.039600273684236,1033849.8243815611,
2020-06-12,83.83733367919922,90.06166076660156,-27.71188536368075,0,-23.56902419944224,-33.25493137734511,1033849.8243815611,
2020-06-15,82.66749572753906,88.86615753173828,-27.264016154329653,0,-23.990092622103994,-33.244903235726525,1033849.8243815611,
2020-06-16,83.83733367919922,89.66316223144531,-28.110383898837,0,-24.073772795946223,-33.16615614862363,1033849.8243815611,
2020-06-17,84.2272720336914,90.06166076660156,-28.259665460749204,0,-24.58688401770173,-33.085841553862856,1033849.8243815611,
2020-06-18,83.83733367919922,89.66316223144531,-28.110383898837,0,-25.180668954211157,-32.76570931987705,1033849.8243815611,
2020-06-19,83.44737243652344,90.06166076660156,-27.16407311360328,0,-25.5441518882133,-32.46776197973668,1033849.8243815611,
2020-06-22,83.83733367919922,90.46017456054688,-27.313371569735438,0,-24.960025285768545,-32.65592735303791,1033849.8243815611,
2020-06-23,83.44737243652344,90.8586654663086,-26.36706841389625,0,-25.462469983184754,-32.431351317165614,1033849.8243815611,
2020-06-24,84.2272720336914,91.25717163085938,-27.06415459649139,0,-25.109696368329395,-32.496402794445736,1033849.8243815611,
2020-06-29,84.61720275878906,91.65568542480467,-27.21341018194488,0,-25.581664846761832,-32.311398199987785,1033849.8243815611,
2020-06-30,86.17697143554688,93.24969482421876,-27.81054260614394,0,-26.037219685184304,-32.022398502169416,1033849.8243815611,
2020-07-01,87.34679412841797,92.85118865966795,-29.852399779569794,0,-26.820828848649942,-31.430523311666587,1033849.8243815611,
2020-07-02,88.90656280517578,94.27859497070312,-30.616135292147774,0,-26.827558815728334,-31.569312888992332,1033849.8243815611,
2020-07-03,89.68643951416016,92.62458801269533,-33.36570244429248,1,-26.73622615098458,-31.760639386792487,1033782.5319404601,Long Spread
2020-07-06,90.07638549804688,92.62458801269533,-33.913493259030616,1,-26.455606279113066,-32.60129991244341,1033002.6399726867,
2020-07-07,89.68643951416016,92.2110824584961,-33.779207998491714,1,-26.053201980601038,-33.48354608618622,1032955.5208320617,
2020-07-08,90.07638549804688,92.62458801269533,-33.913493259030616,1,-26.021616051813467,-33.87001494046337,1033002.6399726867,
2020-07-09,90.07638549804688,91.3840789794922,-35.15400229223374,1,-26.077313122436546,-34.36632298144542,1030521.6219062804,
2020-07-10,90.46632385253906,91.79757690429688,-35.28828446449751,1,-25.19428361963259,-37.048741122897056,1030568.7410469054,
2020-07-13,90.46632385253906,91.3840789794922,-35.70178238930218,1,-25.02504200332516,-38.167357675315756,1029741.745197296,
2020-07-14,90.46632385253906,90.9705810546875,-36.11528031410688,1,-25.082005011268514,-41.104505674913575,1028914.7493476867,
2020-07-15,90.46632385253906,90.55707550048828,-36.5287858683061,1,-25.37472639217858,-45.615912986151876,1028087.7382392882,
2020-07-16,88.90656280517578,90.55707550048828,-34.33765476236262,0,-26.516914771963158,-54.74170232579452,1031140.0817884825,Close
2020-07-17,87.48242950439453,90.55707550048828,-32.33705167022438,0,-25.08939976729375,-37.91307191599119,1031140.0817884825,
2020-07-20,87.48242950439453,90.9705810546875,-31.923546116025165,0,-25.220819575210353,-36.27603397728231,1031140.0817884825,
2020-07-21,86.66863250732422,90.9705810546875,-30.780335162515016,0,-25.40456157014019,-36.19498255228778,1031140.0817884825,
2020-07-22,87.07552337646484,90.9705810546875,-31.351929921600416,0,-25.041941333745953,-35.74282720362006,1031140.0817884825,
2020-07-23,86.66863250732422,90.14356231689452,-31.607353900308,0,-24.86295692930222,-35.61511537295759,1031140.0817884825,
2020-07-24,86.2617416381836,90.14356231689452,-31.0357591412226,0,-24.888437006572005,-35.71563625610109,1031140.0817884825,
2020-07-27,85.44795227050781,89.31655883789062,-30.719562384386023,0,-25.336530034354332,-35.978207360725314,1031140.0817884825,
2020-07-28,85.04105377197266,89.7300796508789,-29.73443609464266,0,-24.911547057607876,-35.63784626141634,1031140.0817884825,
2020-07-29,85.44795227050781,89.7300796508789,-30.306041571397742,0,-24.531584797602235,-35.102322650788714,1031140.0817884825,
2020-07-30,85.44795227050781,89.7300796508789,-30.306041571397742,0,-24.733717513118684,-35.37216620930981,1031140.0817884825,
2020-07-31,85.44795227050781,90.55707550048828,-29.479045721788367,0,-24.9330670892766,-35.612571666277475,1031140.0817884825,
2020-08-03,84.63416290283203,89.31655883789062,-29.57636214854554,0,-24.499130381302905,-35.17955484565509,1031140.0817884825,
2020-08-04,84.63416290283203,89.7300796508789,-29.16284133555726,0,-24.673786519412342,-35.39529598063962,1031140.0817884825,
2020-08-05,85.04105377197266,89.31655883789062,-30.14795690763094,0,-24.393403007809674,-35.16253360554697,1031140.0817884825,
2020-08-06,84.63416290283203,90.14356231689452,-28.74935866954165,0,-24.95291061292822,-35.61306175471515,1031140.0817884825,
2020-08-07,84.22726440429688,90.14356231689452,-28.177753192786582,0,-24.344127543623117,-35.25284955095808,1031140.0817884825,
2020-08-10,83.82037353515625,89.7300796508789,-28.019641099716793,0,-24.198376344694587,-35.31465399438598,1031140.0817884825,
2020-08-11,83.4134750366211,89.7300796508789,-27.44803562296171,0,-23.78521592549762,-35.03927979488729,1031140.0817884825,
2020-08-12,83.82037353515625,90.14356231689452,-27.606158433701182,0,-23.55526426213467,-35.21258710105758,1031140.0817884825,
2020-08-13,84.22726440429688,90.55707550048828,-27.764240009192818,0,-23.53254165823475,-35.16840831950705,1031140.0817884825,
2020-08-14,83.82037353515625,90.14356231689452,-27.606158433701182,0,-23.909513145326866,-35.37798154029236,1031140.0817884825,
2020-08-17,84.22726440429688,89.7300796508789,-28.591235858802193,0,-23.76252065048353,-35.37482180167131,1031140.0817884825,
2020-08-18,83.82037353515625,90.14356231689452,-27.606158433701182,0,-24.54632670583699,-35.53208375967168,1031140.0817884825,
2020-08-19,83.82037353515625,90.14356231689452,-27.606158433701182,0,-23.38202252901089,-35.18227718692732,1031140.0817884825,
2020-08-20,83.4134750366211,90.14356231689452,-27.0345529569461,0,-23.45989133392839,-35.278104371151905,1031140.0817884825,
2020-08-21,83.82037353515625,90.55707550048828,-27.192645250107418,0,-22.633303830930647,-34.983220445547104,1031140.0817884825,
2020-08-24,83.4134750366211,90.14356231689452,-27.0345529569461,0,-22.803996621652736,-35.10666157289536,1031140.0817884825,
2020-08-25,83.00658416748047,90.14356231689452,-26.462958197860715,0,-22.577600820803397,-35.078658737429265,1031140.0817884825,
2020-08-26,83.4134750366211,90.14356231689452,-27.0345529569461,0,-22.902400212553005,-35.520739268017145,1031140.0817884825,
2020-08-27,83.4134750366211,90.55707550048828,-26.621039773352337,0,-23.258590952748776,-35.496707427680604,1031140.0817884825,
2020-08-28,83.4134750366211,90.14356231689452,-27.0345529569461,0,-21.95125191105389,-35.17067300232878,1031140.0817884825,
2020-08-31,82.59968566894531,89.7300796508789,-26.304835387121244,0,-22.863671894912432,-35.45416175648039,1031140.0817884825,
2020-09-01,82.59968566894531,90.14356231689452,-25.891352721105633,0,-22.144675418669266,-35.49705749593427,1031140.0817884825,
2020-09-02,82.59968566894531,89.7300796508789,-26.304835387121244,0,-20.81445917522443,-35.27903481764541,1031140.0817884825,
2020-09-03,82.19278717041016,90.14356231689452,-25.319747244350566,0,-22.19507109283452,-35.59554215167219,1031140.0817884825,
2020-09-04,82.19278717041016,89.7300796508789,-25.733229910366177,0,-19.109503296943515,-35.19539236780964,1031140.0817884825,
2020-09-07,82.19278717041016,89.7300796508789,-25.733229910366177,0,-20.624982340006188,-35.52265821918297,1031140.0817884825,
2020-09-08,81.78590393066406,90.14356231689452,-24.748163202934833,0,-20.92335076728982,-35.656130993017385,1031140.0817884825,
2020-09-09,81.3790054321289,89.7300796508789,-24.590040392195377,0,-19.244440311526226,-35.905160501186856,1031140.0817884825,
2020-09-10,81.3790054321289,90.14356231689452,-24.176557726179766,0,-16.720736711732357,-35.42769152693633,1031140.0817884825,
2020-09-11,81.78590393066406,90.14356231689452,-24.748163202934833,0,-13.737156520620726,-35.017490614619376,1031140.0817884825,
2020-09-14,81.78590393066406,90.14356231689452,-24.748163202934833,0,-17.08861676675883,-35.416056731049665,1031140.0817884825,
2020-09-15,81.3790054321289,90.14356231689452,-24.176557726179766,0,-18.419474941725497,-35.93654530855235,1031140.0817884825,
2020-09-16,81.3790054321289,90.14356231689452,-24.176557726179766,0,-15.671656344802637,-35.797313934723036,1031140.0817884825,
2020-09-17,81.1348648071289,90.14356231689452,-23.833592296592784,0,-17.731334037785693,-36.301254515127944,1031140.0817884825,
2020-09-18,80.97211456298828,90.14356231689452,-23.604962967094366,0,-13.41166816325771,-35.759106992795694,1031140.0817884825,
2020-09-21,80.48383331298828,89.7300796508789,-23.332514773936012,0,-10.454870136480839,-35.25311275482747,1031140.0817884825,
2020-09-22,80.23970031738281,89.31655883789062,-23.403080875006992,0,-1.7153248876443143,-32.467979373160176,1031140.0817884825,
2020-09-23,79.58866882324219,88.90306091308594,-22.90201861113931,1,14.538661172059625,-20.91033895572466,1031073.342119293,Long Spread
2020-09-24,78.4493637084961,88.48956298828125,-21.715036205767333,1,43.215926097779644,-1.4269839194033374,1032524.9564991759,
2020-09-25,78.69348907470703,88.90306091308594,-21.64448227521028,1,81.43559265614346,38.618259488956035,1032863.7016163634,
2020-09-28,79.01901245117188,89.31655883789062,-21.688275162411443,1,9.78096973166722,-12.944777394585373,1033039.650713043,
2020-09-29,78.93763732910156,89.7300796508789,-21.16043968467396,1,1.9603602702227807,-17.932214200875563,1034029.4425831602,
2020-09-30,78.61212158203125,88.48956298828125,-21.943676252935433,1,3.7945971763244764,-16.288828581526385,1032199.4407521056,
2020-10-05,78.5307388305664,88.48956298828125,-21.829350870516535,1,-14.077922355885683,-25.634630082229542,1032362.2062550352,
2020-10-06,78.93763732910156,89.31655883789062,-21.57396049766224,1,-15.36392471554187,-25.97408900797093,1033202.4009571837,
2020-10-07,78.77487182617188,88.07605743408203,-22.58581113663307,1,-16.72422404337211,-26.1502342226932,1031046.9291554259,
2020-10-08,78.85625457763672,88.90306091308594,-21.873133040048046,0,-19.342263887008993,-27.131435052212442,1032471.4602378843,Close
2020-10-12,78.61212158203125,88.48956298828125,-21.943676252935433,0,-19.84588251918948,-26.85290961334477,1032471.4602378843,
2020-10-13,78.12384033203125,88.90306091308594,-20.84424746895678,0,-18.469322152283393,-26.37808662857449,1032471.4602378843,
2020-10-14,78.4493637084961,88.90306091308594,-21.301538280962646,0,-11.802185635218379,-23.298713887895666,1032471.4602378843,
2020-10-15,78.12384033203125,88.07605743408203,-21.671250947960687,0,-13.97623179133611,-24.624307248977807,1032471.4602378843,
2020-10-16,77.31005096435547,88.07605743408203,-20.52805071212022,0,-12.845972888832883,-24.519871703127244,1032471.4602378843,
2020-10-19,77.71695709228516,88.48956298828125,-20.68616135234575,0,-10.731844728843509,-22.794583776742837,1032471.4602378843,
2020-10-20,77.79833221435547,88.07605743408203,-21.21398157129417,0,-13.997719554843583,-24.167026666996087,1032471.4602378843,
2020-10-21,78.4493637084961,88.48956298828125,-21.715036205767333,0,-15.173877247719481,-24.972902395055883,1032471.4602378843,
2020-10-22,80.15830993652344,88.48956298828125,-24.115740624527817,0,-16.37282077349462,-25.6071621079322,1032471.4602378843,
2020-10-23,79.4259033203125,88.90306091308594,-22.67336784630153,0,-18.416866675194807,-27.695110311604562,1032471.4602378843,
2020-10-26,80.07693481445312,89.7300796508789,-22.760909297180945,0,-18.03540332682192,-26.9962350748186,1032471.4602378843,
2020-10-27,79.75142669677734,90.14356231689452,-21.890157254498817,0,-18.38091528018016,-26.911257343698438,1032471.4602378843,
2020-10-28,79.83280181884766,89.7300796508789,-22.417954585263644,0,-17.33520623815956,-26.7515322150785,1032471.4602378843,
2020-10-29,78.93763732910156,88.90306091308594,-21.98745842246693,0,-18.13595713230287,-26.822110549600502,1032471.4602378843,
2020-10-30,79.50728607177734,88.48956298828125,-23.2011911535251,0,-17.77313661717878,-26.703849711173078,1032471.4602378843,
2020-11-02,79.58866882324219,90.55707550048828,-21.248004023736968,0,-19.230540336675634,-26.582585677035883,1032471.4602378843,
2020-11-03,79.58866882324219,90.55707550048828,-21.248004023736968,0,-17.568743024164466,-26.55938245284464,1032471.4602378843,
2020-11-04,79.6700439453125,90.55707550048828,-21.36231868848617,0,-17.377861011148138,-26.605304087878547,1032471.4602378843,
2020-11-05,80.23970031738281,90.9705810546875,-21.749058658210117,0,-17.560951791855818,-26.566901848422592,1032471.4602378843,
2020-11-06,81.3790054321289,90.55707550048828,-23.763044542586,0,-17.723422150550856,-26.753103327826974,1032471.4602378843,
2020-11-09,81.78590393066406,90.9705810546875,-23.92114446514185,0,-18.81807995762,-27.184600814223465,1032471.4602378843,
2020-11-10,81.1348648071289,90.9705810546875,-23.0065735587998,0,-18.992348121557853,-27.016606270747175,1032471.4602378843,
2020-11-11,80.97211456298828,90.9705810546875,-22.777944229301383,0,-18.84831478252768,-26.78954741867085,1032471.4602378843,
2020-11-12,80.97211456298828,90.9705810546875,-22.777944229301383,0,-19.22791637476621,-26.199627191415125,1032471.4602378843,
2020-11-13,80.64659881591797,90.9705810546875,-22.3206641349652,0,-19.10873454847526,-26.32057856967682,1032471.4602378843,
2020-11-16,80.97211456298828,90.55707550048828,-23.1914497835006,0,-19.121455702419293,-26.103224888239705,1032471.4602378843,
2020-11-17,80.5652084350586,90.9705810546875,-22.206328034876634,0,-19.298032515875626,-26.26787091937441,1032471.4602378843,
2020-11-18,81.1348648071289,90.9705810546875,-23.0065735587998,0,-19.236566575284286,-25.966325044344956,1032471.4602378843,
2020-11-19,80.97211456298828,90.9705810546875,-22.777944229301383,0,-19.4755839793894,-25.954062700955184,1032471.4602378843,
2020-11-20,80.8093490600586,90.55707550048828,-22.962799018662835,0,-19.437688766712082,-25.941418335058824,1032471.4602378843,
2020-11-23,80.97211456298828,91.3840789794922,-22.36444630449668,0,-19.68146774154675,-25.62623359610026,1032471.4602378843,
2020-11-24,80.64659881591797,90.55707550048828,-22.734169689164418,0,-19.64518048387346,-25.516252935446595,1032471.4602378843,
2020-11-25,80.3210678100586,90.14356231689452,-22.690381343082635,0,-19.90597784004409,-25.251572150181925,1032471.4602378843,
2020-11-26,81.05348205566406,90.55707550048828,-23.305753730580136,0,-19.91564797132084,-25.23478056629877,1032471.4602378843,
2020-11-27,80.72797393798828,90.55707550048828,-22.84848435391362,0,-20.00383950687891,-25.241097547114762,1032471.4602378843,
2020-11-30,79.01901245117188,89.7300796508789,-21.274754349423162,0,-20.14530847076972,-24.944530287785483,1032471.4602378843,
2020-12-01,79.99556732177734,90.14356231689452,-22.2331226840858,0,-19.92073841132421,-24.947585572113837,1032471.4602378843,
2020-12-02,79.50728607177734,90.14356231689452,-21.547191824911835,0,-20.155552223029396,-24.75231950383602,1032471.4602378843,
2020-12-03,78.93763732910156,89.7300796508789,-21.16043968467396,0,-20.19183897312065,-24.563639049710563,1032471.4602378843,
2020-12-04,79.4259033203125,90.55707550048828,-21.019353258899187,0,-20.101746694220292,-24.56720375484674,1032471.4602378843,
2020-12-07,79.4259033203125,89.7300796508789,-21.846349108508562,0,-20.07625499704495,-24.485247616785315,1032471.4602378843,
2020-12-08,79.58866882324219,90.55707550048828,-21.248004023736968,0,-20.149593371880282,-24.455758885078385,1032471.4602378843,
2020-12-09,79.58866882324219,89.7300796508789,-22.074999873346343,0,-20.16125583207408,-24.26527730058373,1032471.4602378843,
2020-12-10,79.6700439453125,89.7300796508789,-22.189314538095545,0,-20.279555085747692,-24.146590182863985,1032471.4602378843,
2020-12-11,80.23970031738281,89.7300796508789,-22.98956006201871,0,-20.309282252371727,-24.09690088133326,1032471.4602378843,
2020-12-14,80.5652084350586,89.7300796508789,-23.446829438685228,0,-20.3691726704024,-24.046749408894847,1032471.4602378843,
2020-12-15,80.15830993652344,90.14356231689452,-22.46174129591455,0,-20.381965947369288,-24.05838222884563,1032471.4602378843,
2020-12-16,80.72797393798828,90.55707550048828,-22.84848435391362,0,-20.393848208163828,-23.97973829524992,1032471.4602378843,
2020-12-17,80.72797393798828,90.55707550048828,-22.84848435391362,0,-20.408428224904217,-23.975598435700828,1032471.4602378843,
2020-12-18,80.8093490600586,90.55707550048828,-22.962799018662835,0,-20.42186480217852,-23.941654284753533,1032471.4602378843,
2020-12-21,80.89073181152344,90.55707550048828,-23.07712440108172,0,-20.423019902778087,-23.964970214163777,1032471.4602378843,
2020-12-22,80.5652084350586,90.14356231689452,-23.033346772669617,0,-20.45716138729014,-24.030328490197586,1032471.4602378843,
2020-12-23,80.23970031738281,89.7300796508789,-22.98956006201871,0,-20.476808555357792,-24.059604964438954,1032471.4602378843,
2020-12-24,80.15830993652344,89.31655883789062,-23.28874477491844,0,-20.493017750588617,-24.08440811223657,1032471.4602378843,
2020-12-25,80.40245819091797,89.7300796508789,-23.21820010918681,0,-20.555847473910266,-24.128157102842184,1032471.4602378843,
2020-12-28,80.97211456298828,90.55707550048828,-23.1914497835006,0,-20.536906332486563,-24.15817494787959,1032471.4602378843,
2020-12-29,80.5652084350586,90.14356231689452,-23.033346772669617,0,-20.553985845349708,-24.192394278065635,1032471.4602378843,
2020-12-30,81.1348648071289,90.9705810546875,-23.0065735587998,0,-20.590530780532895,-24.209172717379268,1032471.4602378843,
2020-12-31,80.48383331298828,90.14356231689452,-22.9190321079204,0,-20.561682097410184,-24.206903005661246,1032471.4602378843,
2021-01-04,80.3210678100586,90.14356231689452,-22.690381343082635,0,-20.598156940790478,-24.237124148082433,1032471.4602378843,
2021-01-05,80.72797393798828,90.55707550048828,-22.84848435391362,0,-20.607605059700177,-24.237939154334498,1032471.4602378843,
2021-01-06,80.23970031738281,90.55707550048828,-22.162564212409336,0,-20.744451094793835,-24.225525203751598,1032471.4602378843,
2021-01-07,79.99556732177734,90.14356231689452,-22.2331226840858,0,-20.74589989123024,-24.197917003875343,1032471.4602378843,
2021-01-08,80.97211456298828,90.9705810546875,-22.777944229301383,0,-20.754540280444306,-24.19490304391528,1032471.4602378843,
2021-01-11,80.89073181152344,91.79757690429688,-21.836622997273125,0,-20.937762855722205,-24.148189255700338,1032471.4602378843,
2021-01-12,80.89073181152344,91.79757690429688,-21.836622997273125,0,-20.989072644757712,-24.08646514735746,1032471.4602378843,
2021-01-13,80.97211456298828,92.2110824584961,-21.53744282549279,0,-21.009801589459254,-24.069471763022396,1032471.4602378843,
2021-01-14,81.05348205566406,92.62458801269533,-21.23824121837309,0,-20.976839808835155,-24.07367193384584,1032471.4602378843,
2021-01-15,80.64659881591797,91.79757690429688,-21.493668285355824,0,-20.911656934013664,-23.932039114913046,1032471.4602378843,
2021-01-18,80.3210678100586,91.79757690429688,-21.036366755680277,0,-20.874318711490268,-23.986590187095977,1032471.4602378843,
2021-01-19,79.91417694091797,91.79757690429688,-20.464771996594877,-1,-20.76470026983098,-24.00199305330516,1032404.5917677305,Short Spread
2021-01-20,79.18177032470703,90.14356231689452,-21.08991173057565,-1,-20.616177983618055,-24.097802169905446,1034247.8077101134,
2021-01-21,79.10037994384766,89.7300796508789,-21.389058296502697,-1,-20.58998768738316,-24.0833408516291,1034911.9922804259,
2021-01-22,78.69348907470703,89.7300796508789,-20.81746353741731,-1,-20.602476821959165,-24.100875442201357,1034098.2105421446,
2021-01-25,79.58866882324219,90.14356231689452,-21.661517207330732,-1,-20.426348134893097,-24.03965943527316,1035061.6047071837,
2021-01-26,79.26314544677734,89.7300796508789,-21.617709061340477,-1,-20.623653184876,-24.093742521654978,1035237.5232862852,
2021-01-27,78.61212158203125,90.14356231689452,-20.289676924322166,-1,-20.640851206785317,-24.084302405638393,1033108.5102247618,
2021-01-28,79.10037994384766,90.14356231689452,-20.975575630487086,-1,-20.37488627723056,-24.171229606184383,1034085.0269483946,
2021-01-29,78.28659057617188,89.31655883789062,-20.65937887365051,-1,-20.395672297338784,-24.1570178441548,1034111.4551710509,
2021-02-01,78.5307388305664,90.14356231689452,-20.175351541903268,-1,-20.19636568009754,-23.93358604981285,1032945.7447218321,
2021-02-02,78.77487182617188,90.14356231689452,-20.518306253820583,-1,-20.014070115033427,-23.874685918972702,1033434.010713043,
2021-02-03,78.36798095703125,90.14356231689452,-19.946711494735183,-1,-19.956226726557766,-23.97124147946635,1032620.2289747618,
2021-02-04,78.36798095703125,89.31655883789062,-20.773714973739075,-1,-19.61741844358779,-24.055915528922686,1034274.2359327696,
2021-02-05,79.10037994384766,89.7300796508789,-21.389058296502697,-1,-19.82851377434486,-23.999229461126216,1034911.9922804259,
2021-02-17,78.61212158203125,89.7300796508789,-20.703159590337776,-1,-19.930069289199043,-24.04404859089558,1033935.475556793,
2021-02-18,78.4493637084961,89.7300796508789,-20.474519543169677,-1,-19.7498699235613,-23.88650835120452,1033609.9598097227,
2021-02-19,78.28659057617188,90.14356231689452,-19.83237539464662,-1,-19.616158614336904,-24.022186084417214,1032457.448213043,
2021-02-22,78.28659057617188,89.7300796508789,-20.24585806066223,-1,-19.228305413719593,-23.914610512755214,1033284.4135450743,
2021-02-23,79.75142669677734,90.55707550048828,-21.476644070905053,-1,-19.318745391615778,-23.9135137051327,1034560.0940870665,
2021-02-24,79.75142669677734,90.55707550048828,-21.476644070905053,-1,-19.607243818485742,-23.87393576453232,1034560.0940870665,
2021-02-25,80.5652084350586,91.3840789794922,-21.792830110071932,-1,-19.603615851195954,-23.93952968828883,1034533.6506056212,
2021-02-26,79.01901245117188,90.55707550048828,-20.447758499813787,-1,-19.62876174529633,-23.879706209029898,1033095.2655958555,
2021-03-02,79.18177032470703,90.55707550048828,-20.676398546981886,-1,-19.384280097964577,-23.829590285953792,1033420.7813429259,
2021-03-03,80.48383331298828,90.55707550048828,-22.505518924326637,0,-19.433491499305784,-23.66304881182481,1035958.0656831358,Close
2021-03-04,79.75142669677734,90.55707550048828,-21.476644070905053,0,-19.597061520938396,-23.849738302066015,1035958.0656831358,
2021-03-05,79.58866882324219,90.9705810546875,-20.83449846953775,0,-19.625258555758887,-23.90184902186694,1035958.0656831358,
2021-03-08,79.4259033203125,90.9705810546875,-20.60584770469997,0,-19.444497743566316,-23.793605977501088,1035958.0656831358,
2021-03-09,80.23970031738281,91.3840789794922,-21.335560733405416,0,-19.410088182087833,-23.854998402905267,1035958.0656831358,
2021-03-10,80.72797393798828,91.3840789794922,-22.0214808749097,0,-19.558971188328663,-23.892551315697098,1035958.0656831358,
2021-03-11,80.40245819091797,91.79757690429688,-21.15070285576884,0,-19.650987143447068,-23.953832138651734,1035958.0656831358,
2021-03-12,80.48383331298828,91.79757690429688,-21.265017520518043,0,-19.48352422478457,-23.84790408102437,1035958.0656831358,
2021-03-15,79.83280181884766,91.3840789794922,-20.76395525665035,0,-19.54904313591563,-23.889473161435664,1035958.0656831358,
2021-03-16,80.40245819091797,91.3840789794922,-21.564200780573515,0,-19.37693571813776,-23.803186646240164,1035958.0656831358,
2021-03-17,80.3210678100586,91.3840789794922,-21.44986468048495,0,-19.466622570835703,-23.810332748563482,1035958.0656831358,
2021-03-18,80.23970031738281,91.79757690429688,-20.922062808600742,0,-19.45805208150218,-23.64071150896482,1035958.0656831358,
2021-03-19,79.58866882324219,90.9705810546875,-20.83449846953775,0,-19.4423347972593,-23.461900593670016,1035958.0656831358,
2021-03-22,79.58866882324219,91.3840789794922,-20.421000544733047,0,-19.377115196084592,-23.558475987765636,1035958.0656831358,
2021-03-23,79.34452819824219,91.79757690429688,-19.66453719034139,0,-19.290946311166948,-23.44757796831319,1035958.0656831358,
2021-03-24,79.34452819824219,91.79757690429688,-19.66453719034139,0,-19.053145058392225,-23.425658240793943,1035958.0656831358,
2021-03-25,79.34452819824219,92.2110824584961,-19.251031636142173,0,-18.997233429029883,-23.353546784456455,1035958.0656831358,
2021-03-26,80.15830993652344,92.2110824584961,-20.394221154312973,0,-18.80019130342339,-23.295213844283538,1035958.0656831358,
2021-03-29,80.40245819091797,92.62458801269533,-20.32369174737039,0,-19.076827787217034,-23.230780221479506,1035958.0656831358,
2021-03-30,80.48383331298828,92.2110824584961,-20.851511966318824,0,-19.067937066729527,-23.159031749805933,1035958.0656831358,
2021-03-31,79.91417694091797,92.2110824584961,-20.051266442395658,0,-19.18777469995232,-23.03030533843662,1035958.0656831358,
2021-04-01,79.91417694091797,92.2110824584961,-20.051266442395658,0,-19.117526765266064,-22.933814887489284,1035958.0656831358,
2021-04-07,80.5652084350586,92.62458801269533,-20.552321076868807,0,-19.137596968930293,-22.835214500949935,1035958.0656831358,
2021-04-08,79.99556732177734,91.79757690429688,-20.57910809668344,0,-19.21372536084697,-22.764122202040728,1035958.0656831358,
2021-04-09,79.91417694091797,92.62458801269533,-19.637760888196425,0,-19.257220456521456,-22.664505466755397,1035958.0656831358,
2021-04-12,79.75142669677734,91.79757690429688,-20.23614266709646,0,-19.175632308025016,-22.586714044783854,1035958.0656831358,
2021-04-13,80.15830993652344,92.62458801269533,-19.98071560011374,0,-19.236581940547804,-22.520873877388834,1035958.0656831358,
2021-04-14,80.3210678100586,93.45159149169922,-19.382352168277933,0,-19.252910531649093,-22.402429552094198,1035958.0656831358,
2021-04-15,80.48383331298828,94.27859497070312,-18.783999454111793,-1,-19.135046069997436,-22.4170788529835,1035891.0751860044,Short Spread
2021-04-16,80.72797393798828,94.27859497070312,-19.126964883698776,-1,-18.962435646212906,-22.408381947466008,1036379.3564360044,
2021-04-19,81.21623992919922,94.69210052490234,-19.399368753334173,-1,-18.999545928056392,-22.259889595756057,1036528.8773100278,
2021-04-20,82.59968566894531,95.10560607910156,-20.929308958898588,-1,-18.94505294346843,-22.289220630425714,1038468.7576811216,
2021-04-21,81.78590393066406,94.69210052490234,-20.199624994927007,-1,-19.041957722867462,-22.274096128519123,1037668.2053129575,
2021-04-22,82.19278717041016,94.69210052490234,-20.77120903634274,-1,-19.01186730193971,-22.239394078238625,1038481.9717924497,
2021-04-23,82.19278717041016,94.27859497070312,-21.184714590541958,0,-19.03099195698406,-22.248396854487716,1039241.9240455625,Close
2021-04-26,82.19278717041016,94.27859497070312,-21.184714590541958,0,-19.04127396266611,-22.23569676898689,1039241.9240455625,
2021-04-27,82.19278717041016,94.27859497070312,-21.184714590541958,0,-19.04419436996772,-22.259393577357798,1039241.9240455625,
2021-04-28,81.78590393066406,94.27859497070312,-20.613130549126225,0,-19.063279587223953,-22.293399634727663,1039241.9240455625,
2021-04-29,81.3790054321289,94.27859497070312,-20.041525072371158,0,-19.035775342141537,-22.245467028100432,1039241.9240455625,
2021-05-03,81.21623992919922,93.45159149169922,-20.639877786537298,0,-18.997281565852155,-22.196974720621498,1039241.9240455625,
2021-05-04,80.64659881591797,93.0380859375,-20.2531592521527,0,-19.021168612309427,-22.223334645168766,1039241.9240455625,
2021-05-05,80.5652084350586,92.62458801269533,-20.552321076868807,0,-19.00403867188842,-22.135316867090705,1039241.9240455625,
2021-05-06,81.3790054321289,93.45159149169922,-20.868528551375064,0,-19.021904084854032,-22.10046823437683,1039241.9240455625,
2021-05-07,81.78590393066406,93.86509704589844,-21.026628473930913,0,-19.057499560513353,-22.159872183846534,1039241.9240455625,
2021-05-10,81.78590393066406,94.27859497070312,-20.613130549126225,0,-19.043568864075638,-22.149539548753978,1039241.9240455625,
2021-05-11,81.78590393066406,94.69210052490234,-20.199624994927007,0,-19.04104880507355,-22.14553814233662,1039241.9240455625,
2021-05-12,80.07693481445312,93.0380859375,-19.45290301055985,0,-19.043976048105954,-22.147017179922237,1039241.9240455625,
2021-05-13,79.18177032470703,91.79757690429688,-19.435897143173293,0,-18.94536417108567,-22.15075686638589,1039241.9240455625,
2021-05-14,81.1348648071289,93.86509704589844,-20.112057567588863,0,-18.933513514740113,-22.173502052331315,1039241.9240455625,
2021-05-17,81.05348205566406,93.0380859375,-20.824743293568417,0,-18.92563759909142,-22.149905240548893,1039241.9240455625,
2021-05-18,81.78590393066406,93.86509704589844,-21.026628473930913,0,-18.94708723121284,-22.116608319107925,1039241.9240455625,
2021-05-19,81.78590393066406,93.0380859375,-21.85363958232935,0,-18.95964867316262,-22.16482848663953,1039241.9240455625,
2021-05-20,81.78590393066406,93.86509704589844,-21.026628473930913,0,-18.951698585443857,-22.286165560130655,1039241.9240455625,
2021-05-21,82.19278717041016,94.69210052490234,-20.77120903634274,0,-19.00655021139783,-22.255239767834546,1039241.9240455625,
2021-05-24,81.3790054321289,93.45159149169922,-20.868528551375064,0,-18.994223800008537,-22.246991572390645,1039241.9240455625,
2021-05-25,81.3790054321289,94.27859497070312,-20.041525072371158,0,-18.977328824537462,-22.17566443459725,1039241.9240455625,
2021-05-26,81.1348648071289,93.45159149169922,-20.525563121788082,0,-18.938842320115903,-22.12027467732873,1039241.9240455625,
2021-05-27,79.75142669677734,92.62458801269533,-19.409131558698007,0,-18.977215923700765,-22.055440346070693,1039241.9240455625,
2021-05-28,81.1348648071289,93.45159149169922,-20.525563121788082,0,-18.886180828576467,-22.11463948715379,1039241.9240455625,
2021-05-31,81.78590393066406,93.86509704589844,-21.026628473930913,0,-18.933107507687513,-22.116948266896,1039241.9240455625,
2021-06-01,81.3790054321289,93.86509704589844,-20.455022997175845,0,-19.02380739267456,-21.906973405475743,1039241.9240455625,
2021-06-02,82.19278717041016,94.27859497070312,-21.184714590541958,0,-19.00111079137916,-21.916793445951857,1039241.9240455625,
2021-06-03,81.78590393066406,94.27859497070312,-20.613130549126225,0,-19.013274744049905,-21.991784057217135,1039241.9240455625,
2021-06-04,82.19278717041016,94.27859497070312,-21.184714590541958,0,-19.009778224078744,-21.976209444113685,1039241.9240455625,
2021-06-07,82.19278717041016,94.27859497070312,-21.184714590541958,0,-19.012829769422165,-21.959400229072646,1039241.9240455625,
2021-06-08,83.4134750366211,94.69210052490234,-22.486014748938274,1,-19.05691381286759,-21.853824385466886,1039174.79982254,Long Spread
2021-06-09,83.4134750366211,94.27859497070312,-22.899520303137493,1,-18.954337527344993,-22.12733027831951,1038347.7887141416,
2021-06-10,84.22726440429688,94.69210052490234,-23.629214984778756,1,-18.825084606117773,-22.36794349745448,1037547.2210871885,
2021-06-11,84.22726440429688,94.69210052490234,-23.629214984778756,1,-18.570279085635036,-23.01580732651407,1037547.2210871885,
2021-06-15,83.4134750366211,94.69210052490234,-22.486014748938274,1,-18.403293662297273,-23.213910021481325,1039174.79982254,
2021-06-16,83.4134750366211,95.10560607910156,-22.072509194739055,1,-18.52694388834392,-22.876595558204773,1040001.8109309385,
2021-06-17,83.4134750366211,94.69210052490234,-22.486014748938274,1,-18.54703088829175,-22.9154649587584,1039174.79982254,
2021-06-18,82.19278717041016,93.86509704589844,-21.598212515346646,1,-18.509362093128136,-23.11178462507053,1039962.1685969541,
2021-06-21,82.59968566894531,93.86509704589844,-22.169817992101713,1,-18.566457720240663,-22.995760851776197,1039148.3715998838,
2021-06-22,82.59968566894531,94.27859497070312,-21.756320067297025,1,-18.687152857670707,-23.171843396323982,1039975.3674494931,
2021-06-23,83.00658416748047,94.69210052490234,-21.914419989852888,1,-18.72805012692605,-23.121300664465892,1039988.5815608213,
2021-06-24,83.00658416748047,94.27859497070312,-22.327925544052107,1,-18.857827750867454,-23.148609364598297,1039161.5704524228,
2021-06-25,83.4134750366211,94.69210052490234,-22.486014748938274,1,-18.716694518901797,-23.31716048009975,1039174.79982254,
2021-06-28,83.00658416748047,94.27859497070312,-22.327925544052107,1,-18.72828193621922,-23.439419476687043,1039161.5704524228,
2021-06-29,83.4134750366211,94.27859497070312,-22.899520303137493,1,-18.67048536934713,-23.433221648784237,1038347.7887141416,
2021-06-30,83.00658416748047,94.27859497070312,-22.327925544052107,1,-18.774250069813704,-23.75614628505548,1039161.5704524228,
2021-07-01,83.00658416748047,93.86509704589844,-22.741423468856794,1,-18.817303638217034,-23.62357645790182,1038334.5746028135,
2021-07-02,83.00658416748047,94.27859497070312,-22.327925544052107,1,-18.739105851600762,-23.81550069108684,1039161.5704524228,
2021-07-05,83.4134750366211,94.69210052490234,-22.486014748938274,1,-18.755957375198665,-23.743548691066326,1039174.79982254,
2021-07-06,83.00658416748047,94.27859497070312,-22.327925544052107,1,-18.989921523361758,-23.829536065716816,1039161.5704524228,
2021-07-07,83.4134750366211,94.27859497070312,-22.899520303137493,1,-18.912115566125255,-23.846710974502432,1038347.7887141416,
2021-07-08,83.4134750366211,94.27859497070312,-22.899520303137493,1,-18.997801530287912,-24.07577107845003,1038347.7887141416,
2021-07-09,83.82037353515625,94.69210052490234,-23.057620225693356,1,-19.21286136155709,-24.058841280551924,1038361.0028254697,
2021-07-12,83.00658416748047,93.86509704589844,-22.741423468856794,1,-19.473837234364808,-23.99956256126778,1038334.5746028135,
2021-07-13,83.82037353515625,94.69210052490234,-23.057620225693356,1,-19.498412706463533,-23.940064354496506,1038361.0028254697,
2021-07-14,83.4134750366211,94.69210052490234,-22.486014748938274,1,-19.533058841794045,-24.061568139793863,1039174.79982254,
2021-07-15,83.4134750366211,94.69210052490234,-22.486014748938274,1,-19.28376428578083,-24.039470627206835,1039174.79982254,
2021-07-16,83.00658416748047,95.10560607910156,-21.50091443565367,1,-19.484433979144107,-24.06278286521607,1040815.5926692197,
2021-07-19,83.4134750366211,95.10560607910156,-22.072509194739055,1,-19.32060745201701,-23.898176182455476,1040001.8109309385,
2021-07-20,83.00658416748047,95.10560607910156,-21.50091443565367,1,-19.316358418278597,-23.970942989276352,1040815.5926692197,
2021-07-21,83.4134750366211,95.10560607910156,-22.072509194739055,1,-19.274810241511677,-23.896511284245822,1040001.8109309385,
2021-07-22,84.22726440429688,95.9326171875,-22.3886983221811,1,-19.33503562789219,-23.985156098307755,1040028.2544123838,
2021-07-23,84.63416290283203,95.10560607910156,-23.787314907334604,1,-19.48103458925825,-24.08197046041473,1037560.4351985166,
2021-07-26,84.22726440429688,95.10560607910156,-23.215709430579537,1,-19.61686756183979,-24.525291018538653,1038374.2321955869,
2021-07-27,84.63416290283203,95.51909637451172,-23.373824611924448,1,-19.549081811116125,-24.410999668599175,1038387.4157893369,
2021-07-28,84.63416290283203,95.9326171875,-22.960303798936167,1,-19.68317855420553,-24.49038489158625,1039214.4574153135,
2021-07-29,85.04105377197266,96.34610748291016,-23.11840826261141,1,-19.670597846401115,-24.416481323951814,1039227.6562678525,
2021-07-30,84.63416290283203,95.10560607910156,-23.787314907334604,1,-19.649784412048085,-24.506539463836887,1037560.4351985166,
2021-08-02,85.44795227050781,96.34610748291016,-23.690013739366492,1,-19.62255797963236,-24.816306804082863,1038413.8592707822,
2021-08-03,86.2617416381836,96.75961303710938,-24.41970842100774,1,-19.758273968251995,-24.83525515755269,1037613.2916438291,
2021-08-04,87.07552337646484,97.1731185913086,-25.149392384979322,1,-19.888264082581024,-25.21220920552294,1036812.739275665,
2021-08-05,88.29621887207031,97.58660888671876,-26.450718519834368,1,-20.16934966872364,-25.586292455773737,1035198.3288752744,
2021-08-06,87.88932800292969,97.1731185913086,-26.292614056159138,1,-20.26044609712519,-27.511017259492824,1035185.1300227353,
2021-08-09,87.07552337646484,97.1731185913086,-25.149392384979322,1,-20.161006117005975,-28.09909355434418,1036812.739275665,
2021-08-10,87.07552337646484,97.58660888671876,-24.73590208956915,1,-19.90734643321543,-26.512703856238964,1037639.7198664853,
2021-08-11,87.07552337646484,97.58660888671876,-24.73590208956915,1,-19.90980888744935,-26.300539900241674,1037639.7198664853,
2021-08-12,87.07552337646484,97.58660888671876,-24.73590208956915,1,-19.717105896792187,-26.457897730919104,1037639.7198664853,
2021-08-13,86.2617416381836,97.1731185913086,-24.006202866808522,1,-20.038122366639577,-26.539159846943264,1038440.3027522275,
2021-08-16,85.44795227050781,97.1731185913086,-22.863002630968055,1,-20.151344682239355,-26.124277385727083,1040067.8814875791,
2021-08-17,85.44795227050781,97.1731185913086,-22.863002630968055,1,-20.062471132148005,-25.803182967171097,1040067.8814875791,
2021-08-18,85.44795227050781,97.1731185913086,-22.863002630968055,1,-20.415915667275584,-25.659732282300652,1040067.8814875791,
2021-08-19,83.82037353515625,96.34610748291016,-21.403613267685543,0,-20.38278327214946,-25.672121130810737,1041601.8100822446,Close
2021-08-20,82.59968566894531,95.9326171875,-20.10229785050015,-1,-20.581697240507147,-25.35074054254254,1041534.6687901303,Short Spread
2021-08-23,82.34443664550781,95.51909637451172,-20.15724830685525,-1,-19.85206479424163,-25.593671009807704,1041851.2123692319,
2021-08-24,83.27921295166016,95.51909637451172,-21.47040934839542,-1,-19.606391274184105,-25.662961660474807,1043720.7649815365,
2021-08-25,83.10924530029297,94.4934310913086,-22.257306386587956,-1,-20.26362289053762,-25.504090980240747,1045432.1602452084,
2021-08-26,83.7041015625,94.4934310913086,-23.09295237344631,-1,-20.266923070534165,-25.551105787038725,1046621.8727696225,
2021-08-27,84.21397399902344,94.4934310913086,-23.809214237799367,-1,-20.571380892327035,-25.55355162473137,1047641.6176426694,
2021-08-30,84.72383880615234,95.35244750976562,-23.666448966025712,-1,-20.567081214203856,-25.6962731230352,1046943.3144200131,
2021-08-31,85.82855987548828,96.21147918701172,-24.359314422321347,0,-20.63549447336478,-25.664059895841845,1047367.4116026303,Close
2021-09-01,84.12899780273438,94.92294311523438,-23.260328809037958,0,-20.45761472013777,-25.876256771785613,1047367.4116026303,
2021-09-02,83.7041015625,95.35244750976562,-22.233935954989278,0,-20.36697172884244,-25.634796081358754,1047367.4116026303,
2021-09-03,84.04401397705078,95.35244750976562,-22.711440292001413,0,-20.17181697534106,-25.43931712982451,1047367.4116026303,
2021-09-06,83.78907775878906,95.35244750976562,-22.35330935982489,0,-20.23091737945858,-25.44765686155924,1047367.4116026303,
2021-09-07,83.7041015625,95.35244750976562,-22.233935954989278,0,-20.27768102647126,-25.542507457491897,1047367.4116026303,
2021-09-08,84.3839340209961,95.35244750976562,-23.188955346683244,0,-20.32942910123125,-25.55553589931565,1047367.4116026303,
2021-09-09,83.7041015625,94.92294311523438,-22.663440349520528,0,-20.390620994383998,-25.62257571638275,1047367.4116026303,
2021-09-10,84.46891021728516,94.92294311523438,-23.737833146050107,0,-20.52611957004051,-25.583655768853685,1047367.4116026303,
2021-09-13,84.3839340209961,95.35244750976562,-23.188955346683244,0,-20.537751263950362,-25.722826056329367,1047367.4116026303,
2021-09-14,84.12899780273438,95.35244750976562,-22.830824414506708,0,-20.61514826836302,-25.650294777721722,1047367.4116026303,
2021-09-15,84.2989501953125,95.35244750976562,-23.06957122417795,0,-20.590410693407733,-25.61356280238727,1047367.4116026303,
2021-09-16,84.12899780273438,95.78196716308594,-22.401304761186395,0,-20.5721651009855,-25.62902918478158,1047367.4116026303,
2021-09-17,84.55389404296875,95.35244750976562,-23.427712874024152,0,-20.474788829040666,-25.57780435180697,1047367.4116026303,
2021-09-22,83.78907775878906,95.35244750976562,-22.35330935982489,0,-20.6136181554079,-25.67335917932118,1047367.4116026303,
2021-09-23,84.63886260986328,95.35244750976562,-23.5470755611901,0,-20.433350414135088,-25.56302656498809,1047367.4116026303,
2021-09-24,84.80882263183594,95.78196716308594,-23.356313435210694,0,-20.621331596241426,-25.693600154742256,1047367.4116026303,
2021-09-27,84.72383880615234,95.35244750976562,-23.666448966025712,0,-20.578151648186637,-25.66584192660169,1047367.4116026303,
2021-09-28,84.63886260986328,95.35244750976562,-23.5470755611901,0,-20.66686769547246,-25.73388121132077,1047367.4116026303,
2021-09-29,84.3839340209961,95.78196716308594,-22.75943569336293,0,-20.664703349392703,-25.72886407641286,1047367.4116026303,
2021-09-30,84.04401397705078,94.92294311523438,-23.140944686532663,0,-20.638869096558288,-25.669553997613782,1047367.4116026303,
2021-10-01,83.78907775878906,94.92294311523438,-22.78281375435614,0,-20.616435911813497,-25.6726293001461,1047367.4116026303,
2021-10-04,83.95903778076172,95.35244750976562,-22.5920668871658,0,-20.582814057627445,-25.64825694987011,1047367.4116026303,
2021-10-05,84.2989501953125,94.92294311523438,-23.4990756187092,0,-20.537551469425367,-25.62449698925645,1047367.4116026303,
2021-10-06,84.2989501953125,95.35244750976562,-23.06957122417795,0,-20.650136944275335,-25.71961932229107,1047367.4116026303,
2021-10-07,84.2989501953125,95.78196716308594,-22.640051570857636,0,-20.59557140007599,-25.665148536996412,1047367.4116026303,
2021-10-08,84.04401397705078,95.78196716308594,-22.2819206386811,0,-20.616421441261686,-25.670266384364773,1047367.4116026303,
2021-10-12,84.12899780273438,95.78196716308594,-22.401304761186395,0,-20.567573726332014,-25.65955600096229,1047367.4116026303,
2021-10-13,83.95903778076172,95.78196716308594,-22.162547233845487,0,-20.765344670364566,-25.648538142813226,1047367.4116026303,
2021-10-14,83.53414916992188,94.92294311523438,-22.424693539849287,0,-20.65690295406924,-25.6472746279305,1047367.4116026303,
2021-10-15,83.78907775878906,95.35244750976562,-22.35330935982489,0,-20.82220262600766,-25.627083278180635,1047367.4116026303,
2021-10-18,83.53414916992188,95.35244750976562,-21.995189145318037,0,-20.74446826282606,-25.627649370020876,1047367.4116026303,
2021-10-19,83.36418914794922,95.78196716308594,-21.326911964656816,0,-20.635605615404174,-25.623441175174705,1047367.4116026303,
2021-10-20,83.6191177368164,95.35244750976562,-22.114551832483983,0,-20.274751462554647,-25.516090136745653,1047367.4116026303,
2021-10-21,83.6191177368164,94.92294311523438,-22.544056227015233,0,-20.441448694545556,-25.569286249807455,1047367.4116026303,
2021-10-22,83.6191177368164,95.78196716308594,-21.68503217916367,0,-20.475385198736845,-25.55690936700421,1047367.4116026303,
2021-10-25,83.6191177368164,95.35244750976562,-22.114551832483983,0,-20.32163797375499,-25.582172004762462,1047367.4116026303,
2021-10-26,83.6191177368164,94.92294311523438,-22.544056227015233,0,-20.354459640709305,-25.567029064099767,1047367.4116026303,
2021-10-27,83.36418914794922,94.92294311523438,-22.185936012508378,0,-20.3619296157845,-25.482309748658967,1047367.4116026303,
2021-10-28,83.44916534423828,94.4934310913086,-22.734821441269773,0,-20.29116717985555,-25.455414523758044,1047367.4116026303,
2021-10-29,83.36418914794922,94.92294311523438,-22.185936012508378,0,-20.360227959355562,-25.320162469296243,1047367.4116026303,
2021-11-01,83.6191177368164,95.35244750976562,-22.114551832483983,0,-20.36359345168546,-25.064037639465695,1047367.4116026303,
2021-11-02,83.27921295166016,94.92294311523438,-22.066562607672765,0,-20.63825159789205,-24.601116464235282,1047367.4116026303,
2021-11-03,83.6191177368164,94.92294311523438,-22.544056227015233,0,-20.76854281837167,-24.42224930896589,1047367.4116026303,
2021-11-04,83.6191177368164,95.35244750976562,-22.114551832483983,0,-20.783945096426592,-24.454958984359344,1047367.4116026303,
2021-11-05,84.21397399902344,95.35244750976562,-22.950197819342335,0,-20.77604658877869,-24.38656841241201,1047367.4116026303,
2021-11-08,83.95903778076172,95.78196716308594,-22.162547233845487,0,-20.876050495666664,-24.316507653062647,1047367.4116026303,
2021-11-09,83.95903778076172,95.78196716308594,-22.162547233845487,0,-20.902484863543375,-24.17796418794686,1047367.4116026303,
2021-11-10,84.21397399902344,96.21147918701172,-22.09116614209624,0,-20.898240461175604,-24.16265011289817,1047367.4116026303,
2021-11-11,84.55389404296875,96.64100646972656,-22.139153914063215,0,-20.879413869368598,-24.2100044068468,1047367.4116026303,
2021-11-12,84.72383880615234,96.64100646972656,-22.377890006064774,0,-20.86755498854099,-24.200212340352376,1047367.4116026303,
2021-11-15,84.72383880615234,97.0705108642578,-21.94838561153354,0,-20.87114776312159,-24.19542924395079,1047367.4116026303,
2021-11-16,84.9787826538086,97.92955017089844,-21.447487954739103,0,-20.952709908463845,-24.198481483055794,1047367.4116026303,
2021-11-17,85.40367889404297,98.35906219482422,-21.614864390330766,0,-21.17389107987618,-24.060279717769927,1047367.4116026303,
2021-11-18,85.40367889404297,98.78857421875,-21.185352366404985,-1,-21.310466339262433,-23.96047530516848,1047300.0439125057,Short Spread
2021-11-19,84.9787826538086,97.0705108642578,-22.306527261379742,-1,-21.173060829667108,-24.012511352026365,1049886.3781410214,
2021-11-22,84.21397399902344,96.64100646972656,-21.661638859381398,-1,-21.195642974552527,-24.00894785431764,1049215.7696205135,
2021-11-23,84.2989501953125,97.50003051757812,-20.92198821636545,-1,-21.10536848221194,-23.97263358629697,1047667.6739173885,
2021-11-24,83.87405395507812,97.50003051757812,-20.325099756848005,-1,-20.972958742785913,-23.916959225568093,1046817.8814369198,
2021-11-25,83.95903778076172,97.50003051757812,-20.4444838793533,-1,-20.737426728531474,-23.963581747053475,1046987.849088287,
2021-11-26,83.36418914794922,97.0705108642578,-20.038368263484955,-1,-20.713452487876367,-23.821741397322477,1046657.1911293026,
2021-11-29,83.44916534423828,96.64100646972656,-20.587246062851804,-1,-20.361611626871717,-23.98395580437251,1047686.1523109432,
2021-11-30,82.4294204711914,96.21147918701172,-19.584249616860532,-1,-20.38519650177241,-24.059914537708348,1046505.7171302792,
2021-12-01,83.53414916992188,97.0705108642578,-20.277125790825863,-1,-19.756791451742185,-24.208147721946222,1046997.1111732479,
2021-12-02,83.95903778076172,97.92955017089844,-20.014964226032987,-1,-19.93725761827247,-24.19314580805716,1046128.8097816464,
2021-12-03,83.53414916992188,97.50003051757812,-19.847606137505537,-1,-19.695042199679182,-24.270601119556265,1046138.0718666073,
2021-12-06,83.27921295166016,97.92955017089844,-19.059955552008702,-1,-19.39509049671044,-24.138394434083754,1044769.1601234432,
2021-12-07,83.78907775878906,97.92955017089844,-19.77620669869208,-1,-18.438469678327866,-24.405161269603763,1045788.889737701,
2021-12-08,83.78907775878906,97.92955017089844,-19.77620669869208,-1,-19.043171461599997,-23.97882251752776,1045788.889737701,
2021-12-09,83.95903778076172,98.35906219482422,-19.585452202107206,-1,-18.848968667140525,-24.068883637839022,1045269.7857337948,
2021-12-10,83.53414916992188,97.92955017089844,-19.418086484185224,-1,-18.54859746146976,-24.147103565591614,1045279.0325599667,
2021-12-13,83.27921295166016,97.50003051757812,-19.489475205329015,-1,-18.29882947590753,-24.051519451419487,1045628.1994300839,
2021-12-14,83.36418914794922,97.92955017089844,-19.179328956844316,-1,-18.157347365508834,-24.211864522182978,1044939.1125160214,
2021-12-15,83.36418914794922,97.92955017089844,-19.179328956844316,-1,-17.78858991313176,-23.7860978104963,1044939.1125160214,
2021-12-16,83.78907775878906,98.35906219482422,-19.346694674766297,-1,-17.272753434164127,-24.0979315198768,1044929.8656898495,
2021-12-17,84.04401397705078,98.78857421875,-19.275313583017038,-1,-17.616391128216716,-23.46790180813416,1044580.7140785214,
2021-12-20,83.6191177368164,98.78857421875,-18.678425123499608,-1,-17.43695038935006,-23.447904431228487,1043730.9215980526,
2021-12-21,83.95903778076172,99.21809387207033,-18.726420524861098,-1,-16.7772996953084,-23.146636613127903,1043551.7223793026,
2021-12-22,84.2989501953125,99.21809387207033,-19.203924861873247,-1,-16.810851661567,-23.112637705499154,1044231.5472084042,
2021-12-23,84.55389404296875,99.21809387207033,-19.56206651171945,-1,-17.040418618177025,-23.411206990684096,1044741.4349037167,
2021-12-24,84.80882263183594,99.21809387207033,-19.920186726226305,-1,-17.528418567791924,-23.227605818779374,1045251.292081451,
2021-12-27,84.893798828125,99.6476058959961,-19.61004810713615,-1,-17.695532575490596,-23.341081519103703,1044562.2204261776,
2021-12-28,85.40367889404297,99.6476058959961,-20.32632068915889,-1,-17.449328828165104,-23.319600907896902,1045581.9805580135,
2021-12-29,85.40367889404297,100.07711791992188,-19.89680866523311,-1,-18.063205099911745,-22.966537788190553,1044722.956510162,
2021-12-30,84.9787826538086,100.07711791992188,-19.299920205715665,-1,-17.830528218185986,-22.977417523598366,1043873.1640296932,
2022-01-03,85.40367889404297,99.21809387207033,-20.755832713084658,-1,-17.376934222556912,-23.00605151238188,1046441.0046058651,
2022-01-04,84.2989501953125,99.21809387207033,-19.203924861873247,-1,-18.026380782908028,-23.326596079909095,1044231.5472084042,
2022-01-05,84.72383880615234,99.21809387207033,-19.80080260372101,-1,-17.498615448786776,-23.165264697269972,1045081.3244300839,
2022-01-06,84.2989501953125,99.21809387207033,-19.203924861873247,-1,-17.731670891899814,-23.216252598765177,1044231.5472084042,
2022-01-07,84.55389404296875,99.21809387207033,-19.56206651171945,-1,-17.493675624855587,-23.05392363533635,1044741.4349037167,
2022-01-10,84.80882263183594,100.07711791992188,-19.061162678374757,-1,-17.628207033198205,-23.026916464620594,1043533.2439857479,
2022-01-11,84.9787826538086,100.07711791992188,-19.299920205715665,-1,-17.351170043634486,-23.058222159646068,1043873.1640296932,
2022-01-12,85.40367889404297,100.50664520263672,-19.467281382518266,-1,-17.402657199058055,-23.20584150990023,1043863.9019447323,
2022-01-13,85.40367889404297,100.9361572265625,-19.037769358592485,-1,-17.44994670256533,-22.923682967686677,1043004.8778968807,
2022-01-14,85.82855987548828,100.9361572265625,-19.634636382770566,-1,-17.32974010602322,-22.688242601480784,1043854.6398597714,
2022-01-17,84.9787826538086,100.50664520263672,-18.87039292300082,-1,-17.45596272269956,-22.91530409140899,1043014.1094642635,
2022-01-18,84.9787826538086,100.9361572265625,-18.44088089907504,-1,-17.163539731316156,-22.69250458242272,1042155.085416412,
2022-01-19,85.82855987548828,100.50664520263672,-20.064148406696347,-1,-17.00548726890711,-22.45581637192504,1044713.6639076229,
2022-01-20,84.893798828125,100.07711791992188,-19.18053608321037,-1,-17.55367152094603,-22.660532820299796,1043703.196378326,
2022-01-21,84.9787826538086,100.50664520263672,-18.87039292300082,-1,-17.475152034093217,-22.36256064632428,1043014.1094642635,
2022-01-24,85.40367889404297,100.50664520263672,-19.467281382518266,-1,-17.317363936600103,-22.395083079420246,1043863.9019447323,
2022-01-25,85.40367889404297,100.50664520263672,-19.467281382518266,-1,-17.48166915792604,-22.363439039771347,1043863.9019447323,
2022-01-26,84.72383880615234,100.9361572265625,-18.082739249228837,-1,-17.499462123511165,-22.290922249150718,1041645.1977210995,
2022-02-07,85.82855987548828,101.79518127441406,-18.775612334919003,-1,-17.219491288493863,-22.08360171354628,1042136.5917640682,
2022-02-08,85.40367889404297,101.3656768798828,-18.608249705272186,-1,-17.36960768252443,-22.092759021957594,1042145.8385902401,
2022-02-09,86.67835235595703,101.79518127441406,-19.969389253953878,-1,-17.51679772009407,-21.755073923463286,1043836.1767250057,
2022-02-10,87.95303344726562,102.65422058105467,-20.901004608195905,0,-17.657966652920216,-21.88437528109033,1044599.8360041806,Close
2022-02-11,87.52814483642578,102.65422058105467,-20.304126866348142,0,-17.741425449595553,-21.897366640463737,1044599.8360041806,
2022-02-14,87.52814483642578,103.08373260498048,-19.874614842422332,0,-17.782123032383236,-21.757878623458577,1044599.8360041806,
2022-02-15,87.95303344726562,103.08373260498048,-20.471492584270095,0,-17.833834586396325,-21.60948003738383,1044599.8360041806,
2022-02-16,89.22771453857422,103.9427719116211,-21.403107938512136,0,-17.95703626342344,-21.48582558955978,1044599.8360041806,
2022-02-17,89.22771453857422,104.37228393554688,-20.973595914586355,0,-17.961162930258517,-21.56880005020929,1044599.8360041806,
2022-02-18,89.22771453857422,104.80178833007812,-20.544091520055105,0,-17.971062238358275,-21.549172783651453,1044599.8360041806,
2022-02-21,90.07750701904295,106.09033966064452,-20.44931710852356,0,-18.019170045594873,-21.430675514047866,1044599.8360041806,
2022-02-22,90.07750701904295,106.09033966064452,-20.44931710852356,0,-18.03180468535039,-21.41599866176227,1044599.8360041806,
2022-02-23,90.9272918701172,107.80841064453124,-19.92501232600209,0,-18.18075358733816,-21.159263462048116,1044599.8360041806,
2022-02-24,89.22771453857422,106.94937896728516,-18.396500882848073,0,-18.218729818940698,-21.081205632031857,1044599.8360041806,
2022-02-25,87.95303344726562,106.94937896728516,-16.60584622196542,-1,-18.119105223699947,-21.072084109525527,1044532.039907684,Short Spread
2022-03-01,89.65261840820312,106.94937896728516,-18.993400060035185,-1,-17.660252293733738,-21.28502848725177,1047931.209829559,
2022-03-02,90.07750701904295,106.09033966064452,-20.44931710852356,0,-17.856580284803993,-21.202646996070253,1050431.2189506528,Close
2022-03-03,90.07750701904295,105.23130798339844,-21.30834878576964,1,-17.875324757290674,-21.263197340277127,1050363.4065980527,Long Spread
2022-03-04,89.65261840820312,105.66082000732422,-20.281959019996123,1,-17.836447013851075,-21.338885119513105,1052072.207867584,
2022-03-07,89.22771453857422,103.9427719116211,-21.403107938512136,1,-17.849066482877276,-21.34958314750849,1049485.9194154355,
2022-03-08,89.22771453857422,104.80178833007812,-20.544091520055105,1,-17.795239508507155,-21.46181353701351,1051203.9522523496,
2022-03-09,89.65261840820312,105.23130798339844,-20.711471043921904,1,-17.79584732077129,-21.454609271677956,1051213.1838197324,
2022-03-10,90.50240325927734,105.66082000732422,-21.475725221361316,1,-17.789580938363667,-21.50546707776814,1050372.6381654355,
2022-03-11,90.07750701904295,105.23130798339844,-21.30834878576964,1,-17.787321110019544,-21.67071482847906,1050363.4065980527,
2022-03-14,90.07750701904295,105.66082000732422,-20.878836761843857,1,-17.74348362935448,-21.732368543168597,1051222.4306459043,
2022-03-15,90.07750701904295,107.37889099121094,-19.16076577795714,1,-17.739014671766544,-21.752234558831265,1054658.5726136777,
2022-03-16,90.9272918701172,108.2379150390625,-19.495507931470826,1,-17.69881347956276,-21.695470580418977,1054677.0510072324,
2022-03-17,90.07750701904295,107.80841064453124,-18.73124612463684,0,-17.71672792215878,-21.704944942981772,1055449.6964836118,Close
2022-03-18,89.22771453857422,108.66744232177734,-16.678437528355886,-1,-17.65570363815869,-21.698793747338335,1055381.7806773374,Short Spread
2022-03-21,89.65261840820312,108.66744232177734,-17.275336705542998,-1,-17.298503215640185,-21.85928106407319,1056231.5884165952,
2022-03-22,89.22771453857422,108.66744232177734,-16.678437528355886,-1,-17.21940794129242,-21.898492518847153,1055381.7806773374,
2022-03-23,89.22771453857422,108.66744232177734,-16.678437528355886,-1,-16.920766625206745,-22.011693210660773,1055381.7806773374,
2022-03-24,90.50240325927734,109.0969467163086,-18.03959851237694,-1,-16.71863248664192,-22.095292781797216,1057072.1493296812,
2022-03-25,90.07750701904295,109.95598602294922,-16.583670746218857,-1,-16.907379429926475,-22.080897438339814,1054504.2782359312,
2022-03-28,89.65261840820312,109.95598602294922,-15.986793004371123,-1,-16.555384826915784,-22.200738795988087,1053654.5010142515,
2022-03-29,89.65261840820312,109.0969467163086,-16.845832311011748,-1,-16.113275211097367,-22.336736933634704,1055372.5796275327,
2022-03-30,89.65261840820312,109.0969467163086,-16.845832311011748,-1,-16.141077544363803,-22.291463749621165,1055372.5796275327,
2022-03-31,89.22771453857422,109.0969467163086,-16.248933133824636,-1,-15.979965234084494,-22.27781957411841,1054522.771888275,
2022-04-01,89.65261840820312,109.0969467163086,-16.845832311011748,-1,-15.654574514364612,-22.378759094361584,1055372.5796275327,
2022-04-06,89.65261840820312,109.0969467163086,-16.845832311011748,-1,-15.655644816036215,-22.25736604967166,1055372.5796275327,
2022-04-07,89.65261840820312,109.0969467163086,-16.845832311011748,-1,-15.546825916460605,-22.299642959776484,1055372.5796275327,
2022-04-08,90.07750701904295,109.95598602294922,-16.583670746218857,-1,-15.465372922023423,-22.368272891435996,1054504.2782359312,
2022-04-11,90.50240325927734,111.67404174804688,-15.46250348063866,-1,-15.22905159295982,-22.13233842451728,1051917.9592662046,
2022-04-12,90.9272918701172,110.385498046875,-17.347924923658326,-1,-14.573889364586062,-22.477985822062134,1055344.823890228,
2022-04-13,90.50240325927734,110.385498046875,-16.751047181810534,-1,-15.14771634311036,-22.29556848059847,1054495.0466685484,
2022-04-14,90.07750701904295,111.67404174804688,-14.8656150211212,-1,-14.952621403731474,-22.368876264379782,1051068.1667857359,
2022-04-15,89.65261840820312,111.24452209472656,-14.698256932593779,-1,-13.95472153128544,-22.499643911404963,1051077.4288706968,
2022-04-18,90.07750701904295,111.67404174804688,-14.8656150211212,-1,-13.571182643323207,-22.65144201026736,1051068.1667857359,
2022-04-19,90.07750701904295,111.24452209472656,-15.295134674441513,-1,-13.394682122115704,-22.608479834956846,1051927.2060923765,
2022-04-20,92.20197296142578,112.5330810546875,-16.990996576728435,-1,-13.451239152291205,-22.531204363598942,1053599.0200572202,
2022-04-21,91.77708435058594,112.5330810546875,-16.394118834880686,-1,-14.079566247999274,-22.57059155477461,1052749.2428355406,
2022-04-22,92.20197296142578,112.96258544921876,-16.56149218219717,-1,-13.797608290668169,-22.425378030307737,1052740.0112681577,
2022-04-25,91.35218811035156,112.96258544921876,-15.367725980831992,-1,-13.824158922081311,-22.535351496603106,1051040.4415660093,
2022-04-26,92.62686920166016,113.39210510253906,-16.72886098839433,-1,-13.314849503403035,-22.63875005070342,1052730.7644419859,
2022-04-27,91.77708435058594,113.39210510253906,-15.535094787029124,-1,-13.621181249911945,-22.272027645534347,1051031.1947398374,
2022-04-28,92.62686920166016,112.96258544921876,-17.15838064171463,-1,-13.136877369251934,-22.417236765797632,1053589.8037486265,
2022-04-29,92.20197296142578,112.5330810546875,-16.990996576728435,-1,-13.637282729171543,-22.49124279998209,1053599.0200572202,
2022-05-03,90.9272918701172,109.5264663696289,-18.20695660090442,-1,-13.52465628913628,-22.331298866533103,1057062.8872447202,
2022-05-04,89.65261840820312,106.51985931396484,-19.422919713355498,-1,-13.726308331844635,-22.40794732284425,1060526.7544322202,
2022-05-05,89.65261840820312,107.37889099121094,-18.563888036109404,-1,-13.963223029579394,-22.844571625246928,1058808.691077728,
2022-05-06,90.07750701904295,108.66744232177734,-17.872214447390732,-1,-13.817662785947427,-22.59937038280352,1057081.365638275,
2022-05-09,89.65261840820312,107.37889099121094,-18.563888036109404,-1,-13.737808414464164,-22.528972244267294,1058808.691077728,
2022-05-10,90.9272918701172,106.94937896728516,-20.78404400324817,0,-13.750405477954429,-22.317880350796017,1062149.1469825744,Close
2022-05-11,91.35218811035156,107.37889099121094,-20.95142043883982,0,-13.835583277593997,-22.52989750834805,1062149.1469825744,
2022-05-12,90.50240325927734,106.51985931396484,-20.61668591472069,0,-13.800873024822547,-22.767361405534206,1062149.1469825744,
2022-05-13,90.50240325927734,106.51985931396484,-20.61668591472069,0,-13.80207973767374,-22.816416829907656,1062149.1469825744,
2022-05-16,90.50240325927734,106.51985931396484,-20.61668591472069,0,-13.79471864833255,-22.68319605904668,1062149.1469825744,
2022-05-17,90.50240325927734,106.09033966064452,-21.046205568041017,0,-13.855815683837646,-22.387592429621073,1062149.1469825744,
2022-05-18,91.35218811035156,107.37889099121094,-20.95142043883982,0,-13.81701491957578,-22.619403436257496,1062149.1469825744,
2022-05-19,91.77708435058594,106.94937896728516,-21.97782092228303,0,-13.797247122250063,-22.735321078977982,1062149.1469825744,
2022-05-20,91.77708435058594,106.94937896728516,-21.97782092228303,0,-13.66987171348023,-23.239716841347605,1062149.1469825744,
2022-05-23,90.9272918701172,106.09033966064452,-21.64308330988881,0,-13.621607005076118,-23.356556949669827,1062149.1469825744,
2022-05-24,90.9272918701172,106.51985931396484,-21.213563656568482,0,-13.62252058551903,-23.485173948140474,1062149.1469825744,
2022-05-25,91.35218811035156,107.37889099121094,-20.95142043883982,0,-13.786757631840295,-23.81143650040294,1062149.1469825744,
2022-05-26,92.20197296142578,109.5264663696289,-19.99761126178703,0,-14.254946617861425,-23.983126594384988,1062149.1469825744,
2022-05-27,91.77708435058594,107.80841064453124,-21.11878924503695,0,-13.7703448137554,-23.452120671184666,1062149.1469825744,
2022-05-30,91.77708435058594,109.0969467163086,-19.830253173259592,0,-13.658487662321019,-23.48144091705763,1062149.1469825744,
2022-05-31,91.77708435058594,109.0969467163086,-19.830253173259592,0,-13.695300192800678,-22.705208728262356,1062149.1469825744,
2022-06-01,90.9272918701172,107.37889099121094,-20.35453197932239,0,-13.680497115805233,-23.000052854508297,1062149.1469825744,
2022-06-02,91.35218811035156,107.37889099121094,-20.95142043883982,0,-13.752662096508786,-22.716252258905328,1062149.1469825744,
2022-06-06,91.77708435058594,108.2379150390625,-20.689284850505686,0,-13.707539406604031,-23.2444594459845,1062149.1469825744,
2022-06-07,91.35218811035156,107.80841064453124,-20.52190078551952,0,-13.71498411454895,-23.084060449096967,1062149.1469825744,
2022-06-08,91.77708435058594,108.66744232177734,-20.259757567790842,0,-13.777408465948602,-22.698903559813076,1062149.1469825744,
2022-06-09,91.35218811035156,108.2379150390625,-20.092396390988256,0,-13.791392077988775,-22.626931678380778,1062149.1469825744,
2022-06-10,90.50240325927734,107.37889099121094,-19.757654237474597,0,-13.78353905003086,-22.68399258703981,1062149.1469825744,
2022-06-13,90.07750701904295,107.37889099121094,-19.16076577795714,0,-13.830462637473882,-23.118141265469244,1062149.1469825744,
2022-06-14,90.50240325927734,106.94937896728516,-20.187166261400378,0,-13.747795886717059,-22.857357962187344,1062149.1469825744,
2022-06-15,90.9272918701172,107.37889099121094,-20.35453197932239,0,-13.90931089856144,-23.405127206020747,1062149.1469825744,
2022-06-16,90.9272918701172,106.51985931396484,-21.213563656568482,0,-14.528122847468484,-23.827585403823395,1062149.1469825744,
2022-06-17,90.07750701904295,107.37889099121094,-19.16076577795714,0,-14.429348438025055,-24.39081307339617,1062149.1469825744,
2022-06-20,90.9272918701172,107.37889099121094,-20.35453197932239,0,-14.458618946617777,-23.491063073216452,1062149.1469825744,
2022-06-21,92.20197296142578,108.66744232177734,-20.85663530963859,0,-14.633532544323238,-23.861901711871468,1062149.1469825744,
2022-06-22,92.20197296142578,107.80841064453124,-21.7156669868847,0,-14.345102782169093,-24.111029776230794,1062149.1469825744,
2022-06-23,92.62686920166016,109.0969467163086,-21.0240193746248,0,-14.909501010506183,-24.771457017590542,1062149.1469825744,
2022-06-24,93.90155792236328,110.81501770019533,-21.096613769290386,0,-15.181578634223804,-24.30477402129975,1062149.1469825744,
2022-06-27,93.0517578125,110.385498046875,-20.332345785906142,0,-15.01471526291554,-24.477495624923716,1062149.1469825744,
2022-06-28,93.4766616821289,110.81501770019533,-20.499725309772927,0,-15.028149791892549,-24.16472286321414,1062149.1469825744,
2022-06-29,93.4766616821289,112.10355377197266,-19.211189237995598,0,-15.349892534889262,-24.166400811151775,1062149.1469825744,
2022-06-30,91.77708435058594,108.63783264160156,-20.289367247966624,0,-15.069374496941098,-23.857764273226625,1062149.1469825744,
2022-07-01,92.62686920166016,110.41878509521484,-19.70218099571855,0,-15.276198903618415,-24.095695703939484,1062149.1469825744,
2022-07-04,93.0517578125,112.64496612548828,-18.07287770729286,0,-15.296613783681622,-23.939923379738154,1062149.1469825744,
2022-07-05,92.62686920166016,113.09019470214844,-17.030771388784956,0,-15.148930529089196,-23.690110271179865,1062149.1469825744,
2022-07-06,92.62686920166016,113.98067474365234,-16.14029134728105,0,-15.358253566837993,-23.517115978688288,1062149.1469825744,
2022-07-07,91.77708435058594,113.53543853759766,-15.39176135197053,0,-14.311833468775607,-23.696000128100923,1062149.1469825744,
2022-07-08,91.1575698852539,110.86402130126952,-17.192893093052035,0,-14.032459015997945,-23.830311907631902,1062149.1469825744,
2022-07-11,91.6000747680664,110.41878509521484,-18.2597541402331,0,-15.619258070512855,-23.42471166774822,1062149.1469825744,
2022-07-12,92.04258728027344,109.08306884765624,-20.21710594658778,0,-16.02653723311632,-23.302686672642526,1062149.1469825744,
2022-07-13,92.04258728027344,110.41878509521484,-18.88138969902917,0,-16.330158847931383,-23.397473749288306,1062149.1469825744,
2022-07-14,93.37013244628906,109.52830505371094,-21.636787134590975,0,-16.278423325568845,-23.198372917042505,1062149.1469825744,
2022-07-15,92.9276123046875,109.52830505371094,-21.01514085812522,0,-16.148128322799625,-23.72825712491427,1062149.1469825744,
2022-07-18,91.6000747680664,109.52830505371094,-19.150234181737005,0,-16.39256843856895,-23.53605209237623,1062149.1469825744,
2022-07-19,87.70597076416016,108.1926040649414,-15.015550827236837,-1,-16.351516343539018,-23.29650957035365,1062081.3110395812,Short Spread
2022-07-20,86.9094467163086,106.85688018798828,-15.232328554823084,-1,-15.887687570639736,-23.35710449784947,1063159.7106977843,
2022-07-21,87.70597076416016,106.4116439819336,-16.79651091024465,-1,-15.503063895772605,-23.516621352036744,1065643.2312055968,
2022-07-22,87.70597076416016,105.52117156982422,-17.686983322354024,-1,-16.13443057696162,-23.28364284862083,1067424.1760298156,
2022-07-25,88.94500732421875,106.85688018798828,-18.091856412352897,-1,-16.035414347439584,-23.32361725884774,1067230.8319136046,
2022-07-26,88.94500732421875,106.85688018798828,-18.091856412352897,-1,-16.168169078114172,-23.288526207967895,1067230.8319136046,
2022-07-27,90.27254486083984,108.1926040649414,-18.621039211787988,-1,-16.01612022794512,-23.300142502599765,1067214.4592329406,
2022-07-28,89.83002471923828,108.1926040649414,-17.99939293532225,-1,-15.936913997744377,-23.26638029835994,1066329.4189497374,
2022-07-29,89.83002471923828,108.1926040649414,-17.99939293532225,-1,-15.915297005195502,-23.296718541879084,1066329.4189497374,
2022-08-01,89.83002471923828,108.63783264160156,-17.554164358662092,-1,-16.000543781154693,-23.30343124991707,1065438.9617964171,
2022-08-02,90.27254486083984,109.08306884765624,-17.730574429073158,-1,-15.808022239470915,-23.310748763732548,1065433.529667511,
2022-08-03,89.83002471923828,108.1926040649414,-17.99939293532225,-1,-15.592677696847234,-23.108144502990356,1066329.4189497374,
2022-08-04,90.27254486083984,107.30211639404295,-19.51152688268644,-1,-15.58306897490375,-23.040008668212,1068995.4345747374,
2022-08-05,89.83002471923828,108.63783264160156,-17.554164358662092,-1,-15.74753721757347,-23.115859021356638,1065438.9617964171,
2022-08-08,89.83002471923828,109.08306884765624,-17.10892815260742,-1,-15.47306466831012,-23.025920121723193,1064548.4893843078,
2022-08-09,89.38751220703125,109.08306884765624,-16.487292593811347,-1,-15.302761649748838,-22.997844645980457,1063663.4643598937,
2022-08-10,90.27254486083984,109.08306884765624,-17.730574429073158,-1,-15.04900442855428,-22.91661992871136,1065433.529667511,
2022-08-11,89.83002471923828,111.30924987792967,-14.882747122333981,-1,-15.22785140026264,-22.866751093247604,1060096.127323761,
2022-08-12,89.83002471923828,111.30924987792967,-14.882747122333981,-1,-14.487605514287495,-22.76670323635455,1060096.127323761,
2022-08-15,89.83002471923828,110.86402130126952,-15.327975698994138,-1,-14.28226650054566,-22.68872026773859,1060986.5844770812,
2022-08-16,89.83002471923828,109.97354888916016,-16.2184481111035,-1,-14.23660072041276,-22.63883481607452,1062767.5293013,
2022-08-17,89.83002471923828,109.52830505371094,-16.663691946552717,-1,-14.342093317537419,-22.599794196732567,1063658.0169721984,
2022-08-18,89.38751220703125,109.08306884765624,-16.487292593811347,-1,-14.35789564283203,-22.552762943685114,1063663.4643598937,
2022-08-19,88.50249481201172,108.1926040649414,-16.1344969766037,-1,-14.238349719879258,-22.630011103604346,1063674.3591352843,
2022-08-22,88.50249481201172,108.63783264160156,-15.689268399943543,-1,-14.101332547822484,-22.381742614235275,1062783.901981964,
2022-08-23,88.50249481201172,109.08306884765624,-15.24403219388887,-1,-13.853567804870627,-22.53261440293808,1061893.4295698546,
2022-08-24,88.94500732421875,108.63783264160156,-16.310903958739615,-1,-13.575420295084793,-22.524266521961483,1063668.927006378,
2022-08-25,88.41398620605469,108.63783264160156,-15.564932714048581,-1,-13.76092661738356,-22.368125549246272,1062606.88477005,
2022-08-26,88.41398620605469,108.63783264160156,-15.564932714048581,-1,-13.542060326692518,-22.176320673819735,1062606.88477005,
2022-08-29,88.32548522949219,109.52830505371094,-14.55013533371394,-1,-13.451569359117567,-22.127002794385607,1060648.9379927062,
2022-08-30,88.32548522949219,109.08306884765624,-14.995371539768641,-1,-13.027857235682825,-22.111542224097647,1061539.4104048156,
2022-08-31,88.14847564697266,107.7473602294922,-16.08241950381243,-1,-13.031403643870647,-22.07101976966954,1063856.8084761046,
2022-09-01,86.99795532226562,107.7473602294922,-14.466184199214126,-1,-13.226655831351835,-22.022352650923047,1061555.7678266906,
2022-09-02,86.9094467163086,107.7473602294922,-14.341848513319164,-1,-12.710999023348581,-22.050277490448384,1061378.7506147765,
2022-09-05,87.17495727539062,108.63783264160156,-13.824361723555313,-1,-12.496946643616145,-22.12110086786473,1060128.8269087218,
2022-09-06,87.3519515991211,108.1926040649414,-14.518229518996364,-1,-12.144449023903537,-21.89043995921244,1061373.272709503,
2022-09-07,86.9094467163086,107.30211639404295,-14.787092348768411,-1,-12.2911268873393,-21.74138180765701,1062269.238285675,
2022-09-08,87.61746978759766,107.7473602294922,-15.33646969446076,-1,-12.405688107298257,-21.406507695085214,1062794.7967573546,
2022-09-12,87.0864486694336,107.7473602294922,-14.590498449769726,-1,-12.35478132952699,-21.695541899326546,1061732.7545210265,
2022-09-13,86.99795532226562,107.7473602294922,-14.466184199214126,-1,-12.14607753751912,-21.338498429121827,1061555.7678266906,
2022-09-14,86.0244140625,106.4116439819336,-14.434282925615946,-1,-12.137152916694435,-21.075362506629148,1062280.1178022765,
2022-09-15,86.28993225097656,105.96641540527344,-15.252507842291294,-1,-12.285714873419646,-20.672763226721226,1063701.61133255,
2022-09-16,85.84741973876953,105.07593536376952,-15.521352324999143,-1,-12.426633863709093,-20.64003070321983,1064597.5463911437,
2022-09-19,85.5819091796875,105.07593536376952,-15.148366702653632,-1,-12.556280960279945,-20.43311791736617,1064066.5252729796,
2022-09-20,85.67041778564453,105.07593536376952,-15.27270238854858,-1,-12.476151274096377,-20.38792402995779,1064243.5424848937,
2022-09-21,86.0244140625,104.63069915771484,-16.215227749834696,-1,-12.561432029597558,-20.181509883496854,1065842.007450714,
2022-09-22,84.96239471435547,103.29499053955078,-16.059026031625734,-1,-12.619004608404662,-20.305187106505823,1066389.385990753,
2022-09-23,85.4049072265625,102.4045181274414,-17.57113400253118,0,-12.73111994643623,-19.95044389802981,1068987.8434623717,Close
2022-09-26,85.4049072265625,103.74022674560548,-16.235425384367105,0,-12.840949465459396,-20.028280240264152,1068987.8434623717,
2022-09-27,85.84741973876953,103.29499053955078,-17.30229714921788,0,-12.747433002092846,-20.081195735160264,1068987.8434623717,
2022-09-28,86.20142364501953,103.74022674560548,-17.3543608160643,0,-12.829949318888293,-20.254696167769215,1068987.8434623717,
2022-09-29,85.7589111328125,103.29499053955078,-17.17796146332293,0,-12.900029676097617,-20.3412019776601,1068987.8434623717,
2022-09-30,84.60838317871094,101.51404571533205,-17.34266026527368,0,-12.999074305706579,-20.36981476494985,1068987.8434623717,
2022-10-03,84.60838317871094,99.28785705566406,-19.568848924941662,0,-12.881623984224515,-20.29660942677067,1068987.8434623717,
2022-10-04,84.0773696899414,99.73309326171876,-18.377652191865607,0,-12.812843279478448,-20.56542254962916,1068987.8434623717,
2022-10-05,83.81185913085938,99.28785705566406,-18.449902775574785,0,-12.96063960585252,-19.97516548486157,1068987.8434623717,
2022-10-06,83.54635620117188,98.39738464355467,-18.967400283008345,0,-12.924483575319384,-20.149350276717364,1068987.8434623717,
2022-10-07,82.48432159423828,98.39738464355467,-17.475468511295958,0,-13.267593377980486,-19.49970755031151,1068987.8434623717,
2022-10-11,82.21881866455078,97.0616683959961,-18.438209854178695,0,-13.374111238784604,-19.24768075886919,1068987.8434623717,
2022-10-12,82.92682647705078,97.95214080810548,-18.542337187871553,0,-13.312666768179515,-19.51111270441874,1068987.8434623717,
2022-10-13,82.48432159423828,97.0616683959961,-18.811184758854537,0,-13.549955239390632,-20.0087551970325,1068987.8434623717,
2022-10-14,80.97978210449219,97.0616683959961,-16.69762814601576,0,-13.550629944040566,-20.169447003017552,1068987.8434623717,
2022-10-17,81.51079559326172,97.0616683959961,-17.443588673037112,0,-13.340647319248248,-19.77417609840021,1068987.8434623717,
2022-10-18,81.59929656982422,96.6164321899414,-18.01314984731708,0,-13.342573661834752,-19.743091841984505,1068987.8434623717,
2022-10-19,80.53726959228516,95.72595977783205,-17.411701205383736,0,-13.35013878370723,-19.756803520264256,1068987.8434623717,
2022-10-20,81.86480712890625,95.28072357177734,-19.721844087826653,1,-13.348214307112197,-19.652836658286244,1068920.7576411436,Long Spread
2022-10-21,82.21881866455078,96.17119598388672,-19.32868226628807,1,-13.258048765819337,-20.033613070304135,1069993.6793940733,
2022-10-24,81.86480712890625,95.72595977783205,-19.27660788177195,1,-13.236188439391444,-20.1442000544512,1069811.230053253,
2022-10-25,83.72335815429688,98.39738464355467,-19.216050219458893,1,-13.20181343408002,-20.221929629529296,1071436.977733917,
2022-10-26,83.72335815429688,96.6164321899414,-20.99700267307216,1,-13.180026428157106,-20.378742624840392,1067875.0728266905,
2022-10-27,83.45784759521484,97.50691223144533,-19.73353700922273,1,-12.873908180165067,-21.244595686504503,1070187.0540278624,
2022-10-28,83.45784759521484,97.0616683959961,-20.178780844671962,1,-12.96632951952315,-20.806774905873525,1069296.566356964,
2022-10-31,84.1658706665039,98.84261322021484,-19.392457201594794,1,-12.919270281848958,-20.678504254628706,1071442.4098628233,
2022-11-01,83.54635620117188,97.50691223144533,-19.857872695117692,1,-12.944370554309279,-20.999171125582535,1070010.0368159483,
2022-11-02,83.28084564208984,96.6164321899414,-20.375367114276088,1,-12.920500089338752,-21.394662158640678,1068760.0978511046,
2022-11-03,82.57283020019531,96.6164321899414,-19.380756650804173,1,-12.937649959172667,-21.941745250844,1070176.1287348936,
2022-11-04,83.81185913085938,96.6164321899414,-21.12132764129744,1,-12.835672837755105,-21.410137154285856,1067698.0708735655,
2022-11-07,82.30731964111328,96.17119598388672,-19.45300723451335,1,-13.380305103223659,-23.05124388997346,1069816.6774409483,
2022-11-08,83.45784759521484,96.6164321899414,-20.62401705072665,1,-13.45111253784515,-21.993351067037146,1068406.0939448546,
2022-11-09,83.9888687133789,97.0616683959961,-20.924752089362997,1,-13.375885630975109,-22.71800952809146,1068234.5241206358,
2022-11-10,83.19234466552734,96.6164321899414,-20.251042146050807,1,-13.162405860689452,-23.16640871918827,1068937.0998042296,
2022-11-11,84.0773696899414,97.50691223144533,-20.603833222139045,1,-13.107721310007936,-22.818573497993444,1068948.0098384093,
2022-11-14,83.9888687133789,97.50691223144533,-20.479508253913764,1,-13.162261161312351,-23.203084342433435,1069125.0117915343,
2022-11-15,83.19234466552734,97.0616683959961,-19.80580593999612,1,-13.306423520766376,-23.276637561876687,1069827.572216339,
2022-11-16,82.04180145263672,96.6164321899414,-18.63477468844347,1,-13.488021702626988,-22.988452722179503,1071238.1862300108,
2022-11-17,81.51079559326172,96.17119598388672,-18.334061085146487,1,-13.60810045682231,-22.57512574862437,1071409.7255366514,
2022-11-18,83.01533508300781,97.0616683959961,-19.55714528587589,1,-13.363498326495783,-22.52306269204882,1070181.591381378,
2022-11-21,81.33379364013672,97.0616683959961,-17.19493873658655,1,-13.725689719555714,-22.9008571184697,1073544.6742671202,
2022-11-22,81.24529266357422,96.6164321899414,-17.515849974415957,1,-13.485917651890338,-22.376567685957582,1072831.2038081358,
2022-11-23,81.42229461669922,97.0616683959961,-17.31926370481183,1,-13.919285786567439,-22.31552421274213,1073367.6723139952,
2022-11-24,82.57283020019531,97.95214080810548,-18.045048032640096,1,-13.878188383338472,-22.286142912132814,1072847.5459712218,
2022-11-25,83.28084564208984,100.17832946777344,-16.813469836444057,1,-13.780994467886991,-22.39418981875673,1075883.8924067686,
2022-11-28,82.30731964111328,98.39738464355467,-17.226818574845396,1,-14.129002622354584,-22.151118287116446,1074269.0547602843,
2022-11-29,83.19234466552734,99.73309326171876,-17.13438107427345,1,-14.355921583205145,-22.089394628105183,1075170.4219477843,
2022-11-30,84.51988220214844,101.0688018798828,-17.663579132497645,1,-14.644675044337667,-21.91864232717476,1075186.7641108702,
2022-12-01,83.28084564208984,99.28785705566406,-17.70394224855343,1,-14.694173916849193,-21.93903563027039,1074102.9475825499,
2022-12-02,83.72335815429688,99.73309326171876,-17.880341601294802,1,-14.77733673690122,-21.89261802052195,1074108.3949702452,
2022-12-05,83.45784759521484,100.17832946777344,-17.06211977289462,0,-14.797091379090576,-21.893587199178803,1075462.543053436,Close
2022-12-06,82.74982452392578,99.73309326171876,-16.51273479780771,0,-14.998744038946871,-21.71506243638375,1075462.543053436,
2022-12-07,84.43138122558594,100.17832946777344,-18.429726576381725,0,-15.0895098387474,-21.60806140214095,1075462.543053436,
2022-12-08,84.3428726196289,98.84261322021484,-19.641107138045356,0,-15.423066090880251,-21.569781072532,1075462.543053436,
2022-12-09,84.43138122558594,99.73309326171876,-18.8749627824364,0,-15.488567993745733,-21.689174640023907,1075462.543053436,
2022-12-12,84.87389373779297,100.17832946777344,-19.051362135177797,0,-15.566609624584526,-21.581279454695288,1075462.543053436,
2022-12-13,84.1658706665039,98.84261322021484,-19.392457201594794,0,-15.793955180577289,-21.49332081620553,1075462.543053436,
2022-12-14,84.43138122558594,99.28785705566406,-19.3201989884911,0,-15.961512463635156,-21.44734363661146,1075462.543053436,
2022-12-15,83.81185913085938,99.73309326171876,-18.004666569520083,0,-15.981283483639439,-21.451998273532467,1075462.543053436,
2022-12-16,83.28084564208984,98.39738464355467,-18.59441466066282,0,-16.05292440440734,-21.338392650610796,1075462.543053436,
2022-12-19,83.36934661865234,99.28785705566406,-17.828267216778713,0,-16.001888237273143,-21.36728353317877,1075462.543053436,
2022-12-20,82.83832550048828,99.28785705566406,-17.082295972087692,0,-16.166706311216586,-21.28765278785928,1075462.543053436,
2022-12-21,83.45784759521484,99.28785705566406,-17.952592185003994,0,-16.025450030660096,-21.301873871248517,1075462.543053436,
2022-12-22,83.90036010742188,100.62356567382812,-17.238519125636003,0,-16.103864717811156,-21.298956928161203,1075462.543053436,
2022-12-23,83.90036010742188,100.17832946777344,-17.68375533169069,0,-16.077414234643285,-21.291702220808155,1075462.543053436,
2022-12-26,83.90036010742188,100.62356567382812,-17.238519125636003,0,-16.111206628734926,-21.287471270806414,1075462.543053436,
2022-12-27,83.90036010742188,100.62356567382812,-17.238519125636003,0,-15.927421811887879,-21.19267898246714,1075462.543053436,
2022-12-28,83.36934661865234,101.51404571533205,-15.60207855711073,-1,-15.910907151615493,-21.254567041252304,1075395.1477177427,Short Spread
2022-12-29,83.63485717773438,100.62356567382812,-16.86554422096016,-1,-15.52160218782649,-21.36684673261197,1077707.1289189146,
2022-12-30,83.81185913085938,100.62356567382812,-17.114194157410722,-1,-15.598884930966738,-21.305138416190793,1078061.1328251646,
2023-01-03,84.43138122558594,100.62356567382812,-17.984490370327038,-1,-15.684036751708895,-21.361357561739226,1079300.1770146177,
2023-01-04,84.87389373779297,101.0688018798828,-18.160889723068436,-1,-15.677681864695627,-21.34367519382005,1079294.7296269224,
2023-01-05,84.87389373779297,101.51404571533205,-17.71564588761919,-1,-15.675292302249991,-21.33989374104109,1078404.241956024,
2023-01-06,85.13938903808594,101.51404571533205,-18.08861007462535,-1,-15.608546709866431,-21.301981181805196,1078935.23255661,
2023-01-09,86.9094467163086,102.4045181274414,-19.68469061536996,0,-15.856483997813774,-21.33827076125933,1080626.8305302428,Close
2023-01-10,86.99795532226562,102.4045181274414,-19.80902630126492,0,-15.878928169159519,-21.471629104811907,1080626.8305302428,
2023-01-11,84.51988220214844,101.51404571533205,-17.218335297048398,0,-15.855757477108998,-21.51967701069802,1080626.8305302428,
2023-01-12,83.81185913085938,101.0688018798828,-16.66895795135605,0,-15.761757127648337,-21.413001217729644,1080626.8305302428,
2023-01-13,84.25436401367188,101.51404571533205,-16.845338957033206,0,-15.49992085094955,-21.279349724027306,1080626.8305302428,
2023-01-16,84.87389373779297,102.4045181274414,-16.82517347550983,0,-15.45472687886527,-21.290685864169294,1080626.8305302428,
2023-01-17,84.25436401367188,101.51404571533205,-16.845338957033206,0,-15.383282884681174,-21.275690069609347,1080626.8305302428,
2023-01-30,85.67041778564453,101.9592742919922,-18.389363460325896,0,-15.321157772282604,-21.260566784455733,1080626.8305302428,
2023-01-31,83.72335815429688,100.17832946777344,-17.43510539524013,0,-15.521718026522755,-20.98959169059782,1080626.8305302428,
2023-02-01,84.1658706665039,100.17832946777344,-18.0567409540362,0,-15.413357655726566,-21.033557166053697,1080626.8305302428,
2023-02-02,84.0773696899414,99.73309326171876,-18.377652191865607,0,-15.477741828121848,-20.930262074788292,1080626.8305302428,
2023-02-03,84.25436401367188,100.62356567382812,-17.735818998537127,0,-15.492276060090674,-20.980433234244344,1080626.8305302428,
2023-02-06,83.9888687133789,100.17832946777344,-17.808091017585653,0,-15.457238595950578,-20.84950855239169,1080626.8305302428,
2023-02-07,84.60838317871094,100.17832946777344,-18.678376512832287,0,-15.497480085406114,-20.700377518130157,1080626.8305302428,
2023-02-08,84.43138122558594,100.17832946777344,-18.429726576381725,0,-15.530230566726122,-20.795439125866455,1080626.8305302428,
2023-02-09,84.60838317871094,100.17832946777344,-18.678376512832287,0,-15.64894222491063,-20.447117100991075,1080626.8305302428,
2023-02-10,84.87389373779297,100.62356567382812,-18.60612592912311,0,-15.626946547212494,-20.57561916966716,1080626.8305302428,
2023-02-13,85.5819091796875,101.0688018798828,-19.15550018654035,0,-15.712830885961095,-20.336830565394887,1080626.8305302428,
2023-02-14,85.4049072265625,101.51404571533205,-18.461606414640542,0,-15.816995066046266,-20.20925928073793,1080626.8305302428,
2023-02-15,84.87389373779297,101.0688018798828,-18.160889723068436,0,-15.838344013550143,-20.135139885999266,1080626.8305302428,
2023-02-16,85.13938903808594,101.51404571533205,-18.08861007462535,0,-15.92309001813839,-19.953056413452906,1080626.8305302428,
2023-02-17,85.493408203125,101.0688018798828,-19.03117521831507,0,-15.999751681964323,-19.81758650594274,1080626.8305302428,
2023-02-20,85.7589111328125,102.4045181274414,-18.068433875432305,0,-16.030848955244135,-19.828383443246484,1080626.8305302428,
2023-02-21,85.67041778564453,101.9592742919922,-18.389363460325896,0,-16.020812534249373,-19.826851934364868,1080626.8305302428,
2023-02-22,86.0244140625,102.4045181274414,-18.441408780108134,0,-16.028341358992954,-19.844229128479412,1080626.8305302428,
2023-02-23,86.37843322753906,102.84974670410156,-18.49350151168845,0,-16.05665508056737,-19.736166747699396,1080626.8305302428,
2023-02-24,85.493408203125,102.84974670410156,-17.250230394096306,0,-16.117033557449496,-19.81916618747099,1080626.8305302428,
2023-03-01,84.51988220214844,102.4045181274414,-16.327862884939037,0,-16.06574445393204,-19.79042775067746,1080626.8305302428,
2023-03-02,85.67041778564453,103.74022674560548,-16.608411006712615,0,-15.967036255978636,-19.8212310552241,1080626.8305302428,
2023-03-03,86.0244140625,104.63069915771484,-16.215227749834696,0,-15.89971555593251,-19.813766244297085,1080626.8305302428,
2023-03-06,86.9094467163086,105.07593536376952,-17.01327337904185,0,-15.87361215869921,-19.857874143403627,1080626.8305302428,
2023-03-07,86.9094467163086,105.52117156982422,-16.568037172987147,0,-15.89119827773684,-19.85496121779272,1080626.8305302428,
2023-03-08,87.26345825195312,105.96641540527344,-16.62010392810872,0,-15.837886777292702,-19.86849166891475,1080626.8305302428,
2023-03-09,87.17495727539062,105.52117156982422,-16.941022795332657,0,-15.770068334358156,-19.86984934615858,1080626.8305302428,
2023-03-10,86.55543518066406,104.63069915771484,-16.96119899452573,0,-15.759451044514652,-19.871146022504693,1080626.8305302428,
2023-03-13,86.7324447631836,105.96641540527344,-15.874143401087366,0,-15.724438583845615,-19.864100438413036,1080626.8305302428,
2023-03-14,86.46693420410156,104.63069915771484,-16.83687402630045,0,-15.594457088353213,-19.928945008047425,1080626.8305302428,
2023-03-15,86.55543518066406,105.96641540527344,-15.625482746967137,-1,-15.723140952325135,-19.914344668934074,1080559.1296562194,Short Spread
2023-03-16,87.0864486694336,105.96641540527344,-16.37144327398849,-1,-15.384944089357116,-19.90346895383257,1081621.1566337585,
2023-03-17,87.61746978759766,105.07593536376952,-18.007894560183445,-1,-15.4613835085045,-19.703882292117452,1084464.1589530944,
2023-03-20,87.97148132324219,105.96641540527344,-17.614725109250315,-1,-15.553281532628588,-19.770100442923827,1083391.2219413756,
2023-03-21,87.17495727539062,105.52117156982422,-16.941022795332657,-1,-15.554606641894326,-19.687355525920232,1082688.661516571,
2023-03-22,87.70597076416016,106.4116439819336,-16.79651091024465,-1,-15.54224313391511,-19.56531805312082,1081969.7436698913,
2023-03-23,88.05998229980469,106.85688018798828,-16.848585294760753,-1,-15.541354136413624,-19.48570006097571,1081787.294329071,
2023-03-24,88.94500732421875,106.4116439819336,-18.537092618407584,0,-15.516696219763272,-19.53860890908683,1084380.0025239561,Close
2023-03-27,88.94500732421875,106.85688018798828,-18.091856412352897,0,-15.557288507175254,-19.562865816940164,1084380.0025239561,
2023-03-28,88.50249481201172,106.4116439819336,-17.915457059611512,0,-15.562631807082973,-19.584143686645014,1084380.0025239561,
2023-03-29,88.94500732421875,106.85688018798828,-18.091856412352897,0,-15.599351850095303,-19.60789276964418,1084380.0025239561,
2023-03-30,89.38751220703125,106.85688018798828,-18.7134812534793,0,-15.576842594620498,-19.596417029519042,1084380.0025239561,
2023-03-31,89.38751220703125,106.4116439819336,-19.15871745953399,0,-15.607612697651543,-19.698097818467073,1084380.0025239561,
2023-04-06,89.83002471923828,107.30211639404295,-18.8898806062207,0,-15.572209561931857,-19.791580751648716,1084380.0025239561,
2023-04-07,89.83002471923828,107.7473602294922,-18.444636770771453,0,-15.595881549489128,-19.83908126499371,1084380.0025239561,
2023-04-10,91.1575698852539,109.08306884765624,-18.973845546665316,0,-15.607564779742718,-19.83667061588794,1084380.0025239561,
2023-04-11,92.04258728027344,109.52830505371094,-19.771869740533077,0,-15.839322751596576,-19.863109818133402,1084380.0025239561,
2023-04-12,92.04258728027344,109.52830505371094,-19.771869740533077,0,-15.732894124495337,-20.08456299529667,1084380.0025239561,
2023-04-13,91.6000747680664,110.41878509521484,-18.2597541402331,0,-15.709295432412182,-20.19798367427989,1084380.0025239561,
2023-04-14,92.9276123046875,110.86402130126952,-19.67942461056664,0,-15.665729906469846,-20.03071048248398,1084380.0025239561,
2023-04-17,92.9276123046875,111.7544937133789,-18.788952198457253,0,-15.631613974966848,-20.22275091240762,1084380.0025239561,
2023-04-18,92.9276123046875,112.1997299194336,-18.343715992402565,0,-15.659123966167398,-20.18989691783839,1084380.0025239561,
2023-04-19,92.04258728027344,110.86402130126952,-18.436153492974498,0,-15.638357821403172,-20.152868491951747,1084380.0025239561,
2023-04-20,91.1575698852539,111.30924987792967,-16.74766451639188,0,-15.663409942853821,-19.966511577587855,1084380.0025239561,
2023-04-21,90.71504974365234,112.1997299194336,-15.235538198422205,-1,-15.594187044694833,-19.823997092241402,1084311.8859327696,Short Spread
2023-04-24,91.1575698852539,112.1997299194336,-15.857184474887958,-1,-15.263051164995185,-20.079319449458005,1085196.9262159728,
2023-04-25,91.1575698852539,112.1997299194336,-15.857184474887958,-1,-15.362312936688433,-20.082965040471997,1085196.9262159728,
2023-04-26,92.04258728027344,113.09019470214844,-16.209980092095577,-1,-15.276006652569833,-20.110662661213823,1085186.0314405821,
2023-04-27,91.6000747680664,112.64496612548828,-16.03357310995966,-1,-15.291399942959126,-20.116122759439925,1085191.4635694884,
2023-04-28,91.6000747680664,113.09019470214844,-15.588344533299505,-1,-15.214768584529962,-20.138930040947386,1084301.006416168,
2023-05-02,91.1575698852539,111.7544937133789,-16.302420680942646,-1,-14.884018963346403,-20.067523574248465,1086087.3986280821,
2023-05-03,91.1575698852539,111.7544937133789,-16.302420680942646,-1,-15.021521878033555,-20.133206352054827,1086087.3986280821,
2023-05-04,92.48509979248048,112.64496612548828,-17.276844227551834,-1,-14.921655893881953,-20.076288678017946,1086961.5136183165,
2023-05-05,92.48509979248048,112.64496612548828,-17.276844227551834,-1,-15.025833422554612,-20.044776981567722,1086961.5136183165,
2023-05-08,92.04258728027344,112.64496612548828,-16.655208668755733,-1,-15.04362731318991,-20.09549724857378,1086076.4885939024,
2023-05-09,91.6000747680664,112.64496612548828,-16.03357310995966,-1,-14.94128187509105,-20.060578911361148,1085191.4635694884,
2023-05-10,91.6000747680664,112.1997299194336,-16.47880931601435,-1,-14.759739115268554,-19.92822262220748,1086081.9359815978,
2023-05-11,91.6000747680664,112.1997299194336,-16.47880931601435,-1,-14.80075725784005,-19.928844758744997,1086081.9359815978,
2023-05-12,91.1575698852539,111.30924987792967,-16.74766451639188,-1,-14.7739712029456,-19.851478412142857,1086977.8862989806,
2023-05-15,91.6000747680664,111.7544937133789,-16.924045522069036,-1,-14.794168840367606,-19.822590103344268,1086972.4083937071,
2023-05-16,91.6000747680664,112.1997299194336,-16.47880931601435,-1,-14.83459262818236,-19.67731892841547,1086081.9359815978,
2023-05-17,92.48509979248048,113.09019470214844,-16.831615650891678,-1,-14.751792521907426,-19.709351313503916,1086071.0564649962,
2023-05-18,92.04258728027344,112.64496612548828,-16.655208668755733,-1,-14.780587910075226,-19.724818400729497,1086076.4885939024,
2023-05-19,92.04258728027344,113.53543853759766,-15.764736256646358,-1,-14.743908637646214,-19.69845432543348,1084295.5437696837,
2023-05-22,92.04258728027344,111.7544937133789,-17.54568108086511,-1,-14.596950334312442,-19.497049121535387,1087857.4334181212,
2023-05-23,92.04258728027344,112.64496612548828,-16.655208668755733,-1,-14.775159190523063,-19.667644401775625,1086076.4885939024,
2023-05-24,92.04258728027344,112.64496612548828,-16.655208668755733,-1,-14.703286621662416,-19.546374881187383,1086076.4885939024,
2023-05-25,90.71504974365234,113.98067474365234,-13.454593374203455,-1,-14.69687630242864,-19.49130385220046,1080749.9962843321,
2023-05-26,91.1575698852539,113.09019470214844,-14.966719692173115,-1,-13.923207050813405,-19.675936529888073,1083415.996650543,
2023-05-29,91.1575698852539,112.1997299194336,-15.857184474887958,-1,-14.17830154310824,-19.708814002709772,1085196.9262159728,
2023-05-30,91.6000747680664,111.7544937133789,-16.924045522069036,-1,-14.329801788080651,-19.742303538925597,1086972.4083937071,
2023-05-31,91.6000747680664,112.1997299194336,-16.47880931601435,-1,-14.3994163635804,-19.76426562678258,1086081.9359815978,
2023-06-01,91.1575698852539,111.30924987792967,-16.74766451639188,-1,-14.410173351242992,-19.75699980539795,1086977.8862989806,
2023-06-02,92.04258728027344,111.7544937133789,-17.54568108086511,-1,-14.36895893071312,-19.736237598880344,1087857.4334181212,
2023-06-05,91.6000747680664,111.30924987792967,-17.36928935751827,-1,-14.450780856528587,-19.812086854266827,1087862.8960646056,
2023-06-06,92.04258728027344,111.7544937133789,-17.54568108086511,-1,-14.455916462408558,-19.80919397833467,1087857.4334181212,
2023-06-07,92.04258728027344,111.30924987792967,-17.99092491631434,-1,-14.450966047985688,-19.820815815341646,1088747.9210890196,
2023-06-08,91.6000747680664,111.30924987792967,-17.36928935751827,-1,-14.468931699527374,-19.881806859752288,1087862.8960646056,
2023-06-09,91.1575698852539,111.7544937133789,-16.302420680942646,-1,-14.579903144778005,-19.864166013755426,1086087.3986280821,
2023-06-12,90.71504974365234,111.30924987792967,-16.126018239926125,-1,-14.421462371784004,-19.802745472668082,1086092.8460157774,
2023-06-13,91.1575698852539,111.7544937133789,-16.302420680942646,-1,-14.536589054315948,-19.809738099235304,1086087.3986280821,
2023-06-14,90.71504974365234,111.7544937133789,-15.680774404476892,-1,-14.478584327865896,-19.807391442374538,1085202.358344879,
2023-06-15,91.1575698852539,111.7544937133789,-16.302420680942646,-1,-14.259759959884367,-19.68054247024722,1086087.3986280821,
2023-06-16,90.71504974365234,111.7544937133789,-15.680774404476892,-1,-14.314764272721359,-19.703710928282344,1085202.358344879,
2023-06-19,91.6000747680664,111.7544937133789,-16.924045522069036,-1,-14.22871626728203,-19.74464850336299,1086972.4083937071,
2023-06-20,90.71504974365234,112.1997299194336,-15.235538198422205,-1,-14.360199746722607,-19.785612111790748,1084311.8859327696,
2023-06-21,89.83002471923828,112.1997299194336,-13.99226708083006,-1,-14.119341621058979,-19.77347574986384,1082541.8358839415,
2023-06-26,89.38751220703125,110.41878509521484,-15.151576346252739,-1,-13.628186058589746,-19.66108671081657,1085218.700507965,
2023-06-27,88.50249481201172,108.63783264160156,-15.689268399943543,-1,-13.807866732809071,-19.64637445598544,1087010.5706251524,
2023-06-28,88.50249481201172,108.1926040649414,-16.1344969766037,-1,-13.845314504328595,-19.63059155553591,1087901.0277784728,
2023-06-29,88.94500732421875,108.8428726196289,-16.10586398071227,-1,-13.876001853952364,-19.575422705169924,1087485.5156935118,
2023-06-30,88.39025115966797,107.9165496826172,-16.252873002675287,-1,-13.884730919857853,-19.41869949564726,1088228.6492384337,
2023-07-03,87.83550262451172,106.52706146240234,-16.863058025511137,-1,-13.948481787425393,-19.25265605744964,1089898.1286085509,
2023-07-04,87.37321472167969,106.99022674560548,-15.750476983715373,-1,-14.01289123059413,-19.220666608853694,1088047.2222364806,
2023-07-05,87.00337219238281,106.52706146240234,-15.694092511772936,-1,-13.9271926031153,-19.15866791399678,1088233.867744293,
2023-07-06,86.54107666015625,106.52706146240234,-15.044666035510645,-1,-13.960396045644536,-18.98596076275237,1087309.27667984,
2023-07-07,86.44862365722656,106.06390380859376,-15.377946968202508,-1,-14.008780609385553,-18.712104845782193,1088050.6859815978,
2023-07-10,86.44862365722656,105.60074615478516,-15.841104622011116,-1,-14.131801390020943,-18.52059524280443,1088977.001289215,
2023-07-11,87.28075408935547,106.52706146240234,-16.083754828132115,-1,-14.12183826122202,-18.559178019084424,1088788.6315382384,
2023-07-12,87.09583282470703,106.52706146240234,-15.823979950559334,-1,-14.317370786755841,-18.218664308023964,1088418.7890089415,
2023-07-13,86.72600555419922,106.52706146240234,-15.304451630753107,-1,-14.34598260513743,-18.136530515560814,1087679.1344679259,
2023-07-14,87.9279556274414,107.9165496826172,-15.603446526412995,-1,-14.341231465111449,-18.048887609232118,1087304.0581739806,
2023-07-17,87.37321472167969,107.9165496826172,-14.824154046703654,-1,-14.404980682407277,-17.916125277186175,1086194.5763624571,
2023-07-18,87.00337219238281,106.52706146240234,-15.694092511772936,-1,-14.304686198747444,-17.96832171316549,1088233.867744293,
2023-07-19,87.09583282470703,106.52706146240234,-15.823979950559334,-1,-14.389957256879544,-17.98874872097075,1088418.7890089415,
2023-07-20,87.28075408935547,106.99022674560548,-15.620589544928976,-1,-14.373459057176865,-17.984951106807024,1087862.3009718321,
2023-07-21,87.00337219238281,106.99022674560548,-15.230927228569797,-1,-14.359217627121657,-17.98301209754053,1087307.5371778868,
2023-07-24,86.81846618652344,107.45338439941406,-14.508016132527786,-1,-14.3018196714297,-17.975841524449045,1086011.4098585509,
2023-07-25,87.37321472167969,107.9165496826172,-14.824154046703654,-1,-14.185783980888989,-18.01063121993094,1086194.5763624571,
2023-07-26,87.37321472167969,108.37971496582033,-14.36098876350053,-1,-14.172803403257005,-18.031094799283096,1085268.2457960509,
2023-07-27,87.7430419921875,107.9165496826172,-15.343682366509881,-1,-14.022312815661525,-18.044813312065866,1086934.2309034728,
2023-07-28,87.83550262451172,107.9165496826172,-15.473569805296279,-1,-14.056331286337175,-18.03569268899816,1087119.1521681212,
2023-07-31,87.28075408935547,107.45338439941406,-15.157431891120396,-1,-14.045909015109844,-17.941567814699418,1086935.985664215,
2023-08-01,87.7430419921875,107.9165496826172,-15.343682366509881,-1,-14.015701730187807,-17.8864988669039,1086934.2309034728,
2023-08-02,87.00337219238281,107.45338439941406,-14.767769574761218,-1,-14.004469720680394,-17.892907365791608,1086381.2218702696,
2023-08-04,87.00337219238281,107.9165496826172,-14.304604291558078,-1,-13.935216651963849,-17.917195935984644,1085454.8913038634,
2023-08-07,87.00337219238281,107.45338439941406,-14.767769574761218,-1,-13.806554342917188,-17.91075473041104,1086381.2218702696,
2023-08-08,86.72600555419922,107.9165496826172,-13.914963410538249,-1,-13.791426629566896,-17.895569599429166,1084900.1580274962,
2023-08-09,86.72600555419922,108.37971496582033,-13.451798127335124,-1,-13.612531366830963,-17.894100270347593,1083973.82746109,
2023-08-10,87.00337219238281,109.3060302734375,-12.91512370073778,-1,-13.409518630251792,-17.904274341815892,1082675.9301222228,
2023-08-11,87.18829345703125,109.3060302734375,-13.174898578310575,-1,-13.099472851546988,-18.014842097879285,1083045.7726515196,
2023-08-14,86.72600555419922,108.37971496582033,-13.451798127335124,-1,-12.982837130457568,-17.977309662982517,1083973.82746109,
2023-08-15,86.633544921875,108.37971496582033,-13.321910688548726,-1,-12.909353615900727,-17.974669105836185,1083788.9061964415,
2023-08-16,86.81846618652344,109.3060302734375,-12.655370258504348,-1,-12.765307107824748,-18.076766777965716,1082306.118110504,
2023-08-17,86.72600555419922,107.9165496826172,-13.914963410538249,-1,-12.421455674399256,-17.850309356069438,1084900.1580274962,
2023-08-18,86.81846618652344,108.8428726196289,-13.118527912312942,-1,-12.62523697179418,-17.89941920257778,1083232.4334181212,
2023-08-21,86.91091918945312,108.37971496582033,-13.711562287238237,-1,-12.36031877221291,-17.895738050353565,1084343.6547315978,
2023-08-22,86.44862365722656,107.9165496826172,-13.52530109417907,-1,-12.789429943159098,-18.02852593801463,1084345.3942335509,
2023-08-23,86.44862365722656,107.9165496826172,-13.52530109417907,-1,-12.329592266495247,-18.03986645923244,1084345.3942335509,
2023-08-24,86.54107666015625,108.8428726196289,-12.728854878284082,-1,-12.117060281290831,-17.912214051722923,1082677.6543653868,
2023-08-25,86.26371002197266,107.9165496826172,-13.265536934275957,-1,-11.614894763225227,-17.641544886368127,1083975.566963043,
2023-08-28,86.54107666015625,108.37971496582033,-13.192012532092662,-1,-11.795198192027078,-17.693831363634203,1083603.969673004,
2023-08-29,87.00337219238281,108.8428726196289,-13.378281354546374,-1,-11.720956470765728,-17.564899976668876,1083602.24542984,
2023-08-30,87.00337219238281,108.37971496582033,-13.841439008354953,-1,-11.90491109188591,-17.240316366292898,1084528.5607374571,
2023-08-31,86.17124938964844,107.45338439941406,-13.598814778692699,-1,-12.047310347637369,-17.200315482561514,1084716.9762648009,
2023-09-01,86.81846618652344,107.9165496826172,-14.044850849324646,-1,-12.05529183360182,-17.030696933942462,1085085.0792921446,
2023-09-04,86.91091918945312,108.8428726196289,-13.248404633429658,-1,-12.30953388444738,-16.798932070862,1083417.3394239806,
2023-09-05,86.54107666015625,108.37971496582033,-13.192012532092662,-1,-12.100830424744544,-16.79278614268334,1083603.969673004,
2023-09-06,86.35617065429688,108.37971496582033,-12.93225908985923,-1,-11.92474343912772,-16.928407245120173,1083234.1576612853,
2023-09-07,86.26371002197266,108.37971496582033,-12.802371651072832,-1,-11.774139681923817,-16.914505503270107,1083049.2363966368,
2023-09-08,86.44862365722656,107.9165496826172,-13.52530109417907,-1,-11.690850339577509,-16.814538185330054,1084345.3942335509,
2023-09-11,86.91091918945312,108.37971496582033,-13.711562287238237,-1,-11.843350467496979,-16.90176089527492,1084343.6547315978,
2023-09-12,87.46566772460938,108.37971496582033,-14.490865484617245,-1,-11.907646139527088,-16.706669776590566,1085453.1518019103,
2023-09-13,87.5581283569336,107.9165496826172,-15.083918206606768,-1,-12.00288964799011,-16.839523257493727,1086564.403632965,
2023-09-14,87.83550262451172,108.37971496582033,-15.010404522093154,-1,-12.173890422397298,-16.53332881343049,1086192.821601715,
2023-09-15,88.39025115966797,108.8428726196289,-15.326550065663582,0,-12.109640934000714,-16.8389574923095,1086308.114039459,Close
2023-09-18,88.02041625976562,108.37971496582033,-15.270168681996267,0,-12.286352387512867,-17.10348885629585,1086308.114039459,
2023-09-19,88.29779815673828,108.37971496582033,-15.659830998355446,0,-12.142510763594805,-16.939555393238315,1086308.114039459,
2023-09-20,87.83550262451172,108.37971496582033,-15.010404522093154,0,-12.13707716977872,-16.902519565665873,1086308.114039459,
2023-09-21,86.72600555419922,107.9165496826172,-13.914963410538249,0,-12.156768170208656,-16.58765538726661,1086308.114039459,
2023-09-22,86.633544921875,108.37971496582033,-13.321910688548726,0,-12.041214730604198,-16.427684826058943,1086308.114039459,
2023-09-25,86.91091918945312,107.9165496826172,-14.174727570441362,0,-11.941834746300897,-16.29326938712065,1086308.114039459,
2023-09-26,87.46566772460938,107.45338439941406,-15.41719605102351,0,-12.232986031051205,-16.095194211212508,1086308.114039459,
2023-09-27,86.81846618652344,107.9165496826172,-14.044850849324646,0,-12.218945752478039,-16.45428339868837,1086308.114039459,
2023-09-28,87.46566772460938,107.45338439941406,-15.41719605102351,0,-12.155146415368073,-16.27243234696669,1086308.114039459,
2023-10-02,87.09583282470703,107.9165496826172,-14.434491730344476,0,-12.21430615748185,-16.533378685336398,1086308.114039459,
2023-10-03,86.81846618652344,107.45338439941406,-14.508016132527786,0,-12.18573864343663,-16.345242803407412,1086308.114039459,
2023-10-04,86.44862365722656,106.52706146240234,-14.914789314393929,0,-12.221894527765444,-16.224362035898803,1086308.114039459,
2023-10-05,87.28075408935547,106.52706146240234,-16.083754828132115,0,-12.282876031222493,-16.15630673654061,1086308.114039459,
2023-10-06,87.09583282470703,106.99022674560548,-15.360814667356195,0,-12.245469400196644,-16.368624750686354,1086308.114039459,
2023-10-11,88.6676254272461,107.9165496826172,-16.642524601364798,1,-12.254305732839407,-16.336643228173067,1086240.2506724547,Long Spread
2023-10-12,88.94499969482422,107.9165496826172,-17.03217620005431,1,-12.150869759857784,-16.607193074204538,1085685.5021372985,
2023-10-13,88.39025115966797,107.45338439941406,-16.716038285878426,1,-12.026135956445978,-17.073608560126974,1085868.6686412047,
2023-10-16,88.5751724243164,107.9165496826172,-16.512647880248082,1,-12.005011473601344,-16.90628695309094,1086425.156678314,
2023-10-17,88.20533752441406,107.9165496826172,-15.993108842772173,1,-11.997722475720156,-16.87660063071265,1087164.8264781188,
2023-10-18,88.39025115966797,107.45338439941406,-16.716038285878426,1,-12.013760273199576,-16.81434364462927,1085868.6686412047,
2023-10-19,87.7430419921875,107.45338439941406,-15.80684764971302,1,-11.92093094642613,-17.200673926305498,1087163.0869761657,
2023-10-20,87.09583282470703,106.99022674560548,-15.360814667356195,1,-12.00806490374848,-17.095526705038022,1087531.1900035094,
2023-10-23,87.28075408935547,106.99022674560548,-15.620589544928976,1,-11.981582758304326,-16.993248041595347,1087161.3474742125,
2023-10-24,87.65058898925781,106.99022674560548,-16.140128582404884,1,-12.025630532732126,-17.134928219114695,1086421.6776744078,
2023-10-25,87.7430419921875,106.99022674560548,-16.2700053035216,1,-11.937310227144527,-17.175948279865615,1086236.7716685485,
2023-10-26,87.65058898925781,106.52706146240234,-16.603293865608023,1,-11.909542912413347,-17.237265715411613,1085495.3471080016,
2023-10-27,88.29779815673828,106.99022674560548,-17.04931921857029,1,-11.869122036646644,-17.50986229902697,1085127.259339447,
2023-10-30,87.83550262451172,106.99022674560548,-16.399892742307998,1,-11.766115528270598,-17.79849053491597,1086051.8504039,
2023-10-31,88.5751724243164,107.45338439941406,-16.97581316345122,1,-11.857448703543641,-17.712064264706846,1085498.8261119078,
2023-11-01,89.03746795654297,108.37971496582033,-16.69890907330725,1,-11.875233911088422,-18.184873539575076,1086426.8961802672,
2023-11-02,89.31483459472656,109.3060302734375,-16.162234646709905,1,-11.811956001845543,-18.07736930279767,1087724.7935191344,
2023-11-03,89.6846694946289,108.8428726196289,-17.144931337994393,1,-12.003917508977366,-18.015373101170947,1086058.8084117125,
2023-11-06,90.33187866210938,108.8428726196289,-18.0541219741598,1,-12.1283456982116,-18.57346158873701,1084764.3900767516,
2023-11-07,89.86958312988281,109.3060302734375,-16.941537844088913,1,-12.309773376170156,-19.382346444681634,1086615.296448822,
2023-11-08,90.88662719726562,109.76919555664062,-17.907102234527102,1,-12.290224417558237,-18.606549336267303,1085507.5388804625,
2023-11-09,90.97909545898438,108.8428726196289,-18.963323327994885,1,-12.225859332344518,-19.356788190407812,1083469.9564830016,
2023-11-10,90.5167999267578,108.37971496582033,-18.777054505541145,1,-12.26094209679633,-20.864128936061952,1083468.2322398375,
2023-11-13,89.77713012695312,107.9165496826172,-18.201141713792495,1,-12.621165584268494,-20.399007793095116,1084021.2412730407,
2023-11-14,89.96205139160156,107.9165496826172,-18.46091659136529,1,-12.273293127745351,-20.29524142431075,1083651.3987437438,
2023-11-15,90.14695739746094,109.3060302734375,-17.331189442778424,1,-12.687503737424159,-20.53983562107853,1086060.5479136657,
2023-11-16,90.6092529296875,108.37971496582033,-18.90693122665789,1,-12.470689179004765,-19.72047243307309,1083283.3262339782,
2023-11-17,90.33187866210938,108.37971496582033,-18.517279627968378,1,-12.581286934198362,-21.03285774721438,1083838.0747691344,
2023-11-20,90.33187866210938,109.3060302734375,-17.590964320351205,1,-12.652059204103201,-20.667359140999245,1085690.7053843688,
2023-11-21,90.88662719726562,109.3060302734375,-18.370267517730227,1,-12.97823784521356,-19.858332176907727,1084581.2083140563,
2023-11-22,90.88662719726562,109.3060302734375,-18.370267517730227,1,-12.947845761960226,-20.41474437894544,1084581.2083140563,
2023-11-23,90.97909545898438,109.76919555664062,-18.037000390983167,1,-13.082872527454828,-20.41015211533379,1085322.602357025,
2023-11-24,90.88662719726562,110.23235321044922,-17.443944580718508,1,-13.113301678473821,-20.26080623389498,1086433.8541880797,
2023-11-27,91.07154846191406,111.15867614746094,-16.77739652127957,1,-13.02510167719446,-20.06967416044208,1087916.6575328063,
2023-11-28,90.97909545898438,110.69551849365234,-17.110677453971448,1,-13.130430373868457,-19.815866716606727,1087175.2482310485,
2023-11-29,91.4413833618164,111.15867614746094,-17.29693555875548,1,-13.120806403188535,-19.93274186280456,1087176.9877330016,
2023-11-30,90.97909545898438,110.69551849365234,-17.110677453971448,1,-13.49644707573079,-19.84787877002424,1087175.2482310485,
2023-12-01,91.71875762939452,111.15867614746094,-17.68658715744496,1,-13.62786432638404,-19.728613330654987,1086622.2391978453,
2023-12-04,92.27350616455078,112.08499908447266,-17.539567417812265,1,-13.877454732439649,-19.738810361163136,1087365.3880015563,
2023-12-05,92.92071533203124,112.54815673828124,-17.985600400169076,1,-14.065905334127788,-19.578504612738183,1086997.2849742125,
2023-12-06,92.45842742919922,113.01132202148438,-16.87301935837334,1,-14.056278792937912,-19.745668729964976,1088848.1913462828,
2023-12-07,91.90367889404295,112.08499908447266,-17.020039098006038,1,-14.057356504533976,-19.497166528081166,1088105.042542572,
2023-12-08,91.62629699707033,111.62183380126952,-17.093542064850013,1,-14.000957700160562,-19.554419268623526,1087733.475770111,
2023-12-11,91.07154846191406,111.15867614746094,-16.77739652127957,1,-13.954399211689992,-19.587674832166005,1087916.6575328063,
2023-12-12,91.25646209716795,111.15867614746094,-17.037160681182655,1,-14.004616519577315,-19.535566524060048,1087546.8302622985,
2023-12-13,90.97909545898438,110.69551849365234,-17.110677453971448,1,-14.017702976461827,-19.572689964741706,1087175.2482310485,
2023-12-14,91.4413833618164,110.69551849365234,-17.760093212564072,1,-14.086204996906966,-19.582502878128782,1086250.6724253844,
2023-12-15,90.97909545898438,109.76919555664062,-18.037000390983167,1,-14.089310897900646,-19.712457427240786,1085322.602357025,
2023-12-18,90.70171356201172,109.76919555664062,-17.64733807462399,1,-14.28230615178309,-19.777431786893082,1085877.3661509703,
2023-12-19,90.6092529296875,109.76919555664062,-17.51745063583759,1,-14.639388305714807,-19.554496250518458,1086062.2874156188,
2023-12-20,90.70171356201172,109.76919555664062,-17.64733807462399,1,-14.942009529659535,-19.333649497331038,1085877.3661509703,
2023-12-21,90.23942565917967,109.3060302734375,-17.461087599234475,1,-14.950054666797396,-19.362111730383322,1085875.6113902282,
2023-12-22,89.86958312988281,108.8428726196289,-17.404695497897507,1,-14.831890812773306,-19.41217475506191,1085688.9811412047,
2023-12-25,90.14695739746094,109.3060302734375,-17.331189442778424,1,-15.241548675385102,-19.20484618916944,1086060.5479136657,
2023-12-26,90.4243392944336,110.23235321044922,-16.794528822125883,1,-15.117541816969025,-19.27487735501424,1087358.4299937438,
2023-12-27,90.88662719726562,110.69551849365234,-16.980779297515383,1,-15.388540163429383,-19.079677967089943,1087360.184754486,
2023-12-28,91.3489227294922,111.15867614746094,-17.16704811996911,1,-15.529893012159778,-18.995013154086866,1087361.90899765,
2023-12-29,91.16400909423828,111.15867614746094,-16.907283960065968,1,-15.607217210213745,-18.955284204755014,1087731.7362681578,
2024-01-02,91.99613189697266,111.62183380126952,-17.613081102325893,1,-15.51259515239946,-18.973447296763165,1086993.8059703063,
2024-01-03,91.4413833618164,111.15867614746094,-17.29693555875548,1,-15.718556803981809,-18.941387935224707,1087176.9877330016,
2024-01-04,91.4413833618164,110.23235321044922,-18.223258495767197,1,-15.618589659560161,-18.950374631430403,1085324.3418589782,
2024-01-05,91.07154846191406,110.69551849365234,-17.240554175088164,1,-15.612025943642525,-19.04778194325584,1086990.342225189,
2024-01-08,91.5338363647461,111.62183380126952,-16.963654626063615,1,-15.625165023971935,-18.9865978272348,1087918.3970347594,
2024-01-09,91.62629699707033,111.15867614746094,-17.556699718658592,1,-15.644755613188167,-18.975293278402894,1086807.1604624938,
2024-01-10,91.3489227294922,111.15867614746094,-17.16704811996911,1,-15.77240226128362,-18.97794944632047,1087361.90899765,
2024-01-11,92.18104553222656,111.62183380126952,-17.872845262229006,1,-15.721429466446502,-18.96488002395497,1086623.9786997985,
2024-01-12,92.27350616455078,111.15867614746094,-18.465890354823983,1,-15.894723029813772,-18.96795842101667,1085512.7421275328,
2024-01-15,91.62629699707033,111.62183380126952,-17.093542064850013,1,-16.051371080002266,-18.956123539059863,1087733.475770111,
2024-01-16,90.6092529296875,110.23235321044922,-17.054292982028997,1,-16.089789610068337,-18.850296497761533,1086988.602723236,
2024-01-17,89.86958312988281,109.76919555664062,-16.478372560885788,0,-16.114088133273277,-18.83045199520209,1087473.6414640807,Close
2024-01-18,89.96205139160156,109.76919555664062,-16.608270717341867,0,-16.10318948675075,-18.820139725230113,1087473.6414640807,
2024-01-19,89.96205139160156,110.23235321044922,-16.145113063533273,0,-16.094911214916056,-18.820994883917162,1087473.6414640807,
2024-01-22,90.23942565917967,110.23235321044922,-16.534764662222756,0,-15.997141336414366,-18.84910862680119,1087473.6414640807,
2024-01-23,89.96205139160156,110.69551849365234,-15.681947780330148,-1,-16.05162414974521,-18.843718771774107,1087405.6151612853,Short Spread
2024-01-24,89.96205139160156,111.15867614746094,-15.218790126521554,-1,-15.869095472247734,-18.909402896721325,1086479.299853668,
2024-01-25,90.23942565917967,111.15867614746094,-15.608441725211037,-1,-15.67677035675728,-19.01732257546079,1087034.0483888243,
2024-01-26,90.97909545898438,110.69551849365234,-17.110677453971448,-1,-15.708661301778688,-19.02932535777971,1089439.703296051,
2024-01-29,91.16400909423828,111.15867614746094,-16.907283960065968,-1,-15.758788832651145,-19.014757657644676,1088883.2152589415,
2024-01-30,91.07154846191406,110.69551849365234,-17.240554175088164,-1,-15.713726971476174,-18.94922674275453,1089624.6093019103,
2024-01-31,90.6092529296875,110.23235321044922,-17.054292982028997,-1,-15.769081071359054,-18.998443353687215,1089626.3488038634,
2024-02-01,91.25646209716795,111.15867614746094,-17.037160681182655,-1,-15.71891642845744,-18.93721382106086,1089068.121264801,
2024-02-02,90.88662719726562,111.62183380126952,-16.05446398989821,-1,-15.762365473887602,-18.762387530660707,1087402.136157379,
2024-02-05,91.07154846191406,112.54815673828124,-15.387915930459272,-1,-15.670334147866928,-18.717606895458307,1085919.3328126525,
2024-02-15,90.6092529296875,112.08499908447266,-15.20164710800556,-1,-15.464946736938488,-18.781907893912244,1085921.0570558165,
2024-02-16,90.6092529296875,113.01132202148438,-14.27532417099384,-1,-15.317525221488443,-18.754744166328535,1084068.411181793,
2024-02-19,90.6092529296875,113.01132202148438,-14.27532417099384,-1,-14.692734229231505,-19.065483079542396,1084068.411181793,
2024-02-20,91.16400909423828,113.4744873046875,-14.591472802839405,-1,-14.44717229965402,-18.769890874666928,1084251.5929444884,
2024-02-21,92.45842742919922,113.4744873046875,-16.409854075170216,-1,-14.41117706891342,-18.78409117759167,1086840.4296144103,
2024-02-22,92.365966796875,113.01132202148438,-16.743131919586943,-1,-14.875272702760869,-18.884821960313094,1087581.838916168,
2024-02-23,91.90367889404295,113.01132202148438,-16.09371616099432,-1,-14.928010296054197,-18.734148037184852,1086657.263110504,
2024-02-26,92.365966796875,113.01132202148438,-16.743131919586943,-1,-14.864274242446267,-18.650907312690524,1087581.838916168,
2024-02-27,91.62629699707033,112.08499908447266,-16.630376781646873,-1,-14.925629198221094,-18.67155456957707,1087955.1451905821,
2024-02-29,91.5338363647461,111.62183380126952,-16.963654626063615,-1,-14.911962266049981,-18.708025683840027,1088696.55449234,
2024-03-01,90.97909545898438,112.08499908447266,-15.721196863151135,-1,-14.966088940793991,-18.78026338896567,1086660.7421144103,
2024-03-04,90.70171356201172,112.54815673828124,-14.868376892983378,-1,-14.784186762254823,-18.723259476663646,1085179.6630128478,
2024-03-05,90.5167999267578,112.08499908447266,-15.071770386888815,-1,-14.4990035839287,-18.753759831830358,1085736.1510499571,
2024-03-06,91.07154846191406,112.54815673828124,-15.387915930459272,-1,-14.45693245782514,-18.77063740441252,1085919.3328126525,
2024-03-07,90.5167999267578,112.08499908447266,-15.071770386888815,-1,-14.45408985090376,-18.668555191264172,1085736.1510499571,
2024-03-08,90.97909545898438,111.62183380126952,-16.184362146354275,-1,-14.310183204341827,-18.676575581048848,1087587.0726808165,
2024-03-11,91.3489227294922,112.54815673828124,-15.777567529148811,-1,-14.5028877492962,-18.57704480534862,1086474.0813478087,
2024-03-12,91.4413833618164,112.54815673828124,-15.90745496793518,-1,-14.434497208018271,-18.67449422964154,1086659.0026124571,
2024-03-13,92.08858489990234,112.08499908447266,-17.279792540239498,0,-14.419979560247974,-18.649462198636208,1088811.5540528868,Close
2024-03-14,92.27350616455078,113.01132202148438,-16.613244480800546,0,-14.515805474317895,-18.741728858027237,1088811.5540528868,
2024-03-15,91.81121826171876,113.4744873046875,-15.500663439004825,0,-14.498730892918227,-18.70897762405016,1088811.5540528868,
2024-03-18,92.08858489990234,113.9376449584961,-15.42714666621606,0,-14.338067473848511,-18.647559382713524,1088811.5540528868,
2024-03-19,91.07154846191406,113.9376449584961,-13.998427710244414,-1,-14.278464024932994,-18.626936106853186,1088743.35368515,Short Spread
2024-03-20,91.16400909423828,113.9376449584961,-14.128315149030811,-1,-13.825700568473119,-18.609754852538487,1088928.2749497984,
2024-03-21,91.90367889404295,114.40081024169922,-14.704227940779475,-1,-13.761225849143166,-18.520260574314378,1089481.2839830015,
2024-03-22,92.365966796875,114.8639678955078,-14.89048604556352,-1,-13.82315097013798,-18.51803432041956,1089479.5444810484,
2024-03-25,92.365966796875,115.3271255493164,-14.427328391754912,-1,-13.805217841483106,-18.49304609922998,1088553.2291734312,
2024-03-26,92.92071533203124,116.25344848632812,-14.280308652122187,-1,-13.635773163334077,-18.444788535726932,1087810.0803697202,
2024-03-27,94.30758666992188,117.64292907714844,-14.83908605474943,-1,-13.502243557078026,-18.444661250100033,1087804.8618638609,
2024-03-28,94.30758666992188,116.25344848632812,-16.228566645569742,-1,-13.584182215446544,-18.401472272376775,1090583.8230455015,
2024-03-29,94.76988220214844,117.64292907714844,-15.488512531011736,-1,-13.757932365182995,-18.430882419346652,1088729.452928314,
2024-04-01,96.1567611694336,117.17977142333984,-17.899938895937538,0,-13.682898978431641,-18.431914023797933,1092360.9927091978,Close
2024-04-02,96.1567611694336,117.17977142333984,-17.899938895937538,0,-13.742359072254045,-18.677275675258983,1092360.9927091978,
2024-04-03,95.232177734375,115.79029083251952,-17.990577251902934,0,-13.720647904530036,-18.705209333092885,1092360.9927091978,
2024-04-08,96.1567611694336,117.17977142333984,-17.899938895937538,0,-13.698985124100558,-18.81289880700809,1092360.9927091978,
2024-04-09,96.1567611694336,116.25344848632812,-18.826261832949257,1,-13.68655234161275,-18.735844767246096,1092292.4963008116,Long Spread
2024-04-10,96.1567611694336,116.71660614013672,-18.363104179140663,1,-13.581184116996212,-19.081729168719733,1093218.8116084288,
2024-04-11,96.1567611694336,117.17977142333984,-17.899938895937538,1,-13.617758689135893,-18.844619237155033,1094145.142174835,
2024-04-12,96.61905670166016,116.25344848632812,-19.475688309211534,1,-13.606098527486088,-18.955768301391398,1091367.9052363585,
2024-04-15,96.1567611694336,116.71660614013672,-18.363104179140663,1,-13.40913659896386,-19.615827070885924,1093218.8116084288,
2024-04-16,94.30758666992188,115.3271255493164,-17.15488958258146,1,-13.469275190185739,-19.234925974003712,1094138.1994258116,
2024-04-17,94.30758666992188,114.40081024169922,-18.08120489019865,1,-13.483297882728692,-19.093027351001055,1092285.5688105773,
2024-04-18,95.69446563720705,114.8639678955078,-19.566315947507306,1,-13.473946044960753,-19.140864067225657,1090438.1261836241,
2024-04-19,94.30758666992188,113.9376449584961,-18.544370173401774,1,-13.334540029498896,-19.46518595579912,1091359.238244171,
2024-04-22,96.61905670166016,116.25344848632812,-19.475688309211534,1,-13.376306617053977,-19.53924444311228,1091367.9052363585,
2024-04-23,95.232177734375,115.79029083251952,-17.990577251902934,1,-13.238678937370539,-20.007331520089085,1093215.3478633116,
2024-04-24,94.30758666992188,115.3271255493164,-17.15488958258146,1,-13.351080565617437,-19.70840995854332,1094138.1994258116,
2024-04-25,94.76988220214844,114.40081024169922,-18.730631366460955,1,-13.327992164301467,-19.582644280788482,1091360.9777461241,
2024-04-26,95.69446563720705,114.40081024169922,-20.029473601315885,1,-13.355795719286686,-20.000713861565306,1089511.810876007,
2024-04-29,96.1567611694336,115.3271255493164,-19.752584769960976,1,-13.1527973575644,-20.636555980544294,1090439.8504267882,
2024-04-30,96.1567611694336,114.8639678955078,-20.215742423769584,1,-13.284050905069972,-20.797716946660575,1089513.535119171,
2024-05-02,96.1567611694336,114.8639678955078,-20.215742423769584,1,-13.344356666783852,-21.26093356359784,1089513.535119171,
2024-05-03,96.61905670166016,114.8639678955078,-20.86516890003186,1,-13.27562049867161,-21.493878220745874,1088588.944054718,
2024-05-06,97.0813446044922,115.3271255493164,-21.051427004815906,1,-12.854057243107452,-22.20550380387436,1088590.683556671,
2024-05-07,96.61905670166016,116.25344848632812,-19.475688309211534,1,-12.805997467651018,-22.789961444380097,1091367.9052363585,
2024-05-08,97.0813446044922,117.17977142333984,-19.19878113079247,1,-12.912800821339367,-21.61996903403565,1092295.975304718,
2024-05-09,97.0813446044922,116.71660614013672,-19.661946413995594,1,-12.944037114280587,-21.629942192890102,1091369.6447383116,
2024-05-10,97.0813446044922,116.25344848632812,-20.125104067804187,1,-12.928343760055183,-21.949163546998065,1090443.3294306945,
2024-05-13,97.54364013671876,117.17977142333984,-19.848207607054746,1,-13.144458003953343,-22.49892573260694,1091371.3842402648,
2024-05-14,96.61905670166016,116.25344848632812,-19.475688309211534,1,-13.397232671887778,-22.447835632164704,1091367.9052363585,
2024-05-15,97.0813446044922,116.25344848632812,-20.125104067804187,1,-13.521093272769303,-22.31143588402084,1090443.3294306945,
2024-05-16,97.54364013671876,116.25344848632812,-20.774530544066465,1,-13.945476308493697,-22.54852154333836,1089518.7383662413,
2024-05-17,98.00592803955078,116.71660614013672,-20.960788648850468,1,-14.086522090118065,-22.956956271337894,1089520.4778681945,
2024-05-20,98.00592803955078,117.17977142333984,-20.497623365647343,1,-14.118575483680221,-23.219259329790216,1090446.8084346007,
2024-05-21,97.54364013671876,117.17977142333984,-19.848207607054746,1,-13.661274538232496,-23.30419708724631,1091371.3842402648,
2024-05-22,98.93051147460938,117.64292907714844,-21.33330794669368,1,-13.593443374664679,-22.96368839243364,1089523.9568721007,
2024-05-23,98.93051147460938,117.64292907714844,-21.33330794669368,1,-13.831841424804102,-24.133747417113682,1089523.9568721007,
2024-05-24,98.46822357177734,117.64292907714844,-20.683892188101055,1,-13.666439963939249,-24.33215989737927,1090448.5326777648,
2024-05-27,97.54364013671876,115.79029083251952,-21.237688197875073,1,-13.750191091427553,-23.876480567227937,1088592.4230586241,
2024-05-28,97.0813446044922,116.71660614013672,-19.661946413995594,1,-13.686996272687765,-24.43779954188846,1091369.6447383116,
2024-05-29,95.232177734375,115.79029083251952,-17.990577251902934,1,-14.089028316705718,-23.458336424955515,1093215.3478633116,
2024-05-30,96.61905670166016,116.71660614013672,-19.01253065540294,1,-14.227186945513319,-22.891317624465202,1092294.2205439757,
2024-05-31,97.54364013671876,118.56925201416016,-18.458727016234434,1,-14.407589736026976,-23.065644964726417,1094150.3454219054,
2024-06-03,98.46822357177734,117.64292907714844,-20.683892188101055,1,-14.35186847738372,-22.943842679271782,1090448.5326777648,
2024-06-04,98.46822357177734,117.64292907714844,-20.683892188101055,1,-14.677640918776248,-23.466946924862235,1090448.5326777648,
2024-06-05,98.93051147460938,117.64292907714844,-21.33330794669368,1,-14.488844782844929,-23.639538081149645,1089523.9568721007,
2024-06-06,98.46822357177734,118.10609436035156,-20.22072690489793,1,-14.722294883776515,-23.944956750558404,1091374.863244171,
2024-06-07,98.93051147460938,117.17977142333984,-21.796465600502273,1,-14.734675477744851,-23.527277971723557,1088597.6415644835,
2024-06-11,98.93051147460938,117.17977142333984,-21.796465600502273,1,-14.456866268705191,-24.34375013453321,1088597.6415644835,
2024-06-12,98.00592803955078,117.17977142333984,-20.497623365647343,1,-14.719146328213904,-24.450961093546034,1090446.8084346007,
2024-06-13,98.00592803955078,117.17977142333984,-20.497623365647343,1,-15.10972786359827,-23.791967149640794,1090446.8084346007,
2024-06-14,99.3927993774414,118.56925201416016,-21.056400768274585,1,-15.278420027359868,-23.742996848533107,1090452.02694046,
2024-06-17,99.3927993774414,118.10609436035156,-21.51955842208318,1,-15.939676169237433,-23.515722165156713,1089525.711632843,
2024-06-18,99.3927993774414,118.56925201416016,-21.056400768274585,1,-16.15272624635001,-23.520911633833133,1090452.02694046,
2024-06-19,98.46822357177734,118.10609436035156,-20.22072690489793,1,-16.21472124172092,-23.394890613856578,1091374.863244171,
2024-06-20,98.46822357177734,117.17977142333984,-21.14704984190965,1,-16.334996911858212,-23.144275277782896,1089522.2173701476,
2024-06-21,98.00592803955078,116.25344848632812,-21.42394630265906,1,-16.712264484189138,-23.046785229973505,1088594.1625605773,
2024-06-24,98.93051147460938,117.17977142333984,-21.796465600502273,1,-17.026901649577916,-22.8666114685457,1088597.6415644835,
2024-06-25,98.46822357177734,116.71660614013672,-21.610215125112774,1,-17.199190983077166,-22.833804627401506,1088595.8868037413,
2024-06-26,98.00592803955078,116.25344848632812,-21.42394630265906,1,-17.18538697279189,-22.894943898534542,1088594.1625605773,
2024-06-27,98.00592803955078,116.71660614013672,-20.960788648850468,1,-17.547894744826372,-22.657898754732273,1089520.4778681945,
2024-06-28,98.93051147460938,116.25344848632812,-22.722788537513992,1,-17.37421501707859,-22.766029967121028,1086744.99569046,
2024-07-01,100.77967834472656,117.17977142333984,-24.394150070212078,1,-17.3943968857316,-23.115691737140946,1084899.3078242491,
2024-07-02,103.09114837646484,116.25344848632812,-28.567594670865617,1,-17.23117760937351,-23.91338480175854,1078423.7218867491,
2024-07-03,104.0157241821289,116.25344848632812,-29.866426188050838,1,-18.395354609661915,-44.29711613214873,1076574.570275421,
2024-07-04,102.62885284423828,114.09479522705078,-30.076821453880655,1,-16.169405748663017,-24.721824472145016,1075031.0064326476,
2024-07-05,107.25177001953124,115.53903198242188,-35.1267958727841,1,-15.70829112398382,-25.557957750855266,1068673.6455928038,
2024-07-08,98.41814422607422,114.57621002197266,-23.680260459532803,1,-14.762000059117081,-27.063038538843454,1084415.2532588195,
2024-07-09,96.97787475585938,114.57621002197266,-21.656989496032793,1,-14.690463640686389,-27.948493748451078,1087295.7921992491,
2024-07-10,97.93805694580078,114.09479522705078,-23.487255172511226,1,-14.830202890564584,-27.76661958853778,1084412.5982295226,
2024-07-11,96.97787475585938,114.09479522705078,-22.138404290954668,1,-15.206079966228396,-27.955544991910955,1086332.9626094054,
2024-07-12,96.97787475585938,114.09479522705078,-22.138404290954668,1,-15.172181489692308,-27.8397998917946,1086332.9626094054,
2024-07-15,96.97787475585938,115.05762481689452,-21.175574701110932,1,-15.082568727727004,-27.84966068935118,1088258.621789093,
2024-07-16,96.97787475585938,115.05762481689452,-21.175574701110932,1,-15.223380256964704,-27.794199541712025,1088258.621789093,
2024-07-17,97.93805694580078,115.05762481689452,-22.52442558266749,1,-15.181638603619017,-27.786350618800956,1086338.25740921,
2024-07-18,99.85840606689452,116.02044677734376,-24.259283949992025,1,-15.54219959248745,-27.8907066289985,1084423.203087921,
2024-07-19,99.3783187866211,116.50186157226562,-23.10344907312671,1,-15.868840030378433,-28.061625412421012,1086346.2072383116,
2024-07-22,99.3783187866211,116.02044677734376,-23.584863868048572,1,-15.787407470492314,-27.99724603979957,1085383.377648468,
2024-07-23,101.29867553710938,116.9832763671875,-25.3197253236483,1,-15.741973305943048,-28.08669255007765,1083468.3233271788,
2024-07-26,101.7787628173828,117.94609832763672,-25.031323445142505,1,-15.832634093326424,-28.430209800945626,1084433.7926875304,
2024-07-29,100.33849334716795,116.9832763671875,-23.970874442091713,1,-15.838733323451631,-28.50938911539401,1085388.6877070616,
2024-07-30,101.29867553710938,116.50186157226562,-25.801140118570174,1,-15.885227803386021,-28.45550035616074,1082505.493737335,
2024-07-31,101.29867553710938,116.9832763671875,-25.3197253236483,1,-15.856861121441106,-28.819095014366894,1083468.3233271788,
2024-08-01,101.29867553710938,116.9832763671875,-25.3197253236483,1,-15.868280976157028,-28.876576835154918,1083468.3233271788,
2024-08-02,101.7787628173828,118.4275131225586,-24.54990865022063,1,-16.111614339493748,-29.024962641471284,1085396.6222773741,
2024-08-05,101.7787628173828,116.9832763671875,-25.994145405591723,1,-16.250646866528484,-28.984639195625228,1082508.148766632,
2024-08-06,106.09955596923828,117.46468353271484,-31.582529695225077,1,-16.29774428365741,-29.29635016081388,1074829.3767939757,
2024-08-07,103.6991195678711,116.9832763671875,-28.691836451035215,1,-15.754254377273975,-31.281812549426114,1078667.4352656554,
2024-08-08,102.73893737792967,116.9832763671875,-27.34298556947863,1,-16.029305951336518,-30.671387793083433,1080587.7996455382,
2024-08-09,103.21902465820312,117.46468353271484,-27.535998485894737,1,-16.207338940964057,-30.579900495421555,1080590.439416046,
2024-08-12,103.21902465820312,116.9832763671875,-28.01740565142208,1,-16.21178241783678,-30.804464358924392,1079627.6250849913,
2024-08-13,103.21902465820312,117.46468353271484,-27.535998485894737,1,-16.18141928709528,-31.112992109497796,1080590.439416046,
2024-08-14,104.65929412841795,117.94609832763672,-29.077854654472844,1,-16.226703892395456,-31.203961938421045,1078672.73006546,
2024-08-15,104.17920684814452,118.4275131225586,-27.922019777607545,1,-16.302290758605597,-31.79682154165283,1080595.7342158507,
2024-08-16,103.21902465820312,119.3903350830078,-25.610346935601783,1,-16.530682664607546,-31.706611962967877,1084441.742516632,
2024-08-19,105.1393814086914,118.90892791748048,-28.78944514657256,1,-16.393414801536537,-31.40826529308716,1079638.2146846007,
2024-08-20,104.17920684814452,118.90892791748048,-27.440604982685656,1,-16.449748476583117,-32.109118285127735,1081558.5638056945,
2024-08-21,105.61946868896484,118.90892791748048,-29.463865228516013,1,-16.64107627110435,-31.9964407755789,1078678.0401240538,
2024-08-22,105.61946868896484,119.3903350830078,-28.982458062988698,1,-16.609040990506962,-32.61076934812555,1079640.8544551085,
2024-08-23,107.05973815917967,119.3903350830078,-31.00572902648868,1,-16.99370858669551,-32.66327189955626,1076760.3155146788,
2024-08-26,105.61946868896484,119.3903350830078,-28.982458062988698,1,-17.45356110191008,-33.220887931920444,1079640.8544551085,
2024-08-27,107.53982543945312,119.87174987792967,-31.198734313510258,1,-17.533493401895026,-32.917437894368575,1076762.9705439757,
2024-08-28,107.05973815917967,119.3903350830078,-31.00572902648868,1,-17.81476260126783,-33.506659116616476,1076760.3155146788,
2024-08-29,106.57965087890624,118.90892791748048,-30.812716110072543,1,-17.616236011714626,-33.852944325004444,1076757.675744171,
2024-08-30,107.53982543945312,119.3903350830078,-31.680149108432133,1,-17.76343114363528,-34.02847584275157,1075800.140954132,
2024-09-02,108.5,119.3903350830078,-33.02898927231904,1,-17.742857408206913,-34.56423474598682,1073879.7918330382,
2024-09-03,107.53982543945312,119.3903350830078,-31.680149108432133,1,-18.022608923825032,-35.280622886508965,1075800.140954132,
2024-09-04,107.53982543945312,117.46468353271484,-33.60580065872509,1,-17.919272166303692,-35.190828802924116,1071948.837853546,
2024-09-05,108.5,118.4275131225586,-33.99181123276824,1,-17.91295957581663,-36.22462367038655,1071954.1479121398,
2024-09-06,110.42035675048828,119.3903350830078,-35.72668031776247,1,-18.32213633528207,-36.666538116546036,1070039.0783320616,
2024-09-09,110.42035675048828,118.90892791748048,-36.20808748328979,1,-18.37498479381054,-37.968985759876766,1069076.264001007,
2024-09-10,110.42035675048828,119.3903350830078,-35.72668031776247,1,-18.366180932951842,-38.86530721980515,1070039.0783320616,
2024-09-11,110.42035675048828,118.90892791748048,-36.20808748328979,1,-18.44992081848857,-39.06147431728832,1069076.264001007,
2024-09-12,110.42035675048828,119.87174987792967,-35.2452655228406,1,-18.747798472876276,-39.697237252500564,1071001.9079219054,
2024-09-13,110.90044403076172,119.87174987792967,-35.91968560478405,1,-19.269647379470292,-39.23973038279267,1070041.7333613585,
2024-09-16,111.38053131103516,120.35316467285156,-36.11269089180561,1,-19.272388336409254,-39.98884635087707,1070044.3883906554,
2024-09-18,111.8606185913086,120.35316467285156,-36.787110973749066,1,-19.443957352777133,-40.39809873704869,1069084.2138301085,
2024-09-19,111.38053131103516,120.35316467285156,-36.11269089180561,1,-19.567697734087133,-41.145552574900556,1070044.3883906554,
2024-09-20,111.8606185913086,121.31598663330078,-35.82428901329985,1,-19.894449500397247,-40.927327984184075,1071009.857751007,
2024-09-23,113.78097534179688,121.79740142822266,-38.04056526382141,1,-20.239288180262125,-40.88351936545257,1068131.9738398741,
2024-09-24,113.78097534179688,121.79740142822266,-38.04056526382141,1,-20.646126538808748,-42.15699184507645,1068131.9738398741,
2024-09-25,111.8606185913086,121.79740142822266,-35.34287421837797,1,-20.42531174598055,-42.83209101072527,1071972.6873408507,
2024-09-26,112.82080078125,122.27881622314452,-36.21031030501267,1,-20.152427663302745,-41.70000485011252,1071015.1525508116,
2024-09-27,111.8606185913086,121.79740142822266,-35.34287421837797,1,-19.27966507639168,-42.37569471464643,1071972.6873408507,
2024-09-30,110.42035675048828,120.8345718383789,-34.282443562391364,1,-19.06599054998736,-41.967120459779466,1072927.5518428038,
2024-10-01,110.90044403076172,121.31598663330078,-34.47544884941294,1,-19.034597757182375,-41.64589222482468,1072930.2068721007,
2024-10-04,108.01991271972656,119.87174987792967,-31.87315439545371,1,-18.70186720021037,-40.288378752633065,1075802.7959834288,
2024-10-07,108.01991271972656,119.3903350830078,-32.354569190375585,1,-22.194621601413758,-41.897880506771514,1074839.966393585,
2024-10-08,108.01991271972656,117.94609832763672,-33.798805945746665,1,-23.545077743904983,-41.40650193026842,1071951.492882843,
2024-10-09,108.5,117.94609832763672,-34.47322602769012,1,-23.366148583244488,-42.56081715633555,1070991.318322296,
2024-10-11,107.53982543945312,117.94609832763672,-33.12438586380321,1,-24.37487534984429,-42.30289666179925,1072911.6674433898,
2024-10-14,108.01991271972656,117.94609832763672,-33.798805945746665,1,-24.375780302808906,-41.3575566314415,1071951.492882843,
2024-10-15,108.01991271972656,118.90892791748048,-32.8359763559029,1,-25.18081602553221,-40.98718687102121,1073877.1520625304,
2024-10-16,108.01991271972656,117.94609832763672,-33.798805945746665,1,-25.366937295316532,-40.31837464179395,1071951.492882843,
2024-10-17,109.4601821899414,117.94609832763672,-35.822076909246675,1,-25.404175608885357,-40.71854795581642,1069070.9539424132,
2024-10-18,109.94026947021484,119.3903350830078,-35.05226023581905,1,-25.335605102217187,-41.952329580994274,1070999.2528926085,
2024-10-21,108.98008728027344,117.94609832763672,-35.14764610963354,1,-25.971993791566177,-41.00303506661915,1070031.1437617491,
2024-10-22,109.4601821899414,118.4275131225586,-35.3406621143248,1,-26.159206468090908,-40.93642599632458,1070033.783532257,
2024-10-23,109.4601821899414,117.46468353271484,-36.30349170416855,1,-25.94514907253467,-41.324759293954706,1068108.1243525695,
2024-10-24,109.4601821899414,117.46468353271484,-36.30349170416855,1,-26.40544847762364,-41.53983482814446,1068108.1243525695,
2024-10-25,109.4601821899414,117.46468353271484,-36.30349170416855,1,-27.089136908961212,-41.01603924287231,1068108.1243525695,
2024-10-28,108.5,117.94609832763672,-34.47322602769012,1,-26.877403828790406,-41.37217760612259,1070991.318322296,
2024-10-29,110.90044403076172,117.94609832763672,-37.845337155077004,1,-27.11565598406232,-40.48530567019653,1066190.4302607726,
2024-10-30,108.98008728027344,117.46468353271484,-35.629060904555416,1,-27.498353819155383,-41.388252138492874,1069068.3141719054,
2024-11-01,108.98008728027344,117.46468353271484,-35.629060904555416,1,-27.90514044680891,-40.27346360307241,1069068.3141719054,
2024-11-04,109.94026947021484,117.94609832763672,-36.49649699119013,1,-27.907519561577296,-40.335667783945546,1068110.7793818663,
2024-11-05,110.90044403076172,118.4275131225586,-37.36392236015513,1,-26.907152193660515,-41.27906368655811,1067153.2598506163,
2024-11-06,109.4601821899414,117.94609832763672,-35.822076909246675,1,-28.03878845705404,-41.64428029350526,1069070.9539424132,
2024-11-07,108.98008728027344,118.4275131225586,-34.666231314711666,1,-28.58750813116067,-40.69248422411327,1070993.973351593,
2024-11-08,108.5,118.4275131225586,-33.99181123276824,1,-28.67635432038473,-40.312766175170076,1071954.1479121398,
2024-11-11,109.94026947021484,118.4275131225586,-36.01508219626825,1,-28.717251585788897,-40.13387945697609,1069073.60897171,
2024-11-12,108.98008728027344,117.94609832763672,-35.14764610963354,1,-29.247027629314488,-40.244059435225765,1070031.1437617491,
2024-11-13,109.94026947021484,118.90892791748048,-35.533667401346364,1,-29.059650632113843,-40.19234948916525,1070036.4385615538,
2024-11-14,109.4601821899414,117.94609832763672,-35.822076909246675,1,-29.655718617761735,-39.948571661397764,1069070.9539424132,
2024-11-15,106.57965087890624,117.94609832763672,-31.775545699916307,0,-30.685472007685675,-39.22463336926462,1074763.0355345153,Close
2024-11-18,106.57965087890624,117.94609832763672,-31.775545699916307,0,-29.85431660908833,-39.27068092792611,1074763.0355345153,
2024-11-19,108.01991271972656,118.90892791748048,-32.8359763559029,0,-30.452325407623874,-38.88550384283424,1074763.0355345153,
2024-11-20,107.53982543945312,117.94609832763672,-33.12438586380321,0,-30.425628644837662,-38.92956628737991,1074763.0355345153,
2024-11-21,108.01991271972656,118.4275131225586,-33.31739115082479,0,-30.795880326205737,-38.71416925838814,1074763.0355345153,
2024-11-22,108.5,118.4275131225586,-33.99181123276824,0,-30.670729681902635,-38.75920249369974,1074763.0355345153,
2024-11-25,110.42035675048828,118.90892791748048,-36.20808748328979,0,-31.329788677870344,-38.433787149509754,1074763.0355345153,
2024-11-26,108.98008728027344,119.3903350830078,-33.70340935426246,0,-31.31075039936106,-38.63572740807584,1074763.0355345153,
2024-11-27,110.42035675048828,118.90892791748048,-36.20808748328979,0,-31.385875476011645,-38.42105497167096,1074763.0355345153,
2024-11-28,108.5,118.90892791748048,-33.51039643784635,0,-31.682944542847125,-38.4214869682383,1074763.0355345153,
2024-11-29,108.5,118.4275131225586,-33.99181123276824,0,-31.652200245862304,-38.30248725298421,1074763.0355345153,
2024-12-02,109.4601821899414,118.4275131225586,-35.3406621143248,0,-31.646343201655036,-38.300388930377416,1074763.0355345153,
2024-12-03,108.01991271972656,118.90892791748048,-32.8359763559029,0,-31.928189204765918,-38.246420004381235,1074763.0355345153,
2024-12-04,108.5,119.87174987792967,-32.54757447739716,0,-31.721191572152748,-38.246451962196545,1074763.0355345153,
2024-12-05,107.53982543945312,119.3903350830078,-31.680149108432133,0,-31.60800063085444,-38.27837768564121,1074763.0355345153,
2024-12-06,108.98008728027344,119.87174987792967,-33.22199455934059,0,-31.309000282479026,-38.29035237550759,1074763.0355345153,
2024-12-09,109.94026947021484,119.87174987792967,-34.57084544089717,0,-31.339418725482815,-38.222234462060555,1074763.0355345153,
2024-12-10,109.4601821899414,119.87174987792967,-33.89642535895372,0,-31.38544299705668,-38.23129115964925,1074763.0355345153,
2024-12-11,109.4601821899414,118.90892791748048,-34.85924731940291,0,-31.33371670343757,-38.15018440369275,1074763.0355345153,
2024-12-12,109.4601821899414,118.90892791748048,-34.85924731940291,0,-31.37024675170701,-38.19277277425472,1074763.0355345153,
2024-12-13,109.94026947021484,118.90892791748048,-35.533667401346364,0,-31.357650379048987,-38.137729366633174,1074763.0355345153,
2024-12-16,112.34070587158205,118.4275131225586,-39.38718260598549,1,-31.37302873767323,-38.12603044217742,1074693.8048057556,Long Spread
2024-12-17,111.38053131103516,118.90892791748048,-37.55692764717669,1,-31.19567255232759,-38.54419277854134,1077576.983516693,
2024-12-18,111.38053131103516,119.3903350830078,-37.07552048164938,1,-31.194095648434956,-38.53863413641801,1078539.7978477478,
2024-12-19,111.38053131103516,118.90892791748048,-37.55692764717669,1,-31.17813084993032,-38.58983141668525,1077576.983516693,
2024-12-20,108.5,118.4275131225586,-33.99181123276824,1,-31.197383230405553,-38.46714851234958,1082375.2165489197,
2024-12-23,110.90044403076172,119.87174987792967,-35.91968560478405,1,-31.194341282993392,-38.19919281054504,1080462.8019981384,
2024-12-24,109.94026947021484,118.90892791748048,-35.533667401346364,1,-31.236196913680622,-38.35911108185362,1080457.5071983337,
2024-12-25,110.90044403076172,119.3903350830078,-36.401100399705925,1,-31.226808787613813,-38.29377204610717,1079499.9724082947,
2024-12-26,109.94026947021484,119.3903350830078,-35.05226023581905,1,-31.23745961801255,-38.3916419810661,1081420.3215293884,
2024-12-27,109.94026947021484,119.87174987792967,-34.57084544089717,1,-31.2586087931314,-38.383897369249496,1082383.1511192322,
2024-12-30,108.98008728027344,119.3903350830078,-33.70340935426246,1,-31.246012515019654,-38.3715440848048,1083340.6859092712,
2024-12-31,108.98008728027344,118.90892791748048,-34.18481651978978,1,-31.430777029388484,-38.31979448229651,1082377.8715782166,
2025-01-02,108.01991271972656,118.4275131225586,-33.31739115082479,0,-31.51531445381623,-38.29250103030931,1083266.333212433,Close
2025-01-03,107.53982543945312,117.94609832763672,-33.12438586380321,0,-31.416110139226724,-38.28605431290472,1083266.333212433,
2025-01-06,108.5,118.90892791748048,-33.51039643784635,0,-31.334645829896925,-38.28488917258944,1083266.333212433,
2025-01-07,107.05973815917967,118.4275131225586,-31.968550986937885,0,-31.41033135483537,-38.294469093850786,1083266.333212433,
2025-01-08,106.57965087890624,118.90892791748048,-30.812716110072543,-1,-31.207081756572993,-38.33762739649306,1083197.313669281,Short Spread
2025-01-09,107.53982543945312,118.4275131225586,-32.64297106888134,-1,-30.996061396245505,-38.458031000354126,1086080.4923802186,
2025-01-10,106.57965087890624,118.4275131225586,-31.294130904994432,-1,-31.012656888037736,-38.447811756681624,1084160.1432591248,
2025-01-13,107.05973815917967,118.4275131225586,-31.968550986937885,-1,-30.671410505589876,-38.42794771577965,1085120.3178196717,
2025-01-14,108.01991271972656,118.90892791748048,-32.8359763559029,-1,-30.606628531332504,-38.46393929083156,1086077.8373509217,
2025-01-15,106.57965087890624,118.90892791748048,-30.812716110072543,-1,-30.592696856805492,-38.447169731002674,1083197.313669281,
2025-01-16,106.57965087890624,119.3903350830078,-30.331308944545228,-1,-30.219057160424754,-38.501405456717706,1082234.4993382264,
2025-01-17,107.53982543945312,119.3903350830078,-31.680149108432133,-1,-29.900502173361858,-38.470896801031046,1084154.8484593201,
2025-01-20,106.09955596923828,118.90892791748048,-30.138285310459437,-1,-29.93508000085049,-38.39611321219461,1082237.1238499451,
2025-01-21,106.57965087890624,118.90892791748048,-30.812716110072543,-1,-29.543259936190438,-38.41791011431944,1083197.313669281,
2025-01-22,105.61946868896484,119.87174987792967,-28.501043268066823,-1,-29.474050627552224,-38.53903318741647,1079351.3053684998,
2025-02-03,107.05973815917967,120.8345718383789,-29.561492271117572,-1,-28.734389515907637,-38.27443342445682,1080306.200388031,
2025-02-04,108.01991271972656,120.35316467285156,-31.39173960053182,-1,-28.618364824619,-38.46187501673595,1083189.3638401795,
2025-02-05,107.53982543945312,121.31598663330078,-29.75449755813915,-1,-28.83112889965583,-38.37537995433254,1080303.5453587342,
2025-02-06,108.01991271972656,121.31598663330078,-30.428917640082602,-1,-28.415990601456738,-38.24497297554312,1081263.719919281,
2025-02-07,107.53982543945312,121.31598663330078,-29.75449755813915,-1,-28.484071778913687,-37.9760573796807,1080303.5453587342,
2025-02-10,107.05973815917967,120.8345718383789,-29.561492271117572,-1,-28.157217524387285,-38.10506927756165,1080306.200388031,
2025-02-11,106.57965087890624,120.8345718383789,-28.88707218917412,-1,-27.91912077077977,-38.22478875112063,1079346.0258274842,
2025-02-12,108.01991271972656,121.31598663330078,-30.428917640082602,-1,-27.530473736807814,-38.35499196780493,1081263.719919281,
2025-02-13,107.53982543945312,120.8345718383789,-30.235912353061025,-1,-27.717091783621143,-37.984124005122595,1081266.374948578,
2025-02-14,108.01991271972656,120.8345718383789,-30.910332435004477,-1,-27.564960793988575,-38.02866434620016,1082226.5495091248,
2025-02-17,107.53982543945312,121.31598663330078,-29.75449755813915,-1,-27.61274434283191,-37.892556347497596,1080303.5453587342,
2025-02-18,108.01991271972656,121.79740142822266,-29.947502845160727,-1,-27.325952383558736,-37.75520571129089,1080300.8903294373,
2025-02-19,107.53982543945312,121.79740142822266,-29.273082763217275,-1,-27.411726168609263,-38.14304112457337,1079340.7157688905,
2025-02-20,107.53982543945312,121.79740142822266,-29.273082763217275,-1,-27.120075711948342,-38.20044459080303,1079340.7157688905,
2025-02-21,108.98008728027344,122.27881622314452,-30.814928214125743,-1,-26.81560249526901,-38.141296831233355,1081258.4098606873,
2025-02-24,108.98008728027344,122.27881622314452,-30.814928214125743,-1,-27.06954367965311,-38.09536307466078,1081258.4098606873,
2025-02-25,108.98008728027344,121.79740142822266,-31.296343009047604,-1,-26.987859944537558,-38.052357643038874,1082221.239450531,
2025-02-26,108.98008728027344,122.76022338867188,-30.333521048598385,-1,-26.980433432547407,-37.94113571192603,1080295.5955296326,
2025-02-27,109.94026947021484,123.24163818359376,-31.200957135233082,-1,-26.791399096948496,-37.38100646766124,1081253.1303196717,
2025-03-03,111.8606185913086,123.72305297851562,-33.417222668085,-1,-26.87936085133925,-37.75606593062451,1084130.9989720155,
2025-03-04,110.42035675048828,122.27881622314452,-32.838199177625754,-1,-27.164019912811796,-37.38218145626752,1084138.948801117,
2025-03-05,110.42035675048828,122.76022338867188,-32.356792012098396,-1,-27.12944080803377,-37.74633377012179,1083176.1344700623,
2025-03-06,111.8606185913086,123.24163818359376,-33.898637463006864,-1,-27.04915186603065,-37.579541242124286,1085093.8285618592,
2025-03-07,112.34070587158205,123.24163818359376,-34.573057544950316,0,-27.17315220363802,-37.46170671724419,1085984.579828644,Close
2025-03-10,111.8606185913086,123.24163818359376,-33.898637463006864,0,-27.286598523510996,-38.07294928866447,1085984.579828644,
2025-03-11,111.8606185913086,122.76022338867188,-34.38005225792875,0,-27.301958214249588,-38.01057613040114,1085984.579828644,
2025-03-12,112.34070587158205,123.24163818359376,-34.573057544950316,0,-27.466285960037876,-38.24948465748818,1085984.579828644,
2025-03-13,112.34070587158205,123.72305297851562,-34.091642750028456,0,-27.2938214992055,-38.17775491862252,1085984.579828644,
2025-03-14,112.34070587158205,123.72305297851562,-34.091642750028456,0,-27.207031011299918,-37.81834426044058,1085984.579828644,
2025-03-17,111.38053131103516,123.24163818359376,-33.22421738106341,0,-27.232045389901266,-37.95561241003377,1085984.579828644,
2025-03-18,112.34070587158205,124.20446014404295,-33.610235584501126,0,-27.158551063786984,-37.565728889993295,1085984.579828644,
2025-03-19,111.8606185913086,123.72305297851562,-33.417222668085,0,-27.198687861229548,-37.571532545143185,1085984.579828644,
2025-03-20,112.82080078125,124.20446014404295,-34.28466638411423,0,-27.226864426963104,-37.30693404557532,1085984.579828644,
2025-03-21,113.78097534179688,125.16728973388672,-34.670676958157344,0,-27.955465005611995,-36.03168983743416,1085984.579828644,
2025-03-24,113.78097534179688,124.20446014404295,-35.63350654800111,0,-27.852991467287495,-36.328812929134884,1085984.579828644,
2025-03-25,112.34070587158205,124.20446014404295,-33.610235584501126,0,-27.847815136423,-36.5367460002469,1085984.579828644,
2025-03-26,113.30088806152344,124.20446014404295,-34.959086466057656,0,-28.06275151888567,-35.90084141997451,1085984.579828644,
2025-03-27,113.30088806152344,125.16728973388672,-33.99625687621389,0,-27.858903995261286,-36.90965828455576,1085984.579828644,
2025-03-28,112.82080078125,125.16728973388672,-33.32183679427047,0,-27.99094171879927,-36.13365191470951,1085984.579828644,
2025-03-31,111.8606185913086,123.72305297851562,-33.417222668085,0,-28.002774074670484,-36.01091692256732,1085984.579828644,
2025-04-01,111.38053131103516,125.16728973388672,-31.298565830770457,0,-28.186102606962898,-35.656720588131456,1085984.579828644,
2025-04-02,111.38053131103516,125.16728973388672,-31.298565830770457,0,-27.96322661547157,-35.63168437568321,1085984.579828644,
2025-04-07,108.5,119.3903350830078,-33.02898927231904,0,-27.95775385492823,-35.605370917366805,1085984.579828644,
2025-04-08,108.5,122.27881622314452,-30.14050813218232,0,-28.084973130971214,-35.860291236495016,1085984.579828644,
2025-04-09,110.42035675048828,121.31598663330078,-33.80102876746949,0,-27.797378915999957,-35.56929475706385,1085984.579828644,
2025-04-10,114.26106262207033,122.27881622314452,-38.23357055084303,1,-28.043260534786626,-35.94076432477586,1085915.11823349,Long Spread
2025-04-11,112.34070587158205,123.72305297851562,-34.091642750028456,1,-27.515588080135327,-37.3570243017695,1092644.3052452088,
2025-04-14,110.42035675048828,122.76022338867188,-32.356792012098396,1,-27.764650986736516,-36.41082782948792,1094559.3443077088,
2025-04-15,109.94026947021484,124.20446014404295,-30.238135174783892,0,-27.781829776043473,-36.388255440464384,1098338.6265898133,Close
2025-04-16,113.30088806152344,123.72305297851562,-35.440493631584985,0,-27.695279398322114,-36.36789487525404,1098338.6265898133,
2025-04-17,109.94026947021484,123.24163818359376,-31.200957135233082,0,-27.706686766506838,-36.72323378266181,1098338.6265898133,
2025-04-18,108.98008728027344,123.24163818359376,-29.852106253676496,0,-27.681250052636656,-36.5193844122652,1098338.6265898133,
2025-04-21,108.98008728027344,122.27881622314452,-30.814928214125743,0,-27.500059499388904,-36.49244039461823,1098338.6265898133,
2025-04-22,108.5,123.24163818359376,-29.17768617173307,0,-27.489786722740313,-36.441714715460904,1098338.6265898133,
2025-04-23,109.94026947021484,122.76022338867188,-31.68237193015497,0,-27.371394961331692,-36.52273799927397,1098338.6265898133,
2025-04-24,109.4601821899414,122.27881622314452,-31.489359013738877,0,-27.58672602091245,-36.557866193006234,1098338.6265898133,
2025-04-25,108.5,121.79740142822266,-30.62192292710418,0,-27.512621155311102,-36.52504397495914,1098338.6265898133,
2025-04-28,108.01991271972656,123.24163818359376,-28.50326608978962,0,-27.56911830052784,-36.529804170196876,1098338.6265898133,
2025-04-29,108.5,124.20446014404295,-28.21486421128388,0,-27.249581845947258,-36.574907426228364,1098338.6265898133,
2025-04-30,108.98008728027344,124.68587493896484,-28.407869498305416,0,-27.360889830597813,-36.59695656596649,1098338.6265898133,
2025-05-02,108.98008728027344,123.72305297851562,-29.370691458754635,0,-27.20975081190054,-36.64013684932181,1098338.6265898133,
2025-05-05,109.94026947021484,124.68587493896484,-29.756720379862003,0,-27.086339478189842,-36.61905895640846,1098338.6265898133,
2025-05-06,110.42035675048828,125.16728973388672,-29.949725666883552,0,-27.222003231072744,-36.649403407116154,1098338.6265898133,
2025-05-07,110.90044403076172,126.13011169433594,-29.661323788377786,0,-27.165833120174067,-36.64920228376373,1098338.6265898133,
2025-05-08,108.98008728027344,124.68587493896484,-28.407869498305416,0,-27.18751491944313,-36.65653541955378,1098338.6265898133,
2025-05-09,108.98008728027344,126.13011169433594,-26.963632742934323,-1,-27.010498054064772,-36.70170598990819,1098269.2221818543,Short Spread
2025-05-12,109.94026947021484,126.13011169433594,-28.31248362449091,-1,-26.72913067389361,-36.83459676026513,1100189.5865617371,
2025-05-13,108.98008728027344,125.16728973388672,-27.92645470338354,-1,-26.639653116915817,-36.827241906934496,1100194.8661027527,
2025-05-14,108.5,124.68587493896484,-27.733449416361992,-1,-26.45915548531498,-36.895836427234045,1100197.5211320496,
2025-05-15,109.94026947021484,126.13011169433594,-28.31248362449091,-1,-26.187719935672114,-36.940696957825885,1100189.5865617371,
2025-05-16,109.4601821899414,126.13011169433594,-27.638063542547457,-1,-26.287696675849574,-36.98887481663416,1099229.4120011902,
2025-05-19,109.4601821899414,126.13011169433594,-27.638063542547457,-1,-26.021353390004393,-37.05842456747648,1099229.4120011902,
2025-05-20,110.42035675048828,126.6115264892578,-28.505488911512472,-1,-25.987391520083012,-37.11415979399962,1100186.9315324402,
2025-05-21,110.90044403076172,127.57434844970705,-28.217087033006678,-1,-26.073431875675162,-37.11315070890319,1099221.4621720887,
2025-05-22,111.8606185913086,128.05577087402344,-29.08450477257719,-1,-25.73905953920884,-37.10503141511404,1100178.9664445496,
2025-05-23,112.34070587158205,128.05577087402344,-29.758924854520643,-1,-25.795589455603483,-37.10944942551446,1101139.1410050965,
2025-05-26,112.34070587158205,128.05577087402344,-29.758924854520643,-1,-25.7908494836006,-37.088329997612995,1101139.1410050965,
2025-05-27,111.38053131103516,126.6115264892578,-29.854329075399377,-1,-25.849799694631596,-37.13670651844896,1102107.280653534,
2025-05-28,111.38053131103516,127.09294128417967,-29.372914280477502,-1,-25.74333705157023,-37.09155972727589,1101144.4510636902,
2025-05-29,109.4601821899414,124.68587493896484,-29.08230029791855,-1,-25.503817866148346,-36.81167724837753,1102117.8855119324,
2025-06-02,108.98008728027344,126.6115264892578,-26.48221794801246,-1,-25.394912781977787,-36.820228758179525,1097306.3925920106,
2025-06-03,108.01991271972656,125.16728973388672,-26.577614539496665,-1,-24.669677471227583,-36.940355805173624,1098274.516981659,
2025-06-04,108.01991271972656,124.68587493896484,-27.05902933441854,-1,-24.43338158455092,-36.67321069288231,1099237.3465715027,
2025-06-05,109.4601821899414,125.16728973388672,-28.600885502996675,-1,-24.433624192659984,-36.43365058878095,1101155.0559220887,
2025-06-06,109.94026947021484,125.16728973388672,-29.275305584940128,-1,-24.65444568906804,-36.43004153125642,1102115.2304826356,
2025-06-09,109.94026947021484,127.57434844970705,-26.8682468691198,-1,-24.748394038028227,-36.23435918651419,1097301.113050995,
2025-06-10,110.90044403076172,128.05577087402344,-27.735664608690286,-1,-24.292070620330005,-36.05238891583294,1098258.6173234559,
2025-06-11,111.38053131103516,128.05577087402344,-28.410084690633738,-1,-24.366131290129523,-35.983583137390745,1099218.7918840027,
2025-06-12,110.90044403076172,129.01858520507812,-26.772850277635598,-1,-24.438873098078282,-35.84588635465407,1096332.9886613465,
2025-06-13,111.38053131103516,129.98141479492188,-26.4844407697353,-1,-24.047593090978147,-35.86196892386093,1095367.5040422059,
2025-06-16,112.34070587158205,130.94424438476562,-26.870451343778456,-1,-23.86912595293051,-35.69864323011624,1095362.1939836121,
2025-06-17,111.8606185913086,131.4256591796875,-25.714616466913128,-1,-23.83560721646908,-35.602956265722035,1093439.1898332215,
2025-06-18,113.78097534179688,131.9070587158203,-27.93090797622375,-1,-23.52659979527004,-35.332253236702414,1096317.1042619324,
2025-06-19,112.82080078125,131.4256591796875,-27.063467348469686,-1,-23.942383382910954,-35.08753657359952,1095359.5542131043,
2025-06-20,112.82080078125,131.4256591796875,-27.063467348469686,-1,-23.978735900818045,-34.64134454170031,1095359.5542131043,
2025-06-23,111.8606185913086,131.4256591796875,-25.714616466913128,-1,-23.84422187403862,-34.72605411142059,1093439.1898332215,
2025-06-24,108.01991271972656,130.46282958984375,-21.282074683539633,-1,-23.720096291554405,-34.29411431985275,1087683.437269745,
2025-06-25,111.38053131103516,131.9070587158203,-24.558796848836863,-1,-22.124571197771623,-34.668791296490845,1091516.216200409,
2025-06-26,109.4601821899414,131.9070587158203,-21.86111652106308,-1,-22.839829100259582,-34.47080858783682,1087675.5179582215,
2025-06-27,111.38053131103516,131.4256591796875,-25.040196384969676,-1,-21.864670233248354,-34.52654552912854,1092479.0152726746,
2025-06-30,110.42035675048828,129.98141479492188,-25.135600605848396,-1,-22.343339805945106,-34.603185533727284,1093447.1549211121,
2025-07-01,109.94026947021484,129.98141479492188,-24.46118052390497,-1,-22.213795921852963,-34.52594613236018,1092486.9803605652,
2025-07-02,109.94026947021484,129.5,-24.942595318826847,-1,-22.02541099661677,-34.15558557447329,1093449.809950409,
2025-07-03,111.38053131103516,131.0,-25.465855564657176,-1,-21.903752682573945,-34.41688943756483,1093330.3336320496,
2025-07-04,111.8606185913086,130.5,-26.640275646600628,-1,-22.045232130551934,-33.66534024527245,1095290.5081925965,
2025-07-07,108.5,130.0,-22.419324355326836,-1,-23.099976407236888,-32.26429450482997,1089569.2710099793,
2025-07-08,108.5,129.0,-23.419324355326836,-1,-22.075180349211358,-32.61912573273336,1091569.2710099793,
2025-07-09,106.5,128.0,-21.609751556150286,-1,-22.01136341766449,-32.64382007945881,1089569.2710099793,
2025-07-10,107.0,130.0,-20.312144755944416,-1,-21.1199958738261,-32.99325218228389,1086569.2710099793,
2025-07-11,107.0,130.5,-19.812144755944416,-1,-21.022910405757774,-31.68743800225727,1085569.2710099793,
2025-07-14,108.0,130.5,-21.216931155532706,-1,-18.994758015634694,-32.40570203937981,1087569.2710099793,
2025-07-15,107.0,129.5,-20.812144755944416,-1,-19.44398079419969,-32.52795180419829,1087569.2710099793,
2025-07-16,106.5,130.5,-19.109751556150286,-1,-18.986818671886375,-32.20867371501353,1084569.2710099793,
2025-07-17,106.5,130.5,-19.109751556150286,-1,-16.633563716685256,-32.78094383768382,1084569.2710099793,
2025-07-18,106.0,129.0,-19.907358356356156,-1,-16.722436914803872,-31.708220797828226,1086569.2710099793,
2025-07-21,106.5,129.0,-20.609751556150286,-1,-17.277992192794756,-31.561741390236314,1087569.2710099793,
2025-07-22,106.0,130.5,-18.407358356356156,-1,-17.434512955116524,-31.628991802443295,1083569.2710099793,
2025-07-23,107.0,130.0,-20.312144755944416,-1,-14.199340345238198,-32.30069448392041,1086569.2710099793,
2025-07-24,107.0,129.5,-20.812144755944416,-1,-16.287855495317473,-32.24326578962222,1087569.2710099793,
2025-07-25,105.5,129.0,-19.204965156562025,-1,-16.454868823960226,-32.07712856166491,1085569.2710099793,
2025-07-28,106.0,129.5,-19.407358356356156,-1,-15.075702222840142,-31.645980477718233,1085569.2710099793,
2025-07-29,106.0,129.0,-19.907358356356156,-1,-15.179616451354285,-31.333168211964562,1086569.2710099793,
2025-07-30,107.5,129.5,-21.514537955738547,-1,-15.521921014558949,-31.08894573490315,1088569.2710099793,
2025-07-31,105.5,129.0,-19.204965156562025,-1,-16.35165372942825,-31.096648505057182,1085569.2710099793,
2025-08-01,105.5,129.0,-19.204965156562025,-1,-14.763888679554611,-31.309426004078198,1085569.2710099793,
2025-08-04,107.0,131.0,-19.312144755944416,-1,-14.398039109546174,-31.65531687259749,1084569.2710099793,
2025-08-05,106.5,132.0,-17.609751556150286,-1,-14.351690747415855,-31.040936377517998,1081569.2710099793,
2025-08-06,107.0,132.5,-17.812144755944416,-1,-12.443894551378543,-31.023390599429433,1081569.2710099793,
2025-08-07,106.5,132.5,-17.109751556150286,-1,-12.42530825131687,-30.947379750957907,1080569.2710099793,
2025-08-08,107.5,134.0,-17.014537955738547,-1,-11.481671126401586,-30.49336030462215,1079569.2710099793,
2025-08-11,106.5,134.5,-15.109751556150286,-1,-10.940620741285022,-30.570968600218364,1076569.2710099793,
2025-08-12,107.0,135.0,-15.312144755944416,-1,-7.0416508052295335,-30.14256332431947,1076569.2710099793,
2025-08-13,106.5,134.5,-15.109751556150286,-1,-7.979164751688769,-29.55626579623712,1076569.2710099793,
2025-08-14,106.0,134.5,-14.407358356356156,-1,-7.297884286695405,-29.383929386668648,1075569.2710099793,
2025-08-15,107.0,135.0,-15.312144755944416,-1,-6.404743831748762,-28.50031527624325,1076569.2710099793,
2025-08-18,108.5,137.0,-15.419324355326836,-1,-8.831154974222882,-28.300564376009525,1075569.2710099793,
2025-08-19,108.0,138.0,-13.716931155532706,-1,-9.15998103362412,-28.051469361036624,1072569.2710099793,
2025-08-20,108.0,136.5,-15.216931155532706,-1,-7.043520748405522,-27.365947832275687,1075569.2710099793,
2025-08-21,108.5,137.5,-14.919324355326836,-1,-9.084019051743422,-27.70715965366571,1074569.2710099793,
2025-08-22,108.0,136.0,-15.716931155532706,-1,-8.786527637415094,-27.472152362482444,1076569.2710099793,
2025-08-25,107.0,135.5,-14.812144755944416,-1,-8.412549693391789,-28.259147111057835,1075569.2710099793,
2025-08-26,106.5,133.5,-16.109751556150286,-1,-7.367487625826044,-27.84995025949531,1078569.2710099793,
2025-08-27,106.0,134.0,-14.907358356356156,-1,-8.98415386185868,-27.67132365943491,1076569.2710099793,
2025-08-28,106.0,133.0,-15.907358356356156,-1,-8.720666556337834,-26.57209508725324,1078569.2710099793,
2025-08-29,106.5,132.5,-17.109751556150286,-1,-9.989078015250621,-26.197464676983174,1080569.2710099793,
2025-09-01,106.5,134.0,-15.609751556150286,-1,-9.984568232903298,-26.870251337312837,1077569.2710099793,
2025-09-02,107.0,135.0,-15.312144755944416,-1,-9.578808975435896,-26.094197721465555,1076569.2710099793,
2025-09-03,106.5,134.0,-15.609751556150286,-1,-9.88034272251647,-25.504011913185654,1077569.2710099793,
2025-09-04,106.5,135.0,-14.609751556150286,-1,-9.636867652432061,-25.759340793684032,1075569.2710099793,
2025-09-05,106.0,134.5,-14.407358356356156,-1,-9.061548170675906,-25.489154018415604,1075569.2710099793,
2025-09-08,107.0,134.5,-15.812144755944416,-1,-9.218879842702075,-25.040619009331735,1077569.2710099793,
2025-09-09,107.5,135.5,-15.514537955738547,-1,-9.759850449705265,-25.330655665770035,1076569.2710099793,
2025-09-10,107.0,135.5,-14.812144755944416,-1,-10.489699266290057,-24.153560558595142,1075569.2710099793,
2025-09-11,106.5,134.5,-15.109751556150286,-1,-10.207337971348817,-24.009310232380745,1076569.2710099793,
2025-09-12,107.5,135.5,-15.514537955738547,-1,-10.58360863593564,-23.693843613389106,1076569.2710099793,
2025-09-15,107.0,135.0,-15.312144755944416,-1,-10.572565884789142,-23.781067970062637,1076569.2710099793,
2025-09-16,106.5,134.0,-15.609751556150286,-1,-9.64453279106816,-24.742190521803685,1077569.2710099793,
2025-09-17,106.0,134.5,-14.407358356356156,-1,-10.295197561248756,-23.206565678604107,1075569.2710099793,
2025-09-18,106.5,134.0,-15.609751556150286,-1,-8.980015070754527,-23.745125303109504,1077569.2710099793,
2025-09-19,105.5,134.0,-14.204965156562025,-1,-10.54164484162743,-22.27281532893329,1075569.2710099793,
2025-09-22,106.0,133.5,-15.407358356356156,-1,-10.250145268076501,-21.847673260186937,1077569.2710099793,
2025-09-23,106.0,133.5,-15.407358356356156,-1,-10.734875454176922,-21.94392291555767,1077569.2710099793,
2025-09-24,106.5,134.5,-15.109751556150286,-1,-11.129412617769873,-21.497131481536428,1076569.2710099793,
2025-09-25,106.0,133.5,-15.407358356356156,-1,-11.52270161471687,-20.987158163432454,1077569.2710099793,
2025-09-26,107.0,134.5,-15.812144755944416,-1,-12.339928839010332,-20.275202589375397,1077569.2710099793,
2025-09-30,109.0,133.5,-19.621717555120966,0,-11.759443600208309,-20.74985184787765,1083499.5710099794,Close
2025-10-01,108.5,134.5,-17.919324355326836,0,-12.394161291743202,-20.931987158775684,1083499.5710099794,
2025-10-02,108.5,133.0,-19.419324355326836,0,-12.24778313544848,-20.95105412876037,1083499.5710099794,
2025-10-03,109.0,133.0,-20.121717555120966,0,-12.208664845370137,-21.44498584713991,1083499.5710099794,
2025-10-07,110.0,133.0,-21.526503954709227,0,-12.156026319754563,-21.75399978318701,1083499.5710099794,
2025-10-08,110.5,133.5,-21.728897154503358,0,-12.1173791735416,-21.804529524802156,1083499.5710099794,
2025-10-09,110.5,133.0,-22.228897154503358,1,-12.002928801824627,-22.10403018881654,1083429.8310099794,Long Spread
2025-10-13,110.5,132.5,-22.728897154503358,1,-11.70340008246631,-23.363278956964415,1082429.8310099794,
2025-10-14,110.5,132.5,-22.728897154503358,1,-11.451831669980201,-24.164372222822294,1082429.8310099794,
2025-10-15,109.0,131.5,-21.621717555120966,1,-11.338011015372768,-24.055450601433837,1083429.8310099794,
2025-10-16,110.0,132.0,-22.526503954709227,1,-11.553938461500518,-23.026959964763183,1082429.8310099794,
2025-10-17,111.5,133.0,-23.63368355409162,1,-11.337884566545261,-25.249374485492403,1081429.8310099794,
2025-10-20,111.5,133.0,-23.63368355409162,1,-10.716652459460237,-26.033669966119447,1081429.8310099794,
2025-10-21,111.0,133.0,-22.931290354297488,1,-10.638704626942266,-25.847171580960932,1082429.8310099794,
2025-10-22,112.0,133.5,-23.83607675388575,1,-10.85080522806859,-26.682942889143703,1081429.8310099794,
2025-10-23,112.5,134.0,-24.03846995367988,1,-10.46413833623113,-29.002151404623298,1081429.8310099794,
2025-10-27,111.0,132.0,-23.931290354297488,1,-10.222206364199115,-29.401091411346997,1080429.8310099794,
2025-10-28,111.5,132.0,-24.63368355409162,1,-10.126139003614357,-27.15630486364642,1079429.8310099794,
2025-10-29,111.0,132.0,-23.931290354297488,1,-11.083641091234151,-39.59209346007938,1080429.8310099794,
2025-10-30,110.0,131.5,-23.026503954709227,1,-10.579050985060094,-32.97564441940869,1081429.8310099794,
2025-10-31,109.5,131.0,-22.824110754915097,1,-10.528420854954188,-29.50960617417798,1081429.8310099794,
2025-11-03,110.5,131.5,-23.728897154503358,1,-11.612605768243492,-31.16040791433852,1080429.8310099794,
2025-11-04,110.5,131.0,-24.228897154503358,1,-11.975531965453044,-34.84342579862442,1079429.8310099794,
2025-11-05,109.5,132.0,-21.824110754915097,0,-13.579883502076584,-39.05224836769686,1083360.1710099794,Close
2025-11-06,110.0,131.5,-23.026503954709227,0,-11.72745309054223,-29.33909569998634,1083360.1710099794,
2025-11-07,111.0,132.5,-23.431290354297488,0,-13.563334054491307,-31.537165257172745,1083360.1710099794,
2025-11-10,110.5,133.0,-22.228897154503358,0,-13.809294567422192,-32.50968158057782,1083360.1710099794,
2025-11-11,110.0,132.0,-22.526503954709227,0,-13.424327066491575,-29.9870154010563,1083360.1710099794,
2025-11-12,111.0,132.0,-23.931290354297488,0,-14.081197190485096,-30.01937186796408,1083360.1710099794,
2025-11-13,108.5,131.5,-20.919324355326836,0,-14.339528400436256,-32.81870082665593,1083360.1710099794,
2025-11-14,108.5,131.5,-20.919324355326836,0,-12.996521235979436,-28.557975399747228,1083360.1710099794,
2025-11-17,108.0,132.0,-19.716931155532706,0,-14.088369990166356,-28.12166654022991,1083360.1710099794,
2025-11-18,107.0,131.0,-19.312144755944416,0,-13.224584984686963,-27.82706110695768,1083360.1710099794,
2025-11-19,106.5,130.5,-19.109751556150286,0,-13.394790668747145,-27.579625647862276,1083360.1710099794,
2025-11-20,108.0,132.0,-19.716931155532706,0,-13.054206305666732,-27.55868759204813,1083360.1710099794,
2025-11-21,107.0,131.5,-18.812144755944416,0,-13.840494089670127,-27.5715858091196,1083360.1710099794,
2025-11-24,108.0,132.0,-19.716931155532706,0,-13.037498557682106,-27.40893576548202,1083360.1710099794,
2025-11-25,107.5,131.0,-20.014537955738547,0,-14.070667364487402,-27.46694638069101,1083360.1710099794,
2025-11-26,109.0,131.0,-22.121717555120966,0,-13.820853599698562,-27.655121472588082,1083360.1710099794,
2025-11-27,108.5,131.0,-21.419324355326836,0,-13.77015818935122,-28.777552573057356,1083360.1710099794,
2025-11-28,108.0,130.5,-21.216931155532706,0,-14.516644694752639,-28.174655442615016,1083360.1710099794,
2025-12-01,107.0,130.0,-20.312144755944416,0,-14.771074533968807,-27.939528648775863,1083360.1710099794,
2025-12-02,106.5,130.0,-19.609751556150286,0,-14.571633932747883,-27.584529593222424,1083360.1710099794,
2025-12-03,106.0,130.0,-18.907358356356156,0,-15.030456772585623,-27.112243645070222,1083360.1710099794,
2025-12-04,105.5,129.5,-18.704965156562025,0,-15.11796882734474,-26.824584443931407,1083360.1710099794,
2025-12-05,105.0,130.0,-17.502571956767895,0,-14.609972345725438,-26.951737597774745,1083360.1710099794,
2025-12-08,105.0,129.5,-18.002571956767895,0,-14.424561118884899,-26.773499147026424,1083360.1710099794,
2025-12-09,104.5,130.0,-16.800178756973764,0,-15.07547914940691,-26.57960284758,1083360.1710099794,
2025-12-10,104.5,129.5,-17.300178756973764,0,-14.607059982901742,-26.561629262186504,1083360.1710099794,
2025-12-11,106.0,130.0,-18.907358356356156,0,-14.701987681662118,-26.55111455510776,1083360.1710099794,
2025-12-12,105.5,130.5,-17.704965156562025,0,-15.380774707070554,-26.494209756092854,1083360.1710099794,
2025-12-15,105.0,130.5,-17.002571956767895,0,-15.043943276000231,-26.4114727894405,1083360.1710099794,
2025-12-16,105.0,130.5,-17.002571956767895,0,-15.49401292089024,-26.115320582738242,1083360.1710099794,
2025-12-17,104.5,129.5,-17.300178756973764,0,-15.097788431241565,-26.245930976980144,1083360.1710099794,
2025-12-18,104.5,130.0,-16.800178756973764,0,-15.970848945438071,-25.851742351203114,1083360.1710099794,
2025-12-19,106.0,131.0,-17.907358356356156,0,-15.452498370704987,-26.01110335837984,1083360.1710099794,
2025-12-22,107.0,130.5,-19.812144755944416,0,-15.91779363797724,-25.878472659698033,1083360.1710099794,
2025-12-23,106.5,130.5,-19.109751556150286,0,-16.546602433427555,-25.769086466867872,1083360.1710099794,
2025-12-24,108.5,130.5,-21.919324355326836,0,-16.549356473381085,-25.629396577536657,1083360.1710099794,
2025-12-26,111.5,131.5,-25.13368355409162,0,-16.88222708878631,-25.842452821735662,1083360.1710099794,
2025-12-29,109.5,132.0,-21.824110754915097,0,-16.13295483262,-27.39936135822392,1083360.1710099794,
2025-12-30,110.5,131.0,-24.228897154503358,0,-16.51674021353128,-26.19870552705123,1083360.1710099794,
2025-12-31,108.5,130.5,-21.919324355326836,0,-16.327589274276026,-26.883054327113694,1083360.1710099794,
2026-01-02,108.0,132.0,-19.716931155532706,0,-16.17243951222837,-26.33332837544214,1083360.1710099794,
2026-01-05,107.0,133.0,-17.312144755944416,0,-15.730719100209777,-25.986218361356308,1083360.1710099794,
2026-01-06,107.0,132.5,-17.812144755944416,0,-15.00589521969864,-25.964434036298794,1083360.1710099794,
2026-01-07,107.0,133.0,-17.312144755944416,0,-14.994236456160866,-25.844431868097768,1083360.1710099794,
2026-01-08,107.0,133.5,-16.812144755944416,0,-14.681767772403244,-25.713441197321007,1083360.1710099794,
2026-01-09,107.5,133.5,-17.514537955738547,0,-14.332665272496033,-25.670584172742824,1083360.1710099794,
2026-01-12,107.5,133.5,-17.514537955738547,0,-14.464845031845982,-25.815930993839643,1083360.1710099794,
2026-01-13,107.0,133.5,-16.812144755944416,0,-14.309567535791436,-25.588159648982916,1083360.1710099794,
2026-01-14,107.5,133.0,-18.014537955738547,0,-13.997207098081361,-25.23191729237127,1083360.1710099794,
2026-01-15,108.0,133.5,-18.216931155532706,0,-14.335075728509917,-25.124320305872995,1083360.1710099794,
2026-01-16,108.0,133.0,-18.716931155532706,0,-14.315673818244028,-25.163773749921972,1083360.1710099794,
2026-01-19,108.5,134.0,-18.419324355326836,0,-14.472661773736109,-24.84119808924971,1083360.1710099794,
2026-01-20,107.5,133.0,-18.014537955738547,0,-14.468519592827263,-24.609572268685007,1083360.1710099794,
2026-01-21,107.5,133.0,-18.014537955738547,0,-14.412346333531683,-24.44033211783543,1083360.1710099794,
2026-01-22,107.5,133.0,-18.014537955738547,0,-14.552770560197372,-24.070539632478678,1083360.1710099794,
2026-01-23,107.5,134.0,-17.014537955738547,0,-14.537834381752939,-24.01260020162131,1083360.1710099794,
2026-01-26,107.5,134.0,-17.014537955738547,0,-14.256775294898281,-24.0162196814723,1083360.1710099794,
2026-01-27,106.5,133.0,-16.609751556150286,0,-14.207797043981236,-23.915918135264846,1083360.1710099794,
2026-01-28,106.0,133.5,-15.407358356356156,0,-14.193465873158566,-23.548437148746842,1083360.1710099794,
2026-01-29,105.5,133.5,-14.704965156562025,0,-13.96485715454233,-23.24801368755508,1083360.1710099794,
2026-01-30,105.5,133.5,-14.704965156562025,0,-13.23041609681535,-23.614753977357207,1083360.1710099794,
2026-02-02,105.0,133.0,-14.502571956767895,0,-13.203419200383204,-23.204969282971952,1083360.1710099794,
2026-02-03,105.0,133.5,-14.002571956767895,0,-13.111800854248301,-22.934027461131407,1083360.1710099794,
2026-02-04,104.5,133.0,-13.800178756973764,0,-12.534182144888575,-23.08036510116147,1083360.1710099794,
2026-02-05,105.0,132.5,-15.002571956767895,0,-12.31800598649825,-22.874329580393535,1083360.1710099794,
2026-02-06,105.5,133.0,-15.204965156562025,0,-13.049249640037456,-22.286356382186963,1083360.1710099794,
2026-02-09,105.0,132.0,-15.502571956767895,0,-12.611713160156206,-22.736660989886943,1083360.1710099794,
2026-02-10,105.5,132.5,-15.704965156562025,0,-12.636247745897622,-22.63319763441207,1083360.1710099794,
2026-02-11,106.5,133.0,-16.609751556150286,0,-12.583258052408159,-22.806889746999676,1083360.1710099794,
2026-02-23,107.5,135.0,-16.014537955738547,0,-12.777016897497381,-22.862559521990555,1083360.1710099794,
2026-02-24,108.0,135.5,-16.216931155532706,0,-12.581561852863036,-22.83824123294482,1083360.1710099794,
2026-02-25,108.5,136.0,-16.419324355326836,0,-12.549202284132921,-22.673338457256495,1083360.1710099794,
2026-02-26,107.5,134.0,-17.014537955738547,0,-12.583348888908983,-22.800876393761815,1083360.1710099794,
2026-03-02,108.5,138.0,-14.419324355326836,0,-12.63260723595689,-22.612847364127887,1083360.1710099794,
2026-03-03,108.5,138.0,-14.419324355326836,0,-11.877607659442884,-22.456508939550123,1083360.1710099794,
2026-03-04,108.0,135.5,-16.216931155532706,0,-12.01433166777198,-21.74702667638206,1083360.1710099794,
2026-03-05,107.5,137.0,-14.014537955738547,0,-12.426567944426482,-21.824559098280588,1083360.1710099794,
2026-03-06,108.0,136.5,-15.216931155532706,0,-11.858409790891905,-21.71120089372392,1083360.1710099794,
2026-03-09,107.5,136.0,-15.014537955738547,0,-12.076118074766972,-21.78422135579116,1083360.1710099794,
2026-03-10,106.5,135.0,-14.609751556150286,0,-11.946879227047333,-21.81707813729809,1083360.1710099794,
2026-03-11,106.0,135.5,-13.407358356356156,0,-11.74941325966526,-21.875575283087343,1083360.1710099794,
2026-03-12,106.0,136.0,-12.907358356356156,0,-11.204776782285712,-21.907304814623387,1083360.1710099794,
2026-03-13,106.5,136.0,-13.609751556150286,0,-10.815196777139041,-22.14419363639363,1083360.1710099794,
2026-03-16,108.0,136.5,-15.216931155532706,0,-10.902832380774703,-22.011442233312167,1083360.1710099794,
2026-03-17,109.5,137.0,-16.824110754915097,0,-11.436240261388757,-22.17851331555602,1083360.1710099794,
2026-03-18,110.0,137.5,-17.026503954709227,0,-11.63809950700247,-22.2267585624732,1083360.1710099794,
2026-03-19,109.5,135.5,-18.324110754915097,0,-11.563681292565906,-21.93226049015627,1083360.1710099794,
2026-03-20,109.0,134.0,-19.121717555120966,0,-11.726326023077975,-22.34254451506913,1083360.1710099794,
2026-03-23,109.0,134.0,-19.121717555120966,0,-11.831477697318446,-22.674272680605455,1083360.1710099794,
2026-03-24,109.5,134.0,-19.824110754915097,0,-11.840968478094506,-22.743043573806613,1083360.1710099794,
2026-03-25,109.0,135.0,-18.121717555120966,0,-11.809938973208045,-22.989128946136123,1083360.1710099794,
2026-03-26,109.0,134.5,-18.621717555120966,0,-11.824765238416429,-22.68277521313058,1083360.1710099794,
2026-03-27,109.5,134.0,-19.824110754915097,0,-11.740270264401753,-22.654631085994573,1083360.1710099794,
2026-03-30,109.0,134.0,-19.121717555120966,0,-11.69403105457552,-22.5348501496384,1083360.1710099794,
2026-03-31,109.0,133.0,-20.121717555120966,0,-11.69428898331281,-22.534997820393762,1083360.1710099794,
2026-04-01,109.5,134.0,-19.824110754915097,0,-11.89070445583248,-21.878842075545666,1083360.1710099794,
2026-04-02,109.5,134.0,-19.824110754915097,0,-12.751694100615314,-20.436758516020785,1083360.1710099794,
2026-04-07,109.5,134.0,-19.824110754915097,0,-12.391611755433681,-21.08086569919581,1083360.1710099794,
2026-04-08,109.5,134.0,-19.824110754915097,0,-13.106473822435687,-19.981681936307123,1083360.1710099794,
2026-04-09,110.0,135.0,-19.526503954709227,0,-12.877171894232905,-20.401147239051635,1083360.1710099794,
2026-04-10,110.0,135.5,-19.026503954709227,0,-12.657197290666996,-20.981815255684896,1083360.1710099794,
2026-04-13,110.0,134.5,-20.026503954709227,0,-12.736467207953947,-21.62630508042108,1083360.1710099794,
2026-04-14,110.0,135.0,-19.526503954709227,0,-12.594974856999274,-22.133648799634074,1083360.1710099794,
2026-04-15,110.0,135.5,-19.026503954709227,0,-12.688147683501704,-22.08937920634203,1083360.1710099794,
2026-04-16,110.0,136.5,-18.026503954709227,0,-12.793927941071306,-22.026686056999946,1083360.1710099794,
2026-04-17,112.5,137.5,-20.53846995367988,0,-12.624210288124104,-21.547013064432058,1083360.1710099794,
