Date,Price1,Price2,Indicator,Position,Upper,Lower,Equity,Action
2013-02-22,56.59709548950195,56.25621032714844,-23.250619672702285,0,-22.479530775566207,-26.046318283151354,1000000.0,
2013-02-25,57.14392852783203,56.25621032714844,-24.0188032877939,0,-22.504573576150296,-26.05189004505024,1000000.0,
2013-02-26,57.41734313964844,56.01424407958984,-24.644858663480896,0,-22.726117668413302,-25.984979379719235,1000000.0,
2013-02-27,56.59709548950195,55.77228164672852,-23.7345483531222,0,-22.68841007839903,-26.010177547133907,1000000.0,
2013-03-01,56.59709548950195,55.89326858520508,-23.613561414645645,0,-22.603899958710507,-25.933190007796313,1000000.0,
2013-03-04,56.87050247192383,55.46982955932617,-24.421078850983264,0,-22.55319301254203,-25.930837902917744,1000000.0,
2013-03-05,56.87050247192383,55.46982955932617,-24.421078850983264,0,-22.578882803284376,-25.930699170879993,1000000.0,
2013-03-06,56.87050247192383,55.53033065795898,-24.36057775235046,0,-22.652388569718873,-25.965056005485394,1000000.0,
2013-03-07,57.41734313964844,55.65130233764648,-25.007800405424256,0,-22.66026843306805,-25.966730844649813,1000000.0,
2013-03-08,57.14392852783203,55.832786560058594,-24.442227054883745,0,-22.776097869480466,-26.02918769725347,1000000.0,
2013-03-11,57.14392852783203,55.65130233764648,-24.62371127729586,0,-22.7693695595993,-26.009410384061244,1000000.0,
2013-03-12,56.87050247192383,56.01424407958984,-23.8766643307196,0,-22.813264771528786,-26.029713036097327,1000000.0,
2013-03-13,57.41734313964844,56.0747299194336,-24.584372823637132,0,-22.736576681488746,-25.98883807193877,1000000.0,
2013-03-14,56.59709548950195,55.89326858520508,-23.613561414645645,0,-22.769106218193702,-25.900327110361207,1000000.0,
2013-03-15,57.14392852783203,56.25621032714844,-24.0188032877939,0,-22.73864488250474,-25.76403245609239,1000000.0,
2013-03-18,56.323673248291016,55.832786560058594,-23.289943593994053,0,-22.78484296457296,-25.647609648665636,1000000.0,
2013-03-19,55.77684020996094,55.832786560058594,-22.521759978902438,-1,-22.80265526118463,-25.461535241888594,999935.5356149292,Short Spread
2013-03-20,55.230018615722656,55.65130233764648,-21.935076662727447,-1,-22.615440428222332,-25.467927189779086,999204.8608712768,
2013-03-21,54.95660400390625,55.65130233764648,-21.550987534599052,-1,-22.26023285906628,-25.659381483229648,998658.031647644,
2013-03-22,54.95660400390625,55.65130233764648,-21.550987534599052,-1,-21.601839590604467,-25.5228010005096,998658.031647644,
2013-03-25,55.230018615722656,55.7117919921875,-21.874587008186424,-1,-21.227778841913384,-25.532431058537306,999083.8815621948,
2013-03-26,55.77684020996094,55.77228164672852,-22.58226489223251,-1,-21.044810167007533,-25.745650117215206,1000056.5454415893,
2013-03-27,55.230018615722656,55.7117919921875,-21.874587008186424,-1,-21.25787407987122,-25.684648926579083,999083.8815621948,
2013-03-28,55.230018615722656,55.77228164672852,-21.8140973536454,-1,-20.83772431768172,-25.32305960803484,998962.9022531128,
2013-03-29,55.5034294128418,56.13523864746094,-21.83522412220654,-1,-20.465689456338147,-25.56502333233052,998783.8098458862,
2013-04-01,56.323673248291016,56.25621032714844,-22.86651982690421,-1,-20.461246665212983,-25.744192811213914,1000182.3541574096,
2013-04-02,56.87050247192383,56.31669998168945,-23.574208428619983,-1,-20.79019496107425,-25.375286599539876,1001155.0332955932,
2013-04-03,55.77684020996094,56.31669998168945,-22.03784655727158,-1,-20.968322905967316,-25.553932704385762,998967.7087716674,
2013-04-08,55.5034294128418,55.832786560058594,-22.137676209608884,-1,-20.489850639028425,-25.43174915519542,999388.7140206909,
2013-04-09,54.95660400390625,55.832786560058594,-21.369503312186936,-1,-20.50512534086527,-25.54988990147561,998295.0632028198,
2013-04-10,53.972293853759766,55.832786560058594,-19.986757800284465,-1,-19.883403600002126,-25.59953158409086,996326.4429025268,
2013-04-11,54.57381820678711,56.19571304321289,-20.46884454728412,-1,-16.363558627883922,-25.195303463306782,996803.6386422729,
2013-04-12,54.95660400390625,56.37718963623047,-20.82510023601506,-1,-18.348959051320872,-24.921051263383593,997206.257050476,
2013-04-15,55.77684020996094,56.43768310546875,-21.91686343349228,-1,-18.42643063188401,-25.21182946066353,998725.7425241088,
2013-04-16,56.323673248291016,56.61914825439453,-22.503581899658116,-1,-19.34723818962949,-25.34616633309003,999456.4783029174,
2013-04-17,56.323673248291016,56.61914825439453,-22.503581899658116,-1,-19.60470963841633,-25.01060928363627,999456.4783029174,
2013-04-18,55.77684020996094,56.37718963623047,-21.977356902730563,-1,-19.664289048919912,-24.876730539250744,998846.7294625854,
2013-04-19,56.87050247192383,56.61914825439453,-23.271760155914905,0,-19.585324552706336,-24.685787949336007,1000485.597164154,Close
2013-04-22,56.87050247192383,56.74013519287109,-23.15077321743835,0,-19.980720284861683,-24.549051873187828,1000485.597164154,
2013-04-23,57.14392852783203,56.80063247680664,-23.474381138135698,0,-19.997606833113533,-24.548260479744176,1000485.597164154,
2013-04-24,56.87050247192383,56.74013519287109,-23.15077321743835,0,-20.117461339079966,-24.417013598149772,1000485.597164154,
2013-04-25,56.87050247192383,56.74013519287109,-23.15077321743835,0,-20.10082196978879,-24.459296527553427,1000485.597164154,
2013-04-26,56.87050247192383,56.92159652709961,-22.969311883209826,0,-20.272629930953592,-24.10816184637173,1000485.597164154,
2013-04-29,58.23759078979492,57.16355895996094,-24.64781652632982,1,-20.243517167719162,-24.205318520944054,1000420.981118164,Long Spread
2013-04-30,58.784423828125,56.74013519287109,-25.839423908511286,1,-20.111975399285033,-24.614262169569987,998480.4675073242,
2013-05-02,59.33125686645508,57.46601104736328,-25.88173166911072,1,-19.382229283115542,-27.01827579149419,998838.5531396484,
2013-05-03,60.15150451660156,57.587005615234375,-26.913009844459637,1,-19.544190331020733,-29.52816284768412,997440.0469750976,
2013-05-06,59.87808227539063,57.52650833129883,-26.589407282597122,1,-19.556378999604902,-25.752648196934047,997865.8968896484,
2013-05-07,59.05783462524414,57.52650833129883,-25.437134539377098,0,-22.743710354168932,-38.38044770943799,999441.7288162231,Close
2013-05-08,59.87808227539063,57.889442443847656,-26.226473170048294,0,-20.22236276049463,-28.77033952129577,999441.7288162231,
2013-05-09,60.15150451660156,58.0709342956543,-26.429081164039715,0,-20.446829371284064,-30.91780102274937,999441.7288162231,
2013-05-10,60.15150451660156,58.0709342956543,-26.429081164039715,0,-20.326805035463458,-32.33178097450201,999441.7288162231,
2013-05-13,60.15150451660156,58.01043701171875,-26.489578447975262,0,-21.082986449929145,-32.12989398526119,999441.7288162231,
2013-05-14,60.15150451660156,58.0709342956543,-26.429081164039715,0,-21.306403564232056,-32.05052612518735,999441.7288162231,
2013-05-15,64.25274658203125,58.79681396484375,-31.464570569785167,0,-21.370754828645534,-31.60977941274329,999441.7288162231,
2013-05-16,63.97933197021485,58.97828674316406,-30.899008663336474,1,-19.014412918676236,-28.99305397023067,999376.8105114746,Long Spread
2013-05-17,63.15908050537109,58.97828674316406,-29.74673056128161,1,-18.70585661349572,-29.837109531173326,1001017.3134411621,
2013-05-20,62.612247467041016,58.97828674316406,-28.978546946189994,1,-22.133667932142334,-40.977537844901505,1002110.9795178223,
2013-05-21,62.33883666992188,59.34122085571289,-28.231529064347626,1,-21.060005988001762,-36.383246152974884,1003383.6693371582,
2013-05-22,62.06541061401367,59.4017219543457,-27.786922761081897,1,-21.342499409729342,-34.14707372743804,1004051.5236462402,
2013-05-23,62.06541061401367,59.03877258300781,-28.149872132419787,1,-22.245596312311875,-32.61129491063083,1003325.6249035645,
2013-05-24,61.7920036315918,58.373382568359375,-28.431183736609498,1,-22.48004586423925,-32.69092358586221,1002541.6588391113,
2013-05-27,62.33883666992188,58.67584228515625,-28.896907634904267,1,-22.741487470539923,-32.66379163831459,1002052.9121960449,
2013-05-28,62.88565826416016,58.67584228515625,-29.665075173491374,1,-22.776359379172526,-33.27243787087341,1000959.2690075684,
2013-05-29,63.15908050537109,58.736328125,-29.98868917944567,1,-23.002343956575007,-34.12858230237114,1000533.396204834,
2013-05-30,59.87808227539063,57.8289680480957,-26.286947565800247,0,-23.380861124354524,-34.25102154615545,1005215.9642289734,Close
2013-05-31,59.87808227539063,57.76847839355469,-26.347437220341263,0,-22.736814961713755,-31.960584247889557,1005215.9642289734,
2013-06-03,59.87808227539063,57.46601104736328,-26.64990456653267,0,-22.605269366041718,-31.992706968732726,1005215.9642289734,
2013-06-04,58.784423828125,57.40553665161133,-25.174022449771044,0,-22.978152924534676,-31.86285035999805,1005215.9642289734,
2013-06-05,59.05783462524414,57.16355895996094,-25.80008391071499,0,-22.770531539646164,-31.675286208367176,1005215.9642289734,
2013-06-06,59.60466766357422,57.16355895996094,-26.56826752580662,0,-23.253690712754306,-31.50288306972662,1005215.9642289734,
2013-06-07,60.698333740234375,57.46601104736328,-27.80218266858752,0,-23.68401204127158,-31.341790199959306,1005215.9642289734,
2013-06-10,60.698333740234375,57.587005615234375,-27.681188100716426,0,-24.229850412273642,-31.167419155945048,1005215.9642289734,
2013-06-11,60.4249153137207,57.587005615234375,-27.29709361375319,0,-24.213272827951716,-31.162473305584154,1005215.9642289734,
2013-06-13,57.14392852783203,57.16355895996094,-23.1114546549814,-1,-24.141134641221107,-31.13316624312006,1005151.3919294738,Short Spread
2013-06-14,60.15150451660156,57.22405624389648,-27.275959215797535,-1,-23.087218691338023,-31.433034571073897,1011045.5493391418,
2013-06-17,60.698333740234375,57.587005615234375,-27.681188100716426,-1,-23.567082371455488,-31.377036132466433,1011413.3090437317,
2013-06-18,61.24516296386719,58.0709342956543,-27.96543767655328,-1,-23.653402704817747,-31.42362525310894,1011539.1101301574,
2013-06-19,61.24516296386719,57.889442443847656,-28.14692952835992,-1,-23.910807233639343,-31.4433014852163,1011902.0938337707,
2013-06-20,61.518585205078125,57.647491455078125,-28.772980362927527,-1,-23.96721118309962,-31.470563776086863,1012932.8402937317,
2013-06-21,59.60466766357422,57.46601104736328,-26.265815438404275,-1,-24.061440152939706,-31.56647959441427,1009467.9660261535,
2013-06-24,60.698333740234375,57.52650833129883,-27.741685384651973,-1,-23.949974715804863,-31.486985351607707,1011534.3036116028,
2013-06-25,60.97175598144531,57.76847839355469,-27.883815168194175,-1,-24.08107502436705,-31.524642991304358,1011597.2079695129,
2013-06-26,60.698333740234375,57.647491455078125,-27.620702260872676,-1,-24.17724133912099,-31.536581860792786,1011292.3373640442,
2013-06-27,60.698333740234375,58.01043701171875,-27.25775670423205,-1,-24.299978693327947,-30.78782606507271,1010566.4462507629,
2013-06-28,64.79956817626953,61.70037078857422,-29.32918128464182,0,-24.43182158137203,-30.487508200930026,1011323.9875715637,Close
2013-07-01,62.06541061401367,59.2807502746582,-27.907894440769397,0,-24.49080576390569,-30.579898809620452,1011323.9875715637,
2013-07-02,62.88565826416016,59.22025680541992,-29.120660653227702,0,-24.49614836971508,-30.478454783383512,1011323.9875715637,
2013-07-03,62.612247467041016,59.15975570678711,-28.797077982566947,0,-24.492374386252038,-30.61831879519241,1011323.9875715637,
2013-07-04,62.612247467041016,59.34122085571289,-28.615612833641165,0,-24.492870659010848,-30.695509436678265,1011323.9875715637,
2013-07-05,63.97933197021485,60.006629943847656,-29.87066546265288,0,-24.481202400788057,-30.717330618873376,1011323.9875715637,
2013-07-08,63.69242477416992,59.70417404174805,-29.770078037804566,0,-24.420851454832494,-30.92703405489248,1011323.9875715637,
2013-07-09,62.83172225952149,60.12761688232422,-28.13753201055887,0,-24.371200206309105,-31.014831601056706,1011323.9875715637,
2013-07-10,62.83172225952149,60.12761688232422,-28.13753201055887,0,-24.39356511489536,-30.76742954755921,1011323.9875715637,
2013-07-11,63.69242477416992,60.36958312988281,-29.1046689496698,0,-24.476401143184148,-30.55799803501958,1011323.9875715637,
2013-07-12,63.40550994873047,60.49055480957031,-28.580643225364724,0,-24.65167610358576,-30.812347964069158,1011323.9875715637,
2013-07-15,63.69242477416992,60.4300537109375,-29.044198368615113,0,-24.74613634020212,-30.8316826639222,1011323.9875715637,
2013-07-16,63.69242477416992,60.36958312988281,-29.1046689496698,0,-24.813995390445974,-30.93880762179083,1011323.9875715637,
2013-07-17,63.40550994873047,57.70798873901367,-31.363209295921365,1,-25.17938870876307,-30.906608280022617,1011259.1430316162,Long Spread
2013-07-18,63.69242477416992,57.889442443847656,-31.584809635704957,1,-25.178662630007768,-31.38330245086407,1011048.2207904053,
2013-07-19,63.40550994873047,57.76847839355469,-31.30271964138035,1,-25.128296216729225,-31.858377379153822,1011380.1223406983,
2013-07-22,64.26622772216797,58.373382568359375,-31.906940088584548,1,-25.0099061684655,-32.18940017398108,1010868.4951434326,
2013-07-23,66.56146240234375,58.494361877441406,-35.01027524207679,1,-24.934677959584455,-32.75239078906817,1006519.9844012451,
2013-07-24,64.26622772216797,57.94994735717773,-32.330375299766196,1,-24.313393131687064,-35.547105271423526,1010021.6247210694,
2013-07-25,62.54480743408203,57.8289680480957,-30.033126800169782,1,-26.127094622206496,-33.42394294766391,1013222.5066790772,
2013-07-26,63.11862182617188,57.8289680480957,-30.839213454065614,1,-25.608563074671864,-33.41442368406496,1012074.8778948975,
2013-07-29,62.25791549682617,57.889442443847656,-29.56963051280927,1,-25.701415598742745,-33.62485397687642,1013917.2393450928,
2013-07-30,62.83172225952149,57.76847839355469,-30.496670499328403,1,-25.673891525114048,-33.44061629289658,1012527.6977191162,
2013-07-31,62.54480743408203,58.01043701171875,-29.851657836546735,1,-25.80007038086363,-33.59960735442703,1013585.4446063233,
2013-08-01,63.11862182617188,57.40553665161133,-31.26264485054999,1,-25.733275104347904,-33.52294523467022,1011228.0151019287,
2013-08-02,63.11862182617188,57.46601104736328,-31.202170454798036,1,-26.557094252598016,-33.63572466410123,1011348.9638934326,
2013-08-05,62.54480743408203,57.587005615234375,-30.27508923303111,1,-26.49489653568749,-33.745820623094964,1012738.5818133545,
2013-08-06,61.11029815673828,57.10307312011719,-28.74384260525261,0,-26.581973707446934,-33.59965892308708,1014575.0068429565,Close
2013-08-07,60.82339096069336,56.74013519287109,-28.7037372055508,0,-26.597660142731936,-33.44844842742421,1014575.0068429565,
2013-08-08,61.39720153808594,56.61914825439453,-29.630805439088334,0,-26.81776487402415,-33.34731178341471,1014575.0068429565,
2013-08-09,60.82339096069336,56.55866622924805,-28.88520616917384,0,-26.68757629212275,-33.372742341137595,1014575.0068429565,
2013-08-12,61.971004486083984,56.861114501953125,-30.19490976892105,0,-26.893859877504056,-33.31644185357222,1014575.0068429565,
2013-08-13,63.11862182617188,56.861114501953125,-31.807067000208193,0,-26.916470232258945,-33.37921983329174,1014575.0068429565,
2013-08-14,62.54480743408203,56.74013519287109,-31.1219596553944,0,-27.07591485582131,-33.65624009148384,1014575.0068429565,
2013-08-15,61.6841049194336,56.49817657470703,-30.15481508688893,0,-27.210927026287877,-33.60858598760014,1014575.0068429565,
2013-08-16,62.83172225952149,56.861114501953125,-31.404034390929965,0,-27.076281416432607,-33.51794788137797,1014575.0068429565,
2013-08-19,61.971004486083984,56.49817657470703,-30.557847696167144,0,-27.16765302018148,-33.68878072069418,1014575.0068429565,
2013-08-20,61.39720153808594,56.49817657470703,-29.751777118775834,0,-27.497614169842443,-33.58681040906385,1014575.0068429565,
2013-08-22,60.82339096069336,56.31669998168945,-29.127172416732435,0,-27.619232704643373,-33.47133294423599,1014575.0068429565,
2013-08-23,60.24958419799805,56.37718963623047,-28.26060682596527,0,-27.49509241373196,-33.46145813594295,1014575.0068429565,
2013-08-26,60.24958419799805,56.67965316772461,-27.958143294471128,0,-27.414527716046212,-33.48883872298046,1014575.0068429565,
2013-08-27,60.82339096069336,56.861114501953125,-28.582757896468763,0,-27.17328777046575,-33.56863344434071,1014575.0068429565,
2013-08-28,61.11029815673828,56.55866622924805,-29.28824949612175,0,-27.18108677890609,-33.5842899412906,1014575.0068429565,
2013-08-29,61.39720153808594,56.74013519287109,-29.50981850061178,0,-27.022450572798842,-33.39355228194656,1014575.0068429565,
2013-08-30,61.971004486083984,57.22405624389648,-29.831968026977698,0,-27.004224219609313,-33.27847357482816,1014575.0068429565,
2013-09-02,61.6841049194336,57.0425910949707,-29.61040056662526,0,-27.016388005507505,-33.243354010176475,1014575.0068429565,
2013-09-03,60.536502838134766,56.92159652709961,-28.11925933854856,0,-26.996220387661708,-33.026099967140226,1014575.0068429565,
2013-09-04,60.82339096069336,57.22405624389648,-28.21981615452541,0,-27.506907811327814,-31.79682376690115,1014575.0068429565,
2013-09-05,61.11029815673828,57.34503936767578,-28.501876357694016,0,-27.35359095778106,-31.81364701667888,1014575.0068429565,
2013-09-06,61.11029815673828,57.10307312011719,-28.74384260525261,0,-27.22876805489603,-31.982328222989295,1014575.0068429565,
2013-09-09,60.82339096069336,57.22405624389648,-28.21981615452541,0,-27.191032597420502,-31.807038303143983,1014575.0068429565,
2013-09-10,60.82339096069336,57.40553665161133,-28.03833574681056,0,-27.024853507734626,-31.93024753890289,1014575.0068429565,
2013-09-11,60.82339096069336,57.10307312011719,-28.3407992783047,0,-26.794130211161853,-31.765725856746204,1014575.0068429565,
2013-09-12,60.82339096069336,56.861114501953125,-28.582757896468763,0,-26.787780784652337,-31.824643943752765,1014575.0068429565,
2013-09-13,60.82339096069336,57.0425910949707,-28.401281303451185,0,-26.8478341683225,-31.397678986572785,1014575.0068429565,
2013-09-16,61.39720153808594,57.40553665161133,-28.844417041871537,0,-26.85415471942316,-31.227774905430497,1014575.0068429565,
2013-09-17,61.6841049194336,57.34503936767578,-29.30795229392018,0,-26.87945432337759,-31.30842379918747,1014575.0068429565,
2013-09-18,60.82339096069336,57.40553665161133,-28.03833574681056,0,-27.05652814786252,-31.516949695599532,1014575.0068429565,
2013-09-23,61.11029815673828,57.28455352783203,-28.562362197537766,0,-26.81572618919549,-31.47332535846385,1014575.0068429565,
2013-09-24,61.11029815673828,56.861114501953125,-28.985801223416672,0,-26.769656592256265,-31.36395808520709,1014575.0068429565,
2013-09-25,60.24958419799805,57.0425910949707,-27.595205367225034,0,-26.900083649971528,-31.469438123984467,1014575.0068429565,
2013-09-26,59.38888168334961,56.61914825439453,-26.80954502113167,0,-26.40809260552744,-31.18736425026599,1014575.0068429565,
2013-09-27,60.24958419799805,56.80063247680664,-27.837163985389097,0,-26.339116363851677,-30.478542525859584,1014575.0068429565,
2013-09-30,60.24958419799805,57.28455352783203,-27.353242934363706,0,-26.643638350132235,-30.46526479320506,1014575.0068429565,
2013-10-01,59.96269607543945,56.861114501953125,-27.373665427468893,0,-26.389807629617803,-30.507841189094204,1014575.0068429565,
2013-10-02,59.38888168334961,56.55866622924805,-26.870027046278153,0,-26.72311258944262,-29.905817653565848,1014575.0068429565,
2013-10-03,59.38888168334961,56.74013519287109,-26.688558082655113,0,-26.526750122880053,-29.862477748360803,1014575.0068429565,
2013-10-04,59.675777435302734,56.861114501953125,-26.970606024016476,0,-26.2525458841652,-29.892204721901813,1014575.0068429565,
2013-10-07,59.96269607543945,56.67965316772461,-27.55512676169741,0,-26.179528503760466,-29.930539404091796,1014575.0068429565,
2013-10-08,57.38057327270508,56.37718963623047,-24.23025929784356,-1,-26.296308602453983,-30.032272229816314,1014510.4565324401,Short Spread
2013-10-09,56.23295593261719,56.31669998168945,-22.678591721097447,-1,-23.799002850728975,-30.928311654636822,1012336.2011613464,
2013-10-11,54.62628936767578,56.13523864746094,-20.603029716223077,-1,-24.940375401409685,-30.905747231597633,1009485.7906999206,
2013-10-14,55.60175704956055,56.37718963623047,-21.731402460203157,-1,-23.665283319907772,-31.6488574344165,1010952.8240861511,
2013-10-15,56.23295593261719,56.25621032714844,-22.739081375638463,-1,-22.91651693958857,-31.893834012341124,1012457.1804704284,
2013-10-16,56.69199752807617,56.55866622924805,-23.08148086368493,-1,-16.119293679359536,-29.40485590981106,1012770.3518571472,
2013-10-17,55.42962265014648,56.55866622924805,-21.30811380398741,-1,-17.658554174407833,-29.683988991152873,1010245.6021012878,
2013-10-18,54.741058349609375,56.49817657470703,-20.401317693891897,0,39.40336656281079,-3.6335244826537583,1008925.0032398986,Close
2013-10-21,52.21631240844727,55.89326858520508,-17.45949692283365,-1,-20.812748158284325,-32.02817261394132,1008860.6788566589,Short Spread
2013-10-22,50.66703414916992,54.804443359375,-16.371917120853126,-1,-19.616379832182,-32.50718632459754,1007939.7727897643,
2013-10-23,53.76559066772461,55.832786560058594,-19.696383975790724,-1,-18.37759430826003,-32.937307899396785,1012080.1994255065,
2013-10-24,53.0770149230957,56.0747299194336,-18.487138775274666,-1,-5.681537666276613,-27.900017317165407,1010219.1612174987,
2013-10-25,53.65082550048828,55.832786560058594,-19.53516342971065,0,6.237581471804884,-23.070087235801832,1011786.2897465514,Close
2013-10-28,54.22462463378906,56.37718963623047,-19.796825572095244,0,-7.829921852514879,-27.886960944192637,1011786.2897465514,
2013-10-29,54.22462463378906,56.37718963623047,-19.796825572095244,0,-9.791127683776143,-27.908985910171825,1011786.2897465514,
2013-10-30,56.806766510009766,57.10307312011719,-22.698299877730705,0,-10.265788793074535,-27.790716118046255,1011786.2897465514,
2013-10-31,57.6674690246582,57.22405624389648,-23.786419940620952,0,-14.402772570096818,-29.07541830392059,1011786.2897465514,
2013-11-01,55.60175704956055,56.43768310546875,-21.670908990964875,0,-15.261711172374131,-28.86462408361019,1011786.2897465514,
2013-11-04,54.85581970214844,55.95375061035156,-21.106958845492585,0,-14.296561927643637,-28.676231976999567,1011786.2897465514,
2013-11-05,54.511531829833984,56.25621032714844,-20.320848208125184,0,-14.411034933213795,-27.915736616737124,1011786.2897465514,
2013-11-06,55.946044921875,56.43768310546875,-22.1545599115354,0,-14.518775254981712,-27.15598597810336,1011786.2897465514,
2013-11-07,56.00342559814453,56.25621032714844,-22.41664028347833,0,-15.16567180157021,-27.782676801156647,1011786.2897465514,
2013-11-08,56.175567626953125,56.25621032714844,-22.65846306434618,0,-15.277080370407452,-27.84708076405859,1011786.2897465514,
2013-11-11,55.65914916992188,55.89326858520508,-22.295947181355686,0,-15.76667140553592,-27.07219796618416,1011786.2897465514,
2013-11-12,55.65914916992188,56.25621032714844,-21.933005439412327,0,-15.884445617840377,-26.79519657434284,1011786.2897465514,
2013-11-13,55.08534622192383,55.89326858520508,-21.489876603964376,0,-16.124377020700067,-26.31125782374233,1011786.2897465514,
2013-11-14,55.65914916992188,55.59081268310547,-22.598403083455295,0,-16.250748736108783,-25.990815169453064,1011786.2897465514,
2013-11-15,55.142723083496094,55.59081268310547,-21.87293474085176,0,-16.62662602389902,-25.81352301084587,1011786.2897465514,
2013-11-18,55.142723083496094,55.59081268310547,-21.87293474085176,0,-16.962072259014366,-25.17087901062725,1011786.2897465514,
2013-11-19,55.31487274169922,55.832786560058594,-21.872794362436153,0,-17.570402229431473,-24.397057971731826,1011786.2897465514,
2013-11-20,56.00342559814453,55.53033065795898,-23.14251995266779,0,-17.486876131527975,-24.599424139448818,1011786.2897465514,
2013-11-21,55.37224197387695,55.28836441040039,-22.49780802921245,0,-17.48016876376883,-24.990937422719448,1011786.2897465514,
2013-11-22,55.20009994506836,55.34885025024414,-22.195499408500865,0,-17.639941959377182,-25.19567513884752,1011786.2897465514,
2013-11-25,55.08534622192383,55.34885025024414,-22.034294938925314,0,-17.54154993864377,-25.103571713990625,1011786.2897465514,
2013-11-26,54.62628936767578,56.13523864746094,-20.603029716223077,0,-17.504560686092702,-24.90423925724177,1011786.2897465514,
2013-11-27,55.08534622192383,55.95375061035156,-21.42939457881789,0,-17.39359051369766,-24.60511153333185,1011786.2897465514,
2013-11-28,55.142723083496094,55.95375061035156,-21.509996813605667,0,-17.5227967332355,-24.85450626386189,1011786.2897465514,
2013-11-29,55.60175704956055,56.13523864746094,-21.973353448972688,0,-17.663275096758216,-24.946008100222404,1011786.2897465514,
2013-12-02,55.65914916992188,56.0747299194336,-22.114485847127163,0,-18.66011228518322,-24.70311818101847,1011786.2897465514,
2013-12-03,54.62628936767578,55.832786560058594,-20.90548180362542,0,-19.504265265656556,-24.066559873887293,1011786.2897465514,
2013-12-04,55.02796173095703,55.59081268310547,-21.711719553606528,0,-19.23226281322509,-24.117203376042788,1011786.2897465514,
2013-12-05,54.798431396484375,55.53033065795898,-21.449760486592886,0,-19.813779934437427,-23.84531439225171,1011786.2897465514,
2013-12-06,54.511531829833984,55.59081268310547,-20.986245852168153,0,-19.932477636357703,-23.73908397290414,1011786.2897465514,
2013-12-09,54.97057723999024,56.0747299194336,-21.147189364820953,0,-20.070123326602296,-23.629084281533817,1011786.2897465514,
2013-12-10,54.798431396484375,55.95375061035156,-21.0263405342003,0,-20.278988138692867,-23.49712066359161,1011786.2897465514,
2013-12-11,55.20009994506836,56.19571304321289,-21.348636615532115,0,-20.172409287258038,-23.39848493133304,1011786.2897465514,
2013-12-12,54.97057723999024,55.95375061035156,-21.26816867390299,0,-20.319665808994092,-23.083551083448608,1011786.2897465514,
2013-12-13,54.97057723999024,55.832786560058594,-21.38913272419596,0,-20.29485642083015,-23.129847013096324,1011786.2897465514,
2013-12-16,53.9377326965332,55.59081268310547,-20.180180633611684,-1,-20.342587254229777,-23.134467403197384,1011721.9086047362,Short Spread
2013-12-17,54.62628936767578,55.65130233764648,-21.086966026037537,-1,-20.295833517151294,-23.151621116272622,1012978.0426379393,
2013-12-18,54.798431396484375,55.65130233764648,-21.328788806905386,-1,-20.21390653249084,-23.09006286955696,1013322.3266955565,
2013-12-19,55.08534622192383,55.832786560058594,-21.55035862911086,-1,-20.21561304323925,-23.017053313839014,1013533.1879016112,
2013-12-20,55.65914916992188,56.01424407958984,-22.174971686970927,0,-20.25307887679285,-22.913581126899857,1014253.4118228148,Close
2013-12-23,55.37224197387695,55.89326858520508,-21.892903854407763,0,-20.271998437830486,-22.9421968515987,1014253.4118228148,
2013-12-24,55.31487274169922,55.89326858520508,-21.81231233728967,0,-20.2724620138458,-22.9430436827727,1014253.4118228148,
2013-12-25,55.60175704956055,56.01424407958984,-22.09434801684379,0,-20.290934265579633,-22.96576991670123,1014253.4118228148,
2013-12-26,55.65914916992188,56.25621032714844,-21.933005439412327,0,-20.309841748967017,-22.866536455616696,1014253.4118228148,
2013-12-27,56.00342559814453,56.49817657470703,-22.174674035919736,0,-20.31293551862878,-22.899946711589475,1014253.4118228148,
2013-12-30,56.405086517333984,56.37718963623047,-22.859908770919773,0,-20.311239313409185,-22.938225015120498,1014253.4118228148,
2013-12-31,55.25748825073242,56.31669998168945,-21.308267988347836,0,-20.257203627192716,-23.118507237823124,1014253.4118228148,
2014-01-02,55.65914916992188,56.13523864746094,-22.053977119099827,0,-20.313227808422546,-22.772381577718647,1014253.4118228148,
2014-01-03,55.42962265014648,56.13523864746094,-21.73154138577452,0,-20.3508414225912,-22.774521613558253,1014253.4118228148,
2014-01-06,54.913204193115234,55.832786560058594,-21.30853584824301,0,-20.35835385542473,-22.73657024162428,1014253.4118228148,
2014-01-07,54.56891632080078,55.7117919921875,-20.94587949554358,0,-20.342290175912897,-22.697429542778824,1014253.4118228148,
2014-01-08,54.45415878295898,55.7117919921875,-20.784669667133173,0,-20.41158233169597,-22.68388291519602,1014253.4118228148,
2014-01-09,54.052494049072266,55.7117919921875,-20.220416511774886,-1,-20.314355866988617,-22.691378875117504,1014189.0212513732,Short Spread
2014-01-10,53.9377326965332,55.59081268310547,-20.180180633611684,-1,-20.10424228021739,-22.753569527822002,1014201.4571644592,
2014-01-13,54.45415878295898,55.65130233764648,-20.845159321674195,-1,-19.914714096184156,-22.737085208713545,1015113.3300282287,
2014-01-14,53.9377326965332,55.65130233764648,-20.119690979070675,-1,-19.965500709798953,-22.668204230626174,1014080.4778553771,
2014-01-15,53.65082550048828,55.65130233764648,-19.716647652122766,-1,-19.804471881460017,-22.78119837591403,1013506.6634632873,
2014-01-16,53.9377326965332,55.65130233764648,-20.119690979070675,-1,-19.35272820819587,-22.78561416785356,1014080.4778553771,
2014-01-17,54.16725158691406,55.65130233764648,-20.4421159947263,-1,-19.38827385509258,-22.799279207861186,1014539.5156361389,
2014-01-20,53.36392211914063,55.53033065795898,-19.4345813636972,-1,-19.463275195196346,-22.84436798420235,1013174.800059967,
2014-01-21,53.0770149230957,55.59081268310547,-18.971056011602798,-1,-18.87657040216386,-22.94781660333342,1012480.0216175842,
2014-01-22,52.50321960449219,55.59081268310547,-18.164996151881155,-1,-18.110324713037382,-23.125157586230234,1011332.4309803771,
2014-01-23,52.273685455322266,55.53033065795898,-17.903031726032673,-1,-14.116094299288632,-22.985409428701544,1010994.3267323303,
2014-01-24,51.64250946044922,55.46982955932617,-17.076865371321233,-1,-8.53592156942031,-21.64663274956509,1009852.9769398498,
2014-01-27,50.95394515991211,55.59081268310547,-15.988596482905393,-1,-17.971710605512307,-23.48194640531127,1008233.882091217,
2014-02-05,48.773475646972656,54.62297058105469,-13.893344668461992,-1,-17.307560101773333,-23.78606115963086,1005808.6272694396,
2014-02-06,48.94562149047852,54.62297058105469,-14.135172808164683,-1,-16.287743565105202,-24.386755298622347,1006152.9189564514,
2014-02-07,49.92109298706055,54.6834602355957,-15.445012245208105,-1,-15.479034429740025,-24.732011552796003,1007982.8826405334,
2014-02-10,50.66703414916992,54.62297058105469,-16.55338989917344,-1,-15.006872854687442,-24.81192135706877,1009595.7442738342,
2014-02-11,49.80632781982422,54.50198745727539,-15.465264477448343,-1,-7.83413987306116,-20.365558898850665,1008116.2978627014,
2014-02-12,50.4375114440918,54.86492919921875,-15.98900090651891,0,3.74231990122907,-15.000602336641006,1008588.5695297241,Close
2014-02-13,49.92109298706055,54.86492919921875,-15.263543281585058,0,-6.635295393931723,-19.895530940638693,1008588.5695297241,
2014-02-14,50.78180313110352,55.16738510131836,-16.17020128382468,0,-4.200398769724669,-18.183351107062606,1008588.5695297241,
2014-02-17,51.011322021484375,55.16738510131836,-16.492626299480293,0,-9.650474630783675,-20.573290828205316,1008588.5695297241,
2014-02-18,51.12607955932617,55.22786331176758,-16.593357917441466,0,-11.006981998923877,-20.61939553346936,1008588.5695297241,
2014-02-19,52.04417037963867,55.53033065795898,-17.580612069211888,0,-12.134344385264606,-20.164694772098287,1008588.5695297241,
2014-02-20,52.21631240844727,55.22786331176758,-18.12490219627115,0,-12.289181914131946,-21.009929130523858,1008588.5695297241,
2014-02-21,53.01963806152344,55.46982955932617,-19.011436900594305,0,-13.125573987349398,-20.587652753631225,1008588.5695297241,
2014-02-24,52.61797332763672,55.53033065795898,-18.386682646603198,0,-13.438823455359866,-20.95797184499461,1008588.5695297241,
2014-02-25,51.64250946044922,55.28836441040039,-17.258330520247014,0,-13.363834481728363,-20.78493042441019,1008588.5695297241,
2014-02-26,51.69988250732422,55.28836441040039,-17.33892739619995,0,-13.066432321091987,-20.503739992682007,1008588.5695297241,
2014-02-27,52.273685455322266,55.65130233764648,-17.782060046345173,0,-13.228043231673489,-20.392354214150586,1008588.5695297241,
2014-03-03,51.3556022644043,55.46982955932617,-16.673822044373324,0,-13.357112135567435,-20.596020453712995,1008588.5695297241,
2014-03-04,51.12607955932617,55.22786331176758,-16.593357917441466,0,-13.106984659515835,-20.22396200481234,1008588.5695297241,
2014-03-05,51.29822540283203,55.59081268310547,-16.47223668580625,0,-13.461527651687508,-19.665783009480325,1008588.5695297241,
2014-03-06,51.47036361694336,55.832786560058594,-16.472080230886135,0,-13.406460815049416,-19.661258472470816,1008588.5695297241,
2014-03-07,51.69988250732422,55.89326858520508,-16.73402322139526,0,-13.450012572718975,-19.59469464436482,1008588.5695297241,
2014-03-10,51.872032165527344,55.89326858520508,-16.975856719932793,0,-13.776938751600175,-19.243653091565044,1008588.5695297241,
2014-03-11,52.21631240844727,56.25621032714844,-17.09655518089029,0,-14.137590344885405,-18.876804786251327,1008588.5695297241,
2014-03-12,52.1015510559082,56.25621032714844,-16.935339993645044,0,-14.159967433335737,-18.91932967108999,1008588.5695297241,
2014-03-13,52.21631240844727,56.37718963623047,-16.97557587180826,0,-14.207998633136778,-18.827343664460873,1008588.5695297241,
2014-03-14,52.1015510559082,55.77228164672852,-17.41926867406496,0,-14.204806607371165,-18.896333382268633,1008588.5695297241,
2014-03-17,52.50321960449219,55.95375061035156,-17.80205822463506,0,-14.243589850603446,-18.964759610836968,1008588.5695297241,
2014-03-18,53.47867965698242,56.25621032714844,-18.86991152291813,0,-14.266127123564337,-19.25505504819351,1008588.5695297241,
2014-03-19,53.9377326965332,56.43768310546875,-19.333310211248403,0,-14.404941497603971,-20.06805838955296,1008588.5695297241,
2014-03-20,53.47867965698242,56.19571304321289,-18.930408806853677,0,-15.508649768059442,-20.08653370071623,1008588.5695297241,
2014-03-21,52.61797332763672,56.25621032714844,-17.660802977413738,0,-15.640237646308755,-19.722477460837034,1008588.5695297241,
2014-03-24,53.24916076660156,56.19571304321289,-18.607983791198052,0,-15.378963180689578,-19.51718542429133,1008588.5695297241,
2014-03-25,53.30654525756836,56.67965316772461,-18.20465661914379,0,-15.222814283029095,-19.946380681861108,1008588.5695297241,
2014-03-26,53.191776275634766,56.13523864746094,-18.587845234492548,0,-15.68841204575449,-19.701079910978287,1008588.5695297241,
2014-03-27,54.282005310058594,56.43768310546875,-19.81693969647958,0,-15.701322111573205,-19.8947864891023,1008588.5695297241,
2014-03-28,54.511531829833984,56.49817657470703,-20.07888196056659,0,-16.0614919190001,-20.343263168314625,1008588.5695297241,
2014-03-31,54.741058349609375,56.67965316772461,-20.21984110087432,0,-15.98196853700141,-21.183696497863696,1008588.5695297241,
2014-04-01,54.741058349609375,56.67965316772461,-20.21984110087432,0,-16.008429689720767,-21.746014469284486,1008588.5695297241,
2014-04-02,54.10987091064453,56.67965316772461,-19.333157571025552,0,-16.100388193968584,-21.917897055849267,1008588.5695297241,
2014-04-03,54.10987091064453,56.49817657470703,-19.51463416404313,0,-15.761582209194845,-21.196512546001617,1008588.5695297241,
2014-04-07,54.10987091064453,56.55866622924805,-19.454144509502115,0,-15.629912941851789,-21.348467113891093,1008588.5695297241,
2014-04-08,54.45415878295898,56.37718963623047,-20.119272023090204,0,-15.473320498157264,-21.02818478472696,1008588.5695297241,
2014-04-09,54.741058349609375,56.49817657470703,-20.401317693891897,0,-15.541502261318257,-22.289743260118406,1008588.5695297241,
2014-04-10,55.08534622192383,56.67965316772461,-20.703492021444845,0,-16.481844605768977,-23.790407790141153,1008588.5695297241,
2014-04-11,55.65914916992188,56.67965316772461,-21.509562598836155,0,-16.815758066012883,-25.040045214924184,1008588.5695297241,
2014-04-14,55.31487274169922,56.67965316772461,-21.025927754770137,-1,-30.24921276583388,-54.10411028492374,1008524.0897486877,Short Spread
2014-04-15,55.946044921875,56.861114501953125,-21.731128515051026,-1,-17.91982431458953,-25.4277376053039,1009423.5114405822,
2014-04-16,55.888668060302734,56.861114501953125,-21.65052628026325,-1,-19.394409037454718,-28.46815258626898,1009308.7577174377,
2014-04-17,55.77390670776367,57.0425910949707,-21.30783450000044,-1,-18.65047466511068,-25.92411059224161,1008716.2818263244,
2014-04-18,55.888668060302734,57.16355895996094,-21.348081822255438,-1,-18.19638439388275,-24.22271661940263,1008703.8688014221,
2014-04-21,55.42962265014648,57.10307312011719,-20.76370691311827,-1,-18.245449339760217,-24.170195156344885,1007906.7496607971,
2014-04-22,55.08534622192383,57.10307312011719,-20.280072069052267,-1,-17.974002074927746,-23.345665624826744,1007218.1968043518,
2014-04-23,55.08534622192383,57.16355895996094,-20.219586229208517,-1,-17.920001684087733,-22.89445403605507,1007097.2251246643,
2014-04-24,55.08534622192383,57.16355895996094,-20.219586229208517,-1,-18.15649877439814,-22.604957119423258,1007097.2251246643,
2014-04-25,54.62628936767578,56.67965316772461,-20.058615195959405,-1,-18.340283724664722,-22.395408945015426,1007146.9230006408,
2014-04-28,55.487003326416016,56.861114501953125,-21.08627312490495,0,-18.35820204080848,-22.29530818317008,1008440.9343249511,Close
2014-04-29,55.77390670776367,56.92159652709961,-21.428829067871533,0,-18.47518195482578,-22.549915267117726,1008440.9343249511,
2014-04-30,55.888668060302734,56.98209381103516,-21.52954697118121,0,-18.335999579032016,-22.999363518251084,1008440.9343249511,
2014-05-02,55.71652603149414,57.10307312011719,-21.166744881231352,0,-18.268812025427756,-23.20930629934587,1008440.9343249511,
2014-05-05,55.37224197387695,56.861114501953125,-20.925057937659716,0,-18.493727657123934,-22.946360242604932,1008440.9343249511,
2014-05-06,55.08534622192383,56.861114501953125,-20.52203068721633,0,-19.23247977457505,-22.36147827921108,1008440.9343249511,
2014-05-07,54.62628936767578,56.861114501953125,-19.87715386173089,0,-19.088847867150555,-22.366366892859197,1008440.9343249511,
2014-05-08,55.83128356933594,56.92159652709961,-21.509431302659323,0,-19.280409622650954,-22.071862252275313,1008440.9343249511,
2014-05-09,55.37224197387695,57.34503936767578,-20.44113307193706,0,-19.382447110157507,-22.216468380755565,1008440.9343249511,
2014-05-12,54.68367767333984,56.861114501953125,-19.957772173023173,0,-19.207815049285408,-22.157800519702924,1008440.9343249511,
2014-05-13,54.85581970214844,57.10307312011719,-19.95763633572696,0,-19.115981089574927,-22.145681806259848,1008440.9343249511,
2014-05-14,54.913204193115234,57.34503936767578,-19.796283040625823,0,-19.075372430015594,-22.14823268004854,1008440.9343249511,
2014-05-15,55.65914916992188,57.22405624389648,-20.965159522664287,0,-19.008591704820176,-22.159847432445893,1008440.9343249511,
2014-05-16,55.65914916992188,57.40553665161133,-20.783679114949436,0,-19.344278612604977,-22.16770867102994,1008440.9343249511,
2014-05-19,55.71652603149414,57.46601104736328,-20.80380695398526,0,-19.42443409303087,-22.116566571154838,1008440.9343249511,
2014-05-20,56.175567626953125,57.52650833129883,-21.38816506019579,0,-19.560061580710634,-22.05456266698943,1008440.9343249511,
2014-05-21,56.74936294555664,57.70798873901367,-22.012744512202573,0,-19.57274822360955,-22.123949213082028,1008440.9343249511,
2014-05-22,57.38057327270508,58.0709342956543,-22.53651463841973,1,-19.543779674120685,-22.309745661767558,1008376.3162646485,Long Spread
2014-05-23,57.32317352294922,58.373382568359375,-22.15343197791786,1,-19.431677266798744,-22.652106434237403,1009096.0123095703,
2014-05-26,56.69199752807617,58.55485534667969,-21.08529174625329,1,-19.37380863184309,-22.612502702568214,1010721.309855957,
2014-05-27,56.92151641845703,58.19190979003906,-21.77066231854954,1,-19.38232859709112,-22.52170649860828,1009536.3809619141,
2014-05-28,56.86414337158203,58.494361877441406,-21.38761335519426,1,-19.377398369809942,-22.527057597183035,1010256.0312304688,
2014-05-29,56.69199752807617,58.373382568359375,-21.266764524573603,1,-19.379327667639522,-22.472465931324287,1010358.3642993164,
2014-05-30,56.74936294555664,58.0709342956543,-21.64979895556195,1,-19.382816284469293,-22.491152288569438,1009638.7369189453,
2014-06-03,56.9788932800293,58.373382568359375,-21.669791775017003,1,-19.383228510816267,-22.552201866541843,1009784.5727954102,
2014-06-04,56.806766510009766,57.76847839355469,-22.032894604293205,1,-19.42666253781791,-22.655334936295226,1008919.0179858399,
2014-06-05,56.23295593261719,57.46601104736328,-21.52928065542362,1,-19.522940206886833,-22.81125291227394,1009461.7044482422,
2014-06-06,56.175567626953125,57.70798873901367,-21.206684652480945,1,-19.58977412494616,-22.747375518286297,1010060.4364428711,
2014-06-09,56.405086517333984,58.0709342956543,-21.166164111495945,1,-19.645180109384437,-22.707316336810432,1010327.2897753906,
2014-06-10,56.806766510009766,58.433876037597656,-21.367496960250236,1,-19.754175142532354,-22.672492011999893,1010249.8132739258,
2014-06-11,56.74936294555664,58.373382568359375,-21.34735068285687,1,-19.688343972976973,-22.682174277366798,1010243.6334643555,
2014-06-12,56.69199752807617,58.13142395019531,-21.508723142737665,1,-19.668558935071566,-22.65309854635847,1009874.4470629883,
2014-06-13,56.63461685180664,58.19190979003906,-21.367629709271313,1,-19.671507107699853,-22.65601560685586,1010110.1800952149,
2014-06-16,56.74936294555664,58.31289291381836,-21.407840337397886,1,-19.68776288833704,-22.68079422020098,1010122.6541552735,
2014-06-17,56.74936294555664,58.19190979003906,-21.528823461177183,1,-19.724690476864613,-22.71217376233304,1009880.6879077149,
2014-06-18,57.15103530883789,58.373382568359375,-21.911614555884853,1,-19.82349578752379,-22.74396435166355,1009440.288737793,
2014-06-19,57.6674690246582,58.615333557128906,-22.395142627388523,1,-20.058255196136464,-22.736447350465234,1008891.3232836914,
2014-06-20,57.32317352294922,58.31289291381836,-22.213921632458877,1,-19.879976238793077,-22.95832208229487,1008975.0330004883,
2014-06-23,57.26579284667969,58.31289291381836,-22.13331403883626,1,-20.1568249170018,-23.03896313739837,1009089.7943530274,
2014-06-24,57.38057327270508,58.31289291381836,-22.29455602025567,1,-20.42187855711521,-22.895028800448802,1008860.2335009766,
2014-06-25,57.03628158569336,58.13142395019531,-21.992368704473364,1,-20.574828927660853,-22.849085377621805,1009185.8789477539,
2014-06-26,56.86414337158203,58.0709342956543,-21.81104093698137,1,-20.795942143417427,-22.620710500698685,1009409.1760668945,
2014-06-27,56.68168258666992,58.373382568359375,-21.25227423517356,0,-20.730245902163475,-22.661455685879012,1010314.3919795228,Close
2014-06-30,56.19514846801758,58.19190979003906,-20.7502705006754,-1,-20.770283778288015,-22.595518728098828,1010249.8164971925,Short Spread
2014-07-01,55.83024215698242,58.13142395019531,-20.29814091765303,-1,-20.70784931159351,-22.607353208730384,1009640.9755548097,
2014-07-02,56.19514846801758,58.0709342956543,-20.871245995060164,-1,-20.28648023221176,-22.750483019400384,1010491.767485962,
2014-07-03,55.526153564453125,57.94994735717773,-20.052437991615527,-1,-20.346170033391722,-22.629322491240366,1009395.7515557862,
2014-07-04,54.73553466796875,57.8289680480957,-19.062766627658817,-1,-19.90759190658476,-22.53447246594064,1008056.4723809815,
2014-07-07,55.34370803833008,57.8289680480957,-19.917120306934166,0,-11.005778999944038,-20.80794754162478,1009208.2922146608,Close
2014-07-08,55.28288650512695,58.13142395019531,-19.529223142188698,0,-19.110438908095727,-22.999828261629535,1009208.2922146608,
2014-07-09,55.46534729003906,58.13142395019531,-19.785541571291432,0,-17.49565942326238,-22.688966699272733,1009208.2922146608,
2014-07-10,55.22207260131836,58.0709342956543,-19.504282251753537,0,-18.176021260469312,-22.887505784545887,1009208.2922146608,
2014-07-11,55.28288650512695,57.94994735717773,-19.710699735206283,0,-17.173316293717274,-22.8840732758548,1009208.2922146608,
2014-07-14,54.9179916381836,57.94994735717773,-19.1981003888447,0,-17.653441294702034,-22.622301938234244,1009208.2922146608,
2014-07-15,54.73553466796875,58.01043701171875,-18.88129766403577,0,-15.627436104254015,-22.18732823113104,1009208.2922146608,
2014-07-16,54.9179916381836,57.8289680480957,-19.319079697926725,0,-13.829461801501306,-21.09956505100735,1009208.2922146608,
2014-07-17,55.100433349609375,58.41636657714844,-18.98797280380252,0,-16.38486297690703,-22.24867620335702,1009208.2922146608,
2014-07-18,55.83024215698242,58.41636657714844,-20.013198290699904,0,-14.388485404335828,-21.962406444478805,1009208.2922146608,
2014-07-21,55.95187377929688,58.162376403808594,-20.438054912826956,0,-17.718135800027323,-22.771840450137613,1009208.2922146608,
2014-07-22,56.073516845703125,58.35286712646485,-20.4184467154624,0,-17.9586050118345,-22.74287559497028,1009208.2922146608,
2014-07-23,56.073516845703125,58.35286712646485,-20.4184467154624,0,-17.948894953844217,-22.698839380950993,1009208.2922146608,
2014-07-24,56.073516845703125,58.41636657714844,-20.354947264778815,0,-17.95042651820195,-22.554849514700663,1009208.2922146608,
2014-07-25,55.95187377929688,58.162376403808594,-20.438054912826956,0,-17.928961172837916,-22.550745349865984,1009208.2922146608,
2014-07-28,55.95187377929688,57.97188568115234,-20.628545635483214,0,-17.96991445018255,-22.498263157950724,1009208.2922146608,
2014-07-29,56.31678009033203,58.162376403808594,-20.95067033569306,0,-18.050513582139644,-22.43729870736785,1009208.2922146608,
2014-07-30,56.31678009033203,58.162376403808594,-20.95067033569306,0,-18.192113331884315,-22.269431433411235,1009208.2922146608,
2014-07-31,55.95187377929688,58.09889221191406,-20.501539104721488,0,-18.386166835602673,-21.898461477849224,1009208.2922146608,
2014-08-01,56.073516845703125,58.41636657714844,-20.354947264778815,0,-18.392233188148186,-21.75234028273542,1009208.2922146608,
2014-08-04,56.25596237182617,58.09889221191406,-20.928718623776575,0,-18.46388856816038,-21.618208427151284,1009208.2922146608,
2014-08-05,55.404518127441406,57.84489822387695,-19.986615317294266,0,-18.66480380733053,-21.539699519735876,1009208.2922146608,
2014-08-06,55.46534729003906,57.84489822387695,-20.07206729760979,0,-18.64712301373669,-21.385920230418236,1009208.2922146608,
2014-08-07,56.560054779052734,58.28938293457031,-21.165412779010254,0,-18.747560149610912,-21.270364033421423,1009208.2922146608,
2014-08-08,56.68168258666992,58.09889221191406,-21.52676459161887,1,-18.743882957374584,-21.485949802135092,1009143.7009916689,Long Spread
2014-08-11,57.1074104309082,58.28938293457031,-21.934330554474585,1,-18.655338543610835,-21.77544604100844,1008673.2267485048,
2014-08-12,56.74250411987305,58.28938293457031,-21.42171513160848,1,-18.535954580225788,-22.365655069730185,1009403.0393705751,
2014-08-13,56.8641357421875,58.54335403442383,-21.338610480542158,1,-18.528472396219907,-22.055636015464426,1009667.7183256532,
2014-08-14,57.16822814941406,58.41636657714844,-21.892782815707477,1,-18.62106008379528,-22.324964210035997,1008805.5585966493,
2014-08-15,57.47230529785156,58.41636657714844,-22.31994625825807,1,-19.033458758309838,-22.81769729402036,1008197.4042997743,
2014-08-18,57.47230529785156,58.35286712646485,-22.383445708941657,1,-18.87825324019655,-24.44692317060388,1008070.4053984071,
2014-08-19,57.71558380126953,59.05132675170898,-22.026740416611283,1,-19.256480785773167,-24.585390389556903,1008980.7676420595,
2014-08-20,57.77639389038086,59.241817474365234,-21.92167488009636,1,-19.068974660944594,-23.808098540489812,1009240.1289091493,
2014-08-21,57.9588508605957,59.17830657958984,-22.241498845139652,1,-19.286880666605345,-23.58277927380507,1008748.1931791689,
2014-08-22,58.3237533569336,59.43230438232422,-22.500111106436563,1,-19.35738353966749,-24.092785964315038,1008526.3837919618,
2014-08-25,58.08047866821289,59.36880493164063,-22.221861583041225,1,-19.821336038143723,-24.12703073918711,1008885.934268036,
2014-08-26,58.26293182373047,59.36880493164063,-22.478169294474277,1,-19.986520782045154,-23.418943909888846,1008521.0279570009,
2014-08-27,58.8102912902832,59.36880493164063,-23.24709242877345,1,-20.037867530022147,-23.72674664706541,1007426.3090238954,
2014-08-28,58.93191909790039,59.49580001831055,-23.290958432055902,1,-20.403287072736028,-24.139473661850595,1007437.0435820009,
2014-08-29,57.9588508605957,58.98783493041992,-22.431970494309567,1,-20.64725219321617,-25.950314196787616,1008367.249880829,
2014-09-01,56.13433074951172,58.54335403442383,-20.313390352479615,0,-19.973891641017513,-24.09680912346271,1011062.7412036135,Close
2014-09-02,55.100433349609375,58.35286712646485,-19.051472254486107,-1,-19.359564936946946,-23.523389842683287,1010998.2030715945,Short Spread
2014-09-03,55.404518127441406,58.98783493041992,-18.843678610751297,-1,-18.408456874936505,-23.809634019149875,1010336.4370193484,
2014-09-04,55.708614349365234,58.73384475708008,-19.52485902081591,-1,-17.80864396691826,-23.999103496003357,1011452.6098098757,
2014-09-05,55.46534729003906,58.41636657714844,-19.500598944338307,-1,-18.377517486853957,-23.87131047280757,1011601.0320510867,
2014-09-09,55.34370803833008,58.60686111450195,-19.139227240527916,-1,-18.11599356914042,-23.896174098492025,1010976.7644729617,
2014-09-10,55.34370803833008,58.35286712646485,-19.393221228565018,-1,-17.3257556828178,-23.913202069645045,1011484.7524490359,
2014-09-11,54.97880554199219,58.28938293457031,-18.944095356428278,-1,-17.46700021108508,-23.893543723118214,1010881.9158401492,
2014-09-12,55.34370803833008,58.47985458374024,-19.266233771289627,-1,-16.915145625275255,-24.07669758720088,1011230.7775344851,
2014-09-15,55.100433349609375,58.162376403808594,-19.241962977142364,-1,-17.30861658005625,-24.085603757654408,1011379.184516907,
2014-09-16,54.73553466796875,58.03538131713867,-18.85635335861585,-1,-16.744405187733925,-23.91226231830378,1010903.3773269656,
2014-09-17,55.100433349609375,58.22587585449219,-19.17846352645877,-1,-16.61396060079651,-24.224332759694995,1011252.1856155398,
2014-09-18,55.03961944580078,58.41636657714844,-18.90254225882633,-1,-16.91146555397284,-24.188845269117202,1010749.5763626101,
2014-09-19,55.22207260131836,58.41636657714844,-19.158849970259396,-1,-15.050992386715503,-23.519904369346772,1011114.4826736453,
2014-09-22,54.49227142333984,58.162376403808594,-18.38762537437151,-1,-15.535050013093489,-23.270747876265062,1010162.8606643679,
2014-09-23,54.24900436401367,58.22587585449219,-17.982387667278687,-1,-13.506448222268574,-22.3884631834811,1009549.3276443484,
2014-09-24,55.34370803833008,58.28938293457031,-19.456705420459556,0,-10.307881375472599,-21.77062365990374,1011547.175509186,Close
2014-09-25,54.49227142333984,58.09889221191406,-18.45110956626604,0,-15.930356372141166,-23.41930412079517,1011547.175509186,
2014-09-26,55.95187377929688,58.09889221191406,-20.501539104721488,0,-14.778037557209409,-22.71874296482087,1011547.175509186,
2014-09-29,55.647796630859375,57.78141784667969,-20.39185002740527,0,-16.534166480496825,-23.207563671826886,1011547.175509186,
2014-09-30,56.13433074951172,58.22587585449219,-20.630868532411256,0,-16.587468358514265,-23.01002457911912,1011547.175509186,
2014-10-01,55.95187377929688,58.22587585449219,-20.374555462143363,0,-16.64887839671205,-23.10963345352223,1011547.175509186,
2014-10-02,56.13433074951172,58.09889221191406,-20.75785217498938,0,-16.64010676139365,-22.97648775528827,1011547.175509186,
2014-10-03,56.68168258666992,58.28938293457031,-21.33627386896262,0,-16.791115347384675,-22.817053348614543,1011547.175509186,
2014-10-06,55.95187377929688,57.84489822387695,-20.755533092758597,0,-16.93463516429326,-22.755320773423833,1011547.175509186,
2014-10-07,56.62086486816406,57.84489822387695,-21.695322675844963,0,-16.951600669461584,-22.579596974062234,1011547.175509186,
2014-10-08,56.49923706054688,58.09889221191406,-21.2704675978555,0,-17.059839970886845,-22.64829272756946,1011547.175509186,
2014-10-09,56.92495346069336,58.03538131713867,-21.932019101638332,0,-17.371591921438252,-22.029505914489178,1011547.175509186,
2014-10-13,57.41149139404297,57.84489822387695,-22.805984066553364,1,-17.534227084964346,-21.944669611946455,1011482.5652536013,Long Spread
2014-10-14,57.89802551269531,58.03538131713867,-23.298977486110132,1,-17.278535088914605,-22.535959150807923,1010890.46320282,
2014-10-15,58.26293182373047,58.09889221191406,-23.748082014200847,1,-16.960122188172335,-28.087064034492705,1010287.6723703005,
2014-10-16,58.384578704833984,58.09889221191406,-23.918969898327404,1,-17.122631696815812,-23.062615753349267,1010044.3786080935,
2014-10-17,58.99274826049805,57.33694839477539,-25.535262035906584,0,-49.29338013485659,-81.79486543323137,1007239.4986746218,Close
2014-10-20,58.87110900878906,57.84489822387695,-24.856435040348146,1,-16.743338547937594,-24.212514306827256,1007174.8300343325,Long Spread
2014-10-21,58.384578704833984,58.22587585449219,-23.79198625574928,1,-16.613927150465994,-24.697364105601,1008909.8459034731,
2014-10-22,58.01966857910156,58.162376403808594,-23.342864924731913,1,-18.89400579346504,-30.28499432652476,1009512.6672535707,
2014-10-23,58.20212173461914,58.03538131713867,-23.7261677228349,1,-18.357538809867062,-28.567137375340348,1008893.7707691957,
2014-10-24,58.50620269775391,58.22587585449219,-23.962841986866806,1,-19.07903309418444,-29.057496906939242,1008666.5979176332,
2014-10-27,58.14130401611328,58.162376403808594,-23.513736732353948,1,-19.251620921394267,-29.746072464589627,1009269.3963795473,
2014-10-28,58.01966857910156,58.41636657714844,-23.08887475139207,1,-19.02120625054242,-28.353627176707846,1010020.6476002504,
2014-10-29,58.68865585327149,58.67034912109375,-23.774676431698296,1,-19.19548485010998,-27.386276900015933,1009190.6381398012,
2014-10-30,60.02663803100586,58.86083984375,-25.46376487521478,1,-19.44644175986207,-28.121951159197636,1006895.655229645,
2014-10-31,60.02663803100586,58.86083984375,-25.46376487521478,1,-20.476507063109068,-30.770862915402823,1006895.655229645,
2014-11-03,59.78336334228516,58.73384475708008,-25.249010987805804,1,-20.48849329136765,-30.489005795599414,1007128.2144337465,
2014-11-04,59.84418487548828,58.73384475708008,-25.334452250451648,1,-20.794821678046265,-28.64610540854729,1007006.5713673403,
2014-11-05,59.54009628295898,58.67034912109375,-24.970768367382874,1,-21.163100049334986,-27.83270958559558,1007487.7572804262,
2014-11-06,60.02663803100586,58.73384475708008,-25.5907599618847,1,-20.969624754316143,-28.17364515764288,1006641.6650563051,
2014-11-07,59.114376068115234,58.54335403442383,-24.499717486210514,1,-21.78778871366036,-27.55551073742947,1008085.2075367739,
2014-11-10,59.72254943847656,58.86083984375,-25.03658535615969,1,-21.264751254631925,-27.68428034463701,1007503.8324147036,
2014-11-11,59.60091781616211,58.9243392944336,-24.80221945668888,1,-21.621376253502863,-27.782057800981644,1007874.0945606997,
2014-11-12,59.053558349609375,58.67034912109375,-24.287286495729575,1,-21.662852264958442,-27.499830970044574,1008460.8331471254,
2014-11-13,59.84418487548828,58.73384475708008,-25.334452250451648,1,-21.87013350570701,-26.935910193164652,1007006.5713673403,
2014-11-14,59.60091781616211,58.98783493041992,-24.73872382070256,1,-22.055075424280755,-27.236604458099922,1008001.0858326723,
2014-11-17,59.053558349609375,58.79734420776367,-24.160291409059653,1,-22.00171038178282,-27.00315673355979,1008714.8233204653,
2014-11-18,59.47927474975586,58.86083984375,-24.69483638208078,1,-22.3922916644784,-26.504302424070993,1007990.381792145,
2014-11-19,59.90499877929688,59.17830657958984,-24.97542097291808,1,-22.438133933497383,-26.583478897392403,1007773.8672047426,
2014-11-20,59.60091781616211,59.43230438232422,-24.294254368798263,1,-22.86450078934361,-26.312149070878874,1008890.0247364809,
2014-11-21,59.60091781616211,59.36880493164063,-24.35775381948185,1,-22.941823485927475,-26.134601937733752,1008763.0258351137,
2014-11-24,59.6617317199707,59.17830657958984,-24.633682716508837,1,-22.98851518304478,-26.099817086370155,1008260.401323395,
2014-11-25,59.29682540893555,58.67034912109375,-24.629024752138804,1,-23.05869941850608,-26.089322978249683,1007974.2990284731,
2014-11-26,59.17518997192383,58.79734420776367,-24.331157857846847,1,-23.085455079817294,-26.084815610274916,1008471.5600758364,
2014-11-27,59.60091781616211,58.79734420776367,-24.92921454335881,1,-23.095627124832045,-26.066782058169043,1007620.1043873598,
2014-11-28,59.84418487548828,59.05132675170898,-25.01697025582275,1,-23.094663122972282,-25.945329652795788,1007641.5353565981,
2014-12-01,59.72254943847656,58.67034912109375,-25.22707607881594,1,-23.102298410579966,-26.016144622291474,1007122.8509693911,
2014-12-02,59.60091781616211,58.54335403442383,-25.183204716698654,1,-23.245299761820963,-26.11658332135615,1007112.1240406801,
2014-12-03,60.8172721862793,58.86083984375,-26.57443698359286,1,-23.429385523077585,-26.07139767243826,1005314.3869190981,
2014-12-04,61.12135314941406,58.9243392944336,-26.93810633429468,1,-23.335291339882083,-26.514037680173992,1004833.2238941957,
2014-12-05,60.20909881591797,58.9243392944336,-25.65658385363391,1,-23.246199988778177,-27.05737581952889,1006657.7325611879,
2014-12-08,60.39153289794922,59.05132675170898,-25.785877313617412,1,-23.45677669936099,-26.644389771387612,1006546.8393116762,
2014-12-09,60.8172721862793,58.86083984375,-26.57443698359286,1,-23.723956693527178,-26.546953151540052,1005314.3869190981,
2014-12-10,60.20909881591797,58.47985458374024,-26.10106856432727,1,-23.727681609810592,-26.762878457683104,1005768.7631398012,
2014-12-11,59.90499877929688,58.28938293457031,-25.864344617937604,1,-23.61053138572069,-26.776741200823324,1005996.0199147036,
2014-12-12,59.78336334228516,58.35286712646485,-25.62998861842103,1,-23.604100675662888,-26.779564269044368,1006366.2591725161,
2014-12-15,59.29682540893555,58.162376403808594,-25.13699746942396,1,-23.613669698842475,-26.794084907683793,1006958.3535939028,
2014-12-16,60.5131721496582,58.41636657714844,-26.591714654634828,1,-23.578430308823638,-26.737446864478688,1005033.6404591372,
2014-12-17,59.41845703125,58.28938293457031,-25.18085738744945,1,-23.58833801645344,-27.077543229404633,1006969.1034107973,
2014-12-18,60.26991271972656,58.41636657714844,-26.24998711589525,1,-23.52684797696722,-26.858684272360037,1005520.1593190004,
2014-12-19,61.42543029785156,58.73384475708008,-27.555764314198782,1,-23.65972536858508,-27.06957438508831,1003844.0805226137,
2014-12-22,60.75643157958984,58.79734420776367,-26.55246456275914,1,-23.45025895451003,-27.684473742883984,1005309.0768605043,
2014-12-23,61.12135314941406,58.41636657714844,-27.446079051579844,1,-23.543824795733748,-27.529035162108038,1003817.2784596254,
2014-12-24,61.12135314941406,59.05132675170898,-26.811118877019304,1,-23.62683804541788,-27.935402942599477,1005087.1988087465,
2014-12-25,61.42543029785156,58.98783493041992,-27.30177414085894,1,-23.524605958518688,-27.89361286732586,1004352.0608692934,
2014-12-26,61.42543029785156,59.05132675170898,-27.238282319569883,1,-23.635310684422087,-28.223318160584775,1004479.0445118715,
2014-12-29,61.42543029785156,59.17830657958984,-27.111302491689024,1,-23.87999724012466,-28.257514873290113,1004733.0041676332,
2014-12-30,62.64176940917969,59.17830657958984,-28.819999132570054,1,-23.872102495092626,-28.3321935626684,1002300.325944977,
2014-12-31,63.554046630859375,59.6862907409668,-29.593569604862893,1,-23.657526017197032,-29.580091304169084,1001491.7398243715,
2015-01-05,63.24994659423828,59.05132675170898,-29.801337998561102,1,-23.97900115011029,-31.251987681438923,1000830.0119190981,
2015-01-06,61.7295150756836,58.73384475708008,-27.982938474419058,1,-24.20681872987323,-32.16670157598317,1003235.9109669497,
2015-01-07,61.12135314941406,58.73384475708008,-27.128600871648203,1,-23.97928204908809,-29.895476164458145,1004452.2348194887,
2015-01-08,63.554046630859375,58.9243392944336,-30.35552105139609,1,-24.07198763368637,-29.617414813789303,999967.8369313051,
2015-01-09,64.16222381591797,59.05132675170898,-31.0828926322309,1,-24.04219576547551,-30.901690025728062,999005.4574757387,
2015-01-12,65.68263244628906,59.49580001831055,-32.77426873139126,1,-23.9379827698553,-32.44043581064718,996853.5867481997,
2015-01-13,67.20306396484375,59.74977493286133,-34.65617533561144,1,-25.153845301938368,-41.61612214311048,994320.6735401918,
2015-01-14,65.68263244628906,59.62279510498047,-32.64727364472134,1,-22.89063222334441,-32.10315246216903,997107.5769215395,
2015-01-15,64.16222381591797,59.36880493164063,-30.765414452299247,1,-24.19858982427663,-37.50656604972951,999640.413835602,
2015-01-16,65.68263244628906,59.559303283691406,-32.7107654660104,1,-23.408972703961464,-34.79584826446146,996980.5932789614,
2015-01-19,65.68263244628906,59.62279510498047,-32.64727364472134,1,-23.394455511306465,-37.612996095236944,997107.5769215395,
2015-01-20,64.46629333496094,59.94026565551758,-30.6211064533032,1,-24.351827743079593,-37.59310619058736,1000175.19624527,
2015-01-21,65.68263244628906,60.321250915527344,-31.948817834174463,1,-24.058291937951985,-35.35233263216014,998504.4885426332,
2015-01-22,65.68263244628906,60.5117416381836,-31.758327111518206,1,-24.063332226225285,-36.44427430787228,998885.4699879457,
2015-01-23,65.68263244628906,60.63872909545898,-31.63133965424283,1,-24.480771064852892,-36.30102946502668,999139.4449024965,
2015-01-26,65.68263244628906,60.5117416381836,-31.758327111518206,1,-24.831092348468538,-36.15473893076141,998885.4699879457,
2015-01-27,65.68263244628906,60.63872909545898,-31.63133965424283,1,-25.241743720135574,-36.098920382420225,999139.4449024965,
2015-01-28,65.98673248291016,60.63872909545898,-32.05853524980244,1,-25.766995953932653,-35.737734521428976,998531.2448292543,
2015-01-29,65.37855529785156,60.321250915527344,-31.521654391623883,1,-25.632977517333572,-36.198321650127106,999112.6428395082,
2015-01-30,63.24994659423828,60.63872909545898,-28.213935654811102,0,-26.498337921649085,-35.45474739852686,1003939.8610595705,Close
2015-02-02,64.46629333496094,60.575233459472656,-29.98613864934812,0,-25.659029999076868,-34.98521366922441,1003939.8610595705,
2015-02-03,63.554046630859375,60.63872909545898,-28.641131250370712,0,-25.773083621678573,-35.13796262214842,1003939.8610595705,
2015-02-04,63.85811614990234,60.82921600341797,-28.87779706729262,0,-26.03467470937018,-34.86195282319596,1003939.8610595705,
2015-02-05,64.7703857421875,60.95621109008789,-30.03234589662283,0,-26.00945984441482,-34.84897545065534,1003939.8610595705,
2015-02-06,65.07447052001953,60.95621109008789,-30.459520056843076,0,-26.582102968893977,-34.751463171760534,1003939.8610595705,
2015-02-09,65.07447052001953,60.70222091674805,-30.71351023018292,0,-26.78861946346061,-34.70204375405546,1003939.8610595705,
2015-02-10,65.07447052001953,60.95621109008789,-30.459520056843076,0,-27.11457761891632,-34.58629570256641,1003939.8610595705,
2015-02-11,65.37855529785156,60.95621109008789,-30.886694217063337,0,-27.44625939902201,-34.38233593347789,1003939.8610595705,
2015-02-12,65.07447052001953,61.2736930847168,-30.14203806221417,0,-27.420720264245936,-34.42113503323832,1003939.8610595705,
2015-02-13,65.37855529785156,61.52766799926758,-30.31523730788365,0,-27.338419078878417,-34.370603641586605,1003939.8610595705,
2015-02-24,66.29080963134766,62.60710525512695,-30.517322532685043,0,-27.36877163848707,-34.37098195526138,1003939.8610595705,
2015-02-25,67.20306396484375,62.7975959777832,-31.60835429068956,0,-27.847482359876913,-34.25521280521862,1003939.8610595705,
2015-02-26,65.37855529785156,62.35312271118164,-29.489782595969587,0,-28.4332764858421,-34.02276963783591,1003939.8610595705,
2015-03-02,66.89898681640625,62.22613906860352,-31.752647757318663,0,-28.014637119586745,-34.020209288980794,1003939.8610595705,
2015-03-03,66.89898681640625,62.22613906860352,-31.752647757318663,0,-28.10383226417881,-34.0974733265516,1003939.8610595705,
2015-03-04,66.29080963134766,62.22613906860352,-30.898288719208473,0,-28.1057021618374,-33.90345034177818,1003939.8610595705,
2015-03-05,65.98673248291016,62.22613906860352,-30.471125276657894,0,-28.401001142223485,-33.24017751120999,1003939.8610595705,
2015-03-06,65.68263244628906,62.22613906860352,-30.043929681098284,0,-28.39413067552548,-33.18370850186942,1003939.8610595705,
2015-03-09,64.46629333496094,61.71815872192383,-28.84321338689695,0,-28.354332358110884,-33.23145922593325,1003939.8610595705,
2015-03-10,65.98673248291016,61.78166580200195,-30.915598543259463,0,-28.13626567642003,-32.98242809936872,1003939.8610595705,
2015-03-11,65.98673248291016,61.78166580200195,-30.915598543259463,0,-28.31847536928549,-32.85485429919279,1003939.8610595705,
2015-03-12,65.98673248291016,61.90864181518555,-30.78862253007587,0,-28.344020836436666,-32.927614661154195,1003939.8610595705,
2015-03-13,66.89898681640625,62.54360580444336,-31.435181021478826,0,-28.348145694008064,-32.77723251622628,1003939.8610595705,
2015-03-16,65.68263244628906,62.22613906860352,-30.043929681098284,0,-28.372850905235403,-32.769797492795576,1003939.8610595705,
2015-03-17,66.59490203857422,62.48012161254883,-31.071491053153096,0,-28.332981319405924,-32.66094168324008,1003939.8610595705,
2015-03-18,65.98673248291016,62.60710525512695,-30.090159090134463,0,-28.374184921122406,-32.60673695872413,1003939.8610595705,
2015-03-19,66.59490203857422,62.8610954284668,-30.690517237235127,0,-28.359965055147804,-32.501248590143206,1003939.8610595705,
2015-03-20,67.81124877929688,62.92458724975586,-32.335732774496776,0,-28.426091633363562,-32.35400196298597,1003939.8610595705,
2015-03-23,67.20306396484375,62.73408889770508,-31.671861370767687,0,-28.36192771886114,-32.50077452753421,1003939.8610595705,
2015-03-24,67.50716400146484,63.30556106567383,-31.527584798358546,0,-28.701550752256882,-32.49324679055377,1003939.8610595705,
2015-03-25,67.20306396484375,63.1785774230957,-31.22737284537706,0,-28.68785108187197,-32.56645505738962,1003939.8610595705,
2015-03-26,66.89898681640625,63.36906051635742,-30.609726309564763,0,-28.972827276758885,-32.483143012122866,1003939.8610595705,
2015-03-27,66.89898681640625,63.1785774230957,-30.800209402826482,0,-29.1575800549757,-32.36351301848292,1003939.8610595705,
2015-03-30,66.89898681640625,63.1785774230957,-30.800209402826482,0,-29.198499563015794,-32.358654836848565,1003939.8610595705,
2015-03-31,66.59490203857422,63.1785774230957,-30.37303524260622,0,-29.213196902362114,-32.363228466453535,1003939.8610595705,
2015-04-01,66.29080963134766,62.67060470581055,-30.45382308200145,0,-29.190105253740175,-32.357351542678515,1003939.8610595705,
2015-04-02,67.50716400146484,63.051570892333984,-31.78157497169839,0,-29.19114773447451,-32.358592249899694,1003939.8610595705,
2015-04-07,66.89898681640625,62.73408889770508,-31.244697928217107,0,-29.174800360244266,-32.442891249023155,1003939.8610595705,
2015-04-08,65.68263244628906,62.73408889770508,-29.53597985199673,0,-29.230002052079456,-32.46747205935854,1003939.8610595705,
2015-04-09,67.20306396484375,62.92458724975586,-31.481363018716905,0,-29.125633294482807,-32.50467226612844,1003939.8610595705,
2015-04-10,65.68263244628906,63.1785774230957,-29.091491326606103,-1,-29.27560974145912,-32.40249563834036,1003874.7066111757,Short Spread
2015-04-13,67.20306396484375,63.242069244384766,-31.163881024088,-1,-29.105711585934028,-32.47733838012686,1006788.5860057069,
2015-04-14,66.29080963134766,62.8610954284668,-30.2633323593452,-1,-29.112932321797995,-32.440486093156125,1005726.0249705507,
2015-04-15,63.554046630859375,61.90864181518555,-27.371218530644143,-1,-29.05809096265487,-32.478087975579065,1002157.4061961366,
2015-04-16,63.24994659423828,62.28962326049805,-26.563041489772033,-1,-28.468596071970545,-32.74431666759951,1000787.2432322694,
2015-04-17,62.94586181640625,61.97214889526367,-26.453341694786147,-1,-27.46911353637598,-33.15449063829504,1000814.0224070741,
2015-04-20,62.94586181640625,62.0991325378418,-26.326358052208022,-1,-26.55424539248223,-33.49425874817867,1000560.0551219179,
2015-04-21,64.46629333496094,62.22613906860352,-28.335233040217254,-1,-25.76940531120355,-33.77324668141648,1003346.9050975038,
2015-04-22,64.7703857421875,62.22613906860352,-28.762417918107197,-1,-26.563649066593527,-33.72248956197714,1003955.0899119569,
2015-04-23,65.68263244628906,62.73408889770508,-29.53597985199673,-1,-26.29299476399109,-33.51166965341799,1004763.6836619569,
2015-04-24,66.59490203857422,63.11507797241211,-30.436534693289815,-1,-26.38270686248648,-33.49108569493199,1005826.2446971132,
2015-04-27,66.59490203857422,63.051570892333984,-30.50004177336794,-1,-26.47454487569869,-33.56513315565505,1005953.2588572694,
2015-04-28,66.29080963134766,63.051570892333984,-30.07285689547801,-1,-26.467042824768054,-33.41103163884019,1005345.0740428163,
2015-04-29,65.98673248291016,63.11507797241211,-29.582186372849307,-1,-26.50793384785503,-33.536797712825575,1004609.905585785,
2015-04-30,65.68263244628906,62.8610954284668,-29.40897332123501,-1,-26.366580654079954,-33.295706986098544,1004509.6706004335,
2015-05-04,65.98673248291016,62.8610954284668,-29.83616891679462,-1,-26.372859604787305,-33.38416543927654,1005117.8706736757,
2015-05-05,65.68263244628906,63.051570892333984,-29.218497857367822,-1,-26.365323618697566,-33.302018564734276,1004128.7196726991,
2015-05-06,66.29080963134766,63.11507797241211,-30.009349815399887,-1,-26.34200643603387,-32.73191588926073,1005218.05988266,
2015-05-07,66.59490203857422,62.67060470581055,-30.881007959891377,0,-26.444905979860444,-32.78223974082246,1006650.0206100466,Close
2015-05-08,65.98673248291016,62.7975959777832,-29.899668367478213,0,-26.51341824294575,-32.841450644787976,1006650.0206100466,
2015-05-11,66.59490203857422,62.92458724975586,-30.627025415946065,0,-26.48679675747769,-32.686968829990676,1006650.0206100466,
2015-05-12,65.68263244628906,62.92458724975586,-29.345481499945947,0,-26.532022922335972,-32.83670111074785,1006650.0206100466,
2015-05-13,64.7703857421875,62.67060470581055,-28.317952280900172,0,-26.44086264352225,-32.63148769441918,1006650.0206100466,
2015-05-14,65.37855529785156,62.48012161254883,-29.3627836946024,0,-26.257597173904063,-32.51156806985319,1006650.0206100466,
2015-05-15,64.46629333496094,62.48012161254883,-28.08125049627195,0,-26.357342166852717,-32.5437958482733,1006650.0206100466,
2015-05-18,65.07447052001953,62.48012161254883,-28.935609534382138,0,-26.138111882845347,-32.43579672468341,1006650.0206100466,
2015-05-19,65.98673248291016,62.8610954284668,-29.83616891679462,0,-26.292191256636038,-32.08136040139571,1006650.0206100466,
2015-05-20,65.98673248291016,62.54360580444336,-30.153658540818057,0,-26.38409934255944,-32.055762966986805,1006650.0206100466,
2015-05-21,64.46629333496094,61.97214889526367,-28.589223213557105,0,-26.42389179659707,-32.25260753038809,1006650.0206100466,
2015-05-22,64.7703857421875,62.35312271118164,-28.63543427552908,0,-26.365268631772302,-31.772873933610363,1006650.0206100466,
2015-05-25,65.37855529785156,62.22613906860352,-29.616766238547704,0,-26.373533001073806,-31.94848582223734,1006650.0206100466,
2015-05-26,65.07447052001953,62.0991325378418,-29.31659860908917,0,-26.45853892601946,-31.62326255782244,1006650.0206100466,
2015-05-27,65.37855529785156,62.0991325378418,-29.74377276930943,0,-26.446384253354687,-31.641433635418316,1006650.0206100466,
2015-05-28,64.46629333496094,61.78166580200195,-28.779706306818824,0,-26.95525662311023,-31.833113312069294,1006650.0206100466,
2015-05-29,65.68263244628906,61.5911750793457,-30.678893670356103,0,-27.275959897723215,-31.522063429224243,1006650.0206100466,
2015-06-01,64.46629333496094,61.6546745300293,-28.90669757879148,0,-27.610173704275887,-31.52371617959247,1006650.0206100466,
2015-06-02,63.85811614990234,61.52766799926758,-28.17934507144301,0,-27.93663263940102,-31.12419842594209,1006650.0206100466,
2015-06-03,64.16222381591797,61.33719253540039,-28.79702684853949,0,-27.83558360329522,-31.143487175426884,1006650.0206100466,
2015-06-04,63.24994659423828,60.82921600341797,-28.02344874685211,0,-27.843006075639018,-31.142954608636366,1006650.0206100466,
2015-06-05,62.94586181640625,60.95621109008789,-27.469279499961928,-1,-27.65411919411742,-31.17799769960579,1006585.0645271303,Short Spread
2015-06-08,63.85811614990234,62.0356330871582,-27.671379983552384,-1,-27.367128160279947,-31.155972858961512,1006250.7291999819,
2015-06-09,63.554046630859375,61.5911750793457,-27.688685266483986,-1,-27.224078419243494,-31.08920934380154,1006531.506177521,
2015-06-10,63.554046630859375,61.5911750793457,-27.688685266483986,-1,-27.071468069595085,-31.080322664875716,1006531.506177521,
2015-06-11,64.46629333496094,61.90864181518555,-28.65273029363523,-1,-26.925365710942003,-31.105489516162223,1007721.0661140444,
2015-06-12,63.554046630859375,61.5911750793457,-27.688685266483986,-1,-26.975245385294883,-31.101761143185676,1006531.506177521,
2015-06-15,63.554046630859375,61.33719253540039,-27.9426678104293,-1,-26.783286566622685,-31.03394025596561,1007039.4712654116,
2015-06-16,63.554046630859375,60.95621109008789,-28.3236492557418,-1,-26.731309411008326,-31.057483384282868,1007801.4341560366,
2015-06-17,62.64176940917969,60.765716552734375,-27.232589159425515,-1,-26.720674498472523,-30.92109605592864,1006357.8687873842,
2015-06-18,64.16222381591797,60.8927116394043,-29.241507744535582,-1,-26.607880392510918,-30.65457309338242,1009144.787427521,
2015-06-22,64.46629333496094,61.40068435668945,-29.160687752131324,-1,-26.73126192425586,-30.71965098961416,1008736.9810310366,
2015-06-23,65.07447052001953,61.5911750793457,-29.824556067585263,0,-26.829838115454898,-30.49581090353258,1009507.2873300173,Close
2015-06-24,65.07447052001953,61.71815872192383,-29.697572425007138,0,-26.818362777947776,-30.61916384906717,1009507.2873300173,
2015-06-25,65.37855529785156,61.90864181518555,-29.93426349196568,0,-26.858266966018366,-30.7268966919921,1009507.2873300173,
2015-06-26,66.08431243896484,61.90864181518555,-30.92570152521391,1,-26.811699279610004,-30.776081183909888,1009442.1676118472,Long Spread
2015-06-29,67.04670715332031,61.90864181518555,-32.27766053097611,1,-26.810173551345315,-31.213449224533186,1007517.3781831362,
2015-06-30,66.08431243896484,62.48012161254883,-30.35422172785063,1,-26.372558113320178,-32.332486415495275,1010585.1272065737,
2015-07-01,67.36750793457031,62.22613906860352,-32.410819852035424,1,-26.453724106233047,-31.628005247876807,1007510.7711274722,
2015-07-02,66.08431243896484,62.28962326049805,-30.54472007990141,1,-26.11467357884032,-32.47370423627393,1010204.1305024722,
2015-07-03,66.08431243896484,62.4166145324707,-30.417728807928754,1,-26.340486562877196,-32.26304558786598,1010458.1130464175,
2015-07-06,65.44271850585938,62.4166145324707,-29.51642637664385,1,-26.37038328441328,-32.3361248298593,1011741.3009126284,
2015-07-07,65.44271850585938,62.67060470581055,-29.262436203304006,1,-26.25500411376052,-32.14958512462573,1012249.2812593081,
2015-07-08,65.44271850585938,62.22613906860352,-29.70690184051103,1,-26.2553262383916,-32.152594477054386,1011360.349984894,
2015-07-09,64.1595230102539,62.0356330871582,-28.094792241716874,0,-26.25720660644767,-32.150841229117525,1013480.6812069705,Close
2015-07-10,64.1595230102539,62.0356330871582,-28.094792241716874,0,-26.130200681080762,-32.133988750019675,1013480.6812069705,
2015-07-13,64.48031616210938,62.35312271118164,-28.227948474501048,0,-25.976708377425012,-31.787386477670175,1013480.6812069705,
2015-07-14,66.08431243896484,62.35312271118164,-30.481220629217816,0,-26.018375324054762,-31.987342354843936,1013480.6812069705,
2015-07-15,65.44271850585938,62.35312271118164,-29.579918197932912,0,-26.32652984291434,-32.359761174734,1013480.6812069705,
2015-07-16,65.76351928710938,63.39278793334961,-28.990909550242236,0,-26.249303030571305,-32.23063718586247,1013480.6812069705,
2015-07-17,65.44271850585938,63.52638244628906,-28.40665846282549,0,-26.36569184379903,-32.20347320642204,1013480.6812069705,
2015-07-20,64.48031616210938,63.459590911865234,-27.121480273817454,0,-26.481521598079247,-32.13600167263867,1013480.6812069705,
2015-07-21,64.48031616210938,63.52638244628906,-27.054688739393626,0,-26.1920360448807,-32.17378077235329,1013480.6812069705,
2015-07-22,64.80111694335938,63.65999221801758,-27.371735542142403,0,-26.084463354643884,-32.21816333498924,1013480.6812069705,
2015-07-23,65.12191772460938,63.72678756713867,-27.755596767498588,0,-26.10315718612657,-32.228216729122394,1013480.6812069705,
2015-07-24,66.40510559082031,63.79358673095703,-29.49140246625005,0,-25.949987013576013,-32.21288991270121,1013480.6812069705,
2015-07-27,65.76351928710938,64.1275863647461,-28.25611111884575,0,-26.37747769633444,-32.32515379488161,1013480.6812069705,
2015-07-28,65.76351928710938,63.79358673095703,-28.590110752634814,0,-26.264917595262876,-32.24339075850461,1013480.6812069705,
2015-07-29,65.44271850585938,64.1275863647461,-27.80545454436846,0,-26.276007367949212,-32.2441271785103,1013480.6812069705,
2015-07-30,66.08431243896484,64.46158599853516,-28.3727573418643,0,-26.401383473714088,-32.19538492524329,1013480.6812069705,
2015-07-31,67.04670715332031,65.46358489990234,-28.72271744625931,0,-26.184147437967926,-32.14232269044878,1013480.6812069705,
2015-08-03,66.40510559082031,65.32997131347656,-27.95501788373052,0,-26.21015863149926,-32.154925131151614,1013480.6812069705,
2015-08-04,67.36750793457031,66.06477355957031,-28.572185361068634,0,-25.97296971944113,-32.0252920253689,1013480.6812069705,
2015-08-05,67.68830108642578,66.33196258544922,-28.755642191997353,0,-26.028653824630013,-32.02116276978938,1013480.6812069705,
2015-08-06,66.40510559082031,65.86437225341797,-27.420616943789113,0,-26.01733298385365,-31.9472850657005,1013480.6812069705,
2015-08-07,67.04670715332031,65.46358489990234,-28.72271744625931,0,-25.77560798275318,-31.61900319724819,1013480.6812069705,
2015-08-10,66.08431243896484,65.59717559814453,-27.237167742254925,0,-26.24003408084722,-31.08752642263912,1013480.6812069705,
2015-08-11,66.08431243896484,65.9311752319336,-26.903168108465863,0,-25.95050999922239,-31.155918245047225,1013480.6812069705,
2015-08-12,65.44271850585938,66.13157653808594,-25.801464371028615,-1,-26.27287263389946,-30.359337631056547,1013415.4182351687,Short Spread
2015-08-13,65.76351928710938,65.73078155517578,-26.652915928416064,-1,-25.728056751994338,-30.470485257945512,1014858.609763489,
2015-08-14,65.76351928710938,65.12957000732422,-27.254127476267627,-1,-25.848084727442153,-30.285322072339465,1016061.0328591921,
2015-08-17,64.80111694335938,65.06277465820312,-25.968953101956856,-1,-25.85633450549099,-30.264582781382224,1014269.8188699343,
2015-08-18,64.48031616210938,65.73078155517578,-24.850289630506907,-1,-25.483800291325082,-30.277019220475708,1012292.203513489,
2015-08-19,65.12191772460938,65.73078155517578,-25.75160277946148,-1,-24.793776578042415,-30.263545317181812,1013575.406638489,
2015-08-20,64.48031616210938,65.39677429199219,-25.1842968936905,-1,-24.76590578509091,-30.424387879442175,1012960.2180398562,
2015-08-21,64.1595230102539,65.12957000732422,-25.00085532155086,-1,-24.23399716111536,-30.5064847816502,1012853.0403054812,
2015-08-24,62.49136734008789,63.52638244628906,-24.260640484740733,-1,-23.77942305724126,-30.5150874771641,1012723.1040872195,
2015-08-25,62.17058181762695,63.65999221801758,-23.676395573874288,-1,-23.190800461826896,-29.55193068828853,1011814.3134988406,
2015-08-26,62.23473739624024,63.52638244628906,-23.90013022989646,-1,-21.69894599373915,-29.53978911481979,1012209.8441995241,
2015-08-27,63.06880569458008,64.19438171386719,-24.40381876415387,-1,-21.594426372549414,-29.589154980216186,1012541.9822610476,
2015-08-28,63.00465774536133,64.19438171386719,-24.31370459752989,-1,-21.957838189609593,-29.711043400182778,1012413.6863626101,
2015-08-31,62.74801254272461,65.99796295166016,-22.14959166955329,-1,-21.493719989233664,-30.088192814647865,1008293.2334817507,
2015-09-01,63.83872222900391,65.06277465820312,-24.61699409619466,0,-10.195454623733625,-28.797908860921027,1012279.8733813479,Close
2015-09-02,64.03120422363281,64.79558563232422,-25.154579210293875,0,-21.524089301054254,-30.241929324725874,1012279.8733813479,
2015-09-03,65.12191772460938,64.99598693847656,-26.486397396160697,0,-21.69652677517535,-30.062083753247414,1012279.8733813479,
2015-09-04,64.03120422363281,65.12957000732422,-24.820594835293875,0,-22.28421150029259,-29.41022083038087,1012279.8733813479,
2015-09-07,64.80111694335938,65.12957000732422,-25.902157752835762,0,-21.757439566352065,-29.45360565141935,1012279.8733813479,
2015-09-08,64.1595230102539,64.46158599853516,-25.66883933033992,0,-22.140282719812557,-29.30430366342797,1012279.8733813479,
2015-09-09,64.1595230102539,65.12957000732422,-25.00085532155086,0,-22.07968463615051,-29.34482694699789,1012279.8733813479,
2015-09-10,64.1595230102539,65.12957000732422,-25.00085532155086,0,-22.01266347418214,-28.926669277364873,1012279.8733813479,
2015-09-11,64.80111694335938,65.46358489990234,-25.568142860257637,0,-22.158271500452237,-28.57819918233843,1012279.8733813479,
2015-09-14,64.80111694335938,65.46358489990234,-25.568142860257637,0,-22.254962153469,-28.625087281894796,1012279.8733813479,
2015-09-15,65.12191772460938,65.73078155517578,-25.75160277946148,0,-22.44494027452489,-28.218533832796446,1012279.8733813479,
2015-09-16,64.80111694335938,65.73078155517578,-25.3009462049842,0,-22.678351136912344,-27.89496186670139,1012279.8733813479,
2015-09-17,64.80111694335938,65.79756927490234,-25.234158485257637,0,-22.632269315167903,-27.900890463020225,1012279.8733813479,
2015-09-18,66.72590637207031,65.79756927490234,-27.93807649678203,1,-22.97153005963832,-27.28649838556924,1012214.572442322,Long Spread
2015-09-21,65.76351928710938,65.12957000732422,-27.254127476267627,1,-22.827533275024003,-27.860668661300878,1012803.3480770877,
2015-09-22,66.72590637207031,65.66397094726562,-28.07167482441875,1,-22.81317106482686,-27.869252290282667,1011947.3757870486,
2015-09-23,64.80111694335938,65.26316833496094,-25.768559425199044,1,-22.65923902579852,-28.463008367808705,1014995.3494198611,
2015-09-24,64.80111694335938,65.5303726196289,-25.501355140531075,1,-22.664851366794487,-27.99951818837725,1015529.757989197,
2015-09-25,64.1595230102539,65.46358489990234,-24.666840428972733,1,-22.714509867544617,-27.769861931336077,1016679.3704159549,
2015-09-29,64.1595230102539,65.46358489990234,-24.666840428972733,1,-22.64015343956368,-27.78465197629453,1016679.3704159549,
2015-09-30,64.48031616210938,65.99796295166016,-24.583108234022532,1,-22.671043041213156,-27.83516246510965,1017106.5402157595,
2015-10-01,64.1595230102539,65.9311752319336,-24.199250096941483,0,-22.577523989766263,-27.75263828739172,1017549.3474520877,Close
2015-10-02,64.48031616210938,66.13157653808594,-24.44949464759675,0,-22.502843764843448,-27.771324807479964,1017549.3474520877,
2015-10-05,63.90288925170898,65.86437225341797,-23.905537461777968,0,-22.49859996341586,-27.78096979521243,1017549.3474520877,
2015-10-06,64.1595230102539,65.86437225341797,-24.26605307545711,0,-22.466387175424945,-27.80722011085218,1017549.3474520877,
2015-10-07,64.48031616210938,65.79756927490234,-24.783501910780345,0,-22.618233221505207,-27.793877929070526,1017549.3474520877,
2015-10-08,64.48031616210938,65.79756927490234,-24.783501910780345,0,-22.708076568677864,-27.788440602164084,1017549.3474520877,
2015-10-12,64.80111694335938,66.13157653808594,-24.900151222074044,0,-22.696088641898676,-27.77926480810791,1017549.3474520877,
2015-10-13,65.12191772460938,66.06477355957031,-25.417610775066947,0,-22.75267418055341,-27.780699478142676,1017549.3474520877,
2015-10-14,64.48031616210938,66.06477355957031,-24.516297626112376,0,-23.419429629001225,-27.514559097184065,1017549.3474520877,
2015-10-15,65.12191772460938,66.33196258544922,-25.15042174918804,0,-23.15642995326147,-27.532036390516655,1017549.3474520877,
2015-10-16,66.08431243896484,65.9311752319336,-26.903168108465863,0,-23.164263759722616,-27.53360579993994,1017549.3474520877,
2015-10-19,65.44271850585938,66.66596984863281,-25.26707106048174,0,-23.135936371229775,-27.631963703112362,1017549.3474520877,
2015-10-20,66.08431243896484,66.79956817626953,-26.034775164129925,0,-23.19026188802348,-27.610195081409366,1017549.3474520877,
2015-10-21,64.80111694335938,66.66596984863281,-24.36575791152717,0,-23.16571326835625,-27.61461620148264,1017549.3474520877,
2015-10-22,65.44271850585938,66.73277282714844,-25.200268081966115,0,-23.01100128588555,-27.550063836071686,1017549.3474520877,
2015-10-23,65.44271850585938,66.79956817626953,-25.13347273284502,0,-23.10477593122197,-27.603233037028875,1017549.3474520877,
2015-10-26,66.72590637207031,67.13356018066406,-26.602085591020312,0,-23.108814902580846,-27.602539942749168,1017549.3474520877,
2015-10-27,66.08431243896484,67.13356018066406,-25.700783159735394,0,-23.1043662368174,-27.75373091387963,1017549.3474520877,
2015-10-28,66.08431243896484,67.13356018066406,-25.700783159735394,0,-23.090335828180294,-27.700616780290268,1017549.3474520877,
2015-10-29,65.76351928710938,67.13356018066406,-25.250137302927783,0,-23.08397230322612,-27.688947223599705,1017549.3474520877,
2015-10-30,65.76351928710938,66.59916687011719,-25.784530613474658,0,-23.081157427160488,-27.688255425376862,1017549.3474520877,
2015-11-02,65.12191772460938,67.13356018066406,-24.348824153973197,0,-23.117701887248206,-27.736905620204933,1017549.3474520877,
2015-11-03,65.44271850585938,66.79956817626953,-25.13347273284502,0,-23.139999979354712,-27.143183639019334,1017549.3474520877,
2015-11-04,65.44271850585938,66.79956817626953,-25.13347273284502,0,-23.26572267248335,-27.030208647842436,1017549.3474520877,
2015-11-05,65.44271850585938,66.79956817626953,-25.13347273284502,0,-23.585800253059237,-26.552128633701845,1017549.3474520877,
2015-11-06,65.76351928710938,66.13157653808594,-26.252120945505908,0,-23.581762814577232,-26.570415258564005,1017549.3474520877,
2015-11-09,65.44271850585938,66.26517486572266,-25.667866043391896,0,-23.556533400219895,-26.688162774624583,1017549.3474520877,
2015-11-10,64.48031616210938,65.79756927490234,-24.783501910780345,0,-23.598299776806172,-26.72724870813954,1017549.3474520877,
2015-11-11,64.48031616210938,65.79756927490234,-24.783501910780345,0,-23.59345047545344,-26.709985107114367,1017549.3474520877,
2015-11-12,64.48031616210938,66.13157653808594,-24.44949464759675,0,-23.611896766556793,-26.70759323859259,1017549.3474520877,
2015-11-13,64.1595230102539,65.5303726196289,-24.60005270924617,0,-23.64435123706782,-26.69326789891291,1017549.3474520877,
2015-11-16,64.1595230102539,64.99598693847656,-25.134438390398515,0,-23.65757544553478,-26.68759870954396,1017549.3474520877,
2015-11-17,64.48031616210938,66.465576171875,-24.11549501380769,0,-23.804776332180587,-26.642816054546728,1017549.3474520877,
2015-11-18,65.12191772460938,65.99796295166016,-25.484421382977104,0,-23.766047110567797,-26.6482050725188,1017549.3474520877,
2015-11-19,64.80111694335938,66.79956817626953,-24.23215958389045,0,-23.80027907611429,-26.667862377532874,1017549.3474520877,
2015-11-20,64.80111694335938,66.33196258544922,-24.699765174710762,0,-23.733750956707574,-26.69085883717328,1017549.3474520877,
2015-11-23,64.48031616210938,66.39877319335938,-24.182297992323313,0,-23.718041632128077,-26.693355357573587,1017549.3474520877,
2015-11-24,64.80111694335938,66.13157653808594,-24.900151222074044,0,-23.618379240281595,-26.698488778167405,1017549.3474520877,
2015-11-25,63.710411071777344,66.13157653808594,-23.36794244772453,-1,-23.658801418420552,-26.698798340113207,1017484.1537725832,Short Spread
2015-11-26,63.6462516784668,66.33196258544922,-23.077426157232765,-1,-23.41528085180208,-26.790619711957852,1016955.0628912356,
2015-11-27,64.1595230102539,66.13157653808594,-23.99884879078914,-1,-23.20717712375473,-26.623314812401812,1018382.3776495364,
2015-11-30,63.26129150390625,66.66596984863281,-22.202632076443393,-1,-23.156721898509993,-26.66250146660876,1015517.1280157473,
2015-12-01,64.1595230102539,66.73277282714844,-23.39765250172664,-1,-22.588525850680817,-26.752293574906467,1017179.9850714114,
2015-12-02,63.710411071777344,66.19837188720703,-23.301147098603437,-1,-22.62804159150331,-26.834778091136954,1017350.563074341,
2015-12-03,63.51792907714844,65.9311752319336,-23.297947665656565,-1,-22.421032967321086,-26.792980914653466,1017499.9923956301,
2015-12-04,63.38960647583008,66.13157653808594,-22.91728051441241,-1,-22.287000331970457,-26.787006170858266,1016842.5445806887,
2015-12-07,63.3254508972168,66.13157653808594,-22.827155630118753,-1,-22.16721195627516,-26.414462557481876,1016714.2334234621,
2015-12-08,62.87633514404297,65.86437225341797,-22.463448212887286,-1,-21.967580946238073,-26.449721953942174,1016350.4104864504,
2015-12-09,62.87633514404297,65.73078155517578,-22.597038911129474,-1,-21.70924601539187,-26.37794901144988,1016617.5918829348,
2015-12-10,62.5555419921875,65.79756927490234,-22.0796053345953,-1,-21.57739717336736,-26.38250304888527,1015842.4301397707,
2015-12-11,62.87633514404297,65.46358489990234,-22.86423556640291,-1,-21.271920218084084,-26.187904364240275,1017151.9851934817,
2015-12-14,62.42721176147461,65.32997131347656,-22.36692673325959,-1,-21.374064148660956,-26.37476389289133,1016520.9656011965,
2015-12-15,62.23473739624024,65.46358489990234,-21.96292777628318,-1,-21.060616567530545,-26.158071088485954,1015868.7896978762,
2015-12-16,62.29888916015625,65.46358489990234,-22.053047301741984,-1,-20.73923162307346,-26.078269324965174,1015997.0932257082,
2015-12-17,63.26129150390625,65.73078155517578,-23.137820369900425,-1,-20.668353599652043,-25.970204408527728,1017387.5046026614,
2015-12-18,62.68385696411133,65.79756927490234,-22.259860462017443,-1,-21.21360301862522,-25.50476754831986,1016099.0600836184,
2015-12-21,63.38960647583008,65.59717559814453,-23.451681454353817,-1,-21.04367826417981,-25.409219131913126,1017911.3464605715,
2015-12-22,62.94049072265625,66.39877319335938,-22.019172157239538,-1,-21.195236133493143,-25.52434896343313,1015409.9197637942,
2015-12-23,62.87633514404297,66.39877319335938,-21.92904727294588,-1,-20.958361111565488,-25.399669928380376,1015281.6086065676,
2015-12-24,63.1971435546875,66.39877319335938,-22.379714565092854,-1,-20.837139706216117,-25.361547407876326,1015923.2254278567,
2015-12-25,63.3254508972168,66.465576171875,-22.49315599632969,-1,-20.88840558872708,-25.23158453931374,1016046.234155884,
2015-12-28,63.58208847045898,66.465576171875,-22.853676968843644,-1,-20.984158334771653,-24.962024885236364,1016559.5093023684,
2015-12-29,63.06880569458008,66.13157653808594,-22.46662393993512,-1,-20.994936421523505,-24.998852668286077,1016200.9430181887,
2015-12-30,62.87633514404297,66.19837188720703,-22.129448579098224,-1,-21.177524193156717,-24.507270503752796,1015682.4112188723,
2015-12-31,64.1595230102539,66.19837188720703,-23.932053441668046,0,-21.1015867571466,-24.499398013822663,1018183.5726354982,Close
2016-01-04,62.87633514404297,65.59717559814453,-22.730644868160724,0,-21.25194594851691,-24.4318518878249,1018183.5726354982,
2016-01-05,63.13297271728516,65.99796295166016,-22.69037848715908,0,-21.282427721713482,-24.295766895994504,1018183.5726354982,
2016-01-06,62.5555419921875,65.9311752319336,-21.94599937756405,0,-21.482226631864435,-23.963455867971845,1018183.5726354982,
2016-01-07,62.5555419921875,66.26517486572266,-21.611999743774987,0,-21.428080715679272,-23.936567396379047,1018183.5726354982,
2016-01-08,62.5555419921875,66.39877319335938,-21.47840141613827,0,-21.31498381681855,-23.942386950627036,1018183.5726354982,
2016-01-11,63.06880569458008,66.79956817626953,-21.798632301751525,0,-21.268939346614076,-23.79784810633874,1018183.5726354982,
2016-01-12,63.83872222900391,67.46756744384766,-22.212201310550128,0,-21.231518155423444,-23.822653578275293,1018183.5726354982,
2016-01-13,63.83872222900391,67.80155944824219,-21.878209306155597,0,-21.229611257314996,-23.716161614815636,1018183.5726354982,
2016-01-14,63.774559020996094,68.46955871582031,-21.120074436614146,-1,-21.200718549153805,-23.6467014768684,1018118.2828707888,Short Spread
2016-01-15,62.87633514404297,67.46756744384766,-20.8602530224576,-1,-21.050997615537792,-23.623003935070262,1018325.8176608279,
2016-01-18,62.87633514404297,66.79956817626953,-21.528252290035724,-1,-20.835100202402906,-23.662951948409145,1019661.8161959841,
2016-01-19,62.87633514404297,67.80155944824219,-20.526261018063067,-1,-20.810110772411843,-23.632285188019356,1017657.8336520388,
2016-01-20,62.23473739624024,67.80155944824219,-19.624953227943337,-1,-20.51116892673802,-23.73040928748529,1016374.6381564334,
2016-01-21,62.23473739624024,67.13356018066406,-20.29295249552146,-1,-19.798102519176222,-23.940107664340385,1017710.6366915896,
2016-01-22,63.710411071777344,67.13356018066406,-22.365958805146406,-1,-19.781464390860094,-23.986383613901516,1020661.9840426638,
2016-01-25,64.09535217285156,68.13555145263672,-21.90472755660535,-1,-20.028258127173938,-23.932437361986874,1019427.883700867,
2016-01-26,63.06880569458008,68.13555145263672,-20.462649025384337,-1,-20.009728495638107,-23.92246758889661,1017374.790744324,
2016-01-27,63.6462516784668,68.13555145263672,-21.273837290045265,-1,-19.76625440578988,-23.960997304476997,1018529.6827120974,
2016-01-28,63.90288925170898,68.46955871582031,-21.300350999375624,-1,-19.798054113367222,-23.948769428416824,1018374.9433322146,
2016-01-29,64.1595230102539,68.80355072021484,-21.326874608660233,-1,-19.769871560345905,-23.754319260154453,1018220.2268405154,
2016-01-30,64.1595230102539,68.80355072021484,-21.326874608660233,-1,-19.746518341079923,-23.788735061435606,1018220.2268405154,
2016-02-01,64.09535217285156,68.80355072021484,-21.236728289027226,-1,-19.78797330821554,-23.50149365547467,1018091.8851657107,
2016-02-02,63.90288925170898,68.80355072021484,-20.966358994981093,-1,-19.747950429429505,-23.590304926433067,1017706.9593234255,
2016-02-03,63.90288925170898,68.80355072021484,-20.966358994981093,-1,-19.672920072701558,-23.574571179568366,1017706.9593234255,
2016-02-15,63.58208847045898,69.80554962158203,-19.513703519136612,-1,-19.614124982935028,-23.482229886985348,1015061.3599581912,
2016-02-16,64.1595230102539,70.1395492553711,-19.990876073503983,-1,-19.14220631177314,-23.506681609137193,1015548.2297702029,
2016-02-17,65.12191772460938,70.47354125976562,-21.008843074871635,-1,-19.14975851810339,-23.347399893922265,1016805.0351901248,
2016-02-18,65.44271850585938,69.80554962158203,-22.12749128753252,0,-19.27400235420275,-23.33004426266252,1018717.2100982668,Close
2016-02-19,64.80111694335938,70.1395492553711,-20.892178504788887,0,-19.328621098108123,-23.430007986109246,1018717.2100982668,
2016-02-22,64.80111694335938,69.47154998779297,-21.560177772367012,0,-19.50974507202494,-22.83201398521048,1018717.2100982668,
2016-02-23,65.44271850585938,69.47154998779297,-22.461490921321584,0,-19.562612962031093,-22.836966871821918,1018717.2100982668,
2016-02-24,64.1595230102539,68.80355072021484,-21.326874608660233,0,-19.59276398368024,-22.84885708348862,1018717.2100982668,
2016-02-25,65.44271850585938,69.80554962158203,-22.12749128753252,0,-19.588804299577312,-22.796094669617247,1018717.2100982668,
2016-02-26,65.76351928710938,69.80554962158203,-22.578147862009814,0,-19.585604461844266,-22.880809194539577,1018717.2100982668,
2016-03-01,66.40510559082031,70.47354125976562,-22.811447937441457,0,-19.543632668540486,-23.033512742713558,1018717.2100982668,
2016-03-02,66.40510559082031,70.47354125976562,-22.811447937441457,0,-19.47606553177093,-23.182198644448068,1018717.2100982668,
2016-03-03,66.72590637207031,70.80754089355469,-22.928104878129687,0,-19.427190915743918,-23.252020476453747,1018717.2100982668,
2016-03-04,65.44271850585938,70.80754089355469,-21.125500015559865,0,-19.372084430301292,-23.434150429141376,1018717.2100982668,
2016-03-07,66.40510559082031,70.80754089355469,-22.477448303652395,0,-19.369497781960256,-23.33622680776626,1018717.2100982668,
2016-03-08,66.08431243896484,70.1395492553711,-22.694794085028363,0,-19.430186591568674,-23.499503377496122,1018717.2100982668,
2016-03-09,65.44271850585938,70.47354125976562,-21.459499649348928,0,-19.384385669034273,-23.608178466345343,1018717.2100982668,
2016-03-10,65.76351928710938,70.80754089355469,-21.576156590037158,0,-19.47666518280189,-23.552709258769934,1018717.2100982668,
2016-03-11,66.08431243896484,70.80754089355469,-22.02680244684477,0,-19.745980399258528,-23.4652517606142,1018717.2100982668,
2016-03-14,66.08431243896484,70.80754089355469,-22.02680244684477,0,-19.828997707810743,-23.47565122413242,1018717.2100982668,
2016-03-15,66.08431243896484,71.47554016113281,-21.358803179266644,0,-19.770767492343666,-23.39693824918936,1018717.2100982668,
2016-03-16,65.76351928710938,71.80953216552734,-20.5741653180645,0,-19.741363194394467,-23.374665585538146,1018717.2100982668,
2016-03-17,67.04670715332031,72.1435317993164,-22.042770546845247,0,-19.78344439925107,-23.387952544905485,1018717.2100982668,
2016-03-18,66.08431243896484,72.47752380371094,-20.35681953668852,0,-19.821948474466538,-23.44722993054998,1018717.2100982668,
2016-03-21,66.72590637207031,72.1435317993164,-21.59211397236797,0,-19.653337350458226,-23.43981770754102,1018717.2100982668,
2016-03-22,67.36750793457031,72.8115234375,-21.825435483138946,0,-19.71921729446717,-23.46342088532323,1018717.2100982668,
2016-03-23,67.36750793457031,72.8115234375,-21.825435483138946,0,-19.742703275522967,-23.486387541731577,1018717.2100982668,
2016-03-24,67.36750793457031,73.4795150756836,-21.157443844955353,0,-19.77019112962703,-23.503949285295597,1018717.2100982668,
2016-03-25,67.04670715332031,73.81352233886719,-20.372780007294466,0,-19.776779475292745,-23.489404000367596,1018717.2100982668,
2016-03-28,67.04670715332031,73.14552307128906,-21.04077927487259,0,-19.674421209574582,-23.511176669100287,1018717.2100982668,
2016-03-29,66.40510559082031,72.8115234375,-20.473465759707082,0,-20.00592412445187,-23.37844605821302,1018717.2100982668,
2016-03-30,67.04670715332031,73.81352233886719,-20.372780007294466,0,-20.04028867220146,-23.328670274099483,1018717.2100982668,
2016-03-31,67.04670715332031,73.14552307128906,-21.04077927487259,0,-19.922645098643432,-23.36391979969169,1018717.2100982668,
2016-04-01,67.04670715332031,73.14552307128906,-21.04077927487259,0,-19.87522850879104,-23.312297925449926,1018717.2100982668,
2016-04-06,65.76351928710938,71.47554016113281,-20.908157322459033,0,-19.92074637283613,-23.332896020064386,1018717.2100982668,
2016-04-07,66.72590637207031,72.1435317993164,-21.59211397236797,0,-19.843944593252164,-23.319691608200078,1018717.2100982668,
2016-04-08,66.72590637207031,72.47752380371094,-21.258121967973437,0,-19.86093480869987,-23.232274668018103,1018717.2100982668,
2016-04-11,68.00909423828125,73.14552307128906,-22.39272756296512,0,-19.86875675877718,-23.26324879975693,1018717.2100982668,
2016-04-12,67.68830108642578,73.14552307128906,-21.94208170615751,0,-19.866082303730227,-23.304568885816234,1018717.2100982668,
2016-04-13,67.68830108642578,73.4795150756836,-21.608089701762978,0,-19.87725222753379,-23.19849241082417,1018717.2100982668,
2016-04-14,67.36750793457031,73.14552307128906,-21.491435849349884,0,-19.913402156547075,-23.06080197399986,1018717.2100982668,
2016-04-15,68.32988739013672,73.81352233886719,-22.175374152194607,0,-19.962000436389868,-22.93114937870828,1018717.2100982668,
2016-04-18,68.32988739013672,74.14751434326172,-21.841382147800076,0,-20.038151055034604,-22.831840490850418,1018717.2100982668,
2016-04-19,68.32988739013672,73.14552307128906,-22.843373419772732,0,-20.073953220097074,-22.883085872910797,1018717.2100982668,
2016-04-20,68.00909423828125,72.8115234375,-22.726727196754183,0,-20.024562981109298,-22.950803035297966,1018717.2100982668,
2016-04-21,68.00909423828125,73.4795150756836,-22.05873555857059,0,-20.021800726872563,-22.94126334254379,1018717.2100982668,
2016-04-22,68.00909423828125,73.81352233886719,-21.724728295386996,0,-20.037088379384027,-23.000305629106773,1018717.2100982668,
2016-04-25,68.00909423828125,74.48152160644531,-21.05672902780887,0,-20.030840696171698,-22.99082966719889,1018717.2100982668,
2016-04-26,68.32988739013672,73.4795150756836,-22.5093814153782,0,-19.974293648315456,-22.91903979723718,1018717.2100982668,
2016-04-27,68.32988739013672,73.4795150756836,-22.5093814153782,0,-19.977374324790745,-23.023371453858445,1018717.2100982668,
2016-04-28,68.00909423828125,72.8115234375,-22.726727196754183,0,-19.980859731173428,-23.142327563380302,1018717.2100982668,
2016-04-29,68.32988739013672,72.8115234375,-23.177373053561794,0,-20.081269499432686,-23.266461570569533,1018717.2100982668,
2016-05-03,68.97149658203125,73.81352233886719,-23.07669801881886,0,-19.940815135053953,-23.472430824994696,1018717.2100982668,
2016-05-04,68.97149658203125,73.81352233886719,-23.07669801881886,0,-20.2380292780189,-23.664104873922795,1018717.2100982668,
2016-05-05,68.32988739013672,73.14552307128906,-22.843373419772732,0,-20.064794494885554,-23.87466365149281,1018717.2100982668,
2016-05-06,68.65069580078125,73.4795150756836,-22.960048707525175,0,-20.038576115823474,-23.859895091407076,1018717.2100982668,
2016-05-09,69.29228973388672,73.81352233886719,-23.527343875626485,0,-20.032412750295936,-24.000991475669903,1018717.2100982668,
2016-05-10,70.89627075195312,74.14751434326172,-25.446602590609373,1,-20.187308248107847,-24.52928368102001,1018651.408346863,Long Spread
2016-05-11,71.2170639038086,73.81352233886719,-26.23124045181153,1,-20.88192769851041,-29.209473813172785,1017341.838034363,
2016-05-12,71.2170639038086,74.48152160644531,-25.563241184233405,1,-19.655538023745276,-24.856010618721303,1018677.8365695192,
2016-05-13,70.89627075195312,74.81552124023438,-24.778595693636717,1,-21.19210337987292,-29.532649120652323,1019987.4221408083,
2016-05-16,70.89627075195312,73.81352233886719,-25.780594595003905,1,-20.773863260110605,-26.799201288178264,1017983.4243380739,
2016-05-17,71.53787231445312,73.81352233886719,-26.68190774395849,1,-21.062196597060467,-29.64296467104265,1016700.2212130739,
2016-05-18,71.8586654663086,74.14751434326172,-26.79856159637157,0,-24.501102827418602,-38.95446351486913,1016660.7786709596,Close
2016-05-19,70.89627075195312,73.14552307128906,-26.44859386258203,0,-23.466694197598514,-35.48664323352797,1016660.7786709596,
2016-05-20,71.2170639038086,73.4795150756836,-26.565247714995124,0,-22.092915279901252,-32.88183730609063,1016660.7786709596,
2016-05-23,70.89627075195312,73.4795150756836,-26.1146018581875,0,-22.372033638375886,-32.03815773502161,1016660.7786709596,
2016-05-24,71.2170639038086,73.81352233886719,-26.23124045181153,0,-21.56488484400758,-31.574471707191748,1016660.7786709596,
2016-05-25,71.53787231445312,73.81352233886719,-26.68190774395849,0,-22.11645956586585,-31.372910824619527,1016660.7786709596,
2016-05-26,70.57546997070312,73.4795150756836,-25.663945283710206,0,-22.852938227701713,-32.02003936079289,1016660.7786709596,
2016-05-27,71.2170639038086,73.81352233886719,-26.23124045181153,0,-22.078661015040687,-29.286743754050278,1016660.7786709596,
2016-05-30,71.53787231445312,73.4795150756836,-27.015915007142084,0,-22.15198552700019,-30.25759274676162,1016660.7786709596,
2016-05-31,71.53787231445312,73.4795150756836,-27.015915007142084,0,-22.86428022116064,-31.191385612964794,1016660.7786709596,
2016-06-01,70.89627075195312,73.81352233886719,-25.780594595003905,0,-22.732151146523243,-32.23809534084195,1016660.7786709596,
2016-06-02,70.89627075195312,74.14751434326172,-25.446602590609373,0,-22.051199563598136,-29.689263222481376,1016660.7786709596,
2016-06-03,71.8586654663086,74.81552124023438,-26.130554699398914,0,-22.502382926183444,-29.137513507362712,1016660.7786709596,
2016-06-04,71.8586654663086,74.81552124023438,-26.130554699398914,0,-23.002811949221346,-29.137415869368496,1016660.7786709596,
2016-06-06,71.8586654663086,74.81552124023438,-26.130554699398914,0,-23.54419180735558,-28.49758513692582,1016660.7786709596,
2016-06-07,72.50025177001953,75.1495132446289,-26.69785440861962,0,-23.392044113605994,-28.817909609548447,1016660.7786709596,
2016-06-08,73.14186096191406,75.48351287841797,-27.26517864145481,0,-23.675509938467087,-28.892903149474044,1016660.7786709596,
2016-06-13,72.82106018066406,74.81552124023438,-27.48251370516111,0,-23.875754669991323,-29.11969282863354,1016660.7786709596,
2016-06-14,73.46265411376953,74.81552124023438,-28.383816136446015,0,-23.958958492525017,-29.31821389648741,1016660.7786709596,
2016-06-15,74.104248046875,75.1495132446289,-28.951126563336388,0,-24.287529594024285,-29.90977234274166,1016660.7786709596,
2016-06-16,72.82106018066406,74.81552124023438,-27.48251370516111,0,-24.60602252794451,-30.41031784250562,1016660.7786709596,
2016-06-17,73.46265411376953,75.1495132446289,-28.049824132051484,0,-24.580064570565256,-28.926952322569967,1016660.7786709596,
2016-06-20,73.78345489501953,75.48351287841797,-28.166481072739714,0,-24.872161870907647,-28.84757199206571,1016660.7786709596,
2016-06-21,73.14186096191406,75.48351287841797,-27.26517864145481,0,-25.04536843493862,-28.792630906613457,1016660.7786709596,
2016-06-22,73.14186096191406,75.8175048828125,-26.93118663706028,0,-24.8352764520155,-28.826766040212682,1016660.7786709596,
2016-06-23,73.14186096191406,75.48351287841797,-27.26517864145481,0,-24.72502509521001,-28.786267029473475,1016660.7786709596,
2016-06-24,72.1794662475586,75.1495132446289,-26.247219269481675,0,-24.960877251755022,-28.851283317128697,1016660.7786709596,
2016-06-27,72.50025177001953,74.81552124023438,-27.03184641301415,0,-25.187453375363322,-28.59678125858972,1016660.7786709596,
2016-06-28,72.50025177001953,75.1495132446289,-26.69785440861962,0,-25.175036616182506,-28.676226421910282,1016660.7786709596,
2016-06-29,73.78345489501953,76.15150451660156,-27.49848943455612,0,-25.04995525661414,-28.628697550423574,1016660.7786709596,
2016-06-30,75.87419891357422,77.82148742675781,-28.76555528668601,1,-25.090265595955408,-28.742566347796945,1016594.6308435061,Long Spread
2016-07-01,75.87419891357422,78.82349395751953,-27.76354875592429,1,-25.056200854859814,-29.276096371292436,1018598.6439050295,
2016-07-04,74.86255645751953,79.49148559570312,-25.674415554229,0,-25.084632543513205,-29.065868143754248,1021891.7379318239,Close
2016-07-05,74.52533721923828,78.82349395751953,-25.86868619279558,0,-24.908177518338192,-28.979422421788797,1021891.7379318239,
2016-07-06,74.52533721923828,78.48949432373047,-26.20268582658464,0,-24.879043782973522,-28.99070670475052,1021891.7379318239,
2016-07-07,75.87419891357422,78.82349395751953,-27.76354875592429,0,-24.83945930218745,-28.98184326219264,1021891.7379318239,
2016-07-08,75.87419891357422,78.82349395751953,-27.76354875592429,0,-25.123558964865122,-29.103833222216192,1021891.7379318239,
2016-07-11,76.88587188720703,81.8294677734375,-26.178759374196716,0,-25.13509456994899,-29.14677961972226,1021891.7379318239,
2016-07-12,76.21142578125,82.49746704101562,-24.563307389714893,-1,-24.94370455242508,-29.051703524754924,1021825.3895761111,Short Spread
2016-07-13,76.88587188720703,81.16146850585938,-26.84675864177484,-1,-24.397997362972518,-29.210471220273377,1025846.2788583377,
2016-07-14,75.19977569580078,80.15948486328125,-25.48013728626789,-1,-24.833901144635483,-29.22273851070507,1024478.0537606814,
2016-07-15,75.87419891357422,82.16346740722656,-24.42357530621726,-1,-24.780823989065404,-29.199284850105542,1021818.9351083377,
2016-07-18,76.88587188720703,82.83145904541016,-25.17676810222406,-1,-24.33478887368002,-29.36183147512679,1022506.2977792361,
2016-07-19,76.54863739013672,82.49746704101562,-25.037017671662227,-1,-24.310386634759706,-29.388059122423865,1022499.8127938845,
2016-07-20,76.21142578125,82.16346740722656,-24.897307023503956,-1,-24.151659027526453,-29.44179692019947,1022493.3888436892,
2016-07-21,76.54863739013672,82.852294921875,-24.682189790802852,-1,-23.880797311061432,-29.466100586360934,1021790.1570321658,
2016-07-22,74.86255645751953,81.10435485839844,-24.061546291533688,-1,-23.562316543364823,-29.43432321933556,1021913.8752938845,
2016-07-25,74.1881103515625,81.10435485839844,-23.11409357462999,-1,-23.049788265529635,-29.43896158612919,1020564.9830819705,
2016-07-26,74.1881103515625,81.10435485839844,-23.11409357462999,-1,-22.162262756917336,-29.239591778094542,1020564.9830819705,
2016-07-27,74.86255645751953,81.45393371582031,-23.711967434111813,-1,-22.04175842388253,-28.87424350043268,1021214.7175790408,
2016-07-28,75.53699493408203,81.45393371582031,-24.659409433345843,-1,-21.929024815952587,-29.087428366584852,1022563.5945321658,
2016-07-29,74.1881103515625,79.3564224243164,-24.86202600871202,-1,-22.312743056025504,-28.80596320121731,1024060.8479501345,
2016-08-01,74.86255645751953,80.40518188476562,-24.7607192651665,-1,-22.406208217053628,-28.591137736414797,1023312.2212411502,
2016-08-02,74.52533721923828,80.40518188476562,-24.286998265549485,-1,-22.312156920701135,-28.64216046015732,1022637.7827645877,
2016-08-03,74.52533721923828,80.75477600097656,-23.937404149338548,-1,-22.116555116342216,-28.595247641441265,1021938.5945321658,
2016-08-04,74.52533721923828,80.75477600097656,-23.937404149338548,-1,-21.939788170054783,-28.384507559743483,1021938.5945321658,
2016-08-05,74.86255645751953,80.40518188476562,-24.7607192651665,-1,-21.811749399998824,-28.517804709092154,1023312.2212411502,
2016-08-08,76.54863739013672,81.45393371582031,-26.08055099685754,-1,-21.997277716506066,-28.27114558341548,1024586.8794442752,
2016-08-09,77.56029510498047,81.45393371582031,-27.501713995708585,0,-22.168098267575097,-28.450801433520766,1026543.8343048098,Close
2016-08-10,77.56029510498047,81.45393371582031,-27.501713995708585,0,-22.19045365910562,-28.560309025318688,1026543.8343048098,
2016-08-11,77.89751434326172,81.45393371582031,-27.9754349953256,0,-22.428070365352138,-28.026669477343834,1026543.8343048098,
2016-08-12,78.2347412109375,80.40518188476562,-29.497918543666984,1,-22.29721211442206,-28.423688472526948,1026477.488707886,Long Spread
2016-08-15,78.2347412109375,80.75477600097656,-29.148324427456046,1,-21.783773909428252,-32.044966806418486,1027176.6769403078,
2016-08-16,77.22308349609375,80.40518188476562,-28.07675554481594,1,-21.788275712534137,-31.628215136911585,1028500.8041375735,
2016-08-17,76.88587188720703,79.3564224243164,-28.65180472331781,1,-21.847513965437734,-30.331633589432954,1027077.7084344485,
2016-08-18,76.88587188720703,79.3564224243164,-28.65180472331781,1,-21.620976859485193,-30.207407701300742,1027077.7084344485,
2016-08-19,75.19977569580078,79.3564224243164,-26.283199725232734,1,-21.56575694126686,-30.34887812558272,1030449.900817261,
2016-08-22,75.53699493408203,79.70600128173828,-26.407341867427874,1,-21.666973690370966,-29.802733573194935,1030474.6200555422,
2016-08-23,75.87419891357422,80.40518188476562,-26.181860828678197,1,-22.203720885824872,-30.17036278086063,1031198.5733026125,
2016-08-24,76.88587188720703,80.75477600097656,-27.253451146657653,1,-21.625207389745032,-29.51199120716927,1029874.4155877688,
2016-08-25,76.88587188720703,81.45393371582031,-26.554293431813903,1,-22.16459142036348,-30.679819239711478,1031272.7310174563,
2016-08-26,76.88587188720703,81.10435485839844,-26.90387228923578,1,-22.617625457731247,-30.421680375574955,1030573.5733026125,
2016-08-29,76.54863739013672,80.75477600097656,-26.77970871170129,1,-22.442054893545222,-30.602895195899055,1030548.8845819094,
2016-08-30,76.54863739013672,80.40518188476562,-27.129302827912227,1,-22.554275199669814,-30.58256532993146,1029849.6963494875,
2016-08-31,75.19977569580078,80.05559539794922,-25.58402675159992,1,-22.783531981723122,-30.822839084344317,1031848.2467645266,
2016-09-01,75.53699493408203,79.0068359375,-27.106507211666155,1,-22.48081169498428,-30.218008239747693,1029076.2893670656,
2016-09-02,75.19977569580078,79.0068359375,-26.63278621204914,1,-23.17967846049229,-30.578628514491648,1029750.7278436281,
2016-09-05,75.87419891357422,79.70600128173828,-26.88104143170554,1,-23.728410681341497,-30.11884851584421,1029800.2120965578,
2016-09-06,75.53699493408203,80.05559539794922,-26.057747751216937,1,-24.02813005469814,-29.972136995135592,1031173.8082879641,
2016-09-07,76.54863739013672,80.05559539794922,-27.478889314728633,1,-23.915981966248175,-29.798793696019125,1029150.5233758547,
2016-09-08,76.54863739013672,79.70600128173828,-27.82848343093957,1,-23.95541990434572,-30.089867226734537,1028451.3351434328,
2016-09-09,76.21142578125,79.3564224243164,-27.704352006414112,1,-24.083722735628875,-30.189570075701297,1028426.6006463625,
2016-09-10,76.21142578125,79.3564224243164,-27.704352006414112,1,-24.277341559036817,-30.117440131132927,1028426.6006463625,
2016-09-12,75.53699493408203,79.0068359375,-27.106507211666155,1,-24.63680158949162,-29.962325303111818,1029076.2893670656,
2016-09-13,74.86255645751953,78.30766296386719,-26.858238186064938,1,-24.960879268296935,-29.63986040721315,1029026.820372925,
2016-09-14,75.19977569580078,77.95807647705078,-27.68154567249836,1,-25.268895741504764,-29.37428660480426,1027653.2089227297,
2016-09-19,77.56029510498047,77.95807647705078,-30.997571234478116,1,-25.453109288028255,-29.32309856887915,1022932.1701043703,
2016-09-20,76.88587188720703,77.95807647705078,-30.050150670583434,1,-25.049632222602412,-30.30501417512113,1024281.0165399172,
2016-09-21,76.88587188720703,77.95807647705078,-30.050150670583434,1,-24.901410689213254,-30.498225292852258,1024281.0165399172,
2016-09-22,76.54863739013672,77.95807647705078,-29.57640823562707,1,-24.827674155637915,-30.82664551438652,1024955.4855340578,
2016-09-23,77.22308349609375,77.95807647705078,-30.523860952530782,1,-24.774898698953685,-30.855603976019843,1023606.5933221438,
2016-09-26,76.54863739013672,78.30766296386719,-29.226821748810664,1,-24.593108396686088,-31.055646482572154,1025654.6585076906,
2016-09-27,76.54863739013672,78.30766296386719,-29.226821748810664,1,-24.642954948471864,-30.81368165704779,1025654.6585076906,
2016-09-28,76.54863739013672,78.30766296386719,-29.226821748810664,1,-24.674359311292864,-31.078723493877295,1025654.6585076906,
2016-09-29,76.54863739013672,78.30766296386719,-29.226821748810664,1,-24.62613851987601,-31.054396595230497,1025654.6585076906,
2016-09-30,76.54863739013672,77.60847473144531,-29.92600998123254,1,-24.613280269596327,-31.110358612049378,1024256.2820428469,
2016-10-03,76.54863739013672,77.60847473144531,-29.92600998123254,1,-25.12413901733248,-31.78746602321462,1024256.2820428469,
2016-10-04,76.21142578125,78.30766296386719,-28.75311146686333,1,-25.222859239640865,-31.90396444846942,1026329.0817254641,
2016-10-05,76.54863739013672,78.30766296386719,-29.226821748810664,1,-25.350580572663624,-31.506703951632915,1025654.6585076906,
2016-10-06,75.87419891357422,78.65724182128906,-27.92980089215476,1,-25.24270862906894,-31.678100554026482,1027702.6931756594,
2016-10-07,75.19977569580078,78.30766296386719,-27.331959185681953,0,-25.36128155253254,-31.437661728922954,1028286.2415988161,Close
2016-10-11,75.19977569580078,78.30766296386719,-27.331959185681953,0,-25.238443991759947,-31.38722051092702,1028286.2415988161,
2016-10-12,75.53699493408203,78.30766296386719,-27.805680185298968,0,-25.3165582714496,-31.36954828657492,1028286.2415988161,
2016-10-13,75.87419891357422,78.30766296386719,-28.279379749576634,0,-25.372648661201865,-31.38239522164337,1028286.2415988161,
2016-10-14,75.19977569580078,77.95807647705078,-27.68154567249836,0,-26.02461889944007,-31.221286851856547,1028286.2415988161,
2016-10-17,74.86255645751953,78.65724182128906,-26.508659328643063,0,-25.728208430492298,-31.229370799220245,1028286.2415988161,
2016-10-18,75.19977569580078,78.65724182128906,-26.982380328260078,0,-25.58218837772412,-31.22838642306935,1028286.2415988161,
2016-10-19,74.86255645751953,77.95807647705078,-27.207824672881344,0,-25.643072757292725,-31.218135455963715,1028286.2415988161,
2016-10-20,74.86255645751953,77.95807647705078,-27.207824672881344,0,-26.004813935819666,-31.099859095941905,1028286.2415988161,
2016-10-21,75.19977569580078,78.30766296386719,-27.331959185681953,0,-25.7094853907953,-31.137965105945085,1028286.2415988161,
2016-10-24,75.19977569580078,78.65724182128906,-26.982380328260078,0,-25.630249568161847,-31.132860943186454,1028286.2415988161,
2016-10-25,75.53699493408203,77.95807647705078,-28.155266672115374,0,-25.498580663680933,-31.157030559558656,1028286.2415988161,
2016-10-26,75.19977569580078,77.95807647705078,-27.68154567249836,0,-25.73335322780532,-31.203605550058665,1028286.2415988161,
2016-10-27,74.52533721923828,77.60847473144531,-27.083705418869798,0,-25.82434738784896,-31.171146084254737,1028286.2415988161,
2016-10-28,74.52533721923828,77.2588882446289,-27.433291905686204,0,-25.800821509007484,-31.14470074037709,1028286.2415988161,
2016-10-31,74.52533721923828,75.51094818115234,-29.181231969162766,0,-25.695782604328052,-31.143755422617772,1028286.2415988161,
2016-11-01,73.51368713378906,76.21012878417969,-27.06089908495406,0,-25.95537597174554,-30.41543836102985,1028286.2415988161,
2016-11-02,73.51368713378906,75.51094818115234,-27.760079687981403,0,-25.573103958911076,-30.406623134440828,1028286.2415988161,
2016-11-03,73.51368713378906,75.86053466796875,-27.410493201164996,0,-25.75394006881444,-30.283397331963887,1028286.2415988161,
2016-11-04,72.83924102783203,75.51094818115234,-26.812626971077705,0,-25.68739201938629,-30.223886568350625,1028286.2415988161,
2016-11-07,73.85089111328125,75.86053466796875,-27.884192765442663,0,-25.741469060466468,-29.78525330278323,1028286.2415988161,
2016-11-08,74.1881103515625,76.90929412841797,-27.30915430461046,0,-25.82220766563069,-29.91123677923819,1028286.2415988161,
2016-11-09,73.17645263671875,76.21012878417969,-26.587156649997695,0,-25.77545349078635,-29.77574119099552,1028286.2415988161,
2016-11-10,73.17645263671875,76.21012878417969,-26.587156649997695,0,-25.63800101945314,-29.660367275875128,1028286.2415988161,
2016-11-11,71.15314483642578,74.81178283691406,-25.14318731723091,-1,-25.601214723327487,-29.533037309293853,1028220.4030017091,Short Spread
2016-11-14,71.15314483642578,73.4134292602539,-26.541540893891067,-1,-25.25704409664624,-29.33123485917328,1031017.1101550295,
2016-11-15,70.1414794921875,72.71424865722656,-25.819547780397684,-1,-25.58789708940133,-29.068420342956834,1030392.1406726076,
2016-11-16,70.81592559814453,74.11260223388672,-25.36864692064124,-1,-25.407535202607875,-29.05998198825896,1028944.3257312013,
2016-11-17,71.49036407470703,73.76300811767578,-26.665683036086207,-1,-25.27417224766435,-28.874888116328723,1030992.3909167482,
2016-11-18,71.49036407470703,73.76300811767578,-26.665683036086207,-1,-25.323598791568163,-28.89444539991467,1030992.3909167482,
2016-11-21,71.49036407470703,73.4134292602539,-27.015261893508082,-1,-25.30189740401061,-28.90029798359356,1031691.548631592,
2016-11-22,71.49036407470703,74.11260223388672,-26.31608891987527,-1,-25.305036663007737,-28.895092903156073,1030293.2026843263,
2016-11-23,72.50200653076172,75.16136169433594,-26.688471022937748,-1,-25.217836173884674,-28.816263068612525,1030218.9686755373,
2016-11-24,72.16480255126953,75.16136169433594,-26.21477145866008,-1,-25.247738483659226,-28.68242090279086,1029544.5607165529,
2016-11-25,72.50200653076172,75.16136169433594,-26.688471022937748,-1,-25.181874256251724,-28.653500608541087,1030218.9686755373,
2016-11-28,72.83924102783203,75.16136169433594,-27.16221345789411,-1,-25.235315820229168,-28.690365204993007,1030893.4376696779,
2016-11-29,72.50200653076172,75.16136169433594,-26.688471022937748,-1,-25.237799156505694,-28.700308570300486,1030218.9686755373,
2016-11-30,72.50200653076172,75.16136169433594,-26.688471022937748,-1,-25.201855044432378,-28.66437435017717,1030218.9686755373,
2016-12-01,71.15314483642578,74.46219635009766,-25.492773804047317,-1,-25.184685953076976,-28.645755828965267,1028919.575975342,
2016-12-02,71.15314483642578,74.11260223388672,-25.842367920258255,-1,-24.98245928989451,-28.64830192292553,1029618.7642077638,
2016-12-05,71.49036407470703,74.11260223388672,-26.31608891987527,-1,-24.92100058728603,-28.661476344404896,1030293.2026843263,
2016-12-06,71.49036407470703,74.11260223388672,-26.31608891987527,-1,-24.944242547357856,-28.472554197173782,1030293.2026843263,
2016-12-07,71.49036407470703,74.11260223388672,-26.31608891987527,-1,-24.934813886617917,-28.421041627408663,1030293.2026843263,
2016-12-08,72.16480255126953,74.11260223388672,-27.2635309191093,0,-24.915803782727068,-28.418751765612726,1031576.2285412599,Close
2016-12-09,71.15314483642578,73.4134292602539,-26.541540893891067,0,-24.940213458059784,-28.417219757304355,1031576.2285412599,
2016-12-12,70.81592559814453,73.4134292602539,-26.067819894274052,0,-25.191690292559286,-27.906526818709764,1031576.2285412599,
2016-12-13,70.81592559814453,73.0638427734375,-26.41740638109046,0,-25.13247370098525,-27.938419974914858,1031576.2285412599,
2016-12-14,70.1414794921875,73.0638427734375,-25.469953664186747,0,-25.187337746657775,-27.785987374342334,1031576.2285412599,
2016-12-15,70.1414794921875,72.71424865722656,-25.819547780397684,0,-25.09345356756674,-27.738228482412516,1031576.2285412599,
2016-12-16,69.46704864501953,72.01507568359375,-25.571289472466148,0,-25.057399937499547,-27.730931427348672,1031576.2285412599,
2016-12-19,69.12983703613281,70.96630859375,-26.14634628036255,0,-25.078175303610198,-27.513123742252784,1031576.2285412599,
2016-12-20,69.80427551269531,70.96630859375,-27.09378827959658,0,-25.121132251886095,-27.438592982623497,1031576.2285412599,
2016-12-21,68.79261016845703,70.61672973632812,-26.022193420497743,0,-25.110293883261935,-27.51321092950332,1031576.2285412599,
2016-12-22,69.12983703613281,70.61672973632812,-26.495925137784425,0,-25.085679579265218,-27.48498659359617,1031576.2285412599,
2016-12-23,68.79261016845703,70.61672973632812,-26.022193420497743,0,-25.243111144391616,-27.445891121731083,1031576.2285412599,
2016-12-26,68.79261016845703,70.61672973632812,-26.022193420497743,0,-25.203997118637684,-27.4198285503531,1031576.2285412599,
2016-12-27,68.79261016845703,70.61672973632812,-26.022193420497743,0,-25.231676167200998,-27.421236338654676,1031576.2285412599,
2016-12-28,68.45539093017578,70.96630859375,-25.198893563458853,-1,-25.32456681826502,-27.380197666694215,1031510.6516732789,Short Spread
2016-12-29,68.79261016845703,70.96630859375,-25.672614563075868,-1,-25.141612104377604,-27.399494286294743,1032185.0901498414,
2016-12-30,70.1414794921875,70.96630859375,-27.567487843874247,0,-25.106198739500265,-27.379422475056394,1034817.1844857789,Close
2017-01-03,70.47870635986328,71.66548919677734,-27.3420389581336,0,-25.068938144692584,-27.502893686079535,1034817.1844857789,
2017-01-04,71.82757568359375,72.36466979980469,-28.537731635904635,1,-25.039882113775228,-27.62795218513243,1034751.4167959596,Long Spread
2017-01-05,72.50200653076172,73.0638427734375,-28.785989943836185,1,-24.802028788066842,-28.098653436888497,1034800.9010488893,
2017-01-06,71.49036407470703,72.01507568359375,-28.41361547016824,1,-24.619565258462753,-28.761069285835955,1034726.6517813111,
2017-01-09,71.15314483642578,71.31590270996094,-28.639067444184036,1,-24.53783462190796,-28.865095547057606,1034002.744310608,
2017-01-10,71.15314483642578,71.31590270996094,-28.639067444184036,1,-24.38538835867311,-29.164627867718387,1034002.744310608,
2017-01-11,72.16480255126953,70.96630859375,-30.40982455924602,1,-24.373354606886767,-29.578017456671557,1031280.2406484986,
2017-01-12,71.82757568359375,71.31590270996094,-29.586498725748385,1,-23.990636301571286,-35.49501276428062,1032653.8826162721,
2017-01-13,72.50200653076172,71.31590270996094,-30.533930007312748,1,-24.604861905985583,-31.574629516588313,1031305.0209219361,
2017-01-16,72.16480255126953,71.31590270996094,-30.06023044303508,1,-24.990315715724247,-35.624936026308916,1031979.4288809205,
2017-01-17,72.50200653076172,71.66548919677734,-30.18434352049634,1,-24.485904352453908,-33.458396124389964,1032004.193895569,
2017-01-18,72.16480255126953,70.96630859375,-30.40982455924602,1,-24.66309621712677,-34.02596775786903,1031280.2406484986,
2017-01-19,71.15314483642578,70.61672973632812,-29.33824041781685,1,-24.9261571970042,-34.91256047329571,1032604.3983633424,
2017-01-20,70.81592559814453,70.96630859375,-28.51494056077796,1,-24.175341571789225,-32.57041162999819,1033977.9945547486,
2017-01-23,71.15314483642578,70.96630859375,-28.988661560394974,1,-24.44466529451011,-32.05179614845101,1033303.5560781861,
2017-01-24,70.47870635986328,71.31590270996094,-27.691625444950006,1,-24.891941912395787,-32.35191296381342,1035351.621263733,
2017-02-02,68.79261016845703,69.91754913330078,-26.721374023525087,0,-24.466359856331117,-31.72762797593161,1035861.5580868531,Close
2017-02-03,69.12983703613281,69.91754913330078,-27.19510574081177,0,-24.708827747138635,-31.4658967339477,1035861.5580868531,
2017-02-06,70.81592559814453,70.26713562011719,-29.21411353441077,0,-24.81077064904526,-31.494121938460054,1035861.5580868531,
2017-02-07,70.47870635986328,70.61672973632812,-28.39079841858282,0,-25.30501225636447,-31.895806364002013,1035861.5580868531,
2017-02-08,70.1414794921875,70.26713562011719,-28.26666081750706,0,-25.165048352457287,-31.6649676762087,1035861.5580868531,
2017-02-09,70.81592559814453,69.91754913330078,-29.563700021227177,0,-24.9573048651324,-31.65229666005184,1035861.5580868531,
2017-02-10,70.81592559814453,70.61672973632812,-28.864519418199833,0,-25.577354899403606,-31.980305588394092,1035861.5580868531,
2017-02-13,70.81592559814453,70.61672973632812,-28.864519418199833,0,-25.51441148142738,-31.781539465942515,1035861.5580868531,
2017-02-14,71.82757568359375,70.61672973632812,-30.285671699381197,0,-25.84769356112601,-31.66660779692626,1035861.5580868531,
2017-02-15,71.49036407470703,70.61672973632812,-29.811961417433864,0,-26.094101759663612,-31.99627544079483,1035861.5580868531,
2017-02-16,71.82757568359375,70.61672973632812,-30.285671699381197,0,-26.307206083357464,-31.776326103518116,1035861.5580868531,
2017-02-17,71.82757568359375,70.61672973632812,-30.285671699381197,0,-26.879007670608104,-31.530542096745926,1035861.5580868531,
2017-02-18,71.82757568359375,70.61672973632812,-30.285671699381197,0,-27.132509770853108,-31.376121864123252,1035861.5580868531,
2017-02-20,72.16480255126953,70.96630859375,-30.40982455924602,0,-27.033829090820884,-31.556104033251582,1035861.5580868531,
2017-02-21,72.83924102783203,70.61672973632812,-31.706845415901924,1,-27.233403233867033,-31.576840150951245,1035795.8198480225,Long Spread
2017-02-22,72.16480255126953,70.61672973632812,-30.759403416667894,1,-27.00730769951713,-32.260180823624495,1037144.6968011475,
2017-02-23,72.83924102783203,71.31590270996094,-31.00767244226911,1,-27.035649954107825,-32.08119161451788,1037194.1657952882,
2017-02-24,72.83924102783203,71.31590270996094,-31.00767244226911,1,-27.14906388137444,-32.280064059460415,1037194.1657952882,
2017-03-01,72.83924102783203,70.96630859375,-31.35726655848005,1,-27.173036329050344,-32.40209080427486,1036494.9775628663,
2017-03-02,72.83924102783203,71.31590270996094,-31.00767244226911,1,-27.225959472245645,-32.6529867283932,1037194.1657952882,
2017-03-03,73.17645263671875,71.66548919677734,-31.13179623740004,1,-27.02279872018427,-32.481489057950284,1037218.9155511475,
2017-03-06,72.83924102783203,71.66548919677734,-30.658085955452705,1,-27.113095927829043,-32.802379458262706,1037893.338768921,
2017-03-07,73.51368713378906,71.66548919677734,-31.605538672356403,1,-27.00351509565043,-32.498902836901934,1036544.4465570069,
2017-03-08,73.17645263671875,72.01507568359375,-30.782209750583633,1,-27.00809546779845,-33.102665508449135,1037918.0885247804,
2017-03-09,73.17645263671875,72.36466979980469,-30.432615634372695,1,-26.99331419436559,-32.800154865233324,1038617.2767572022,
2017-03-10,73.51368713378906,72.01507568359375,-31.255952185539996,1,-26.951358313083865,-32.67145024494061,1037243.6195306397,
2017-03-13,73.85089111328125,72.36466979980469,-31.380057633606725,1,-27.18125792702301,-33.21466945092751,1037268.3998040772,
2017-03-14,73.85089111328125,72.36466979980469,-31.380057633606725,1,-27.529163318200155,-33.37096297951259,1037268.3998040772,
2017-03-15,74.1881103515625,72.01507568359375,-32.20337274943468,1,-27.49002575396844,-33.466678762206136,1035894.7730950929,
2017-03-16,73.85089111328125,72.71424865722656,-31.03047877618485,1,-28.190602244120818,-33.75029660217024,1037967.557518921,
2017-03-17,74.1881103515625,73.4134292602539,-30.80501917277452,1,-28.677463335206326,-32.79052272812385,1038691.4802484132,
2017-03-20,75.19977569580078,74.11260223388672,-31.52701991566242,1,-28.87130602236834,-32.55980746867554,1038066.4955072022,
2017-03-21,75.53699493408203,74.11260223388672,-32.00074091527944,1,-28.713067759954562,-32.89557674711555,1037392.0570306397,
2017-03-22,75.19977569580078,73.0638427734375,-32.57577937611164,1,-29.133589517717375,-32.86421543384884,1035968.9765863038,
2017-03-23,75.19977569580078,73.0638427734375,-32.57577937611164,1,-29.385549439040528,-32.91440671675201,1035968.9765863038,
2017-03-24,75.53699493408203,73.0638427734375,-33.049500375728655,1,-29.281482762106805,-33.25725684792102,1035294.5381097413,
2017-03-27,76.54863739013672,73.4134292602539,-34.121055452423946,1,-29.637231133469783,-33.39490540259573,1033970.4261712647,
2017-03-28,75.19977569580078,73.4134292602539,-32.226192889295234,1,-29.759601603429395,-34.339243421591,1036668.1495599366,
2017-03-29,75.19977569580078,72.71424865722656,-32.92537349232258,1,-29.47583051690988,-33.53554184655319,1035269.7883538819,
2017-03-30,75.19977569580078,72.71424865722656,-32.92537349232258,1,-29.686797475753853,-33.742272986993164,1035269.7883538819,
2017-03-31,75.19977569580078,72.01507568359375,-33.62454646595539,1,-29.69611538718425,-33.871066882404726,1033871.4424066163,
2017-04-05,76.21142578125,72.36466979980469,-34.69610463092583,1,-29.745815367891147,-34.317287801553924,1032547.3304681397,
2017-04-06,76.54863739013672,72.71424865722656,-34.82023605545129,1,-29.72037220546351,-35.61990594942664,1032572.06496521,
2017-04-07,76.88587188720703,73.0638427734375,-34.944384374196716,1,-29.805726805366056,-36.25908105884027,1032596.7842034913,
2017-04-10,76.21142578125,72.71424865722656,-34.346525773503956,1,-29.43449546902215,-38.00078689961386,1033246.4881829835,
2017-04-11,76.88587188720703,72.36466979980469,-35.64355734782953,1,-29.988951825834548,-36.589081003617096,1031198.4382562257,
2017-04-12,76.21142578125,72.36466979980469,-34.69610463092583,1,-30.57349283613167,-41.08738546456545,1032547.3304681397,
2017-04-13,76.54863739013672,72.36466979980469,-35.169814912873164,1,-29.99821962661554,-37.276440451536644,1031872.9072503663,
2017-04-14,76.21142578125,72.36466979980469,-34.69610463092583,1,-30.049048517960003,-38.309415806826536,1032547.3304681397,
2017-04-17,76.88587188720703,73.0638427734375,-34.944384374196716,1,-30.258919174239264,-37.465064238919176,1032596.7842034913,
2017-04-18,76.54863739013672,72.71424865722656,-34.82023605545129,1,-30.39919126686009,-37.80067055960275,1032572.06496521,
2017-04-19,74.52533721923828,72.01507568359375,-32.67710446672136,0,-30.781008045253692,-37.44483449768544,1035154.4577432252,Close
2017-04-20,74.1881103515625,71.66548919677734,-32.552959236251084,0,-29.949042490760554,-36.56341361751546,1035154.4577432252,
2017-04-21,74.86255645751953,72.01507568359375,-33.150825466338375,0,-30.38868310853432,-36.4229638307193,1035154.4577432252,
2017-04-24,74.52533721923828,72.01507568359375,-32.67710446672136,0,-30.824120247530146,-36.32195371839188,1035154.4577432252,
2017-04-25,75.53699493408203,72.36466979980469,-33.74867334936147,0,-30.624996812965712,-36.28649774181685,1035154.4577432252,
2017-04-26,75.53699493408203,72.01507568359375,-34.098267465572405,0,-30.872659616093074,-36.39762378076826,1035154.4577432252,
2017-04-27,74.86255645751953,72.01507568359375,-33.150825466338375,0,-31.072952082340894,-36.41657435313148,1035154.4577432252,
2017-04-28,75.19977569580078,71.31590270996094,-34.3237194395882,0,-30.847972398958966,-36.288086220106386,1035154.4577432252,
2017-05-02,75.19977569580078,72.01507568359375,-33.62454646595539,0,-31.460001023579764,-36.286646557417825,1035154.4577432252,
2017-05-03,76.21142578125,72.36466979980469,-34.69610463092583,0,-31.71840246831519,-35.986352899788315,1035154.4577432252,
2017-05-04,77.22308349609375,72.71424865722656,-35.767688772355,0,-31.84088758992614,-36.079065061951695,1035154.4577432252,
2017-05-05,75.87419891357422,72.36466979980469,-34.222372913639134,0,-31.898175843139377,-36.36812847644793,1035154.4577432252,
2017-05-08,76.88587188720703,73.0638427734375,-34.944384374196716,0,-31.907545891070157,-36.16500888523046,1035154.4577432252,
2017-05-09,75.87419891357422,73.4134292602539,-33.173613453189915,0,-32.04321126848965,-36.23785675714665,1035154.4577432252,
2017-05-10,75.87419891357422,73.0638427734375,-33.52319994000632,0,-31.948334674236243,-36.156721928722654,1035154.4577432252,
2017-05-11,76.88587188720703,73.0638427734375,-34.944384374196716,0,-31.88642000794246,-36.12737222115109,1035154.4577432252,
2017-05-12,77.22308349609375,73.76300811767578,-34.71892931190578,0,-32.23560990332939,-36.187492248694,1035154.4577432252,
2017-05-15,76.88587188720703,74.11260223388672,-33.8956249137475,0,-32.29119517182101,-36.18561548042329,1035154.4577432252,
2017-05-16,76.88587188720703,74.11260223388672,-33.8956249137475,0,-32.35960878755214,-36.122717260175456,1035154.4577432252,
2017-05-17,76.54863739013672,74.11260223388672,-33.42188247879113,0,-32.35045111069286,-36.1156642809447,1035154.4577432252,
2017-05-18,76.88587188720703,74.11260223388672,-33.8956249137475,0,-32.241434012481676,-36.051708473731296,1035154.4577432252,
2017-05-19,76.54863739013672,73.76300811767578,-33.77147659500207,0,-32.243806032831465,-36.00781060203473,1035154.4577432252,
2017-05-22,76.88587188720703,74.11260223388672,-33.8956249137475,0,-32.223387669157226,-35.9373169075342,1035154.4577432252,
2017-05-23,76.54863739013672,74.11260223388672,-33.42188247879113,0,-32.221640528358705,-35.944083237381335,1035154.4577432252,
2017-05-24,75.87419891357422,74.11260223388672,-32.4744404795571,0,-32.219065536039714,-35.707410430013745,1035154.4577432252,
2017-05-25,75.87419891357422,74.81178283691406,-31.77525987652976,-1,-32.01244077835027,-35.74303372435672,1035088.4303039551,Short Spread
2017-05-26,76.21142578125,74.81178283691406,-32.248991593816456,-1,-31.685933346616796,-35.70486156443673,1035762.8840393067,
2017-05-31,75.53699493408203,75.16136169433594,-30.951981454830218,-1,-31.582221646321372,-35.69173114691388,1033714.864630127,
2017-06-01,76.21142578125,75.51094818115234,-31.549826249578174,-1,-30.97053341799845,-35.751698694657236,1034364.5533508301,
2017-06-02,76.21142578125,75.51094818115234,-31.549826249578174,-1,-30.895183561052207,-35.68134845924365,1034364.5533508301,
2017-06-03,76.21142578125,75.51094818115234,-31.549826249578174,-1,-30.774555203921718,-35.90352064757216,1034364.5533508301,
2017-06-05,76.54863739013672,75.51094818115234,-32.02353653152551,-1,-30.653155969034636,-35.96024981487911,1035038.9765686035,
2017-06-06,76.21142578125,75.51094818115234,-31.549826249578174,-1,-30.576216189757524,-35.923015170245996,1034364.5533508301,
2017-06-07,76.21142578125,75.16136169433594,-31.89941273639458,-1,-30.374522874092982,-36.01150976552622,1035063.7263244629,
2017-06-08,76.21142578125,75.86053466796875,-31.20023976276177,-1,-30.183529743239287,-35.84441920182887,1033665.3803771973,
2017-06-09,76.21142578125,75.51094818115234,-31.549826249578174,-1,-29.66564061133866,-35.73442096525183,1034364.5533508301,
2017-06-12,75.87419891357422,75.51094818115234,-31.076094532291478,-1,-29.768736298021672,-35.9078402008541,1033690.0996154785,
2017-06-13,76.21142578125,75.51094818115234,-31.549826249578174,-1,-29.194155967001276,-35.48846236253722,1034364.5533508301,
2017-06-14,76.21142578125,75.51094818115234,-31.549826249578174,-1,-29.377939179167463,-35.64502799748936,1034364.5533508301,
2017-06-15,75.87419891357422,75.86053466796875,-30.72650804547507,-1,-29.372527706042266,-35.10977488909592,1032990.9266418457,
2017-06-16,76.21142578125,75.16136169433594,-31.89941273639458,-1,-29.369284793606464,-34.4030299587291,1035063.7263244629,
2017-06-19,76.54863739013672,75.51094818115234,-32.02353653152551,-1,-29.55423916890274,-34.80813684773527,1035038.9765686035,
2017-06-20,76.88587188720703,75.16136169433594,-32.84686545329828,-1,-29.813658567931114,-34.367608920870396,1036412.618536377,
2017-06-21,77.22308349609375,75.16136169433594,-33.320575735245626,0,-29.842107264676205,-34.94921607724045,1037020.9463763428,Close
2017-06-22,77.56029510498047,75.86053466796875,-33.09511304356015,0,-29.87593284522056,-34.95325385367559,1037020.9463763428,
2017-06-23,77.22308349609375,75.86053466796875,-32.62140276161281,0,-30.168781215650192,-34.081458422106316,1037020.9463763428,
2017-06-26,77.56029510498047,76.21012878417969,-32.74551892734921,0,-30.238021015923596,-33.896019212443605,1037020.9463763428,
2017-06-27,77.56029510498047,76.21012878417969,-32.74551892734921,0,-30.208956682748866,-34.03412323273638,1037020.9463763428,
2017-06-28,77.56029510498047,75.86053466796875,-33.09511304356015,0,-30.278316682889834,-33.92055856125454,1037020.9463763428,
2017-06-29,76.88587188720703,75.51094818115234,-32.49727896648187,0,-30.27693806040732,-34.09135802124583,1037020.9463763428,
2017-06-30,77.22308349609375,75.51094818115234,-32.97098924842922,0,-30.36521399473194,-33.71701702762315,1037020.9463763428,
2017-07-03,77.56029510498047,76.21012878417969,-32.74551892734921,0,-30.435773060196492,-33.72535720310661,1037020.9463763428,
2017-07-04,77.22308349609375,75.51094818115234,-32.97098924842922,0,-30.537803889837566,-33.52578652263298,1037020.9463763428,
2017-07-05,77.56029510498047,76.21012878417969,-32.74551892734921,0,-30.547397337545316,-33.58215708391398,1037020.9463763428,
2017-07-06,77.56029510498047,75.86053466796875,-33.09511304356015,0,-30.53922547534025,-33.72122429257671,1037020.9463763428,
2017-07-07,77.22308349609375,75.86053466796875,-32.62140276161281,0,-30.622275260310992,-33.966571805786124,1037020.9463763428,
2017-07-10,76.21142578125,75.86053466796875,-31.20023976276177,0,-30.561787905498242,-33.84399516854098,1037020.9463763428,
2017-07-11,75.6514663696289,76.21012878417969,-30.064022280784073,-1,-30.6251715470132,-33.76454985043104,1036954.8719125367,Short Spread
2017-07-12,75.6514663696289,76.21012878417969,-30.064022280784073,-1,-29.720057846251258,-34.03118509820849,1036954.8719125367,
2017-07-13,76.00497436523438,76.55970764160156,-30.211046647734463,-1,-29.38606541891432,-34.130744322786505,1036962.7301889039,
2017-07-14,75.29795837402344,76.55970764160156,-29.21784019898992,-1,-29.29348541021093,-34.15726746580171,1035548.698206482,
2017-07-17,74.94444274902344,76.90929412841797,-28.371639770131566,-1,-25.45026836992549,-34.174605851279566,1034142.4939828492,
2017-07-18,75.6514663696289,77.2588882446289,-29.015262820334854,-1,-29.28243746209927,-34.33557849120264,1034857.3529916382,
2017-07-19,75.29795837402344,76.90929412841797,-28.868253712173512,-1,-23.7402250520661,-34.01409179192404,1034849.5252328492,
2017-07-20,75.6514663696289,76.55970764160156,-29.714443423362198,-1,-22.55347593129231,-34.36031877539108,1036255.7141976929,
2017-07-21,75.6514663696289,75.78495788574219,-30.489193179221573,-1,-26.69161463521951,-34.484913647196095,1037805.2137094117,
2017-07-24,76.35848999023438,75.78495788574219,-31.482410345635785,-1,-27.904615603437836,-34.74591536282977,1039219.2609506226,
2017-07-25,75.6514663696289,75.78495788574219,-30.489193179221573,-1,-28.230428840110566,-34.828555735569,1037805.2137094117,
2017-07-26,75.6514663696289,75.78495788574219,-30.489193179221573,-1,-27.70252974614719,-34.60434557604411,1037805.2137094117,
2017-07-27,76.35848999023438,75.78495788574219,-31.482410345635785,-1,-28.038356680581586,-34.81185880310142,1039219.2609506226,
2017-07-28,76.00497436523438,75.41883850097656,-31.351915788359463,-1,-28.036245929942172,-34.663513378903275,1039244.4684701539,
2017-07-31,76.35848999023438,74.68661499023438,-32.5807532411436,0,-27.94895401580009,-34.53528403240435,1041349.904937439,Close
2017-08-01,76.35848999023438,74.68661499023438,-32.5807532411436,0,-28.140738144307882,-34.61894356380088,1041349.904937439,
2017-08-02,76.35848999023438,74.68661499023438,-32.5807532411436,0,-28.197177114082983,-34.27203956751628,1041349.904937439,
2017-08-03,76.00497436523438,74.68661499023438,-32.08413929910165,0,-28.203131976411377,-34.3459984768048,1041349.904937439,
2017-08-04,76.00497436523438,75.05272674560547,-31.718027543730557,0,-28.16068131173605,-34.33634129616303,1041349.904937439,
2017-08-07,76.00497436523438,74.68661499023438,-32.08413929910165,0,-28.11943126970033,-34.0786158613602,1041349.904937439,
2017-08-08,76.00497436523438,75.05272674560547,-31.718027543730557,0,-28.197117455289376,-34.14989954342371,1041349.904937439,
2017-08-09,76.00497436523438,74.68661499023438,-32.08413929910165,0,-28.21640021655134,-33.767745804063765,1041349.904937439,
2017-08-10,76.35848999023438,74.68661499023438,-32.5807532411436,0,-28.250472460501584,-34.103500763390414,1041349.904937439,
2017-08-11,75.6514663696289,74.68661499023438,-31.587536074729385,0,-28.30778604910596,-34.03954403504618,1041349.904937439,
2017-08-14,76.00497436523438,74.68661499023438,-32.08413929910165,0,-28.248822496360305,-33.74217292659636,1041349.904937439,
2017-08-15,76.00497436523438,75.05272674560547,-31.718027543730557,0,-28.357590090114005,-33.70672671590573,1041349.904937439,
2017-08-16,76.00497436523438,75.05272674560547,-31.718027543730557,0,-28.35140680305799,-33.60823838761108,1041349.904937439,
2017-08-17,76.35848999023438,75.05272674560547,-32.2146414857725,0,-28.45051938403875,-33.35490038178671,1041349.904937439,
2017-08-18,75.6514663696289,75.05272674560547,-31.22142431935829,0,-28.462170927326106,-33.599618057946785,1041349.904937439,
2017-08-21,76.35848999023438,75.05272674560547,-32.2146414857725,0,-28.460280013741265,-33.74552214849548,1041349.904937439,
2017-08-22,75.6514663696289,75.41883850097656,-30.855312563987198,0,-28.960813627158814,-34.24867627544907,1041349.904937439,
2017-08-23,76.00497436523438,75.41883850097656,-31.351915788359463,0,-28.788680547478243,-33.854283649156955,1041349.904937439,
2017-08-24,76.00497436523438,75.41883850097656,-31.351915788359463,0,-28.89530434989422,-33.92041517325234,1041349.904937439,
2017-08-25,76.00497436523438,75.78495788574219,-30.985796403593838,0,-29.37034946085421,-33.77550941019527,1041349.904937439,
2017-08-28,76.71199798583984,76.15106201171875,-31.612909444031487,0,-29.8531361355911,-33.37249831839312,1041349.904937439,
2017-08-29,76.35848999023438,76.15106201171875,-31.116306219659222,0,-29.996627229455818,-33.3299254740709,1041349.904937439,
2017-08-30,76.00497436523438,76.51716613769531,-30.253588151640713,-1,-30.2705411701433,-33.04452417295589,1041283.8040518189,Short Spread
2017-08-31,76.35848999023438,76.8832778930664,-30.384090338311566,-1,-30.19159475986401,-33.02030809644611,1041258.6117910767,
2017-09-01,76.35848999023438,76.51716613769531,-30.75020209368266,-1,-30.119728592722137,-33.04368094094626,1041990.8353018189,
2017-09-04,76.35848999023438,76.8832778930664,-30.384090338311566,-1,-30.0154740518108,-33.0392096950553,1041258.6117910767,
2017-09-05,76.00497436523438,76.51716613769531,-30.253588151640713,-1,-30.03616314523542,-33.065970248796596,1041283.8040518189,
2017-09-06,76.00497436523438,76.15106201171875,-30.619692277617276,-1,-29.978957711753104,-33.09142509880716,1042016.012303772,
2017-09-07,75.6514663696289,76.51716613769531,-29.756984927268448,-1,-29.83945319746344,-33.074658203067415,1040576.788060608,
2017-09-08,76.00497436523438,76.8832778930664,-29.88747639626962,-1,-29.409483316615315,-33.20252484185043,1040551.5805410767,
2017-09-11,75.6514663696289,76.51716613769531,-29.756984927268448,-1,-29.207611451856256,-32.896331438312814,1040576.788060608,
2017-09-12,75.6514663696289,76.51716613769531,-29.756984927268448,-1,-29.04386420054525,-32.79993482589507,1040576.788060608,
2017-09-13,75.6514663696289,76.15106201171875,-30.12308905324501,-1,-28.98056840410843,-32.68618091005727,1041308.9963125611,
2017-09-14,75.6514663696289,76.15106201171875,-30.12308905324501,-1,-29.024072108107536,-32.720479746326475,1041308.9963125611,
2017-09-15,76.35848999023438,76.51716613769531,-30.75020209368266,-1,-28.948562364515638,-32.744474396399234,1041990.8353018189,
2017-09-18,75.6514663696289,76.15106201171875,-30.12308905324501,-1,-29.115898290566715,-32.6206853545843,1041308.9963125611,
2017-09-19,76.35848999023438,76.15106201171875,-31.116306219659222,-1,-28.940038409795996,-32.609788940170034,1042723.043553772,
2017-09-20,76.00497436523438,76.15106201171875,-30.619692277617276,-1,-29.135968813828132,-32.54146721093236,1042016.012303772,
2017-09-21,75.6514663696289,75.78495788574219,-30.489193179221573,-1,-29.20604502310562,-32.24686784709881,1042041.2045645142,
2017-09-22,75.6514663696289,75.78495788574219,-30.489193179221573,-1,-29.146797545273273,-32.31314388984987,1042041.2045645142,
2017-09-25,75.6514663696289,75.41883850097656,-30.855312563987198,-1,-29.20114362036287,-32.11004091118245,1042773.4433340455,
2017-09-26,75.6514663696289,75.41883850097656,-30.855312563987198,-1,-29.244955623103984,-32.10984060785559,1042773.4433340455,
2017-09-27,75.6514663696289,75.41883850097656,-30.855312563987198,-1,-29.27570483646036,-32.031210645441845,1042773.4433340455,
2017-09-28,76.35848999023438,75.41883850097656,-31.84852973040141,0,-29.392398214516717,-31.806739584018963,1044121.4194821167,Close
2017-09-29,76.35848999023438,76.51716613769531,-30.75020209368266,0,-29.33245905687133,-32.077269454767844,1044121.4194821167,
2017-10-02,76.71199798583984,75.78495788574219,-31.97901357000805,1,-29.45059409853916,-31.70991003603397,1044055.3196038818,Long Spread
2017-10-03,75.6514663696289,75.41883850097656,-30.855312563987198,1,-29.368078427326676,-32.05912532397702,1045444.1440667724,
2017-10-05,76.00497436523438,75.41883850097656,-31.351915788359463,1,-29.37375467343188,-31.883925159470156,1044737.1280755615,
2017-10-06,76.35848999023438,75.41883850097656,-31.84852973040141,1,-29.38087062898557,-31.90902317405589,1044030.0968255615,
2017-10-11,76.35848999023438,75.41883850097656,-31.84852973040141,1,-29.330564218175276,-32.0869538476849,1044030.0968255615,
2017-10-12,76.00497436523438,75.41883850097656,-31.351915788359463,1,-29.302695840783148,-32.0844113107789,1044737.1280755615,
2017-10-13,77.06551361083984,75.78495788574219,-32.475627512049996,1,-29.30235939057639,-32.101731030234475,1043348.2883538818,
2017-10-16,76.35848999023438,75.41883850097656,-31.84852973040141,1,-29.255836917449002,-32.606416225731735,1044030.0968255615,
2017-10-17,76.35848999023438,75.78495788574219,-31.482410345635785,1,-29.27933410564813,-32.55478729052854,1044762.3355950927,
2017-10-18,76.35848999023438,75.41883850097656,-31.84852973040141,1,-29.255073390039176,-32.53134305046795,1044030.0968255615,
2017-10-19,76.00497436523438,75.05272674560547,-31.718027543730557,1,-29.313788768985944,-32.692645641964184,1044004.9045648193,
2017-10-20,76.00497436523438,75.05272674560547,-31.718027543730557,1,-29.37659272054121,-32.72866945247156,1044004.9045648193,
2017-10-23,76.00497436523438,75.41883850097656,-31.351915788359463,1,-29.358560395506885,-32.779510875216076,1044737.1280755615,
2017-10-24,76.00497436523438,75.05272674560547,-31.718027543730557,1,-29.591460982239912,-32.70444670672458,1044004.9045648193,
2017-10-25,75.6514663696289,75.05272674560547,-31.22142431935829,1,-29.688645446424406,-32.74653505935107,1044711.9205560302,
2017-10-26,76.00497436523438,75.05272674560547,-31.718027543730557,1,-29.813998145559495,-32.63186530392066,1044004.9045648193,
2017-10-27,76.00497436523438,75.41883850097656,-31.351915788359463,1,-29.971566929289256,-32.61551490068912,1044737.1280755615,
2017-10-30,75.6514663696289,75.05272674560547,-31.22142431935829,1,-30.035159471072387,-32.56218899375584,1044711.9205560302,
2017-10-31,76.00497436523438,75.41883850097656,-31.351915788359463,1,-30.143923393439728,-32.504051641197336,1044737.1280755615,
2017-11-01,75.29795837402344,75.05272674560547,-30.724821094986012,0,-30.16020981409232,-32.50488292507045,1045352.9225198363,Close
2017-11-02,74.94444274902344,74.68661499023438,-30.59431890831516,0,-30.26207615250055,-32.43764075139974,1045352.9225198363,
2017-11-03,74.94444274902344,74.68661499023438,-30.59431890831516,0,-30.17025864944849,-32.45092139185193,1045352.9225198363,
2017-11-06,75.29795837402344,74.68661499023438,-31.090932850357106,0,-30.18367646826552,-32.45766597292793,1045352.9225198363,
2017-11-07,75.6514663696289,75.05272674560547,-31.22142431935829,0,-30.273082253111486,-32.434432990126815,1045352.9225198363,
2017-11-08,75.6514663696289,75.41883850097656,-30.855312563987198,0,-30.3524238838612,-32.40344208365636,1045352.9225198363,
2017-11-09,76.35848999023438,75.41883850097656,-31.84852973040141,0,-30.336131072258773,-32.398455566782644,1045352.9225198363,
2017-11-10,76.00497436523438,75.78495788574219,-30.985796403593838,0,-30.38395033451557,-32.43551792460104,1045352.9225198363,
2017-11-13,75.6514663696289,75.05272674560547,-31.22142431935829,0,-30.39100348141265,-32.42229618504715,1045352.9225198363,
2017-11-14,75.6514663696289,75.41883850097656,-30.855312563987198,0,-30.378885660903403,-32.380911098356606,1045352.9225198363,
2017-11-15,75.6514663696289,75.05272674560547,-31.22142431935829,0,-30.39851423766655,-32.37986418303666,1045352.9225198363,
2017-11-16,75.6514663696289,75.05272674560547,-31.22142431935829,0,-30.390367221211584,-32.30847312541903,1045352.9225198363,
2017-11-17,76.00497436523438,75.41883850097656,-31.351915788359463,0,-30.445595255465406,-32.32049626939559,1045352.9225198363,
2017-11-20,76.35848999023438,75.05272674560547,-32.2146414857725,0,-30.432992585582245,-32.316092575528025,1045352.9225198363,
2017-11-21,76.00497436523438,75.41883850097656,-31.351915788359463,0,-30.405392419498813,-32.38703690537286,1045352.9225198363,
2017-11-22,76.71199798583984,75.78495788574219,-31.97901357000805,0,-30.399887920244442,-32.322388585169215,1045352.9225198363,
2017-11-23,76.71199798583984,75.78495788574219,-31.97901357000805,0,-30.405468295583724,-32.401673035474275,1045352.9225198363,
2017-11-24,76.71199798583984,76.15106201171875,-31.612909444031487,0,-30.455876403656777,-32.27049781632711,1045352.9225198363,
2017-11-27,76.71199798583984,76.15106201171875,-31.612909444031487,0,-30.457712699255424,-32.26472138160857,1045352.9225198363,
2017-11-28,76.71199798583984,76.51716613769531,-31.246805318054925,0,-30.462618714028014,-32.285329563917124,1045352.9225198363,
2017-11-29,76.35848999023438,76.51716613769531,-30.75020209368266,0,-30.45095562723661,-32.22348985807481,1045352.9225198363,
2017-11-30,76.00497436523438,75.78495788574219,-30.985796403593838,0,-30.386167031786083,-32.20704077888648,1045352.9225198363,
2017-12-01,76.71199798583984,76.15106201171875,-31.612909444031487,0,-30.376693324287995,-32.177025682353275,1045352.9225198363,
2017-12-04,76.35848999023438,76.15106201171875,-31.116306219659222,0,-30.394101363476597,-32.216586277297644,1045352.9225198363,
2017-12-05,76.35848999023438,76.15106201171875,-31.116306219659222,0,-30.375391491119373,-32.164193578440305,1045352.9225198363,
2017-12-06,76.00497436523438,76.15106201171875,-30.619692277617276,0,-30.375787146997858,-32.172715776643074,1045352.9225198363,
2017-12-07,75.6514663696289,76.51716613769531,-29.756984927268448,-1,-30.297332018878425,-32.134577143289796,1045286.835774536,Short Spread
2017-12-08,75.29795837402344,76.51716613769531,-29.26038170289617,-1,-29.974723007824192,-32.26961159690153,1044579.8197833251,
2017-12-11,75.29795837402344,76.51716613769531,-29.26038170289617,-1,-29.312249587822407,-32.50434990088227,1044579.8197833251,
2017-12-12,75.29795837402344,76.51716613769531,-29.26038170289617,-1,-28.86139897311494,-32.55934843831665,1044579.8197833251,
2017-12-13,75.29795837402344,76.51716613769531,-29.26038170289617,-1,-28.59406667645067,-32.73769923552375,1044579.8197833251,
2017-12-14,75.29795837402344,76.8832778930664,-28.894269947525075,-1,-28.3858805436419,-32.81036241033372,1043847.5962725829,
2017-12-15,74.94444274902344,77.24938201904297,-28.031551879506566,-1,-27.302346640082604,-32.96182616606034,1042408.3567706298,
2017-12-18,75.6514663696289,76.8832778930664,-29.390873171897354,-1,-28.704100838193366,-32.882315963307576,1044554.6122637938,
2017-12-19,74.94444274902344,76.8832778930664,-28.397656005483128,-1,-27.72189731886591,-32.78401650845336,1043140.5650225829,
2017-12-20,75.29795837402344,77.24938201904297,-28.528165821548512,-1,-26.118084873566335,-32.948291653884915,1043115.3880206298,
2017-12-21,75.29795837402344,76.8832778930664,-28.894269947525075,-1,-26.199118184449553,-32.22811733052112,1043847.5962725829,
2017-12-22,75.29795837402344,77.24938201904297,-28.528165821548512,-1,-26.492315754623178,-32.614689285415636,1043115.3880206298,
2017-12-25,75.29795837402344,77.6155014038086,-28.162046436782887,-1,-25.690951008544705,-32.29915834343962,1042383.1492510985,
2017-12-26,75.29795837402344,77.24938201904297,-28.528165821548512,-1,-24.2602510792803,-32.227326093172366,1043115.3880206298,
2017-12-27,76.35848999023438,77.6155014038086,-29.65186682756938,-1,-25.55273502903304,-32.10445860473812,1044504.2124835204,
2017-12-28,76.71199798583984,77.24938201904297,-30.51458943670727,-1,-26.8439342297453,-32.440805440136245,1045943.4672442626,
2017-12-29,76.00497436523438,77.6155014038086,-29.15525288552743,-1,-27.14529622135913,-32.59143146971023,1043797.1812335204,
2018-01-02,76.35848999023438,78.7138442993164,-28.553523932061566,-1,-26.968799588313765,-31.83487226917768,1042307.5266925048,
2018-01-03,76.71199798583984,79.07994842529297,-28.68402303045727,-1,-26.45015205997459,-31.92538719431853,1042282.3344317626,
2018-01-04,76.71199798583984,79.07994842529297,-28.68402303045727,-1,-26.768669952454893,-31.5027670235564,1042282.3344317626,
2018-01-05,76.71199798583984,79.44605255126953,-28.317918904480706,-1,-26.90331149942508,-31.320519436051242,1041550.1261798094,
2018-01-08,77.77253723144531,79.44605255126953,-29.80775001293688,0,-26.736517018095043,-31.23342179093993,1043604.9159274291,Close
2018-01-09,78.47956085205078,79.81217193603516,-30.434847794585465,0,-27.22204798082984,-31.350047831333757,1043604.9159274291,
2018-01-10,77.77253723144531,79.44605255126953,-29.80775001293688,0,-27.27612984366275,-31.460391668322025,1043604.9159274291,
2018-01-11,78.47956085205078,79.44605255126953,-30.80096717935109,0,-27.259583999380194,-31.394829636165202,1043604.9159274291,
2018-01-12,78.47956085205078,79.44605255126953,-30.80096717935109,0,-27.29876643136779,-31.496521416322302,1043604.9159274291,
2018-01-15,79.18657684326172,79.81217193603516,-31.42805424333001,1,-27.430821657178203,-31.21916080297269,1043538.5559774779,Long Spread
2018-01-16,78.47956085205078,79.81217193603516,-30.434847794585465,1,-27.319727187498007,-31.534194964953915,1044952.5879598998,
2018-01-17,78.47956085205078,79.81217193603516,-30.434847794585465,1,-27.41512653909072,-31.23980591758511,1044952.5879598998,
2018-01-18,77.41902160644531,78.7138442993164,-30.043344322848057,1,-27.411471417598197,-31.297664480792488,1044877.0111776732,
2018-01-19,77.41902160644531,79.81217193603516,-28.945016686129307,1,-27.41757104761979,-31.383034180604636,1047073.6664511107,
2018-01-22,77.41902160644531,79.44605255126953,-29.311136070894932,1,-27.359979391427686,-31.327876677426843,1046341.4276815795,
2018-01-23,77.41902160644531,79.81217193603516,-28.945016686129307,1,-27.39479259187975,-31.34942158326983,1047073.6664511107,
2018-01-24,77.77253723144531,79.44605255126953,-29.80775001293688,1,-27.345065001500167,-31.32528081787889,1045634.3964315795,
2018-01-25,77.77253723144531,79.44605255126953,-29.80775001293688,1,-27.41540756884864,-31.41118898752752,1045634.3964315795,
2018-01-26,78.12605285644531,79.44605255126953,-30.304363954978825,1,-27.483038838598276,-31.45598319953133,1044927.3651815795,
2018-01-29,78.83306884765625,80.17827606201172,-30.565346892981168,1,-27.735400726490585,-31.526983070288427,1044977.780220642,
2018-01-30,78.47956085205078,79.07994842529297,-31.167071305327653,1,-27.599325334184286,-31.66052672612311,1043488.1409384154,
2018-01-31,78.83306884765625,79.44605255126953,-31.297570403723356,1,-27.81957913273923,-31.99682071882848,1043513.3331991576,
2018-02-01,78.83306884765625,79.81217193603516,-30.93145101895773,1,-27.87147762867304,-32.18597637863237,1044245.5719686889,
2018-02-02,77.06551361083984,79.81217193603516,-28.448413461757028,0,-27.868474773366593,-32.156395604937,1047714.4073348998,Close
2018-02-05,77.06551361083984,79.07994842529297,-29.180636972499215,0,-27.657491604722836,-31.903271682497362,1047714.4073348998,
2018-02-06,74.94444274902344,77.98161315917969,-27.299320739369847,-1,-27.898518582521998,-31.845349394356827,1047648.2902926634,Short Spread
2018-02-07,76.35848999023438,78.7138442993164,-28.553523932061566,-1,-27.390399277127813,-32.022746008789596,1049011.922494812,
2018-02-08,75.6514663696289,79.07994842529297,-27.19420263967079,-1,-27.383422586759835,-31.969775792675662,1046865.6670016478,
2018-02-09,75.6514663696289,78.7138442993164,-27.560306765647354,-1,-26.739993204637194,-31.983297615595745,1047597.8752536009,
2018-02-12,76.00497436523438,77.98161315917969,-28.789141130156338,-1,-26.681110527023474,-32.14480071163918,1049769.3535250854,
2018-02-21,76.35848999023438,79.81217193603516,-27.455196295342816,-1,-27.042475114424622,-32.152713401830155,1046815.2672213743,
2018-02-22,75.6514663696289,79.44605255126953,-26.82809851369423,-1,-26.621472368415585,-32.229476216932795,1046133.4587496946,
2018-02-23,76.00497436523438,80.17827606201172,-26.592478227324307,-1,-26.10694680443766,-32.395541054316006,1045376.0277194212,
2018-02-26,76.00497436523438,80.54438781738281,-26.226366471953213,-1,-25.763226053265118,-32.55875155670295,1044643.804208679,
2018-02-27,76.00497436523438,80.17827606201172,-26.592478227324307,-1,-24.380906195914484,-32.4378168211526,1045376.0277194212,
2018-03-01,75.29795837402344,79.44605255126953,-26.33149528932195,-1,-24.480306242571586,-32.117637935279895,1045426.4427584837,
2018-03-02,75.6514663696289,79.07994842529297,-27.19420263967079,-1,-23.88262661424856,-32.25729850254952,1046865.6670016478,
2018-03-05,75.29795837402344,79.07994842529297,-26.697599415298512,-1,-24.578505352041393,-31.777394359941855,1046158.6510104368,
2018-03-06,76.00497436523438,80.17827606201172,-26.592478227324307,-1,-24.225705810396708,-31.577399152139566,1045376.0277194212,
2018-03-07,75.6514663696289,80.17827606201172,-26.09587500295204,-1,-24.347056974878214,-31.099434843433336,1044669.0117282103,
2018-03-08,75.6514663696289,80.17827606201172,-26.09587500295204,-1,-23.647974966638547,-31.194694259690696,1044669.0117282103,
2018-03-09,75.29795837402344,80.17827606201172,-25.599271778579762,-1,-23.612810873649316,-31.012826259108714,1043961.9957369993,
2018-03-12,74.94444274902344,79.81217193603516,-25.468761962514378,-1,-22.95593605797015,-30.950276242247483,1043987.1727389524,
2018-03-13,74.94444274902344,79.81217193603516,-25.468761962514378,-1,-22.33173755095809,-31.239054136312653,1043987.1727389524,
2018-03-14,74.94444274902344,79.81217193603516,-25.468761962514378,-1,-22.197370304217323,-30.924768059955674,1043987.1727389524,
2018-03-15,74.94444274902344,79.81217193603516,-25.468761962514378,-1,-22.035245493388445,-30.968210443478405,1043987.1727389524,
2018-03-16,74.59092712402344,80.54438781738281,-24.239932139124775,-1,-22.13141980419646,-30.32253489426286,1041815.7097262571,
2018-03-19,74.94444274902344,80.54438781738281,-24.736546081166722,-1,-20.313606744889253,-29.86322416409188,1042522.7409762571,
2018-03-20,74.94444274902344,80.17827606201172,-25.102657836537816,-1,-21.700811649104285,-29.62128645650684,1043254.9644869993,
2018-03-21,75.6514663696289,80.91050720214844,-25.363643862815323,-1,-22.387994233122047,-29.359060556416484,1043204.5494479368,
2018-03-22,76.35848999023438,81.64273071289062,-25.624637518487347,-1,-23.099627358652228,-28.867008772248155,1043154.1496676634,
2018-03-23,75.6514663696289,80.54438781738281,-25.729763247580948,-1,-23.641204938415527,-28.49587624823581,1043936.7882174681,
2018-03-26,76.35848999023438,81.276611328125,-25.990756903252972,-1,-23.999934951591303,-28.198432228352484,1043886.3884371946,
2018-03-27,76.71199798583984,82.00884246826172,-25.75512898748852,-1,-23.772895651663017,-28.431052268466924,1043128.9421481321,
2018-03-28,76.71199798583984,82.37494659423828,-25.389024861511956,-1,-24.038894871338446,-27.931784877546566,1042396.733896179,
2018-03-29,77.06551361083984,81.64273071289062,-26.61785468490156,-1,-23.70900988633515,-28.15169153018115,1044568.1969088743,
2018-03-30,77.41902160644531,82.74105834960938,-26.01613027255509,-1,-24.19540044220876,-27.742552852070073,1043078.5576266478,
2018-04-02,77.77253723144531,82.37494659423828,-26.87885596996813,0,-24.04338768476278,-27.877988640958495,1044451.406488037,Close
2018-04-03,77.41902160644531,82.00884246826172,-26.748346153902745,0,-24.17118152561792,-27.85387705391069,1044451.406488037,
2018-04-09,77.77253723144531,83.47327423095703,-25.78052833324938,0,-24.571541596415933,-27.195599797809237,1044451.406488037,
2018-04-10,77.77253723144531,83.83938598632812,-25.414416577878285,0,-24.451566965195415,-27.222574845904962,1044451.406488037,
2018-04-11,77.77253723144531,83.47327423095703,-25.78052833324938,0,-24.371469868298735,-27.227061583251437,1044451.406488037,
2018-04-12,77.41902160644531,83.47327423095703,-25.283914391207432,0,-24.41587323885485,-27.226242952725613,1044451.406488037,
2018-04-13,77.06551361083984,83.10717010498047,-25.153415292811715,0,-24.326480851511917,-27.22569899688979,1044451.406488037,
2018-04-16,78.12605285644531,82.74105834960938,-27.00935815663898,0,-24.26742243684961,-27.11461383952634,1044451.406488037,
2018-04-17,77.41902160644531,83.10717010498047,-25.650018517183995,0,-24.322194715875828,-27.384189478177856,1044451.406488037,
2018-04-18,77.77253723144531,83.83938598632812,-25.414416577878285,0,-24.366548851109606,-27.07046300422376,1044451.406488037,
2018-04-19,77.77253723144531,83.47327423095703,-25.78052833324938,0,-24.36190396476545,-27.01230882020543,1044451.406488037,
2018-04-20,77.77253723144531,83.10717010498047,-26.14663245922594,0,-24.396650226245782,-26.955043599974246,1044451.406488037,
2018-04-23,77.77253723144531,82.37494659423828,-26.87885596996813,0,-24.40527640681435,-26.988513158011187,1044451.406488037,
2018-04-24,77.06551361083984,81.276611328125,-26.983974069667184,0,-24.35982245205069,-27.125986148506268,1044451.406488037,
2018-04-25,76.71199798583984,80.91050720214844,-26.8534642536018,0,-24.33559866803078,-27.306469663758318,1044451.406488037,
2018-04-26,77.06551361083984,81.64273071289062,-26.61785468490156,0,-24.341498396541088,-27.412702012268415,1044451.406488037,
2018-04-27,77.06551361083984,82.74105834960938,-25.51952704818281,0,-24.360129249265906,-27.457529066989853,1044451.406488037,
2018-04-30,77.41902160644531,82.74105834960938,-26.01613027255509,0,-24.327180139270187,-27.395817819516257,1044451.406488037,
2018-05-02,78.47956085205078,82.00884246826172,-28.238177262358903,1,-24.37252221721408,-27.422605199922007,1044384.9869519041,Long Spread
2018-05-03,77.77253723144531,81.64273071289062,-27.611071851315785,1,-24.461271399426312,-27.82883885429136,1045066.8106823729,
2018-05-04,77.41902160644531,81.64273071289062,-27.11445790927384,1,-24.522182852692215,-27.900422396307984,1045773.8419323729,
2018-05-07,77.06551361083984,82.00884246826172,-26.251742929530465,1,-24.580014942238734,-27.9174721555804,1047213.081434326,
2018-05-08,77.77253723144531,82.00884246826172,-27.24496009594469,1,-24.610917022122027,-27.86728776824567,1045799.0341931151,
2018-05-09,76.71199798583984,80.54438781738281,-27.219583638367425,1,-24.638560354462285,-27.98686103543104,1044991.2033825682,
2018-05-10,76.35848999023438,79.44605255126953,-27.82131568010844,1,-24.664024228964752,-28.063379871242635,1043501.5488415526,
2018-05-11,75.6514663696289,79.81217193603516,-26.461979128928604,1,-24.62878114801495,-28.267239106898586,1045647.8348522948,
2018-05-14,75.6514663696289,79.81217193603516,-26.461979128928604,1,-24.663587660702024,-28.1947702422906,1045647.8348522948,
2018-05-15,75.6514663696289,79.44605255126953,-26.82809851369423,1,-24.76468034657207,-28.181554249839508,1044915.5960827635,
2018-05-16,76.00497436523438,79.07994842529297,-27.690805864043057,1,-24.734462160611372,-28.186229973262037,1043476.3718395995,
2018-05-17,76.00497436523438,79.44605255126953,-27.324701738066494,1,-24.76483988089697,-28.363513951441767,1044208.5800915526,
2018-05-18,76.71199798583984,80.54438781738281,-27.219583638367425,1,-24.72846653538308,-28.357778950417572,1044991.2033825682,
2018-05-21,76.71199798583984,80.54438781738281,-27.219583638367425,1,-24.728302888209903,-28.39365487349653,1044991.2033825682,
2018-05-22,76.71199798583984,80.17827606201172,-27.58569539373852,1,-24.836653698784144,-28.463398921764334,1044258.979871826,
2018-05-23,76.71199798583984,80.17827606201172,-27.58569539373852,1,-24.96862936148836,-28.530945808265557,1044258.979871826,
2018-05-24,77.06551361083984,80.17827606201172,-28.082309335780465,1,-25.011454002513055,-28.585834324608513,1043551.948621826,
2018-05-25,77.41902160644531,80.54438781738281,-28.21280080478165,1,-25.174199049724656,-28.682926184124767,1043577.1561413573,
2018-05-28,77.77253723144531,81.276611328125,-27.97719123608141,1,-25.3425768006194,-28.719225862653484,1044334.5719128416,
2018-05-29,77.77253723144531,80.17827606201172,-29.07552650219469,1,-25.232098876801217,-28.799472548907026,1042137.9013806151,
2018-05-30,77.41902160644531,79.44605255126953,-29.311136070894932,1,-25.388709260336544,-29.286742107809832,1041380.4856091307,
2018-05-31,77.77253723144531,79.81217193603516,-29.441630628171254,1,-25.53698220390664,-29.53986964293638,1041405.693128662,
2018-06-01,78.12605285644531,80.54438781738281,-29.206028688865544,1,-25.559740293200825,-29.862939133571103,1042163.0936413573,
2018-06-04,78.12605285644531,80.54438781738281,-29.206028688865544,1,-25.584270050471144,-29.960097262144277,1042163.0936413573,
2018-06-05,77.77253723144531,80.54438781738281,-28.709414746823597,1,-25.479476644866786,-30.194526236323476,1042870.1248913573,
2018-06-06,77.41902160644531,80.91050720214844,-27.846681420016026,1,-25.5063340200221,-30.091347360939753,1044309.3949108885,
2018-06-07,78.12605285644531,80.54438781738281,-29.206028688865544,1,-25.53164304946177,-29.919756161372916,1042163.0936413573,
2018-06-08,78.12605285644531,80.54438781738281,-29.206028688865544,1,-25.654479318498154,-30.297487987041634,1042163.0936413573,
2018-06-11,77.77253723144531,80.17827606201172,-29.07552650219469,1,-26.124900086616215,-30.17997880340541,1042137.9013806151,
2018-06-12,78.12605285644531,80.17827606201172,-29.572140444236638,1,-26.20312568709347,-30.174167696826927,1041430.8701306151,
2018-06-13,78.47956085205078,80.54438781738281,-29.70263191323781,1,-25.8525624681114,-30.64008641949536,1041456.0776501463,
2018-06-14,77.77253723144531,79.81217193603516,-29.441630628171254,1,-26.00451881319176,-31.096160729675105,1041405.693128662,
2018-06-15,77.41902160644531,80.17827606201172,-28.578912560152745,1,-26.250620501545324,-30.991262416244513,1042844.9326306151,
2018-06-19,77.41902160644531,79.81217193603516,-28.945016686129307,1,-26.60995964481907,-30.445351465573715,1042112.724378662,
2018-06-20,77.77253723144531,80.54438781738281,-28.709414746823597,1,-26.48109852639704,-30.663650405281793,1042870.1248913573,
2018-06-21,78.47956085205078,80.17827606201172,-30.068743668608903,1,-26.55017978889896,-30.580769384920032,1040723.8541394041,
2018-06-22,78.47956085205078,80.54438781738281,-29.70263191323781,1,-26.419423211543602,-31.299271035622866,1041456.0776501463,
2018-06-25,78.12605285644531,80.17827606201172,-29.572140444236638,1,-27.100752553289322,-30.906925558831315,1041430.8701306151,
2018-06-26,78.12605285644531,80.17827606201172,-29.572140444236638,1,-27.27284797417015,-30.724940333905078,1041430.8701306151,
2018-06-27,78.12605285644531,80.17827606201172,-29.572140444236638,1,-27.348266034734156,-30.703149991120892,1041430.8701306151,
2018-06-28,78.47956085205078,80.54438781738281,-29.70263191323781,1,-27.25790117140499,-30.830923283857125,1041456.0776501463,
2018-06-29,78.12605285644531,80.54438781738281,-29.206028688865544,1,-27.500814806826323,-30.795465759373354,1042163.0936413573,
2018-07-02,77.77253723144531,80.17827606201172,-29.07552650219469,1,-27.64013104327847,-30.57884142214161,1042137.9013806151,
2018-07-03,78.12605285644531,81.276611328125,-28.473805178123357,0,-27.80173928340031,-30.446147060197916,1043561.1645562743,Close
2018-07-04,78.47956085205078,81.64273071289062,-28.604289017729997,0,-27.794123512491055,-30.371112417847996,1043561.1645562743,
2018-07-05,78.12605285644531,82.00884246826172,-27.741574037986638,-1,-27.937179768996508,-30.284728930452516,1043494.7591604614,Short Spread
2018-07-06,78.47956085205078,82.00884246826172,-28.238177262358903,-1,-27.74362541459672,-30.345508794188227,1044201.7751516723,
2018-07-09,78.83306884765625,82.00884246826172,-28.734780486731168,-1,-27.786169697722997,-30.335904206530486,1044908.7911428832,
2018-07-10,78.90750885009766,82.37494659423828,-28.47324866376961,-1,-27.927388314896522,-30.291632865526832,1044325.4628958129,
2018-07-11,78.90750885009766,82.00884246826172,-28.839352789746172,-1,-27.800589986947625,-30.278651822029413,1045057.671147766,
2018-07-12,78.16310119628906,81.64273071289062,-28.159730797297556,-1,-27.802872690994736,-30.256219197547136,1044301.079350891,
2018-07-13,78.16310119628906,81.64273071289062,-28.159730797297556,-1,-27.66710273358659,-30.231906791808882,1044301.079350891,
2018-07-16,78.5353012084961,81.64273071289062,-28.682592312372577,-1,-27.590056272355852,-30.24482640819395,1045045.4793753051,
2018-07-17,78.5353012084961,82.00884246826172,-28.316480557001483,-1,-27.619127953949494,-30.234907299742027,1044313.2558645629,
2018-07-18,78.5353012084961,82.00884246826172,-28.316480557001483,-1,-27.57796952181218,-30.25752961558905,1044313.2558645629,
2018-07-19,78.16310119628906,81.64273071289062,-28.159730797297556,-1,-27.726370760542302,-30.225968279114383,1044301.079350891,
2018-07-20,78.16310119628906,81.64273071289062,-28.159730797297556,-1,-27.483943785081905,-30.17299348796353,1044301.079350891,
2018-07-23,78.5353012084961,81.48664855957031,-28.83867446569289,-1,-27.41822534803113,-30.156632111430035,1045357.6436819457,
2018-07-24,78.90750885009766,80.72149658203125,-30.12669867597664,0,-27.520339641125133,-30.189647686263477,1047565.9777600097,Close
2018-07-25,78.5353012084961,80.33894348144531,-29.98637954381789,0,-27.478732766267164,-30.38501084883162,1047565.9777600097,
2018-07-26,78.5353012084961,80.72149658203125,-29.603826443231952,0,-27.463690357253952,-30.382114586046583,1047565.9777600097,
2018-07-27,78.5353012084961,80.72149658203125,-29.603826443231952,0,-27.465495771824894,-30.373273830468978,1047565.9777600097,
2018-07-30,78.5353012084961,81.10407257080078,-29.22125045446242,0,-27.54964898085314,-30.51755803115297,1047565.9777600097,
2018-07-31,78.5353012084961,81.10407257080078,-29.22125045446242,0,-27.504256314785952,-30.448452572460813,1047565.9777600097,
2018-08-01,78.90750885009766,81.10407257080078,-29.74412268720711,0,-27.54646828404282,-30.482840550430407,1047565.9777600097,
2018-08-02,78.16310119628906,80.72149658203125,-29.08096492815693,0,-27.538478789048057,-30.311225237613712,1047565.9777600097,
2018-08-03,78.16310119628906,81.10407257080078,-28.6983889393874,0,-27.515955417001376,-30.242455405195397,1047565.9777600097,
2018-08-06,78.5353012084961,81.48664855957031,-28.83867446569289,0,-27.474751969606125,-30.18401479640395,1047565.9777600097,
2018-08-07,78.16310119628906,81.48664855957031,-28.315812950617868,0,-27.497637394876108,-30.144162403153288,1047565.9777600097,
2018-08-08,78.16310119628906,81.86920928955078,-27.9332522206374,0,-27.413295737498437,-30.066009672578396,1047565.9777600097,
2018-08-09,78.16310119628906,81.86920928955078,-27.9332522206374,0,-27.304547386605968,-29.973479944901143,1047565.9777600097,
2018-08-10,78.90750885009766,82.25177001953125,-28.59642523847664,0,-27.22061646053633,-30.014476223879324,1047565.9777600097,
2018-08-13,78.5353012084961,81.48664855957031,-28.83867446569289,0,-27.32728514973208,-30.0334706235183,1047565.9777600097,
2018-08-14,78.90750885009766,81.86920928955078,-28.97898596845711,0,-27.406797160149747,-30.112882458705787,1047565.9777600097,
2018-08-15,78.5353012084961,81.86920928955078,-28.45611373571242,0,-27.412950502540337,-30.134971632857738,1047565.9777600097,
2018-08-16,78.16310119628906,81.48664855957031,-28.315812950617868,0,-27.57480985127583,-30.06759998157964,1047565.9777600097,
2018-08-17,78.90750885009766,81.86920928955078,-28.97898596845711,0,-27.486155292802334,-30.067189555492515,1047565.9777600097,
2018-08-20,78.90750885009766,81.86920928955078,-28.97898596845711,0,-27.49801005924876,-30.099037830578485,1047565.9777600097,
2018-08-21,79.27971649169922,83.01690673828125,-28.354160752471344,0,-27.54709670590582,-30.127514794278323,1047565.9777600097,
2018-08-22,79.65191650390625,82.63433837890625,-29.259590626921366,0,-27.423015367628754,-30.05715999878424,1047565.9777600097,
2018-08-23,80.02412414550781,83.01690673828125,-29.39989450029107,0,-27.61175558181883,-30.17811358784326,1047565.9777600097,
2018-08-24,79.65191650390625,82.25177001953125,-29.642158986296366,0,-27.66936262892101,-30.22249586688302,1047565.9777600097,
2018-08-27,80.02412414550781,82.63433837890625,-29.78246285966607,0,-27.620204893338475,-30.325867602088884,1047565.9777600097,
2018-08-28,80.02412414550781,83.01690673828125,-29.39989450029107,0,-27.706794922667672,-30.4433057079882,1047565.9777600097,
2018-08-29,80.02412414550781,83.01690673828125,-29.39989450029107,0,-27.75084882107708,-30.382035276734033,1047565.9777600097,
2018-08-30,79.65191650390625,82.25177001953125,-29.642158986296366,0,-27.848791589031897,-30.37706373221517,1047565.9777600097,
2018-08-31,79.65191650390625,83.01690673828125,-28.877022267546366,0,-27.93183452037395,-30.418158440780676,1047565.9777600097,
2018-09-03,80.02412414550781,82.63433837890625,-29.78246285966607,0,-27.814902882970415,-30.342530321979304,1047565.9777600097,
2018-09-04,80.02412414550781,83.01690673828125,-29.39989450029107,0,-27.849849514543607,-30.230418010741886,1047565.9777600097,
2018-09-05,79.65191650390625,82.63433837890625,-29.259590626921366,0,-27.872349300815575,-30.14566557010448,1047565.9777600097,
2018-09-06,79.65191650390625,82.25177001953125,-29.642158986296366,0,-27.87120743701596,-30.151509869736316,1047565.9777600097,
2018-09-07,80.02412414550781,82.63433837890625,-29.78246285966607,0,-27.876942523532602,-30.194717259177775,1047565.9777600097,
2018-09-10,80.02412414550781,83.01690673828125,-29.39989450029107,0,-27.87077182762484,-30.315279640493966,1047565.9777600097,
2018-09-11,80.7685317993164,84.16460418701172,-29.297930799380325,0,-27.86705872087741,-30.274993900703492,1047565.9777600097,
2018-09-12,81.1407470703125,84.16460418701172,-29.820813749794695,0,-27.86696278663006,-30.163138955430156,1047565.9777600097,
2018-09-13,81.1407470703125,83.78204345703125,-30.203374479775164,0,-27.880940117371022,-30.378604125186758,1047565.9777600097,
2018-09-14,81.512939453125,83.01690673828125,-31.491361995930518,1,-27.910977309525627,-30.64926869250037,1047499.396566162,Long Spread
2018-09-17,81.1407470703125,83.01690673828125,-30.968511198525164,1,-27.554770765964697,-32.93703549574682,1048243.781331787,
2018-09-18,81.1407470703125,84.16460418701172,-29.820813749794695,1,-27.871968780544165,-31.696795105987086,1050539.1762292478,
2018-09-19,81.512939453125,84.54717254638672,-29.96109618782505,1,-28.02358083867811,-31.037130406340214,1050559.9281823728,
2018-09-20,81.1407470703125,84.16460418701172,-29.820813749794695,1,-28.170481458281596,-31.00005952008721,1050539.1762292478,
2018-09-21,81.512939453125,83.78204345703125,-30.726225277180518,1,-28.137950382337035,-31.012462948913072,1049029.670003662,
2018-09-25,81.1407470703125,83.78204345703125,-30.203374479775164,1,-28.1265877471781,-31.28683744798306,1049774.054769287,
2018-09-26,81.1407470703125,83.78204345703125,-30.203374479775164,1,-28.150205752588327,-31.211932951355983,1049774.054769287,
2018-09-27,81.512939453125,84.16460418701172,-30.34366454720005,1,-28.33889042641687,-31.194473584438104,1049794.7914636228,
2018-09-28,81.512939453125,84.16460418701172,-30.34366454720005,1,-28.498061704962286,-31.168498768185355,1049794.7914636228,
2018-10-01,81.512939453125,84.54717254638672,-29.96109618782505,1,-28.482810040901164,-31.21740989631715,1050559.9281823728,
2018-10-02,81.1407470703125,83.78204345703125,-30.203374479775164,1,-28.53597153356926,-31.1693115111118,1049774.054769287,
2018-10-03,81.512939453125,83.39946746826172,-31.10880126595005,1,-28.79132514162368,-31.086090312039076,1048264.5180261229,
2018-10-04,80.39633178710938,82.63433837890625,-30.305335092410772,1,-28.70923859769277,-31.34591756843066,1048967.4751794431,
2018-10-05,80.7685317993164,83.39946746826172,-30.063067518130325,1,-28.734927278299498,-31.25979501551102,1049753.33333374,
2018-10-08,81.1407470703125,83.01690673828125,-30.968511198525164,1,-28.732393385330585,-31.248921304623625,1048243.781331787,
2018-10-09,81.1407470703125,83.78204345703125,-30.203374479775164,1,-28.72113558656283,-31.409851001888626,1049774.054769287,
2018-10-11,80.39633178710938,83.01690673828125,-29.922766733035772,1,-28.783121003998332,-31.358508564027808,1049732.6118981931,
2018-10-12,80.7685317993164,82.63433837890625,-30.828196607485793,1,-28.815402753134187,-31.338336619152564,1048223.0751550292,
2018-10-15,80.02412414550781,81.48664855957031,-30.930152679002006,1,-28.836692575520306,-31.437151626974174,1047416.5108239745,
2018-10-16,80.02412414550781,81.86920928955078,-30.547591949021538,1,-29.017126102439093,-31.445281623433473,1048181.6322839354,
2018-10-17,80.39633178710938,81.86920928955078,-31.07046418176624,1,-28.993612089049837,-31.450841253248175,1047437.2170007323,
2018-10-18,80.39633178710938,82.25177001953125,-30.687903451785772,1,-29.0769027066752,-31.540440918619403,1048202.3384606933,
2018-10-19,80.7685317993164,81.48664855957031,-31.97588642682173,1,-29.183520697973396,-31.49837878631889,1045927.6955163573,
2018-10-22,80.39633178710938,82.25177001953125,-30.687903451785772,1,-29.102888493317273,-31.806346808931323,1048202.3384606933,
2018-10-23,80.02412414550781,81.48664855957031,-30.930152679002006,1,-29.141657203825766,-31.727591045467683,1047416.5108239745,
2018-10-24,80.7685317993164,81.86920928955078,-31.593325696841262,1,-29.26153689505963,-31.72898040877759,1046692.8169763183,
2018-10-25,81.512939453125,82.63433837890625,-31.873930355305518,1,-29.359853827269426,-31.799260199214366,1046734.259847412,
2018-10-26,81.8851547241211,83.39946746826172,-31.63168421636442,1,-29.354467258196348,-31.958299051460497,1047520.0874841308,
2018-10-29,81.8851547241211,83.78204345703125,-31.24910822759489,1,-29.350444164860004,-32.05205295474221,1048285.2394616698,
2018-10-30,81.8851547241211,83.01690673828125,-32.01424494634489,1,-29.338078853480273,-31.967317665659774,1046754.9660241698,
2018-10-31,82.25736236572266,83.78204345703125,-31.771980460339577,1,-29.27593386474305,-32.195682393436144,1047540.8241784667,
2018-11-01,81.512939453125,81.86920928955078,-32.63905944466099,1,-29.413434381989624,-32.30472463999021,1045204.0016687011,
2018-11-02,80.39633178710938,81.10407257080078,-31.83560090051624,1,-29.352516825832534,-32.72716902975506,1045906.9435632323,
2018-11-05,80.7685317993164,80.72149658203125,-32.74103840436079,1,-29.47066476954558,-32.5920830924749,1044397.3915612792,
2018-11-06,81.1407470703125,81.10407257080078,-32.88134536600563,1,-29.29447627370218,-33.03686328829857,1044418.1129968261,
2018-11-07,81.8851547241211,81.86920928955078,-33.16194239507536,1,-29.37280369781349,-33.38354093832977,1044459.5711267089,
2018-11-08,81.512939453125,81.86920928955078,-32.63905944466099,1,-29.387545705168627,-33.82148106426098,1045204.0016687011,
2018-11-09,81.1407470703125,81.86920928955078,-32.11620864725563,1,-29.436606052403793,-33.65909827278162,1045948.3864343261,
2018-11-12,81.512939453125,81.48664855957031,-33.021620174641455,1,-29.502951628582167,-33.530693699919,1044438.8802087401,
2018-11-13,81.8851547241211,81.86920928955078,-33.16194239507536,1,-29.68005889777833,-33.861729073311466,1044459.5711267089,
2018-11-14,82.25736236572266,81.86920928955078,-33.684814627820046,1,-29.72376123691338,-34.06222130532839,1043715.1558435058,
2018-11-15,82.25736236572266,81.86920928955078,-33.684814627820046,1,-29.502964770949234,-34.77707269400213,1043715.1558435058,
2018-11-16,81.1407470703125,81.10407257080078,-32.88134536600563,1,-29.888471992584872,-34.93690452265909,1044418.1129968261,
2018-11-19,81.512939453125,81.48664855957031,-33.021620174641455,1,-30.05009949449415,-34.367011034535444,1044438.8802087401,
2018-11-20,81.8851547241211,81.86920928955078,-33.16194239507536,1,-29.921740952753236,-34.57563695394827,1044459.5711267089,
2018-11-21,81.512939453125,81.86920928955078,-32.63905944466099,1,-30.32865193112566,-34.55100453548037,1045204.0016687011,
2018-11-22,81.512939453125,82.25177001953125,-32.25649871468052,1,-30.550424879684858,-34.22304256088491,1045969.123128662,
2018-11-23,81.8851547241211,82.63433837890625,-32.39681330571989,1,-30.422200023555174,-34.213511016418366,1045989.8293054198,
2018-11-26,81.512939453125,82.25177001953125,-32.25649871468052,1,-30.514766884665796,-34.20800038900533,1045969.123128662,
2018-11-27,81.512939453125,82.25177001953125,-32.25649871468052,1,-30.74115950632533,-34.08004774382418,1045969.123128662,
2018-11-28,81.8851547241211,82.25177001953125,-32.77938166509489,1,-30.739163071998025,-34.07333975111456,1045224.6925866698,
2018-11-29,81.1407470703125,81.48664855957031,-32.4987693772361,1,-31.004109589451197,-34.02918379002393,1045183.2649743651,
2018-11-30,81.1407470703125,81.86920928955078,-32.11620864725563,1,-30.844476200775368,-34.041422720103704,1045948.3864343261,
2018-12-03,80.39633178710938,81.10407257080078,-31.83560090051624,0,-31.25505974176187,-33.848017310174484,1045840.483547058,Close
2018-12-04,79.65191650390625,81.10407257080078,-30.789856435026834,-1,-31.288577105250294,-33.778021039301414,1045774.053307495,Short Spread
2018-12-05,80.02412414550781,81.48664855957031,-30.930152679002006,-1,-30.781982346696818,-33.95821174634336,1045753.316613159,
2018-12-06,79.65191650390625,81.48664855957031,-30.407280446257303,-1,-30.588458175229167,-34.01392199424969,1045008.9013299559,
2018-12-07,80.39633178710938,81.86920928955078,-31.07046418176624,-1,-30.02979908235663,-34.24105066457612,1045732.6104364012,
2018-12-10,80.02412414550781,81.86920928955078,-30.547591949021538,-1,-30.560575907306635,-34.12850571225862,1044988.1951531981,
2018-12-11,80.39633178710938,82.25177001953125,-30.687903451785772,-1,-29.673820025360538,-34.255451630007805,1044967.4889764403,
2018-12-12,79.65191650390625,82.25177001953125,-29.642158986296366,-1,-29.73918267304132,-34.30004629269896,1043478.658410034,
2018-12-13,80.39633178710938,82.25177001953125,-30.687903451785772,0,-23.69599057656665,-33.413597067893534,1044900.983052368,Close
2018-12-14,80.02412414550781,82.25177001953125,-30.16503121904107,0,-29.2131686122437,-34.39617058865459,1044900.983052368,
2018-12-17,80.39633178710938,82.25177001953125,-30.687903451785772,0,-27.792548252562177,-33.929619426426186,1044900.983052368,
2018-12-18,80.39633178710938,81.48664855957031,-31.45302491174671,0,-28.686067952602198,-33.893201112726715,1044900.983052368,
2018-12-19,80.39633178710938,82.25177001953125,-30.687903451785772,0,-29.241379122783155,-33.83076389835669,1044900.983052368,
2018-12-20,80.39633178710938,82.25177001953125,-30.687903451785772,0,-28.772174728477133,-33.87902611905837,1044900.983052368,
2018-12-21,80.39633178710938,82.25177001953125,-30.687903451785772,0,-28.723915348895684,-34.02144471702951,1044900.983052368,
2018-12-24,80.39633178710938,81.86920928955078,-31.07046418176624,0,-28.648818244173956,-33.48576603753247,1044900.983052368,
2018-12-25,80.02412414550781,81.48664855957031,-30.930152679002006,0,-28.95308288322221,-33.38847983913223,1044900.983052368,
2018-12-26,79.27971649169922,81.10407257080078,-30.266994919951813,0,-29.143797464880503,-32.98226418212095,1044900.983052368,
2018-12-27,79.27971649169922,81.48664855957031,-29.88441893118228,0,-29.017746013053454,-32.76449379317862,1044900.983052368,
2018-12-28,79.27971649169922,86.45999908447266,-24.911068406279938,-1,-28.511165691472844,-32.81355660556705,1044834.353463745,Short Spread
2019-01-02,79.65191650390625,81.86920928955078,-30.024719716276834,-1,-28.053290587488775,-34.1743742585977,1054760.3330780028,
2019-01-03,79.27971649169922,81.86920928955078,-29.501858201201813,-1,-27.703994349758236,-33.9452576215336,1054015.9330535887,
2019-01-04,79.27971649169922,82.25177001953125,-29.119297471221344,-1,-27.604927963980145,-33.83577436009009,1053250.8115936278,
2019-01-07,80.39633178710938,82.63433837890625,-30.305335092410772,-1,-27.463870468160138,-33.75607121632076,1054718.905465698,
2019-01-08,80.02412414550781,81.86920928955078,-30.547591949021538,-1,-27.540816926488787,-33.63115337486293,1055504.748361206,
2019-01-09,80.39633178710938,82.25177001953125,-30.687903451785772,-1,-27.568444495876346,-33.51996123011957,1055484.042184448,
2019-01-10,80.39633178710938,81.86920928955078,-31.07046418176624,-1,-27.601354369525595,-33.39663723409123,1056249.163644409,
2019-01-11,80.7685317993164,81.86920928955078,-31.593325696841262,0,-27.693028159494148,-33.196242233323474,1056927.0581591795,Close
2019-01-14,80.7685317993164,81.48664855957031,-31.97588642682173,0,-27.755410862854323,-33.111042369089645,1056927.0581591795,
2019-01-15,80.39633178710938,81.86920928955078,-31.07046418176624,0,-27.76831880892935,-33.11414707899858,1056927.0581591795,
2019-01-16,80.7685317993164,81.86920928955078,-31.593325696841262,0,-27.785307236651487,-33.02825572556135,1056927.0581591795,
2019-01-17,81.1407470703125,81.86920928955078,-32.11620864725563,0,-27.788932772719615,-33.12369602972408,1056927.0581591795,
2019-01-18,81.1407470703125,81.86920928955078,-32.11620864725563,0,-27.756067671928815,-33.25500161134798,1056927.0581591795,
2019-01-21,80.39633178710938,81.48664855957031,-31.45302491174671,0,-27.751041174053313,-33.40687826005027,1056927.0581591795,
2019-01-22,81.1407470703125,82.25177001953125,-31.733647917275164,0,-27.731085472102507,-33.400557859289286,1056927.0581591795,
2019-01-23,81.1407470703125,81.86920928955078,-32.11620864725563,0,-27.747786874625966,-33.503516061943294,1056927.0581591795,
2019-01-24,81.1407470703125,81.86920928955078,-32.11620864725563,0,-27.73639965285968,-33.63122679070678,1056927.0581591795,
2019-01-25,81.512939453125,81.86920928955078,-32.63905944466099,0,-27.835375936519526,-33.768346044382994,1056927.0581591795,
2019-01-28,80.39633178710938,81.48664855957031,-31.45302491174671,0,-27.779096069509546,-33.94950211881193,1056927.0581591795,
2019-01-29,81.1407470703125,81.86920928955078,-32.11620864725563,0,-27.830565965022238,-33.940106068540096,1056927.0581591795,
2019-01-30,81.512939453125,81.86920928955078,-32.63905944466099,0,-27.832662610701416,-34.04977464333912,1056927.0581591795,
2019-02-11,81.512939453125,81.48664855957031,-33.021620174641455,0,-27.78673106345122,-34.17006394850459,1056927.0581591795,
2019-02-12,80.7685317993164,81.86920928955078,-31.593325696841262,0,-27.797925135900957,-34.43182512940908,1056927.0581591795,
2019-02-13,80.39633178710938,81.10407257080078,-31.83560090051624,0,-27.803715234069678,-34.361228065984136,1056927.0581591795,
2019-02-14,79.65191650390625,81.10407257080078,-30.789856435026834,0,-27.83958621981673,-34.42474722810564,1056927.0581591795,
2019-02-15,80.7685317993164,81.48664855957031,-31.97588642682173,0,-27.77473521703591,-34.35671799011306,1056927.0581591795,
2019-02-18,81.1407470703125,81.48664855957031,-32.4987693772361,0,-27.83653780104251,-34.468548752635584,1056927.0581591795,
2019-02-19,80.7685317993164,81.10407257080078,-32.35846241559126,0,-27.933289615619532,-34.62293810491519,1056927.0581591795,
2019-02-20,80.7685317993164,81.48664855957031,-31.97588642682173,0,-28.05608641831254,-34.687333598144264,1056927.0581591795,
2019-02-21,81.512939453125,81.48664855957031,-33.021620174641455,0,-30.044030722856224,-33.3384134834334,1056927.0581591795,
2019-02-22,81.8851547241211,81.86920928955078,-33.16194239507536,0,-29.9030575597654,-33.92375500688774,1056927.0581591795,
2019-02-25,81.512939453125,81.86920928955078,-32.63905944466099,0,-30.230938648790897,-33.84623187748575,1056927.0581591795,
2019-02-26,81.8851547241211,81.48664855957031,-33.544503125055826,1,-30.590029322667352,-33.46979621499512,1056860.523287048,Long Spread
2019-02-27,81.8851547241211,81.86920928955078,-33.16194239507536,1,-30.54993358190511,-33.76880871659725,1057625.644747009,
2019-03-04,81.8851547241211,81.86920928955078,-33.16194239507536,1,-30.656705262039036,-33.73427871391782,1057625.644747009,
2019-03-05,81.8851547241211,81.86920928955078,-33.16194239507536,1,-30.771802186277295,-33.75205002612877,1057625.644747009,
2019-03-06,81.512939453125,82.25177001953125,-32.25649871468052,1,-30.82845771020115,-33.80358723838239,1059135.1967489622,
2019-03-07,81.512939453125,81.86920928955078,-32.63905944466099,1,-30.81153470835345,-33.73895757881759,1058370.0752890012,
2019-03-08,81.512939453125,82.25177001953125,-32.25649871468052,1,-30.822006606864093,-33.77469606239528,1059135.1967489622,
2019-03-11,81.8851547241211,81.86920928955078,-33.16194239507536,1,-30.991294775901203,-33.71514843385851,1057625.644747009,
2019-03-12,81.512939453125,82.63433837890625,-31.873930355305518,0,-31.01853495750779,-33.812920071321905,1059833.7675765988,Close
2019-03-13,81.8851547241211,82.63433837890625,-32.39681330571989,0,-30.947327186547202,-33.76349477475693,1059833.7675765988,
2019-03-14,81.1407470703125,82.25177001953125,-31.733647917275164,0,-30.975378483473634,-33.778831155138604,1059833.7675765988,
2019-03-15,82.25736236572266,82.63433837890625,-32.91968553846458,0,-31.01429445673211,-33.75830006433893,1059833.7675765988,
2019-03-18,81.8851547241211,82.63433837890625,-32.39681330571989,0,-31.074877178342966,-33.80410047924739,1059833.7675765988,
2019-03-19,82.25736236572266,82.63433837890625,-32.91968553846458,0,-31.07563822067353,-33.79446613486835,1059833.7675765988,
2019-03-20,82.25736236572266,82.63433837890625,-32.91968553846458,0,-31.102088364507846,-33.83743811596675,1059833.7675765988,
2019-03-21,82.25736236572266,82.63433837890625,-32.91968553846458,0,-31.09390145950929,-33.851496881436326,1059833.7675765988,
2019-03-22,81.8851547241211,83.01690673828125,-32.01424494634489,0,-31.22875522374199,-33.85987782075362,1059833.7675765988,
2019-03-25,82.25736236572266,82.25177001953125,-33.30225389783958,0,-31.185054375651617,-33.84290798044512,1059833.7675765988,
2019-03-26,83.00177001953125,83.01690673828125,-33.5828509269093,0,-31.17956623667688,-33.913866901273906,1059833.7675765988,
2019-03-27,82.62955474853516,83.01690673828125,-33.05996797649493,0,-31.146536489980228,-33.98711055667075,1059833.7675765988,
2019-03-28,83.37396240234375,83.39946746826172,-33.72314099433419,0,-31.276270450271788,-34.001483357325135,1059833.7675765988,
2019-03-29,83.00177001953125,83.78204345703125,-32.8177142081593,0,-31.306431404068764,-34.11912516056803,1059833.7675765988,
2019-04-01,82.62955474853516,84.54717254638672,-31.529702168389463,-1,-31.616117421383816,-33.9148149550406,1059767.080507507,Short Spread
2019-04-02,82.25736236572266,83.78204345703125,-31.771980460339577,-1,-31.497734788498057,-33.95248724376061,1060552.953920593,
2019-04-03,82.62955474853516,83.01690673828125,-33.05996797649493,-1,-31.409737365274765,-33.979582391335896,1062827.612123718,
2019-04-08,82.25736236572266,83.01690673828125,-32.53711717908958,-1,-31.45168384073308,-34.01343059074274,1062083.227358093,
2019-04-09,82.62955474853516,83.78204345703125,-32.29483125774493,-1,-31.505002841719712,-33.99471075364646,1061297.338686218,
2019-04-10,82.62955474853516,83.78204345703125,-32.29483125774493,-1,-31.46214157911598,-33.968601918483586,1061297.338686218,
2019-04-11,82.62955474853516,83.39946746826172,-32.67740724651446,-1,-31.433842194551804,-33.93451817886992,1062062.490663757,
2019-04-12,82.62955474853516,83.78204345703125,-32.29483125774493,-1,-31.442838558815428,-33.943357482131134,1061297.338686218,
2019-04-15,82.62955474853516,83.78204345703125,-32.29483125774493,-1,-31.43182640260719,-33.84530234659527,1061297.338686218,
2019-04-16,83.00177001953125,84.16460418701172,-32.43515347817883,-1,-31.41605358618845,-33.810208602214146,1061276.6477682493,
2019-04-17,83.00177001953125,83.78204345703125,-32.8177142081593,-1,-31.412354803718475,-33.767646715936074,1062041.7692282102,
2019-04-18,83.37396240234375,84.16460418701172,-32.95800427558419,-1,-31.422850690657754,-33.73956825271692,1062021.0325338743,
2019-04-19,83.00177001953125,83.78204345703125,-32.8177142081593,-1,-31.451702817448314,-33.77152781144209,1062041.7692282102,
2019-04-22,83.00177001953125,84.16460418701172,-32.43515347817883,-1,-31.451479605961854,-33.77742155289777,1061276.6477682493,
2019-04-23,83.74617767333984,84.54717254638672,-33.09831886662356,0,-31.464760641632836,-33.77638708701461,1061933.5946231077,Close
2019-04-24,83.37396240234375,84.54717254638672,-32.57543591620919,0,-31.465486377153915,-33.767869639133515,1061933.5946231077,
2019-04-25,83.74617767333984,84.54717254638672,-33.09831886662356,0,-31.540997475989126,-33.75614717656613,1061933.5946231077,
2019-04-26,84.11839294433594,84.54717254638672,-33.62120181703793,0,-31.552102518710726,-33.79248236019764,1061933.5946231077,
2019-04-29,84.11839294433594,84.92973327636719,-33.23864108705746,0,-31.637119829867302,-33.86432353578019,1061933.5946231077,
2019-04-30,84.11839294433594,84.92973327636719,-33.23864108705746,0,-31.614989438245345,-33.8787869254283,1061933.5946231077,
2019-05-02,85.23500061035156,84.92973327636719,-34.807236349952206,1,-31.64792533179801,-33.92523657073686,1061866.7880337522,Long Spread
2019-05-03,85.23500061035156,84.92973327636719,-34.807236349952206,1,-31.4290055610352,-34.36177819882719,1061866.7880337522,
2019-05-06,84.11839294433594,84.54717254638672,-33.62120181703793,1,-31.28256911314193,-34.754724095139416,1063334.8819058225,
2019-05-07,84.86279296875,84.54717254638672,-34.666924847187985,1,-31.315326061075993,-34.60072186434614,1061846.0818569944,
2019-05-08,84.49058532714844,85.31230163574219,-33.378923525087814,1,-31.386541295358636,-34.96343300095461,1064120.7553189085,
2019-05-09,84.86279296875,84.16460418701172,-35.049493206562985,1,-31.293030759048282,-34.75366126678185,1061080.9451382444,
2019-05-10,84.86279296875,84.16460418701172,-35.049493206562985,1,-31.151045133193072,-35.17135209272191,1061080.9451382444,
2019-05-13,85.23500061035156,84.16460418701172,-35.572365439307674,1,-31.101000087850025,-35.51762983884795,1060336.5298550413,
2019-05-14,84.86279296875,85.31230163574219,-33.90179575783252,1,-30.866752410179036,-36.02193157450664,1063376.3400357054,
2019-05-15,85.23500061035156,84.54717254638672,-35.189797079932674,1,-31.044803369443667,-35.61921528371601,1061101.6665737913,
2019-05-16,84.86279296875,84.54717254638672,-34.666924847187985,1,-31.388511116981725,-36.0037410153294,1061846.0818569944,
2019-05-17,85.6072006225586,84.92973327636719,-35.33009786502724,1,-31.484642403498505,-35.905061295961225,1061122.3880093382,
2019-05-20,85.97940826416016,85.31230163574219,-35.47040173839693,1,-31.291142722068766,-36.33006507912154,1061143.109444885,
2019-05-21,87.8404312133789,86.07743835449219,-37.31960474803108,1,-31.448319837187764,-36.59740707212744,1058951.3369839475,
2019-05-22,87.09602355957031,85.69486999511719,-36.65643935958636,1,-31.364889471735367,-38.8244585800353,1059675.0155728147,
2019-05-23,87.46822357177734,85.69486999511719,-37.17930087466138,1,-31.501816535339223,-38.01533603427601,1058930.6155484007,
2019-05-24,87.46822357177734,85.69486999511719,-37.17930087466138,1,-31.478173928981033,-39.09748665489977,1058930.6155484007,
2019-05-27,87.8404312133789,85.69486999511719,-37.70217310740608,1,-31.805532978595508,-39.1816798784312,1058186.2002651975,
2019-05-28,86.35160827636719,85.31230163574219,-35.99326325347195,1,-32.06154766789575,-40.15465945561127,1060398.709420471,
2019-05-29,87.46822357177734,85.69486999511719,-37.17930087466138,1,-31.893029054091794,-38.430309663126,1058930.6155484007,
2019-05-30,87.8404312133789,86.07743835449219,-37.31960474803108,1,-31.947355564147813,-39.18045977485562,1058951.3369839475,
2019-05-31,87.8404312133789,86.07743835449219,-37.31960474803108,1,-32.06893692232059,-39.42933918907225,1058951.3369839475,
2019-06-03,87.8404312133789,86.45999908447266,-36.937044018050614,1,-32.3035618400014,-39.46947255556116,1059716.4584439085,
2019-06-04,87.8404312133789,86.45999908447266,-36.937044018050614,1,-32.63414957867836,-39.13248906872161,1059716.4584439085,
2019-06-05,88.212646484375,86.84257507324219,-37.07735097969545,1,-32.643317803784,-39.23163996172808,1059737.1798794554,
2019-06-06,88.212646484375,86.84257507324219,-37.07735097969545,1,-33.063881305794986,-39.11328127053006,1059737.1798794554,
2019-06-10,88.95704650878906,87.22512817382812,-37.74052090925956,1,-33.14788833978771,-39.139258731888916,1059013.486031799,
2019-06-11,88.5848388671875,86.84257507324219,-37.60020177710081,1,-33.208919360105185,-39.500056858971746,1058992.7951138304,
2019-06-12,89.32925415039062,86.45999908447266,-39.02852223135973,1,-33.54370952768162,-39.34173462684095,1056738.812569885,
2019-06-13,89.70144653320312,86.45999908447266,-39.551373028765084,1,-33.734100754580545,-40.01430012817371,1055994.42780426,
2019-06-14,89.70144653320312,86.07743835449219,-39.93393375874555,1,-33.45051062590248,-41.483138515347136,1055229.306344299,
2019-06-17,88.95704650878906,85.69486999511719,-39.270779087970496,1,-33.61743832142321,-42.557142161406176,1055952.9696743772,
2019-06-18,88.95704650878906,85.69486999511719,-39.270779087970496,1,-34.29321073008556,-41.198357923068684,1055952.9696743772,
2019-06-19,90.07366180419922,86.84257507324219,-39.691679990409924,1,-34.17422573684112,-41.636436694690445,1056015.149239807,
2019-06-20,90.07366180419922,86.07743835449219,-40.456816709159924,1,-35.05774353425603,-41.372552414479145,1054484.875802307,
2019-06-21,90.8180694580078,86.84257507324219,-40.73741373822962,1,-35.112346282964374,-43.99824847251424,1054526.3339321897,
2019-06-24,91.19027709960938,87.22512817382812,-40.8777328703884,1,-35.469435704807886,-44.65391382785277,1054547.0248501585,
2019-06-25,91.19027709960938,87.22512817382812,-40.8777328703884,1,-35.58859541873641,-45.6632264202516,1054547.0248501585,
2019-06-26,91.19027709960938,87.22512817382812,-40.8777328703884,1,-36.667163041775424,-43.39259264462366,1054547.0248501585,
2019-06-27,91.19027709960938,86.84257507324219,-41.26028597097434,1,-36.817760278995685,-44.8033122079602,1053781.9186489866,
2019-06-28,91.19027709960938,86.45999908447266,-41.64286195974387,1,-37.316625156971405,-44.2873895135261,1053016.7666714475,
2019-07-01,90.07366180419922,86.45999908447266,-40.074255979179455,0,-37.778119199424644,-45.842292692203564,1055182.9359158324,Close
2019-07-02,91.19027709960938,86.84257507324219,-41.26028597097434,0,-36.651917034619444,-42.826217625614476,1055182.9359158324,
2019-07-03,91.19027709960938,86.84257507324219,-41.26028597097434,0,-36.626110186497044,-45.67849869441426,1055182.9359158324,
2019-07-04,90.8180694580078,86.45999908447266,-41.11998972699915,0,-37.18131174466024,-44.99062705094385,1055182.9359158324,
2019-07-05,91.19027709960938,86.84257507324219,-41.26028597097434,0,-37.01766604350888,-44.94468398187871,1055182.9359158324,
2019-07-08,90.8180694580078,87.22512817382812,-40.35486063764368,0,-37.228382081503355,-45.027847949320844,1055182.9359158324,
2019-07-09,88.12667846679688,86.84257507324219,-36.956584277802136,0,-36.66826518298896,-43.95868024694295,1055182.9359158324,
2019-07-10,88.51661682128906,86.84257507324219,-37.50436437487059,0,-36.15801144878825,-42.877547303756906,1055182.9359158324,
2019-07-11,87.34679412841797,86.84257507324219,-35.86101336599556,-1,-35.870693273314934,-42.977733319172195,1055115.9683410644,Short Spread
2019-07-12,86.95685577392578,86.45999908447266,-35.69580925769664,-1,-34.34542521867386,-43.34680393117453,1055101.243609619,
2019-07-15,86.17697143554688,86.07743835449219,-34.98279907587052,-1,-33.767871173063455,-43.51326411341326,1054306.5963928222,
2019-07-16,85.39708709716797,85.31230163574219,-34.65236488281394,-1,-32.24583244924419,-43.968690727738846,1054277.1011535644,
2019-07-17,86.56690979003906,85.69486999511719,-35.91314753231397,-1,-30.201428684006057,-44.3003987168218,1055851.6098205566,
2019-07-18,86.17697143554688,85.69486999511719,-35.36536743524552,-1,-33.385279690339566,-43.81029904745987,1055071.7331115722,
2019-07-19,86.56690979003906,85.69486999511719,-35.91314753231397,-1,-32.24217665350863,-44.0131968846292,1055851.6098205566,
2019-07-22,86.56690979003906,86.07743835449219,-35.53057917293897,-1,-32.233280996458625,-43.82370351785871,1055086.4731018066,
2019-07-23,86.17697143554688,85.69486999511719,-35.36536743524552,-1,-31.37643041976964,-43.92630140330346,1055071.7331115722,
2019-07-24,85.39708709716797,85.69486999511719,-34.26979652343894,-1,-28.32178938117019,-42.77178657988145,1053511.9644348144,
2019-07-25,85.78703308105469,85.27963256835938,-35.232824764934875,0,-17.38903257086409,-38.995451164599196,1055055.4885894775,Close
2019-07-26,85.00714874267578,85.67813110351562,-33.73875531797205,0,-28.06537618335273,-41.784361584751096,1055055.4885894775,
2019-07-29,85.00714874267578,85.67813110351562,-33.73875531797205,0,-16.126645284652895,-38.72793097171685,1055055.4885894775,
2019-07-30,85.00714874267578,85.67813110351562,-33.73875531797205,0,-18.603442770035393,-39.34302176344817,1055055.4885894775,
2019-07-31,85.39708709716797,86.0766372680664,-33.88802925048972,0,-20.859288042953068,-39.285123696515235,1055055.4885894775,
2019-08-01,84.61720275878906,85.27963256835938,-33.58946303839018,0,-24.248242383237447,-39.28941777231525,1055055.4885894775,
2019-08-02,85.00714874267578,85.27963256835938,-34.1372538531283,0,-24.454355728079815,-38.7287219683264,1055055.4885894775,
2019-08-05,85.78703308105469,85.67813110351562,-34.834326229778625,0,-27.159584080384853,-39.35464706900574,1055055.4885894775,
2019-08-06,85.39708709716797,84.88113403320312,-35.083532485353004,0,-28.73321904359036,-39.68913866754138,1055055.4885894775,
2019-08-07,85.39708709716797,84.88113403320312,-35.083532485353004,0,-29.345531319513945,-39.58950875127011,1055055.4885894775,
2019-08-08,85.39708709716797,85.67813110351562,-34.286535415040504,0,-29.941886014698582,-39.14829307270931,1055055.4885894775,
2019-08-12,85.78703308105469,85.67813110351562,-34.834326229778625,0,-30.14726601272507,-38.50645283897846,1055055.4885894775,
2019-08-13,86.17697143554688,85.27963256835938,-35.78060486200333,0,-30.052323203125958,-38.896441100925834,1055055.4885894775,
2019-08-14,86.17697143554688,85.27963256835938,-35.78060486200333,0,-31.295154786172485,-38.28805677942587,1055055.4885894775,
2019-08-15,86.56690979003906,84.88113403320312,-36.726883494228034,0,-31.759544375022923,-37.92934438037159,1055055.4885894775,
2019-08-16,85.78703308105469,86.0766372680664,-34.435820065227844,0,-32.25639126746323,-37.79905009889181,1055055.4885894775,
2019-08-19,85.78703308105469,85.67813110351562,-34.834326229778625,0,-32.592673899817136,-37.14625032660751,1055055.4885894775,
2019-08-20,85.78703308105469,85.27963256835938,-35.232824764934875,0,-33.1077051065001,-36.72989711011456,1055055.4885894775,
2019-08-21,85.78703308105469,85.67813110351562,-34.834326229778625,0,-33.026752822138924,-36.87611329186881,1055055.4885894775,
2019-08-22,86.56690979003906,85.27963256835938,-36.328384959071784,0,-33.226696601058805,-36.493826236202935,1055055.4885894775,
2019-08-23,86.56690979003906,85.67813110351562,-35.929886423915534,0,-33.18511073050821,-36.76656616641089,1055055.4885894775,
2019-08-26,85.78703308105469,85.27963256835938,-35.232824764934875,0,-33.17718703184415,-36.774859559843456,1055055.4885894775,
2019-08-27,85.78703308105469,85.67813110351562,-34.834326229778625,0,-33.18860645455274,-36.781976411309444,1055055.4885894775,
2019-08-28,86.56690979003906,86.0766372680664,-35.53138025936475,0,-33.19876285074327,-36.779283094548354,1055055.4885894775,
2019-08-29,86.95685577392578,86.47514343261719,-35.68066490955211,0,-33.199830013711924,-36.7103102570672,1055055.4885894775,
2019-08-30,87.34679412841797,86.87364196777344,-35.82994647146431,0,-33.20514470685134,-36.780744337728805,1055055.4885894775,
2019-09-02,87.73674011230469,87.67064666748047,-35.5807325864954,0,-33.20249192904692,-36.74555158559395,1055055.4885894775,
2019-09-03,86.95685577392578,87.27214813232422,-34.883660209845075,0,-33.20298772274412,-36.75941491761366,1055055.4885894775,
2019-09-04,87.34679412841797,87.67064666748047,-35.03294177175728,0,-33.176349200497015,-36.71136195036084,1055055.4885894775,
2019-09-05,87.34679412841797,87.67064666748047,-35.03294177175728,0,-33.283765787515236,-36.757621411650106,1055055.4885894775,
2019-09-06,87.34679412841797,87.67064666748047,-35.03294177175728,0,-33.22990803355125,-36.71556351217982,1055055.4885894775,
2019-09-10,88.51661682128906,88.4676513671875,-35.87928808092528,0,-33.4672721534697,-36.714717422527265,1055055.4885894775,
2019-09-11,88.51661682128906,88.4676513671875,-35.87928808092528,0,-33.60241431840421,-36.77787294619662,1055055.4885894775,
2019-09-12,88.51661682128906,88.4676513671875,-35.87928808092528,0,-33.73829865834645,-36.7622120928704,1055055.4885894775,
2019-09-16,88.90656280517578,88.86615753173828,-36.02857273111262,0,-33.85480077313341,-36.74940164227957,1055055.4885894775,
2019-09-17,88.90656280517578,88.86615753173828,-36.02857273111262,0,-34.071081740102656,-36.6841000690312,1055055.4885894775,
2019-09-18,89.29650115966797,88.86615753173828,-36.57635282818107,0,-34.16498493434652,-36.678051997149936,1055055.4885894775,
2019-09-19,89.29650115966797,89.26466369628906,-36.17784666363029,0,-34.149344301617965,-36.81965968141761,1055055.4885894775,
2019-09-20,88.90656280517578,89.66316223144531,-35.23156803140559,0,-34.16071945452077,-36.86398456430814,1055055.4885894775,
2019-09-23,88.51661682128906,89.26466369628906,-35.082275751823715,0,-34.15621906416717,-36.83897478068335,1055055.4885894775,
2019-09-24,88.12667846679688,88.86615753173828,-34.93300181930604,0,-34.28353235307369,-36.78466959489423,1055055.4885894775,
2019-09-25,88.12667846679688,88.06915283203125,-35.730006519013074,0,-34.277336288903605,-36.7771197860695,1055055.4885894775,
2019-09-26,88.12667846679688,87.67064666748047,-36.128512683563855,0,-34.27459012232944,-36.772396393127536,1055055.4885894775,
2019-09-27,87.34679412841797,88.4676513671875,-34.23593707205025,-1,-34.27095144598806,-36.81131404907977,1054988.4560116576,Short Spread
2019-10-01,88.51661682128906,89.26466369628906,-35.082275751823715,-1,-34.159821331111694,-36.70450023930301,1055734.0767391967,
2019-10-02,88.51661682128906,89.26466369628906,-35.082275751823715,-1,-34.28143571143221,-36.687822562566595,1055734.0767391967,
2019-10-03,87.73674011230469,88.86615753173828,-34.38522172223759,-1,-34.2932285385338,-36.677435712901946,1054971.3356503295,
2019-10-04,88.51661682128906,89.26466369628906,-35.082275751823715,-1,-34.15419814240285,-36.715107714539016,1055734.0767391967,
2019-10-07,88.51661682128906,89.66316223144531,-34.683777216667465,-1,-34.214744989710184,-36.71558948378326,1054937.0796688842,
2019-10-08,88.51661682128906,89.66316223144531,-34.683777216667465,-1,-34.12440690470056,-36.58932106701361,1054937.0796688842,
2019-10-09,87.73674011230469,88.86615753173828,-34.38522172223759,-1,-34.070396982331324,-36.57559202514738,1054971.3356503295,
2019-10-14,88.51661682128906,89.26466369628906,-35.082275751823715,-1,-33.966924829777895,-36.628613547731945,1055734.0767391967,
2019-10-15,88.51661682128906,89.26466369628906,-35.082275751823715,-1,-34.057005734615515,-36.64077743666769,1055734.0767391967,
2019-10-16,88.51661682128906,89.66316223144531,-34.683777216667465,-1,-34.00892668056371,-36.60503015969227,1054937.0796688842,
2019-10-17,88.51661682128906,89.66316223144531,-34.683777216667465,-1,-33.93034570221067,-36.56967412531564,1054937.0796688842,
2019-10-18,88.12667846679688,89.66316223144531,-34.13599711959901,-1,-33.88803965755169,-36.52008249131721,1054157.2029598998,
2019-10-21,88.51661682128906,89.66316223144531,-34.683777216667465,-1,-33.71928708687519,-36.543888228447365,1054937.0796688842,
2019-10-22,88.51661682128906,90.06166076660156,-34.285278681511215,-1,-33.78903981905265,-36.57941645211426,1054140.0825985717,
2019-10-23,88.12667846679688,89.66316223144531,-34.13599711959901,-1,-33.664852944082114,-36.58975040659668,1054157.2029598998,
2019-10-24,88.12667846679688,90.06166076660156,-33.73749858444276,-1,-33.54768420350055,-36.61370233963794,1053360.2058895873,
2019-10-25,88.51661682128906,89.66316223144531,-34.683777216667465,-1,-33.302113799769465,-36.67389356671901,1054937.0796688842,
2019-10-28,88.90656280517578,90.06166076660156,-34.83306949624934,-1,-33.42538215018866,-36.52172522458989,1054919.974566345,
2019-10-29,88.51661682128906,89.66316223144531,-34.683777216667465,-1,-33.445294868405234,-36.45974272115168,1054937.0796688842,
2019-10-30,88.90656280517578,90.06166076660156,-34.83306949624934,-1,-33.43649213834116,-36.37883483568613,1054919.974566345,
2019-10-31,88.51661682128906,89.26466369628906,-35.082275751823715,-1,-33.47941631349413,-36.272068177169075,1055734.0767391967,
2019-11-01,88.90656280517578,90.06166076660156,-34.83306949624934,-1,-33.53375461264856,-36.19124949582365,1054919.974566345,
2019-11-04,88.90656280517578,90.06166076660156,-34.83306949624934,-1,-33.673032378269454,-35.91867783706914,1054919.974566345,
2019-11-05,89.68643951416016,90.06166076660156,-35.928629690386245,0,-33.758762647735,-35.7903783279511,1056412.5380603026,Close
2019-11-06,90.07638549804688,90.46017456054688,-36.07790671117907,1,-33.70736478979598,-35.947816960819715,1056345.3165979004,Long Spread
2019-11-07,90.46632385253906,90.06166076660156,-37.02420060219282,1,-33.63769312579865,-36.1162474965472,1054768.4123010254,
2019-11-08,90.46632385253906,90.46017456054688,-36.62568680824751,1,-33.39042755891867,-36.71966516840714,1055565.439888916,
2019-11-11,90.85626983642578,90.8586654663086,-36.774986717223925,1,-33.31066149790528,-36.73760676750971,1055582.529732666,
2019-11-12,90.85626983642578,90.46017456054688,-37.173477622985644,1,-33.226851773350674,-36.8477849837264,1054785.5479211425,
2019-11-13,89.68643951416016,89.66316223144531,-36.327128225542495,1,-33.56923363750668,-38.95256792918966,1055531.1839074707,
2019-11-14,90.46632385253906,90.06166076660156,-37.02420060219282,1,-33.267513439549575,-37.56545011171919,1054768.4123010254,
2019-11-15,90.07638549804688,90.46017456054688,-36.07790671117907,1,-33.19696673182251,-38.6243451037232,1056345.3165979004,
2019-11-18,90.07638549804688,90.46017456054688,-36.07790671117907,1,-33.482771928490074,-37.69082353501579,1056345.3165979004,
2019-11-19,89.68643951416016,90.06166076660156,-35.928629690386245,1,-33.31594265196999,-37.716399864132015,1056328.1809777832,
2019-11-20,90.46632385253906,90.8586654663086,-36.22719590248579,1,-33.47877329623243,-37.72884980167238,1056362.4217004394,
2019-11-21,90.07638549804688,90.06166076660156,-36.47642050512438,1,-33.563071770140766,-37.91429996132679,1055548.2890100097,
2019-11-22,90.46632385253906,90.8586654663086,-36.22719590248579,1,-33.785333352366074,-38.081418815634855,1056362.4217004394,
2019-11-25,90.85626983642578,90.46017456054688,-37.173477622985644,1,-33.573909610581374,-37.99841162295704,1054785.5479211425,
2019-11-26,90.07638549804688,89.66316223144531,-36.87491904028063,1,-33.62271016748093,-38.91750505902641,1054751.2919396972,
2019-11-27,90.07638549804688,90.06166076660156,-36.47642050512438,1,-33.85471838738137,-38.622135058254656,1055548.2890100097,
2019-11-28,89.29650115966797,89.66316223144531,-35.77934812847404,1,-33.88177071392808,-38.34488642304575,1056311.060616455,
2019-11-29,89.29650115966797,90.06166076660156,-35.38084959331779,1,-34.08309528989676,-37.98141566425187,1057108.0576867675,
2019-12-02,89.68643951416016,90.06166076660156,-35.928629690386245,1,-33.872830181102096,-37.94296452887888,1056328.1809777832,
2019-12-03,89.68643951416016,90.06166076660156,-35.928629690386245,1,-34.2272452512817,-37.935446789048385,1056328.1809777832,
2019-12-04,89.68643951416016,90.06166076660156,-35.928629690386245,1,-34.41666223254846,-37.823640735383094,1056328.1809777832,
2019-12-05,90.07638549804688,90.06166076660156,-36.47642050512438,1,-34.73584361433677,-37.593451409647145,1055548.2890100097,
2019-12-06,89.29650115966797,89.66316223144531,-35.77934812847404,1,-34.69844313082905,-37.74041398889136,1056311.060616455,
2019-12-09,88.90656280517578,89.26466369628906,-35.63006656656184,0,-34.677544496656076,-37.618728435944654,1056226.813406067,Close
2019-12-10,88.51661682128906,88.86615753173828,-35.4807819163745,0,-34.79823550270167,-37.53589574061506,1056226.813406067,
2019-12-11,88.51661682128906,88.4676513671875,-35.87928808092528,0,-34.83632860920638,-37.49058680457231,1056226.813406067,
2019-12-12,89.29650115966797,88.86615753173828,-36.57635282818107,0,-34.91636401762257,-37.470913066544796,1056226.813406067,
2019-12-13,89.29650115966797,89.26466369628906,-36.17784666363029,0,-35.11358228187068,-37.441934222955055,1056226.813406067,
2019-12-16,88.12667846679688,88.06915283203125,-35.730006519013074,0,-35.25368536854027,-37.324692500301275,1056226.813406067,
2019-12-17,88.12667846679688,88.06915283203125,-35.730006519013074,0,-35.16022754806461,-37.3273070493085,1056226.813406067,
2019-12-18,88.51661682128906,88.06915283203125,-36.27778661608153,0,-35.12302916978021,-37.329768501680164,1056226.813406067,
2019-12-19,87.73674011230469,87.67064666748047,-35.5807325864954,0,-35.15433331684978,-37.22114748684938,1056226.813406067,
2019-12-20,88.51661682128906,88.4676513671875,-35.87928808092528,0,-35.07526692273093,-37.21144240703863,1056226.813406067,
2019-12-23,88.90656280517578,88.86615753173828,-36.02857273111262,0,-35.08557049249937,-37.15439772008051,1056226.813406067,
2019-12-24,88.12667846679688,88.06915283203125,-35.730006519013074,0,-35.14744773340525,-37.01644113760252,1056226.813406067,
2019-12-25,88.12667846679688,88.06915283203125,-35.730006519013074,0,-35.11221117146987,-37.02906485720353,1056226.813406067,
2019-12-26,88.12667846679688,88.4676513671875,-35.331507983856824,0,-35.141607238485975,-36.882723130776554,1056226.813406067,
2019-12-27,88.51661682128906,88.86615753173828,-35.4807819163745,0,-35.04800843539931,-36.93131400716679,1056226.813406067,
2019-12-30,88.12667846679688,88.4676513671875,-35.331507983856824,0,-35.012063909154946,-36.93212715572716,1056226.813406067,
2019-12-31,87.34679412841797,87.67064666748047,-35.03294177175728,0,-34.944838767709875,-36.950968800205025,1056226.813406067,
2020-01-02,87.73674011230469,87.27214813232422,-35.97923112165165,0,-34.778545728789965,-36.952409091680764,1056226.813406067,
2020-01-03,87.73674011230469,88.06915283203125,-35.18222642194462,0,-34.87980104411575,-36.91386780470742,1056226.813406067,
2020-01-06,86.17697143554688,87.67064666748047,-33.389590762882236,-1,-34.773549844937385,-36.910716341686374,1056159.8595013428,Short Spread
2020-01-07,85.39708709716797,87.27214813232422,-32.69251838623191,-1,-33.96711347705612,-37.00952362819696,1055397.0878948974,
2020-01-08,85.39708709716797,86.87364196777344,-33.09102455078269,-1,-30.04892310735677,-36.91501959740438,1056194.100223999,
2020-01-09,85.78703308105469,87.27214813232422,-33.24030920097003,-1,-31.816243088576368,-37.198668773615765,1056176.9798626709,
2020-01-10,85.39708709716797,87.27214813232422,-32.69251838623191,-1,-31.527047780906074,-37.405233346876415,1055397.0878948974,
2020-01-13,85.00714874267578,87.67064666748047,-31.746239754007206,-1,-27.660015928145874,-37.31491138238015,1053820.2141156006,
2020-01-14,84.61720275878906,87.27214813232422,-31.596947474425335,-1,-32.62843323351307,-37.74908663926325,1053837.3192181396,
2020-01-15,84.2272720336914,86.87364196777344,-31.44768425957733,-1,-32.18553091732268,-37.90321014105625,1053854.4700970459,
2020-01-16,84.2272720336914,87.27214813232422,-31.049178095026548,-1,-31.771370959765285,-38.01864040322638,1053057.4577679443,
2020-01-17,85.00714874267578,87.27214813232422,-32.144738289163456,-1,-31.33525291145367,-38.129461678514026,1054617.211185913,
2020-01-20,84.61720275878906,87.27214813232422,-31.596947474425335,-1,-25.716249568063244,-35.82872696753357,1053837.3192181396,
2020-01-30,83.44737243652344,86.47514343261719,-30.750590447587655,0,-20.078328387552034,-33.656873630683485,1053024.8710723878,Close
2020-01-31,83.44737243652344,86.0766372680664,-31.149096612138436,0,-30.478020007018017,-38.093790650350755,1053024.8710723878,
2020-02-03,84.2272720336914,86.0766372680664,-32.24468895928436,0,-20.137602695580465,-32.979023950205864,1053024.8710723878,
2020-02-04,83.83733367919922,86.0766372680664,-31.696908862215906,0,-28.174279795695906,-35.57884782582314,1053024.8710723878,
2020-02-05,84.2272720336914,86.0766372680664,-32.24468895928436,0,-27.187096384390735,-35.297759577261985,1053024.8710723878,
2020-02-06,84.61720275878906,86.47514343261719,-32.393952174132366,0,-28.062807270824788,-35.7958935605642,1053024.8710723878,
2020-02-07,83.83733367919922,86.87364196777344,-30.899904162508875,0,-28.39772434658009,-35.73405165773468,1053024.8710723878,
2020-02-10,84.2272720336914,86.87364196777344,-31.44768425957733,0,-27.154597200291036,-34.86074280376032,1053024.8710723878,
2020-02-11,83.83733367919922,86.47514343261719,-31.298402697665125,0,-27.739195154510806,-35.290561067739326,1053024.8710723878,
2020-02-12,83.44737243652344,86.47514343261719,-30.750590447587655,0,-27.980734359711263,-34.91771762234127,1053024.8710723878,
2020-02-13,84.2272720336914,87.27214813232422,-31.049178095026548,0,-27.789315044695197,-34.5094858711052,1053024.8710723878,
2020-02-14,85.00714874267578,86.87364196777344,-32.54324445371424,0,-28.197289937170115,-34.552385731209895,1053024.8710723878,
2020-02-17,85.39708709716797,87.67064666748047,-32.29401985107566,0,-29.13161316381917,-34.866767855624666,1053024.8710723878,
2020-02-18,84.61720275878906,87.27214813232422,-31.596947474425335,0,-29.14762855613096,-34.75975490310821,1053024.8710723878,
2020-02-19,84.61720275878906,87.67064666748047,-31.198448939269085,0,-29.195899617965836,-34.38454570094886,1053024.8710723878,
2020-02-20,84.61720275878906,87.27214813232422,-31.596947474425335,0,-29.251247575415228,-34.14023271931583,1053024.8710723878,
2020-02-21,84.61720275878906,87.27214813232422,-31.596947474425335,0,-29.48019855502199,-34.01305519424605,1053024.8710723878,
2020-02-24,83.05744171142578,86.47514343261719,-30.202821068188868,0,-30.07541081151951,-33.323180872697556,1053024.8710723878,
2020-02-25,83.05744171142578,86.47514343261719,-30.202821068188868,0,-30.039527798684944,-33.1481439736796,1053024.8710723878,
2020-02-26,82.2775650024414,86.0766372680664,-29.505767038602755,-1,-29.83390126480698,-33.185093803745744,1052958.136904297,Short Spread
2020-02-27,81.88761901855469,86.0766372680664,-28.95797622386462,-1,-29.340026480247587,-33.286318850157784,1052178.2449365235,
2020-03-02,80.3278579711914,86.0766372680664,-26.766845117921136,-1,-28.76289527672335,-33.182078914037454,1049058.722841797,
2020-03-03,81.49767303466797,86.0766372680664,-28.4101854091265,0,-9.412453406396791,-27.808356078871448,1051331.649996338,Close
2020-03-04,83.44737243652344,86.87364196777344,-30.352091912431405,0,-27.418624065728416,-33.45337511885197,1051331.649996338,
2020-03-05,84.61720275878906,87.67064666748047,-31.198448939269085,0,-28.111034001807212,-33.621136208312684,1051331.649996338,
2020-03-06,82.66749572753906,86.47514343261719,-29.655030253450747,0,-28.212568516749517,-33.686974694233,1051331.649996338,
2020-03-09,81.10773468017578,85.67813110351562,-28.260911476608825,0,-27.93192793285088,-33.60344654503774,1051331.649996338,
2020-03-10,82.66749572753906,85.67813110351562,-30.45204258255231,0,-27.2754482616298,-33.7549148716117,1051331.649996338,
2020-03-11,82.2775650024414,86.47514343261719,-29.107260874051974,0,-27.74793677099114,-33.54190759194579,1051331.649996338,
2020-03-12,82.2775650024414,85.67813110351562,-29.904273203153537,0,-27.454508275167235,-33.52833412560526,1051331.649996338,
2020-03-13,81.88761901855469,84.48262023925781,-30.551993252673213,0,-27.569341499519048,-33.61020083863658,1051331.649996338,
2020-03-16,80.7177963256836,83.68562316894531,-29.705639314110684,0,-27.59617862203318,-33.58306506346084,1051331.649996338,
2020-03-17,80.3278579711914,85.27963256835938,-27.563849817628167,0,-27.467573272979163,-33.2670454995865,1051331.649996338,
2020-03-18,78.7680892944336,84.88113403320312,-25.771206529171252,-1,-26.746767920285915,-33.37298158546448,1051265.104027405,Short Spread
2020-03-19,77.98821258544922,84.08411407470703,-25.47266629353045,-1,-25.060947408293575,-33.45650061222183,1051299.3905264284,
2020-03-20,77.91021728515625,84.88113403320312,-24.56607959795099,-1,-24.043795308497305,-33.29872740575935,1049549.3600088502,
2020-03-23,76.4284439086914,84.08411407470703,-23.281524469917287,-1,-19.523587187774158,-33.65809293786882,1048179.8531729127,
2020-03-24,76.974365234375,85.27963256835938,-22.852908829830454,0,10.968179205285448,-22.28509693358185,1046814.1686770631,Close
2020-03-25,79.54796600341797,86.0766372680664,-25.67126348844488,1,56.87214422118543,5.130584186757055,1046747.5436929322,Long Spread
2020-03-26,78.3781509399414,85.67813110351562,-24.426429361790298,0,-21.20312573941664,-33.695274599577544,1048223.5992395021,Close
2020-03-27,79.15802764892578,85.67813110351562,-25.521989555927206,0,-19.349096803635803,-33.233989085263424,1048223.5992395021,
2020-03-30,77.98821258544922,84.88113403320312,-24.675646335034358,0,-21.180760258087428,-32.41245067946146,1048223.5992395021,
2020-03-31,77.91021728515625,85.67813110351562,-23.76908252763849,0,-20.514905003935418,-32.07179102871041,1048223.5992395021,
2020-04-01,76.50643157958984,85.27963256835938,-22.19556199567863,0,-19.216554431233874,-31.884006047649272,1048223.5992395021,
2020-04-06,78.7680892944336,86.0766372680664,-24.57570329430797,0,-15.742995352687549,-31.268501717400312,1048223.5992395021,
2020-04-07,79.93790435791016,85.67813110351562,-26.617549750064114,0,-20.07570800627787,-31.70783312646808,1048223.5992395021,
2020-04-08,80.7177963256836,86.0766372680664,-27.31462521498959,0,-21.108923029111942,-31.761564240213417,1048223.5992395021,
2020-04-09,81.10773468017578,85.27963256835938,-28.659410011765075,0,-21.196668078345624,-32.10212683660309,1048223.5992395021,
2020-04-10,81.49767303466797,86.0766372680664,-28.4101854091265,0,-21.418711544723728,-32.26707214438277,1048223.5992395021,
2020-04-13,81.10773468017578,86.0766372680664,-27.862405312058044,0,-21.418397096527247,-32.33240085730354,1048223.5992395021,
2020-04-14,82.66749572753906,86.47514343261719,-29.655030253450747,0,-21.389567511870446,-32.28768791512692,1048223.5992395021,
2020-04-15,83.05744171142578,86.87364196777344,-29.804322533032618,0,-21.8070814621487,-33.60887559818985,1048223.5992395021,
2020-04-16,82.2775650024414,86.0766372680664,-29.505767038602755,0,-21.521145076779028,-33.422973575334886,1048223.5992395021,
2020-04-17,82.66749572753906,86.47514343261719,-29.655030253450747,0,-21.499002873418757,-32.444094032958006,1048223.5992395021,
2020-04-20,83.44737243652344,86.87364196777344,-30.352091912431405,0,-21.676860772083568,-31.95427830472563,1048223.5992395021,
2020-04-21,82.66749572753906,86.47514343261719,-29.655030253450747,0,-21.521376480809558,-33.017734614133595,1048223.5992395021,
2020-04-22,82.66749572753906,86.87364196777344,-29.256531718294497,0,-21.61958631176883,-33.395352101071616,1048223.5992395021,
2020-04-23,82.2775650024414,86.87364196777344,-28.708762338895724,0,-21.60306756122108,-32.102848658952944,1048223.5992395021,
2020-04-24,82.66749572753906,86.47514343261719,-29.655030253450747,0,-21.55367237445809,-32.4542061626035,1048223.5992395021,
2020-04-27,84.2272720336914,87.27214813232422,-31.049178095026548,0,-21.59708131501847,-32.468764713406635,1048223.5992395021,
2020-04-28,84.2272720336914,87.27214813232422,-31.049178095026548,0,-21.491976072750568,-32.991985145829375,1048223.5992395021,
2020-04-29,83.05744171142578,87.67064666748047,-29.007317833325587,0,-21.370486834367256,-33.79904591128332,1048223.5992395021,
2020-04-30,83.83733367919922,87.27214813232422,-30.501397997958094,0,-21.71474775142348,-33.534919005868595,1048223.5992395021,
2020-05-04,84.2272720336914,86.87364196777344,-31.44768425957733,0,-22.674984636181925,-35.431772785596145,1048223.5992395021,
2020-05-05,83.83733367919922,86.87364196777344,-30.899904162508875,0,-23.175554869508737,-36.94161626696861,1048223.5992395021,
2020-05-06,83.44737243652344,87.27214813232422,-29.953585747880624,0,-23.78390497192448,-35.89338536025593,1048223.5992395021,
2020-05-07,83.83733367919922,86.87364196777344,-30.899904162508875,0,-24.509916451536007,-34.49120804749881,1048223.5992395021,
2020-05-08,83.83733367919922,87.67064666748047,-30.102899462801844,0,-25.187082466024513,-34.44331708733733,1048223.5992395021,
2020-05-11,84.2272720336914,87.67064666748047,-30.650679559870298,0,-24.516877212843383,-34.822133741079114,1048223.5992395021,
2020-05-12,83.44737243652344,87.67064666748047,-29.555087212724374,0,-25.515413354657326,-34.62719907879565,1048223.5992395021,
2020-05-13,83.83733367919922,87.67064666748047,-30.102899462801844,0,-25.126398361724487,-34.255831466714426,1048223.5992395021,
2020-05-14,83.44737243652344,87.67064666748047,-29.555087212724374,0,-25.888341344907907,-34.01666446264752,1048223.5992395021,
2020-05-15,83.83733367919922,87.27214813232422,-30.501397997958094,0,-26.557880732181328,-33.22244353361334,1048223.5992395021,
2020-05-18,83.83733367919922,88.06915283203125,-29.704393298251063,0,-27.87145031701094,-32.08857589550348,1048223.5992395021,
2020-05-19,84.2272720336914,88.4676513671875,-29.853674860163267,0,-27.917421512621218,-31.86714084280448,1048223.5992395021,
2020-05-20,83.83733367919922,88.86615753173828,-28.90738859854403,0,-27.983788658880766,-31.812140626176227,1048223.5992395021,
2020-05-21,83.83733367919922,88.86615753173828,-28.90738859854403,0,-28.07566296505891,-31.657135742703282,1048223.5992395021,
2020-05-22,83.05744171142578,88.4676513671875,-28.210313133618556,0,-28.02300637758808,-31.657365368434807,1048223.5992395021,
2020-05-25,83.83733367919922,88.06915283203125,-29.704393298251063,0,-27.96417841227074,-31.677842182777937,1048223.5992395021,
2020-05-26,83.83733367919922,88.4676513671875,-29.305894763094813,0,-28.274510608463896,-31.561885794846614,1048223.5992395021,
2020-05-27,83.83733367919922,87.67064666748047,-30.102899462801844,0,-28.19110838405254,-31.551501724035674,1048223.5992395021,
2020-05-28,83.83733367919922,88.06915283203125,-29.704393298251063,0,-28.213174159235734,-31.574192588836333,1048223.5992395021,
2020-05-29,83.83733367919922,88.06915283203125,-29.704393298251063,0,-28.22474384083573,-31.572560673010948,1048223.5992395021,
2020-06-01,83.05744171142578,88.86615753173828,-27.811806969067774,-1,-28.22427428732748,-31.5711658339486,1048156.7222955324,Short Spread
2020-06-02,83.44737243652344,89.26466369628906,-27.96107018391578,-1,-27.8746381947036,-31.64202528671374,1048139.5714166261,
2020-06-03,84.61720275878906,89.66316223144531,-29.20593337530424,-1,-27.65921997779522,-31.734889908322,1049682.234990845,
2020-06-04,84.2272720336914,90.06166076660156,-28.259665460749204,-1,-27.747279508098853,-31.74803901673491,1048105.376470337,
2020-06-05,83.83733367919922,89.66316223144531,-28.110383898837,-1,-27.66191121663632,-31.778533922578823,1048122.4968316652,
2020-06-08,84.61720275878906,90.06166076660156,-28.80743484014799,-1,-27.434401682227794,-31.804105550943916,1048885.2379205325,
2020-06-09,83.83733367919922,90.06166076660156,-27.71188536368075,-1,-27.43815439496361,-31.589458441323814,1047325.4997613527,
2020-06-10,84.61720275878906,90.06166076660156,-28.80743484014799,-1,-27.19664617260862,-31.509458100780915,1048885.2379205325,
2020-06-11,83.83733367919922,89.66316223144531,-28.110383898837,-1,-27.318601196943362,-31.62380885620575,1048122.4968316652,
2020-06-12,83.83733367919922,90.06166076660156,-27.71188536368075,-1,-27.06690303624916,-31.44428381891099,1047325.4997613527,
2020-06-15,82.66749572753906,88.86615753173828,-27.264016154329653,-1,-27.005426328241235,-31.118946829017027,1047376.8303277589,
2020-06-16,83.83733367919922,89.66316223144531,-28.110383898837,-1,-26.756441282326108,-31.07976321270037,1048122.4968316652,
2020-06-17,84.2272720336914,90.06166076660156,-28.259665460749204,-1,-26.810865343893227,-31.123624571673453,1048105.376470337,
2020-06-18,83.83733367919922,89.66316223144531,-28.110383898837,-1,-26.883524456130065,-30.815823820341667,1048122.4968316652,
2020-06-19,83.44737243652344,90.06166076660156,-27.16407311360328,-1,-26.81541066325079,-30.8059053629573,1046545.5772760011,
2020-06-22,83.83733367919922,90.46017456054688,-27.313371569735438,-1,-26.626293746856536,-30.605030438624947,1046528.472173462,
2020-06-23,83.44737243652344,90.8586654663086,-26.36706841389625,-1,-26.473736390532444,-30.676629593312228,1044951.567876587,
2020-06-24,84.2272720336914,91.25717163085938,-27.06415459649139,-1,-25.9917064300652,-30.58304152858654,1045714.3547418214,
2020-06-29,84.61720275878906,91.65568542480467,-27.21341018194488,-1,-26.045857812469123,-30.579992368765502,1045697.1886041261,
2020-06-30,86.17697143554688,93.24969482421876,-27.81054260614394,-1,-26.132185558698684,-30.2182313192944,1045628.7071588136,
2020-07-01,87.34679412841797,92.85118865966795,-29.852399779569794,0,-26.18766516324452,-30.23119199783999,1048698.1569543458,Close
2020-07-02,88.90656280517578,94.27859497070312,-30.616135292147774,1,-26.264645282622677,-30.395540453301404,1048630.8295480348,Long Spread
2020-07-03,89.68643951416016,92.62458801269533,-33.36570244429248,1,-26.11992651499586,-30.90371433136243,1043763.0622140504,
2020-07-06,90.07638549804688,92.62458801269533,-33.913493259030616,1,-24.765391399815275,-35.99945410486953,1042983.170246277,
2020-07-07,89.68643951416016,92.2110824584961,-33.779207998491714,0,-69.85617759746626,-127.1432298175597,1042868.7752047731,Close
2020-07-08,90.07638549804688,92.62458801269533,-33.913493259030616,0,-26.201944906485334,-50.841671112757126,1042868.7752047731,
2020-07-09,90.07638549804688,91.3840789794922,-35.15400229223374,0,-33.63729768150874,-68.13881145960872,1042868.7752047731,
2020-07-10,90.46632385253906,91.79757690429688,-35.28828446449751,1,-24.449885434902235,-34.03551952996691,1042801.4846487428,Long Spread
2020-07-13,90.46632385253906,91.3840789794922,-35.70178238930218,1,-24.14424325162554,-34.68685404668998,1041974.4887991335,
2020-07-14,90.46632385253906,90.9705810546875,-36.11528031410688,1,-23.865647386806025,-35.3652758509129,1041147.4929495241,
2020-07-15,90.46632385253906,90.55707550048828,-36.5287858683061,1,-23.60842068979394,-36.0498950156487,1040320.4818411256,
2020-07-16,88.90656280517578,90.55707550048828,-34.33765476236262,1,-23.488139595330775,-36.75130803672777,1043440.0039358522,
2020-07-17,87.48242950439453,90.55707550048828,-32.33705167022438,0,-28.892195727716107,-50.9662759478283,1046221.1489572146,Close
2020-07-20,87.48242950439453,90.9705810546875,-31.923546116025165,0,-26.09965867678477,-40.557937563085744,1046221.1489572146,
2020-07-21,86.66863250732422,90.9705810546875,-30.780335162515016,0,-26.127086760509172,-39.8790489581409,1046221.1489572146,
2020-07-22,87.07552337646484,90.9705810546875,-31.351929921600416,0,-24.974684876135505,-38.82716372332144,1046221.1489572146,
2020-07-23,86.66863250732422,90.14356231689452,-31.607353900308,0,-26.40102038919248,-39.10435345919035,1046221.1489572146,
2020-07-24,86.2617416381836,90.14356231689452,-31.0357591412226,0,-25.91420459493432,-39.380816008430486,1046221.1489572146,
2020-07-27,85.44795227050781,89.31655883789062,-30.719562384386023,0,-26.326633176460817,-38.851272623047194,1046221.1489572146,
2020-07-28,85.04105377197266,89.7300796508789,-29.73443609464266,0,-26.642313429683178,-38.49953685785599,1046221.1489572146,
2020-07-29,85.44795227050781,89.7300796508789,-30.306041571397742,0,-26.579566331325015,-37.964717325883676,1046221.1489572146,
2020-07-30,85.44795227050781,89.7300796508789,-30.306041571397742,0,-26.434370347208898,-38.16291239847581,1046221.1489572146,
2020-07-31,85.44795227050781,90.55707550048828,-29.479045721788367,0,-26.468454752228972,-38.09978587988335,1046221.1489572146,
2020-08-03,84.63416290283203,89.31655883789062,-29.57636214854554,0,-26.17606724993446,-37.85744817881434,1046221.1489572146,
2020-08-04,84.63416290283203,89.7300796508789,-29.16284133555726,0,-27.18361142705951,-37.52965964919573,1046221.1489572146,
2020-08-05,85.04105377197266,89.31655883789062,-30.14795690763094,0,-27.022440351465896,-37.413269680845566,1046221.1489572146,
2020-08-06,84.63416290283203,90.14356231689452,-28.74935866954165,0,-28.314864809962952,-36.93552092584329,1046221.1489572146,
2020-08-07,84.22726440429688,90.14356231689452,-28.177753192786582,0,-27.468609177658657,-36.96234710973241,1046221.1489572146,
2020-08-10,83.82037353515625,89.7300796508789,-28.019641099716793,0,-27.157131435444185,-36.97062367237666,1046221.1489572146,
2020-08-11,83.4134750366211,89.7300796508789,-27.44803562296171,0,-26.60057662866592,-37.12516723082715,1046221.1489572146,
2020-08-12,83.82037353515625,90.14356231689452,-27.606158433701182,0,-21.391075041918715,-37.468086057203564,1046221.1489572146,
2020-08-13,84.22726440429688,90.55707550048828,-27.764240009192818,0,-19.53083239239089,-36.84506482786549,1046221.1489572146,
2020-08-14,83.82037353515625,90.14356231689452,-27.606158433701182,0,-12.230284875555407,-30.25155164746225,1046221.1489572146,
2020-08-17,84.22726440429688,89.7300796508789,-28.591235858802193,0,-15.06165690906208,-30.37085050567085,1046221.1489572146,
2020-08-18,83.82037353515625,90.14356231689452,-27.606158433701182,0,-21.248230011008104,-33.12071975635277,1046221.1489572146,
2020-08-19,83.82037353515625,90.14356231689452,-27.606158433701182,0,-19.18920313934415,-31.932328980916417,1046221.1489572146,
2020-08-20,83.4134750366211,90.14356231689452,-27.0345529569461,0,-21.92522591785885,-31.396782463244417,1046221.1489572146,
2020-08-21,83.82037353515625,90.55707550048828,-27.192645250107418,0,-22.037192881064808,-30.945625694348134,1046221.1489572146,
2020-08-24,83.4134750366211,90.14356231689452,-27.0345529569461,0,-23.669044361042346,-30.932758856816825,1046221.1489572146,
2020-08-25,83.00658416748047,90.14356231689452,-26.462958197860715,0,-24.749110144539486,-30.601306343764158,1046221.1489572146,
2020-08-26,83.4134750366211,90.14356231689452,-27.0345529569461,0,-25.64102535411485,-30.09146209097246,1046221.1489572146,
2020-08-27,83.4134750366211,90.55707550048828,-26.621039773352337,0,-25.456591271030568,-30.151515864606736,1046221.1489572146,
2020-08-28,83.4134750366211,90.14356231689452,-27.0345529569461,0,-24.147438142962507,-29.913763424587792,1046221.1489572146,
2020-08-31,82.59968566894531,89.7300796508789,-26.304835387121244,0,-24.659073310456233,-30.06677940908678,1046221.1489572146,
2020-09-01,82.59968566894531,90.14356231689452,-25.891352721105633,0,-22.847817494869176,-29.85181248296886,1046221.1489572146,
2020-09-02,82.59968566894531,89.7300796508789,-26.304835387121244,0,-23.11959252898449,-29.267201595561538,1046221.1489572146,
2020-09-03,82.19278717041016,90.14356231689452,-25.319747244350566,0,-24.42230792267963,-29.31131042113372,1046221.1489572146,
2020-09-04,82.19278717041016,89.7300796508789,-25.733229910366177,0,-23.07326583435254,-29.002181504939806,1046221.1489572146,
2020-09-07,82.19278717041016,89.7300796508789,-25.733229910366177,0,-23.79898154800637,-29.157545738996678,1046221.1489572146,
2020-09-08,81.78590393066406,90.14356231689452,-24.748163202934833,0,-23.181571289290662,-29.22616430785399,1046221.1489572146,
2020-09-09,81.3790054321289,89.7300796508789,-24.590040392195377,0,-22.298387760352682,-28.475550678574642,1046221.1489572146,
2020-09-10,81.3790054321289,90.14356231689452,-24.176557726179766,0,-22.502742664575834,-28.28832229527149,1046221.1489572146,
2020-09-11,81.78590393066406,90.14356231689452,-24.748163202934833,0,-19.877377264152408,-27.627142226822208,1046221.1489572146,
2020-09-14,81.78590393066406,90.14356231689452,-24.748163202934833,0,-22.493579945919137,-28.24861354329552,1046221.1489572146,
2020-09-15,81.3790054321289,90.14356231689452,-24.176557726179766,0,-22.397380097365566,-28.22358359313331,1046221.1489572146,
2020-09-16,81.3790054321289,90.14356231689452,-24.176557726179766,0,-22.903107743387963,-27.459653887990065,1046221.1489572146,
2020-09-17,81.1348648071289,90.14356231689452,-23.833592296592784,0,-21.415499790512182,-27.216468992195292,1046221.1489572146,
2020-09-18,80.97211456298828,90.14356231689452,-23.604962967094366,0,-19.19033337418822,-26.59435463172305,1046221.1489572146,
2020-09-21,80.48383331298828,89.7300796508789,-23.332514773936012,0,-18.093123115758605,-26.092600216346245,1046221.1489572146,
2020-09-22,80.23970031738281,89.31655883789062,-23.403080875006992,1,-10.370396344153274,-22.75662728740493,1046154.3667068484,Long Spread
2020-09-23,79.58866882324219,88.90306091308594,-22.90201861113931,1,-16.77013132791912,-25.473169246203913,1046629.4338455203,
2020-09-24,78.4493637084961,88.48956298828125,-21.715036205767333,1,-13.837023198799756,-23.638378869744628,1048081.0482254031,
2020-09-25,78.69348907470703,88.90306091308594,-21.64448227521028,0,-22.120561555188797,-28.897252156712387,1048353.089480591,Close
2020-09-28,79.01901245117188,89.31655883789062,-21.688275162411443,1,-10.363029992857747,-19.932439849586455,1048286.3560577395,Long Spread
2020-09-29,78.93763732910156,89.7300796508789,-21.16043968467396,1,40.130024404554575,17.390532827783392,1049276.1479278565,
2020-09-30,78.61212158203125,88.48956298828125,-21.943676252935433,0,-21.13373631350539,-28.596720358135183,1047379.4620294191,Close
2020-10-05,78.5307388305664,88.48956298828125,-21.829350870516535,0,-13.322641696397906,-22.649763140968364,1047379.4620294191,
2020-10-06,78.93763732910156,89.31655883789062,-21.57396049766224,0,-15.464164985374921,-23.335523516001608,1047379.4620294191,
2020-10-07,78.77487182617188,88.07605743408203,-22.58581113663307,0,-14.953139053708735,-22.95290908858973,1047379.4620294191,
2020-10-08,78.85625457763672,88.90306091308594,-21.873133040048046,0,-18.479296545095192,-25.233428149473983,1047379.4620294191,
2020-10-12,78.61212158203125,88.48956298828125,-21.943676252935433,0,-18.389294222946226,-24.473453911826688,1047379.4620294191,
2020-10-13,78.12384033203125,88.90306091308594,-20.84424746895678,0,-18.514092841874604,-24.559569119416732,1047379.4620294191,
2020-10-14,78.4493637084961,88.90306091308594,-21.301538280962646,0,-17.68482632901558,-23.79124141572293,1047379.4620294191,
2020-10-15,78.12384033203125,88.07605743408203,-21.671250947960687,0,-18.198574294218897,-24.21900905117199,1047379.4620294191,
2020-10-16,77.31005096435547,88.07605743408203,-20.52805071212022,0,-18.733348557392127,-24.484664398781504,1047379.4620294191,
2020-10-19,77.71695709228516,88.48956298828125,-20.68616135234575,0,-18.019773108335272,-23.839804492102687,1047379.4620294191,
2020-10-20,77.79833221435547,88.07605743408203,-21.21398157129417,0,-17.376981184296987,-23.873477006496437,1047379.4620294191,
2020-10-21,78.4493637084961,88.48956298828125,-21.715036205767333,0,-18.942938571610526,-23.94271360852661,1047379.4620294191,
2020-10-22,80.15830993652344,88.48956298828125,-24.115740624527817,1,-19.55497232704597,-23.93583954918289,1047312.7161145022,Long Spread
2020-10-23,79.4259033203125,88.90306091308594,-22.67336784630153,1,-19.707128570092458,-25.146320276020703,1049604.5251965334,
2020-10-26,80.07693481445312,89.7300796508789,-22.760909297180945,1,-19.686919722973293,-24.751156849208698,1049956.499683838,
2020-10-27,79.75142669677734,90.14356231689452,-21.890157254498817,1,-19.719355957861442,-24.761269613514184,1051434.481251221,
2020-10-28,79.83280181884766,89.7300796508789,-22.417954585263644,1,-19.76791894777207,-24.30470116682653,1050444.765675049,
2020-10-29,78.93763732910156,88.90306091308594,-21.98745842246693,1,-19.98177452450989,-24.142259551253137,1050581.0571789553,
2020-10-30,79.50728607177734,88.48956298828125,-23.2011911535251,1,-19.986077828699983,-24.041168708001045,1048614.7638439944,
2020-11-02,79.58866882324219,90.55707550048828,-21.248004023736968,0,-20.123381063332744,-24.045009186289114,1052520.2175357058,Close
2020-11-03,79.58866882324219,90.55707550048828,-21.248004023736968,0,-20.047465281206897,-23.85951699193562,1052520.2175357058,
2020-11-04,79.6700439453125,90.55707550048828,-21.36231868848617,0,-20.06287419826731,-23.72511456588468,1052520.2175357058,
2020-11-05,80.23970031738281,90.9705810546875,-21.749058658210117,0,-20.082112533758682,-23.61352980238525,1052520.2175357058,
2020-11-06,81.3790054321289,90.55707550048828,-23.763044542586,1,-20.156161885791807,-23.465101660710236,1052453.3400924685,Long Spread
2020-11-09,81.78590393066406,90.9705810546875,-23.92114446514185,1,-20.081128027999657,-23.692972504746347,1052466.5542037967,
2020-11-10,81.1348648071289,90.9705810546875,-23.0065735587998,1,-20.001503420563495,-24.03698442295029,1053768.632450867,
2020-11-11,80.97211456298828,90.9705810546875,-22.777944229301383,1,-20.019819926029424,-24.060902596479874,1054094.1329391482,
2020-11-12,80.97211456298828,90.9705810546875,-22.777944229301383,1,-20.03631287132298,-24.104621429981957,1054094.1329391482,
2020-11-13,80.64659881591797,90.9705810546875,-22.3206641349652,1,-20.132095377341045,-24.155790730940822,1054745.1644332889,
2020-11-16,80.97211456298828,90.55707550048828,-23.1914497835006,1,-20.098708044181922,-24.13317786551738,1053267.1218307498,
2020-11-17,80.5652084350586,90.9705810546875,-22.206328034876634,1,-20.12449919762629,-24.271610101806235,1054907.9451950076,
2020-11-18,81.1348648071289,90.9705810546875,-23.0065735587998,1,-20.150652932627196,-24.23324330189009,1053768.632450867,
2020-11-19,80.97211456298828,90.9705810546875,-22.777944229301383,1,-20.12758561518371,-24.273775447518492,1054094.1329391482,
2020-11-20,80.8093490600586,90.55707550048828,-22.962799018662835,1,-20.17180582080183,-24.32848358001663,1053592.6528366092,
2020-11-23,80.97211456298828,91.3840789794922,-22.36444630449668,1,-20.19135010573969,-24.389865682330903,1054921.1287887576,
2020-11-24,80.64659881591797,90.55707550048828,-22.734169689164418,1,-20.37439374197933,-24.339404146523048,1053918.1533248904,
2020-11-25,80.3210678100586,90.14356231689452,-22.690381343082635,1,-20.437972442538207,-24.362163306086448,1053742.1889694217,
2020-11-26,81.05348205566406,90.55707550048828,-23.305753730580136,1,-20.46895932895689,-24.373369989100265,1053104.3868453982,
2020-11-27,80.72797393798828,90.55707550048828,-22.84848435391362,1,-20.758972772394312,-24.3594737261846,1053755.4030807498,
2020-11-30,79.01901245117188,89.7300796508789,-21.274754349423162,0,-20.94172015819846,-24.254530459548963,1055452.5843914798,Close
2020-12-01,79.99556732177734,90.14356231689452,-22.2331226840858,0,-20.89370472125228,-24.231684326486796,1055452.5843914798,
2020-12-02,79.50728607177734,90.14356231689452,-21.547191824911835,0,-20.946818650076175,-24.221591644911946,1055452.5843914798,
2020-12-03,78.93763732910156,89.7300796508789,-21.16043968467396,0,-20.900604561835934,-24.00456222052894,1055452.5843914798,
2020-12-04,79.4259033203125,90.55707550048828,-21.019353258899187,0,-20.742800144985075,-24.065729026246608,1055452.5843914798,
2020-12-07,79.4259033203125,89.7300796508789,-21.846349108508562,0,-20.56900309296034,-24.084255134428286,1055452.5843914798,
2020-12-08,79.58866882324219,90.55707550048828,-21.248004023736968,0,-20.639675037554,-24.112874785257915,1055452.5843914798,
2020-12-09,79.58866882324219,89.7300796508789,-22.074999873346343,0,-20.48406912477044,-24.108834726589397,1055452.5843914798,
2020-12-10,79.6700439453125,89.7300796508789,-22.189314538095545,0,-20.55304408568575,-24.133277821738655,1055452.5843914798,
2020-12-11,80.23970031738281,89.7300796508789,-22.98956006201871,0,-20.526027244586775,-24.013170890713884,1055452.5843914798,
2020-12-14,80.5652084350586,89.7300796508789,-23.446829438685228,0,-20.743937195186145,-24.14833126196434,1055452.5843914798,
2020-12-15,80.15830993652344,90.14356231689452,-22.46174129591455,0,-20.837346811382197,-24.242493616930872,1055452.5843914798,
2020-12-16,80.72797393798828,90.55707550048828,-22.84848435391362,0,-20.888829015050213,-24.145861591217106,1055452.5843914798,
2020-12-17,80.72797393798828,90.55707550048828,-22.84848435391362,0,-20.933436682647503,-24.173156072779584,1055452.5843914798,
2020-12-18,80.8093490600586,90.55707550048828,-22.962799018662835,0,-20.931424802033625,-23.956659990174998,1055452.5843914798,
2020-12-21,80.89073181152344,90.55707550048828,-23.07712440108172,0,-21.008275082418137,-23.827486926822473,1055452.5843914798,
2020-12-22,80.5652084350586,90.14356231689452,-23.033346772669617,0,-21.003347546522765,-23.91244034447062,1055452.5843914798,
2020-12-23,80.23970031738281,89.7300796508789,-22.98956006201871,0,-21.0036706277833,-23.946119130670134,1055452.5843914798,
2020-12-24,80.15830993652344,89.31655883789062,-23.28874477491844,0,-21.000598364207754,-23.960393299308436,1055452.5843914798,
2020-12-25,80.40245819091797,89.7300796508789,-23.21820010918681,0,-21.02567342148891,-24.08017254060693,1055452.5843914798,
2020-12-28,80.97211456298828,90.55707550048828,-23.1914497835006,0,-20.994307853956776,-24.019356321453294,1055452.5843914798,
2020-12-29,80.5652084350586,90.14356231689452,-23.033346772669617,0,-21.0616166222933,-24.151368871828197,1055452.5843914798,
2020-12-30,81.1348648071289,90.9705810546875,-23.0065735587998,0,-21.009488956054895,-24.07495724922606,1055452.5843914798,
2020-12-31,80.48383331298828,90.14356231689452,-22.9190321079204,0,-21.017815109492254,-24.1133239988077,1055452.5843914798,
2021-01-04,80.3210678100586,90.14356231689452,-22.690381343082635,0,-21.00673015700248,-24.07991257399864,1055452.5843914798,
2021-01-05,80.72797393798828,90.55707550048828,-22.84848435391362,0,-21.04715515076894,-24.120250954594393,1055452.5843914798,
2021-01-06,80.23970031738281,90.55707550048828,-22.162564212409336,0,-21.028153275115713,-24.114092418043768,1055452.5843914798,
2021-01-07,79.99556732177734,90.14356231689452,-22.2331226840858,0,-20.949170714933025,-24.05675815134653,1055452.5843914798,
2021-01-08,80.97211456298828,90.9705810546875,-22.777944229301383,0,-20.932488185973025,-23.920047731115663,1055452.5843914798,
2021-01-11,80.89073181152344,91.79757690429688,-21.836622997273125,0,-20.984211720651395,-24.013545726271843,1055452.5843914798,
2021-01-12,80.89073181152344,91.79757690429688,-21.836622997273125,0,-21.174373857551625,-23.965338024901616,1055452.5843914798,
2021-01-13,80.97211456298828,92.2110824584961,-21.53744282549279,0,-20.953753584132908,-23.973183079195092,1055452.5843914798,
2021-01-14,81.05348205566406,92.62458801269533,-21.23824121837309,0,-21.027182498167562,-23.989538895926657,1055452.5843914798,
2021-01-15,80.64659881591797,91.79757690429688,-21.493668285355824,0,-21.070476928930354,-23.972328883839758,1055452.5843914798,
2021-01-18,80.3210678100586,91.79757690429688,-21.036366755680277,-1,-21.25724942235889,-23.88864353607964,1055385.6996456913,Short Spread
2021-01-19,79.91417694091797,91.79757690429688,-20.464771996594877,-1,-20.619415075133343,-24.07066988851656,1054571.91790741,
2021-01-20,79.18177032470703,90.14356231689452,-21.08991173057565,-1,-20.130408396934914,-24.33944238161528,1056415.1338497929,
2021-01-21,79.10037994384766,89.7300796508789,-21.389058296502697,-1,-20.106562430144184,-24.173823601540807,1057079.3184201054,
2021-01-22,78.69348907470703,89.7300796508789,-20.81746353741731,-1,-20.266416302905007,-24.129576811502403,1056265.5366818241,
2021-01-25,79.58866882324219,90.14356231689452,-21.661517207330732,-1,-18.944742263974856,-23.70259962672152,1057228.9308468632,
2021-01-26,79.26314544677734,89.7300796508789,-21.617709061340477,-1,-20.206445759247853,-23.620787892537475,1057404.8494259648,
2021-01-27,78.61212158203125,90.14356231689452,-20.289676924322166,-1,-20.072022201061802,-23.887531711318434,1055275.8363644413,
2021-01-28,79.10037994384766,90.14356231689452,-20.975575630487086,-1,-17.990160592674872,-23.609345115049994,1056252.3530880741,
2021-01-29,78.28659057617188,89.31655883789062,-20.65937887365051,-1,-19.479344636385424,-23.72668982987216,1056278.7813107304,
2021-02-01,78.5307388305664,90.14356231689452,-20.175351541903268,-1,-19.122303803767963,-23.573826613538344,1055113.0708615116,
2021-02-02,78.77487182617188,90.14356231689452,-20.518306253820583,-1,-18.391560018295195,-23.35327479558432,1055601.3368527226,
2021-02-03,78.36798095703125,90.14356231689452,-19.946711494735183,-1,-18.9196663707838,-23.356227578490582,1054787.5551144413,
2021-02-04,78.36798095703125,89.31655883789062,-20.773714973739075,-1,-18.111667641844843,-23.18599780972549,1056441.5620724491,
2021-02-05,79.10037994384766,89.7300796508789,-21.389058296502697,-1,-19.18701340751624,-23.145734163403574,1057079.3184201054,
2021-02-17,78.61212158203125,89.7300796508789,-20.703159590337776,-1,-19.455749169439343,-23.14566561134353,1056102.8016964726,
2021-02-18,78.4493637084961,89.7300796508789,-20.474519543169677,-1,-19.3407906425744,-22.967217594483746,1055777.2859494023,
2021-02-19,78.28659057617188,90.14356231689452,-19.83237539464662,-1,-19.287566552832814,-22.857871840480776,1054624.7743527226,
2021-02-22,78.28659057617188,89.7300796508789,-20.24585806066223,-1,-19.03188397497136,-22.721659313713555,1055451.7396847538,
2021-02-23,79.75142669677734,90.55707550048828,-21.476644070905053,-1,-19.233367511365984,-22.612747560958724,1056727.420226746,
2021-02-24,79.75142669677734,90.55707550048828,-21.476644070905053,-1,-19.465469188923656,-22.672864354513493,1056727.420226746,
2021-02-25,80.5652084350586,91.3840789794922,-21.792830110071932,0,-19.575643122109337,-22.48936306092229,1056634.098773804,Close
2021-02-26,79.01901245117188,90.55707550048828,-20.447758499813787,0,-19.580523592002447,-22.567301145745393,1056634.098773804,
2021-03-02,79.18177032470703,90.55707550048828,-20.676398546981886,0,-19.523750385642952,-22.401992030493286,1056634.098773804,
2021-03-03,80.48383331298828,90.55707550048828,-22.505518924326637,1,-19.67551902242472,-22.137462991513583,1056567.2571374516,Long Spread
2021-03-04,79.75142669677734,90.55707550048828,-21.476644070905053,1,-19.606582101687557,-22.38756703722654,1058032.0703698734,
2021-03-05,79.58866882324219,90.9705810546875,-20.83449846953775,1,-19.622569982943148,-22.309885086287416,1059184.5972253422,
2021-03-08,79.4259033203125,90.9705810546875,-20.60584770469997,1,-19.61284597638922,-22.26408450778275,1059510.1282312016,
2021-03-09,80.23970031738281,91.3840789794922,-21.335560733405416,1,-19.589299065794126,-22.246197724827976,1058709.5300866703,
2021-03-10,80.72797393798828,91.3840789794922,-22.0214808749097,1,-19.600509769164415,-22.236669492327646,1057732.9828454594,
2021-03-11,80.40245819091797,91.79757690429688,-21.15070285576884,1,-19.57192313279341,-22.36302988423322,1059211.0101892094,
2021-03-12,80.48383331298828,91.79757690429688,-21.265017520518043,1,-19.611149374924274,-22.362499544048703,1059048.2599450687,
2021-03-15,79.83280181884766,91.3840789794922,-20.76395525665035,1,-19.605189161746065,-22.367621578239888,1059523.3270837406,
2021-03-16,80.40245819091797,91.3840789794922,-21.564200780573515,1,-19.58168828420903,-22.326608962768958,1058384.0143396,
2021-03-17,80.3210678100586,91.3840789794922,-21.44986468048495,1,-19.604059516647418,-22.391808115987388,1058546.7951013187,
2021-03-18,80.23970031738281,91.79757690429688,-20.922062808600742,1,-19.60125339749002,-22.354211361649106,1059536.5259362797,
2021-03-19,79.58866882324219,90.9705810546875,-20.83449846953775,1,-19.597513904942392,-22.298821443657825,1059184.5972253422,
2021-03-22,79.58866882324219,91.3840789794922,-20.421000544733047,0,-19.661942614262983,-22.30677440101863,1059944.7541650394,Close
2021-03-23,79.34452819824219,91.79757690429688,-19.66453719034139,0,-19.60065541517531,-22.29298462788806,1059944.7541650394,
2021-03-24,79.34452819824219,91.79757690429688,-19.66453719034139,0,-19.448502405367627,-22.351817284780914,1059944.7541650394,
2021-03-25,79.34452819824219,92.2110824584961,-19.251031636142173,-1,-19.38264606776328,-22.39730348576443,1059877.891940613,Short Spread
2021-03-26,80.15830993652344,92.2110824584961,-20.394221154312973,-1,-19.125747946697675,-22.48892759986987,1061505.4554171755,
2021-03-29,80.40245819091797,92.62458801269533,-20.32369174737039,-1,-19.30692500219846,-22.475572251231455,1061166.7408175662,
2021-03-30,80.48383331298828,92.2110824584961,-20.851511966318824,-1,-19.228879168782747,-22.458858981805776,1062156.5021701052,
2021-03-31,79.91417694091797,92.2110824584961,-20.051266442395658,-1,-19.233383986032198,-22.411698249640406,1061017.1894259646,
2021-04-01,79.91417694091797,92.2110824584961,-20.051266442395658,-1,-19.157854558280636,-22.43107182539941,1061017.1894259646,
2021-04-07,80.5652084350586,92.62458801269533,-20.552321076868807,-1,-19.12958410655103,-22.445917932942486,1061492.2413058474,
2021-04-08,79.99556732177734,91.79757690429688,-20.57910809668344,-1,-19.271838274845933,-22.442367193538608,1062006.9812960818,
2021-04-09,79.91417694091797,92.62458801269533,-19.637760888196425,-1,-19.27124489502835,-22.43659983383569,1060190.1783175662,
2021-04-12,79.75142669677734,91.79757690429688,-20.23614266709646,-1,-19.034335914907068,-22.351266751867826,1061518.7000460818,
2021-04-13,80.15830993652344,92.62458801269533,-19.98071560011374,-1,-19.06562573862456,-22.301008934316272,1060678.444308777,
2021-04-14,80.3210678100586,93.45159149169922,-19.382352168277933,-1,-19.02638313350371,-22.177382868797,1059349.9530978396,
2021-04-15,80.48383331298828,94.27859497070312,-18.783999454111793,-1,-18.85434825543045,-22.29297736335263,1058021.4771456912,
2021-04-16,80.72797393798828,94.27859497070312,-19.126964883698776,-1,-18.44178199253598,-22.382124705644884,1058509.7583956912,
2021-04-19,81.21623992919922,94.69210052490234,-19.399368753334173,-1,-18.541454802101086,-21.795348091868995,1058659.2792697146,
2021-04-20,82.59968566894531,95.10560607910156,-20.929308958898588,0,-18.444075806555368,-21.885799580117286,1060532.0514291385,Close
2021-04-21,81.78590393066406,94.69210052490234,-20.199624994927007,0,-18.658891263103655,-22.128294980335248,1060532.0514291385,
2021-04-22,82.19278717041016,94.69210052490234,-20.77120903634274,0,-18.612981412439744,-22.07035656369367,1060532.0514291385,
2021-04-23,82.19278717041016,94.27859497070312,-21.184714590541958,0,-18.652437026678246,-21.974125865463517,1060532.0514291385,
2021-04-26,82.19278717041016,94.27859497070312,-21.184714590541958,0,-18.7624230546554,-21.78911129546573,1060532.0514291385,
2021-04-27,82.19278717041016,94.27859497070312,-21.184714590541958,0,-18.736547412181412,-21.917881770975978,1060532.0514291385,
2021-04-28,81.78590393066406,94.27859497070312,-20.613130549126225,0,-18.741839831853394,-21.89147354405588,1060532.0514291385,
2021-04-29,81.3790054321289,94.27859497070312,-20.041525072371158,0,-18.73642915750552,-21.877350537545638,1060532.0514291385,
2021-05-03,81.21623992919922,93.45159149169922,-20.639877786537298,0,-18.742641494002218,-21.614620363626205,1060532.0514291385,
2021-05-04,80.64659881591797,93.0380859375,-20.2531592521527,0,-18.818029643685588,-21.58038613582089,1060532.0514291385,
2021-05-05,80.5652084350586,92.62458801269533,-20.552321076868807,0,-18.807600268873603,-21.559477577483012,1060532.0514291385,
2021-05-06,81.3790054321289,93.45159149169922,-20.868528551375064,0,-18.82579738560143,-21.557635433750537,1060532.0514291385,
2021-05-07,81.78590393066406,93.86509704589844,-21.026628473930913,0,-18.832408060452,-21.647107969743086,1060532.0514291385,
2021-05-10,81.78590393066406,94.27859497070312,-20.613130549126225,0,-18.916522283231803,-21.76104027068953,1060532.0514291385,
2021-05-11,81.78590393066406,94.69210052490234,-20.199624994927007,0,-18.956664269118278,-21.733244192967824,1060532.0514291385,
2021-05-12,80.07693481445312,93.0380859375,-19.45290301055985,0,-19.069830615386543,-21.669939449624465,1060532.0514291385,
2021-05-13,79.18177032470703,91.79757690429688,-19.435897143173293,0,-18.846992846686526,-21.64793477813498,1060532.0514291385,
2021-05-14,81.1348648071289,93.86509704589844,-20.112057567588863,0,-18.76977455691817,-21.65925764171904,1060532.0514291385,
2021-05-17,81.05348205566406,93.0380859375,-20.824743293568417,0,-18.818198632416774,-21.588466320320123,1060532.0514291385,
2021-05-18,81.78590393066406,93.86509704589844,-21.026628473930913,0,-18.890780144301907,-21.738736793458607,1060532.0514291385,
2021-05-19,81.78590393066406,93.0380859375,-21.85363958232935,1,-18.902613299785873,-21.826010595617074,1060465.0584695437,Long Spread
2021-05-20,81.78590393066406,93.86509704589844,-21.026628473930913,1,-18.77276748205083,-22.14718742874811,1062119.0806863406,
2021-05-21,82.19278717041016,94.69210052490234,-20.77120903634274,1,-18.790085906341222,-21.999531321996773,1062959.3211648562,
2021-05-24,81.3790054321289,93.45159149169922,-20.868528551375064,1,-18.93742129263719,-22.033975208136397,1062105.8665750124,
2021-05-25,81.3790054321289,94.27859497070312,-20.041525072371158,1,-18.890844698708165,-22.060516167169844,1063759.8735330203,
2021-05-26,81.1348648071289,93.45159149169922,-20.525563121788082,1,-18.8598144269671,-22.001969306288448,1062594.1478250124,
2021-05-27,79.75142669677734,92.62458801269533,-19.409131558698007,0,-19.068927946480926,-22.00634538229123,1063640.1220471193,Close
2021-05-28,81.1348648071289,93.45159149169922,-20.525563121788082,0,-19.146305870763616,-21.883917921729815,1063640.1220471193,
2021-05-31,81.78590393066406,93.86509704589844,-21.026628473930913,0,-19.30612204976893,-21.843388090818387,1063640.1220471193,
2021-06-01,81.3790054321289,93.86509704589844,-20.455022997175845,0,-19.413142248616836,-21.83763314645259,1063640.1220471193,
2021-06-02,82.19278717041016,94.27859497070312,-21.184714590541958,0,-19.345571573361852,-21.777613230285837,1063640.1220471193,
2021-06-03,81.78590393066406,94.27859497070312,-20.613130549126225,0,-19.40480206664822,-21.87453174093584,1063640.1220471193,
2021-06-04,82.19278717041016,94.27859497070312,-21.184714590541958,0,-19.370386891300207,-21.827983917197884,1063640.1220471193,
2021-06-07,82.19278717041016,94.27859497070312,-21.184714590541958,0,-19.374677819950715,-21.833293538412033,1063640.1220471193,
2021-06-08,83.4134750366211,94.69210052490234,-22.486014748938274,1,-19.374677819950808,-21.833293538412125,1063572.9978240968,Long Spread
2021-06-09,83.4134750366211,94.27859497070312,-22.899520303137493,1,-19.203176356151342,-22.200800309109322,1062745.9867156984,
2021-06-10,84.22726440429688,94.69210052490234,-23.629214984778756,1,-18.99940501036828,-22.9073250972389,1061945.4190887453,
2021-06-11,84.22726440429688,94.69210052490234,-23.629214984778756,1,-18.89160293794112,-24.86650231696297,1061945.4190887453,
2021-06-15,83.4134750366211,94.69210052490234,-22.486014748938274,1,-18.697730139521013,-25.82355560235679,1063572.9978240968,
2021-06-16,83.4134750366211,95.10560607910156,-22.072509194739055,1,-18.929741581772582,-23.911734089656804,1064400.0089324953,
2021-06-17,83.4134750366211,94.69210052490234,-22.486014748938274,1,-18.89101862177529,-23.778224669277524,1063572.9978240968,
2021-06-18,82.19278717041016,93.86509704589844,-21.598212515346646,1,-18.846078189856602,-24.043088963400255,1064360.3665985109,
2021-06-21,82.59968566894531,93.86509704589844,-22.169817992101713,1,-18.780822288402767,-23.716273062755228,1063546.5696014406,
2021-06-22,82.59968566894531,94.27859497070312,-21.756320067297025,1,-18.94467573804208,-23.98733340104188,1064373.56545105,
2021-06-23,83.00658416748047,94.69210052490234,-21.914419989852888,1,-19.09647970929028,-23.889906352825683,1064386.779562378,
2021-06-24,83.00658416748047,94.27859497070312,-22.327925544052107,1,-19.49041266143,-23.821742208167876,1063559.7684539796,
2021-06-25,83.4134750366211,94.69210052490234,-22.486014748938274,1,-19.693953408393845,-23.845747812749813,1063572.9978240968,
2021-06-28,83.00658416748047,94.27859497070312,-22.327925544052107,1,-19.672794761871568,-23.96722304019472,1063559.7684539796,
2021-06-29,83.4134750366211,94.27859497070312,-22.899520303137493,1,-19.57872049290718,-23.990370962838632,1062745.9867156984,
2021-06-30,83.00658416748047,94.27859497070312,-22.327925544052107,1,-19.5869570316507,-24.26705042751053,1063559.7684539796,
2021-07-01,83.00658416748047,93.86509704589844,-22.741423468856794,1,-19.44150595707275,-24.02872311288349,1062732.7726043703,
2021-07-02,83.00658416748047,94.27859497070312,-22.327925544052107,1,-19.665413611327587,-24.341337985387078,1063559.7684539796,
2021-07-05,83.4134750366211,94.69210052490234,-22.486014748938274,1,-19.77910273653282,-24.22528003954571,1063572.9978240968,
2021-07-06,83.00658416748047,94.27859497070312,-22.327925544052107,1,-19.84343203917892,-24.28796552821452,1063559.7684539796,
2021-07-07,83.4134750366211,94.27859497070312,-22.899520303137493,1,-20.23262633909844,-24.1239829757608,1062745.9867156984,
2021-07-08,83.4134750366211,94.27859497070312,-22.899520303137493,1,-20.268527810090767,-24.3002410335421,1062745.9867156984,
2021-07-09,83.82037353515625,94.69210052490234,-23.057620225693356,1,-20.87356241875054,-23.920011211399686,1062759.2008270265,
2021-07-12,83.00658416748047,93.86509704589844,-22.741423468856794,1,-20.830711750664605,-24.077363042348033,1062732.7726043703,
2021-07-13,83.82037353515625,94.69210052490234,-23.057620225693356,1,-20.818767649671084,-24.033050426327673,1062759.2008270265,
2021-07-14,83.4134750366211,94.69210052490234,-22.486014748938274,1,-21.14786363788886,-23.9332804441666,1063572.9978240968,
2021-07-15,83.4134750366211,94.69210052490234,-22.486014748938274,1,-21.09800809702012,-23.87377987678706,1063572.9978240968,
2021-07-16,83.00658416748047,95.10560607910156,-21.50091443565367,0,-21.404428883353056,-23.689249227718207,1065146.6661831667,Close
2021-07-19,83.4134750366211,95.10560607910156,-22.072509194739055,0,-21.297860133041194,-23.66980421950323,1065146.6661831667,
2021-07-20,83.00658416748047,95.10560607910156,-21.50091443565367,0,-21.454089427099348,-23.594730930268142,1065146.6661831667,
2021-07-21,83.4134750366211,95.10560607910156,-22.072509194739055,0,-21.230386244746622,-23.62178563409483,1065146.6661831667,
2021-07-22,84.22726440429688,95.9326171875,-22.3886983221811,0,-21.24721356079273,-23.56719662630038,1065146.6661831667,
2021-07-23,84.63416290283203,95.10560607910156,-23.787314907334604,1,-21.340463992757734,-23.37683003944627,1065079.4765924073,Long Spread
2021-07-26,84.22726440429688,95.10560607910156,-23.215709430579537,1,-21.317174249202417,-23.49471910080534,1065893.2735894776,
2021-07-27,84.63416290283203,95.51909637451172,-23.373824611924448,1,-21.305874575563912,-23.59600746271424,1065906.4571832276,
2021-07-28,84.63416290283203,95.9326171875,-22.960303798936167,1,-21.32274479709332,-23.72656461010167,1066733.4988092042,
2021-07-29,85.04105377197266,96.34610748291016,-23.11840826261141,1,-21.304073475677093,-23.71348442916635,1066746.6976617433,
2021-07-30,84.63416290283203,95.10560607910156,-23.787314907334604,1,-21.460079692385733,-23.75805887887016,1065079.4765924073,
2021-08-02,85.44795227050781,96.34610748291016,-23.690013739366492,1,-21.38277330834891,-24.01016568656084,1065932.900664673,
2021-08-03,86.2617416381836,96.75961303710938,-24.41970842100774,1,-21.4928323052166,-24.082529924594535,1065132.3330377198,
2021-08-04,87.07552337646484,97.1731185913086,-25.149392384979322,1,-21.423312154099737,-24.567100493903833,1064331.7806695558,
2021-08-05,88.29621887207031,97.58660888671876,-26.450718519834368,1,-21.14951808631822,-26.2710543031319,1062717.3702691651,
2021-08-06,87.88932800292969,97.1731185913086,-26.292614056159138,1,-20.932043821049096,-25.004000448107536,1062704.171416626,
2021-08-09,87.07552337646484,97.1731185913086,-25.149392384979322,1,-20.734595254526685,-25.455222301778004,1064331.7806695558,
2021-08-10,87.07552337646484,97.58660888671876,-24.73590208956915,1,-20.799170203086288,-27.3041931656107,1065158.761260376,
2021-08-11,87.07552337646484,97.58660888671876,-24.73590208956915,1,-21.11227795314161,-26.908158922430832,1065158.761260376,
2021-08-12,87.07552337646484,97.58660888671876,-24.73590208956915,1,-21.011198812506276,-27.00300110472138,1065158.761260376,
2021-08-13,86.2617416381836,97.1731185913086,-24.006202866808522,1,-21.30208595818683,-27.064235867040637,1065959.3441461183,
2021-08-16,85.44795227050781,97.1731185913086,-22.863002630968055,0,-21.16424095838043,-26.585091064566907,1067519.6180386355,Close
2021-08-17,85.44795227050781,97.1731185913086,-22.863002630968055,0,-20.954650033328875,-26.28449734024523,1067519.6180386355,
2021-08-18,85.44795227050781,97.1731185913086,-22.863002630968055,0,-20.7394475628816,-26.249992276077464,1067519.6180386355,
2021-08-19,83.82037353515625,96.34610748291016,-21.403613267685543,0,-20.736823347778678,-26.250078469484084,1067519.6180386355,
2021-08-20,82.59968566894531,95.9326171875,-20.10229785050015,0,-19.636175341533047,-26.272779853399115,1067519.6180386355,
2021-08-23,82.34443664550781,95.51909637451172,-20.15724830685525,0,-16.29578838871393,-26.70598442552955,1067519.6180386355,
2021-08-24,83.27921295166016,95.51909637451172,-21.47040934839542,0,-15.565042369413035,-26.431084862771613,1067519.6180386355,
2021-08-25,83.10924530029297,94.4934310913086,-22.257306386587956,0,-19.186919067746665,-26.621357816179007,1067519.6180386355,
2021-08-26,83.7041015625,94.4934310913086,-23.09295237344631,0,-19.642074840659784,-26.660001536433388,1067519.6180386355,
2021-08-27,84.21397399902344,94.4934310913086,-23.809214237799367,0,-20.43157614623709,-26.798157667097627,1067519.6180386355,
2021-08-30,84.72383880615234,95.35244750976562,-23.666448966025712,0,-20.445596734158826,-27.00476821863746,1067519.6180386355,
2021-08-31,85.82855987548828,96.21147918701172,-24.359314422321347,0,-20.78506758627508,-26.892161367738705,1067519.6180386355,
2021-09-01,84.12899780273438,94.92294311523438,-23.260328809037958,0,-20.79126936190064,-27.16735723439149,1067519.6180386355,
2021-09-02,83.7041015625,95.35244750976562,-22.233935954989278,0,-20.524371480054867,-26.83723073758128,1067519.6180386355,
2021-09-03,84.04401397705078,95.35244750976562,-22.711440292001413,0,-19.68389789202115,-26.46928915911363,1067519.6180386355,
2021-09-06,83.78907775878906,95.35244750976562,-22.35330935982489,0,-19.997015160149406,-26.643836132219395,1067519.6180386355,
2021-09-07,83.7041015625,95.35244750976562,-22.233935954989278,0,-19.745902335061086,-26.5587771063992,1067519.6180386355,
2021-09-08,84.3839340209961,95.35244750976562,-23.188955346683244,0,-19.75556281369716,-26.632641340021692,1067519.6180386355,
2021-09-09,83.7041015625,94.92294311523438,-22.663440349520528,0,-20.057902663654545,-26.73536455482315,1067519.6180386355,
2021-09-10,84.46891021728516,94.92294311523438,-23.737833146050107,0,-19.70825358871667,-26.4527261709781,1067519.6180386355,
2021-09-13,84.3839340209961,95.35244750976562,-23.188955346683244,0,-20.001849272618326,-26.70590434429069,1067519.6180386355,
2021-09-14,84.12899780273438,95.35244750976562,-22.830824414506708,0,-19.813234036401052,-26.29288339705757,1067519.6180386355,
2021-09-15,84.2989501953125,95.35244750976562,-23.06957122417795,0,-19.781405366384305,-25.82801764979481,1067519.6180386355,
2021-09-16,84.12899780273438,95.78196716308594,-22.401304761186395,0,-20.26809150107443,-25.082537516999245,1067519.6180386355,
2021-09-17,84.55389404296875,95.35244750976562,-23.427712874024152,0,-20.364188115100816,-24.790151503199453,1067519.6180386355,
2021-09-22,83.78907775878906,95.35244750976562,-22.35330935982489,0,-20.440515290694954,-25.029370651132318,1067519.6180386355,
2021-09-23,84.63886260986328,95.35244750976562,-23.5470755611901,0,-20.35018174273572,-24.87645953438458,1067519.6180386355,
2021-09-24,84.80882263183594,95.78196716308594,-23.356313435210694,0,-20.52457537627936,-24.880021495866956,1067519.6180386355,
2021-09-27,84.72383880615234,95.35244750976562,-23.666448966025712,0,-20.607287883769864,-24.7061491449618,1067519.6180386355,
2021-09-28,84.63886260986328,95.35244750976562,-23.5470755611901,0,-20.61262129958688,-24.801587964504005,1067519.6180386355,
2021-09-29,84.3839340209961,95.78196716308594,-22.75943569336293,0,-20.6420335309242,-24.9666997754891,1067519.6180386355,
2021-09-30,84.04401397705078,94.92294311523438,-23.140944686532663,0,-20.601883350221982,-24.880916793681756,1067519.6180386355,
2021-10-01,83.78907775878906,94.92294311523438,-22.78281375435614,0,-20.628355598854185,-24.927573214169094,1067519.6180386355,
2021-10-04,83.95903778076172,95.35244750976562,-22.5920668871658,0,-20.897578299976576,-24.911090270213347,1067519.6180386355,
2021-10-05,84.2989501953125,94.92294311523438,-23.4990756187092,0,-21.44851795501581,-24.57005093967554,1067519.6180386355,
2021-10-06,84.2989501953125,95.35244750976562,-23.06957122417795,0,-21.81669713368353,-24.34427841575472,1067519.6180386355,
2021-10-07,84.2989501953125,95.78196716308594,-22.640051570857636,0,-21.904323516624505,-24.258601453496798,1067519.6180386355,
2021-10-08,84.04401397705078,95.78196716308594,-22.2819206386811,0,-21.923370348931147,-24.23318794646421,1067519.6180386355,
2021-10-12,84.12899780273438,95.78196716308594,-22.401304761186395,0,-21.83739740582968,-24.239658514106917,1067519.6180386355,
2021-10-13,83.95903778076172,95.78196716308594,-22.162547233845487,0,-21.799089101801236,-24.16154538288172,1067519.6180386355,
2021-10-14,83.53414916992188,94.92294311523438,-22.424693539849287,0,-21.731184122607804,-24.12269264747825,1067519.6180386355,
2021-10-15,83.78907775878906,95.35244750976562,-22.35330935982489,0,-21.81023561096183,-23.916329911797508,1067519.6180386355,
2021-10-18,83.53414916992188,95.35244750976562,-21.995189145318037,0,-21.77288748687423,-23.908344448767775,1067519.6180386355,
2021-10-19,83.36418914794922,95.78196716308594,-21.326911964656816,-1,-21.740428179708502,-23.93375907015789,1067452.4521923831,Short Spread
2021-10-20,83.6191177368164,95.35244750976562,-22.114551832483983,-1,-21.465785419658403,-24.04014111732573,1068821.3486767581,
2021-10-21,83.6191177368164,94.92294311523438,-22.544056227015233,-1,-21.506716063339095,-24.049227312402078,1069680.3574658206,
2021-10-22,83.6191177368164,95.78196716308594,-21.68503217916367,-1,-21.556696178630382,-24.050327319844058,1067962.3093701175,
2021-10-25,83.6191177368164,95.35244750976562,-22.114551832483983,-1,-21.357728235304503,-24.027848214741564,1068821.3486767581,
2021-10-26,83.6191177368164,94.92294311523438,-22.544056227015233,-1,-21.357765256871787,-24.051400054066562,1069680.3574658206,
2021-10-27,83.36418914794922,94.92294311523438,-22.185936012508378,-1,-21.392002816234488,-23.888438818746664,1069170.5002880862,
2021-10-28,83.44916534423828,94.4934310913086,-22.734821441269773,-1,-21.342752696224675,-23.880206291431474,1070199.476728516,
2021-10-29,83.36418914794922,94.92294311523438,-22.185936012508378,-1,-21.3746888817553,-23.90963121828616,1069170.5002880862,
2021-11-01,83.6191177368164,95.35244750976562,-22.114551832483983,-1,-21.316566944179126,-23.853475334834027,1068821.3486767581,
2021-11-02,83.27921295166016,94.92294311523438,-22.066562607672765,-1,-21.30766852827487,-23.880590693128877,1069000.5478955081,
2021-11-03,83.6191177368164,94.92294311523438,-22.544056227015233,-1,-21.259849520693002,-23.736628771849027,1069680.3574658206,
2021-11-04,83.6191177368164,95.35244750976562,-22.114551832483983,-1,-21.3274279880443,-23.822633422525875,1068821.3486767581,
2021-11-05,84.21397399902344,95.35244750976562,-22.950197819342335,0,-21.27638679096681,-23.584089517697706,1069943.8785443117,Close
2021-11-08,83.95903778076172,95.78196716308594,-22.162547233845487,0,-21.34486228145849,-23.620402645393682,1069943.8785443117,
2021-11-09,83.95903778076172,95.78196716308594,-22.162547233845487,0,-21.375417761683213,-23.432249062468497,1069943.8785443117,
2021-11-10,84.21397399902344,96.21147918701172,-22.09116614209624,0,-21.429343612801798,-23.317006353950756,1069943.8785443117,
2021-11-11,84.55389404296875,96.64100646972656,-22.139153914063215,0,-21.40782368566008,-23.319698423894184,1069943.8785443117,
2021-11-12,84.72383880615234,96.64100646972656,-22.377890006064774,0,-21.425186710579577,-23.224729817410275,1069943.8785443117,
2021-11-15,84.72383880615234,97.0705108642578,-21.94838561153354,0,-21.43649688013682,-23.210527794089504,1069943.8785443117,
2021-11-16,84.9787826538086,97.92955017089844,-21.447487954739103,0,-21.402368257361868,-23.193701199144773,1069943.8785443117,
2021-11-17,85.40367889404297,98.35906219482422,-21.614864390330766,0,-21.3994595093407,-23.013987580839412,1069943.8785443117,
2021-11-18,85.40367889404297,98.78857421875,-21.185352366404985,-1,-21.398258612596095,-22.946945367300764,1069876.5108541872,Short Spread
2021-11-19,84.9787826538086,97.0705108642578,-22.306527261379742,-1,-21.25905952035469,-22.97277321482833,1072462.8450827028,
2021-11-22,84.21397399902344,96.64100646972656,-21.661638859381398,-1,-21.287208678313213,-22.98897433199705,1071792.236562195,
2021-11-23,84.2989501953125,97.50003051757812,-20.92198821636545,-1,-21.242727398581845,-22.97184898090551,1070244.14085907,
2021-11-24,83.87405395507812,97.50003051757812,-20.325099756848005,-1,-21.058212195857806,-23.048264393152884,1069394.3483786013,
2021-11-25,83.95903778076172,97.50003051757812,-20.4444838793533,-1,-20.63588842877508,-23.18356328604467,1069564.3160299684,
2021-11-26,83.36418914794922,97.0705108642578,-20.038368263484955,-1,-20.374379406964874,-23.23871907956548,1069233.658070984,
2021-11-29,83.44916534423828,96.64100646972656,-20.587246062851804,-1,-19.819935045473713,-23.42407311236242,1070262.6192526247,
2021-11-30,82.4294204711914,96.21147918701172,-19.584249616860532,-1,-20.062484981277592,-23.451668075682775,1069082.1840719606,
2021-12-01,83.53414916992188,97.0705108642578,-20.277125790825863,-1,-18.56559235092447,-23.57103563706177,1069573.5781149294,
2021-12-02,83.95903778076172,97.92955017089844,-20.014964226032987,-1,-19.301158552904525,-23.32730128145694,1068705.2767233278,
2021-12-03,83.53414916992188,97.50003051757812,-19.847606137505537,-1,-18.87399306122349,-23.547171380126553,1068714.5388082888,
2021-12-06,83.27921295166016,97.92955017089844,-19.059955552008702,-1,-18.370663344120892,-23.373733669080927,1067345.6270651247,
2021-12-07,83.78907775878906,97.92955017089844,-19.77620669869208,-1,-16.25886748253693,-22.89340346740936,1068365.3566793825,
2021-12-08,83.78907775878906,97.92955017089844,-19.77620669869208,-1,-18.02183554945381,-23.241220121904206,1068365.3566793825,
2021-12-09,83.95903778076172,98.35906219482422,-19.585452202107206,-1,-18.098377074479384,-22.864024376575312,1067846.2526754763,
2021-12-10,83.53414916992188,97.92955017089844,-19.418086484185224,-1,-17.64458784901028,-22.939513376465335,1067855.4995016481,
2021-12-13,83.27921295166016,97.50003051757812,-19.489475205329015,-1,-17.336001990187096,-22.842675516829434,1068204.6663717653,
2021-12-14,83.36418914794922,97.92955017089844,-19.179328956844316,-1,-17.400648676809872,-22.77830795971682,1067515.5794577028,
2021-12-15,83.36418914794922,97.92955017089844,-19.179328956844316,-1,-17.20779238006388,-22.33570312584451,1067515.5794577028,
2021-12-16,83.78907775878906,98.35906219482422,-19.346694674766297,-1,-17.008911364518163,-22.382868229018023,1067506.332631531,
2021-12-17,84.04401397705078,98.78857421875,-19.275313583017038,-1,-17.728114968511132,-21.83714587296642,1067157.1810202028,
2021-12-20,83.6191177368164,98.78857421875,-18.678425123499608,-1,-17.34459502172223,-21.91159346690033,1066307.388539734,
2021-12-21,83.95903778076172,99.21809387207033,-18.726420524861098,-1,-16.719503052185306,-21.650585532946277,1066128.189320984,
2021-12-22,84.2989501953125,99.21809387207033,-19.203924861873247,-1,-16.899439745261915,-21.576525653841223,1066808.0141500856,
2021-12-23,84.55389404296875,99.21809387207033,-19.56206651171945,-1,-17.511220356368586,-21.566723795513877,1067317.9018453981,
2021-12-24,84.80882263183594,99.21809387207033,-19.920186726226305,-1,-17.912653278631318,-21.378830682181025,1067827.7590231325,
2021-12-27,84.893798828125,99.6476058959961,-19.61004810713615,-1,-18.022790780712807,-21.421869750539198,1067138.687367859,
2021-12-28,85.40367889404297,99.6476058959961,-20.32632068915889,0,-17.938206436315276,-21.410864891390617,1068091.0454483035,Close
2021-12-29,85.40367889404297,100.07711791992188,-19.89680866523311,0,-18.153140619783933,-21.364466632262136,1068091.0454483035,
2021-12-30,84.9787826538086,100.07711791992188,-19.299920205715665,0,-18.121761198946782,-21.317176084910773,1068091.0454483035,
2022-01-03,85.40367889404297,99.21809387207033,-20.755832713084658,1,-18.45717772658977,-20.670187424022885,1068023.660577393,Long Spread
2022-01-04,84.2989501953125,99.21809387207033,-19.203924861873247,0,-18.532574647388593,-20.851268160357307,1070165.7772930912,Close
2022-01-05,84.72383880615234,99.21809387207033,-19.80080260372101,0,-18.50186785648182,-20.762765786531634,1070165.7772930912,
2022-01-06,84.2989501953125,99.21809387207033,-19.203924861873247,0,-18.53057483926413,-20.752761472950755,1070165.7772930912,
2022-01-07,84.55389404296875,99.21809387207033,-19.56206651171945,0,-18.51653082909003,-20.667791098243406,1070165.7772930912,
2022-01-10,84.80882263183594,100.07711791992188,-19.061162678374757,0,-18.52334782430933,-20.64908189015458,1070165.7772930912,
2022-01-11,84.9787826538086,100.07711791992188,-19.299920205715665,0,-18.528776492392122,-20.525392185633184,1070165.7772930912,
2022-01-12,85.40367889404297,100.50664520263672,-19.467281382518266,0,-18.521184581301608,-20.53120088172972,1070165.7772930912,
2022-01-13,85.40367889404297,100.9361572265625,-19.037769358592485,0,-18.53975617867591,-20.44741328247271,1070165.7772930912,
2022-01-14,85.82855987548828,100.9361572265625,-19.634636382770566,0,-18.512010701731523,-20.40953360516453,1070165.7772930912,
2022-01-17,84.9787826538086,100.50664520263672,-18.87039292300082,0,-18.52049567018448,-20.397469607289736,1070165.7772930912,
2022-01-18,84.9787826538086,100.9361572265625,-18.44088089907504,-1,-18.49733399230468,-20.407556623368503,1070098.340695496,Short Spread
2022-01-19,85.82855987548828,100.50664520263672,-20.064148406696347,0,-18.360917336369837,-20.42299284465109,1072589.4657785038,Close
2022-01-20,84.893798828125,100.07711791992188,-19.18053608321037,0,-18.36842559385145,-20.46820159995869,1072589.4657785038,
2022-01-21,84.9787826538086,100.50664520263672,-18.87039292300082,0,-18.350994384138996,-20.453826345014296,1072589.4657785038,
2022-01-24,85.40367889404297,100.50664520263672,-19.467281382518266,0,-18.310064543185657,-20.455613573619328,1072589.4657785038,
2022-01-25,85.40367889404297,100.50664520263672,-19.467281382518266,0,-18.3112651750809,-20.45591703408878,1072589.4657785038,
2022-01-26,84.72383880615234,100.9361572265625,-18.082739249228837,-1,-18.324923789027203,-20.46375402812472,1072522.0393786626,Short Spread
2022-02-07,85.82855987548828,101.79518127441406,-18.775612334919003,-1,-18.1648197764482,-20.542623041184616,1073013.4334216313,
2022-02-08,85.40367889404297,101.3656768798828,-18.608249705272186,-1,-18.121856873039746,-20.54452611425741,1073022.6802478032,
2022-02-09,86.67835235595703,101.79518127441406,-19.969389253953878,0,-18.062129550936916,-20.55466138941012,1074645.4794412237,Close
2022-02-10,87.95303344726562,102.65422058105467,-20.901004608195905,1,-18.119670607215795,-20.60626270725281,1074577.8551510626,Long Spread
2022-02-11,87.52814483642578,102.65422058105467,-20.304126866348142,1,-18.08540530444457,-20.808993458760305,1075427.6323727423,
2022-02-14,87.52814483642578,103.08373260498048,-19.874614842422332,1,-18.08134179259543,-20.883193706538727,1076286.6564205938,
2022-02-15,87.95303344726562,103.08373260498048,-20.471492584270095,1,-18.076829240488543,-20.893072600269953,1075436.8791989142,
2022-02-16,89.22771453857422,103.9427719116211,-21.403107938512136,1,-18.05157606346699,-20.963808377828755,1074605.5956295782,
2022-02-17,89.22771453857422,104.37228393554688,-20.973595914586355,1,-17.93099940903348,-21.277081836391293,1075464.6196774298,
2022-02-18,89.22771453857422,104.80178833007812,-20.544091520055105,1,-17.877378989178812,-21.331829893060988,1076323.6284664923,
2022-02-21,90.07750701904295,106.09033966064452,-20.44931710852356,1,-17.86997892710122,-21.388094858514815,1077201.1461666876,
2022-02-22,90.07750701904295,106.09033966064452,-20.44931710852356,1,-17.90702389844644,-21.4734378407528,1077201.1461666876,
2022-02-23,90.9272918701172,107.80841064453124,-19.92501232600209,1,-17.889699191294557,-21.354677995200444,1078937.7184323126,
2022-02-24,89.22771453857422,106.94937896728516,-18.396500882848073,0,-17.965140419633368,-21.437510826682885,1080550.9626571662,Close
2022-02-25,87.95303344726562,106.94937896728516,-16.60584622196542,-1,-17.686340864116353,-21.38689977346568,1080483.1665606697,Short Spread
2022-03-01,89.65261840820312,106.94937896728516,-18.993400060035185,-1,-16.69299397607808,-21.811097585099198,1083882.3364825447,
2022-03-02,90.07750701904295,106.09033966064452,-20.44931710852356,0,-17.292679186241458,-21.65972006441565,1086382.3456036383,Close
2022-03-03,90.07750701904295,105.23130798339844,-21.30834878576964,0,-17.3981473974742,-21.824052994644145,1086382.3456036383,
2022-03-04,89.65261840820312,105.66082000732422,-20.281959019996123,0,-17.35809410047504,-22.085302255429443,1086382.3456036383,
2022-03-07,89.22771453857422,103.9427719116211,-21.403107938512136,0,-17.357496769402196,-22.01489604239447,1086382.3456036383,
2022-03-08,89.22771453857422,104.80178833007812,-20.544091520055105,0,-17.394250869088484,-22.308242087140446,1086382.3456036383,
2022-03-09,89.65261840820312,105.23130798339844,-20.711471043921904,0,-17.364482884825026,-22.24904077768245,1086382.3456036383,
2022-03-10,90.50240325927734,105.66082000732422,-21.475725221361316,0,-17.48929382358901,-22.35018259459185,1086382.3456036383,
2022-03-11,90.07750701904295,105.23130798339844,-21.30834878576964,0,-17.63194692168416,-22.545528192132586,1086382.3456036383,
2022-03-14,90.07750701904295,105.66082000732422,-20.878836761843857,0,-17.50125588586424,-22.60961238263259,1086382.3456036383,
2022-03-15,90.07750701904295,107.37889099121094,-19.16076577795714,0,-17.63158052535209,-22.659177590323065,1086382.3456036383,
2022-03-16,90.9272918701172,108.2379150390625,-19.495507931470826,0,-17.57696554371068,-22.53667148629709,1086382.3456036383,
2022-03-17,90.07750701904295,107.80841064453124,-18.73124612463684,0,-17.553271044844703,-22.533497857489944,1086382.3456036383,
2022-03-18,89.22771453857422,108.66744232177734,-16.678437528355886,-1,-17.408246801663736,-22.538029743428552,1086314.429797364,Short Spread
2022-03-21,89.65261840820312,108.66744232177734,-17.275336705542998,-1,-16.90227858690762,-22.817087849975053,1087164.2375366217,
2022-03-22,89.22771453857422,108.66744232177734,-16.678437528355886,-1,-16.676107660847997,-22.884560667434883,1086314.429797364,
2022-03-23,89.22771453857422,108.66744232177734,-16.678437528355886,-1,-16.11681389727988,-23.11101399644843,1086314.429797364,
2022-03-24,90.50240325927734,109.0969467163086,-18.03959851237694,-1,-15.236685921546577,-23.07057975314913,1088004.7984497077,
2022-03-25,90.07750701904295,109.95598602294922,-16.583670746218857,-1,-15.775284386878543,-22.749212299518643,1085436.9273559577,
2022-03-28,89.65261840820312,109.95598602294922,-15.986793004371123,-1,-14.814737299014276,-22.909920760347653,1084587.150134278,
2022-03-29,89.65261840820312,109.0969467163086,-16.845832311011748,-1,-13.84693339669955,-23.07652327061701,1086305.2287475592,
2022-03-30,89.65261840820312,109.0969467163086,-16.845832311011748,-1,-14.32040439594919,-22.787517787480105,1086305.2287475592,
2022-03-31,89.22771453857422,109.0969467163086,-16.248933133824636,-1,-14.255272889337968,-22.295867342580536,1085455.4210083014,
2022-04-01,89.65261840820312,109.0969467163086,-16.845832311011748,-1,-13.678784311257456,-22.242017523037656,1086305.2287475592,
2022-04-06,89.65261840820312,109.0969467163086,-16.845832311011748,-1,-13.931745102811513,-22.264274075153033,1086305.2287475592,
2022-04-07,89.65261840820312,109.0969467163086,-16.845832311011748,-1,-13.848422142687312,-22.14675953214052,1086305.2287475592,
2022-04-08,90.07750701904295,109.95598602294922,-16.583670746218857,-1,-13.790463508787349,-21.990452414631527,1085436.9273559577,
2022-04-11,90.50240325927734,111.67404174804688,-15.46250348063866,-1,-13.549821496425185,-22.00509023981159,1082850.6083862311,
2022-04-12,90.9272918701172,110.385498046875,-17.347924923658326,-1,-12.59388259991469,-22.40905073209971,1086277.4730102546,
2022-04-13,90.50240325927734,110.385498046875,-16.751047181810534,-1,-14.34164202511835,-22.67591206260845,1085427.6957885749,
2022-04-14,90.07750701904295,111.67404174804688,-14.8656150211212,-1,-13.19705664283417,-22.11158430555792,1082000.8159057624,
2022-04-15,89.65261840820312,111.24452209472656,-14.698256932593779,-1,-11.279732116605453,-21.110398805214167,1082010.0779907233,
2022-04-18,90.07750701904295,111.67404174804688,-14.8656150211212,-1,-11.60931304342449,-20.397280313514145,1082000.8159057624,
2022-04-19,90.07750701904295,111.24452209472656,-15.295134674441513,-1,-11.304042535560328,-20.56332386133261,1082859.855212403,
2022-04-20,92.20197296142578,112.5330810546875,-16.990996576728435,-1,-12.438762368627946,-19.85830113297039,1084531.6691772467,
2022-04-21,91.77708435058594,112.5330810546875,-16.394118834880686,-1,-13.115393437151132,-20.324385626120154,1083681.891955567,
2022-04-22,92.20197296142578,112.96258544921876,-16.56149218219717,-1,-13.18534084334837,-19.912653724754477,1083672.6603881842,
2022-04-25,91.35218811035156,112.96258544921876,-15.367725980831992,-1,-13.72719919651318,-19.300948777319714,1081973.0906860358,
2022-04-26,92.62686920166016,113.39210510253906,-16.72886098839433,-1,-13.819506144720407,-18.899686458011793,1083663.4135620124,
2022-04-27,91.77708435058594,113.39210510253906,-15.535094787029124,-1,-14.292087558177903,-18.678268285467393,1081963.843859864,
2022-04-28,92.62686920166016,112.96258544921876,-17.15838064171463,0,-14.175520594846878,-18.617555519786368,1084454.229290467,Close
2022-04-29,92.20197296142578,112.5330810546875,-16.990996576728435,0,-14.504597245584836,-18.338416743343824,1084454.229290467,
2022-05-03,90.9272918701172,109.5264663696289,-18.20695660090442,1,-14.644235442930858,-18.140661302320225,1084386.2111401374,Long Spread
2022-05-04,89.65261840820312,106.51985931396484,-19.422919713355498,1,-14.5732487628096,-18.41669562870902,1080922.3439526374,
2022-05-05,89.65261840820312,107.37889099121094,-18.563888036109404,1,-14.291592940382143,-18.955789710955337,1082640.4073071296,
2022-05-06,90.07750701904295,108.66744232177734,-17.872214447390732,1,-14.26367547764333,-19.12726120944326,1084367.7327465827,
2022-05-09,89.65261840820312,107.37889099121094,-18.563888036109404,1,-14.261223111406569,-19.14851873171408,1082640.4073071296,
2022-05-10,90.9272918701172,106.94937896728516,-20.78404400324817,1,-14.183809455281104,-19.20594674274275,1079232.03633545,
2022-05-11,91.35218811035156,107.37889099121094,-20.95142043883982,1,-13.689289369419402,-21.16653742237769,1079241.2679028327,
2022-05-12,90.50240325927734,106.51985931396484,-20.61668591472069,1,-13.714021203388937,-22.475944871746698,1079222.774250489,
2022-05-13,90.50240325927734,106.51985931396484,-20.61668591472069,1,-13.512664444365923,-22.57634022361224,1079222.774250489,
2022-05-16,90.50240325927734,106.51985931396484,-20.61668591472069,1,-13.519006412972564,-23.083279382648833,1079222.774250489,
2022-05-17,90.50240325927734,106.09033966064452,-21.046205568041017,1,-13.835934431902565,-23.561786214853214,1078363.7349438483,
2022-05-18,91.35218811035156,107.37889099121094,-20.95142043883982,1,-13.687535504322934,-24.721102222208064,1079241.2679028327,
2022-05-19,91.77708435058594,106.94937896728516,-21.97782092228303,1,-13.789795007491342,-24.84741436585019,1077532.4513745124,
2022-05-20,91.77708435058594,106.94937896728516,-21.97782092228303,1,-14.16303651971123,-28.164160004683023,1077532.4513745124,
2022-05-23,90.9272918701172,106.09033966064452,-21.64308330988881,1,-14.537010956309475,-28.19578410547434,1077513.9577221686,
2022-05-24,90.9272918701172,106.51985931396484,-21.213563656568482,1,-15.306096762663017,-26.596296022419075,1078372.9970288093,
2022-05-25,91.35218811035156,107.37889099121094,-20.95142043883982,1,-14.47210206735088,-26.825438380361604,1079241.2679028327,
2022-05-26,92.20197296142578,109.5264663696289,-19.99761126178703,1,-14.947014849660803,-26.334980943187247,1081836.8489575202,
2022-05-27,91.77708435058594,107.80841064453124,-21.11878924503695,1,-16.08125714749982,-24.549236724415444,1079250.5147290046,
2022-05-30,91.77708435058594,109.0969467163086,-19.830253173259592,1,-16.635983775420257,-24.90422854953391,1081827.5868725593,
2022-05-31,91.77708435058594,109.0969467163086,-19.830253173259592,1,-16.399516201396075,-23.916212715682747,1081827.5868725593,
2022-06-01,90.9272918701172,107.37889099121094,-20.35453197932239,1,-16.516915107183426,-23.77754366830153,1080091.0603833015,
2022-06-02,91.35218811035156,107.37889099121094,-20.95142043883982,1,-16.24366703126601,-24.294252215227605,1079241.2679028327,
2022-06-06,91.77708435058594,108.2379150390625,-20.689284850505686,1,-16.847645115243537,-24.320570158125783,1080109.523518067,
2022-06-07,91.35218811035156,107.80841064453124,-20.52190078551952,1,-16.967023191253936,-24.07513327532338,1080100.3072094733,
2022-06-08,91.77708435058594,108.66744232177734,-20.259757567790842,1,-17.777843104981393,-23.338934687562748,1080968.5780834968,
2022-06-09,91.35218811035156,108.2379150390625,-20.092396390988256,1,-17.63079908143925,-23.38616452356942,1080959.3159985358,
2022-06-10,90.50240325927734,107.37889099121094,-19.757654237474597,0,-18.442882197589416,-22.650349729843665,1080872.922353211,Close
2022-06-13,90.07750701904295,107.37889099121094,-19.16076577795714,0,-18.293547827347844,-22.682631152051506,1080872.922353211,
2022-06-14,90.50240325927734,106.94937896728516,-20.187166261400378,0,-18.512325062906548,-22.39929676825919,1080872.922353211,
2022-06-15,90.9272918701172,107.37889099121094,-20.35453197932239,0,-18.55638290082367,-22.450567029899652,1080872.922353211,
2022-06-16,90.9272918701172,106.51985931396484,-21.213563656568482,0,-18.4489186935913,-22.498542083632405,1080872.922353211,
2022-06-17,90.07750701904295,107.37889099121094,-19.16076577795714,0,-18.827268411818988,-22.508439706999706,1080872.922353211,
2022-06-20,90.9272918701172,107.37889099121094,-20.35453197932239,0,-18.9426137713124,-22.203653830238355,1080872.922353211,
2022-06-21,92.20197296142578,108.66744232177734,-20.85663530963859,0,-19.148175688342146,-22.102783028379225,1080872.922353211,
2022-06-22,92.20197296142578,107.80841064453124,-21.7156669868847,0,-19.087479655734683,-22.106965603339198,1080872.922353211,
2022-06-23,92.62686920166016,109.0969467163086,-21.0240193746248,0,-19.05966772475331,-22.23304699133535,1080872.922353211,
2022-06-24,93.90155792236328,110.81501770019533,-21.096613769290386,0,-19.069051918988094,-22.227697550911053,1080872.922353211,
2022-06-27,93.0517578125,110.385498046875,-20.332345785906142,0,-19.07683213931272,-22.25850080802453,1080872.922353211,
2022-06-28,93.4766616821289,110.81501770019533,-20.499725309772927,0,-19.03931594932901,-22.227457056668946,1080872.922353211,
2022-06-29,93.4766616821289,112.10355377197266,-19.211189237995598,0,-19.02407508517473,-22.18881478419683,1080872.922353211,
2022-06-30,91.77708435058594,108.63783264160156,-20.289367247966624,0,-18.807298197374593,-22.20889869927774,1080872.922353211,
2022-07-01,92.62686920166016,110.41878509521484,-19.70218099571855,0,-18.913887221841062,-22.01248118806672,1080872.922353211,
2022-07-04,93.0517578125,112.64496612548828,-18.07287770729286,-1,-18.918544015179943,-21.85320136764425,1080804.6944842536,Short Spread
2022-07-05,92.62686920166016,113.09019470214844,-17.030771388784956,-1,-18.53260226660016,-21.92867678179446,1079064.4601092536,
2022-07-06,92.62686920166016,113.98067474365234,-16.14029134728105,-1,-17.554367263504556,-22.223677671554373,1077283.5000262458,
2022-07-07,91.77708435058594,113.53543853759766,-15.39176135197053,-1,-15.112927446756867,-22.666658091557142,1076474.4027362068,
2022-07-08,91.1575698852539,110.86402130126952,-17.192893093052035,0,8.541234414223414,-17.65250903221993,1080510.1274145516,Close
2022-07-11,91.6000747680664,110.41878509521484,-18.2597541402331,0,-15.348497053375208,-22.54176522258094,1080510.1274145516,
2022-07-12,92.04258728027344,109.08306884765624,-20.21710594658778,0,-15.900044298726623,-22.82956144241955,1080510.1274145516,
2022-07-13,92.04258728027344,110.41878509521484,-18.88138969902917,0,-16.34016991801136,-23.084310587080846,1080510.1274145516,
2022-07-14,93.37013244628906,109.52830505371094,-21.636787134590975,0,-16.053960824573856,-22.778489767167642,1080510.1274145516,
2022-07-15,92.9276123046875,109.52830505371094,-21.01514085812522,0,-16.214989793818035,-23.1917968229071,1080510.1274145516,
2022-07-18,91.6000747680664,109.52830505371094,-19.150234181737005,0,-16.216256954859194,-23.135425810322626,1080510.1274145516,
2022-07-19,87.70597076416016,108.1926040649414,-15.015550827236837,-1,-16.06896615690316,-22.880491515825838,1080442.2914715584,Short Spread
2022-07-20,86.9094467163086,106.85688018798828,-15.232328554823084,-1,-14.53675742026656,-23.240808923425995,1081520.6911297615,
2022-07-21,87.70597076416016,106.4116439819336,-16.79651091024465,-1,-13.98757029699209,-23.31801416961067,1084004.211637574,
2022-07-22,87.70597076416016,105.52117156982422,-17.686983322354024,-1,-14.40520376576903,-23.272785665056404,1085785.1564617928,
2022-07-25,88.94500732421875,106.85688018798828,-18.091856412352897,-1,-14.557259515856988,-23.335445230032054,1085591.8123455818,
2022-07-26,88.94500732421875,106.85688018798828,-18.091856412352897,-1,-14.487085820157493,-23.14038642518236,1085591.8123455818,
2022-07-27,90.27254486083984,108.1926040649414,-18.621039211787988,-1,-14.434664920835683,-23.01239352759732,1085575.4396649178,
2022-07-28,89.83002471923828,108.1926040649414,-17.99939293532225,-1,-14.525723004571141,-22.724238279103147,1084690.3993817146,
2022-07-29,89.83002471923828,108.1926040649414,-17.99939293532225,-1,-14.456057742574615,-22.932011494325344,1084690.3993817146,
2022-08-01,89.83002471923828,108.63783264160156,-17.554164358662092,-1,-14.354811024556613,-22.631575870744676,1083799.9422283943,
2022-08-02,90.27254486083984,109.08306884765624,-17.730574429073158,-1,-14.268812767064261,-22.334272244800736,1083794.510099488,
2022-08-03,89.83002471923828,108.1926040649414,-17.99939293532225,-1,-14.42872777223489,-21.884567203326487,1084690.3993817146,
2022-08-04,90.27254486083984,107.30211639404295,-19.51152688268644,0,-14.493005564298844,-21.799498864924576,1087288.5120202645,Close
2022-08-05,89.83002471923828,108.63783264160156,-17.554164358662092,0,-14.678523196679315,-21.76087339355805,1087288.5120202645,
2022-08-08,89.83002471923828,109.08306884765624,-17.10892815260742,0,-14.561700930542951,-21.575604325163855,1087288.5120202645,
2022-08-09,89.38751220703125,109.08306884765624,-16.487292593811347,0,-14.532120639529118,-21.336310163302016,1087288.5120202645,
2022-08-10,90.27254486083984,109.08306884765624,-17.730574429073158,0,-14.355779431471287,-21.366780552023418,1087288.5120202645,
2022-08-11,89.83002471923828,111.30924987792967,-14.882747122333981,0,-14.512260507688481,-21.098037717251557,1087288.5120202645,
2022-08-12,89.83002471923828,111.30924987792967,-14.882747122333981,0,-13.987855917999855,-21.087231139610875,1087288.5120202645,
2022-08-15,89.83002471923828,110.86402130126952,-15.327975698994138,0,-13.671230320533448,-21.246037841619625,1087288.5120202645,
2022-08-16,89.83002471923828,109.97354888916016,-16.2184481111035,0,-13.621117990508044,-21.33883411105239,1087288.5120202645,
2022-08-17,89.83002471923828,109.52830505371094,-16.663691946552717,0,-13.83076215733093,-21.37004231119547,1087288.5120202645,
2022-08-18,89.38751220703125,109.08306884765624,-16.487292593811347,0,-14.088056768915738,-21.337546469029302,1087288.5120202645,
2022-08-19,88.50249481201172,108.1926040649414,-16.1344969766037,0,-13.840788694875112,-21.295383544881414,1087288.5120202645,
2022-08-22,88.50249481201172,108.63783264160156,-15.689268399943543,0,-13.617147130828139,-21.16464081691965,1087288.5120202645,
2022-08-23,88.50249481201172,109.08306884765624,-15.24403219388887,0,-13.507657542516544,-20.63458480325671,1087288.5120202645,
2022-08-24,88.94500732421875,108.63783264160156,-16.310903958739615,0,-13.243117999905712,-20.698725148522854,1087288.5120202645,
2022-08-25,88.41398620605469,108.63783264160156,-15.564932714048581,0,-13.869974297064044,-19.687191814114822,1087288.5120202645,
2022-08-26,88.41398620605469,108.63783264160156,-15.564932714048581,0,-14.001955802406059,-19.332136874590674,1087288.5120202645,
2022-08-29,88.32548522949219,109.52830505371094,-14.55013533371394,0,-13.93730634538504,-19.297991484739953,1087288.5120202645,
2022-08-30,88.32548522949219,109.08306884765624,-14.995371539768641,0,-13.85349745620487,-19.552521573958224,1087288.5120202645,
2022-08-31,88.14847564697266,107.7473602294922,-16.08241950381243,0,-13.88380556443562,-19.55159524531174,1087288.5120202645,
2022-09-01,86.99795532226562,107.7473602294922,-14.466184199214126,0,-13.806866035625719,-19.47610711562942,1087288.5120202645,
2022-09-02,86.9094467163086,107.7473602294922,-14.341848513319164,0,-13.145276336536243,-19.306751381455896,1087288.5120202645,
2022-09-05,87.17495727539062,108.63783264160156,-13.824361723555313,0,-12.92190704832084,-19.114773920333526,1087288.5120202645,
2022-09-06,87.3519515991211,108.1926040649414,-14.518229518996364,0,-12.464130907641302,-19.00964372405213,1087288.5120202645,
2022-09-07,86.9094467163086,107.30211639404295,-14.787092348768411,0,-12.812952158217689,-18.67940912340995,1087288.5120202645,
2022-09-08,87.61746978759766,107.7473602294922,-15.33646969446076,0,-12.815638022675111,-18.65578276147327,1087288.5120202645,
2022-09-12,87.0864486694336,107.7473602294922,-14.590498449769726,0,-12.964019066088994,-18.51539834369633,1087288.5120202645,
2022-09-13,86.99795532226562,107.7473602294922,-14.466184199214126,0,-12.768397275451784,-18.43975831561278,1087288.5120202645,
2022-09-14,86.0244140625,106.4116439819336,-14.434282925615946,0,-12.72770476376069,-18.238259227923017,1087288.5120202645,
2022-09-15,86.28993225097656,105.96641540527344,-15.252507842291294,0,-12.77292093922812,-17.973839842912383,1087288.5120202645,
2022-09-16,85.84741973876953,105.07593536376952,-15.521352324999143,0,-13.408398999184918,-17.2298762032569,1087288.5120202645,
2022-09-19,85.5819091796875,105.07593536376952,-15.148366702653632,0,-13.413208267420307,-17.267595327424626,1087288.5120202645,
2022-09-20,85.67041778564453,105.07593536376952,-15.27270238854858,0,-13.446896297422683,-17.13468281124278,1087288.5120202645,
2022-09-21,86.0244140625,104.63069915771484,-16.215227749834696,0,-13.46730634821347,-17.0922404575979,1087288.5120202645,
2022-09-22,84.96239471435547,103.29499053955078,-16.059026031625734,0,-13.696128587545733,-16.775109767485876,1087288.5120202645,
2022-09-23,85.4049072265625,102.4045181274414,-17.57113400253118,1,-13.753767408991706,-16.997395899962896,1087220.9996432504,Long Spread
2022-09-26,85.4049072265625,103.74022674560548,-16.235425384367105,1,-13.592287749236572,-17.647922834526153,1089892.4168795785,
2022-09-27,85.84741973876953,103.29499053955078,-17.30229714921788,1,-13.60412577123461,-17.366656948575876,1088116.919443055,
2022-09-28,86.20142364501953,103.74022674560548,-17.3543608160643,1,-13.465869188616548,-17.635367652968995,1088299.3840426644,
2022-09-29,85.7589111328125,103.29499053955078,-17.17796146332293,1,-13.398637263517207,-17.705208213185678,1088293.9366549691,
2022-09-30,84.60838317871094,101.51404571533205,-17.34266026527368,1,-13.361585419155588,-17.80089129333095,1087033.1029147347,
2022-10-03,84.60838317871094,99.28785705566406,-19.568848924941662,1,-13.298751263534383,-18.094190158679858,1082580.7255953988,
2022-10-04,84.0773696899414,99.73309326171876,-18.377652191865607,1,-12.565414281089392,-22.12294682347834,1084533.2249850472,
2022-10-05,83.81185913085938,99.28785705566406,-18.449902775574785,1,-12.996215338468533,-19.733390701476388,1084173.773691102,
2022-10-06,83.54635620117188,98.39738464355467,-18.967400283008345,1,-12.734378920876567,-19.983415706827607,1082923.8347262582,
2022-10-07,82.48432159423828,98.39738464355467,-17.475468511295958,1,-12.866130309865444,-21.424012488329982,1085047.9039401254,
2022-10-11,82.21881866455078,97.0616683959961,-18.438209854178695,1,-12.903162502057533,-19.95559076800432,1082907.4773043832,
2022-10-12,82.92682647705078,97.95214080810548,-18.542337187871553,1,-13.369470428303895,-20.715708196298348,1083272.406503602,
2022-10-13,82.48432159423828,97.0616683959961,-18.811184758854537,1,-13.340968130311921,-21.00338339310521,1082376.4714450082,
2022-10-14,80.97978210449219,97.0616683959961,-16.69762814601576,1,-13.037941360914019,-21.509234515122508,1085385.5504245004,
2022-10-17,81.51079559326172,97.0616683959961,-17.443588673037112,1,-13.487307188756148,-20.28100624727167,1084323.5234469613,
2022-10-18,81.59929656982422,96.6164321899414,-18.01314984731708,1,-13.794365445086903,-20.41285030172434,1083256.049081727,
2022-10-19,80.53726959228516,95.72595977783205,-17.411701205383736,1,-14.254115408429357,-20.406447196997114,1083599.1582125863,
2022-10-20,81.86480712890625,95.28072357177734,-19.721844087826653,1,-14.190857132870912,-20.260546151349153,1080053.6107272347,
2022-10-21,82.21881866455078,96.17119598388672,-19.32868226628807,1,-14.235919809033284,-21.19785633780665,1081126.5324801644,
2022-10-24,81.86480712890625,95.72595977783205,-19.27660788177195,1,-14.241403205942472,-21.190710253022328,1080944.0831393441,
2022-10-25,83.72335815429688,98.39738464355467,-19.216050219458893,1,-14.681353669261556,-21.094427688485414,1082569.8308200082,
2022-10-26,83.72335815429688,96.6164321899414,-20.99700267307216,1,-14.976294993852242,-20.97562995413727,1079007.9259127816,
2022-10-27,83.45784759521484,97.50691223144533,-19.73353700922273,1,-15.165597769732447,-21.752342321973362,1081319.9071139535,
2022-10-28,83.45784759521484,97.0616683959961,-20.178780844671962,1,-15.180871656820887,-21.35710481068619,1080429.419443055,
2022-10-31,84.1658706665039,98.84261322021484,-19.392457201594794,1,-15.331060579871206,-21.57327461219799,1082575.2629489144,
2022-11-01,83.54635620117188,97.50691223144533,-19.857872695117692,1,-15.666145265047634,-21.252105996516196,1081142.8899020394,
2022-11-02,83.28084564208984,96.6164321899414,-20.375367114276088,1,-15.94025097979474,-21.245648085740264,1079892.9509371957,
2022-11-03,82.57283020019531,96.6164321899414,-19.380756650804173,1,-15.987416240778483,-21.46812084852517,1081308.9818209847,
2022-11-04,83.81185913085938,96.6164321899414,-21.12132764129744,1,-16.22911150122292,-21.24016780461037,1078830.9239596566,
2022-11-07,82.30731964111328,96.17119598388672,-19.45300723451335,1,-16.06410776005614,-21.7799255188701,1080949.5305270394,
2022-11-08,83.45784759521484,96.6164321899414,-20.62401705072665,1,-16.463134903189825,-21.429791559193518,1079538.9470309457,
2022-11-09,83.9888687133789,97.0616683959961,-20.924752089362997,1,-16.47385322737454,-21.673836168851594,1079367.377206727,
2022-11-10,83.19234466552734,96.6164321899414,-20.251042146050807,1,-16.573544675784834,-21.85997115912428,1080069.9528903207,
2022-11-11,84.0773696899414,97.50691223144533,-20.603833222139045,1,-16.76060440546917,-21.795749550230543,1080080.8629245004,
2022-11-14,83.9888687133789,97.50691223144533,-20.479508253913764,1,-16.90859540845014,-21.87007198239757,1080257.8648776254,
2022-11-15,83.19234466552734,97.0616683959961,-19.80580593999612,1,-16.7729870994699,-21.91386690181966,1080960.42530243,
2022-11-16,82.04180145263672,96.6164321899414,-18.63477468844347,1,-16.909666778131417,-21.93163788504954,1082371.039316102,
2022-11-17,81.51079559326172,96.17119598388672,-18.334061085146487,0,-16.850757942931043,-21.868011995414843,1082475.4713430796,Close
2022-11-18,83.01533508300781,97.0616683959961,-19.55714528587589,0,-16.736832025105457,-21.853641874504383,1082475.4713430796,
2022-11-21,81.33379364013672,97.0616683959961,-17.19493873658655,0,-17.126672136744315,-21.8615930520594,1082475.4713430796,
2022-11-22,81.24529266357422,96.6164321899414,-17.515849974415957,0,-16.691669351501638,-21.913299662553726,1082475.4713430796,
2022-11-23,81.42229461669922,97.0616683959961,-17.31926370481183,0,-16.588159645643067,-21.954717044967516,1082475.4713430796,
2022-11-24,82.57283020019531,97.95214080810548,-18.045048032640096,0,-16.36215402029725,-22.00609607490188,1082475.4713430796,
2022-11-25,83.28084564208984,100.17832946777344,-16.813469836444057,-1,-16.891778389467774,-21.883220613027703,1082408.1329760752,Short Spread
2022-11-28,82.30731964111328,98.39738464355467,-17.226818574845396,-1,-16.522232081233454,-21.99186850178549,1084022.9706225595,
2022-11-29,83.19234466552734,99.73309326171876,-17.13438107427345,-1,-16.39852247204576,-22.0321755890935,1083121.6034350595,
2022-11-30,84.51988220214844,101.0688018798828,-17.663579132497645,-1,-16.42356316960926,-22.055221443874416,1083105.2612719736,
2022-12-01,83.28084564208984,99.28785705566406,-17.70394224855343,-1,-16.054430603563713,-21.9137252789176,1084189.077800294,
2022-12-02,83.72335815429688,99.73309326171876,-17.880341601294802,-1,-15.970966818782664,-21.950715173655283,1084183.6304125986,
2022-12-05,83.45784759521484,100.17832946777344,-17.06211977289462,-1,-15.924217191215313,-21.9434611459954,1082762.1368823252,
2022-12-06,82.74982452392578,99.73309326171876,-16.51273479780771,-1,-15.522131039402607,-21.966911357146177,1082236.5631518564,
2022-12-07,84.43138122558594,100.17832946777344,-18.429726576381725,-1,-15.032934053395074,-21.395925670850005,1084709.2041430674,
2022-12-08,84.3428726196289,98.84261322021484,-19.641107138045356,-1,-15.598372176756616,-21.722499052502396,1087203.6194262705,
2022-12-09,84.43138122558594,99.73309326171876,-18.8749627824364,-1,-15.721933143694931,-21.749053444054553,1085599.6765551767,
2022-12-12,84.87389373779297,100.17832946777344,-19.051362135177797,-1,-15.686586794553655,-21.751544468590616,1085594.2291674814,
2022-12-13,84.1658706665039,98.84261322021484,-19.392457201594794,-1,-15.687762294138281,-21.640121460620293,1086849.6155200205,
2022-12-14,84.43138122558594,99.28785705566406,-19.3201989884911,-1,-15.741135602793868,-21.497364515466025,1086490.148967286,
2022-12-15,83.81185913085938,99.73309326171876,-18.004666569520083,-1,-15.756085734490286,-21.650153067806897,1084360.6323657236,
2022-12-16,83.28084564208984,98.39738464355467,-18.59441466066282,-1,-15.726942167686467,-20.94635482379423,1085970.0226245127,
2022-12-19,83.36934661865234,99.28785705566406,-17.828267216778713,-1,-15.74701137644542,-21.218304525897103,1084366.079753419,
2022-12-20,82.83832550048828,99.28785705566406,-17.082295972087692,-1,-15.716132831144925,-20.72857633049729,1083304.0375170908,
2022-12-21,83.45784759521484,99.28785705566406,-17.952592185003994,-1,-15.691323334822616,-20.408901668764646,1084543.081706544,
2022-12-22,83.90036010742188,100.62356567382812,-17.238519125636003,-1,-15.83693747893464,-20.390676326224796,1082756.6894946299,
2022-12-23,83.90036010742188,100.17832946777344,-17.68375533169069,-1,-15.87724616218402,-20.073130578768925,1083647.1619067392,
2022-12-26,83.90036010742188,100.62356567382812,-17.238519125636003,-1,-16.04892688415364,-19.848998955530245,1082756.6894946299,
2022-12-27,83.90036010742188,100.62356567382812,-17.238519125636003,-1,-16.046679880229014,-19.723494275973977,1082756.6894946299,
2022-12-28,83.36934661865234,101.51404571533205,-15.60207855711073,-1,-15.996240511034724,-19.739990797985097,1079913.702434083,
2022-12-29,83.63485717773438,100.62356567382812,-16.86554422096016,-1,-15.543008763976834,-19.86578031478834,1082225.6836352549,
2022-12-30,83.81185913085938,100.62356567382812,-17.114194157410722,-1,-15.687319902288271,-19.586147566939253,1082579.6875415049,
2023-01-03,84.43138122558594,100.62356567382812,-17.984490370327038,-1,-15.733203352111847,-19.70855626638207,1083818.731730958,
2023-01-04,84.87389373779297,101.0688018798828,-18.160889723068436,-1,-15.778588965614293,-19.751477154979856,1083813.2843432627,
2023-01-05,84.87389373779297,101.51404571533205,-17.71564588761919,-1,-15.828501188177885,-19.797255929240936,1082922.7966723642,
2023-01-06,85.13938903808594,101.51404571533205,-18.08861007462535,-1,-15.762006465563612,-19.722074921373153,1083453.7872729502,
2023-01-09,86.9094467163086,102.4045181274414,-19.68469061536996,0,-15.947298836780437,-19.797309821497148,1085145.385246583,Close
2023-01-10,86.99795532226562,102.4045181274414,-19.80902630126492,0,-15.88568653876921,-20.181990108936493,1085145.385246583,
2023-01-11,84.51988220214844,101.51404571533205,-17.218335297048398,0,-15.900293009757409,-20.44018065809748,1085145.385246583,
2023-01-12,83.81185913085938,101.0688018798828,-16.66895795135605,0,-15.739091980411,-20.15280962511905,1085145.385246583,
2023-01-13,84.25436401367188,101.51404571533205,-16.845338957033206,0,-15.596552462233323,-20.166617656402675,1085145.385246583,
2023-01-16,84.87389373779297,102.4045181274414,-16.82517347550983,0,-15.523248709657523,-20.16261982442608,1085145.385246583,
2023-01-17,84.25436401367188,101.51404571533205,-16.845338957033206,0,-15.54934182259757,-20.196404019141617,1085145.385246583,
2023-01-30,85.67041778564453,101.9592742919922,-18.389363460325896,0,-15.642893243263439,-20.183165252352445,1085145.385246583,
2023-01-31,83.72335815429688,100.17832946777344,-17.43510539524013,0,-15.609642989749226,-20.176269005405693,1085145.385246583,
2023-02-01,84.1658706665039,100.17832946777344,-18.0567409540362,0,-15.600170513476485,-19.831462440849315,1085145.385246583,
2023-02-02,84.0773696899414,99.73309326171876,-18.377652191865607,0,-15.64236736190753,-19.865812859607857,1085145.385246583,
2023-02-03,84.25436401367188,100.62356567382812,-17.735818998537127,0,-15.678827625322185,-19.800982782906203,1085145.385246583,
2023-02-06,83.9888687133789,100.17832946777344,-17.808091017585653,0,-15.721214148056172,-19.58998759917965,1085145.385246583,
2023-02-07,84.60838317871094,100.17832946777344,-18.678376512832287,0,-15.789839948553768,-19.447542709309023,1085145.385246583,
2023-02-08,84.43138122558594,100.17832946777344,-18.429726576381725,0,-15.79501123536312,-19.60888143438428,1085145.385246583,
2023-02-09,84.60838317871094,100.17832946777344,-18.678376512832287,0,-15.790287759825878,-19.551550397377913,1085145.385246583,
2023-02-10,84.87389373779297,100.62356567382812,-18.60612592912311,0,-15.79560724441662,-19.674151988985173,1085145.385246583,
2023-02-13,85.5819091796875,101.0688018798828,-19.15550018654035,0,-15.869958042065626,-19.761212835591635,1085145.385246583,
2023-02-14,85.4049072265625,101.51404571533205,-18.461606414640542,0,-15.800107207082178,-19.91005105792447,1085145.385246583,
2023-02-15,84.87389373779297,101.0688018798828,-18.160889723068436,0,-15.875098467275556,-19.91967728991787,1085145.385246583,
2023-02-16,85.13938903808594,101.51404571533205,-18.08861007462535,0,-15.854869954786265,-19.90500601385134,1085145.385246583,
2023-02-17,85.493408203125,101.0688018798828,-19.03117521831507,0,-15.923854550272134,-19.928123672456014,1085145.385246583,
2023-02-20,85.7589111328125,102.4045181274414,-18.068433875432305,0,-15.975099142591105,-20.086853825280905,1085145.385246583,
2023-02-21,85.67041778564453,101.9592742919922,-18.389363460325896,0,-16.40632691717428,-19.826249424056936,1085145.385246583,
2023-02-22,86.0244140625,102.4045181274414,-18.441408780108134,0,-16.423291861611865,-19.850991939509044,1085145.385246583,
2023-02-23,86.37843322753906,102.84974670410156,-18.49350151168845,0,-16.492959639117664,-19.85181437995572,1085145.385246583,
2023-02-24,85.493408203125,102.84974670410156,-17.250230394096306,0,-16.468872646675734,-19.864426217076712,1085145.385246583,
2023-03-01,84.51988220214844,102.4045181274414,-16.327862884939037,-1,-16.346778103966482,-19.835135001621634,1085077.9082705698,Short Spread
2023-03-02,85.67041778564453,103.74022674560548,-16.608411006712615,-1,-16.09412746878383,-19.937653738642467,1084707.5622012338,
2023-03-03,86.0244140625,104.63069915771484,-16.215227749834696,-1,-15.946953747391278,-19.951746241937602,1083634.609930726,
2023-03-06,86.9094467163086,105.07593536376952,-17.01327337904185,-1,-15.730316008901458,-19.657926539418302,1084514.2028262338,
2023-03-07,86.9094467163086,105.52117156982422,-16.568037172987147,-1,-15.922685379138725,-19.450163406213612,1083623.7304141244,
2023-03-08,87.26345825195312,105.96641540527344,-16.62010392810872,-1,-15.778414432241076,-19.656278401889196,1083441.265814515,
2023-03-09,87.17495727539062,105.52117156982422,-16.941022795332657,-1,-15.886424778414375,-19.663133335556324,1084154.7515322885,
2023-03-10,86.55543518066406,104.63069915771484,-16.96119899452573,-1,-15.925026135899547,-19.658303674569407,1084696.6521670541,
2023-03-13,86.7324447631836,105.96641540527344,-15.874143401087366,-1,-15.947378375187904,-19.6523398161003,1082379.238836976,
2023-03-14,86.46693420410156,104.63069915771484,-16.83687402630045,-1,-15.506858570313545,-19.782129239533113,1084519.6502139291,
2023-03-15,86.55543518066406,105.96641540527344,-15.625482746967137,-1,-15.49832152335848,-19.535303232618585,1082025.219671937,
2023-03-16,87.0864486694336,105.96641540527344,-16.37144327398849,-1,-14.776826591026834,-19.820716269888393,1083087.246649476,
2023-03-17,87.61746978759766,105.07593536376952,-18.007894560183445,-1,-15.017948587648284,-19.630971818906822,1085930.248968812,
2023-03-20,87.97148132324219,105.96641540527344,-17.614725109250315,-1,-15.357934124493308,-19.700830241782175,1084857.3119570932,
2023-03-21,87.17495727539062,105.52117156982422,-16.941022795332657,-1,-15.359036345979382,-19.741161810562538,1084154.7515322885,
2023-03-22,87.70597076416016,106.4116439819336,-16.79651091024465,-1,-15.223176300333193,-19.660080276577,1083435.8336856088,
2023-03-23,88.05998229980469,106.85688018798828,-16.848585294760753,-1,-15.147411272068588,-19.39949767154286,1083253.3843447885,
2023-03-24,88.94500732421875,106.4116439819336,-18.537092618407584,0,-15.137027160124346,-19.3678573185801,1085846.0925396737,Close
2023-03-27,88.94500732421875,106.85688018798828,-18.091856412352897,0,-15.276900186131527,-19.51850189324474,1085846.0925396737,
2023-03-28,88.50249481201172,106.4116439819336,-17.915457059611512,0,-15.2917125116039,-19.416233907594517,1085846.0925396737,
2023-03-29,88.94500732421875,106.85688018798828,-18.091856412352897,0,-15.379280317153855,-19.168769348545673,1085846.0925396737,
2023-03-30,89.38751220703125,106.85688018798828,-18.7134812534793,0,-15.38456404953473,-19.240246502509645,1085846.0925396737,
2023-03-31,89.38751220703125,106.4116439819336,-19.15871745953399,0,-15.35393204403407,-19.432465936025128,1085846.0925396737,
2023-04-06,89.83002471923828,107.30211639404295,-18.8898806062207,0,-15.270714251889602,-19.695460184162208,1085846.0925396737,
2023-04-07,89.83002471923828,107.7473602294922,-18.444636770771453,0,-15.302774641758422,-19.448045244073075,1085846.0925396737,
2023-04-10,91.1575698852539,109.08306884765624,-18.973845546665316,0,-15.291124158902692,-19.577304785397857,1085846.0925396737,
2023-04-11,92.04258728027344,109.52830505371094,-19.771869740533077,1,-15.237168793748642,-19.72082585376388,1085778.0297039803,Long Spread
2023-04-12,92.04258728027344,109.52830505371094,-19.771869740533077,1,-15.051385306698482,-20.248016121068883,1085778.0297039803,
2023-04-13,91.6000747680664,110.41878509521484,-18.2597541402331,1,-14.957599935980701,-20.47415616409255,1088444.0148114022,
2023-04-14,92.9276123046875,110.86402130126952,-19.67942461056664,1,-15.152633865434801,-20.187969061696712,1086679.4121502694,
2023-04-17,92.9276123046875,111.7544937133789,-18.788952198457253,1,-15.401689871060842,-20.87055995435904,1088460.3569744881,
2023-04-18,92.9276123046875,112.1997299194336,-18.343715992402565,1,-15.40961690181382,-20.57247772485072,1089350.8293865975,
2023-04-19,92.04258728027344,110.86402130126952,-18.436153492974498,1,-15.599119473382135,-20.44979302994817,1088449.4621990975,
2023-04-20,91.1575698852539,111.30924987792967,-16.74766451639188,0,-15.526489522851136,-20.504431428310234,1091041.8554696664,Close
2023-04-21,90.71504974365234,112.1997299194336,-15.235538198422205,-1,-15.407050712312188,-20.353278445323557,1090973.73887848,Short Spread
2023-04-24,91.1575698852539,112.1997299194336,-15.857184474887958,-1,-14.775559740524724,-20.542855350199776,1091858.779161683,
2023-04-25,91.1575698852539,112.1997299194336,-15.857184474887958,-1,-14.779801111557276,-20.53373249288923,1091858.779161683,
2023-04-26,92.04258728027344,113.09019470214844,-16.209980092095577,-1,-14.63414605028871,-20.576530708673342,1091847.8843862924,
2023-04-27,91.6000747680664,112.64496612548828,-16.03357310995966,-1,-15.030910363855876,-20.548054711300324,1091853.3165151987,
2023-04-28,91.6000747680664,113.09019470214844,-15.588344533299505,-1,-14.642120670570717,-20.585610799987926,1090962.8593618784,
2023-05-02,91.1575698852539,111.7544937133789,-16.302420680942646,-1,-14.83904673327027,-20.597385749313883,1092749.2515737924,
2023-05-03,91.1575698852539,111.7544937133789,-16.302420680942646,-1,-14.82482245617541,-20.597797530801277,1092749.2515737924,
2023-05-04,92.48509979248048,112.64496612548828,-17.276844227551834,-1,-14.27748574011098,-20.392212589688594,1093623.3665640268,
2023-05-05,92.48509979248048,112.64496612548828,-17.276844227551834,-1,-14.653053672345116,-20.535656939276613,1093623.3665640268,
2023-05-08,92.04258728027344,112.64496612548828,-16.655208668755733,-1,-14.818495573281847,-20.61739881981271,1092738.3415396127,
2023-05-09,91.6000747680664,112.64496612548828,-16.03357310995966,-1,-14.6875507055536,-20.579542849849105,1091853.3165151987,
2023-05-10,91.6000747680664,112.1997299194336,-16.47880931601435,-1,-14.363298578286297,-20.592744056628376,1092743.788927308,
2023-05-11,91.6000747680664,112.1997299194336,-16.47880931601435,-1,-14.101711260980068,-20.144659409005378,1092743.788927308,
2023-05-12,91.1575698852539,111.30924987792967,-16.74766451639188,-1,-14.063270347289295,-20.22309837561057,1093639.7392446909,
2023-05-15,91.6000747680664,111.7544937133789,-16.924045522069036,-1,-14.15496204382189,-20.261615897993188,1093634.2613394174,
2023-05-16,91.6000747680664,112.1997299194336,-16.47880931601435,-1,-14.166445174722742,-20.18504633139278,1092743.788927308,
2023-05-17,92.48509979248048,113.09019470214844,-16.831615650891678,-1,-13.968378220582663,-19.81496096691929,1092732.9094107065,
2023-05-18,92.04258728027344,112.64496612548828,-16.655208668755733,-1,-14.17485571681592,-19.558805959781175,1092738.3415396127,
2023-05-19,92.04258728027344,113.53543853759766,-15.764736256646358,-1,-14.139110453685273,-19.486816909508544,1090957.396715394,
2023-05-22,92.04258728027344,111.7544937133789,-17.54568108086511,-1,-13.745649568723895,-19.455230456227884,1094519.2863638315,
2023-05-23,92.04258728027344,112.64496612548828,-16.655208668755733,-1,-14.294335147147837,-19.458101979938835,1092738.3415396127,
2023-05-24,92.04258728027344,112.64496612548828,-16.655208668755733,-1,-14.445663299587547,-18.89674783987311,1092738.3415396127,
2023-05-25,90.71504974365234,113.98067474365234,-13.454593374203455,-1,-14.658349851277437,-18.610111080209236,1087411.8492300424,
2023-05-26,91.1575698852539,113.09019470214844,-14.966719692173115,-1,-13.492221030160833,-19.04314903360246,1090077.8495962534,
2023-05-29,91.1575698852539,112.1997299194336,-15.857184474887958,-1,-14.144333295272993,-18.43998593864579,1091858.779161683,
2023-05-30,91.6000747680664,111.7544937133789,-16.924045522069036,-1,-14.29411799877451,-18.31539422917887,1093634.2613394174,
2023-05-31,91.6000747680664,112.1997299194336,-16.47880931601435,-1,-14.420697272440082,-18.2204529738709,1092743.788927308,
2023-06-01,91.1575698852539,111.30924987792967,-16.74766451639188,-1,-14.549725575262201,-17.968651050962535,1093639.7392446909,
2023-06-02,92.04258728027344,111.7544937133789,-17.54568108086511,0,-14.557783848656493,-18.012832037975976,1094451.1344805916,Close
2023-06-05,91.6000747680664,111.30924987792967,-17.36928935751827,0,-14.6651550801961,-18.15315220128292,1094451.1344805916,
2023-06-06,92.04258728027344,111.7544937133789,-17.54568108086511,0,-14.670786540580952,-18.228497214237056,1094451.1344805916,
2023-06-07,92.04258728027344,111.30924987792967,-17.99092491631434,0,-14.694859933724967,-18.336926533935657,1094451.1344805916,
2023-06-08,91.6000747680664,111.30924987792967,-17.36928935751827,0,-14.658093363240743,-18.52258885520668,1094451.1344805916,
2023-06-09,91.1575698852539,111.7544937133789,-16.302420680942646,0,-14.69556945386536,-18.551311524135528,1094451.1344805916,
2023-06-12,90.71504974365234,111.30924987792967,-16.126018239926125,0,-14.751731697831708,-18.499764601641857,1094451.1344805916,
2023-06-13,91.1575698852539,111.7544937133789,-16.302420680942646,0,-14.70609024685668,-18.487141716412815,1094451.1344805916,
2023-06-14,90.71504974365234,111.7544937133789,-15.680774404476892,0,-14.712241075109164,-18.490449235623668,1094451.1344805916,
2023-06-15,91.1575698852539,111.7544937133789,-16.302420680942646,0,-14.593778519531256,-18.405405833337696,1094451.1344805916,
2023-06-16,90.71504974365234,111.7544937133789,-15.680774404476892,0,-14.611613730577531,-18.36141526467692,1094451.1344805916,
2023-06-19,91.6000747680664,111.7544937133789,-16.924045522069036,0,-14.53635995876768,-18.36653406268766,1094451.1344805916,
2023-06-20,90.71504974365234,112.1997299194336,-15.235538198422205,0,-14.626037760521774,-18.439142278675014,1094451.1344805916,
2023-06-21,89.83002471923828,112.1997299194336,-13.99226708083006,-1,-14.451997178901303,-18.424293018080895,1094383.053290406,Short Spread
2023-06-26,89.38751220703125,110.41878509521484,-15.151576346252739,-1,-14.013102456787305,-18.574924375844514,1097059.9179144294,
2023-06-27,88.50249481201172,108.63783264160156,-15.689268399943543,-1,-14.000433657061986,-18.54114217205966,1098851.788031617,
2023-06-28,88.50249481201172,108.1926040649414,-16.1344969766037,-1,-13.987239691233928,-18.49591000174529,1099742.2451849373,
2023-06-29,88.94500732421875,108.8428726196289,-16.10586398071227,-1,-14.006628667200015,-18.513466455897717,1099326.7330999763,
2023-06-30,88.39025115966797,107.9165496826172,-16.252873002675287,-1,-13.98346409776442,-18.461270605996702,1100069.8666448982,
2023-07-03,87.83550262451172,106.52706146240234,-16.863058025511137,-1,-13.985354745745042,-18.453620801139387,1101739.3460150154,
2023-07-04,87.37321472167969,106.99022674560548,-15.750476983715373,-1,-14.065648098179617,-18.551336918811423,1099888.439642945,
2023-07-05,87.00337219238281,106.52706146240234,-15.694092511772936,-1,-13.977587988248157,-18.31192748858472,1100075.0851507576,
2023-07-06,86.54107666015625,106.52706146240234,-15.044666035510645,-1,-13.951204278031046,-18.327778453509207,1099150.4940863044,
2023-07-07,86.44862365722656,106.06390380859376,-15.377946968202508,-1,-13.819283819052822,-18.294700318405088,1099891.9033880623,
2023-07-10,86.44862365722656,105.60074615478516,-15.841104622011116,-1,-14.476954947120168,-18.086069426044148,1100818.2186956794,
2023-07-11,87.28075408935547,106.52706146240234,-16.083754828132115,-1,-14.40631587793006,-18.128218495812398,1100629.848944703,
2023-07-12,87.09583282470703,106.52706146240234,-15.823979950559334,-1,-14.346734822563452,-18.130900789841117,1100260.006415406,
2023-07-13,86.72600555419922,106.52706146240234,-15.304451630753107,-1,-14.244243857691474,-17.97704011577106,1099520.3518743904,
2023-07-14,87.9279556274414,107.9165496826172,-15.603446526412995,-1,-14.126965137122752,-17.9905212109906,1099145.275580445,
2023-07-17,87.37321472167969,107.9165496826172,-14.824154046703654,-1,-14.126142058303785,-17.923295515003737,1098035.7937689216,
2023-07-18,87.00337219238281,106.52706146240234,-15.694092511772936,-1,-13.977222991921405,-17.674871713145734,1100075.0851507576,
2023-07-19,87.09583282470703,106.52706146240234,-15.823979950559334,-1,-14.125594120738338,-17.605964351271037,1100260.006415406,
2023-07-20,87.28075408935547,106.99022674560548,-15.620589544928976,-1,-14.214877716984272,-17.431062452737837,1099703.5183782966,
2023-07-21,87.00337219238281,106.99022674560548,-15.230927228569797,-1,-14.38826713671973,-17.11548388299814,1099148.7545843513,
2023-07-24,86.81846618652344,107.45338439941406,-14.508016132527786,-1,-14.433281851876773,-16.976523657633887,1097852.6272650154,
2023-07-25,87.37321472167969,107.9165496826172,-14.824154046703654,-1,-14.275826801523412,-17.009122180830133,1098035.7937689216,
2023-07-26,87.37321472167969,108.37971496582033,-14.36098876350053,-1,-14.21411316464802,-16.99392328508558,1097109.4632025154,
2023-07-27,87.7430419921875,107.9165496826172,-15.343682366509881,-1,-14.054434553109292,-16.973518413988455,1098775.4483099373,
2023-07-28,87.83550262451172,107.9165496826172,-15.473569805296279,-1,-14.09870276750178,-16.994072614063832,1098960.3695745857,
2023-07-31,87.28075408935547,107.45338439941406,-15.157431891120396,-1,-14.099002578964743,-16.913507929255513,1098777.2030706794,
2023-08-01,87.7430419921875,107.9165496826172,-15.343682366509881,-1,-14.073616121174723,-16.91627087374309,1098775.4483099373,
2023-08-02,87.00337219238281,107.45338439941406,-14.767769574761218,-1,-14.147977014359427,-16.68576628561701,1098222.4392767341,
2023-08-04,87.00337219238281,107.9165496826172,-14.304604291558078,-1,-14.089217890587332,-16.75028346050019,1097296.108710328,
2023-08-07,87.00337219238281,107.45338439941406,-14.767769574761218,-1,-14.21459367918247,-16.707873127051833,1098222.4392767341,
2023-08-08,86.72600555419922,107.9165496826172,-13.914963410538249,-1,-14.104329463178539,-16.72103442709293,1096741.3754339607,
2023-08-09,86.72600555419922,108.37971496582033,-13.451798127335124,-1,-13.67748378974939,-16.767654597206487,1095815.0448675544,
2023-08-10,87.00337219238281,109.3060302734375,-12.91512370073778,-1,-13.095890080189088,-16.74071590257858,1094517.1475286873,
2023-08-11,87.18829345703125,109.3060302734375,-13.174898578310575,-1,-11.873742078448563,-16.767717906121547,1094886.9900579841,
2023-08-14,86.72600555419922,108.37971496582033,-13.451798127335124,-1,-12.235007864241968,-16.618106103977414,1095815.0448675544,
2023-08-15,86.633544921875,108.37971496582033,-13.321910688548726,-1,-12.685028823156518,-16.254006627425028,1095630.123602906,
2023-08-16,86.81846618652344,109.3060302734375,-12.655370258504348,-1,-12.025685778336461,-16.427875614852972,1094147.3355169685,
2023-08-17,86.72600555419922,107.9165496826172,-13.914963410538249,-1,-10.41702365549612,-16.274578580162768,1096741.3754339607,
2023-08-18,86.81846618652344,108.8428726196289,-13.118527912312942,-1,-12.307361828458106,-16.680864421453727,1095073.6508245857,
2023-08-21,86.91091918945312,108.37971496582033,-13.711562287238237,-1,-11.675327074828424,-16.528906968326428,1096184.8721380623,
2023-08-22,86.44862365722656,107.9165496826172,-13.52530109417907,-1,-12.089981843452682,-16.30979881916287,1096186.6116400154,
2023-08-23,86.44862365722656,107.9165496826172,-13.52530109417907,-1,-12.079118910292781,-16.083076889409714,1096186.6116400154,
2023-08-24,86.54107666015625,108.8428726196289,-12.728854878284082,-1,-12.059046540925005,-16.03772687398807,1094518.8717718513,
2023-08-25,86.26371002197266,107.9165496826172,-13.265536934275957,-1,-11.456075002385859,-16.104108362724396,1095816.7843695076,
2023-08-28,86.54107666015625,108.37971496582033,-13.192012532092662,-1,-11.81710078034696,-15.928149917027236,1095445.1870794685,
2023-08-29,87.00337219238281,108.8428726196289,-13.378281354546374,-1,-11.663017892895903,-16.06664164830672,1095443.4628363044,
2023-08-30,87.00337219238281,108.37971496582033,-13.841439008354953,-1,-11.822266067771436,-15.641828299899418,1096369.7781439216,
2023-08-31,86.17124938964844,107.45338439941406,-13.598814778692699,-1,-12.056594384676846,-15.51585752146718,1096558.1936712654,
2023-09-01,86.81846618652344,107.9165496826172,-14.044850849324646,-1,-12.064506569383916,-15.405369008765998,1096926.2966986091,
2023-09-04,86.91091918945312,108.8428726196289,-13.248404633429658,-1,-12.141108794363719,-15.447687217317819,1095258.556830445,
2023-09-05,86.54107666015625,108.37971496582033,-13.192012532092662,-1,-11.96682531717165,-15.489118360117995,1095445.1870794685,
2023-09-06,86.35617065429688,108.37971496582033,-12.93225908985923,-1,-11.941655140194333,-15.33856195595641,1095075.3750677498,
2023-09-07,86.26371002197266,108.37971496582033,-12.802371651072832,-1,-11.808761893341273,-15.375179223287393,1094890.4538031013,
2023-09-08,86.44862365722656,107.9165496826172,-13.52530109417907,-1,-11.862447996934698,-14.952722799914284,1096186.6116400154,
2023-09-11,86.91091918945312,108.37971496582033,-13.711562287238237,-1,-12.13983942585495,-14.816396448092506,1096184.8721380623,
2023-09-12,87.46566772460938,108.37971496582033,-14.490865484617245,0,-12.226309950249657,-14.738285323803161,1097226.5353930672,Close
2023-09-13,87.5581283569336,107.9165496826172,-15.083918206606768,1,-12.360096172899638,-14.645668939966388,1097158.7164059456,Long Spread
2023-09-14,87.83550262451172,108.37971496582033,-15.010404522093154,1,-12.272644646233555,-14.844269163319115,1097530.2984371956,
2023-09-15,88.39025115966797,108.8428726196289,-15.326550065663582,1,-12.189276423093036,-15.038116784963572,1097347.1166745003,
2023-09-18,88.02041625976562,108.37971496582033,-15.270168681996267,1,-12.090669988775513,-15.178065412288841,1097160.4711666878,
2023-09-19,88.29779815673828,108.37971496582033,-15.659830998355446,1,-11.991673477654166,-15.68615740367528,1096605.7073727425,
2023-09-20,87.83550262451172,108.37971496582033,-15.010404522093154,1,-11.951523182392473,-16.717607642710057,1097530.2984371956,
2023-09-21,86.72600555419922,107.9165496826172,-13.914963410538249,1,-12.222371482539048,-16.05914361544107,1098822.9620114143,
2023-09-22,86.633544921875,108.37971496582033,-13.321910688548726,1,-12.111313061891378,-15.683733677271393,1099934.213842469,
2023-09-25,86.91091918945312,107.9165496826172,-14.174727570441362,1,-11.964015218119748,-15.613252744811312,1098453.1347409065,
2023-09-26,87.46566772460938,107.45338439941406,-15.41719605102351,1,-12.120308898406343,-15.728877696286741,1096417.3071041878,
2023-09-27,86.81846618652344,107.9165496826172,-14.044850849324646,1,-12.324889471347163,-16.12635402172831,1098638.040746766,
2023-09-28,87.46566772460938,107.45338439941406,-15.41719605102351,1,-12.094297481510383,-15.797096479807747,1096417.3071041878,
2023-10-02,87.09583282470703,107.9165496826172,-14.434491730344476,1,-12.258476261923319,-16.218116770305286,1098083.3074703987,
2023-10-03,86.81846618652344,107.45338439941406,-14.508016132527786,1,-12.182181524988327,-16.014625793216563,1097711.7101803597,
2023-10-04,86.44862365722656,106.52706146240234,-14.914789314393929,1,-12.246863035713837,-16.060373856971843,1096598.74936493,
2023-10-05,87.28075408935547,106.52706146240234,-16.083754828132115,1,-12.29848970805307,-16.178933322907938,1094934.4885006722,
2023-10-06,87.09583282470703,106.99022674560548,-15.360814667356195,1,-12.493098424810533,-16.61976800734318,1096230.6615963753,
2023-10-11,88.6676254272461,107.9165496826172,-16.642524601364798,1,-12.483248968191127,-16.49226362733328,1094939.7222653206,
2023-10-12,88.94499969482422,107.9165496826172,-17.03217620005431,1,-12.466332233061861,-17.150646941021208,1094384.9737301643,
2023-10-13,88.39025115966797,107.45338439941406,-16.716038285878426,1,-12.432684881818053,-17.81410198280738,1094568.1402340706,
2023-10-16,88.5751724243164,107.9165496826172,-16.512647880248082,1,-12.384446058993097,-17.863678003456045,1095124.62827118,
2023-10-17,88.20533752441406,107.9165496826172,-15.993108842772173,1,-12.535067281949656,-17.887432986787918,1095864.2980709847,
2023-10-18,88.39025115966797,107.45338439941406,-16.716038285878426,1,-12.482663669485103,-17.73687406039207,1094568.1402340706,
2023-10-19,87.7430419921875,107.45338439941406,-15.80684764971302,1,-12.839887977532305,-18.11999905869896,1095862.5585690315,
2023-10-20,87.09583282470703,106.99022674560548,-15.360814667356195,1,-12.943023306524065,-17.718731215782306,1096230.6615963753,
2023-10-23,87.28075408935547,106.99022674560548,-15.620589544928976,1,-13.158814259870574,-17.512734049477174,1095860.8190670784,
2023-10-24,87.65058898925781,106.99022674560548,-16.140128582404884,1,-13.431300347323493,-17.398184641440814,1095121.1492672737,
2023-10-25,87.7430419921875,106.99022674560548,-16.2700053035216,1,-13.485157076008067,-17.492536161753275,1094936.2432614143,
2023-10-26,87.65058898925781,106.52706146240234,-16.603293865608023,1,-13.608771798920028,-17.50622095295539,1094194.8187008675,
2023-10-27,88.29779815673828,106.99022674560548,-17.04931921857029,1,-13.575742783668694,-17.66818920220622,1093826.7309323128,
2023-10-30,87.83550262451172,106.99022674560548,-16.399892742307998,1,-13.498365686159213,-17.92997907299567,1094751.321996766,
2023-10-31,88.5751724243164,107.45338439941406,-16.97581316345122,1,-13.545082966259503,-17.845157469645148,1094198.2977047737,
2023-11-01,89.03746795654297,108.37971496582033,-16.69890907330725,1,-13.512503540308163,-18.074458399595862,1095126.367773133,
2023-11-02,89.31483459472656,109.3060302734375,-16.162234646709905,1,-13.544001892669142,-18.098217203927803,1096424.2651120003,
2023-11-03,89.6846694946289,108.8428726196289,-17.144931337994393,1,-13.493196580834034,-18.00092810491551,1094758.2800045784,
2023-11-06,90.33187866210938,108.8428726196289,-18.0541219741598,1,-13.62788981733704,-18.352156244421217,1093463.8616696175,
2023-11-07,89.86958312988281,109.3060302734375,-16.941537844088913,1,-13.987052804658436,-18.77808553634804,1095314.7680416878,
2023-11-08,90.88662719726562,109.76919555664062,-17.907102234527102,1,-14.341854298034102,-18.20092417962745,1094207.0104733284,
2023-11-09,90.97909545898438,108.8428726196289,-18.963323327994885,1,-14.354441998830664,-18.507680656676783,1092169.4280758675,
2023-11-10,90.5167999267578,108.37971496582033,-18.777054505541145,1,-14.048312610530429,-19.567424865432574,1092167.7038327034,
2023-11-13,89.77713012695312,107.9165496826172,-18.201141713792495,1,-14.668941161305588,-19.422746460100107,1092720.7128659065,
2023-11-14,89.96205139160156,107.9165496826172,-18.46091659136529,1,-14.458787423407323,-19.52657963116591,1092350.8703366097,
2023-11-15,90.14695739746094,109.3060302734375,-17.331189442778424,1,-14.977775430727588,-19.534444195867202,1094760.0195065315,
2023-11-16,90.6092529296875,108.37971496582033,-18.90693122665789,1,-15.043136474675112,-19.04405531606361,1091982.797826844,
2023-11-17,90.33187866210938,108.37971496582033,-18.517279627968378,1,-15.066148287836139,-19.53813969225489,1092537.5463620003,
2023-11-20,90.33187866210938,109.3060302734375,-17.590964320351205,1,-14.930086194902124,-19.652926780159923,1094390.1769772347,
2023-11-21,90.88662719726562,109.3060302734375,-18.370267517730227,1,-15.192771374111127,-19.356789980776142,1093280.6799069222,
2023-11-22,90.88662719726562,109.3060302734375,-18.370267517730227,1,-15.040105466618238,-19.648240851174634,1093280.6799069222,
2023-11-23,90.97909545898438,109.76919555664062,-18.037000390983167,1,-14.992949540426935,-19.722759271053256,1094022.073949891,
2023-11-24,90.88662719726562,110.23235321044922,-17.443944580718508,1,-15.071923750206286,-19.71908775129539,1095133.3257809456,
2023-11-27,91.07154846191406,111.15867614746094,-16.77739652127957,1,-15.1142439268377,-19.627423824718505,1096616.1291256722,
2023-11-28,90.97909545898438,110.69551849365234,-17.110677453971448,1,-15.205722059537617,-19.53999377929892,1095874.7198239143,
2023-11-29,91.4413833618164,111.15867614746094,-17.29693555875548,1,-15.14695997657575,-19.555386580043006,1095876.4593258675,
2023-11-30,90.97909545898438,110.69551849365234,-17.110677453971448,1,-15.47435828546102,-19.524959202290795,1095874.7198239143,
2023-12-01,91.71875762939452,111.15867614746094,-17.68658715744496,1,-15.731828345943251,-19.36634697279533,1095321.7107907112,
2023-12-04,92.27350616455078,112.08499908447266,-17.539567417812265,1,-15.897017775106729,-19.335484877839516,1096064.8595944222,
2023-12-05,92.92071533203124,112.54815673828124,-17.985600400169076,1,-15.937681875539084,-19.297685439688074,1095696.7565670784,
2023-12-06,92.45842742919922,113.01132202148438,-16.87301935837334,0,-16.059032633740816,-19.30447674382574,1097479.4441491708,Close
2023-12-07,91.90367889404295,112.08499908447266,-17.020039098006038,0,-15.992220395717109,-19.248823777144448,1097479.4441491708,
2023-12-08,91.62629699707033,111.62183380126952,-17.093542064850013,0,-15.967421313144706,-19.24779189096075,1097479.4441491708,
2023-12-11,91.07154846191406,111.15867614746094,-16.77739652127957,0,-16.10470903747549,-19.212266257875722,1097479.4441491708,
2023-12-12,91.25646209716795,111.15867614746094,-17.037160681182655,0,-16.018850102211303,-19.21703186050992,1097479.4441491708,
2023-12-13,90.97909545898438,110.69551849365234,-17.110677453971448,0,-16.09446072828506,-19.205902488351608,1097479.4441491708,
2023-12-14,91.4413833618164,110.69551849365234,-17.760093212564072,0,-16.268778875172856,-19.1288453787945,1097479.4441491708,
2023-12-15,90.97909545898438,109.76919555664062,-18.037000390983167,0,-16.270223421663143,-19.150417441186786,1097479.4441491708,
2023-12-18,90.70171356201172,109.76919555664062,-17.64733807462399,0,-16.24653918913842,-19.134030776219706,1097479.4441491708,
2023-12-19,90.6092529296875,109.76919555664062,-17.51745063583759,0,-16.343401089125045,-19.139633608406136,1097479.4441491708,
2023-12-20,90.70171356201172,109.76919555664062,-17.64733807462399,0,-16.274444878070135,-19.09521777102566,1097479.4441491708,
2023-12-21,90.23942565917967,109.3060302734375,-17.461087599234475,0,-16.335994567089067,-18.87145040731597,1097479.4441491708,
2023-12-22,89.86958312988281,108.8428726196289,-17.404695497897507,0,-16.367597782420777,-18.77008158625615,1097479.4441491708,
2023-12-25,90.14695739746094,109.3060302734375,-17.331189442778424,0,-16.35986786210021,-18.75711365912295,1097479.4441491708,
2023-12-26,90.4243392944336,110.23235321044922,-16.794528822125883,0,-16.374262461210606,-18.65409276708622,1097479.4441491708,
2023-12-27,90.88662719726562,110.69551849365234,-16.980779297515383,0,-16.304046700329568,-18.707479942856043,1097479.4441491708,
2023-12-28,91.3489227294922,111.15867614746094,-17.16704811996911,0,-16.377678474910834,-18.3652234102811,1097479.4441491708,
2023-12-29,91.16400909423828,111.15867614746094,-16.907283960065968,0,-16.425723629943974,-18.302816564163017,1097479.4441491708,
2024-01-02,91.99613189697266,111.62183380126952,-17.613081102325893,0,-16.355322384615757,-18.353802642620398,1097479.4441491708,
2024-01-03,91.4413833618164,111.15867614746094,-17.29693555875548,0,-16.458654408506526,-18.21049179362204,1097479.4441491708,
2024-01-04,91.4413833618164,110.23235321044922,-18.223258495767197,1,-16.514959544346492,-18.084967640197195,1097411.3771997078,Long Spread
2024-01-05,91.07154846191406,110.69551849365234,-17.240554175088164,1,-16.494637973343142,-18.177457233038222,1099077.3775659187,
2024-01-08,91.5338363647461,111.62183380126952,-16.963654626063615,0,-16.486011495815216,-18.16039660041884,1099937.3061486823,Close
2024-01-09,91.62629699707033,111.15867614746094,-17.556699718658592,0,-16.51634240837862,-18.153527274753095,1099937.3061486823,
2024-01-10,91.3489227294922,111.15867614746094,-17.16704811996911,0,-16.53331366855736,-18.172574154681282,1099937.3061486823,
2024-01-11,92.18104553222656,111.62183380126952,-17.872845262229006,0,-16.51887815509709,-18.164514178018386,1099937.3061486823,
2024-01-12,92.27350616455078,111.15867614746094,-18.465890354823983,1,-16.53266047407719,-18.220842317634094,1099869.1688613899,Long Spread
2024-01-15,91.62629699707033,111.62183380126952,-17.093542064850013,1,-16.45464267260458,-18.367492457079674,1102089.902503968,
2024-01-16,90.6092529296875,110.23235321044922,-17.054292982028997,0,-16.427891260538484,-18.32549748491159,1101276.9957928474,Close
2024-01-17,89.86958312988281,109.76919555664062,-16.478372560885788,0,-16.418290349777237,-18.26197160375216,1101276.9957928474,
2024-01-18,89.96205139160156,109.76919555664062,-16.608270717341867,0,-16.353911428519453,-18.30290461377144,1101276.9957928474,
2024-01-19,89.96205139160156,110.23235321044922,-16.145113063533273,-1,-16.301682178400643,-18.32246515689455,1101208.9880166634,Short Spread
2024-01-22,90.23942565917967,110.23235321044922,-16.534764662222756,-1,-16.122041381383788,-18.3929006919644,1101763.7365518196,
2024-01-23,89.96205139160156,110.69551849365234,-15.681947780330148,-1,-16.135482238132493,-18.407450138743645,1100282.657450257,
2024-01-24,89.96205139160156,111.15867614746094,-15.218790126521554,-1,-15.768252605145754,-18.54465807951405,1099356.34214264,
2024-01-25,90.23942565917967,111.15867614746094,-15.608441725211037,-1,-15.118660568210473,-18.75956926783625,1099911.0906777962,
2024-01-26,90.97909545898438,110.69551849365234,-17.110677453971448,-1,-15.061592948766668,-18.60027761128274,1102316.7455850227,
2024-01-29,91.16400909423828,111.15867614746094,-16.907283960065968,-1,-15.46145829642305,-18.54599275216398,1101760.2575479134,
2024-01-30,91.07154846191406,110.69551849365234,-17.240554175088164,-1,-15.443392939913569,-18.535995642346546,1102501.651590882,
2024-01-31,90.6092529296875,110.23235321044922,-17.054292982028997,-1,-15.467979723617129,-18.551691752209496,1102503.3910928352,
2024-02-01,91.25646209716795,111.15867614746094,-17.037160681182655,-1,-15.4581585358973,-18.485645192517307,1101945.1635537727,
2024-02-02,90.88662719726562,111.62183380126952,-16.05446398989821,-1,-15.458590650194317,-18.476210171459087,1100279.1784463509,
2024-02-05,91.07154846191406,112.54815673828124,-15.387915930459272,-1,-15.298363840165198,-18.442003309874853,1098796.3751016243,
2024-02-15,90.6092529296875,112.08499908447266,-15.20164710800556,-1,-14.993641500180736,-18.487407159277936,1098798.0993447884,
2024-02-16,90.6092529296875,113.01132202148438,-14.27532417099384,-1,-14.733889100404731,-18.603276609378312,1096945.453470765,
2024-02-19,90.6092529296875,113.01132202148438,-14.27532417099384,-1,-13.594517063409619,-18.82808995217222,1096945.453470765,
2024-02-20,91.16400909423828,113.4744873046875,-14.591472802839405,-1,-13.104446551123285,-18.787411767323093,1097128.6352334602,
2024-02-21,92.45842742919922,113.4744873046875,-16.409854075170216,-1,-13.25014536328522,-18.81136214191381,1099717.471903382,
2024-02-22,92.365966796875,113.01132202148438,-16.743131919586943,-1,-14.064275009656086,-18.679296557676217,1100458.88120514,
2024-02-23,91.90367889404295,113.01132202148438,-16.09371616099432,-1,-14.109915063920615,-18.74347869848187,1099534.3053994759,
2024-02-26,92.365966796875,113.01132202148438,-16.743131919586943,-1,-14.108725992943524,-18.31479826787101,1100458.88120514,
2024-02-27,91.62629699707033,112.08499908447266,-16.630376781646873,-1,-14.158677112083891,-18.53327430981323,1100832.187479554,
2024-02-29,91.5338363647461,111.62183380126952,-16.963654626063615,-1,-14.15901161909774,-18.544481247338815,1101573.5967813118,
2024-03-01,90.97909545898438,112.08499908447266,-15.721196863151135,-1,-14.190940864471209,-18.423094312315897,1099537.784403382,
2024-03-04,90.70171356201172,112.54815673828124,-14.868376892983378,-1,-14.041720982483294,-18.32756055825382,1098056.7053018196,
2024-03-05,90.5167999267578,112.08499908447266,-15.071770386888815,-1,-13.844537917550735,-18.05471262911886,1098613.193338929,
2024-03-06,91.07154846191406,112.54815673828124,-15.387915930459272,-1,-14.047331111142636,-17.702047899323386,1098796.3751016243,
2024-03-07,90.5167999267578,112.08499908447266,-15.071770386888815,-1,-13.985759679238159,-17.813513530724666,1098613.193338929,
2024-03-08,90.97909545898438,111.62183380126952,-16.184362146354275,-1,-13.891133522150692,-17.728529250839625,1100464.1149697884,
2024-03-11,91.3489227294922,112.54815673828124,-15.777567529148811,-1,-14.027000409980083,-17.849786062950763,1099351.1236367805,
2024-03-12,91.4413833618164,112.54815673828124,-15.90745496793518,-1,-13.986903160136793,-17.761337459496854,1099536.044901429,
2024-03-13,92.08858489990234,112.08499908447266,-17.279792540239498,0,-14.008280248880336,-17.803549317086347,1101688.5963418586,Close
2024-03-14,92.27350616455078,113.01132202148438,-16.613244480800546,0,-13.990344951931773,-18.007892558368727,1101688.5963418586,
2024-03-15,91.81121826171876,113.4744873046875,-15.500663439004825,0,-14.057974360325664,-18.031888965027473,1101688.5963418586,
2024-03-18,92.08858489990234,113.9376449584961,-15.42714666621606,0,-14.05640961879878,-17.957693799096294,1101688.5963418586,
2024-03-19,91.07154846191406,113.9376449584961,-13.998427710244414,-1,-13.999560310481801,-17.94543881214421,1101620.3959741218,Short Spread
2024-03-20,91.16400909423828,113.9376449584961,-14.128315149030811,-1,-13.466086811318903,-17.774000150303028,1101805.3172387702,
2024-03-21,91.90367889404295,114.40081024169922,-14.704227940779475,-1,-13.333501643495122,-17.737353944855883,1102358.3262719733,
2024-03-22,92.365966796875,114.8639678955078,-14.89048604556352,-1,-13.464396522674395,-17.552377469936154,1102356.5867700202,
2024-03-25,92.365966796875,115.3271255493164,-14.427328391754912,-1,-13.487434755599823,-17.460403424350773,1101430.271462403,
2024-03-26,92.92071533203124,116.25344848632812,-14.280308652122187,-1,-13.391275257318629,-17.332956306798714,1100687.122658692,
2024-03-27,94.30758666992188,117.64292907714844,-14.83908605474943,-1,-13.239975859550361,-17.415454167582876,1100681.9041528327,
2024-03-28,94.30758666992188,116.25344848632812,-16.228566645569742,0,-13.332361418125158,-17.478603454416223,1103392.4428930671,Close
2024-03-29,94.76988220214844,117.64292907714844,-15.488512531011736,0,-13.458841436119783,-17.649775880205986,1103392.4428930671,
2024-04-01,96.1567611694336,117.17977142333984,-17.899938895937538,1,-13.6245556878467,-17.57533243615152,1103323.9094317635,Long Spread
2024-04-02,96.1567611694336,117.17977142333984,-17.899938895937538,1,-13.605065156125338,-18.090127539138145,1103323.9094317635,
2024-04-03,95.232177734375,115.79029083251952,-17.990577251902934,1,-13.59652790670047,-18.377346290239092,1102394.11512024,
2024-04-08,96.1567611694336,117.17977142333984,-17.899938895937538,1,-13.346619989623093,-18.636737836814543,1103323.9094317635,
2024-04-09,96.1567611694336,116.25344848632812,-18.826261832949257,1,-13.274190384374066,-18.72058018957624,1101471.26355774,
2024-04-10,96.1567611694336,116.71660614013672,-18.363104179140663,1,-13.078220580563872,-19.949893440274337,1102397.5788653572,
2024-04-11,96.1567611694336,117.17977142333984,-17.899938895937538,1,-13.01204947065979,-19.62329946469191,1103323.9094317635,
2024-04-12,96.61905670166016,116.25344848632812,-19.475688309211534,1,-13.033934910584728,-19.534282570046557,1100546.672493287,
2024-04-15,96.1567611694336,116.71660614013672,-18.363104179140663,1,-12.613722507570921,-21.169003837934945,1102397.5788653572,
2024-04-16,94.30758666992188,115.3271255493164,-17.15488958258146,1,-13.078265090453327,-20.600659562789726,1103316.96668274,
2024-04-17,94.30758666992188,114.40081024169922,-18.08120489019865,1,-13.357065610565298,-20.046930782258556,1101464.3360675056,
2024-04-18,95.69446563720705,114.8639678955078,-19.566315947507306,1,-13.452348755425385,-20.48528723838828,1099616.8934405525,
2024-04-19,94.30758666992188,113.9376449584961,-18.544370173401774,1,-13.389390614652847,-21.868600023005463,1100538.0055010994,
2024-04-22,96.61905670166016,116.25344848632812,-19.475688309211534,1,-13.58399361605261,-21.058350872322023,1100546.672493287,
2024-04-23,95.232177734375,115.79029083251952,-17.990577251902934,1,-13.310841547860381,-21.999616755666015,1102394.11512024,
2024-04-24,94.30758666992188,115.3271255493164,-17.15488958258146,1,-13.430372611714944,-21.113425159288298,1103316.96668274,
2024-04-25,94.76988220214844,114.40081024169922,-18.730631366460955,1,-13.35532165456706,-20.887742086380744,1100539.7450030525,
2024-04-26,95.69446563720705,114.40081024169922,-20.029473601315885,1,-13.197914490399127,-21.283410396691174,1098690.5781329353,
2024-04-29,96.1567611694336,115.3271255493164,-19.752584769960976,1,-13.303130239406412,-22.590614815156407,1099618.6176837166,
2024-04-30,96.1567611694336,114.8639678955078,-20.215742423769584,1,-13.845442237295496,-22.635287040510214,1098692.3023760994,
2024-05-02,96.1567611694336,114.8639678955078,-20.215742423769584,1,-14.068152366180177,-23.199205857130266,1098692.3023760994,
2024-05-03,96.61905670166016,114.8639678955078,-20.86516890003186,1,-14.996759145594197,-22.742096917866412,1097767.7113116463,
2024-05-06,97.0813446044922,115.3271255493164,-21.051427004815906,1,-15.308524878713117,-23.134157879557172,1097769.4508135994,
2024-05-07,96.61905670166016,116.25344848632812,-19.475688309211534,1,-15.422882604906466,-23.452213821320324,1100546.672493287,
2024-05-08,97.0813446044922,117.17977142333984,-19.19878113079247,1,-15.35472845797805,-22.397426388855003,1101474.7425616463,
2024-05-09,97.0813446044922,116.71660614013672,-19.661946413995594,1,-15.808335956573021,-21.992013434940024,1100548.41199524,
2024-05-10,97.0813446044922,116.25344848632812,-20.125104067804187,1,-16.269151994011605,-21.739960636339898,1099622.0966876228,
2024-05-13,97.54364013671876,117.17977142333984,-19.848207607054746,1,-16.545212310795186,-21.64416205838976,1100550.1514971931,
2024-05-14,96.61905670166016,116.25344848632812,-19.475688309211534,1,-16.566573003196485,-21.645085468869087,1100546.672493287,
2024-05-15,97.0813446044922,116.25344848632812,-20.125104067804187,1,-17.073162326798357,-21.271741423213452,1099622.0966876228,
2024-05-16,97.54364013671876,116.25344848632812,-20.774530544066465,1,-16.945419906486105,-21.494515473311193,1098697.5056231697,
2024-05-17,98.00592803955078,116.71660614013672,-20.960788648850468,1,-17.019149915685958,-21.720505523864787,1098699.2451251228,
2024-05-20,98.00592803955078,117.17977142333984,-20.497623365647343,1,-17.08264881347759,-21.903284185773103,1099625.575691529,
2024-05-21,97.54364013671876,117.17977142333984,-19.848207607054746,1,-17.21144477903852,-21.86921681702452,1100550.1514971931,
2024-05-22,98.93051147460938,117.64292907714844,-21.33330794669368,1,-17.137878935290768,-21.816560765620128,1098702.724129029,
2024-05-23,98.93051147460938,117.64292907714844,-21.33330794669368,1,-17.231869655796412,-22.195289815742587,1098702.724129029,
2024-05-24,98.46822357177734,117.64292907714844,-20.683892188101055,1,-17.421563307601517,-22.30125351576976,1099627.2999346931,
2024-05-27,97.54364013671876,115.79029083251952,-21.237688197875073,1,-17.27015790620453,-22.26824053905169,1097771.1903155525,
2024-05-28,97.0813446044922,116.71660614013672,-19.661946413995594,1,-17.52201486572367,-22.515517488724562,1100548.41199524,
2024-05-29,95.232177734375,115.79029083251952,-17.990577251902934,0,-17.90745250068948,-22.071446085738877,1102325.6742214973,Close
2024-05-30,96.61905670166016,116.71660614013672,-19.01253065540294,0,-17.598034899699833,-22.104866232290696,1102325.6742214973,
2024-05-31,97.54364013671876,118.56925201416016,-18.458727016234434,0,-17.521898504480266,-22.08891146037052,1102325.6742214973,
2024-06-03,98.46822357177734,117.64292907714844,-20.683892188101055,0,-17.545599090001634,-22.112064287687662,1102325.6742214973,
2024-06-04,98.46822357177734,117.64292907714844,-20.683892188101055,0,-17.625928018835594,-22.240065878621543,1102325.6742214973,
2024-06-05,98.93051147460938,117.64292907714844,-21.33330794669368,0,-17.965563962827737,-22.2139399373657,1102325.6742214973,
2024-06-06,98.46822357177734,118.10609436035156,-20.22072690489793,0,-18.40962061131039,-22.070047746315307,1102325.6742214973,
2024-06-07,98.93051147460938,117.17977142333984,-21.796465600502273,0,-18.397697469323205,-22.00822000282639,1102325.6742214973,
2024-06-11,98.93051147460938,117.17977142333984,-21.796465600502273,0,-18.311337368174527,-22.24592510197993,1102325.6742214973,
2024-06-12,98.00592803955078,117.17977142333984,-20.497623365647343,0,-18.315665580338162,-22.428291132671433,1102325.6742214973,
2024-06-13,98.00592803955078,117.17977142333984,-20.497623365647343,0,-18.287968875051682,-22.3407294111406,1102325.6742214973,
2024-06-14,99.3927993774414,118.56925201416016,-21.056400768274585,0,-18.296705758017378,-22.35147296900227,1102325.6742214973,
2024-06-17,99.3927993774414,118.10609436035156,-21.51955842208318,0,-18.28763598344488,-22.368142260437637,1102325.6742214973,
2024-06-18,99.3927993774414,118.56925201416016,-21.056400768274585,0,-18.268927663703217,-22.439715168508293,1102325.6742214973,
2024-06-19,98.46822357177734,118.10609436035156,-20.22072690489793,0,-18.403032450273535,-22.51327710345489,1102325.6742214973,
2024-06-20,98.46822357177734,117.17977142333984,-21.14704984190965,0,-18.48183792053465,-22.445482917770796,1102325.6742214973,
2024-06-21,98.00592803955078,116.25344848632812,-21.42394630265906,0,-18.533726110094292,-22.52283482263112,1102325.6742214973,
2024-06-24,98.93051147460938,117.17977142333984,-21.796465600502273,0,-18.5341547851902,-22.60568216700091,1102325.6742214973,
2024-06-25,98.46822357177734,116.71660614013672,-21.610215125112774,0,-18.583027642362126,-22.749878547991962,1102325.6742214973,
2024-06-26,98.00592803955078,116.25344848632812,-21.42394630265906,0,-18.698073196667234,-22.792828656561706,1102325.6742214973,
2024-06-27,98.00592803955078,116.71660614013672,-20.960788648850468,0,-18.69478104660843,-22.826249045368822,1102325.6742214973,
2024-06-28,98.93051147460938,116.25344848632812,-22.722788537513992,0,-18.657502456959428,-22.78815432226486,1102325.6742214973,
2024-07-01,100.77967834472656,117.17977142333984,-24.394150070212078,1,-18.575273410576003,-23.129341387441478,1102256.9558435066,Long Spread
2024-07-02,103.09114837646484,116.25344848632812,-28.567594670865617,1,-18.225216302942158,-24.297213478263977,1095781.3699060066,
2024-07-03,104.0157241821289,116.25344848632812,-29.866426188050838,1,-17.47302950443126,-24.858318118759563,1093932.2182946785,
2024-07-04,102.62885284423828,114.09479522705078,-30.076821453880655,1,-16.664682003408153,-26.334546858515743,1092388.654451905,
2024-07-05,107.25177001953124,115.53903198242188,-35.1267958727841,1,-16.031842406538846,-27.55028735586419,1086031.2936120613,
2024-07-08,98.41814422607422,114.57621002197266,-23.680260459532803,1,-14.714610437250006,-29.78708518689238,1101772.901278077,
2024-07-09,96.97787475585938,114.57621002197266,-21.656989496032793,1,-14.41795144184385,-30.877644215828273,1104653.4402185066,
2024-07-10,97.93805694580078,114.09479522705078,-23.487255172511226,1,-14.594021032879644,-30.72040497400417,1101770.24624878,
2024-07-11,96.97787475585938,114.09479522705078,-22.138404290954668,1,-15.426160393252847,-30.85983086701714,1103690.6106286629,
2024-07-12,96.97787475585938,114.09479522705078,-22.138404290954668,1,-15.367275788828536,-30.685821898587214,1103690.6106286629,
2024-07-15,96.97787475585938,115.05762481689452,-21.175574701110932,1,-15.761535168096117,-30.591820212278733,1105616.2698083504,
2024-07-16,96.97787475585938,115.05762481689452,-21.175574701110932,1,-15.373773900570121,-30.508107405596917,1105616.2698083504,
2024-07-17,97.93805694580078,115.05762481689452,-22.52442558266749,1,-15.411621490650708,-30.503512924544097,1103695.9054284676,
2024-07-18,99.85840606689452,116.02044677734376,-24.259283949992025,1,-15.540490682056477,-30.570895609093512,1101780.8511071785,
2024-07-19,99.3783187866211,116.50186157226562,-23.10344907312671,1,-16.010502857475707,-30.82082770919032,1103703.855257569,
2024-07-22,99.3783187866211,116.02044677734376,-23.584863868048572,1,-15.812063588158086,-30.679484893681884,1102741.0256677254,
2024-07-23,101.29867553710938,116.9832763671875,-25.3197253236483,1,-15.929641261397846,-30.759694195149486,1100825.9713464363,
2024-07-26,101.7787628173828,117.94609832763672,-25.031323445142505,1,-16.38629542585104,-31.096845277762448,1101791.4407067879,
2024-07-29,100.33849334716795,116.9832763671875,-23.970874442091713,1,-16.60201949196739,-31.125216933193286,1102746.335726319,
2024-07-30,101.29867553710938,116.50186157226562,-25.801140118570174,1,-16.642115791500352,-31.029236986321273,1099863.1417565926,
2024-07-31,101.29867553710938,116.9832763671875,-25.3197253236483,1,-16.833557285824366,-31.325383065805465,1100825.9713464363,
2024-08-01,101.29867553710938,116.9832763671875,-25.3197253236483,1,-17.08011942137994,-31.346820751145806,1100825.9713464363,
2024-08-02,101.7787628173828,118.4275131225586,-24.54990865022063,1,-17.49389506120023,-31.3523610144462,1102754.2702966316,
2024-08-05,101.7787628173828,116.9832763671875,-25.994145405591723,1,-17.56448884546591,-31.282668966119175,1099865.7967858894,
2024-08-06,106.09955596923828,117.46468353271484,-31.582529695225077,1,-17.817294812455145,-31.470265256265655,1092187.0248132332,
2024-08-07,103.6991195678711,116.9832763671875,-28.691836451035215,1,-17.650765304752007,-33.07441896323488,1096025.0832849129,
2024-08-08,102.73893737792967,116.9832763671875,-27.34298556947863,1,-17.92931466716388,-32.81184423137673,1097945.4476647957,
2024-08-09,103.21902465820312,117.46468353271484,-27.535998485894737,1,-18.217025227987364,-32.74607911297106,1097948.0874353035,
2024-08-12,103.21902465820312,116.9832763671875,-28.01740565142208,1,-18.63943759156099,-32.798943373174865,1096985.2731042488,
2024-08-13,103.21902465820312,117.46468353271484,-27.535998485894737,1,-18.697951209044703,-32.98904965540328,1097948.0874353035,
2024-08-14,104.65929412841795,117.94609832763672,-29.077854654472844,1,-18.6516831871597,-33.03662878138364,1096030.3780847176,
2024-08-15,104.17920684814452,118.4275131225586,-27.922019777607545,1,-18.48400537734946,-32.96309757223053,1097953.3822351082,
2024-08-16,103.21902465820312,119.3903350830078,-25.610346935601783,1,-18.539195882904703,-32.49599893058266,1101799.3905358894,
2024-08-19,105.1393814086914,118.90892791748048,-28.78944514657256,1,-18.55989255246963,-31.95768611757647,1096995.8627038582,
2024-08-20,104.17920684814452,118.90892791748048,-27.440604982685656,1,-19.680309359335265,-30.443777708558745,1098916.211824952,
2024-08-21,105.61946868896484,118.90892791748048,-29.463865228516013,1,-20.047730564322727,-31.63463906705727,1096035.6881433113,
2024-08-22,105.61946868896484,119.3903350830078,-28.982458062988698,1,-20.843586050819514,-32.39949505939064,1096998.502474366,
2024-08-23,107.05973815917967,119.3903350830078,-31.00572902648868,1,-20.627794212706064,-32.5727397772223,1094117.9635339363,
2024-08-26,105.61946868896484,119.3903350830078,-28.982458062988698,1,-21.24395779037081,-33.757594067146485,1096998.502474366,
2024-08-27,107.53982543945312,119.87174987792967,-31.198734313510258,1,-21.508149529227186,-32.80855893519126,1094120.6185632332,
2024-08-28,107.05973815917967,119.3903350830078,-31.00572902648868,1,-22.201084600262135,-33.39860099766952,1094117.9635339363,
2024-08-29,106.57965087890624,118.90892791748048,-30.812716110072543,1,-22.72419808315484,-33.201786724796214,1094115.3237634285,
2024-08-30,107.53982543945312,119.3903350830078,-31.680149108432133,1,-22.877820097665,-33.3183221335712,1093157.7889733894,
2024-09-02,108.5,119.3903350830078,-33.02898927231904,1,-22.78882527751032,-34.04940564247176,1091237.4398522957,
2024-09-03,107.53982543945312,119.3903350830078,-31.680149108432133,1,-23.396426429805437,-34.77124511861247,1093157.7889733894,
2024-09-04,107.53982543945312,117.46468353271484,-33.60580065872509,1,-23.67126248354804,-34.32128286941505,1089306.4858728035,
2024-09-05,108.5,118.4275131225586,-33.99181123276824,1,-23.45420132334186,-35.73794082528975,1089311.7959313972,
2024-09-06,110.42035675048828,119.3903350830078,-35.72668031776247,1,-23.780455811998948,-36.39057839319286,1087396.726351319,
2024-09-09,110.42035675048828,118.90892791748048,-36.20808748328979,1,-24.438513705334145,-37.90210818282412,1086433.9120202644,
2024-09-10,110.42035675048828,119.3903350830078,-35.72668031776247,1,-24.250454967514607,-39.98754463209496,1087396.726351319,
2024-09-11,110.42035675048828,118.90892791748048,-36.20808748328979,1,-24.793124019856272,-39.454152560410456,1086433.9120202644,
2024-09-12,110.42035675048828,119.87174987792967,-35.2452655228406,1,-25.249445614178384,-40.1242085713057,1088359.5559411629,
2024-09-13,110.90044403076172,119.87174987792967,-35.91968560478405,1,-25.924772426670284,-38.89463546592421,1087399.381380616,
2024-09-16,111.38053131103516,120.35316467285156,-36.11269089180561,1,-25.97505635492697,-39.779302257237454,1087402.0364099129,
2024-09-18,111.8606185913086,120.35316467285156,-36.787110973749066,1,-24.526526563181484,-42.336752410358834,1086441.861849366,
2024-09-19,111.38053131103516,120.35316467285156,-36.11269089180561,1,-27.4725122360426,-46.57880568911695,1087402.0364099129,
2024-09-20,111.8606185913086,121.31598663330078,-35.82428901329985,1,-28.042482308868394,-43.13021468729952,1088367.5057702644,
2024-09-23,113.78097534179688,121.79740142822266,-38.04056526382141,1,-28.11128480643241,-42.38832533035858,1085489.6218591316,
2024-09-24,113.78097534179688,121.79740142822266,-38.04056526382141,1,-29.160653090502393,-46.78413422356087,1085489.6218591316,
2024-09-25,111.8606185913086,121.79740142822266,-35.34287421837797,1,-29.562980162025003,-45.32540877203039,1089330.3353601082,
2024-09-26,112.82080078125,122.27881622314452,-36.21031030501267,1,-27.833312738092022,-42.04317307173019,1088372.800570069,
2024-09-27,111.8606185913086,121.79740142822266,-35.34287421837797,1,-28.9685040851216,-42.05151529505486,1089330.3353601082,
2024-09-30,110.42035675048828,120.8345718383789,-34.282443562391364,1,-30.384032046813424,-40.043231164159884,1090285.1998620613,
2024-10-01,110.90044403076172,121.31598663330078,-34.47544884941294,1,-29.7063872923039,-40.33638894815226,1090287.8548913582,
2024-10-04,108.01991271972656,119.87174987792967,-31.87315439545371,0,-30.802279560792933,-39.50369747771315,1093091.3283361823,Close
2024-10-07,108.01991271972656,119.3903350830078,-32.354569190375585,0,-29.632064985279612,-39.458398858990265,1093091.3283361823,
2024-10-08,108.01991271972656,117.94609832763672,-33.798805945746665,0,-30.297969595739026,-39.122314009876895,1093091.3283361823,
2024-10-09,108.5,117.94609832763672,-34.47322602769012,0,-30.164099083571674,-39.38308248905643,1093091.3283361823,
2024-10-11,107.53982543945312,117.94609832763672,-33.12438586380321,0,-31.476363772345092,-38.7626616108075,1093091.3283361823,
2024-10-14,108.01991271972656,117.94609832763672,-33.798805945746665,0,-30.865480526836162,-38.8219960371137,1093091.3283361823,
2024-10-15,108.01991271972656,118.90892791748048,-32.8359763559029,0,-31.313322676375414,-38.66891125265072,1093091.3283361823,
2024-10-16,108.01991271972656,117.94609832763672,-33.798805945746665,0,-31.445527682816145,-38.439011461199485,1093091.3283361823,
2024-10-17,109.4601821899414,117.94609832763672,-35.822076909246675,0,-31.60875736571014,-38.40273294309505,1093091.3283361823,
2024-10-18,109.94026947021484,119.3903350830078,-35.05226023581905,0,-31.66201056563596,-38.64172008710518,1093091.3283361823,
2024-10-21,108.98008728027344,117.94609832763672,-35.14764610963354,0,-32.17313006236736,-38.3334848551324,1093091.3283361823,
2024-10-22,109.4601821899414,118.4275131225586,-35.3406621143248,0,-32.02340043616483,-38.38976085536509,1093091.3283361823,
2024-10-23,109.4601821899414,117.46468353271484,-36.30349170416855,0,-32.06478511550366,-38.41031089240604,1093091.3283361823,
2024-10-24,109.4601821899414,117.46468353271484,-36.30349170416855,0,-31.95596766097877,-38.4577927944523,1093091.3283361823,
2024-10-25,109.4601821899414,117.46468353271484,-36.30349170416855,0,-31.933927687627378,-38.406069980593706,1093091.3283361823,
2024-10-28,108.5,117.94609832763672,-34.47322602769012,0,-31.95084571082017,-38.51361396678255,1093091.3283361823,
2024-10-29,110.90044403076172,117.94609832763672,-37.845337155077004,0,-31.768093088293213,-38.216255234735385,1093091.3283361823,
2024-10-30,108.98008728027344,117.46468353271484,-35.629060904555416,0,-31.83835935147648,-38.93616625238926,1093091.3283361823,
2024-11-01,108.98008728027344,117.46468353271484,-35.629060904555416,0,-31.782240100668435,-38.589879869076334,1093091.3283361823,
2024-11-04,109.94026947021484,117.94609832763672,-36.49649699119013,0,-31.776000395067474,-38.54277822016246,1093091.3283361823,
2024-11-05,110.90044403076172,118.4275131225586,-37.36392236015513,0,-31.799785555100925,-38.52036157519656,1093091.3283361823,
2024-11-06,109.4601821899414,117.94609832763672,-35.822076909246675,0,-31.766665459264683,-38.81434796576596,1093091.3283361823,
2024-11-07,108.98008728027344,118.4275131225586,-34.666231314711666,0,-31.75304978522191,-38.682932714089,1093091.3283361823,
2024-11-08,108.5,118.4275131225586,-33.99181123276824,0,-31.77873181092314,-38.10938268709186,1093091.3283361823,
2024-11-11,109.94026947021484,118.4275131225586,-36.01508219626825,0,-31.831659113319734,-37.78885625493323,1093091.3283361823,
2024-11-12,108.98008728027344,117.94609832763672,-35.14764610963354,0,-31.917781330094186,-38.11080754027145,1093091.3283361823,
2024-11-13,109.94026947021484,118.90892791748048,-35.533667401346364,0,-31.87795391446146,-37.93275691394676,1093091.3283361823,
2024-11-14,109.4601821899414,117.94609832763672,-35.822076909246675,0,-31.91160217789075,-38.01495882116736,1093091.3283361823,
2024-11-15,106.57965087890624,117.94609832763672,-31.775545699916307,-1,-32.0181995090297,-38.13432765626817,1093022.347306214,Short Spread
2024-11-18,106.57965087890624,117.94609832763672,-31.775545699916307,-1,-31.423826900935264,-38.21610417089556,1093022.347306214,
2024-11-19,108.01991271972656,118.90892791748048,-32.8359763559029,-1,-31.573560015396346,-38.24168227882277,1093977.2118081672,
2024-11-20,107.53982543945312,117.94609832763672,-33.12438586380321,-1,-31.698915382283264,-38.196193064269565,1094942.6964273078,
2024-11-21,108.01991271972656,118.4275131225586,-33.31739115082479,-1,-31.53140941189729,-38.218251437267526,1094940.041398011,
2024-11-22,108.5,118.4275131225586,-33.99181123276824,-1,-31.403372750115654,-38.21497746245797,1095900.2159585578,
2024-11-25,110.42035675048828,118.90892791748048,-36.20808748328979,0,-31.643810135659187,-38.22779868979202,1098708.9266983038,Close
2024-11-26,108.98008728027344,119.3903350830078,-33.70340935426246,0,-31.747494331980967,-38.41090399114706,1098708.9266983038,
2024-11-27,110.42035675048828,118.90892791748048,-36.20808748328979,0,-31.806445187100913,-38.266356414296546,1098708.9266983038,
2024-11-28,108.5,118.90892791748048,-33.51039643784635,0,-31.910855281720558,-38.40340416539449,1098708.9266983038,
2024-11-29,108.5,118.4275131225586,-33.99181123276824,0,-31.648619523843934,-38.2540806318093,1098708.9266983038,
2024-12-02,109.4601821899414,118.4275131225586,-35.3406621143248,0,-31.622572384104828,-38.269692143669175,1098708.9266983038,
2024-12-03,108.01991271972656,118.90892791748048,-32.8359763559029,0,-31.666067649554172,-38.30739929800871,1098708.9266983038,
2024-12-04,108.5,119.87174987792967,-32.54757447739716,0,-31.387970932480684,-38.27946501083322,1098708.9266983038,
2024-12-05,107.53982543945312,119.3903350830078,-31.680149108432133,0,-31.144497738257684,-38.17464886534904,1098708.9266983038,
2024-12-06,108.98008728027344,119.87174987792967,-33.22199455934059,0,-30.760187821002077,-38.14302338907089,1098708.9266983038,
2024-12-09,109.94026947021484,119.87174987792967,-34.57084544089717,0,-30.799166694360412,-38.01425309461698,1098708.9266983038,
2024-12-10,109.4601821899414,119.87174987792967,-33.89642535895372,0,-30.89064184800593,-38.1224925048417,1098708.9266983038,
2024-12-11,109.4601821899414,118.90892791748048,-34.85924731940291,0,-30.97928572244421,-37.508271206997044,1098708.9266983038,
2024-12-12,109.4601821899414,118.90892791748048,-34.85924731940291,0,-31.0129114508027,-37.61827242865619,1098708.9266983038,
2024-12-13,109.94026947021484,118.90892791748048,-35.533667401346364,0,-31.02257113624519,-37.557670766936084,1098708.9266983038,
2024-12-16,112.34070587158205,118.4275131225586,-39.38718260598549,1,-31.08202667942259,-37.42515962633464,1098639.6959695441,Long Spread
2024-12-17,111.38053131103516,118.90892791748048,-37.55692764717669,1,-30.714268972855432,-38.11109962745126,1101522.8746804816,
2024-12-18,111.38053131103516,119.3903350830078,-37.07552048164938,1,-30.63850725548831,-38.312926292194916,1102485.6890115363,
2024-12-19,111.38053131103516,118.90892791748048,-37.55692764717669,1,-30.615647624666153,-38.58818073313614,1101522.8746804816,
2024-12-20,108.5,118.4275131225586,-33.99181123276824,1,-30.608466169733656,-39.00939691683227,1106321.1077127082,
2024-12-23,110.90044403076172,119.87174987792967,-35.91968560478405,1,-30.413541740611564,-38.51079337070324,1104408.693161927,
2024-12-24,109.94026947021484,118.90892791748048,-35.533667401346364,1,-30.49844716116874,-38.711432249651054,1104403.3983621222,
2024-12-25,110.90044403076172,119.3903350830078,-36.401100399705925,1,-30.47956260847916,-38.66747442463257,1103445.8635720832,
2024-12-26,109.94026947021484,119.3903350830078,-35.05226023581905,1,-30.47304869885491,-38.76196533049301,1105366.212693177,
2024-12-27,109.94026947021484,119.87174987792967,-34.57084544089717,1,-30.982698989253233,-38.7401165355731,1106329.0422830207,
2024-12-30,108.98008728027344,119.3903350830078,-33.70340935426246,1,-31.21771718904606,-38.61139853790396,1107286.5770730597,
2024-12-31,108.98008728027344,118.90892791748048,-34.18481651978978,1,-31.17206809961865,-38.55980026597047,1106323.762742005,
2025-01-02,108.01991271972656,118.4275131225586,-33.31739115082479,0,-31.267769785040436,-38.5472163315528,1107212.2243762214,Close
2025-01-03,107.53982543945312,117.94609832763672,-33.12438586380321,0,-31.20939251722116,-38.52929288980019,1107212.2243762214,
2025-01-06,108.5,118.90892791748048,-33.51039643784635,0,-31.077590567607967,-38.535715510806014,1107212.2243762214,
2025-01-07,107.05973815917967,118.4275131225586,-31.968550986937885,0,-30.933841410840643,-38.33158319408405,1107212.2243762214,
2025-01-08,106.57965087890624,118.90892791748048,-30.812716110072543,0,-30.664267544815285,-38.520144553602066,1107212.2243762214,
2025-01-09,107.53982543945312,118.4275131225586,-32.64297106888134,0,-29.752134486209286,-38.3737023069483,1107212.2243762214,
2025-01-10,106.57965087890624,118.4275131225586,-31.294130904994432,0,-30.21412535472259,-38.58413342478425,1107212.2243762214,
2025-01-13,107.05973815917967,118.4275131225586,-31.968550986937885,0,-29.571956940149974,-38.65383262221819,1107212.2243762214,
2025-01-14,108.01991271972656,118.90892791748048,-32.8359763559029,0,-29.406452501670376,-38.43302028683701,1107212.2243762214,
2025-01-15,106.57965087890624,118.90892791748048,-30.812716110072543,0,-29.85211705701733,-38.67052952386087,1107212.2243762214,
2025-01-16,106.57965087890624,119.3903350830078,-30.331308944545228,0,-29.17737046912092,-38.80284276284749,1107212.2243762214,
2025-01-17,107.53982543945312,119.3903350830078,-31.680149108432133,0,-28.999157794687445,-38.94879314615457,1107212.2243762214,
2025-01-20,106.09955596923828,118.90892791748048,-30.138285310459437,0,-28.925241580500764,-38.85799751797266,1107212.2243762214,
2025-01-21,106.57965087890624,118.90892791748048,-30.812716110072543,0,-27.5365700894819,-38.75618878676369,1107212.2243762214,
2025-01-22,105.61946868896484,119.87174987792967,-28.501043268066823,0,-27.74194989718448,-38.85071257805628,1107212.2243762214,
2025-02-03,107.05973815917967,120.8345718383789,-29.561492271117572,0,-25.02825397461722,-38.787227509760854,1107212.2243762214,
2025-02-04,108.01991271972656,120.35316467285156,-31.39173960053182,0,-25.87189746081338,-38.63975990681222,1107212.2243762214,
2025-02-05,107.53982543945312,121.31598663330078,-29.75449755813915,0,-26.815239956133766,-38.370986894808595,1107212.2243762214,
2025-02-06,108.01991271972656,121.31598663330078,-30.428917640082602,0,-27.05629513492077,-36.2006800359089,1107212.2243762214,
2025-02-07,107.53982543945312,121.31598663330078,-29.75449755813915,0,-27.075602842627163,-36.32227347263828,1107212.2243762214,
2025-02-10,107.05973815917967,120.8345718383789,-29.561492271117572,0,-26.89074323598076,-36.03285701147503,1107212.2243762214,
2025-02-11,106.57965087890624,120.8345718383789,-28.88707218917412,0,-27.23030244209024,-35.415886682681155,1107212.2243762214,
2025-02-12,108.01991271972656,121.31598663330078,-30.428917640082602,0,-25.789682655721755,-35.92831227290825,1107212.2243762214,
2025-02-13,107.53982543945312,120.8345718383789,-30.235912353061025,0,-27.06746771317887,-35.03231150364495,1107212.2243762214,
2025-02-14,108.01991271972656,120.8345718383789,-30.910332435004477,0,-27.12917830225499,-34.79693252133428,1107212.2243762214,
2025-02-17,107.53982543945312,121.31598663330078,-29.75449755813915,0,-27.788713005000528,-34.16410502470249,1107212.2243762214,
2025-02-18,108.01991271972656,121.79740142822266,-29.947502845160727,0,-27.580155988235415,-34.056664652282976,1107212.2243762214,
2025-02-19,107.53982543945312,121.79740142822266,-29.273082763217275,0,-27.718672736203033,-33.83462313141964,1107212.2243762214,
2025-02-20,107.53982543945312,121.79740142822266,-29.273082763217275,0,-27.55560839136139,-33.72598511769773,1107212.2243762214,
2025-02-21,108.98008728027344,122.27881622314452,-30.814928214125743,0,-27.7155765995408,-33.30732206345561,1107212.2243762214,
2025-02-24,108.98008728027344,122.27881622314452,-30.814928214125743,0,-27.9287096542429,-33.26158003212033,1107212.2243762214,
2025-02-25,108.98008728027344,121.79740142822266,-31.296343009047604,0,-28.039717809865287,-33.049240224606564,1107212.2243762214,
2025-02-26,108.98008728027344,122.76022338867188,-30.333521048598385,0,-28.25507360686341,-32.73944469912344,1107212.2243762214,
2025-02-27,109.94026947021484,123.24163818359376,-31.200957135233082,0,-28.24898610603969,-32.66991896023713,1107212.2243762214,
2025-03-03,111.8606185913086,123.72305297851562,-33.417222668085,1,-28.273692924512677,-32.75164526290166,1107142.8010293585,Long Spread
2025-03-04,110.42035675048828,122.27881622314452,-32.838199177625754,1,-28.14731013584796,-32.95266986770645,1107134.851200257,
2025-03-05,110.42035675048828,122.76022338867188,-32.356792012098396,1,-28.055119547290552,-33.225019753972894,1108097.6655313116,
2025-03-06,111.8606185913086,123.24163818359376,-33.898637463006864,1,-28.026327447601798,-33.199771318481005,1106179.9714395148,
2025-03-07,112.34070587158205,123.24163818359376,-34.573057544950316,1,-27.845535520886507,-33.52454780524356,1105219.796878968,
2025-03-10,111.8606185913086,123.24163818359376,-33.898637463006864,1,-27.499600778486705,-34.9264497756482,1106179.9714395148,
2025-03-11,111.8606185913086,122.76022338867188,-34.38005225792875,1,-27.59231385855761,-35.060777260756176,1105217.141849671,
2025-03-12,112.34070587158205,123.24163818359376,-34.573057544950316,1,-27.240228576602885,-35.662965414823105,1105219.796878968,
2025-03-13,112.34070587158205,123.72305297851562,-34.091642750028456,1,-27.56593950381834,-36.86382675149556,1106182.6264688116,
2025-03-14,112.34070587158205,123.72305297851562,-34.091642750028456,1,-27.434086354015115,-36.621550259151185,1106182.6264688116,
2025-03-17,111.38053131103516,123.24163818359376,-33.22421738106341,1,-28.690052129503687,-36.776600899127885,1107140.1460000616,
2025-03-18,112.34070587158205,124.20446014404295,-33.610235584501126,1,-28.379078238501975,-36.399755135495695,1107145.4407998663,
2025-03-19,111.8606185913086,123.72305297851562,-33.417222668085,1,-27.88389880234773,-36.84923755755676,1107142.8010293585,
2025-03-20,112.82080078125,124.20446014404295,-34.28466638411423,1,-28.84317317301355,-36.9397851336378,1106185.2509805304,
2025-03-21,113.78097534179688,125.16728973388672,-34.670676958157344,1,-28.822673798753712,-38.064227562339966,1106190.5610391241,
2025-03-24,113.78097534179688,124.20446014404295,-35.63350654800111,1,-29.50009214726048,-38.444181809199755,1104264.9018594366,
2025-03-25,112.34070587158205,124.20446014404295,-33.610235584501126,1,-30.168313061818694,-40.04161673915816,1107145.4407998663,
2025-03-26,113.30088806152344,124.20446014404295,-34.959086466057656,1,-29.78400886850284,-36.91439282937324,1105225.0764199835,
2025-03-27,113.30088806152344,125.16728973388672,-33.99625687621389,1,-29.608899978691962,-38.19015204896959,1107150.735599671,
2025-03-28,112.82080078125,125.16728973388672,-33.32183679427047,1,-29.69945753333806,-37.37989493613122,1108110.910160218,
2025-03-31,111.8606185913086,123.72305297851562,-33.417222668085,1,-29.485969069015162,-37.158721402253356,1107142.8010293585,
2025-04-01,111.38053131103516,125.16728973388672,-31.298565830770457,0,-30.22242524489262,-36.900104863049535,1110921.9871878058,Close
2025-04-02,111.38053131103516,125.16728973388672,-31.298565830770457,0,-29.756634799172332,-36.59515740580122,1110921.9871878058,
2025-04-07,108.5,119.3903350830078,-33.02898927231904,0,-30.24349835901222,-36.31623669416756,1110921.9871878058,
2025-04-08,108.5,122.27881622314452,-30.14050813218232,-1,-30.77683139910648,-36.14667752118686,1110852.7560351568,Short Spread
2025-04-09,110.42035675048828,121.31598663330078,-33.80102876746949,-1,-29.86298377060125,-36.348738538631956,1116619.1287158208,
2025-04-10,114.26106262207033,122.27881622314452,-38.23357055084303,0,-30.439564837372096,-36.32881922408854,1122305.4196841437,Close
2025-04-11,112.34070587158205,123.72305297851562,-34.091642750028456,0,-30.11285306697009,-37.48331788994855,1122305.4196841437,
2025-04-14,110.42035675048828,122.76022338867188,-32.356792012098396,0,-30.497558482249588,-36.909185180119806,1122305.4196841437,
2025-04-15,109.94026947021484,124.20446014404295,-30.238135174783892,-1,-30.566575541234343,-36.809130046145214,1122236.0538949592,Short Spread
2025-04-16,113.30088806152344,123.72305297851562,-35.440493631584985,0,-30.044452506178988,-36.95963333467504,1129850.6244509893,Close
2025-04-17,109.94026947021484,123.24163818359376,-31.200957135233082,0,-30.190505846512867,-37.163494003650484,1129850.6244509893,
2025-04-18,108.98008728027344,123.24163818359376,-29.852106253676496,-1,-30.022040924754315,-37.19242497519431,1129781.3355819706,Short Spread
2025-04-21,108.98008728027344,122.27881622314452,-30.814928214125743,-1,-29.528899877385378,-37.328636484779715,1131706.979502869,
2025-04-22,108.5,123.24163818359376,-29.17768617173307,-1,-29.280452865151553,-37.29246099141556,1128821.1610214238,
2025-04-23,109.94026947021484,122.76022338867188,-31.68237193015497,-1,-28.70221019998536,-37.44998452817022,1132664.5295516972,
2025-04-24,109.4601821899414,122.27881622314452,-31.489359013738877,-1,-28.700759431629514,-37.36096611617652,1132667.169322205,
2025-04-25,108.5,121.79740142822266,-30.62192292710418,-1,-28.587218643559762,-37.24485722777105,1131709.634532166,
2025-04-28,108.01991271972656,123.24163818359376,-28.50326608978962,-1,-28.366544735722684,-37.199860800931276,1127860.986460877,
2025-04-29,108.5,124.20446014404295,-28.21486421128388,-1,-27.733977948258598,-37.28365753507579,1126895.5171005253,
2025-04-30,108.98008728027344,124.68587493896484,-28.407869498305416,-1,-27.163728423429824,-37.43758936863275,1126892.8620712284,
2025-05-02,108.98008728027344,123.72305297851562,-29.370691458754635,-1,-26.71020143823815,-37.43701190815474,1128818.505992127,
2025-05-05,109.94026947021484,124.68587493896484,-29.756720379862003,-1,-26.56606982297349,-37.39403189274246,1128813.2264511113,
2025-05-06,110.42035675048828,125.16728973388672,-29.949725666883552,-1,-26.424339651958853,-37.17501281109554,1128810.5714218144,
2025-05-07,110.90044403076172,126.13011169433594,-29.661323788377786,-1,-26.34815044137322,-36.92507323206968,1127845.1020614628,
2025-05-08,108.98008728027344,124.68587493896484,-28.407869498305416,-1,-26.327130594314255,-36.47222043992561,1126892.8620712284,
2025-05-09,108.98008728027344,126.13011169433594,-26.963632742934323,-1,-25.940862234366055,-36.51110663662559,1124004.3885604863,
2025-05-12,109.94026947021484,126.13011169433594,-28.31248362449091,-1,-25.403448773101577,-36.171645468850286,1125924.752940369,
2025-05-13,108.98008728027344,125.16728973388672,-27.92645470338354,-1,-25.405025975651554,-36.04125373481088,1125930.0324813847,
2025-05-14,108.5,124.68587493896484,-27.733449416361992,-1,-25.143598707842184,-35.93689044125729,1125932.6875106816,
2025-05-15,109.94026947021484,126.13011169433594,-28.31248362449091,-1,-24.916342159139695,-35.73500303403848,1125924.752940369,
2025-05-16,109.4601821899414,126.13011169433594,-27.638063542547457,-1,-24.839948255362746,-35.85548600990812,1124964.5783798222,
2025-05-19,109.4601821899414,126.13011169433594,-27.638063542547457,-1,-24.523317641004855,-35.81371211996712,1124964.5783798222,
2025-05-20,110.42035675048828,126.6115264892578,-28.505488911512472,-1,-24.310424902220632,-35.43596327783097,1125922.0979110722,
2025-05-21,110.90044403076172,127.57434844970705,-28.217087033006678,-1,-24.395179606130363,-35.67648855612097,1124956.6285507206,
2025-05-22,111.8606185913086,128.05577087402344,-29.08450477257719,-1,-24.24640130154488,-34.87158134023842,1125914.1328231816,
2025-05-23,112.34070587158205,128.05577087402344,-29.758924854520643,-1,-25.642163862827015,-32.88333207056875,1126874.3073837284,
2025-05-26,112.34070587158205,128.05577087402344,-29.758924854520643,-1,-25.67511808599996,-32.94684395823184,1126874.3073837284,
2025-05-27,111.38053131103516,126.6115264892578,-29.854329075399377,-1,-25.731921208767325,-32.873154261750656,1127842.447032166,
2025-05-28,111.38053131103516,127.09294128417967,-29.372914280477502,-1,-25.744892861248278,-32.99897790831548,1126879.6174423222,
2025-05-29,109.4601821899414,124.68587493896484,-29.08230029791855,-1,-26.74946037251856,-31.20721938997163,1127853.0518905644,
2025-06-02,108.98008728027344,126.6115264892578,-26.48221794801246,-1,-26.57743946539247,-31.386500818737513,1123041.5589706425,
2025-06-03,108.01991271972656,125.16728973388672,-26.577614539496665,-1,-25.940608908501275,-31.588023534290933,1124009.683360291,
2025-06-04,108.01991271972656,124.68587493896484,-27.05902933441854,-1,-25.75403200882351,-31.332907796418116,1124972.5129501347,
2025-06-05,109.4601821899414,125.16728973388672,-28.600885502996675,-1,-25.66379313112509,-31.502936677638097,1126890.2223007206,
2025-06-06,109.94026947021484,125.16728973388672,-29.275305584940128,0,-26.1242606428429,-30.796203204533555,1127780.9925588993,Close
2025-06-09,109.94026947021484,127.57434844970705,-26.8682468691198,0,-26.33423760080391,-30.624284183720953,1127780.9925588993,
2025-06-10,110.90044403076172,128.05577087402344,-27.735664608690286,0,-26.10962153009238,-30.539402666424966,1127780.9925588993,
2025-06-11,111.38053131103516,128.05577087402344,-28.410084690633738,0,-26.133066829779832,-30.660358044555966,1127780.9925588993,
2025-06-12,110.90044403076172,129.01858520507812,-26.772850277635598,0,-26.195139679593712,-30.699603656556828,1127780.9925588993,
2025-06-13,111.38053131103516,129.98141479492188,-26.4844407697353,0,-25.916074887619494,-30.70203898195254,1127780.9925588993,
2025-06-16,112.34070587158205,130.94424438476562,-26.870451343778456,0,-25.650287833749154,-30.603472774594145,1127780.9925588993,
2025-06-17,111.8606185913086,131.4256591796875,-25.714616466913128,0,-25.630762972680902,-30.44130572390873,1127780.9925588993,
2025-06-18,113.78097534179688,131.9070587158203,-27.93090797622375,0,-25.26051217307377,-30.34224880022891,1127780.9925588993,
2025-06-19,112.82080078125,131.4256591796875,-27.063467348469686,0,-25.54789313503571,-30.286406457313003,1127780.9925588993,
2025-06-20,112.82080078125,131.4256591796875,-27.063467348469686,0,-25.45150231756201,-30.309295956394074,1127780.9925588993,
2025-06-23,111.8606185913086,131.4256591796875,-25.714616466913128,0,-25.526417505056838,-30.351234414076092,1127780.9925588993,
2025-06-24,108.01991271972656,130.46282958984375,-21.282074683539633,-1,-25.047078962222617,-30.35524250666003,1127711.453249207,Short Spread
2025-06-25,111.38053131103516,131.9070587158203,-24.558796848836863,-1,-19.236968409014978,-32.07029212827866,1131544.232179871,
2025-06-26,109.4601821899414,131.9070587158203,-21.86111652106308,-1,-23.257039921572577,-31.29910342325305,1127703.5339376836,
2025-06-27,111.38053131103516,131.4256591796875,-25.040196384969676,-1,-21.147578256653535,-31.738299383841674,1132507.0312521367,
2025-06-30,110.42035675048828,129.98141479492188,-25.135600605848396,-1,-22.374723069411644,-31.609562836775744,1133475.1709005742,
2025-07-01,109.94026947021484,129.98141479492188,-24.46118052390497,-1,-22.2315111764205,-31.580031442412153,1132514.9963400273,
2025-07-02,109.94026947021484,129.5,-24.942595318826847,-1,-21.848599919948857,-31.38890399705414,1133477.825929871,
2025-07-03,111.38053131103516,131.0,-25.465855564657176,-1,-21.8070860830654,-31.33881808129415,1133358.3496115117,
2025-07-04,111.8606185913086,130.5,-26.640275646600628,-1,-21.8339240482672,-31.044599072301104,1135318.5241720586,
2025-07-07,108.5,130.0,-22.419324355326836,-1,-22.056179568776244,-30.762291493474386,1129597.2869894414,
2025-07-08,108.5,129.0,-23.419324355326836,-1,-21.25202241540976,-30.602277147812988,1131597.2869894414,
2025-07-09,106.5,128.0,-21.609751556150286,-1,-21.344603646439914,-30.270569736959153,1129597.2869894414,
2025-07-10,107.0,130.0,-20.312144755944416,-1,-20.66289259181379,-30.174942986393095,1126597.2869894414,
2025-07-11,107.0,130.5,-19.812144755944416,-1,-19.66948401249412,-30.142671291525414,1125597.2869894414,
2025-07-14,108.0,130.5,-21.216931155532706,-1,-18.31654254464648,-30.670870584395317,1127597.2869894414,
2025-07-15,107.0,129.5,-20.812144755944416,-1,-18.557398554026015,-30.517263128268404,1127597.2869894414,
2025-07-16,106.5,130.5,-19.109751556150286,-1,-17.95353989772133,-30.3345453567221,1124597.2869894414,
2025-07-17,106.5,130.5,-19.109751556150286,-1,-16.61358506559956,-29.753961592569738,1124597.2869894414,
2025-07-18,106.0,129.0,-19.907358356356156,-1,-16.527093313272484,-29.148592230312747,1126597.2869894414,
2025-07-21,106.5,129.0,-20.609751556150286,-1,-16.267269292519046,-29.50502636871854,1127597.2869894414,
2025-07-22,106.0,130.5,-18.407358356356156,-1,-16.583559260133143,-28.95410285904275,1123597.2869894414,
2025-07-23,107.0,130.0,-20.312144755944416,-1,-15.507716345235648,-28.374218415847054,1126597.2869894414,
2025-07-24,107.0,129.5,-20.812144755944416,-1,-16.11659726066246,-28.57979334321449,1127597.2869894414,
2025-07-25,105.5,129.0,-19.204965156562025,-1,-16.218422106500554,-28.38933514857152,1125597.2869894414,
2025-07-28,106.0,129.5,-19.407358356356156,-1,-15.65584997686549,-27.928062465456982,1125597.2869894414,
2025-07-29,106.0,129.0,-19.907358356356156,-1,-15.489402208279774,-27.93788433560061,1126597.2869894414,
2025-07-30,107.5,129.5,-21.514537955738547,-1,-16.024887101013746,-26.84327111053932,1128597.2869894414,
2025-07-31,105.5,129.0,-19.204965156562025,-1,-16.44663204461424,-26.734943855464827,1125597.2869894414,
2025-08-01,105.5,129.0,-19.204965156562025,-1,-16.24923643892034,-26.198773214696196,1125597.2869894414,
2025-08-04,107.0,131.0,-19.312144755944416,-1,-16.17370300730981,-26.050513470501635,1124597.2869894414,
2025-08-05,106.5,132.0,-17.609751556150286,-1,-16.03260879903312,-26.554632315475402,1121597.2869894414,
2025-08-06,107.0,132.5,-17.812144755944416,-1,-15.011873685202012,-25.681295320504226,1121597.2869894414,
2025-08-07,106.5,132.5,-17.109751556150286,-1,-14.627767327926415,-26.184210458424936,1120597.2869894414,
2025-08-08,107.5,134.0,-17.014537955738547,-1,-14.041234019146598,-24.687055237971002,1119597.2869894414,
2025-08-11,106.5,134.5,-15.109751556150286,-1,-14.121026517694833,-24.27103376392594,1116597.2869894414,
2025-08-12,107.0,135.0,-15.312144755944416,-1,-12.098438484145099,-24.08232741981027,1116597.2869894414,
2025-08-13,106.5,134.5,-15.109751556150286,-1,-12.687600794797948,-23.531856158778393,1116597.2869894414,
2025-08-14,106.0,134.5,-14.407358356356156,-1,-13.057102874279934,-22.87711740233309,1115597.2869894414,
2025-08-15,107.0,135.0,-15.312144755944416,-1,-13.722449881683726,-21.8816590032903,1116597.2869894414,
2025-08-18,108.5,137.0,-15.419324355326836,-1,-12.295552691644145,-22.217361772439737,1115597.2869894414,
2025-08-19,108.0,138.0,-13.716931155532706,-1,-13.030872110901601,-21.472123325826768,1112597.2869894414,
2025-08-20,108.0,136.5,-15.216931155532706,-1,-9.777438604825857,-21.4580768985799,1115597.2869894414,
2025-08-21,108.5,137.5,-14.919324355326836,-1,-11.572440232493971,-22.09858593274954,1114597.2869894414,
2025-08-22,108.0,136.0,-15.716931155532706,-1,-11.038867675738608,-22.098210885294556,1116597.2869894414,
2025-08-25,107.0,135.5,-14.812144755944416,-1,-11.941738617646731,-21.309124431608712,1115597.2869894414,
2025-08-26,106.5,133.5,-16.109751556150286,-1,-11.29916504242981,-21.105794079431934,1118597.2869894414,
2025-08-27,106.0,134.0,-14.907358356356156,-1,-11.838581511342786,-21.727693890904185,1116597.2869894414,
2025-08-28,106.0,133.0,-15.907358356356156,-1,-11.03669115990879,-21.48563476457108,1118597.2869894414,
2025-08-29,106.5,132.5,-17.109751556150286,-1,-11.689422200242761,-21.1005824467319,1120597.2869894414,
2025-09-01,106.5,134.0,-15.609751556150286,-1,-12.259614718020213,-20.803789312662435,1117597.2869894414,
2025-09-02,107.0,135.0,-15.312144755944416,-1,-11.641709915792063,-21.147845597818232,1116597.2869894414,
2025-09-03,106.5,134.0,-15.609751556150286,-1,-11.730732206037821,-20.052543896721176,1117597.2869894414,
2025-09-04,106.5,135.0,-14.609751556150286,-1,-12.190960083878622,-19.582901169307746,1115597.2869894414,
2025-09-05,106.0,134.5,-14.407358356356156,-1,-11.543499563518083,-19.717891915813233,1115597.2869894414,
2025-09-08,107.0,134.5,-15.812144755944416,-1,-11.555944843181685,-19.375545593380966,1117597.2869894414,
2025-09-09,107.5,135.5,-15.514537955738547,-1,-12.273309994706604,-19.113281748676098,1116597.2869894414,
2025-09-10,107.0,135.5,-14.812144755944416,-1,-13.064158646836026,-18.03725068457762,1115597.2869894414,
2025-09-11,106.5,134.5,-15.109751556150286,-1,-12.824893808257032,-18.083513291269625,1116597.2869894414,
2025-09-12,107.5,135.5,-15.514537955738547,-1,-13.121818753579024,-17.749298420247964,1116597.2869894414,
2025-09-15,107.0,135.0,-15.312144755944416,-1,-13.513848788142424,-17.32349438043899,1116597.2869894414,
2025-09-16,106.5,134.0,-15.609751556150286,-1,-13.54130163238337,-17.261516572513276,1117597.2869894414,
2025-09-17,106.0,134.5,-14.407358356356156,-1,-13.739444652979365,-16.974646124962938,1115597.2869894414,
2025-09-18,106.5,134.0,-15.609751556150286,-1,-13.747084909031003,-16.814789313778114,1117597.2869894414,
2025-09-19,105.5,134.0,-14.204965156562025,-1,-13.90116415100445,-16.722327627619684,1115597.2869894414,
2025-09-22,106.0,133.5,-15.407358356356156,-1,-13.905661629215182,-16.530525296130516,1117597.2869894414,
2025-09-23,106.0,133.5,-15.407358356356156,-1,-13.914471940877677,-16.54155543781508,1117597.2869894414,
2025-09-24,106.5,134.5,-15.109751556150286,-1,-13.916345110145377,-16.54602984190816,1116597.2869894414,
2025-09-25,106.0,133.5,-15.407358356356156,-1,-13.916345110145377,-16.54602984190816,1117597.2869894414,
2025-09-26,107.0,134.5,-15.812144755944416,0,-13.985896323819672,-16.543145294900537,1117527.6269894415,Close
2025-09-30,109.0,133.5,-19.621717555120966,1,-13.987053507468877,-16.57532144458466,1117457.9269894415,Long Spread
2025-10-01,108.5,134.5,-17.919324355326836,1,-13.377782265556785,-17.65694133011084,1120457.9269894415,
2025-10-02,108.5,133.0,-19.419324355326836,1,-13.265092282823367,-18.016749555839056,1117457.9269894415,
2025-10-03,109.0,133.0,-20.121717555120966,1,-12.964338053176576,-18.98901868390741,1116457.9269894415,
2025-10-07,110.0,133.0,-21.526503954709227,1,-12.473388805065053,-20.37975876848787,1114457.9269894415,
2025-10-08,110.5,133.5,-21.728897154503358,1,-12.309502789674525,-25.48556138065156,1114457.9269894415,
2025-10-09,110.5,133.0,-22.228897154503358,1,-12.027150611042924,-29.87550760612577,1113457.9269894415,
2025-10-13,110.5,132.5,-22.728897154503358,0,-16.962961367363476,-41.98528951381278,1112388.2069894415,Close
2025-10-14,110.5,132.5,-22.728897154503358,1,-11.60372198151884,-21.923758463428854,1112318.4869894416,Long Spread
2025-10-15,109.0,131.5,-21.621717555120966,0,-99.15577814830738,-185.18893062021726,1113248.8669894414,Close
2025-10-16,110.0,132.0,-22.526503954709227,0,-14.06126877058762,-32.32650075449291,1113248.8669894414,
2025-10-17,111.5,133.0,-23.63368355409162,0,-17.349442649215025,-40.132090733489605,1113248.8669894414,
2025-10-20,111.5,133.0,-23.63368355409162,-1,-78.88963356635784,-140.39113481221634,1113179.0869894414,Short Spread
2025-10-21,111.0,133.0,-22.931290354297488,-1,-23.318739551886136,-48.5486885151204,1112179.0869894414,
2025-10-22,112.0,133.5,-23.83607675388575,-1,-17.133796871900802,-34.033924129640994,1113179.0869894414,
2025-10-23,112.5,134.0,-24.03846995367988,-1,-22.40513000779648,-48.17839554075916,1113179.0869894414,
2025-10-27,111.0,132.0,-23.931290354297488,-1,-21.324581412771394,-43.9577118411475,1114179.0869894414,
2025-10-28,111.5,132.0,-24.63368355409162,-1,-19.3078511224963,-36.66135795442382,1115179.0869894414,
2025-10-29,111.0,132.0,-23.931290354297488,-1,-20.941814595297593,-39.82295017570665,1114179.0869894414,
2025-10-30,110.0,131.5,-23.026503954709227,-1,-18.48338915864058,-34.6132462078147,1113179.0869894414,
2025-10-31,109.5,131.0,-22.824110754915097,-1,-17.49186355663693,-31.105913237346982,1113179.0869894414,
2025-11-03,110.5,131.5,-23.728897154503358,-1,-17.40149311018304,-30.476150144531715,1114179.0869894414,
2025-11-04,110.5,131.0,-24.228897154503358,-1,-18.677181485946136,-29.861569567846125,1115179.0869894414,
2025-11-05,109.5,132.0,-21.824110754915097,-1,-18.875711232627722,-30.913567473860994,1111179.0869894414,
2025-11-06,110.0,131.5,-23.026503954709227,-1,-18.440272374108613,-27.522376879447425,1113179.0869894414,
2025-11-07,111.0,132.5,-23.431290354297488,-1,-18.620632085844196,-27.992097470769135,1113179.0869894414,
2025-11-10,110.5,133.0,-22.228897154503358,-1,-19.078466039003594,-27.60383225171696,1111179.0869894414,
2025-11-11,110.0,132.0,-22.526503954709227,-1,-19.356788440821163,-26.561196051098193,1112179.0869894414,
2025-11-12,111.0,132.0,-23.931290354297488,-1,-19.838054800326603,-26.047951887813312,1114179.0869894414,
2025-11-13,108.5,131.5,-20.919324355326836,-1,-20.406996036708154,-25.674816028854135,1110179.0869894414,
2025-11-14,108.5,131.5,-20.919324355326836,-1,-19.564043336667197,-25.81217455497852,1110179.0869894414,
2025-11-17,108.0,132.0,-19.716931155532706,-1,-20.442662243629584,-25.23769993511206,1108179.0869894414,
2025-11-18,107.0,131.0,-19.312144755944416,-1,-20.05555070558871,-25.366708335340252,1108179.0869894414,
2025-11-19,106.5,130.5,-19.109751556150286,-1,-19.638048152816875,-25.566110341770663,1108179.0869894414,
2025-11-20,108.0,132.0,-19.716931155532706,-1,-18.55756273558454,-25.888714078839072,1108179.0869894414,
2025-11-21,107.0,131.5,-18.812144755944416,-1,-18.54818180615254,-25.87948943700949,1107179.0869894414,
2025-11-24,108.0,132.0,-19.716931155532706,-1,-17.07425078746185,-26.086654101849078,1108179.0869894414,
2025-11-25,107.5,131.0,-20.014537955738547,-1,-17.543605939844664,-25.860551151145625,1109179.0869894414,
2025-11-26,109.0,131.0,-22.121717555120966,-1,-17.523042425748315,-25.816784279678977,1112179.0869894414,
2025-11-27,108.5,131.0,-21.419324355326836,-1,-18.414376781533942,-26.16317361870792,1111179.0869894414,
2025-11-28,108.0,130.5,-21.216931155532706,-1,-18.087502988151478,-25.926178488149247,1111179.0869894414,
2025-12-01,107.0,130.0,-20.312144755944416,-1,-17.9182022517234,-25.536756694952196,1110179.0869894414,
2025-12-02,106.5,130.0,-19.609751556150286,-1,-17.56784843764024,-25.35923569100385,1109179.0869894414,
2025-12-03,106.0,130.0,-18.907358356356156,-1,-17.0818846388512,-25.44036664051074,1108179.0869894414,
2025-12-04,105.5,129.5,-18.704965156562025,-1,-16.47096512752426,-24.98943993202488,1108179.0869894414,
2025-12-05,105.0,130.0,-17.502571956767895,-1,-16.248634058492677,-24.702722696121732,1106179.0869894414,
2025-12-08,105.0,129.5,-18.002571956767895,-1,-14.865706438085692,-24.495271568821448,1107179.0869894414,
2025-12-09,104.5,130.0,-16.800178756973764,-1,-15.69814105159092,-23.98996150784102,1105179.0869894414,
2025-12-10,104.5,129.5,-17.300178756973764,-1,-14.07913878649363,-23.87755708345393,1106179.0869894414,
2025-12-11,106.0,130.0,-18.907358356356156,-1,-14.241009190128164,-24.038652948767922,1108179.0869894414,
2025-12-12,105.5,130.5,-17.704965156562025,-1,-15.420779036975109,-24.128009175952517,1106179.0869894414,
2025-12-15,105.0,130.5,-17.002571956767895,-1,-15.04423489947878,-23.473626433249038,1105179.0869894414,
2025-12-16,105.0,130.5,-17.002571956767895,-1,-14.938467226465963,-22.928444261602454,1105179.0869894414,
2025-12-17,104.5,129.5,-17.300178756973764,-1,-13.987432885206413,-23.330341169330108,1106179.0869894414,
2025-12-18,104.5,130.0,-16.800178756973764,-1,-14.520569968681684,-22.585013069123704,1105179.0869894414,
2025-12-19,106.0,131.0,-17.907358356356156,-1,-14.54199574643422,-22.08108320967696,1106179.0869894414,
2025-12-22,107.0,130.5,-19.812144755944416,-1,-14.873405610239734,-22.318858970265204,1109179.0869894414,
2025-12-23,106.5,130.5,-19.109751556150286,-1,-15.452662548517877,-22.308287049056506,1108179.0869894414,
2025-12-24,108.5,130.5,-21.919324355326836,0,-16.002375757826485,-21.3474138981897,1112109.5269894414,Close
2025-12-26,111.5,131.5,-25.13368355409162,1,-15.657625294016214,-22.708117168289284,1112039.8069894414,Long Spread
2025-12-29,109.5,132.0,-21.824110754915097,1,-13.936904725290743,-28.583398408634693,1117039.8069894414,
2025-12-30,110.5,131.0,-24.228897154503358,1,-15.137370973951757,-23.914788984298514,1113039.8069894414,
2025-12-31,108.5,130.5,-21.919324355326836,1,-14.772083058087428,-25.980471436425834,1116039.8069894414,
2026-01-02,108.0,132.0,-19.716931155532706,1,-14.991070675015665,-24.79193894726454,1120039.8069894414,
2026-01-05,107.0,133.0,-17.312144755944416,0,-14.797186775332383,-24.2876862677186,1123970.2069894413,Close
2026-01-06,107.0,132.5,-17.812144755944416,0,-14.41779269635682,-24.250731391690955,1123970.2069894413,
2026-01-07,107.0,133.0,-17.312144755944416,0,-14.29765444158196,-24.146916535075782,1123970.2069894413,
2026-01-08,107.0,133.5,-16.812144755944416,0,-14.009820741380107,-24.050679831997616,1123970.2069894413,
2026-01-09,107.5,133.5,-17.514537955738547,0,-13.718639076122034,-23.38334131953403,1123970.2069894413,
2026-01-12,107.5,133.5,-17.514537955738547,0,-13.823046863621435,-23.361622789113753,1123970.2069894413,
2026-01-13,107.0,133.5,-16.812144755944416,0,-13.781459236051582,-23.214660478473412,1123970.2069894413,
2026-01-14,107.5,133.0,-18.014537955738547,0,-13.5082276043113,-23.23380339988868,1123970.2069894413,
2026-01-15,108.0,133.5,-18.216931155532706,0,-13.730780212420502,-23.348093207471944,1123970.2069894413,
2026-01-16,108.0,133.0,-18.716931155532706,0,-13.790073897593114,-23.43350556729227,1123970.2069894413,
2026-01-19,108.5,134.0,-18.419324355326836,0,-13.8713037628567,-23.505977913656096,1123970.2069894413,
2026-01-20,107.5,133.0,-18.014537955738547,0,-14.0559978401067,-23.58032236131657,1123970.2069894413,
2026-01-21,107.5,133.0,-18.014537955738547,0,-13.927418455393328,-23.5139521479812,1123970.2069894413,
2026-01-22,107.5,133.0,-18.014537955738547,0,-14.227753367089274,-23.552532071830743,1123970.2069894413,
2026-01-23,107.5,134.0,-17.014537955738547,0,-14.18970181755682,-23.534527498553313,1123970.2069894413,
2026-01-26,107.5,134.0,-17.014537955738547,0,-13.653986263065075,-23.33432444493069,1123970.2069894413,
2026-01-27,106.5,133.0,-16.609751556150286,0,-13.767118815939835,-23.45579982665458,1123970.2069894413,
2026-01-28,106.0,133.5,-15.407358356356156,0,-13.773946323287257,-23.493905719035972,1123970.2069894413,
2026-01-29,105.5,133.5,-14.704965156562025,0,-13.216763171887095,-23.587006845247835,1123970.2069894413,
2026-01-30,105.5,133.5,-14.704965156562025,0,-12.460767638897652,-23.726048863298267,1123970.2069894413,
2026-02-02,105.0,133.0,-14.502571956767895,0,-12.318704204440513,-23.848541717162334,1123970.2069894413,
2026-02-03,105.0,133.5,-14.002571956767895,0,-11.383810393446463,-23.797543684818987,1123970.2069894413,
2026-02-04,104.5,133.0,-13.800178756973764,0,-9.954740407253455,-23.128703362897483,1123970.2069894413,
2026-02-05,105.0,132.5,-15.002571956767895,0,-9.306315820126498,-23.263910746166033,1123970.2069894413,
2026-02-06,105.5,133.0,-15.204965156562025,0,-10.612035062261343,-21.712822606467917,1123970.2069894413,
2026-02-09,105.0,132.0,-15.502571956767895,0,-12.581737280737443,-19.63173823561919,1123970.2069894413,
2026-02-10,105.5,132.5,-15.704965156562025,0,-11.911995574037608,-19.853542665548122,1123970.2069894413,
2026-02-11,106.5,133.0,-16.609751556150286,0,-13.79729882695884,-18.213730988408454,1123970.2069894413,
2026-02-23,107.5,135.0,-16.014537955738547,0,-13.839487630221626,-18.414453629250907,1123970.2069894413,
2026-02-24,108.0,135.5,-16.216931155532706,0,-13.456242502839514,-18.53232335440516,1123970.2069894413,
2026-02-25,108.5,136.0,-16.419324355326836,0,-13.145170008840598,-19.148168068775508,1123970.2069894413,
2026-02-26,107.5,134.0,-17.014537955738547,0,-13.234125055119364,-18.858027167965353,1123970.2069894413,
2026-03-02,108.5,138.0,-14.419324355326836,0,-13.412528421923202,-19.320076808969237,1123970.2069894413,
2026-03-03,108.5,138.0,-14.419324355326836,0,-12.259403341809522,-19.20298738432915,1123970.2069894413,
2026-03-04,108.0,135.5,-16.216931155532706,0,-12.063790933330736,-18.820359058027954,1123970.2069894413,
2026-03-05,107.5,137.0,-14.014537955738547,0,-12.978761036757007,-19.04672273087843,1123970.2069894413,
2026-03-06,108.0,136.5,-15.216931155532706,0,-12.131134729921996,-19.121042387011332,1123970.2069894413,
2026-03-09,107.5,136.0,-15.014537955738547,0,-12.637029788537212,-18.695394371487122,1123970.2069894413,
2026-03-10,106.5,135.0,-14.609751556150286,0,-12.659373125426018,-18.432181069137297,1123970.2069894413,
2026-03-11,106.0,135.5,-13.407358356356156,0,-12.751329308887517,-18.015547165611835,1123970.2069894413,
2026-03-12,106.0,136.0,-12.907358356356156,0,-12.388466391664188,-17.85618885982982,1123970.2069894413,
2026-03-13,106.5,136.0,-13.609751556150286,0,-12.033052002612774,-17.745331433202267,1123970.2069894413,
2026-03-16,108.0,136.5,-15.216931155532706,0,-12.332688419771744,-17.512807627644122,1123970.2069894413,
2026-03-17,109.5,137.0,-16.824110754915097,0,-12.728852961327787,-17.35689553344345,1123970.2069894413,
2026-03-18,110.0,137.5,-17.026503954709227,0,-12.741357186329465,-17.606120877366173,1123970.2069894413,
2026-03-19,109.5,135.5,-18.324110754915097,1,-12.73758072584604,-17.630923018701377,1123900.4069894413,Long Spread
2026-03-20,109.0,134.0,-19.121717555120966,1,-12.47814244419059,-18.25845855228306,1121900.4069894413,
2026-03-23,109.0,134.0,-19.121717555120966,1,-12.129603897887552,-19.83695760972478,1121900.4069894413,
2026-03-24,109.5,134.0,-19.824110754915097,1,-12.23533553545974,-20.718864231415367,1120900.4069894413,
2026-03-25,109.0,135.0,-18.121717555120966,1,-12.208089935094945,-22.906682583530632,1123900.4069894413,
2026-03-26,109.0,134.5,-18.621717555120966,1,-12.371821693423282,-20.567440246937974,1122900.4069894413,
2026-03-27,109.5,134.0,-19.824110754915097,1,-12.680014939457195,-21.028028052176396,1120900.4069894413,
2026-03-30,109.0,134.0,-19.121717555120966,1,-12.933538052352047,-22.292878281600757,1121900.4069894413,
2026-03-31,109.0,133.0,-20.121717555120966,1,-12.639557163473507,-22.00312505344909,1119900.4069894413,
2026-04-01,109.5,134.0,-19.824110754915097,1,-12.672414687943796,-23.522940771627763,1120900.4069894413,
2026-04-02,109.5,134.0,-19.824110754915097,1,-12.657285833417053,-23.36193448552552,1120900.4069894413,
2026-04-07,109.5,134.0,-19.824110754915097,1,-12.689525892800209,-23.603986710202154,1120900.4069894413,
2026-04-08,109.5,134.0,-19.824110754915097,1,-12.406597408408155,-23.745904006796003,1120900.4069894413,
2026-04-09,110.0,135.0,-19.526503954709227,1,-12.780650106527435,-24.122573766650415,1121900.4069894413,
2026-04-10,110.0,135.5,-19.026503954709227,1,-12.757305475212895,-23.904199252480936,1122900.4069894413,
2026-04-13,110.0,134.5,-20.026503954709227,1,-12.685697393476058,-23.53148195271684,1120900.4069894413,
2026-04-14,110.0,135.0,-19.526503954709227,1,-12.599998156473816,-24.478843693639497,1121900.4069894413,
2026-04-15,110.0,135.5,-19.026503954709227,1,-14.37052932878325,-24.18687651827696,1122900.4069894413,
2026-04-16,110.0,136.5,-18.026503954709227,1,-14.445608141929217,-23.624607600472896,1124900.4069894413,
2026-04-17,112.5,137.5,-20.53846995367988,1,-13.468895800818185,-23.331042298961197,1121900.4069894413,
