Date,Price1,Price2,Indicator,Position,Upper,Lower,Equity,Action
2013-05-09,60.15150451660156,58.0709342956543,-0.9628603757418057,0,2.5,-2.5,1000000.0,
2013-05-10,60.15150451660156,58.0709342956543,-0.9581703865884184,0,2.5,-2.5,1000000.0,
2013-05-13,60.15150451660156,58.01043701171875,-0.972291621792003,0,2.5,-2.5,1000000.0,
2013-05-14,60.15150451660156,58.0709342956543,-0.9513829623654948,0,2.5,-2.5,1000000.0,
2013-05-15,64.25274658203125,58.79681396484375,-2.605699944326731,1,2.5,-2.5,999935.0780175781,Long Spread
2013-05-16,63.97933197021485,58.97828674316406,-0.9060779055444206,1,2.5,-2.5,1000844.8527978515,
2013-05-17,63.15908050537109,58.97828674316406,-0.7455830778700077,1,2.5,-2.5,1002485.355727539,
2013-05-20,62.612247467041016,58.97828674316406,-0.6357591443658865,1,2.5,-2.5,1003579.0218041992,
2013-05-21,62.33883666992188,59.34122085571289,-0.5302931084938499,1,2.5,-2.5,1004851.7116235351,
2013-05-22,62.06541061401367,59.4017219543457,-0.46331297544918354,1,2.5,-2.5,1005519.5659326172,
2013-05-23,62.06541061401367,59.03877258300781,-1.0696587835838263,1,2.5,-2.5,1004793.6671899414,
2013-05-24,61.7920036315918,58.373382568359375,-1.119601928235136,1,2.5,-2.5,1004009.7011254883,
2013-05-27,62.33883666992188,58.67584228515625,-1.2194916072889699,1,2.5,-2.5,1003520.9544824219,
2013-05-28,62.88565826416016,58.67584228515625,-1.3918964319156046,1,2.5,-2.5,1002427.3112939453,
2013-05-29,63.15908050537109,58.736328125,-1.4417441863939637,1,2.5,-2.5,1002001.4384912109,
2013-05-30,59.87808227539063,57.8289680480957,-0.6853566727252655,1,2.5,-2.5,1006748.7147973633,
2013-05-31,59.87808227539063,57.76847839355469,-0.6540345002260712,1,2.5,-2.5,1006627.7354882812,
2013-06-03,59.87808227539063,57.46601104736328,-0.7257463757200143,1,2.5,-2.5,1006022.8007958984,
2013-06-04,58.784423828125,57.40553665161133,-0.1745523361010738,1,2.5,-2.5,1008089.1688989258,
2013-06-05,59.05783462524414,57.16355895996094,-0.38465348309870034,1,2.5,-2.5,1007058.3919213867,
2013-06-06,59.60466766357422,57.16355895996094,-0.9220754940086954,1,2.5,-2.5,1005964.7258447265,
2013-06-07,60.698333740234375,57.46601104736328,-1.3693082435437116,1,2.5,-2.5,1004382.2978662109,
2013-06-10,60.698333740234375,57.587005615234375,-1.2213590188527603,1,2.5,-2.5,1004624.2870019531,
2013-06-11,60.4249153137207,57.587005615234375,-0.9956519450747618,1,2.5,-2.5,1005171.1238549805,
2013-06-13,57.14392852783203,57.16355895996094,0.7381751725143659,0,2.5,-2.5,1010821.6318167114,Close
2013-06-14,60.15150451660156,57.22405624389648,-0.6837937377427074,0,2.5,-2.5,1010821.6318167114,
2013-06-17,60.698333740234375,57.587005615234375,-0.8219445374699442,0,2.5,-2.5,1010821.6318167114,
2013-06-18,61.24516296386719,58.0709342956543,-0.9176508148191488,0,2.5,-2.5,1010821.6318167114,
2013-06-19,61.24516296386719,57.889442443847656,-0.972125477936743,0,2.5,-2.5,1010821.6318167114,
2013-06-20,61.518585205078125,57.647491455078125,-1.17127716714948,0,2.5,-2.5,1010821.6318167114,
2013-06-21,59.60466766357422,57.46601104736328,-0.4952670317822114,0,2.5,-2.5,1010821.6318167114,
2013-06-24,60.698333740234375,57.52650833129883,-1.162218516654233,0,2.5,-2.5,1010821.6318167114,
2013-06-25,60.97175598144531,57.76847839355469,-1.098811856320114,0,2.5,-2.5,1010821.6318167114,
2013-06-26,60.698333740234375,57.647491455078125,-0.8845424136218321,0,2.5,-2.5,1010821.6318167114,
2013-06-27,60.698333740234375,58.01043701171875,-0.6547790865028876,0,2.5,-2.5,1010821.6318167114,
2013-06-28,64.79956817626953,61.70037078857422,-2.3806769196053494,0,2.5,-2.5,1010821.6318167114,
2013-07-01,62.06541061401367,59.2807502746582,-1.073074652120295,0,2.5,-2.5,1010821.6318167114,
2013-07-02,62.88565826416016,59.22025680541992,-1.5277088367474325,0,2.5,-2.5,1010821.6318167114,
2013-07-03,62.612247467041016,59.15975570678711,-1.2317137948933408,0,2.5,-2.5,1010821.6318167114,
2013-07-04,62.612247467041016,59.34122085571289,-1.0485930506252887,0,2.5,-2.5,1010821.6318167114,
2013-07-05,63.97933197021485,60.006629943847656,-2.653968316666804,1,2.5,-2.5,1010756.6723782348,Long Spread
2013-07-08,63.69242477416992,59.70417404174805,-1.9083544931681664,1,2.5,-2.5,1010725.5749661254,
2013-07-09,62.83172225952149,60.12761688232422,-0.7339794128738569,1,2.5,-2.5,1013293.8656765746,
2013-07-10,62.83172225952149,60.12761688232422,-0.6358830878360772,1,2.5,-2.5,1013293.8656765746,
2013-07-11,63.69242477416992,60.36958312988281,-1.0416788219048558,1,2.5,-2.5,1012056.393142395,
2013-07-12,63.40550994873047,60.49055480957031,-1.0984605587218852,1,2.5,-2.5,1012872.1661526489,
2013-07-15,63.69242477416992,60.4300537109375,-1.1337400678896092,1,2.5,-2.5,1012177.3343045043,
2013-07-16,63.69242477416992,60.36958312988281,-1.0407788529758508,1,2.5,-2.5,1012056.393142395,
2013-07-17,63.40550994873047,57.70798873901367,-2.2297736029485127,1,2.5,-2.5,1007307.0340115356,
2013-07-18,63.69242477416992,57.889442443847656,-2.252443371435833,1,2.5,-2.5,1007096.1117703246,
2013-07-19,63.40550994873047,57.76847839355469,-2.354047915070225,1,2.5,-2.5,1007428.0133206176,
2013-07-22,64.26622772216797,58.373382568359375,-2.6447041163791756,1,2.5,-2.5,1006916.386123352,
2013-07-23,66.56146240234375,58.494361877441406,-4.547929137195083,1,2.5,-2.5,1002567.8753811645,
2013-07-24,64.26622772216797,57.94994735717773,-2.6996719125957176,1,2.5,-2.5,1006069.5157009887,
2013-07-25,62.54480743408203,57.8289680480957,-1.1442396606283216,1,2.5,-2.5,1009270.3976589965,
2013-07-26,63.11862182617188,57.8289680480957,-1.5741413327488918,1,2.5,-2.5,1008122.7688748168,
2013-07-29,62.25791549682617,57.889442443847656,-0.7374384887601146,1,2.5,-2.5,1009965.1303250121,
2013-07-30,62.83172225952149,57.76847839355469,-1.2908931716397498,1,2.5,-2.5,1008575.5886990356,
2013-07-31,62.54480743408203,58.01043701171875,-0.8307887220889624,1,2.5,-2.5,1009633.3355862426,
2013-08-01,63.11862182617188,57.40553665161133,-1.682435066919147,1,2.5,-2.5,1007275.9060818481,
2013-08-02,63.11862182617188,57.46601104736328,-1.940851279724976,1,2.5,-2.5,1007396.854873352,
2013-08-05,62.54480743408203,57.587005615234375,-1.169215391445186,1,2.5,-2.5,1008786.4727932739,
2013-08-06,61.11029815673828,57.10307312011719,0.06108407731836614,0,2.5,-2.5,1010622.8978228759,Close
2013-08-07,60.82339096069336,56.74013519287109,0.12275568185600401,0,2.5,-2.5,1010622.8978228759,
2013-08-08,61.39720153808594,56.61914825439453,-0.6338767962191355,0,2.5,-2.5,1010622.8978228759,
2013-08-09,60.82339096069336,56.55866622924805,-0.05631572923857725,0,2.5,-2.5,1010622.8978228759,
2013-08-12,61.971004486083984,56.861114501953125,-0.8135344682531879,0,2.5,-2.5,1010622.8978228759,
2013-08-13,63.11862182617188,56.861114501953125,-1.6608900991220314,0,2.5,-2.5,1010622.8978228759,
2013-08-14,62.54480743408203,56.74013519287109,-1.2198144579231698,0,2.5,-2.5,1010622.8978228759,
2013-08-15,61.6841049194336,56.49817657470703,-0.6580723356730593,0,2.5,-2.5,1010622.8978228759,
2013-08-16,62.83172225952149,56.861114501953125,-2.0329162642985827,0,2.5,-2.5,1010622.8978228759,
2013-08-19,61.971004486083984,56.49817657470703,-1.128869482614153,0,2.5,-2.5,1010622.8978228759,
2013-08-20,61.39720153808594,56.49817657470703,-0.4917807296232304,0,2.5,-2.5,1010622.8978228759,
2013-08-22,60.82339096069336,56.31669998168945,-0.06339973888305446,0,2.5,-2.5,1010622.8978228759,
2013-08-23,60.24958419799805,56.37718963623047,0.48888243427823863,0,2.5,-2.5,1010622.8978228759,
2013-08-26,60.24958419799805,56.67965316772461,0.483717669460149,0,2.5,-2.5,1010622.8978228759,
2013-08-27,60.82339096069336,56.861114501953125,0.25042383223840237,0,2.5,-2.5,1010622.8978228759,
2013-08-28,61.11029815673828,56.55866622924805,-0.09977322843258238,0,2.5,-2.5,1010622.8978228759,
2013-08-29,61.39720153808594,56.74013519287109,-0.197724153354516,0,2.5,-2.5,1010622.8978228759,
2013-08-30,61.971004486083984,57.22405624389648,-0.36905717676689476,0,2.5,-2.5,1010622.8978228759,
2013-09-02,61.6841049194336,57.0425910949707,-0.215896427711117,0,2.5,-2.5,1010622.8978228759,
2013-09-03,60.536502838134766,56.92159652709961,0.8050330368153576,0,2.5,-2.5,1010622.8978228759,
2013-09-04,60.82339096069336,57.22405624389648,0.7289243385926436,0,2.5,-2.5,1010622.8978228759,
2013-09-05,61.11029815673828,57.34503936767578,0.5492164414078226,0,2.5,-2.5,1010622.8978228759,
2013-09-06,61.11029815673828,57.10307312011719,0.44932302428005383,0,2.5,-2.5,1010622.8978228759,
2013-09-09,60.82339096069336,57.22405624389648,0.4731523686422036,0,2.5,-2.5,1010622.8978228759,
2013-09-10,60.82339096069336,57.40553665161133,0.5715617375218432,0,2.5,-2.5,1010622.8978228759,
2013-09-11,60.82339096069336,57.10307312011719,0.47082720624356056,0,2.5,-2.5,1010622.8978228759,
2013-09-12,60.82339096069336,56.861114501953125,0.38552423146048354,0,2.5,-2.5,1010622.8978228759,
2013-09-13,60.82339096069336,57.0425910949707,0.4763692656118034,0,2.5,-2.5,1010622.8978228759,
2013-09-16,61.39720153808594,57.40553665161133,0.24170622631990105,0,2.5,-2.5,1010622.8978228759,
2013-09-17,61.6841049194336,57.34503936767578,0.08612328644349698,0,2.5,-2.5,1010622.8978228759,
2013-09-18,60.82339096069336,57.40553665161133,0.6114411250194852,0,2.5,-2.5,1010622.8978228759,
2013-09-23,61.11029815673828,57.28455352783203,0.42112543047164913,0,2.5,-2.5,1010622.8978228759,
2013-09-24,61.11029815673828,56.861114501953125,0.261733128800716,0,2.5,-2.5,1010622.8978228759,
2013-09-25,60.24958419799805,57.0425910949707,0.8995577161533458,0,2.5,-2.5,1010622.8978228759,
2013-09-26,59.38888168334961,56.61914825439453,1.281189194876402,0,2.5,-2.5,1010622.8978228759,
2013-09-27,60.24958419799805,56.80063247680664,0.8007949225470006,0,2.5,-2.5,1010622.8978228759,
2013-09-30,60.24958419799805,57.28455352783203,1.0351219815347867,0,2.5,-2.5,1010622.8978228759,
2013-10-01,59.96269607543945,56.861114501953125,1.0257967088864097,0,2.5,-2.5,1010622.8978228759,
2013-10-02,59.38888168334961,56.55866622924805,1.1611212379774494,0,2.5,-2.5,1010622.8978228759,
2013-10-03,59.38888168334961,56.74013519287109,1.207562273771595,0,2.5,-2.5,1010622.8978228759,
2013-10-04,59.675777435302734,56.861114501953125,1.0625425792879206,0,2.5,-2.5,1010622.8978228759,
2013-10-07,59.96269607543945,56.67965316772461,0.7912108171017365,0,2.5,-2.5,1010622.8978228759,
2013-10-08,57.38057327270508,56.37718963623047,2.224007086117412,0,2.5,-2.5,1010622.8978228759,
2013-10-09,56.23295593261719,56.31669998168945,1.738153617353355,0,2.5,-2.5,1010622.8978228759,
2013-10-11,54.62628936767578,56.13523864746094,2.2418164795186466,0,2.5,-2.5,1010622.8978228759,
2013-10-14,55.60175704956055,56.37718963623047,1.8950721082115851,0,2.5,-2.5,1010622.8978228759,
2013-10-15,56.23295593261719,56.25621032714844,1.5794077536200901,0,2.5,-2.5,1010622.8978228759,
2013-10-16,56.69199752807617,56.55866622924805,1.4423566324453405,0,2.5,-2.5,1010622.8978228759,
2013-10-17,55.42962265014648,56.55866622924805,1.4433607711780727,0,2.5,-2.5,1010622.8978228759,
2013-10-18,54.741058349609375,56.49817657470703,1.5818356808831597,0,2.5,-2.5,1010622.8978228759,
2013-10-21,52.21631240844727,55.89326858520508,2.1077722930437464,0,2.5,-2.5,1010622.8978228759,
2013-10-22,50.66703414916992,54.804443359375,2.263941474238048,0,2.5,-2.5,1010622.8978228759,
2013-10-23,53.76559066772461,55.832786560058594,1.5582535627091572,0,2.5,-2.5,1010622.8978228759,
2013-10-24,53.0770149230957,56.0747299194336,1.1162466129509239,0,2.5,-2.5,1010622.8978228759,
2013-10-25,53.65082550048828,55.832786560058594,0.9611526948098159,0,2.5,-2.5,1010622.8978228759,
2013-10-28,54.22462463378906,56.37718963623047,0.9043151669047574,0,2.5,-2.5,1010622.8978228759,
2013-10-29,54.22462463378906,56.37718963623047,0.8819626930379505,0,2.5,-2.5,1010622.8978228759,
2013-10-30,56.806766510009766,57.10307312011719,0.49766758189046895,0,2.5,-2.5,1010622.8978228759,
2013-10-31,57.6674690246582,57.22405624389648,0.6803009443948154,0,2.5,-2.5,1010622.8978228759,
2013-11-01,55.60175704956055,56.43768310546875,1.1636335898673735,0,2.5,-2.5,1010622.8978228759,
2013-11-04,54.85581970214844,55.95375061035156,1.2651697341880914,0,2.5,-2.5,1010622.8978228759,
2013-11-05,54.511531829833984,56.25621032714844,1.4170034143284351,0,2.5,-2.5,1010622.8978228759,
2013-11-06,55.946044921875,56.43768310546875,0.9339000605964218,0,2.5,-2.5,1010622.8978228759,
2013-11-07,56.00342559814453,56.25621032714844,0.9946189223282689,0,2.5,-2.5,1010622.8978228759,
2013-11-08,56.175567626953125,56.25621032714844,0.8847093744315065,0,2.5,-2.5,1010622.8978228759,
2013-11-11,55.65914916992188,55.89326858520508,0.9380659259943178,0,2.5,-2.5,1010622.8978228759,
2013-11-12,55.65914916992188,56.25621032714844,0.9925416454743464,0,2.5,-2.5,1010622.8978228759,
2013-11-13,55.08534622192383,55.89326858520508,1.0714699058487964,0,2.5,-2.5,1010622.8978228759,
2013-11-14,55.65914916992188,55.59081268310547,0.9115514507727412,0,2.5,-2.5,1010622.8978228759,
2013-11-15,55.142723083496094,55.59081268310547,1.1093594314440927,0,2.5,-2.5,1010622.8978228759,
2013-11-18,55.142723083496094,55.59081268310547,1.0545570092199046,0,2.5,-2.5,1010622.8978228759,
2013-11-19,55.31487274169922,55.832786560058594,1.0043450774049987,0,2.5,-2.5,1010622.8978228759,
2013-11-20,56.00342559814453,55.53033065795898,0.5290774114224398,0,2.5,-2.5,1010622.8978228759,
2013-11-21,55.37224197387695,55.28836441040039,1.5893926399879295,0,2.5,-2.5,1010622.8978228759,
2013-11-22,55.20009994506836,55.34885025024414,1.514813856645213,0,2.5,-2.5,1010622.8978228759,
2013-11-25,55.08534622192383,55.34885025024414,1.3959902699919973,0,2.5,-2.5,1010622.8978228759,
2013-11-26,54.62628936767578,56.13523864746094,2.0084321284562523,0,2.5,-2.5,1010622.8978228759,
2013-11-27,55.08534622192383,55.95375061035156,1.3840331701627973,0,2.5,-2.5,1010622.8978228759,
2013-11-28,55.142723083496094,55.95375061035156,3.1007791844774895,-1,2.5,-2.5,1010558.4539639282,Short Spread
2013-11-29,55.60175704956055,56.13523864746094,1.735875824624368,-1,2.5,-2.5,1011113.5458218383,
2013-12-02,55.65914916992188,56.0747299194336,1.2710252419081915,-1,2.5,-2.5,1011349.3475186157,
2013-12-03,54.62628936767578,55.832786560058594,1.894922090398519,-1,2.5,-2.5,1009767.5146328735,
2013-12-04,55.02796173095703,55.59081268310547,1.148162136015,-1,2.5,-2.5,1011054.8071133422,
2013-12-05,54.798431396484375,55.53033065795898,1.7690563950182354,-1,2.5,-2.5,1010716.7104946899,
2013-12-06,54.511531829833984,55.59081268310547,1.7893008731603313,-1,2.5,-2.5,1010021.9473110961,
2013-12-09,54.97057723999024,56.0747299194336,1.4126884274345477,-1,2.5,-2.5,1009972.2036587524,
2013-12-10,54.798431396484375,55.95375061035156,1.305772452825915,-1,2.5,-2.5,1009869.8705899047,
2013-12-11,55.20009994506836,56.19571304321289,0.9587430631468434,-1,2.5,-2.5,1010189.28282135,
2013-12-12,54.97057723999024,55.95375061035156,1.4087573181596087,-1,2.5,-2.5,1010214.1622769164,
2013-12-13,54.97057723999024,55.832786560058594,1.0634925247165614,-1,2.5,-2.5,1010456.0903775024,
2013-12-16,53.9377326965332,55.59081268310547,1.8321875679802102,-1,2.5,-2.5,1008874.3490444946,
2013-12-17,54.62628936767578,55.65130233764648,0.9515811638834757,-1,2.5,-2.5,1010130.4830776977,
2013-12-18,54.798431396484375,55.65130233764648,0.6402281723575322,-1,2.5,-2.5,1010474.7671353149,
2013-12-19,55.08534622192383,55.832786560058594,0.37055475569016183,-1,2.5,-2.5,1010685.6283413696,
2013-12-20,55.65914916992188,56.01424407958984,-0.060120362561734676,0,2.5,-2.5,1011405.8522625732,Close
2013-12-23,55.37224197387695,55.89326858520508,0.04550524161056287,0,2.5,-2.5,1011405.8522625732,
2013-12-24,55.31487274169922,55.89326858520508,0.03733213564537815,0,2.5,-2.5,1011405.8522625732,
2013-12-25,55.60175704956055,56.01424407958984,-0.1566152565383949,0,2.5,-2.5,1011405.8522625732,
2013-12-26,55.65914916992188,56.25621032714844,-0.07788664870079319,0,2.5,-2.5,1011405.8522625732,
2013-12-27,56.00342559814453,56.49817657470703,-0.1910676387459781,0,2.5,-2.5,1011405.8522625732,
2013-12-30,56.405086517333984,56.37718963623047,-0.4627043144239062,0,2.5,-2.5,1011405.8522625732,
2013-12-31,55.25748825073242,56.31669998168945,0.055968760323726635,0,2.5,-2.5,1011405.8522625732,
2014-01-02,55.65914916992188,56.13523864746094,-0.22821714778929048,0,2.5,-2.5,1011405.8522625732,
2014-01-03,55.42962265014648,56.13523864746094,-0.12014051643264498,0,2.5,-2.5,1011405.8522625732,
2014-01-06,54.913204193115234,55.832786560058594,0.043060750175105765,0,2.5,-2.5,1011405.8522625732,
2014-01-07,54.56891632080078,55.7117919921875,0.17517426216095316,0,2.5,-2.5,1011405.8522625732,
2014-01-08,54.45415878295898,55.7117919921875,0.22444900294025077,0,2.5,-2.5,1011405.8522625732,
2014-01-09,54.052494049072266,55.7117919921875,0.4213863519284656,0,2.5,-2.5,1011405.8522625732,
2014-01-10,53.9377326965332,55.59081268310547,1.0149571903130061,0,2.5,-2.5,1011405.8522625732,
2014-01-13,54.45415878295898,55.65130233764648,0.406635132288335,0,2.5,-2.5,1011405.8522625732,
2014-01-14,53.9377326965332,55.65130233764648,1.0284180557063185,0,2.5,-2.5,1011405.8522625732,
2014-01-15,53.65082550048828,55.65130233764648,1.3612578496653902,0,2.5,-2.5,1011405.8522625732,
2014-01-16,53.9377326965332,55.65130233764648,1.0133944993605193,0,2.5,-2.5,1011405.8522625732,
2014-01-17,54.16725158691406,55.65130233764648,1.428382477376755,0,2.5,-2.5,1011405.8522625732,
2014-01-20,53.36392211914063,55.53033065795898,2.498296159438653,0,2.5,-2.5,1011405.8522625732,
2014-01-21,53.0770149230957,55.59081268310547,2.756403486333638,-1,2.5,-2.5,1011341.5055494689,Short Spread
2014-01-22,52.50321960449219,55.59081268310547,3.329478046147957,-1,2.5,-2.5,1010193.9149122619,
2014-01-23,52.273685455322266,55.53033065795898,3.269512698389471,-1,2.5,-2.5,1009855.810664215,
2014-01-24,51.64250946044922,55.46982955932617,2.5653993917083113,-1,2.5,-2.5,1008714.4608717345,
2014-01-27,50.95394515991211,55.59081268310547,3.0557061037123714,-1,2.5,-2.5,1007095.3660231017,
2014-02-05,48.773475646972656,54.62297058105469,4.076368992207823,-1,2.5,-2.5,1004670.1112013244,
2014-02-06,48.94562149047852,54.62297058105469,3.7475894694186462,-1,2.5,-2.5,1005014.4028883361,
2014-02-07,49.92109298706055,54.6834602355957,2.8668769299994796,-1,2.5,-2.5,1006844.3665724181,
2014-02-10,50.66703414916992,54.62297058105469,1.1817383468351075,-1,2.5,-2.5,1008457.2282057189,
2014-02-11,49.80632781982422,54.50198745727539,1.4453035459806276,-1,2.5,-2.5,1006977.7817945861,
2014-02-12,50.4375114440918,54.86492919921875,1.2566673752918454,-1,2.5,-2.5,1007514.2655592345,
2014-02-13,49.92109298706055,54.86492919921875,1.4169331804632554,-1,2.5,-2.5,1006481.428645172,
2014-02-14,50.78180313110352,55.16738510131836,1.1308048646942914,-1,2.5,-2.5,1007597.9371290588,
2014-02-17,51.011322021484375,55.16738510131836,1.5944175418452586,-1,2.5,-2.5,1008056.9749098205,
2014-02-18,51.12607955932617,55.22786331176758,1.4831001790258607,-1,2.5,-2.5,1008165.5335646056,
2014-02-19,52.04417037963867,55.53033065795898,1.0135317621953637,-1,2.5,-2.5,1009396.7805128478,
2014-02-20,52.21631240844727,55.22786331176758,0.7466345315291048,-1,2.5,-2.5,1010345.9992628478,
2014-02-21,53.01963806152344,55.46982955932617,0.34903648402759974,-1,2.5,-2.5,1011468.718073883,
2014-02-24,52.61797332763672,55.53033065795898,1.424711920148065,-1,2.5,-2.5,1010544.3864088439,
2014-02-25,51.64250946044922,55.28836441040039,2.2251325972058087,-1,2.5,-2.5,1009077.3911695861,
2014-02-26,51.69988250732422,55.28836441040039,1.9153865042042597,-1,2.5,-2.5,1009192.1372633361,
2014-02-27,52.273685455322266,55.65130233764648,1.4089942417662082,-1,2.5,-2.5,1009613.86730484,
2014-03-03,51.3556022644043,55.46982955932617,2.0813608574672444,-1,2.5,-2.5,1008140.6464796447,
2014-03-04,51.12607955932617,55.22786331176758,2.495675851242713,-1,2.5,-2.5,1008165.5335646056,
2014-03-05,51.29822540283203,55.59081268310547,2.3832408764475908,-1,2.5,-2.5,1007783.9265089416,
2014-03-06,51.47036361694336,55.832786560058594,2.2055249631881253,-1,2.5,-2.5,1007644.255183258,
2014-03-07,51.69988250732422,55.89326858520508,1.8749812669956976,-1,2.5,-2.5,1007982.3289137267,
2014-03-10,51.872032165527344,55.89326858520508,1.5831326287942482,-1,2.5,-2.5,1008326.628230133,
2014-03-11,52.21631240844727,56.25621032714844,2.9413686903303655,-1,2.5,-2.5,1008289.3052320861,
2014-03-12,52.1015510559082,56.25621032714844,2.427525617040659,-1,2.5,-2.5,1008059.782527008,
2014-03-13,52.21631240844727,56.37718963623047,1.9939777076232181,-1,2.5,-2.5,1008047.346613922,
2014-03-14,52.1015510559082,55.77228164672852,1.3368991203144758,-1,2.5,-2.5,1009027.6398878478,
2014-03-17,52.50321960449219,55.95375061035156,0.8583380018336422,-1,2.5,-2.5,1009468.0390577697,
2014-03-18,53.47867965698242,56.25621032714844,-0.1498110499099736,0,2.5,-2.5,1010749.650333557,Close
2014-03-19,53.9377326965332,56.43768310546875,-0.6312427821012285,0,2.5,-2.5,1010749.650333557,
2014-03-20,53.47867965698242,56.19571304321289,-0.2271305418598818,0,2.5,-2.5,1010749.650333557,
2014-03-21,52.61797332763672,56.25621032714844,0.8311666062571744,0,2.5,-2.5,1010749.650333557,
2014-03-24,53.24916076660156,56.19571304321289,-0.02231339834386282,0,2.5,-2.5,1010749.650333557,
2014-03-25,53.30654525756836,56.67965316772461,0.1872749016070308,0,2.5,-2.5,1010749.650333557,
2014-03-26,53.191776275634766,56.13523864746094,-0.07051538520016638,0,2.5,-2.5,1010749.650333557,
2014-03-27,54.282005310058594,56.43768310546875,-0.7854268446307434,0,2.5,-2.5,1010749.650333557,
2014-03-28,54.511531829833984,56.49817657470703,-0.9378800093921738,0,2.5,-2.5,1010749.650333557,
2014-03-31,54.741058349609375,56.67965316772461,-1.0222552561764455,0,2.5,-2.5,1010749.650333557,
2014-04-01,54.741058349609375,56.67965316772461,-0.5141028407868564,0,2.5,-2.5,1010749.650333557,
2014-04-02,54.10987091064453,56.67965316772461,-0.28485623336091476,0,2.5,-2.5,1010749.650333557,
2014-04-03,54.10987091064453,56.49817657470703,-0.3505512791051418,0,2.5,-2.5,1010749.650333557,
2014-04-07,54.10987091064453,56.55866622924805,-0.34301912265893886,0,2.5,-2.5,1010749.650333557,
2014-04-08,54.45415878295898,56.37718963623047,-0.5358702356208896,0,2.5,-2.5,1010749.650333557,
2014-04-09,54.741058349609375,56.49817657470703,-0.5771786305256751,0,2.5,-2.5,1010749.650333557,
2014-04-10,55.08534622192383,56.67965316772461,-0.6505384660237955,0,2.5,-2.5,1010749.650333557,
2014-04-11,55.65914916992188,56.67965316772461,-0.8443112586795892,0,2.5,-2.5,1010749.650333557,
2014-04-14,55.31487274169922,56.67965316772461,-0.7144657279199975,0,2.5,-2.5,1010749.650333557,
2014-04-15,55.946044921875,56.861114501953125,-0.8751738279358503,0,2.5,-2.5,1010749.650333557,
2014-04-16,55.888668060302734,56.861114501953125,-0.6093549513711664,0,2.5,-2.5,1010749.650333557,
2014-04-17,55.77390670776367,57.0425910949707,-0.545082883473059,0,2.5,-2.5,1010749.650333557,
2014-04-18,55.888668060302734,57.16355895996094,-0.5463058737232206,0,2.5,-2.5,1010749.650333557,
2014-04-21,55.42962265014648,57.10307312011719,-0.4389021543290514,0,2.5,-2.5,1010749.650333557,
2014-04-22,55.08534622192383,57.10307312011719,-0.35248369793923806,0,2.5,-2.5,1010749.650333557,
2014-04-23,55.08534622192383,57.16355895996094,-0.46439978739110016,0,2.5,-2.5,1010749.650333557,
2014-04-24,55.08534622192383,57.16355895996094,-0.45841264745964594,0,2.5,-2.5,1010749.650333557,
2014-04-25,54.62628936767578,56.67965316772461,-0.4138404378873659,0,2.5,-2.5,1010749.650333557,
2014-04-28,55.487003326416016,56.861114501953125,-0.6379820396168168,0,2.5,-2.5,1010749.650333557,
2014-04-29,55.77390670776367,56.92159652709961,-0.6994303584923537,0,2.5,-2.5,1010749.650333557,
2014-04-30,55.888668060302734,56.98209381103516,-0.5894245038513204,0,2.5,-2.5,1010749.650333557,
2014-05-02,55.71652603149414,57.10307312011719,-0.5013381170606208,0,2.5,-2.5,1010749.650333557,
2014-05-05,55.37224197387695,56.861114501953125,-0.4310906405678679,0,2.5,-2.5,1010749.650333557,
2014-05-06,55.08534622192383,56.861114501953125,-0.33266917661865003,0,2.5,-2.5,1010749.650333557,
2014-05-07,54.62628936767578,56.861114501953125,-0.19522817775696302,0,2.5,-2.5,1010749.650333557,
2014-05-08,55.83128356933594,56.92159652709961,-2.9605682359571346,1,2.5,-2.5,1010685.1402183531,Long Spread
2014-05-09,55.37224197387695,57.34503936767578,-1.4611947339927849,1,2.5,-2.5,1012450.1090904234,
2014-05-12,54.68367767333984,56.861114501953125,-0.822051394694218,1,2.5,-2.5,1012859.3879600524,
2014-05-13,54.85581970214844,57.10307312011719,-0.6963982868508761,1,2.5,-2.5,1012999.0211387633,
2014-05-14,54.913204193115234,57.34503936767578,-0.4738010775624785,1,2.5,-2.5,1013368.1846519469,
2014-05-15,55.65914916992188,57.22405624389648,-1.3738599636248041,1,2.5,-2.5,1011634.328450775,
2014-05-16,55.65914916992188,57.40553665161133,-1.102117858365914,1,2.5,-2.5,1011997.2892662047,
2014-05-19,55.71652603149414,57.46601104736328,-1.0241934328084283,1,2.5,-2.5,1012003.4843345641,
2014-05-20,56.175567626953125,57.52650833129883,-1.3557630187520904,1,2.5,-2.5,1011206.3957115172,
2014-05-21,56.74936294555664,57.70798873901367,-1.6964498705420328,1,2.5,-2.5,1010421.7658897399,
2014-05-22,57.38057327270508,58.0709342956543,-3.371498612853326,1,2.5,-2.5,1009885.2363487242,
2014-05-23,57.32317352294922,58.373382568359375,-2.612682059189108,1,2.5,-2.5,1010604.9323936461,
2014-05-26,56.69199752807617,58.55485534667969,-1.3358237399947324,1,2.5,-2.5,1012230.2299400328,
2014-05-27,56.92151641845703,58.19190979003906,-1.8541541206926413,1,2.5,-2.5,1011045.3010459899,
2014-05-28,56.86414337158203,58.494361877441406,-1.3650568645439312,1,2.5,-2.5,1011764.9513145445,
2014-05-29,56.69199752807617,58.373382568359375,-2.4780405773400433,1,2.5,-2.5,1011867.2843833922,
2014-05-30,56.74936294555664,58.0709342956543,-2.367744835773319,1,2.5,-2.5,1011147.6570030211,
2014-06-03,56.9788932800293,58.373382568359375,-1.9636182956511274,1,2.5,-2.5,1011293.492879486,
2014-06-04,56.806766510009766,57.76847839355469,-2.099438800553503,1,2.5,-2.5,1010427.9380699156,
2014-06-05,56.23295593261719,57.46601104736328,-1.3319989484144354,1,2.5,-2.5,1010970.624532318,
2014-06-06,56.175567626953125,57.70798873901367,-1.464466076554514,1,2.5,-2.5,1011569.3565269469,
2014-06-09,56.405086517333984,58.0709342956543,-1.0662265228772294,1,2.5,-2.5,1011836.2098594664,
2014-06-10,56.806766510009766,58.433876037597656,-1.1136726185784267,1,2.5,-2.5,1011758.7333580016,
2014-06-11,56.74936294555664,58.373382568359375,-0.9207110349759733,1,2.5,-2.5,1011752.5535484313,
2014-06-12,56.69199752807617,58.13142395019531,-0.9729285577093955,1,2.5,-2.5,1011383.3671470641,
2014-06-13,56.63461685180664,58.19190979003906,-0.8629913184159359,1,2.5,-2.5,1011619.1001792906,
2014-06-16,56.74936294555664,58.31289291381836,-0.8134699472062066,1,2.5,-2.5,1011631.5742393492,
2014-06-17,56.74936294555664,58.19190979003906,-0.8580011442305402,1,2.5,-2.5,1011389.6079917906,
2014-06-18,57.15103530883789,58.373382568359375,-1.1539537861717486,1,2.5,-2.5,1010949.2088218688,
2014-06-19,57.6674690246582,58.615333557128906,-1.546835671508558,1,2.5,-2.5,1010400.2433677672,
2014-06-20,57.32317352294922,58.31289291381836,-3.0915858431922087,1,2.5,-2.5,1010483.9530845641,
2014-06-23,57.26579284667969,58.31289291381836,-2.035973810925046,1,2.5,-2.5,1010598.7144371031,
2014-06-24,57.38057327270508,58.31289291381836,-1.9198319129811925,1,2.5,-2.5,1010369.1535850524,
2014-06-25,57.03628158569336,58.13142395019531,-1.2648671199308352,1,2.5,-2.5,1010694.7990318297,
2014-06-26,56.86414337158203,58.0709342956543,-0.9063967139497756,1,2.5,-2.5,1010918.0961509703,
2014-06-27,56.68168258666992,58.373382568359375,-0.14986651760711203,1,2.5,-2.5,1011887.9142662047,
2014-06-30,56.19514846801758,58.19190979003906,0.47777088113281085,0,2.5,-2.5,1012433.4614645385,Close
2014-07-01,55.83024215698242,58.13142395019531,1.005204507628361,0,2.5,-2.5,1012433.4614645385,
2014-07-02,56.19514846801758,58.0709342956543,0.3621954727405623,0,2.5,-2.5,1012433.4614645385,
2014-07-03,55.526153564453125,57.94994735717773,1.2725551579895875,0,2.5,-2.5,1012433.4614645385,
2014-07-04,54.73553466796875,57.8289680480957,0.8147132200447637,0,2.5,-2.5,1012433.4614645385,
2014-07-07,55.34370803833008,57.8289680480957,0.47495906390493275,0,2.5,-2.5,1012433.4614645385,
2014-07-08,55.28288650512695,58.13142395019531,0.6065042838907271,0,2.5,-2.5,1012433.4614645385,
2014-07-09,55.46534729003906,58.13142395019531,0.4970552487679572,0,2.5,-2.5,1012433.4614645385,
2014-07-10,55.22207260131836,58.0709342956543,0.5849118447168037,0,2.5,-2.5,1012433.4614645385,
2014-07-11,55.28288650512695,57.94994735717773,0.43767199458010375,0,2.5,-2.5,1012433.4614645385,
2014-07-14,54.9179916381836,57.94994735717773,0.5914877873186976,0,2.5,-2.5,1012433.4614645385,
2014-07-15,54.73553466796875,58.01043701171875,0.6771154315252464,0,2.5,-2.5,1012433.4614645385,
2014-07-16,54.9179916381836,57.8289680480957,0.52234852583257,0,2.5,-2.5,1012433.4614645385,
2014-07-17,55.100433349609375,58.41636657714844,0.6181994975735698,0,2.5,-2.5,1012433.4614645385,
2014-07-18,55.83024215698242,58.41636657714844,0.29289295986139463,0,2.5,-2.5,1012433.4614645385,
2014-07-21,55.95187377929688,58.162376403808594,0.154061135216655,0,2.5,-2.5,1012433.4614645385,
2014-07-22,56.073516845703125,58.35286712646485,0.16193515653825905,0,2.5,-2.5,1012433.4614645385,
2014-07-23,56.073516845703125,58.35286712646485,0.15780921316524324,0,2.5,-2.5,1012433.4614645385,
2014-07-24,56.073516845703125,58.41636657714844,0.1721115611517271,0,2.5,-2.5,1012433.4614645385,
2014-07-25,55.95187377929688,58.162376403808594,0.25868009550927984,0,2.5,-2.5,1012433.4614645385,
2014-07-28,55.95187377929688,57.97188568115234,0.13720743125372767,0,2.5,-2.5,1012433.4614645385,
2014-07-29,56.31678009033203,58.162376403808594,-0.054308964638000765,0,2.5,-2.5,1012433.4614645385,
2014-07-30,56.31678009033203,58.162376403808594,-0.049632925690243655,0,2.5,-2.5,1012433.4614645385,
2014-07-31,55.95187377929688,58.09889221191406,0.21775644154492377,0,2.5,-2.5,1012433.4614645385,
2014-08-01,56.073516845703125,58.41636657714844,0.38552068796494243,0,2.5,-2.5,1012433.4614645385,
2014-08-04,56.25596237182617,58.09889221191406,-0.047710158556057244,0,2.5,-2.5,1012433.4614645385,
2014-08-05,55.404518127441406,57.84489822387695,0.6482253439564669,0,2.5,-2.5,1012433.4614645385,
2014-08-06,55.46534729003906,57.84489822387695,0.5755880019157883,0,2.5,-2.5,1012433.4614645385,
2014-08-07,56.560054779052734,58.28938293457031,-0.19529491787149433,0,2.5,-2.5,1012433.4614645385,
2014-08-08,56.68168258666992,58.09889221191406,-0.8140886044751516,0,2.5,-2.5,1012433.4614645385,
2014-08-11,57.1074104309082,58.28938293457031,-1.2602340120513886,0,2.5,-2.5,1012433.4614645385,
2014-08-12,56.74250411987305,58.28938293457031,-0.5863876165793787,0,2.5,-2.5,1012433.4614645385,
2014-08-13,56.8641357421875,58.54335403442383,-0.4700804746220891,0,2.5,-2.5,1012433.4614645385,
2014-08-14,57.16822814941406,58.41636657714844,-1.0689226312026545,0,2.5,-2.5,1012433.4614645385,
2014-08-15,57.47230529785156,58.41636657714844,-4.550330450060128,1,2.5,-2.5,1012368.8259176635,Long Spread
2014-08-18,57.47230529785156,58.35286712646485,-3.789827667295008,1,2.5,-2.5,1012241.8270162963,
2014-08-19,57.71558380126953,59.05132675170898,-2.417219646522397,1,2.5,-2.5,1013152.1892599487,
2014-08-20,57.77639389038086,59.241817474365234,-1.9353425975833334,1,2.5,-2.5,1013411.5505270385,
2014-08-21,57.9588508605957,59.17830657958984,-2.30988727635663,1,2.5,-2.5,1012919.614797058,
2014-08-22,58.3237533569336,59.43230438232422,-2.815893718163729,1,2.5,-2.5,1012697.805409851,
2014-08-25,58.08047866821289,59.36880493164063,-2.0471797019763094,1,2.5,-2.5,1013057.3558859252,
2014-08-26,58.26293182373047,59.36880493164063,-2.240864735531719,1,2.5,-2.5,1012692.4495748901,
2014-08-27,58.8102912902832,59.36880493164063,-3.131259175958556,1,2.5,-2.5,1011597.7306417846,
2014-08-28,58.93191909790039,59.49580001831055,-2.9508809752637957,1,2.5,-2.5,1011608.4651998901,
2014-08-29,57.9588508605957,58.98783493041992,-0.9266105727507155,1,2.5,-2.5,1012538.6714987182,
2014-09-01,56.13433074951172,58.54335403442383,0.4991865527737724,0,2.5,-2.5,1015234.1628215027,Close
2014-09-02,55.100433349609375,58.35286712646485,1.2966702183170296,0,2.5,-2.5,1015234.1628215027,
2014-09-03,55.404518127441406,58.98783493041992,1.3833143628985922,0,2.5,-2.5,1015234.1628215027,
2014-09-04,55.708614349365234,58.73384475708008,0.9060110896674924,0,2.5,-2.5,1015234.1628215027,
2014-09-05,55.46534729003906,58.41636657714844,1.0973115677633003,0,2.5,-2.5,1015234.1628215027,
2014-09-09,55.34370803833008,58.60686111450195,1.3162198362669886,0,2.5,-2.5,1015234.1628215027,
2014-09-10,55.34370803833008,58.35286712646485,1.0717195753135569,0,2.5,-2.5,1015234.1628215027,
2014-09-11,54.97880554199219,58.28938293457031,1.3377672479260903,0,2.5,-2.5,1015234.1628215027,
2014-09-12,55.34370803833008,58.47985458374024,1.0443506888698515,0,2.5,-2.5,1015234.1628215027,
2014-09-15,55.100433349609375,58.162376403808594,1.2436329556208465,0,2.5,-2.5,1015234.1628215027,
2014-09-16,54.73553466796875,58.03538131713867,1.4824037676633233,0,2.5,-2.5,1015234.1628215027,
2014-09-17,55.100433349609375,58.22587585449219,1.1376641052077865,0,2.5,-2.5,1015234.1628215027,
2014-09-18,55.03961944580078,58.41636657714844,1.2842773858095902,0,2.5,-2.5,1015234.1628215027,
2014-09-19,55.22207260131836,58.41636657714844,1.0208328678248593,0,2.5,-2.5,1015234.1628215027,
2014-09-22,54.49227142333984,58.162376403808594,2.1636414248575506,0,2.5,-2.5,1015234.1628215027,
2014-09-23,54.24900436401367,58.22587585449219,2.4254856226413666,0,2.5,-2.5,1015234.1628215027,
2014-09-24,55.34370803833008,58.28938293457031,0.8891164185038152,0,2.5,-2.5,1015234.1628215027,
2014-09-25,54.49227142333984,58.09889221191406,1.7487089759238021,0,2.5,-2.5,1015234.1628215027,
2014-09-26,55.95187377929688,58.09889221191406,-0.1384611474258831,0,2.5,-2.5,1015234.1628215027,
2014-09-29,55.647796630859375,57.78141784667969,-0.027017410482325258,0,2.5,-2.5,1015234.1628215027,
2014-09-30,56.13433074951172,58.22587585449219,-0.28143628372073204,0,2.5,-2.5,1015234.1628215027,
2014-10-01,55.95187377929688,58.22587585449219,0.021834381240011722,0,2.5,-2.5,1015234.1628215027,
2014-10-02,56.13433074951172,58.09889221191406,-0.3666507716252284,0,2.5,-2.5,1015234.1628215027,
2014-10-03,56.68168258666992,58.28938293457031,-0.9190578155937655,0,2.5,-2.5,1015234.1628215027,
2014-10-06,55.95187377929688,57.84489822387695,-0.24906574523768082,0,2.5,-2.5,1015234.1628215027,
2014-10-07,56.62086486816406,57.84489822387695,-0.9857682557549762,0,2.5,-2.5,1015234.1628215027,
2014-10-08,56.49923706054688,58.09889221191406,-0.592507757404691,0,2.5,-2.5,1015234.1628215027,
2014-10-09,56.92495346069336,58.03538131713867,-1.0764798465732288,0,2.5,-2.5,1015234.1628215027,
2014-10-13,57.41149139404297,57.84489822387695,-1.6968201923877546,0,2.5,-2.5,1015234.1628215027,
2014-10-14,57.89802551269531,58.03538131713867,-1.1439649588778065,0,2.5,-2.5,1015234.1628215027,
2014-10-15,58.26293182373047,58.09889221191406,-1.3118791467512658,0,2.5,-2.5,1015234.1628215027,
2014-10-16,58.384578704833984,58.09889221191406,-1.3554845107949065,0,2.5,-2.5,1015234.1628215027,
2014-10-17,58.99274826049805,57.33694839477539,-2.015712941539819,0,2.5,-2.5,1015234.1628215027,
2014-10-20,58.87110900878906,57.84489822387695,-1.6807974820543565,0,2.5,-2.5,1015234.1628215027,
2014-10-21,58.384578704833984,58.22587585449219,-0.8070440311323085,0,2.5,-2.5,1015234.1628215027,
2014-10-22,58.01966857910156,58.162376403808594,-0.65600348951253,0,2.5,-2.5,1015234.1628215027,
2014-10-23,58.20212173461914,58.03538131713867,-0.7463439896481832,0,2.5,-2.5,1015234.1628215027,
2014-10-24,58.50620269775391,58.22587585449219,-0.7922710499072698,0,2.5,-2.5,1015234.1628215027,
2014-10-27,58.14130401611328,58.162376403808594,-0.6444262645403361,0,2.5,-2.5,1015234.1628215027,
2014-10-28,58.01966857910156,58.41636657714844,-1.0939809329748902,0,2.5,-2.5,1015234.1628215027,
2014-10-29,58.68865585327149,58.67034912109375,-1.4339504536897467,0,2.5,-2.5,1015234.1628215027,
2014-10-30,60.02663803100586,58.86083984375,-2.2998463025632434,0,2.5,-2.5,1015234.1628215027,
2014-10-31,60.02663803100586,58.86083984375,-2.189249046336215,0,2.5,-2.5,1015234.1628215027,
2014-11-03,59.78336334228516,58.73384475708008,-1.981926948241814,0,2.5,-2.5,1015234.1628215027,
2014-11-04,59.84418487548828,58.73384475708008,-1.265560121794089,0,2.5,-2.5,1015234.1628215027,
2014-11-05,59.54009628295898,58.67034912109375,-1.1116170408625377,0,2.5,-2.5,1015234.1628215027,
2014-11-06,60.02663803100586,58.73384475708008,-1.2835417628987866,0,2.5,-2.5,1015234.1628215027,
2014-11-07,59.114376068115234,58.54335403442383,-0.8918225089294934,0,2.5,-2.5,1015234.1628215027,
2014-11-10,59.72254943847656,58.86083984375,-1.0410841840698857,0,2.5,-2.5,1015234.1628215027,
2014-11-11,59.60091781616211,58.9243392944336,-1.3110031014862817,0,2.5,-2.5,1015234.1628215027,
2014-11-12,59.053558349609375,58.67034912109375,-1.0284620763050059,0,2.5,-2.5,1015234.1628215027,
2014-11-13,59.84418487548828,58.73384475708008,-1.415053055175733,0,2.5,-2.5,1015234.1628215027,
2014-11-14,59.60091781616211,58.98783493041992,-1.1102647892153248,0,2.5,-2.5,1015234.1628215027,
2014-11-17,59.053558349609375,58.79734420776367,-0.836530481419113,0,2.5,-2.5,1015234.1628215027,
2014-11-18,59.47927474975586,58.86083984375,-3.2061038812321008,1,2.5,-2.5,1015169.4292169189,Long Spread
2014-11-19,59.90499877929688,59.17830657958984,-2.744948367088808,1,2.5,-2.5,1014952.9146295165,
2014-11-20,59.60091781616211,59.43230438232422,-1.7709843444360043,1,2.5,-2.5,1016069.0721612548,
2014-11-21,59.60091781616211,59.36880493164063,-1.6289073447617575,1,2.5,-2.5,1015942.0732598876,
2014-11-24,59.6617317199707,59.17830657958984,-1.6818028861368897,1,2.5,-2.5,1015439.4487481689,
2014-11-25,59.29682540893555,58.67034912109375,-4.024365066448355,1,2.5,-2.5,1015153.346453247,
2014-11-26,59.17518997192383,58.79734420776367,-2.6935633990499506,1,2.5,-2.5,1015650.6075006103,
2014-11-27,59.60091781616211,58.79734420776367,-2.899753655778892,1,2.5,-2.5,1014799.1518121337,
2014-11-28,59.84418487548828,59.05132675170898,-2.592429583891897,1,2.5,-2.5,1014820.582781372,
2014-12-01,59.72254943847656,58.67034912109375,-2.5009254876507665,1,2.5,-2.5,1014301.898394165,
2014-12-02,59.60091781616211,58.54335403442383,-5.043171287809113,1,2.5,-2.5,1014291.171465454,
2014-12-03,60.8172721862793,58.86083984375,-5.7734651189567,1,2.5,-2.5,1012493.434343872,
2014-12-04,61.12135314941406,58.9243392944336,-5.228412579027263,1,2.5,-2.5,1012012.2713189697,
2014-12-05,60.20909881591797,58.9243392944336,-3.045581707464933,1,2.5,-2.5,1013836.7799859619,
2014-12-08,60.39153289794922,59.05132675170898,-2.832652057726563,1,2.5,-2.5,1013725.8867364501,
2014-12-09,60.8172721862793,58.86083984375,-6.13556058909828,1,2.5,-2.5,1012493.434343872,
2014-12-10,60.20909881591797,58.47985458374024,-3.7468671048918876,1,2.5,-2.5,1012947.8105645751,
2014-12-11,59.90499877929688,58.28938293457031,-2.7885763859154338,1,2.5,-2.5,1013175.0673394775,
2014-12-12,59.78336334228516,58.35286712646485,-2.1476872047660724,1,2.5,-2.5,1013545.30659729,
2014-12-15,59.29682540893555,58.162376403808594,-1.404355173146666,1,2.5,-2.5,1014137.4010186767,
2014-12-16,60.5131721496582,58.41636657714844,-3.2661119717134377,1,2.5,-2.5,1012212.6878839111,
2014-12-17,59.41845703125,58.28938293457031,-1.4403546813850407,1,2.5,-2.5,1014148.1508355712,
2014-12-18,60.26991271972656,58.41636657714844,-2.6409480492278017,1,2.5,-2.5,1012699.2067437744,
2014-12-19,61.42543029785156,58.73384475708008,-4.112756325341213,1,2.5,-2.5,1011023.1279473876,
2014-12-22,60.75643157958984,58.79734420776367,-2.757337618665933,1,2.5,-2.5,1012488.1242852783,
2014-12-23,61.12135314941406,58.41636657714844,-3.9968047200606613,1,2.5,-2.5,1010996.3258843994,
2014-12-24,61.12135314941406,59.05132675170898,-2.9698217789083463,1,2.5,-2.5,1012266.2462335204,
2014-12-25,61.42543029785156,58.98783493041992,-3.4425878888186805,1,2.5,-2.5,1011531.1082940673,
2014-12-26,61.42543029785156,59.05132675170898,-3.1936374822893736,1,2.5,-2.5,1011658.0919366454,
2014-12-29,61.42543029785156,59.17830657958984,-2.8838166494464184,1,2.5,-2.5,1011912.0515924072,
2014-12-30,62.64176940917969,59.17830657958984,-6.269608646556015,1,2.5,-2.5,1009479.3733697509,
2014-12-31,63.554046630859375,59.6862907409668,-7.228267817338532,1,2.5,-2.5,1008670.7872491454,
2015-01-05,63.24994659423828,59.05132675170898,-7.246959030103095,1,2.5,-2.5,1008009.059343872,
2015-01-06,61.7295150756836,58.73384475708008,-4.103717140301726,1,2.5,-2.5,1010414.9583917236,
2015-01-07,61.12135314941406,58.73384475708008,-2.5996937586885873,1,2.5,-2.5,1011631.2822442626,
2015-01-08,63.554046630859375,58.9243392944336,-5.406513530241964,1,2.5,-2.5,1007146.884356079,
2015-01-09,64.16222381591797,59.05132675170898,-6.459010352974565,1,2.5,-2.5,1006184.5049005126,
2015-01-12,65.68263244628906,59.49580001831055,-8.606087904491991,1,2.5,-2.5,1004032.6341729736,
2015-01-13,67.20306396484375,59.74977493286133,-10.968321048305102,1,2.5,-2.5,1001499.7209649658,
2015-01-14,65.68263244628906,59.62279510498047,-8.333754926754674,1,2.5,-2.5,1004286.6243463134,
2015-01-15,64.16222381591797,59.36880493164063,-1.0469128758566255,1,2.5,-2.5,1006819.4612603759,
2015-01-16,65.68263244628906,59.559303283691406,-1.458482005504898,1,2.5,-2.5,1004159.6407037353,
2015-01-19,65.68263244628906,59.62279510498047,-1.4038394811910626,1,2.5,-2.5,1004286.6243463134,
2015-01-20,64.46629333496094,59.94026565551758,-0.9059019529365603,1,2.5,-2.5,1007354.2436700439,
2015-01-21,65.68263244628906,60.321250915527344,-1.1751305743053817,1,2.5,-2.5,1005683.5359674072,
2015-01-22,65.68263244628906,60.5117416381836,-2.0602187293213174,1,2.5,-2.5,1006064.5174127197,
2015-01-23,65.68263244628906,60.63872909545898,-1.926681556648405,1,2.5,-2.5,1006318.4923272704,
2015-01-26,65.68263244628906,60.5117416381836,-1.9143191904274448,1,2.5,-2.5,1006064.5174127197,
2015-01-27,65.68263244628906,60.63872909545898,-1.7975806507774064,1,2.5,-2.5,1006318.4923272704,
2015-01-28,65.98673248291016,60.63872909545898,-1.907478604291221,1,2.5,-2.5,1005710.2922540283,
2015-01-29,65.37855529785156,60.321250915527344,-2.1152659596033985,1,2.5,-2.5,1006291.6902642822,
2015-01-30,63.24994659423828,60.63872909545898,-0.32714908715644436,1,2.5,-2.5,1011183.864031372,
2015-02-02,64.46629333496094,60.575233459472656,-1.1906953933429254,1,2.5,-2.5,1008624.179277954,
2015-02-03,63.554046630859375,60.63872909545898,-0.45944313225899713,1,2.5,-2.5,1010575.6639581298,
2015-02-04,63.85811614990234,60.82921600341797,-0.5374549055166793,1,2.5,-2.5,1010348.4987359619,
2015-02-05,64.7703857421875,60.95621109008789,-1.3177560497880245,1,2.5,-2.5,1008777.9497247314,
2015-02-06,65.07447052001953,60.95621109008789,-1.4780149656359565,1,2.5,-2.5,1008169.7801690673,
2015-02-09,65.07447052001953,60.70222091674805,-1.5382453052994045,1,2.5,-2.5,1007661.7998223876,
2015-02-10,65.07447052001953,60.95621109008789,-1.3042956394203167,1,2.5,-2.5,1008169.7801690673,
2015-02-11,65.37855529785156,60.95621109008789,-1.4510697881946475,1,2.5,-2.5,1007561.6106134033,
2015-02-12,65.07447052001953,61.2736930847168,-3.809458128603552,1,2.5,-2.5,1008804.7441583251,
2015-02-13,65.37855529785156,61.52766799926758,-3.0430958859634614,1,2.5,-2.5,1008704.5244317626,
2015-02-24,66.29080963134766,62.60710525512695,-2.691406458819199,1,2.5,-2.5,1009038.8902764892,
2015-02-25,67.20306396484375,62.7975959777832,-3.5404467876512347,1,2.5,-2.5,1007595.3630548095,
2015-02-26,65.37855529785156,62.35312271118164,-0.7929062245971016,1,2.5,-2.5,1010355.4338555908,
2015-03-02,66.89898681640625,62.22613906860352,-1.728294064290182,1,2.5,-2.5,1007060.6035333251,
2015-03-03,66.89898681640625,62.22613906860352,-1.6144646784890377,1,2.5,-2.5,1007060.6035333251,
2015-03-04,66.29080963134766,62.22613906860352,-1.0307412801885654,1,2.5,-2.5,1008276.9579034423,
2015-03-05,65.98673248291016,62.22613906860352,-0.7181425938328617,1,2.5,-2.5,1008885.1122003173,
2015-03-06,65.68263244628906,62.22613906860352,-0.42414673534709213,1,2.5,-2.5,1009493.3122735595,
2015-03-09,64.46629333496094,61.71815872192383,0.30140440598576695,0,2.5,-2.5,1010844.9824247741,Close
2015-03-10,65.98673248291016,61.78166580200195,-0.8942875958050239,0,2.5,-2.5,1010844.9824247741,
2015-03-11,65.98673248291016,61.78166580200195,-0.8364630912886598,0,2.5,-2.5,1010844.9824247741,
2015-03-12,65.98673248291016,61.90864181518555,-0.6988904637933431,0,2.5,-2.5,1010844.9824247741,
2015-03-13,66.89898681640625,62.54360580444336,-0.9955476834968684,0,2.5,-2.5,1010844.9824247741,
2015-03-16,65.68263244628906,62.22613906860352,-0.35267869828761345,0,2.5,-2.5,1010844.9824247741,
2015-03-17,66.59490203857422,62.48012161254883,-1.1888136727247083,0,2.5,-2.5,1010844.9824247741,
2015-03-18,65.98673248291016,62.60710525512695,-0.18685256345287068,0,2.5,-2.5,1010844.9824247741,
2015-03-19,66.59490203857422,62.8610954284668,-0.5704609584074037,0,2.5,-2.5,1010844.9824247741,
2015-03-20,67.81124877929688,62.92458724975586,-1.6309491718199465,0,2.5,-2.5,1010844.9824247741,
2015-03-23,67.20306396484375,62.73408889770508,-1.4019032521043062,0,2.5,-2.5,1010844.9824247741,
2015-03-24,67.50716400146484,63.30556106567383,-1.0521683059681517,0,2.5,-2.5,1010844.9824247741,
2015-03-25,67.20306396484375,63.1785774230957,-0.6744380416452073,0,2.5,-2.5,1010844.9824247741,
2015-03-26,66.89898681640625,63.36906051635742,-0.15232359451721578,0,2.5,-2.5,1010844.9824247741,
2015-03-27,66.89898681640625,63.1785774230957,-0.22449393817121838,0,2.5,-2.5,1010844.9824247741,
2015-03-30,66.89898681640625,63.1785774230957,-0.143593094713954,0,2.5,-2.5,1010844.9824247741,
2015-03-31,66.59490203857422,63.1785774230957,0.10599602816951773,0,2.5,-2.5,1010844.9824247741,
2015-04-01,66.29080963134766,62.67060470581055,0.08974341265476234,0,2.5,-2.5,1010844.9824247741,
2015-04-02,67.50716400146484,63.051570892333984,-0.5200533730579682,0,2.5,-2.5,1010844.9824247741,
2015-04-07,66.89898681640625,62.73408889770508,-0.2218298128020358,0,2.5,-2.5,1010844.9824247741,
2015-04-08,65.68263244628906,62.73408889770508,0.9289686362355468,0,2.5,-2.5,1010844.9824247741,
2015-04-09,67.20306396484375,62.92458724975586,-0.46774727062812843,0,2.5,-2.5,1010844.9824247741,
2015-04-10,65.68263244628906,63.1785774230957,1.1828774877331247,0,2.5,-2.5,1010844.9824247741,
2015-04-13,67.20306396484375,63.242069244384766,-0.20077871688527482,0,2.5,-2.5,1010844.9824247741,
2015-04-14,66.29080963134766,62.8610954284668,0.42825212323981765,0,2.5,-2.5,1010844.9824247741,
2015-04-15,63.554046630859375,61.90864181518555,1.6589016182212937,0,2.5,-2.5,1010844.9824247741,
2015-04-16,63.24994659423828,62.28962326049805,2.0065937469643123,0,2.5,-2.5,1010844.9824247741,
2015-04-17,62.94586181640625,61.97214889526367,2.0085641642325407,0,2.5,-2.5,1010844.9824247741,
2015-04-20,62.94586181640625,62.0991325378418,2.0028570918709043,0,2.5,-2.5,1010844.9824247741,
2015-04-21,64.46629333496094,62.22613906860352,1.0154733592730742,0,2.5,-2.5,1010844.9824247741,
2015-04-22,64.7703857421875,62.22613906860352,0.4069178730275335,0,2.5,-2.5,1010844.9824247741,
2015-04-23,65.68263244628906,62.73408889770508,0.20415205031204411,0,2.5,-2.5,1010844.9824247741,
2015-04-24,66.59490203857422,63.11507797241211,-0.019942875783490688,0,2.5,-2.5,1010844.9824247741,
2015-04-27,66.59490203857422,63.051570892333984,-0.035023732938462004,0,2.5,-2.5,1010844.9824247741,
2015-04-28,66.29080963134766,63.051570892333984,0.056848667305296474,0,2.5,-2.5,1010844.9824247741,
2015-04-29,65.98673248291016,63.11507797241211,0.4157712268413552,0,2.5,-2.5,1010844.9824247741,
2015-04-30,65.68263244628906,62.8610954284668,0.4713635247165978,0,2.5,-2.5,1010844.9824247741,
2015-05-04,65.98673248291016,62.8610954284668,0.2033671090395989,0,2.5,-2.5,1010844.9824247741,
2015-05-05,65.68263244628906,63.051570892333984,0.4950811906322726,0,2.5,-2.5,1010844.9824247741,
2015-05-06,66.29080963134766,63.11507797241211,0.0650928614363838,0,2.5,-2.5,1010844.9824247741,
2015-05-07,66.59490203857422,62.67060470581055,-0.5343326135045299,0,2.5,-2.5,1010844.9824247741,
2015-05-08,65.98673248291016,62.7975959777832,0.17146338157774663,0,2.5,-2.5,1010844.9824247741,
2015-05-11,66.59490203857422,62.92458724975586,-0.2954870415333187,0,2.5,-2.5,1010844.9824247741,
2015-05-12,65.68263244628906,62.92458724975586,0.5233198001411046,0,2.5,-2.5,1010844.9824247741,
2015-05-13,64.7703857421875,62.67060470581055,1.1451740800308854,0,2.5,-2.5,1010844.9824247741,
2015-05-14,65.37855529785156,62.48012161254883,0.4026388711134043,0,2.5,-2.5,1010844.9824247741,
2015-05-15,64.46629333496094,62.48012161254883,1.0890332120054895,0,2.5,-2.5,1010844.9824247741,
2015-05-18,65.07447052001953,62.48012161254883,0.642084173734662,0,2.5,-2.5,1010844.9824247741,
2015-05-19,65.98673248291016,62.8610954284668,0.13909686346379013,0,2.5,-2.5,1010844.9824247741,
2015-05-20,65.98673248291016,62.54360580444336,-0.05089085697239746,0,2.5,-2.5,1010844.9824247741,
2015-05-21,64.46629333496094,61.97214889526367,1.459373735163764,0,2.5,-2.5,1010844.9824247741,
2015-05-22,64.7703857421875,62.35312271118164,1.1478209308497422,0,2.5,-2.5,1010844.9824247741,
2015-05-25,65.37855529785156,62.22613906860352,0.288917675070931,0,2.5,-2.5,1010844.9824247741,
2015-05-26,65.07447052001953,62.0991325378418,0.46188978957234567,0,2.5,-2.5,1010844.9824247741,
2015-05-27,65.37855529785156,62.0991325378418,0.15295053732741454,0,2.5,-2.5,1010844.9824247741,
2015-05-28,64.46629333496094,61.78166580200195,1.2423435988385216,0,2.5,-2.5,1010844.9824247741,
2015-05-29,65.68263244628906,61.5911750793457,-0.7118670681948329,0,2.5,-2.5,1010844.9824247741,
2015-06-01,64.46629333496094,61.6546745300293,0.7978857120972035,0,2.5,-2.5,1010844.9824247741,
2015-06-02,63.85811614990234,61.52766799926758,1.3105135091873235,0,2.5,-2.5,1010844.9824247741,
2015-06-03,64.16222381591797,61.33719253540039,0.7811926431272098,0,2.5,-2.5,1010844.9824247741,
2015-06-04,63.24994659423828,60.82921600341797,1.6424088205275187,0,2.5,-2.5,1010844.9824247741,
2015-06-05,62.94586181640625,60.95621109008789,1.9755978454188008,0,2.5,-2.5,1010844.9824247741,
2015-06-08,63.85811614990234,62.0356330871582,1.690278150098787,0,2.5,-2.5,1010844.9824247741,
2015-06-09,63.554046630859375,61.5911750793457,1.597803845259418,0,2.5,-2.5,1010844.9824247741,
2015-06-10,63.554046630859375,61.5911750793457,1.5264608401457616,0,2.5,-2.5,1010844.9824247741,
2015-06-11,64.46629333496094,61.90864181518555,0.6825657057864581,0,2.5,-2.5,1010844.9824247741,
2015-06-12,63.554046630859375,61.5911750793457,1.4010212017042034,0,2.5,-2.5,1010844.9824247741,
2015-06-15,63.554046630859375,61.33719253540039,1.1871360460360074,0,2.5,-2.5,1010844.9824247741,
2015-06-16,63.554046630859375,60.95621109008789,0.8616583959670963,0,2.5,-2.5,1010844.9824247741,
2015-06-17,62.64176940917969,60.765716552734375,1.6667148803760092,0,2.5,-2.5,1010844.9824247741,
2015-06-18,64.16222381591797,60.8927116394043,0.037734404331291375,0,2.5,-2.5,1010844.9824247741,
2015-06-22,64.46629333496094,61.40068435668945,0.07425791724416114,0,2.5,-2.5,1010844.9824247741,
2015-06-23,65.07447052001953,61.5911750793457,-0.5313928005081754,0,2.5,-2.5,1010844.9824247741,
2015-06-24,65.07447052001953,61.71815872192383,-0.4334619237083205,0,2.5,-2.5,1010844.9824247741,
2015-06-25,65.37855529785156,61.90864181518555,-0.6557102366766113,0,2.5,-2.5,1010844.9824247741,
2015-06-26,66.08431243896484,61.90864181518555,-1.3700341872513744,0,2.5,-2.5,1010844.9824247741,
2015-06-29,67.04670715332031,61.90864181518555,-2.513395785223902,1,2.5,-2.5,1010779.8242108154,Long Spread
2015-06-30,66.08431243896484,62.48012161254883,-0.9567572979572445,1,2.5,-2.5,1013847.5732342529,
2015-07-01,67.36750793457031,62.22613906860352,-2.7401063012453135,1,2.5,-2.5,1010773.2171551513,
2015-07-02,66.08431243896484,62.28962326049805,-1.1545298138813203,1,2.5,-2.5,1013466.5765301513,
2015-07-03,66.08431243896484,62.4166145324707,-0.43050026824199006,1,2.5,-2.5,1013720.5590740966,
2015-07-06,65.44271850585938,62.4166145324707,-0.11559000574489475,1,2.5,-2.5,1015003.7469403076,
2015-07-07,65.44271850585938,62.67060470581055,-0.020589863098326663,1,2.5,-2.5,1015511.7272869872,
2015-07-08,65.44271850585938,62.22613906860352,-0.2007802179548677,1,2.5,-2.5,1014622.7960125732,
2015-07-09,64.1595230102539,62.0356330871582,0.41030829553419,0,2.5,-2.5,1016743.1272346496,Close
2015-07-10,64.1595230102539,62.0356330871582,1.2485028614688416,0,2.5,-2.5,1016743.1272346496,
2015-07-13,64.48031616210938,62.35312271118164,1.0294841673359771,0,2.5,-2.5,1016743.1272346496,
2015-07-14,66.08431243896484,62.35312271118164,-1.2301040557086644,0,2.5,-2.5,1016743.1272346496,
2015-07-15,65.44271850585938,62.35312271118164,-0.25775350689951804,0,2.5,-2.5,1016743.1272346496,
2015-07-16,65.76351928710938,63.39278793334961,0.29889565592957595,0,2.5,-2.5,1016743.1272346496,
2015-07-17,65.44271850585938,63.52638244628906,0.9734180921004628,0,2.5,-2.5,1016743.1272346496,
2015-07-20,64.48031616210938,63.459590911865234,2.227604131722074,0,2.5,-2.5,1016743.1272346496,
2015-07-21,64.48031616210938,63.52638244628906,2.1701970954718672,0,2.5,-2.5,1016743.1272346496,
2015-07-22,64.80111694335938,63.65999221801758,1.7521679432738861,0,2.5,-2.5,1016743.1272346496,
2015-07-23,65.12191772460938,63.72678756713867,1.3084939376835387,0,2.5,-2.5,1016743.1272346496,
2015-07-24,66.40510559082031,63.79358673095703,-0.3586908230643966,0,2.5,-2.5,1016743.1272346496,
2015-07-27,65.76351928710938,64.1275863647461,0.792128992055648,0,2.5,-2.5,1016743.1272346496,
2015-07-28,65.76351928710938,63.79358673095703,0.44771839894149273,0,2.5,-2.5,1016743.1272346496,
2015-07-29,65.44271850585938,64.1275863647461,1.1150185752344879,0,2.5,-2.5,1016743.1272346496,
2015-07-30,66.08431243896484,64.46158599853516,0.5797791062851765,0,2.5,-2.5,1016743.1272346496,
2015-07-31,67.04670715332031,65.46358489990234,0.3308944572570237,0,2.5,-2.5,1016743.1272346496,
2015-08-03,66.40510559082031,65.32997131347656,1.0603896816110023,0,2.5,-2.5,1016743.1272346496,
2015-08-04,67.36750793457031,66.06477355957031,0.3502756433457505,0,2.5,-2.5,1016743.1272346496,
2015-08-05,67.68830108642578,66.33196258544922,0.15493405913603106,0,2.5,-2.5,1016743.1272346496,
2015-08-06,66.40510559082031,65.86437225341797,1.3517766760149676,0,2.5,-2.5,1016743.1272346496,
2015-08-07,67.04670715332031,65.46358489990234,0.22109926770001775,0,2.5,-2.5,1016743.1272346496,
2015-08-10,66.08431243896484,65.59717559814453,1.9758531954428524,0,2.5,-2.5,1016743.1272346496,
2015-08-11,66.08431243896484,65.9311752319336,2.2250567055314074,0,2.5,-2.5,1016743.1272346496,
2015-08-12,65.44271850585938,66.13157653808594,3.2751969332732283,-1,2.5,-2.5,1016677.8642628478,Short Spread
2015-08-13,65.76351928710938,65.73078155517578,2.200812388171861,-1,2.5,-2.5,1018121.0557911681,
2015-08-14,65.76351928710938,65.12957000732422,1.0413421998605525,-1,2.5,-2.5,1019323.4788868712,
2015-08-17,64.80111694335938,65.06277465820312,2.0057122328220993,-1,2.5,-2.5,1017532.2648976134,
2015-08-18,64.48031616210938,65.73078155517578,2.8552507961684053,-1,2.5,-2.5,1015554.6495411681,
2015-08-19,65.12191772460938,65.73078155517578,2.159036026452164,-1,2.5,-2.5,1016837.8526661681,
2015-08-20,64.48031616210938,65.39677429199219,2.5764570155088924,-1,2.5,-2.5,1016222.6640675353,
2015-08-21,64.1595230102539,65.12957000732422,1.578967060590731,-1,2.5,-2.5,1016115.4863331603,
2015-08-24,62.49136734008789,63.52638244628906,1.897535329391846,-1,2.5,-2.5,1015985.5501148986,
2015-08-25,62.17058181762695,63.65999221801758,2.1571595839916484,-1,2.5,-2.5,1015076.7595265197,
2015-08-26,62.23473739624024,63.52638244628906,2.037968688842598,-1,2.5,-2.5,1015472.2902272033,
2015-08-27,63.06880569458008,64.19438171386719,1.7771568456227511,-1,2.5,-2.5,1015804.4282887267,
2015-08-28,63.00465774536133,64.19438171386719,1.282739429780698,-1,2.5,-2.5,1015676.1323902892,
2015-08-31,62.74801254272461,65.99796295166016,2.053020351303707,-1,2.5,-2.5,1011555.6795094298,
2015-09-01,63.83872222900391,65.06277465820312,1.1762541990786457,-1,2.5,-2.5,1015607.4754689025,
2015-09-02,64.03120422363281,64.79558563232422,0.9839253708626887,-1,2.5,-2.5,1016526.8175099181,
2015-09-03,65.12191772460938,64.99598693847656,0.4895643481853665,-1,2.5,-2.5,1018307.4418995666,
2015-09-04,64.03120422363281,65.12957000732422,1.8347591987068963,-1,2.5,-2.5,1015858.8487599181,
2015-09-07,64.80111694335938,65.12957000732422,1.1020814879400698,-1,2.5,-2.5,1017398.6741993712,
2015-09-08,64.1595230102539,64.46158599853516,1.197011492821476,-1,2.5,-2.5,1017451.4543507384,
2015-09-09,64.1595230102539,65.12957000732422,1.5386875399218671,-1,2.5,-2.5,1016115.4863331603,
2015-09-10,64.1595230102539,65.12957000732422,1.4911305371266044,-1,2.5,-2.5,1016115.4863331603,
2015-09-11,64.80111694335938,65.46358489990234,1.057833867313564,-1,2.5,-2.5,1016730.644414215,
2015-09-14,64.80111694335938,65.46358489990234,1.007115900983509,-1,2.5,-2.5,1016730.644414215,
2015-09-15,65.12191772460938,65.73078155517578,0.857515136347376,-1,2.5,-2.5,1016837.8526661681,
2015-09-16,64.80111694335938,65.73078155517578,1.0433565054201264,-1,2.5,-2.5,1016196.2511036681,
2015-09-17,64.80111694335938,65.79756927490234,1.0238616233341888,-1,2.5,-2.5,1016062.675664215,
2015-09-18,66.72590637207031,65.79756927490234,-0.834467220471693,0,2.5,-2.5,1019846.953582611,Close
2015-09-21,65.76351928710938,65.12957000732422,-0.1731862840207859,0,2.5,-2.5,1019846.953582611,
2015-09-22,66.72590637207031,65.66397094726562,-0.9457393117484933,0,2.5,-2.5,1019846.953582611,
2015-09-23,64.80111694335938,65.26316833496094,1.010707730979933,0,2.5,-2.5,1019846.953582611,
2015-09-24,64.80111694335938,65.5303726196289,1.126056289320958,0,2.5,-2.5,1019846.953582611,
2015-09-25,64.1595230102539,65.46358489990234,2.034041808574389,0,2.5,-2.5,1019846.953582611,
2015-09-29,64.1595230102539,65.46358489990234,1.7036152226009016,0,2.5,-2.5,1019846.953582611,
2015-09-30,64.48031616210938,65.99796295166016,1.5843574649399734,0,2.5,-2.5,1019846.953582611,
2015-10-01,64.1595230102539,65.9311752319336,1.7346299946388581,0,2.5,-2.5,1019846.953582611,
2015-10-02,64.48031616210938,66.13157653808594,1.4578620669873665,0,2.5,-2.5,1019846.953582611,
2015-10-05,63.90288925170898,65.86437225341797,2.441510435604139,0,2.5,-2.5,1019846.953582611,
2015-10-06,64.1595230102539,65.86437225341797,1.661674429095106,0,2.5,-2.5,1019846.953582611,
2015-10-07,64.48031616210938,65.79756927490234,1.0726820251358922,0,2.5,-2.5,1019846.953582611,
2015-10-08,64.48031616210938,65.79756927490234,0.9746398218917596,0,2.5,-2.5,1019846.953582611,
2015-10-12,64.80111694335938,66.13157653808594,0.8244677974190059,0,2.5,-2.5,1019846.953582611,
2015-10-13,65.12191772460938,66.06477355957031,0.6591915899241464,0,2.5,-2.5,1019846.953582611,
2015-10-14,64.48031616210938,66.06477355957031,1.4051718620617057,0,2.5,-2.5,1019846.953582611,
2015-10-15,65.12191772460938,66.33196258544922,0.7009557751498783,0,2.5,-2.5,1019846.953582611,
2015-10-16,66.08431243896484,65.9311752319336,-0.8327312867193134,0,2.5,-2.5,1019846.953582611,
2015-10-19,65.44271850585938,66.66596984863281,0.5085821980355535,0,2.5,-2.5,1019846.953582611,
2015-10-20,66.08431243896484,66.79956817626953,-0.15600359501917846,0,2.5,-2.5,1019846.953582611,
2015-10-21,64.80111694335938,66.66596984863281,1.0013474876494755,0,2.5,-2.5,1019846.953582611,
2015-10-22,65.44271850585938,66.73277282714844,0.3510831073704623,0,2.5,-2.5,1019846.953582611,
2015-10-23,65.44271850585938,66.79956817626953,0.3582387754477,0,2.5,-2.5,1019846.953582611,
2015-10-26,66.72590637207031,67.13356018066406,-0.648727994003883,0,2.5,-2.5,1019846.953582611,
2015-10-27,66.08431243896484,67.13356018066406,-0.04772562284623646,0,2.5,-2.5,1019846.953582611,
2015-10-28,66.08431243896484,67.13356018066406,-0.06458929964731216,0,2.5,-2.5,1019846.953582611,
2015-10-29,65.76351928710938,67.13356018066406,0.10001159714801547,0,2.5,-2.5,1019846.953582611,
2015-10-30,65.76351928710938,66.59916687011719,-0.14941156298318153,0,2.5,-2.5,1019846.953582611,
2015-11-02,65.12191772460938,67.13356018066406,0.4577668688067582,0,2.5,-2.5,1019846.953582611,
2015-11-03,65.44271850585938,66.79956817626953,0.18478759625459912,0,2.5,-2.5,1019846.953582611,
2015-11-04,65.44271850585938,66.79956817626953,0.12644626168147094,0,2.5,-2.5,1019846.953582611,
2015-11-05,65.44271850585938,66.79956817626953,0.0915697005862867,0,2.5,-2.5,1019846.953582611,
2015-11-06,65.76351928710938,66.13157653808594,-0.640316594505591,0,2.5,-2.5,1019846.953582611,
2015-11-09,65.44271850585938,66.26517486572266,-0.25352044013055525,0,2.5,-2.5,1019846.953582611,
2015-11-10,64.48031616210938,65.79756927490234,0.20608532229665844,0,2.5,-2.5,1019846.953582611,
2015-11-11,64.48031616210938,65.79756927490234,0.19533403974291827,0,2.5,-2.5,1019846.953582611,
2015-11-12,64.48031616210938,66.13157653808594,0.34964703510821754,0,2.5,-2.5,1019846.953582611,
2015-11-13,64.1595230102539,65.5303726196289,0.26783463038386374,0,2.5,-2.5,1019846.953582611,
2015-11-16,64.1595230102539,64.99598693847656,0.014892448339886684,0,2.5,-2.5,1019846.953582611,
2015-11-17,64.48031616210938,66.465576171875,0.9557054051039559,0,2.5,-2.5,1019846.953582611,
2015-11-18,65.12191772460938,65.99796295166016,-0.2618854251464585,0,2.5,-2.5,1019846.953582611,
2015-11-19,64.80111694335938,66.79956817626953,0.75229420448932,0,2.5,-2.5,1019846.953582611,
2015-11-20,64.80111694335938,66.33196258544922,0.37938807973680444,0,2.5,-2.5,1019846.953582611,
2015-11-23,64.48031616210938,66.39877319335938,0.7577896897485283,0,2.5,-2.5,1019846.953582611,
2015-11-24,64.80111694335938,66.13157653808594,0.36151510127701453,0,2.5,-2.5,1019846.953582611,
2015-11-25,63.710411071777344,66.13157653808594,1.9000449977813791,0,2.5,-2.5,1019846.953582611,
2015-11-26,63.6462516784668,66.33196258544922,1.9932034793266178,0,2.5,-2.5,1019846.953582611,
2015-11-27,64.1595230102539,66.13157653808594,1.0527082385176498,0,2.5,-2.5,1019846.953582611,
2015-11-30,63.26129150390625,66.66596984863281,2.513776332195414,-1,2.5,-2.5,1019781.756492157,Short Spread
2015-12-01,64.1595230102539,66.73277282714844,1.7094656559012793,-1,2.5,-2.5,1021444.6135478211,
2015-12-02,63.710411071777344,66.19837188720703,1.7634884200685619,-1,2.5,-2.5,1021615.1915507508,
2015-12-03,63.51792907714844,65.9311752319336,1.7266294173200354,-1,2.5,-2.5,1021764.6208720398,
2015-12-04,63.38960647583008,66.13157653808594,2.078049401288984,-1,2.5,-2.5,1021107.1730570984,
2015-12-07,63.3254508972168,66.13157653808594,2.132822841281961,-1,2.5,-2.5,1020978.8618998718,
2015-12-08,62.87633514404297,65.86437225341797,2.5008898779760873,-1,2.5,-2.5,1020615.0389628601,
2015-12-09,62.87633514404297,65.73078155517578,2.3110340391295523,-1,2.5,-2.5,1020882.2203593445,
2015-12-10,62.5555419921875,65.79756927490234,2.7841862017663757,-1,2.5,-2.5,1020107.0586161804,
2015-12-11,62.87633514404297,65.46358489990234,1.9284072572986313,-1,2.5,-2.5,1021416.6136698914,
2015-12-14,62.42721176147461,65.32997131347656,2.3945991517380265,-1,2.5,-2.5,1020785.5940776062,
2015-12-15,62.23473739624024,65.46358489990234,2.5780976805074434,-1,2.5,-2.5,1020133.4181742859,
2015-12-16,62.29888916015625,65.46358489990234,2.403686482214786,-1,2.5,-2.5,1020261.7217021179,
2015-12-17,63.26129150390625,65.73078155517578,1.2524775881572103,-1,2.5,-2.5,1021652.1330790711,
2015-12-18,62.68385696411133,65.79756927490234,2.0608677193448504,-1,2.5,-2.5,1020363.6885600281,
2015-12-21,63.38960647583008,65.59717559814453,0.8514788350891741,-1,2.5,-2.5,1022175.9749369812,
2015-12-22,62.94049072265625,66.39877319335938,2.235278452646289,-1,2.5,-2.5,1019674.5482402039,
2015-12-23,62.87633514404297,66.39877319335938,2.2794520312970743,-1,2.5,-2.5,1019546.2370829773,
2015-12-24,63.1971435546875,66.39877319335938,1.7955822872625238,-1,2.5,-2.5,1020187.8539042664,
2015-12-25,63.3254508972168,66.465576171875,1.654730830207517,-1,2.5,-2.5,1020310.8626322937,
2015-12-28,63.58208847045898,66.465576171875,1.2704093305479836,-1,2.5,-2.5,1020824.1377787781,
2015-12-29,63.06880569458008,66.13157653808594,1.6517488441354342,-1,2.5,-2.5,1020465.5714945984,
2015-12-30,62.87633514404297,66.19837188720703,1.9549708166731539,-1,2.5,-2.5,1019947.039695282,
2015-12-31,64.1595230102539,66.19837188720703,0.12819435189051953,-1,2.5,-2.5,1022513.4154277039,
2016-01-04,62.87633514404297,65.59717559814453,1.3018007692622227,-1,2.5,-2.5,1021149.432273407,
2016-01-05,63.13297271728516,65.99796295166016,1.3052564853674575,-1,2.5,-2.5,1020861.1327128601,
2016-01-06,62.5555419921875,65.9311752319336,2.0006691070277705,-1,2.5,-2.5,1019839.8467021179,
2016-01-07,62.5555419921875,66.26517486572266,2.288569825615266,-1,2.5,-2.5,1019171.8474345398,
2016-01-08,62.5555419921875,66.39877319335938,2.3615523958188405,-1,2.5,-2.5,1018904.6507792664,
2016-01-11,63.06880569458008,66.79956817626953,1.952973244452808,-1,2.5,-2.5,1019129.5882182312,
2016-01-12,63.83872222900391,67.46756744384766,1.48473924280142,-1,2.5,-2.5,1019333.4227519226,
2016-01-13,63.83872222900391,67.80155944824219,2.4648163548058313,-1,2.5,-2.5,1018665.4387431336,
2016-01-14,63.774559020996094,68.46955871582031,3.334242682590175,-1,2.5,-2.5,1017201.1137919617,
2016-01-15,62.87633514404297,67.46756744384766,3.4792510268094294,-1,2.5,-2.5,1017408.6485820008,
2016-01-18,62.87633514404297,66.79956817626953,2.450562939835119,-1,2.5,-2.5,1018744.647117157,
2016-01-19,62.87633514404297,67.80155944824219,3.5326326340246204,-1,2.5,-2.5,1016740.6645732117,
2016-01-20,62.23473739624024,67.80155944824219,4.5308689028912195,-1,2.5,-2.5,1015457.4690776062,
2016-01-21,62.23473739624024,67.13356018066406,3.5525469319505008,-1,2.5,-2.5,1016793.4676127625,
2016-01-22,63.710411071777344,67.13356018066406,0.897383043071329,-1,2.5,-2.5,1019744.8149638367,
2016-01-25,64.09535217285156,68.13555145263672,1.3828733749940014,-1,2.5,-2.5,1018510.7146220398,
2016-01-26,63.06880569458008,68.13555145263672,3.071381787108934,-1,2.5,-2.5,1016457.6216654968,
2016-01-27,63.6462516784668,68.13555145263672,1.856089343541141,-1,2.5,-2.5,1017612.5136332703,
2016-01-28,63.90288925170898,68.46955871582031,1.766406697574677,-1,2.5,-2.5,1017457.7742533875,
2016-01-29,64.1595230102539,68.80355072021484,1.6740827125252016,-1,2.5,-2.5,1017303.0577616883,
2016-01-30,64.1595230102539,68.80355072021484,1.5882559624647519,-1,2.5,-2.5,1017303.0577616883,
2016-02-01,64.09535217285156,68.80355072021484,1.6158208138231125,-1,2.5,-2.5,1017174.7160868836,
2016-02-02,63.90288925170898,68.80355072021484,2.5649227983017115,-1,2.5,-2.5,1016789.7902445984,
2016-02-03,63.90288925170898,68.80355072021484,2.251059578582528,-1,2.5,-2.5,1016789.7902445984,
2016-02-15,63.58208847045898,69.80554962158203,4.059397256396089,-1,2.5,-2.5,1014144.190879364,
2016-02-16,64.1595230102539,70.1395492553711,3.170943293006356,-1,2.5,-2.5,1014631.0606913758,
2016-02-17,65.12191772460938,70.47354125976562,1.6573848290918363,-1,2.5,-2.5,1015887.8661112976,
2016-02-18,65.44271850585938,69.80554962158203,0.14209341156864266,-1,2.5,-2.5,1017865.4509501648,
2016-02-19,64.80111694335938,70.1395492553711,1.843025290240525,-1,2.5,-2.5,1015914.2485575867,
2016-02-22,64.80111694335938,69.47154998779297,0.7912377393626406,-1,2.5,-2.5,1017250.2470927429,
2016-02-23,65.44271850585938,69.47154998779297,-0.5764798892298992,0,2.5,-2.5,1018468.0536470031,Close
2016-02-24,64.1595230102539,68.80355072021484,1.0008593379344635,0,2.5,-2.5,1018468.0536470031,
2016-02-25,65.44271850585938,69.80554962158203,-0.14808522751391864,0,2.5,-2.5,1018468.0536470031,
2016-02-26,65.76351928710938,69.80554962158203,-0.6601496529976321,0,2.5,-2.5,1018468.0536470031,
2016-03-01,66.40510559082031,70.47354125976562,-0.9849491225616703,0,2.5,-2.5,1018468.0536470031,
2016-03-02,66.40510559082031,70.47354125976562,-1.0546021948833533,0,2.5,-2.5,1018468.0536470031,
2016-03-03,66.72590637207031,70.80754089355469,-1.2114054276693307,0,2.5,-2.5,1018468.0536470031,
2016-03-04,65.44271850585938,70.80754089355469,0.32615879110604123,0,2.5,-2.5,1018468.0536470031,
2016-03-07,66.40510559082031,70.80754089355469,-0.2636354144845702,0,2.5,-2.5,1018468.0536470031,
2016-03-08,66.08431243896484,70.1395492553711,-0.3959328377029823,0,2.5,-2.5,1018468.0536470031,
2016-03-09,65.44271850585938,70.47354125976562,0.2104603184031829,0,2.5,-2.5,1018468.0536470031,
2016-03-10,65.76351928710938,70.80754089355469,0.1480681173567689,0,2.5,-2.5,1018468.0536470031,
2016-03-11,66.08431243896484,70.80754089355469,-0.13279306741356586,0,2.5,-2.5,1018468.0536470031,
2016-03-14,66.08431243896484,70.80754089355469,-0.14535390950043056,0,2.5,-2.5,1018468.0536470031,
2016-03-15,66.08431243896484,71.47554016113281,0.33323935804505384,0,2.5,-2.5,1018468.0536470031,
2016-03-16,65.76351928710938,71.80953216552734,0.9146345978921446,0,2.5,-2.5,1018468.0536470031,
2016-03-17,67.04670715332031,72.1435317993164,-0.2171533907098888,0,2.5,-2.5,1018468.0536470031,
2016-03-18,66.08431243896484,72.47752380371094,0.9028217513759745,0,2.5,-2.5,1018468.0536470031,
2016-03-21,66.72590637207031,72.1435317993164,0.09551297130908923,0,2.5,-2.5,1018468.0536470031,
2016-03-22,67.36750793457031,72.8115234375,-0.08134161160565115,0,2.5,-2.5,1018468.0536470031,
2016-03-23,67.36750793457031,72.8115234375,-0.0890063039703591,0,2.5,-2.5,1018468.0536470031,
2016-03-24,67.36750793457031,73.4795150756836,0.3778236201365676,0,2.5,-2.5,1018468.0536470031,
2016-03-25,67.04670715332031,73.81352233886719,1.0930960538027197,0,2.5,-2.5,1018468.0536470031,
2016-03-28,67.04670715332031,73.14552307128906,0.4984675138387382,0,2.5,-2.5,1018468.0536470031,
2016-03-29,66.40510559082031,72.8115234375,0.9510919899663672,0,2.5,-2.5,1018468.0536470031,
2016-03-30,67.04670715332031,73.81352233886719,1.0019300799798678,0,2.5,-2.5,1018468.0536470031,
2016-03-31,67.04670715332031,73.14552307128906,0.4090055055511482,0,2.5,-2.5,1018468.0536470031,
2016-04-01,67.04670715332031,73.14552307128906,0.5664990718867409,0,2.5,-2.5,1018468.0536470031,
2016-04-06,65.76351928710938,71.47554016113281,0.6345341415060518,0,2.5,-2.5,1018468.0536470031,
2016-04-07,66.72590637207031,72.1435317993164,-0.1560522804257548,0,2.5,-2.5,1018468.0536470031,
2016-04-08,66.72590637207031,72.47752380371094,0.15959120569865642,0,2.5,-2.5,1018468.0536470031,
2016-04-11,68.00909423828125,73.14552307128906,-0.9556483644181025,0,2.5,-2.5,1018468.0536470031,
2016-04-12,67.68830108642578,73.14552307128906,-0.38805826525812154,0,2.5,-2.5,1018468.0536470031,
2016-04-13,67.68830108642578,73.4795150756836,-0.14759575440295447,0,2.5,-2.5,1018468.0536470031,
2016-04-14,67.36750793457031,73.14552307128906,-0.06077084583039258,0,2.5,-2.5,1018468.0536470031,
2016-04-15,68.32988739013672,73.81352233886719,-0.5946264103565755,0,2.5,-2.5,1018468.0536470031,
2016-04-18,68.32988739013672,74.14751434326172,-0.34154273397500834,0,2.5,-2.5,1018468.0536470031,
2016-04-19,68.32988739013672,73.14552307128906,-1.5531739439576322,0,2.5,-2.5,1018468.0536470031,
2016-04-20,68.00909423828125,72.8115234375,-1.373437915592785,0,2.5,-2.5,1018468.0536470031,
2016-04-21,68.00909423828125,73.4795150756836,-0.6214215218951387,0,2.5,-2.5,1018468.0536470031,
2016-04-22,68.00909423828125,73.81352233886719,-0.2588595007174516,0,2.5,-2.5,1018468.0536470031,
2016-04-25,68.00909423828125,74.48152160644531,0.44941390353330013,0,2.5,-2.5,1018468.0536470031,
2016-04-26,68.32988739013672,73.4795150756836,-1.1753478332148795,0,2.5,-2.5,1018468.0536470031,
2016-04-27,68.32988739013672,73.4795150756836,-1.1203092534531423,0,2.5,-2.5,1018468.0536470031,
2016-04-28,68.00909423828125,72.8115234375,-1.3624904381592144,0,2.5,-2.5,1018468.0536470031,
2016-04-29,68.32988739013672,72.8115234375,-1.8600587910307742,0,2.5,-2.5,1018468.0536470031,
2016-05-03,68.97149658203125,73.81352233886719,-1.680738795265933,0,2.5,-2.5,1018468.0536470031,
2016-05-04,68.97149658203125,73.81352233886719,-1.048961573024273,0,2.5,-2.5,1018468.0536470031,
2016-05-05,68.32988739013672,73.14552307128906,-0.9189344225203284,0,2.5,-2.5,1018468.0536470031,
2016-05-06,68.65069580078125,73.4795150756836,-1.0490029654191506,0,2.5,-2.5,1018468.0536470031,
2016-05-09,69.29228973388672,73.81352233886719,-1.5680338126965574,0,2.5,-2.5,1018468.0536470031,
2016-05-10,70.89627075195312,74.14751434326172,-3.3206403328292766,1,2.5,-2.5,1018402.2518955993,Long Spread
2016-05-11,71.2170639038086,73.81352233886719,-1.3945998469359482,1,2.5,-2.5,1017092.6815830993,
2016-05-12,71.2170639038086,74.48152160644531,-1.2057464346255318,1,2.5,-2.5,1018428.6801182556,
2016-05-13,70.89627075195312,74.81552124023438,-0.9505928792343253,1,2.5,-2.5,1019738.2656895446,
2016-05-16,70.89627075195312,73.81352233886719,-1.3239924740250912,1,2.5,-2.5,1017734.2678868102,
2016-05-17,71.53787231445312,73.81352233886719,-1.6869890231299671,1,2.5,-2.5,1016451.0647618102,
2016-05-18,71.8586654663086,74.14751434326172,-1.1320136403732988,1,2.5,-2.5,1016477.4624668884,
2016-05-19,70.89627075195312,73.14552307128906,-1.030830515856888,1,2.5,-2.5,1016398.269351654,
2016-05-20,71.2170639038086,73.4795150756836,-1.0510317623249186,1,2.5,-2.5,1016424.6670567321,
2016-05-23,70.89627075195312,73.4795150756836,-0.9279355799578699,1,2.5,-2.5,1017066.253360443,
2016-05-24,71.2170639038086,73.81352233886719,-0.9473675164037967,1,2.5,-2.5,1017092.6815830993,
2016-05-25,71.53787231445312,73.81352233886719,-1.2213259104809924,1,2.5,-2.5,1016451.0647618102,
2016-05-26,70.57546997070312,73.4795150756836,-0.9077403697900074,1,2.5,-2.5,1017707.854922943,
2016-05-27,71.2170639038086,73.81352233886719,-1.0911925957542137,1,2.5,-2.5,1017092.6815830993,
2016-05-30,71.53787231445312,73.4795150756836,-1.3484172593279333,1,2.5,-2.5,1015783.050235443,
2016-05-31,71.53787231445312,73.4795150756836,-1.3513993316290218,1,2.5,-2.5,1015783.050235443,
2016-06-01,70.89627075195312,73.81352233886719,-0.7288124108551077,1,2.5,-2.5,1017734.2678868102,
2016-06-02,70.89627075195312,74.14751434326172,-0.6400380872511297,1,2.5,-2.5,1018402.2518955993,
2016-06-03,71.8586654663086,74.81552124023438,-0.8309682050998404,1,2.5,-2.5,1017813.4762608337,
2016-06-04,71.8586654663086,74.81552124023438,-0.8268384331638632,1,2.5,-2.5,1017813.4762608337,
2016-06-06,71.8586654663086,74.81552124023438,-0.8222368194653448,1,2.5,-2.5,1017813.4762608337,
2016-06-07,72.50025177001953,75.1495132446289,-1.411559359789515,1,2.5,-2.5,1017198.2876622009,
2016-06-08,73.14186096191406,75.48351287841797,-1.6049222427737846,1,2.5,-2.5,1016583.0685459899,
2016-06-13,72.82106018066406,74.81552124023438,-1.6416550036477016,1,2.5,-2.5,1015888.6868321227,
2016-06-14,73.46265411376953,74.81552124023438,-1.9538561834637316,1,2.5,-2.5,1014605.4989659118,
2016-06-15,74.104248046875,75.1495132446289,-2.1293620255679024,1,2.5,-2.5,1013990.2951084899,
2016-06-16,72.82106018066406,74.81552124023438,-0.8228880115410515,1,2.5,-2.5,1015888.6868321227,
2016-06-17,73.46265411376953,75.1495132446289,-0.9253184340500394,1,2.5,-2.5,1015273.4829747009,
2016-06-20,73.78345489501953,75.48351287841797,-0.9228330878562152,1,2.5,-2.5,1015299.880679779,
2016-06-21,73.14186096191406,75.48351287841797,-0.68957574629321,1,2.5,-2.5,1016583.0685459899,
2016-06-22,73.14186096191406,75.8175048828125,-0.5874220374700195,1,2.5,-2.5,1017251.052554779,
2016-06-23,73.14186096191406,75.48351287841797,-3.31478680554501,1,2.5,-2.5,1016583.0685459899,
2016-06-24,72.1794662475586,75.1495132446289,-1.8401989830919059,1,2.5,-2.5,1017839.8587071227,
2016-06-27,72.50025177001953,74.81552124023438,-2.417934510987651,1,2.5,-2.5,1016530.3036534118,
2016-06-28,72.50025177001953,75.1495132446289,-1.8672529183680475,1,2.5,-2.5,1017198.2876622009,
2016-06-29,73.78345489501953,76.15150451660156,-2.4363292086818102,1,2.5,-2.5,1016635.8639561462,
2016-06-30,75.87419891357422,77.82148742675781,-5.205509481400324,1,2.5,-2.5,1015794.3417393493,
2016-07-01,75.87419891357422,78.82349395751953,-2.973813448214132,1,2.5,-2.5,1017798.3548008727,
2016-07-04,74.86255645751953,79.49148559570312,-0.4721369600721308,1,2.5,-2.5,1021157.6229893493,
2016-07-05,74.52533721923828,78.82349395751953,-0.5397979444694534,1,2.5,-2.5,1020496.0781895446,
2016-07-06,74.52533721923828,78.48949432373047,-0.7378025490175942,1,2.5,-2.5,1019828.0789219665,
2016-07-07,75.87419891357422,78.82349395751953,-1.1858883191492655,1,2.5,-2.5,1017798.3548008727,
2016-07-08,75.87419891357422,78.82349395751953,-1.2176583002194081,1,2.5,-2.5,1017798.3548008727,
2016-07-11,76.88587188720703,81.8294677734375,-0.32523314826334315,1,2.5,-2.5,1021786.956485443,
2016-07-12,76.21142578125,82.49746704101562,0.6650305344196699,0,2.5,-2.5,1024405.4988768005,Close
2016-07-13,76.88587188720703,81.16146850585938,-0.6954058751948549,0,2.5,-2.5,1024405.4988768005,
2016-07-14,75.19977569580078,80.15948486328125,0.18598599371986824,0,2.5,-2.5,1024405.4988768005,
2016-07-15,75.87419891357422,82.16346740722656,0.8851984295741775,0,2.5,-2.5,1024405.4988768005,
2016-07-18,76.88587188720703,82.83145904541016,0.4504731930874252,0,2.5,-2.5,1024405.4988768005,
2016-07-19,76.54863739013672,82.49746704101562,0.5868796925117736,0,2.5,-2.5,1024405.4988768005,
2016-07-20,76.21142578125,82.16346740722656,0.7284739880999904,0,2.5,-2.5,1024405.4988768005,
2016-07-21,76.54863739013672,82.852294921875,0.33546467496289767,0,2.5,-2.5,1024405.4988768005,
2016-07-22,74.86255645751953,81.10435485839844,0.504609691897895,0,2.5,-2.5,1024405.4988768005,
2016-07-25,74.1881103515625,81.10435485839844,0.7576292196151981,0,2.5,-2.5,1024405.4988768005,
2016-07-26,74.1881103515625,81.10435485839844,0.767902457018792,0,2.5,-2.5,1024405.4988768005,
2016-07-27,74.86255645751953,81.45393371582031,0.6228246879592249,0,2.5,-2.5,1024405.4988768005,
2016-07-28,75.53699493408203,81.45393371582031,0.2460286523473474,0,2.5,-2.5,1024405.4988768005,
2016-07-29,74.1881103515625,79.3564224243164,0.21561554779490888,0,2.5,-2.5,1024405.4988768005,
2016-08-01,74.86255645751953,80.40518188476562,0.23661475786934144,0,2.5,-2.5,1024405.4988768005,
2016-08-02,74.52533721923828,80.40518188476562,0.31734411097960263,0,2.5,-2.5,1024405.4988768005,
2016-08-03,74.52533721923828,80.75477600097656,0.3699280966527518,0,2.5,-2.5,1024405.4988768005,
2016-08-04,74.52533721923828,80.75477600097656,0.38120053019327277,0,2.5,-2.5,1024405.4988768005,
2016-08-05,74.86255645751953,80.40518188476562,0.23251708275340563,0,2.5,-2.5,1024405.4988768005,
2016-08-08,76.54863739013672,81.45393371582031,0.005240312373180722,0,2.5,-2.5,1024405.4988768005,
2016-08-09,77.56029510498047,81.45393371582031,-0.235774823801823,0,2.5,-2.5,1024405.4988768005,
2016-08-10,77.56029510498047,81.45393371582031,-0.23209943045780726,0,2.5,-2.5,1024405.4988768005,
2016-08-11,77.89751434326172,81.45393371582031,-1.0674278010351876,0,2.5,-2.5,1024405.4988768005,
2016-08-12,78.2347412109375,80.40518188476562,-1.881084077791025,0,2.5,-2.5,1024405.4988768005,
2016-08-15,78.2347412109375,80.75477600097656,-1.6145193258648451,0,2.5,-2.5,1024405.4988768005,
2016-08-16,77.22308349609375,80.40518188476562,-0.9751568761562716,0,2.5,-2.5,1024405.4988768005,
2016-08-17,76.88587188720703,79.3564224243164,-1.2462016017651787,0,2.5,-2.5,1024405.4988768005,
2016-08-18,76.88587188720703,79.3564224243164,-2.745800695898651,1,2.5,-2.5,1024339.249185028,Long Spread
2016-08-19,75.19977569580078,79.3564224243164,0.09120817578396494,0,2.5,-2.5,1027645.2593199157,Close
2016-08-22,75.53699493408203,79.70600128173828,-0.017124980798649273,0,2.5,-2.5,1027645.2593199157,
2016-08-23,75.87419891357422,80.40518188476562,0.13575373297639864,0,2.5,-2.5,1027645.2593199157,
2016-08-24,76.88587188720703,80.75477600097656,-0.5855965633484252,0,2.5,-2.5,1027645.2593199157,
2016-08-25,76.88587188720703,81.45393371582031,-0.12300611358971471,0,2.5,-2.5,1027645.2593199157,
2016-08-26,76.88587188720703,81.10435485839844,-0.32528441878260417,0,2.5,-2.5,1027645.2593199157,
2016-08-29,76.54863739013672,80.75477600097656,-0.21852167877076556,0,2.5,-2.5,1027645.2593199157,
2016-08-30,76.54863739013672,80.40518188476562,-0.4005101167823086,0,2.5,-2.5,1027645.2593199157,
2016-08-31,75.19977569580078,80.05559539794922,0.4731283243505109,0,2.5,-2.5,1027645.2593199157,
2016-09-01,75.53699493408203,79.0068359375,-0.47066719778547494,0,2.5,-2.5,1027645.2593199157,
2016-09-02,75.19977569580078,79.0068359375,-0.13086539559882515,0,2.5,-2.5,1027645.2593199157,
2016-09-05,75.87419891357422,79.70600128173828,-0.27451365093778474,0,2.5,-2.5,1027645.2593199157,
2016-09-06,75.53699493408203,80.05559539794922,0.17953346607307255,0,2.5,-2.5,1027645.2593199157,
2016-09-07,76.54863739013672,80.05559539794922,-0.6012565778897718,0,2.5,-2.5,1027645.2593199157,
2016-09-08,76.54863739013672,79.70600128173828,-1.3897235525432974,0,2.5,-2.5,1027645.2593199157,
2016-09-09,76.21142578125,79.3564224243164,-1.098381108075227,0,2.5,-2.5,1027645.2593199157,
2016-09-10,76.21142578125,79.3564224243164,-0.9846077942634284,0,2.5,-2.5,1027645.2593199157,
2016-09-12,75.53699493408203,79.0068359375,-0.5040602352994518,0,2.5,-2.5,1027645.2593199157,
2016-09-13,74.86255645751953,78.30766296386719,-0.3153562768417424,0,2.5,-2.5,1027645.2593199157,
2016-09-14,75.19977569580078,77.95807647705078,-2.033452796940877,0,2.5,-2.5,1027645.2593199157,
2016-09-19,77.56029510498047,77.95807647705078,-6.705594046446781,1,2.5,-2.5,1027579.0385850524,Long Spread
2016-09-20,76.88587188720703,77.95807647705078,-5.060660263622819,1,2.5,-2.5,1028927.8850205992,
2016-09-21,76.88587188720703,77.95807647705078,-4.8271556405119025,1,2.5,-2.5,1028927.8850205992,
2016-09-22,76.54863739013672,77.95807647705078,-4.013305732169271,1,2.5,-2.5,1029602.3540147399,
2016-09-23,77.22308349609375,77.95807647705078,-1.4904420847365223,1,2.5,-2.5,1028253.4618028258,
2016-09-26,76.54863739013672,78.30766296386719,-0.9975866230125072,1,2.5,-2.5,1030301.5269883727,
2016-09-27,76.54863739013672,78.30766296386719,-0.9825056693734078,1,2.5,-2.5,1030301.5269883727,
2016-09-28,76.54863739013672,78.30766296386719,-0.9673536339307611,1,2.5,-2.5,1030301.5269883727,
2016-09-29,76.54863739013672,78.30766296386719,-0.9532413856320419,1,2.5,-2.5,1030301.5269883727,
2016-09-30,76.54863739013672,77.60847473144531,-1.3479650374326433,1,2.5,-2.5,1028903.1505235289,
2016-10-03,76.54863739013672,77.60847473144531,-1.27396501053447,1,2.5,-2.5,1028903.1505235289,
2016-10-04,76.21142578125,78.30766296386719,-0.7376936186027842,1,2.5,-2.5,1030975.9502061461,
2016-10-05,76.54863739013672,78.30766296386719,-0.8622829637419286,1,2.5,-2.5,1030301.5269883727,
2016-10-06,75.87419891357422,78.65724182128906,-0.34485851686997504,1,2.5,-2.5,1032349.5616563414,
2016-10-07,75.19977569580078,78.30766296386719,-0.33586993762131606,1,2.5,-2.5,1032999.2503770445,
2016-10-11,75.19977569580078,78.30766296386719,-0.22617604013852868,1,2.5,-2.5,1032999.2503770445,
2016-10-12,75.53699493408203,78.30766296386719,-0.5241704593733431,1,2.5,-2.5,1032324.811900482,
2016-10-13,75.87419891357422,78.30766296386719,-0.7531232659574904,1,2.5,-2.5,1031650.4039414977,
2016-10-14,75.19977569580078,77.95807647705078,-0.2848620255855253,1,2.5,-2.5,1032300.0774034117,
2016-10-17,74.86255645751953,78.65724182128906,1.335622387114413,0,2.5,-2.5,1034306.7057765196,Close
2016-10-18,75.19977569580078,78.65724182128906,0.40710344136037724,0,2.5,-2.5,1034306.7057765196,
2016-10-19,74.86255645751953,77.95807647705078,0.16925705651118614,0,2.5,-2.5,1034306.7057765196,
2016-10-20,74.86255645751953,77.95807647705078,0.20818604506516863,0,2.5,-2.5,1034306.7057765196,
2016-10-21,75.19977569580078,78.30766296386719,0.1348106056377013,0,2.5,-2.5,1034306.7057765196,
2016-10-24,75.19977569580078,78.65724182128906,0.7602683269971979,0,2.5,-2.5,1034306.7057765196,
2016-10-25,75.53699493408203,77.95807647705078,-0.6113353160025043,0,2.5,-2.5,1034306.7057765196,
2016-10-26,75.19977569580078,77.95807647705078,-0.03731051694753902,0,2.5,-2.5,1034306.7057765196,
2016-10-27,74.52533721923828,77.60847473144531,0.4978433326722182,0,2.5,-2.5,1034306.7057765196,
2016-10-28,74.52533721923828,77.2588882446289,0.2341407005557987,0,2.5,-2.5,1034306.7057765196,
2016-10-31,74.52533721923828,75.51094818115234,-1.672470404056714,0,2.5,-2.5,1034306.7057765196,
2016-11-01,73.51368713378906,76.21012878417969,0.829330307898084,0,2.5,-2.5,1034306.7057765196,
2016-11-02,73.51368713378906,75.51094818115234,0.124436501144951,0,2.5,-2.5,1034306.7057765196,
2016-11-03,73.51368713378906,75.86053466796875,0.389316775899759,0,2.5,-2.5,1034306.7057765196,
2016-11-04,72.83924102783203,75.51094818115234,0.7839342046934521,0,2.5,-2.5,1034306.7057765196,
2016-11-07,73.85089111328125,75.86053466796875,0.0008914043772711288,0,2.5,-2.5,1034306.7057765196,
2016-11-08,74.1881103515625,76.90929412841797,0.3626498582458223,0,2.5,-2.5,1034306.7057765196,
2016-11-09,73.17645263671875,76.21012878417969,0.77339235019748,0,2.5,-2.5,1034306.7057765196,
2016-11-10,73.17645263671875,76.21012878417969,0.7196653574897597,0,2.5,-2.5,1034306.7057765196,
2016-11-11,71.15314483642578,74.81178283691406,1.4837300586161208,0,2.5,-2.5,1034306.7057765196,
2016-11-14,71.15314483642578,73.4134292602539,0.40809441838449756,0,2.5,-2.5,1034306.7057765196,
2016-11-15,70.1414794921875,72.71424865722656,0.6506685186264661,0,2.5,-2.5,1034306.7057765196,
2016-11-16,70.81592559814453,74.11260223388672,0.7885928423927402,0,2.5,-2.5,1034306.7057765196,
2016-11-17,71.49036407470703,73.76300811767578,0.3398028432680579,0,2.5,-2.5,1034306.7057765196,
2016-11-18,71.49036407470703,73.76300811767578,0.33110816315781044,0,2.5,-2.5,1034306.7057765196,
2016-11-21,71.49036407470703,73.4134292602539,0.5219345339619482,0,2.5,-2.5,1034306.7057765196,
2016-11-22,71.49036407470703,74.11260223388672,0.979055212903729,0,2.5,-2.5,1034306.7057765196,
2016-11-23,72.50200653076172,75.16136169433594,0.6540085918714413,0,2.5,-2.5,1034306.7057765196,
2016-11-24,72.16480255126953,75.16136169433594,0.9012054851490926,0,2.5,-2.5,1034306.7057765196,
2016-11-25,72.50200653076172,75.16136169433594,0.5786309230054905,0,2.5,-2.5,1034306.7057765196,
2016-11-28,72.83924102783203,75.16136169433594,0.4297553519020714,0,2.5,-2.5,1034306.7057765196,
2016-11-29,72.50200653076172,75.16136169433594,0.7435048082838456,0,2.5,-2.5,1034306.7057765196,
2016-11-30,72.50200653076172,75.16136169433594,0.672730341964834,0,2.5,-2.5,1034306.7057765196,
2016-12-01,71.15314483642578,74.46219635009766,1.378509884003479,0,2.5,-2.5,1034306.7057765196,
2016-12-02,71.15314483642578,74.11260223388672,1.0610638491382534,0,2.5,-2.5,1034306.7057765196,
2016-12-05,71.49036407470703,74.11260223388672,0.7946596624236058,0,2.5,-2.5,1034306.7057765196,
2016-12-06,71.49036407470703,74.11260223388672,0.7314704923193502,0,2.5,-2.5,1034306.7057765196,
2016-12-07,71.49036407470703,74.11260223388672,0.6791949767192601,0,2.5,-2.5,1034306.7057765196,
2016-12-08,72.16480255126953,74.11260223388672,0.15199263283897232,0,2.5,-2.5,1034306.7057765196,
2016-12-09,71.15314483642578,73.4134292602539,0.5052863868192853,0,2.5,-2.5,1034306.7057765196,
2016-12-12,70.81592559814453,73.4134292602539,1.8860420397742252,0,2.5,-2.5,1034306.7057765196,
2016-12-13,70.81592559814453,73.0638427734375,1.0521928973027506,0,2.5,-2.5,1034306.7057765196,
2016-12-14,70.1414794921875,73.0638427734375,1.6930495254448306,0,2.5,-2.5,1034306.7057765196,
2016-12-15,70.1414794921875,72.71424865722656,1.201662397926774,0,2.5,-2.5,1034306.7057765196,
2016-12-16,69.46704864501953,72.01507568359375,1.2619828813489542,0,2.5,-2.5,1034306.7057765196,
2016-12-19,69.12983703613281,70.96630859375,1.1812901909593307,0,2.5,-2.5,1034306.7057765196,
2016-12-20,69.80427551269531,70.96630859375,0.033032787124122144,0,2.5,-2.5,1034306.7057765196,
2016-12-21,68.79261016845703,70.61672973632812,1.155525222895233,0,2.5,-2.5,1034306.7057765196,
2016-12-22,69.12983703613281,70.61672973632812,0.5725276750156615,0,2.5,-2.5,1034306.7057765196,
2016-12-23,68.79261016845703,70.61672973632812,1.0146807660496833,0,2.5,-2.5,1034306.7057765196,
2016-12-26,68.79261016845703,70.61672973632812,1.2891041921475437,0,2.5,-2.5,1034306.7057765196,
2016-12-27,68.79261016845703,70.61672973632812,0.9935316957530507,0,2.5,-2.5,1034306.7057765196,
2016-12-28,68.45539093017578,70.96630859375,1.7656738607357738,0,2.5,-2.5,1034306.7057765196,
2016-12-29,68.79261016845703,70.96630859375,1.1202032041550565,0,2.5,-2.5,1034306.7057765196,
2016-12-30,70.1414794921875,70.96630859375,-0.8866178763007696,0,2.5,-2.5,1034306.7057765196,
2017-01-03,70.47870635986328,71.66548919677734,-0.8496173705353758,0,2.5,-2.5,1034306.7057765196,
2017-01-04,71.82757568359375,72.36466979980469,-2.4456679082712163,0,2.5,-2.5,1034306.7057765196,
2017-01-05,72.50200653076172,73.0638427734375,-2.7605781593146865,1,2.5,-2.5,1034240.8831425474,Long Spread
2017-01-06,71.49036407470703,72.01507568359375,-2.2520163838249343,1,2.5,-2.5,1034166.6338749693,
2017-01-09,71.15314483642578,71.31590270996094,-2.5364751786784163,1,2.5,-2.5,1033442.7264042662,
2017-01-10,71.15314483642578,71.31590270996094,-0.8799858440663633,1,2.5,-2.5,1033442.7264042662,
2017-01-11,72.16480255126953,70.96630859375,-1.9485315740110023,1,2.5,-2.5,1030720.2227421568,
2017-01-12,71.82757568359375,71.31590270996094,-1.6647866889150458,1,2.5,-2.5,1032093.8647099303,
2017-01-13,72.50200653076172,71.31590270996094,-2.467158815082103,1,2.5,-2.5,1030745.0030155943,
2017-01-16,72.16480255126953,71.31590270996094,-2.30820645316034,1,2.5,-2.5,1031419.4109745787,
2017-01-17,72.50200653076172,71.66548919677734,-0.8366834689029443,1,2.5,-2.5,1031444.1759892271,
2017-01-18,72.16480255126953,70.96630859375,-0.9262674812026436,1,2.5,-2.5,1030720.2227421568,
2017-01-19,71.15314483642578,70.61672973632812,-0.6461002571972293,1,2.5,-2.5,1032044.3804570006,
2017-01-20,70.81592559814453,70.96630859375,-0.41614098005632666,1,2.5,-2.5,1033417.9766484068,
2017-01-23,71.15314483642578,70.96630859375,-0.5754807692504285,1,2.5,-2.5,1032743.5381718443,
2017-01-24,70.47870635986328,71.31590270996094,-0.22036015990899593,1,2.5,-2.5,1034791.6033573912,
2017-02-02,68.79261016845703,69.91754913330078,0.18204981390193836,0,2.5,-2.5,1035301.5401805113,Close
2017-02-03,69.12983703613281,69.91754913330078,-0.028889613843341638,0,2.5,-2.5,1035301.5401805113,
2017-02-06,70.81592559814453,70.26713562011719,-1.0041108390642184,0,2.5,-2.5,1035301.5401805113,
2017-02-07,70.47870635986328,70.61672973632812,-0.6218742724316731,0,2.5,-2.5,1035301.5401805113,
2017-02-08,70.1414794921875,70.26713562011719,-0.4840107566848329,0,2.5,-2.5,1035301.5401805113,
2017-02-09,70.81592559814453,69.91754913330078,-1.070596981474183,0,2.5,-2.5,1035301.5401805113,
2017-02-10,70.81592559814453,70.61672973632812,-0.7439560839413791,0,2.5,-2.5,1035301.5401805113,
2017-02-13,70.81592559814453,70.61672973632812,-0.7377300327319585,0,2.5,-2.5,1035301.5401805113,
2017-02-14,71.82757568359375,70.61672973632812,-1.3920058976486722,0,2.5,-2.5,1035301.5401805113,
2017-02-15,71.49036407470703,70.61672973632812,-0.720025449963641,0,2.5,-2.5,1035301.5401805113,
2017-02-16,71.82757568359375,70.61672973632812,-0.8459359220624914,0,2.5,-2.5,1035301.5401805113,
2017-02-17,71.82757568359375,70.61672973632812,-0.8249271333635273,0,2.5,-2.5,1035301.5401805113,
2017-02-18,71.82757568359375,70.61672973632812,-0.8103173485355495,0,2.5,-2.5,1035301.5401805113,
2017-02-20,72.16480255126953,70.96630859375,-0.8334287833402041,0,2.5,-2.5,1035301.5401805113,
2017-02-21,72.83924102783203,70.61672973632812,-1.097250790521384,0,2.5,-2.5,1035301.5401805113,
2017-02-22,72.16480255126953,70.61672973632812,-0.8066685197923252,0,2.5,-2.5,1035301.5401805113,
2017-02-23,72.83924102783203,71.31590270996094,-0.8526897732688213,0,2.5,-2.5,1035301.5401805113,
2017-02-24,72.83924102783203,71.31590270996094,-0.8271753257807238,0,2.5,-2.5,1035301.5401805113,
2017-03-01,72.83924102783203,70.96630859375,-0.8992759238186284,0,2.5,-2.5,1035301.5401805113,
2017-03-02,72.83924102783203,71.31590270996094,-1.9106618078473394,0,2.5,-2.5,1035301.5401805113,
2017-03-03,73.17645263671875,71.66548919677734,-1.8462812038162577,0,2.5,-2.5,1035301.5401805113,
2017-03-06,72.83924102783203,71.66548919677734,-1.441305457688258,0,2.5,-2.5,1035301.5401805113,
2017-03-07,73.51368713378906,71.66548919677734,-1.899439740053256,0,2.5,-2.5,1035301.5401805113,
2017-03-08,73.17645263671875,72.01507568359375,-1.3254099108238035,0,2.5,-2.5,1035301.5401805113,
2017-03-09,73.17645263671875,72.36466979980469,-2.957032897604403,1,2.5,-2.5,1035235.7185356139,Long Spread
2017-03-10,73.51368713378906,72.01507568359375,-3.5223684899760306,1,2.5,-2.5,1033862.0613090514,
2017-03-13,73.85089111328125,72.36466979980469,-3.1906840210151692,1,2.5,-2.5,1033886.8415824889,
2017-03-14,73.85089111328125,72.36466979980469,-2.8476459819447837,1,2.5,-2.5,1033886.8415824889,
2017-03-15,74.1881103515625,72.01507568359375,-3.405675607944406,1,2.5,-2.5,1032513.2148735045,
2017-03-16,73.85089111328125,72.71424865722656,-3.078341816362963,1,2.5,-2.5,1034585.9992973326,
2017-03-17,74.1881103515625,73.4134292602539,-2.3116165028615105,1,2.5,-2.5,1035309.9220268248,
2017-03-20,75.19977569580078,74.11260223388672,-2.846651086482026,1,2.5,-2.5,1034684.9372856139,
2017-03-21,75.53699493408203,74.11260223388672,-3.0563153614240237,1,2.5,-2.5,1034010.4988090514,
2017-03-22,75.19977569580078,73.0638427734375,-3.360036562831006,1,2.5,-2.5,1032587.4183647154,
2017-03-23,75.19977569580078,73.0638427734375,-4.710354432375599,1,2.5,-2.5,1032587.4183647154,
2017-03-24,75.53699493408203,73.0638427734375,-4.603622144158005,1,2.5,-2.5,1031912.9798881529,
2017-03-27,76.54863739013672,73.4134292602539,-5.326374107786268,1,2.5,-2.5,1030588.8679496764,
2017-03-28,75.19977569580078,73.4134292602539,-2.7291615122028863,1,2.5,-2.5,1033286.5913383482,
2017-03-29,75.19977569580078,72.71424865722656,-3.219409001295239,1,2.5,-2.5,1031888.2301322935,
2017-03-30,75.19977569580078,72.71424865722656,-5.849327019016897,1,2.5,-2.5,1031888.2301322935,
2017-03-31,75.19977569580078,72.01507568359375,-5.422042460089492,1,2.5,-2.5,1030489.8841850279,
2017-04-05,76.21142578125,72.36466979980469,-5.798222437236128,1,2.5,-2.5,1029165.7722465514,
2017-04-06,76.54863739013672,72.71424865722656,-5.089067557768868,1,2.5,-2.5,1029190.5067436217,
2017-04-07,76.88587188720703,73.0638427734375,-4.61397695108739,1,2.5,-2.5,1029215.2259819029,
2017-04-10,76.21142578125,72.71424865722656,-2.3155248427067896,1,2.5,-2.5,1029864.9299613951,
2017-04-11,76.88587188720703,72.36466979980469,-3.0250300826088914,1,2.5,-2.5,1027816.8800346373,
2017-04-12,76.21142578125,72.36466979980469,-2.337831460719891,1,2.5,-2.5,1029165.7722465514,
2017-04-13,76.54863739013672,72.36466979980469,-2.5342808806766133,1,2.5,-2.5,1028491.3490287779,
2017-04-14,76.21142578125,72.36466979980469,-2.1598183626433687,1,2.5,-2.5,1029165.7722465514,
2017-04-17,76.88587188720703,73.0638427734375,-4.404409818704459,1,2.5,-2.5,1029215.2259819029,
2017-04-18,76.54863739013672,72.71424865722656,-3.7535713673253275,1,2.5,-2.5,1029190.5067436217,
2017-04-19,74.52533721923828,72.01507568359375,-1.279834680869866,1,2.5,-2.5,1031838.7611381529,
2017-04-20,74.1881103515625,71.66548919677734,-1.0443580141926876,1,2.5,-2.5,1031814.0418998717,
2017-04-21,74.86255645751953,72.01507568359375,-1.448146043908471,1,2.5,-2.5,1031164.3226615904,
2017-04-24,74.52533721923828,72.01507568359375,-0.9289870250472427,1,2.5,-2.5,1031838.7611381529,
2017-04-25,75.53699493408203,72.36466979980469,-1.6409694150989091,1,2.5,-2.5,1030514.6339408873,
2017-04-26,75.53699493408203,72.01507568359375,-1.7542850953360947,1,2.5,-2.5,1029815.4457084654,
2017-04-27,74.86255645751953,72.01507568359375,-0.9778953755267608,1,2.5,-2.5,1031164.3226615904,
2017-04-28,75.19977569580078,71.31590270996094,-1.6474976588555623,1,2.5,-2.5,1029091.5382377623,
2017-05-02,75.19977569580078,72.01507568359375,-2.4130167597546746,1,2.5,-2.5,1030489.8841850279,
2017-05-03,76.21142578125,72.36466979980469,-3.310111520107349,1,2.5,-2.5,1029165.7722465514,
2017-05-04,77.22308349609375,72.71424865722656,-4.098977271617679,1,2.5,-2.5,1027841.6145317076,
2017-05-05,75.87419891357422,72.36466979980469,-2.0966352090506937,1,2.5,-2.5,1029840.2259819029,
2017-05-08,76.88587188720703,73.0638427734375,-2.6154737881654198,1,2.5,-2.5,1029215.2259819029,
2017-05-09,75.87419891357422,73.4134292602539,-1.0045820692466936,1,2.5,-2.5,1031937.7449028014,
2017-05-10,75.87419891357422,73.0638427734375,-1.37493324224555,1,2.5,-2.5,1031238.5719291685,
2017-05-11,76.88587188720703,73.0638427734375,-3.134719351671937,1,2.5,-2.5,1029215.2259819029,
2017-05-12,77.22308349609375,73.76300811767578,-2.661246329743461,1,2.5,-2.5,1029939.133452606,
2017-05-15,76.88587188720703,74.11260223388672,-1.467226428840389,1,2.5,-2.5,1031312.7449028014,
2017-05-16,76.88587188720703,74.11260223388672,-0.8275446494569738,1,2.5,-2.5,1031312.7449028014,
2017-05-17,76.54863739013672,74.11260223388672,-0.4092635231452807,1,2.5,-2.5,1031987.213896942,
2017-05-18,76.88587188720703,74.11260223388672,-0.729181096839,1,2.5,-2.5,1031312.7449028014,
2017-05-19,76.54863739013672,73.76300811767578,-0.5833220609702193,1,2.5,-2.5,1031288.0256645201,
2017-05-22,76.88587188720703,74.11260223388672,-0.6305320567271185,1,2.5,-2.5,1031312.7449028014,
2017-05-23,76.54863739013672,74.11260223388672,-0.181486718468143,1,2.5,-2.5,1031987.213896942,
2017-05-24,75.87419891357422,74.11260223388672,0.38289829376153134,0,2.5,-2.5,1033270.091378021,Close
2017-05-25,75.87419891357422,74.81178283691406,0.8055609873669609,0,2.5,-2.5,1033270.091378021,
2017-05-26,76.21142578125,74.81178283691406,0.5455554138010932,0,2.5,-2.5,1033270.091378021,
2017-05-31,75.53699493408203,75.16136169433594,1.3261035578788138,0,2.5,-2.5,1033270.091378021,
2017-06-01,76.21142578125,75.51094818115234,0.4050678366534409,0,2.5,-2.5,1033270.091378021,
2017-06-02,76.21142578125,75.51094818115234,0.41444879368734333,0,2.5,-2.5,1033270.091378021,
2017-06-03,76.21142578125,75.51094818115234,0.42597943169647684,0,2.5,-2.5,1033270.091378021,
2017-06-05,76.54863739013672,75.51094818115234,0.3104420092758636,0,2.5,-2.5,1033270.091378021,
2017-06-06,76.21142578125,75.51094818115234,0.4468671510718262,0,2.5,-2.5,1033270.091378021,
2017-06-07,76.21142578125,75.16136169433594,0.35301583607368153,0,2.5,-2.5,1033270.091378021,
2017-06-08,76.21142578125,75.86053466796875,0.5317050450084857,0,2.5,-2.5,1033270.091378021,
2017-06-09,76.21142578125,75.51094818115234,0.4364653047447065,0,2.5,-2.5,1033270.091378021,
2017-06-12,75.87419891357422,75.51094818115234,0.5519303188651565,0,2.5,-2.5,1033270.091378021,
2017-06-13,76.21142578125,75.51094818115234,0.4235952496450667,0,2.5,-2.5,1033270.091378021,
2017-06-14,76.21142578125,75.51094818115234,0.4612998923978595,0,2.5,-2.5,1033270.091378021,
2017-06-15,75.87419891357422,75.86053466796875,0.6847992330291129,0,2.5,-2.5,1033270.091378021,
2017-06-16,76.21142578125,75.16136169433594,0.3644497063560145,0,2.5,-2.5,1033270.091378021,
2017-06-19,76.54863739013672,75.51094818115234,0.3297256903732067,0,2.5,-2.5,1033270.091378021,
2017-06-20,76.88587188720703,75.16136169433594,0.10669358887204433,0,2.5,-2.5,1033270.091378021,
2017-06-21,77.22308349609375,75.16136169433594,-0.029612810958893624,0,2.5,-2.5,1033270.091378021,
2017-06-22,77.56029510498047,75.86053466796875,0.0676950479769425,0,2.5,-2.5,1033270.091378021,
2017-06-23,77.22308349609375,75.86053466796875,0.2550305207615691,0,2.5,-2.5,1033270.091378021,
2017-06-26,77.56029510498047,76.21012878417969,0.20304667471806184,0,2.5,-2.5,1033270.091378021,
2017-06-27,77.56029510498047,76.21012878417969,0.19857258892129864,0,2.5,-2.5,1033270.091378021,
2017-06-28,77.56029510498047,75.86053466796875,0.07301709927498017,0,2.5,-2.5,1033270.091378021,
2017-06-29,76.88587188720703,75.51094818115234,0.3647824646972985,0,2.5,-2.5,1033270.091378021,
2017-06-30,77.22308349609375,75.51094818115234,0.10878262055843083,0,2.5,-2.5,1033270.091378021,
2017-07-03,77.56029510498047,76.21012878417969,0.2010490105789737,0,2.5,-2.5,1033270.091378021,
2017-07-04,77.22308349609375,75.51094818115234,0.07319855210330449,0,2.5,-2.5,1033270.091378021,
2017-07-05,77.56029510498047,76.21012878417969,1.5498886127266236,0,2.5,-2.5,1033270.091378021,
2017-07-06,77.56029510498047,75.86053466796875,-0.17149804425864626,0,2.5,-2.5,1033270.091378021,
2017-07-07,77.22308349609375,75.86053466796875,1.4852836609556386,0,2.5,-2.5,1033270.091378021,
2017-07-10,76.21142578125,75.86053466796875,6.133392930487451,-1,2.5,-2.5,1033204.0084996031,Short Spread
2017-07-11,75.6514663696289,76.21012878417969,9.27712428825768,-1,2.5,-2.5,1031384.9014439391,
2017-07-12,75.6514663696289,76.21012878417969,1.3147306283131774,-1,2.5,-2.5,1031384.9014439391,
2017-07-13,76.00497436523438,76.55970764160156,1.1904907539999552,-1,2.5,-2.5,1031392.7597203063,
2017-07-14,75.29795837402344,76.55970764160156,1.613356721594948,-1,2.5,-2.5,1029978.7277378844,
2017-07-17,74.94444274902344,76.90929412841797,1.9519124776533647,-1,2.5,-2.5,1028572.5235142516,
2017-07-18,75.6514663696289,77.2588882446289,1.6017465114724074,-1,2.5,-2.5,1029287.3825230406,
2017-07-19,75.29795837402344,76.90929412841797,1.1303642951386244,-1,2.5,-2.5,1029279.5547642516,
2017-07-20,75.6514663696289,76.55970764160156,0.8381223831966965,-1,2.5,-2.5,1030685.7437290953,
2017-07-21,75.6514663696289,75.78495788574219,0.5734889283861301,-1,2.5,-2.5,1032235.2432408141,
2017-07-24,76.35848999023438,75.78495788574219,0.25396431866894237,-1,2.5,-2.5,1033649.290482025,
2017-07-25,75.6514663696289,75.78495788574219,0.539223318982537,-1,2.5,-2.5,1032235.2432408141,
2017-07-26,75.6514663696289,75.78495788574219,1.3928573572452834,-1,2.5,-2.5,1032235.2432408141,
2017-07-27,76.35848999023438,75.78495788574219,0.5129559476009221,-1,2.5,-2.5,1033649.290482025,
2017-07-28,76.00497436523438,75.41883850097656,0.5380846377979002,-1,2.5,-2.5,1033674.4980015563,
2017-07-31,76.35848999023438,74.68661499023438,-0.40487351152319373,0,2.5,-2.5,1035779.9344688414,Close
2017-08-01,76.35848999023438,74.68661499023438,-0.42039745572822634,0,2.5,-2.5,1035779.9344688414,
2017-08-02,76.35848999023438,74.68661499023438,-0.5103406096988148,0,2.5,-2.5,1035779.9344688414,
2017-08-03,76.00497436523438,74.68661499023438,-0.10423490310094996,0,2.5,-2.5,1035779.9344688414,
2017-08-04,76.00497436523438,75.05272674560547,0.14899881846609844,0,2.5,-2.5,1035779.9344688414,
2017-08-07,76.00497436523438,74.68661499023438,-0.17513467437188168,0,2.5,-2.5,1035779.9344688414,
2017-08-08,76.00497436523438,75.05272674560547,0.08080483892814255,0,2.5,-2.5,1035779.9344688414,
2017-08-09,76.00497436523438,74.68661499023438,-0.45177793481566436,0,2.5,-2.5,1035779.9344688414,
2017-08-10,76.35848999023438,74.68661499023438,-1.0944643184473346,0,2.5,-2.5,1035779.9344688414,
2017-08-11,75.6514663696289,74.68661499023438,0.19046860144899003,0,2.5,-2.5,1035779.9344688414,
2017-08-14,76.00497436523438,74.68661499023438,-0.4269513230864147,0,2.5,-2.5,1035779.9344688414,
2017-08-15,76.00497436523438,75.05272674560547,-0.04475199788891684,0,2.5,-2.5,1035779.9344688414,
2017-08-16,76.00497436523438,75.05272674560547,-0.09441863082492312,0,2.5,-2.5,1035779.9344688414,
2017-08-17,76.35848999023438,75.05272674560547,-0.7027118415234472,0,2.5,-2.5,1035779.9344688414,
2017-08-18,75.6514663696289,75.05272674560547,0.47146612442346053,0,2.5,-2.5,1035779.9344688414,
2017-08-21,76.35848999023438,75.05272674560547,-0.6214699973428535,0,2.5,-2.5,1035779.9344688414,
2017-08-22,75.6514663696289,75.41883850097656,0.788179750890346,0,2.5,-2.5,1035779.9344688414,
2017-08-23,76.00497436523438,75.41883850097656,0.40477237436762,0,2.5,-2.5,1035779.9344688414,
2017-08-24,76.00497436523438,75.41883850097656,0.36203787482736627,0,2.5,-2.5,1035779.9344688414,
2017-08-25,76.00497436523438,75.78495788574219,0.7718535470639225,0,2.5,-2.5,1035779.9344688414,
2017-08-28,76.71199798583984,76.15106201171875,-0.003726821319443487,0,2.5,-2.5,1035779.9344688414,
2017-08-29,76.35848999023438,76.15106201171875,0.5320668957697765,0,2.5,-2.5,1035779.9344688414,
2017-08-30,76.00497436523438,76.51716613769531,2.8335105738274007,-1,2.5,-2.5,1035713.8335832213,Short Spread
2017-08-31,76.35848999023438,76.8832778930664,2.039486916967363,-1,2.5,-2.5,1035688.6413224791,
2017-09-01,76.35848999023438,76.51716613769531,1.2098360452954515,-1,2.5,-2.5,1036420.8648332213,
2017-09-04,76.35848999023438,76.8832778930664,1.5916077003515248,-1,2.5,-2.5,1035688.6413224791,
2017-09-05,76.00497436523438,76.51716613769531,1.624589280544767,-1,2.5,-2.5,1035713.8335832213,
2017-09-06,76.00497436523438,76.15106201171875,0.9884719557611744,-1,2.5,-2.5,1036446.0418351744,
2017-09-07,75.6514663696289,76.51716613769531,1.898083921758251,-1,2.5,-2.5,1035006.8175920104,
2017-09-08,76.00497436523438,76.8832778930664,1.6868000308704187,-1,2.5,-2.5,1034981.6100724791,
2017-09-11,75.6514663696289,76.51716613769531,1.7596836272345477,-1,2.5,-2.5,1035006.8175920104,
2017-09-12,75.6514663696289,76.51716613769531,1.6828521108815704,-1,2.5,-2.5,1035006.8175920104,
2017-09-13,75.6514663696289,76.15106201171875,0.9736150527749666,-1,2.5,-2.5,1035739.0258439635,
2017-09-14,75.6514663696289,76.15106201171875,0.9395527342400399,-1,2.5,-2.5,1035739.0258439635,
2017-09-15,76.35848999023438,76.51716613769531,0.3969637211033812,-1,2.5,-2.5,1036420.8648332213,
2017-09-18,75.6514663696289,76.15106201171875,0.8884230027203717,-1,2.5,-2.5,1035739.0258439635,
2017-09-19,76.35848999023438,76.15106201171875,0.033126946737657176,-1,2.5,-2.5,1037153.0730851744,
2017-09-20,76.00497436523438,76.15106201171875,0.7530823534165928,-1,2.5,-2.5,1036446.0418351744,
2017-09-21,75.6514663696289,75.78495788574219,0.7891896035047947,-1,2.5,-2.5,1036471.2340959166,
2017-09-22,75.6514663696289,75.78495788574219,0.6782764276651791,-1,2.5,-2.5,1036471.2340959166,
2017-09-25,75.6514663696289,75.41883850097656,0.17883554776286437,-1,2.5,-2.5,1037203.4728654479,
2017-09-26,75.6514663696289,75.41883850097656,0.13287274227721413,-1,2.5,-2.5,1037203.4728654479,
2017-09-27,75.6514663696289,75.41883850097656,0.15967999349379244,-1,2.5,-2.5,1037203.4728654479,
2017-09-28,76.35848999023438,75.41883850097656,-1.5144759081720278,0,2.5,-2.5,1038551.4490135191,Close
2017-09-29,76.35848999023438,76.51716613769531,0.20709298266713821,0,2.5,-2.5,1038551.4490135191,
2017-10-02,76.71199798583984,75.78495788574219,-1.496665191710388,0,2.5,-2.5,1038551.4490135191,
2017-10-03,75.6514663696289,75.41883850097656,0.0792396756341592,0,2.5,-2.5,1038551.4490135191,
2017-10-05,76.00497436523438,75.41883850097656,-0.5423293849332724,0,2.5,-2.5,1038551.4490135191,
2017-10-06,76.35848999023438,75.41883850097656,-1.1241846538100142,0,2.5,-2.5,1038551.4490135191,
2017-10-11,76.35848999023438,75.41883850097656,-1.0468820592851074,0,2.5,-2.5,1038551.4490135191,
2017-10-12,76.00497436523438,75.41883850097656,-0.36089152802723545,0,2.5,-2.5,1038551.4490135191,
2017-10-13,77.06551361083984,75.78495788574219,-1.6495733121776723,0,2.5,-2.5,1038551.4490135191,
2017-10-16,76.35848999023438,75.41883850097656,-0.6208370196989619,0,2.5,-2.5,1038551.4490135191,
2017-10-17,76.35848999023438,75.78495788574219,-0.27442525661051054,0,2.5,-2.5,1038551.4490135191,
2017-10-18,76.35848999023438,75.41883850097656,-0.6273285078213877,0,2.5,-2.5,1038551.4490135191,
2017-10-19,76.00497436523438,75.05272674560547,-0.5114235768446272,0,2.5,-2.5,1038551.4490135191,
2017-10-20,76.00497436523438,75.05272674560547,-0.5050066128859547,0,2.5,-2.5,1038551.4490135191,
2017-10-23,76.00497436523438,75.41883850097656,-0.14997925479795168,0,2.5,-2.5,1038551.4490135191,
2017-10-24,76.00497436523438,75.05272674560547,-0.6734503576918742,0,2.5,-2.5,1038551.4490135191,
2017-10-25,75.6514663696289,75.05272674560547,0.05135066143461036,0,2.5,-2.5,1038551.4490135191,
2017-10-26,76.00497436523438,75.05272674560547,-0.6545965902203124,0,2.5,-2.5,1038551.4490135191,
2017-10-27,76.00497436523438,75.41883850097656,-0.17499195536720255,0,2.5,-2.5,1038551.4490135191,
2017-10-30,75.6514663696289,75.05272674560547,-0.04357811659049687,0,2.5,-2.5,1038551.4490135191,
2017-10-31,76.00497436523438,75.41883850097656,-0.2843426789665575,0,2.5,-2.5,1038551.4490135191,
2017-11-01,75.29795837402344,75.05272674560547,0.7061686866685557,0,2.5,-2.5,1038551.4490135191,
2017-11-02,74.94444274902344,74.68661499023438,0.8250343905303882,0,2.5,-2.5,1038551.4490135191,
2017-11-03,74.94444274902344,74.68661499023438,0.7683152805675489,0,2.5,-2.5,1038551.4490135191,
2017-11-06,75.29795837402344,74.68661499023438,0.031637978294442724,0,2.5,-2.5,1038551.4490135191,
2017-11-07,75.6514663696289,75.05272674560547,-0.1964942635609913,0,2.5,-2.5,1038551.4490135191,
2017-11-08,75.6514663696289,75.41883850097656,0.317784934394838,0,2.5,-2.5,1038551.4490135191,
2017-11-09,76.35848999023438,75.41883850097656,-1.092738438278259,0,2.5,-2.5,1038551.4490135191,
2017-11-10,76.00497436523438,75.78495788574219,0.10357362405007339,0,2.5,-2.5,1038551.4490135191,
2017-11-13,75.6514663696289,75.05272674560547,-0.29261090849989513,0,2.5,-2.5,1038551.4490135191,
2017-11-14,75.6514663696289,75.41883850097656,0.27777393890081625,0,2.5,-2.5,1038551.4490135191,
2017-11-15,75.6514663696289,75.05272674560547,-0.2916927824134888,0,2.5,-2.5,1038551.4490135191,
2017-11-16,75.6514663696289,75.05272674560547,-0.307051123253582,0,2.5,-2.5,1038551.4490135191,
2017-11-17,76.00497436523438,75.41883850097656,-0.4769964274599105,0,2.5,-2.5,1038551.4490135191,
2017-11-20,76.35848999023438,75.05272674560547,-2.359521041991933,0,2.5,-2.5,1038551.4490135191,
2017-11-21,76.00497436523438,75.41883850097656,-0.5485472387001201,0,2.5,-2.5,1038551.4490135191,
2017-11-22,76.71199798583984,75.78495788574219,-1.4812704984326006,0,2.5,-2.5,1038551.4490135191,
2017-11-23,76.71199798583984,75.78495788574219,-1.3986680907394375,0,2.5,-2.5,1038551.4490135191,
2017-11-24,76.71199798583984,76.15106201171875,-0.8029298480482716,0,2.5,-2.5,1038551.4490135191,
2017-11-27,76.71199798583984,76.15106201171875,-0.9284614840398905,0,2.5,-2.5,1038551.4490135191,
2017-11-28,76.71199798583984,76.51716613769531,-0.25066496368381275,0,2.5,-2.5,1038551.4490135191,
2017-11-29,76.35848999023438,76.51716613769531,0.6112191108794499,0,2.5,-2.5,1038551.4490135191,
2017-11-30,76.00497436523438,75.78495788574219,0.21898868117334463,0,2.5,-2.5,1038551.4490135191,
2017-12-01,76.71199798583984,76.15106201171875,-0.8112639943910855,0,2.5,-2.5,1038551.4490135191,
2017-12-04,76.35848999023438,76.15106201171875,0.063316169659725,0,2.5,-2.5,1038551.4490135191,
2017-12-05,76.35848999023438,76.15106201171875,0.11043264652292756,0,2.5,-2.5,1038551.4490135191,
2017-12-06,76.00497436523438,76.15106201171875,1.1847944553144738,0,2.5,-2.5,1038551.4490135191,
2017-12-07,75.6514663696289,76.51716613769531,2.9499205712821635,-1,2.5,-2.5,1038485.3622682188,Short Spread
2017-12-08,75.29795837402344,76.51716613769531,3.898886766092557,-1,2.5,-2.5,1037778.3462770078,
2017-12-11,75.29795837402344,76.51716613769531,1.166346638433852,-1,2.5,-2.5,1037778.3462770078,
2017-12-12,75.29795837402344,76.51716613769531,1.297742903548892,-1,2.5,-2.5,1037778.3462770078,
2017-12-13,75.29795837402344,76.51716613769531,1.4253045160527125,-1,2.5,-2.5,1037778.3462770078,
2017-12-14,75.29795837402344,76.8832778930664,1.8658132269148138,-1,2.5,-2.5,1037046.1227662656,
2017-12-15,74.94444274902344,77.24938201904297,2.791438944699996,-1,2.5,-2.5,1035606.8832643125,
2017-12-18,75.6514663696289,76.8832778930664,0.6090639443492919,-1,2.5,-2.5,1037753.1387574766,
2017-12-19,74.94444274902344,76.8832778930664,1.0810486536238375,-1,2.5,-2.5,1036339.0915162656,
2017-12-20,75.29795837402344,77.24938201904297,1.1301097086101572,-1,2.5,-2.5,1036313.9145143125,
2017-12-21,75.29795837402344,76.8832778930664,1.0501469040400482,-1,2.5,-2.5,1037046.1227662656,
2017-12-22,75.29795837402344,77.24938201904297,1.3500818617203105,-1,2.5,-2.5,1036313.9145143125,
2017-12-25,75.29795837402344,77.6155014038086,1.146053539993477,-1,2.5,-2.5,1035581.6757447813,
2017-12-26,75.29795837402344,77.24938201904297,1.0326918083535437,-1,2.5,-2.5,1036313.9145143125,
2017-12-27,76.35848999023438,77.6155014038086,0.5447813451758148,-1,2.5,-2.5,1037702.7389772031,
2017-12-28,76.71199798583984,77.24938201904297,0.11891088342656636,-1,2.5,-2.5,1039141.9937379453,
2017-12-29,76.00497436523438,77.6155014038086,0.8629033186317451,-1,2.5,-2.5,1036995.7077272031,
2018-01-02,76.35848999023438,78.7138442993164,1.4016447446154472,-1,2.5,-2.5,1035506.0531861875,
2018-01-03,76.71199798583984,79.07994842529297,1.3117688917543255,-1,2.5,-2.5,1035480.8609254453,
2018-01-04,76.71199798583984,79.07994842529297,1.3060962205737632,-1,2.5,-2.5,1035480.8609254453,
2018-01-05,76.71199798583984,79.44605255126953,1.5599209511364374,-1,2.5,-2.5,1034748.6526734922,
2018-01-08,77.77253723144531,79.44605255126953,0.4792430912724803,-1,2.5,-2.5,1036869.7311647031,
2018-01-09,78.47956085205078,79.81217193603516,0.00699996296946442,-1,2.5,-2.5,1037551.5396363828,
2018-01-10,77.77253723144531,79.44605255126953,0.46025091393891177,-1,2.5,-2.5,1036869.7311647031,
2018-01-11,78.47956085205078,79.44605255126953,-0.30348419017013933,0,2.5,-2.5,1038217.461381378,Close
2018-01-12,78.47956085205078,79.44605255126953,-0.3142121182784981,0,2.5,-2.5,1038217.461381378,
2018-01-15,79.18657684326172,79.81217193603516,-0.7878336191288735,0,2.5,-2.5,1038217.461381378,
2018-01-16,78.47956085205078,79.81217193603516,-0.07417270662439004,0,2.5,-2.5,1038217.461381378,
2018-01-17,78.47956085205078,79.81217193603516,-0.09231482662486842,0,2.5,-2.5,1038217.461381378,
2018-01-18,77.41902160644531,78.7138442993164,0.2668590565441278,0,2.5,-2.5,1038217.461381378,
2018-01-19,77.41902160644531,79.81217193603516,1.2315587782548008,0,2.5,-2.5,1038217.461381378,
2018-01-22,77.41902160644531,79.44605255126953,0.8359431062059178,0,2.5,-2.5,1038217.461381378,
2018-01-23,77.41902160644531,79.81217193603516,1.343994893057046,0,2.5,-2.5,1038217.461381378,
2018-01-24,77.77253723144531,79.44605255126953,0.36795176934400137,0,2.5,-2.5,1038217.461381378,
2018-01-25,77.77253723144531,79.44605255126953,0.33642865518595033,0,2.5,-2.5,1038217.461381378,
2018-01-26,78.12605285644531,79.44605255126953,-0.13392924451488408,0,2.5,-2.5,1038217.461381378,
2018-01-29,78.83306884765625,80.17827606201172,-0.36526732437101944,0,2.5,-2.5,1038217.461381378,
2018-01-30,78.47956085205078,79.07994842529297,-1.3682955237741263,0,2.5,-2.5,1038217.461381378,
2018-01-31,78.83306884765625,79.44605255126953,-1.2925935569595286,0,2.5,-2.5,1038217.461381378,
2018-02-01,78.83306884765625,79.81217193603516,-0.7918851698439026,0,2.5,-2.5,1038217.461381378,
2018-02-02,77.06551361083984,79.81217193603516,1.6001576355225902,0,2.5,-2.5,1038217.461381378,
2018-02-05,77.06551361083984,79.07994842529297,0.828382883831749,0,2.5,-2.5,1038217.461381378,
2018-02-06,74.94444274902344,77.98161315917969,3.159524388943559,-1,2.5,-2.5,1038151.3443391416,Short Spread
2018-02-07,76.35848999023438,78.7138442993164,1.4587675440250416,-1,2.5,-2.5,1039514.9765412901,
2018-02-08,75.6514663696289,79.07994842529297,2.585356165345159,-1,2.5,-2.5,1037368.721048126,
2018-02-09,75.6514663696289,78.7138442993164,2.0728743116886332,-1,2.5,-2.5,1038100.9293000791,
2018-02-12,76.00497436523438,77.98161315917969,0.8878160134908442,-1,2.5,-2.5,1040272.4075715635,
2018-02-21,76.35848999023438,79.81217193603516,2.102637241766084,-1,2.5,-2.5,1037318.3212678526,
2018-02-22,75.6514663696289,79.44605255126953,2.516852884153091,-1,2.5,-2.5,1036636.5127961729,
2018-02-23,76.00497436523438,80.17827606201172,2.5810424593359125,-1,2.5,-2.5,1035879.0817658994,
2018-02-26,76.00497436523438,80.54438781738281,2.7685837991581197,-1,2.5,-2.5,1035146.8582551572,
2018-02-27,76.00497436523438,80.17827606201172,2.355596534300386,-1,2.5,-2.5,1035879.0817658994,
2018-03-01,75.29795837402344,79.44605255126953,2.303369917134419,-1,2.5,-2.5,1035929.4968049619,
2018-03-02,75.6514663696289,79.07994842529297,1.5782237819251528,-1,2.5,-2.5,1037368.721048126,
2018-03-05,75.29795837402344,79.07994842529297,1.9120849066435628,-1,2.5,-2.5,1036661.7050569151,
2018-03-06,76.00497436523438,80.17827606201172,1.9367556361800389,-1,2.5,-2.5,1035879.0817658994,
2018-03-07,75.6514663696289,80.17827606201172,2.2517210211020107,-1,2.5,-2.5,1035172.0657746885,
2018-03-08,75.6514663696289,80.17827606201172,2.339228340787954,-1,2.5,-2.5,1035172.0657746885,
2018-03-09,75.29795837402344,80.17827606201172,2.561439868049851,-1,2.5,-2.5,1034465.0497834776,
2018-03-12,74.94444274902344,79.81217193603516,2.5349479403116666,-1,2.5,-2.5,1034490.2267854307,
2018-03-13,74.94444274902344,79.81217193603516,2.445453318218836,-1,2.5,-2.5,1034490.2267854307,
2018-03-14,74.94444274902344,79.81217193603516,2.3779697009899987,-1,2.5,-2.5,1034490.2267854307,
2018-03-15,74.94444274902344,79.81217193603516,2.6583608599678286,-1,2.5,-2.5,1034490.2267854307,
2018-03-16,74.59092712402344,80.54438781738281,3.542202940717275,-1,2.5,-2.5,1032318.7637727354,
2018-03-19,74.94444274902344,80.54438781738281,2.9869236529034717,-1,2.5,-2.5,1033025.7950227354,
2018-03-20,74.94444274902344,80.17827606201172,2.58354895173098,-1,2.5,-2.5,1033758.0185334776,
2018-03-21,75.6514663696289,80.91050720214844,2.301245379716674,-1,2.5,-2.5,1033707.6034944151,
2018-03-22,76.35848999023438,81.64273071289062,2.54361807248024,-1,2.5,-2.5,1033657.2037141416,
2018-03-23,75.6514663696289,80.54438781738281,2.133659624203065,-1,2.5,-2.5,1034439.8422639463,
2018-03-26,76.35848999023438,81.276611328125,1.7411073036221947,-1,2.5,-2.5,1034389.4424836729,
2018-03-27,76.71199798583984,82.00884246826172,1.8083781738828744,-1,2.5,-2.5,1033631.9961946104,
2018-03-28,76.71199798583984,82.37494659423828,1.9935195120615303,-1,2.5,-2.5,1032899.7879426572,
2018-03-29,77.06551361083984,81.64273071289062,1.7831105405145595,-1,2.5,-2.5,1035071.2509553526,
2018-03-30,77.41902160644531,82.74105834960938,2.0899195483955886,-1,2.5,-2.5,1033581.611673126,
2018-04-02,77.77253723144531,82.37494659423828,0.9866492705578006,-1,2.5,-2.5,1035020.8664338682,
2018-04-03,77.41902160644531,82.00884246826172,0.9771461299302705,-1,2.5,-2.5,1035046.0434358213,
2018-04-09,77.77253723144531,83.47327423095703,1.7075372177994086,-1,2.5,-2.5,1032824.2111604307,
2018-04-10,77.77253723144531,83.83938598632812,3.058578427318851,-1,2.5,-2.5,1032091.9876496885,
2018-04-11,77.77253723144531,83.47327423095703,1.9595804545756288,-1,2.5,-2.5,1032824.2111604307,
2018-04-12,77.41902160644531,83.47327423095703,2.143913762047925,-1,2.5,-2.5,1032117.1799104307,
2018-04-13,77.06551361083984,83.10717010498047,2.0695346876720992,-1,2.5,-2.5,1032142.3721711729,
2018-04-16,78.12605285644531,82.74105834960938,0.4186563748288683,-1,2.5,-2.5,1034995.674173126,
2018-04-17,77.41902160644531,83.10717010498047,1.2354213028111838,-1,2.5,-2.5,1032849.3881623838,
2018-04-18,77.77253723144531,83.83938598632812,1.360450264375966,-1,2.5,-2.5,1032091.9876496885,
2018-04-19,77.77253723144531,83.47327423095703,1.0552686599437031,-1,2.5,-2.5,1032824.2111604307,
2018-04-20,77.77253723144531,83.10717010498047,0.7484607921137241,-1,2.5,-2.5,1033556.4194123838,
2018-04-23,77.77253723144531,82.37494659423828,0.177451051891783,-1,2.5,-2.5,1035020.8664338682,
2018-04-24,77.06551361083984,81.276611328125,0.053399933194592596,-1,2.5,-2.5,1035803.4897248838,
2018-04-25,76.71199798583984,80.91050720214844,0.1034070275716435,-1,2.5,-2.5,1035828.6667268369,
2018-04-26,77.06551361083984,81.64273071289062,0.23202445598589969,-1,2.5,-2.5,1035071.2509553526,
2018-04-27,77.06551361083984,82.74105834960938,0.9888432132032212,-1,2.5,-2.5,1032874.5956819151,
2018-04-30,77.41902160644531,82.74105834960938,0.6105169856192354,-1,2.5,-2.5,1033581.611673126,
2018-05-02,78.47956085205078,82.00884246826172,-1.1689259817099595,0,2.5,-2.5,1037100.7023908994,Close
2018-05-03,77.77253723144531,81.64273071289062,-0.6783597758717786,0,2.5,-2.5,1037100.7023908994,
2018-05-04,77.41902160644531,81.64273071289062,-0.3034892087402372,0,2.5,-2.5,1037100.7023908994,
2018-05-07,77.06551361083984,82.00884246826172,0.3557953593861192,0,2.5,-2.5,1037100.7023908994,
2018-05-08,77.77253723144531,82.00884246826172,-0.5133562340499823,0,2.5,-2.5,1037100.7023908994,
2018-05-09,76.71199798583984,80.54438781738281,-0.24494131208023054,0,2.5,-2.5,1037100.7023908994,
2018-05-10,76.35848999023438,79.44605255126953,-0.47954336263446895,0,2.5,-2.5,1037100.7023908994,
2018-05-11,75.6514663696289,79.81217193603516,-0.012324995190099115,0,2.5,-2.5,1037100.7023908994,
2018-05-14,75.6514663696289,79.81217193603516,-0.02364722906785506,0,2.5,-2.5,1037100.7023908994,
2018-05-15,75.6514663696289,79.44605255126953,-0.16210650447282968,0,2.5,-2.5,1037100.7023908994,
2018-05-16,76.00497436523438,79.07994842529297,-0.5211597522183479,0,2.5,-2.5,1037100.7023908994,
2018-05-17,76.00497436523438,79.44605255126953,-0.3885179386724673,0,2.5,-2.5,1037100.7023908994,
2018-05-18,76.71199798583984,80.54438781738281,-0.349265215205047,0,2.5,-2.5,1037100.7023908994,
2018-05-21,76.71199798583984,80.54438781738281,-0.3538517280973637,0,2.5,-2.5,1037100.7023908994,
2018-05-22,76.71199798583984,80.17827606201172,-0.5116471601570423,0,2.5,-2.5,1037100.7023908994,
2018-05-23,76.71199798583984,80.17827606201172,-0.36731572601602247,0,2.5,-2.5,1037100.7023908994,
2018-05-24,77.06551361083984,80.17827606201172,-0.4983235855759634,0,2.5,-2.5,1037100.7023908994,
2018-05-25,77.41902160644531,80.54438781738281,-0.5209577643226985,0,2.5,-2.5,1037100.7023908994,
2018-05-28,77.77253723144531,81.276611328125,-0.44054895307040814,0,2.5,-2.5,1037100.7023908994,
2018-05-29,77.77253723144531,80.17827606201172,-0.725673613896244,0,2.5,-2.5,1037100.7023908994,
2018-05-30,77.41902160644531,79.44605255126953,-0.6096274091904839,0,2.5,-2.5,1037100.7023908994,
2018-05-31,77.77253723144531,79.81217193603516,-0.6254267329346531,0,2.5,-2.5,1037100.7023908994,
2018-06-01,78.12605285644531,80.54438781738281,-0.5621770430115077,0,2.5,-2.5,1037100.7023908994,
2018-06-04,78.12605285644531,80.54438781738281,-0.5492471240549907,0,2.5,-2.5,1037100.7023908994,
2018-06-05,77.77253723144531,80.54438781738281,-0.4321699981197638,0,2.5,-2.5,1037100.7023908994,
2018-06-06,77.41902160644531,80.91050720214844,-0.5304970970888613,0,2.5,-2.5,1037100.7023908994,
2018-06-07,78.12605285644531,80.54438781738281,-1.1218760860453185,0,2.5,-2.5,1037100.7023908994,
2018-06-08,78.12605285644531,80.54438781738281,-1.0933116629647104,0,2.5,-2.5,1037100.7023908994,
2018-06-11,77.77253723144531,80.17827606201172,-1.006372750220475,0,2.5,-2.5,1037100.7023908994,
2018-06-12,78.12605285644531,80.17827606201172,-1.2010602608888117,0,2.5,-2.5,1037100.7023908994,
2018-06-13,78.47956085205078,80.54438781738281,-1.4319790918107345,0,2.5,-2.5,1037100.7023908994,
2018-06-14,77.77253723144531,79.81217193603516,-1.2382941791236122,0,2.5,-2.5,1037100.7023908994,
2018-06-15,77.41902160644531,80.17827606201172,-0.7449531628502114,0,2.5,-2.5,1037100.7023908994,
2018-06-19,77.41902160644531,79.81217193603516,-0.8965984339912322,0,2.5,-2.5,1037100.7023908994,
2018-06-20,77.77253723144531,80.54438781738281,-0.7403402503641552,0,2.5,-2.5,1037100.7023908994,
2018-06-21,78.47956085205078,80.17827606201172,-3.3833928314279635,1,2.5,-2.5,1037034.3560774229,Long Spread
2018-06-22,78.47956085205078,80.54438781738281,-2.6555974629294927,1,2.5,-2.5,1037766.579588165,
2018-06-25,78.12605285644531,80.17827606201172,-2.2919259004766617,1,2.5,-2.5,1037741.3720686338,
2018-06-26,78.12605285644531,80.17827606201172,-2.1061031743990792,1,2.5,-2.5,1037741.3720686338,
2018-06-27,78.12605285644531,80.17827606201172,-1.9379423147051107,1,2.5,-2.5,1037741.3720686338,
2018-06-28,78.47956085205078,80.54438781738281,-9.655883064948142,1,2.5,-2.5,1037766.579588165,
2018-06-29,78.12605285644531,80.54438781738281,-7.166047378396503,1,2.5,-2.5,1038473.595579376,
2018-07-02,77.77253723144531,80.17827606201172,-6.4611753167184505,1,2.5,-2.5,1038448.4033186338,
2018-07-03,78.12605285644531,81.276611328125,-3.4436203917178965,1,2.5,-2.5,1039938.0426008604,
2018-07-04,78.47956085205078,81.64273071289062,-3.914260648324865,1,2.5,-2.5,1039963.2653791807,
2018-07-05,78.12605285644531,82.00884246826172,0.10640998427757625,0,2.5,-2.5,1041336.0994853209,Close
2018-07-06,78.47956085205078,82.00884246826172,-0.2838731462787886,0,2.5,-2.5,1041336.0994853209,
2018-07-09,78.83306884765625,82.00884246826172,-0.6360309170432329,0,2.5,-2.5,1041336.0994853209,
2018-07-10,78.90750885009766,82.37494659423828,-0.3644481853138223,0,2.5,-2.5,1041336.0994853209,
2018-07-11,78.90750885009766,82.00884246826172,-0.6147037509649297,0,2.5,-2.5,1041336.0994853209,
2018-07-12,78.16310119628906,81.64273071289062,-0.10679565932923582,0,2.5,-2.5,1041336.0994853209,
2018-07-13,78.16310119628906,81.64273071289062,-0.03451691652562927,0,2.5,-2.5,1041336.0994853209,
2018-07-16,78.5353012084961,81.64273071289062,-0.6431156199291528,0,2.5,-2.5,1041336.0994853209,
2018-07-17,78.5353012084961,82.00884246826172,-0.11901760807773772,0,2.5,-2.5,1041336.0994853209,
2018-07-18,78.5353012084961,82.00884246826172,-0.08618697527238652,0,2.5,-2.5,1041336.0994853209,
2018-07-19,78.16310119628906,81.64273071289062,0.10963075886643003,0,2.5,-2.5,1041336.0994853209,
2018-07-20,78.16310119628906,81.64273071289062,0.1277574621325994,0,2.5,-2.5,1041336.0994853209,
2018-07-23,78.5353012084961,81.48664855957031,-0.5158077655548479,0,2.5,-2.5,1041336.0994853209,
2018-07-24,78.90750885009766,80.72149658203125,-1.6930575643091366,0,2.5,-2.5,1041336.0994853209,
2018-07-25,78.5353012084961,80.33894348144531,-1.472082803156271,0,2.5,-2.5,1041336.0994853209,
2018-07-26,78.5353012084961,80.72149658203125,-1.6030416436271016,0,2.5,-2.5,1041336.0994853209,
2018-07-27,78.5353012084961,80.72149658203125,-1.344276668410259,0,2.5,-2.5,1041336.0994853209,
2018-07-30,78.5353012084961,81.10407257080078,-0.781067730836791,0,2.5,-2.5,1041336.0994853209,
2018-07-31,78.5353012084961,81.10407257080078,-0.7057397693801675,0,2.5,-2.5,1041336.0994853209,
2018-08-01,78.90750885009766,81.10407257080078,-1.2432532928964806,0,2.5,-2.5,1041336.0994853209,
2018-08-02,78.16310119628906,80.72149658203125,-0.6040014523759345,0,2.5,-2.5,1041336.0994853209,
2018-08-03,78.16310119628906,81.10407257080078,-0.007782888955666989,0,2.5,-2.5,1041336.0994853209,
2018-08-06,78.5353012084961,81.48664855957031,-0.12998687711748685,0,2.5,-2.5,1041336.0994853209,
2018-08-07,78.16310119628906,81.48664855957031,0.5313209414155109,0,2.5,-2.5,1041336.0994853209,
2018-08-08,78.16310119628906,81.86920928955078,0.9967362104548617,0,2.5,-2.5,1041336.0994853209,
2018-08-09,78.16310119628906,81.86920928955078,0.3818945590592927,0,2.5,-2.5,1041336.0994853209,
2018-08-10,78.90750885009766,82.25177001953125,0.10311599165590377,0,2.5,-2.5,1041336.0994853209,
2018-08-13,78.5353012084961,81.48664855957031,-0.002761240016649748,0,2.5,-2.5,1041336.0994853209,
2018-08-14,78.90750885009766,81.86920928955078,-0.0670110361404067,0,2.5,-2.5,1041336.0994853209,
2018-08-15,78.5353012084961,81.86920928955078,0.26055099464805204,0,2.5,-2.5,1041336.0994853209,
2018-08-16,78.16310119628906,81.48664855957031,0.472307436731664,0,2.5,-2.5,1041336.0994853209,
2018-08-17,78.90750885009766,81.86920928955078,-0.063298304257661,0,2.5,-2.5,1041336.0994853209,
2018-08-20,78.90750885009766,81.86920928955078,-0.05370051821961082,0,2.5,-2.5,1041336.0994853209,
2018-08-21,79.27971649169922,83.01690673828125,0.5037330968057977,0,2.5,-2.5,1041336.0994853209,
2018-08-22,79.65191650390625,82.63433837890625,-0.29849763356226006,0,2.5,-2.5,1041336.0994853209,
2018-08-23,80.02412414550781,83.01690673828125,-0.6662017966357231,0,2.5,-2.5,1041336.0994853209,
2018-08-24,79.65191650390625,82.25177001953125,-0.9499755861994499,0,2.5,-2.5,1041336.0994853209,
2018-08-27,80.02412414550781,82.63433837890625,-1.076311061069534,0,2.5,-2.5,1041336.0994853209,
2018-08-28,80.02412414550781,83.01690673828125,-0.5623027000036978,0,2.5,-2.5,1041336.0994853209,
2018-08-29,80.02412414550781,83.01690673828125,-0.5320608183855847,0,2.5,-2.5,1041336.0994853209,
2018-08-30,79.65191650390625,82.25177001953125,-1.626158117020503,0,2.5,-2.5,1041336.0994853209,
2018-08-31,79.65191650390625,83.01690673828125,0.21208783387889477,0,2.5,-2.5,1041336.0994853209,
2018-09-03,80.02412414550781,82.63433837890625,-1.4433269436788685,0,2.5,-2.5,1041336.0994853209,
2018-09-04,80.02412414550781,83.01690673828125,-0.6752980115358337,0,2.5,-2.5,1041336.0994853209,
2018-09-05,79.65191650390625,82.63433837890625,-0.42104229086128026,0,2.5,-2.5,1041336.0994853209,
2018-09-06,79.65191650390625,82.25177001953125,-1.624409138356221,0,2.5,-2.5,1041336.0994853209,
2018-09-07,80.02412414550781,82.63433837890625,-1.7028411465480837,0,2.5,-2.5,1041336.0994853209,
2018-09-10,80.02412414550781,83.01690673828125,-0.7692580167926908,0,2.5,-2.5,1041336.0994853209,
2018-09-11,80.7685317993164,84.16460418701172,-0.5198473827407735,0,2.5,-2.5,1041336.0994853209,
2018-09-12,81.1407470703125,84.16460418701172,-1.3693377647547964,0,2.5,-2.5,1041336.0994853209,
2018-09-13,81.1407470703125,83.78204345703125,-3.0091711184228065,1,2.5,-2.5,1041269.5025736998,Long Spread
2018-09-14,81.512939453125,83.01690673828125,-5.6106517966156195,1,2.5,-2.5,1038994.8443705748,
2018-09-17,81.1407470703125,83.01690673828125,-4.028054698399259,1,2.5,-2.5,1039739.2291361998,
2018-09-18,81.1407470703125,84.16460418701172,-1.474335455980757,1,2.5,-2.5,1042034.6240336607,
2018-09-19,81.512939453125,84.54717254638672,-1.6702599490295136,1,2.5,-2.5,1042055.3759867857,
2018-09-20,81.1407470703125,84.16460418701172,-1.2805129594559517,1,2.5,-2.5,1042034.6240336607,
2018-09-21,81.512939453125,83.78204345703125,-2.5178746076368883,1,2.5,-2.5,1040525.1178080748,
2018-09-25,81.1407470703125,83.78204345703125,-1.5700174320665485,1,2.5,-2.5,1041269.5025736998,
2018-09-26,81.1407470703125,83.78204345703125,-1.4802799416990542,1,2.5,-2.5,1041269.5025736998,
2018-09-27,81.512939453125,84.16460418701172,-1.612273514431369,1,2.5,-2.5,1041290.2392680357,
2018-09-28,81.512939453125,84.16460418701172,-1.63387447269674,1,2.5,-2.5,1041290.2392680357,
2018-10-01,81.512939453125,84.54717254638672,-1.0266944708206207,1,2.5,-2.5,1042055.3759867857,
2018-10-02,81.1407470703125,83.78204345703125,-1.3560558202920916,1,2.5,-2.5,1041269.5025736998,
2018-10-03,81.512939453125,83.39946746826172,-2.6518496383431986,1,2.5,-2.5,1039759.9658305357,
2018-10-04,80.39633178710938,82.63433837890625,-1.4095303411874585,1,2.5,-2.5,1040462.922983856,
2018-10-05,80.7685317993164,83.39946746826172,-1.214428490121688,1,2.5,-2.5,1041248.7811381529,
2018-10-08,81.1407470703125,83.01690673828125,-2.4848483975304387,1,2.5,-2.5,1039739.2291361998,
2018-10-09,81.1407470703125,83.78204345703125,-1.135666474738549,1,2.5,-2.5,1041269.5025736998,
2018-10-11,80.39633178710938,83.01690673828125,-0.6427818708405003,1,2.5,-2.5,1041228.059702606,
2018-10-12,80.7685317993164,82.63433837890625,-1.9262196666564402,1,2.5,-2.5,1039718.522959442,
2018-10-15,80.02412414550781,81.48664855957031,-2.128452747771081,1,2.5,-2.5,1038911.9586283873,
2018-10-16,80.02412414550781,81.86920928955078,-1.3936750967147724,1,2.5,-2.5,1039677.0800883482,
2018-10-17,80.39633178710938,81.86920928955078,-2.079548689362007,1,2.5,-2.5,1038932.6648051451,
2018-10-18,80.39633178710938,82.25177001953125,-1.4825616805076753,1,2.5,-2.5,1039697.786265106,
2018-10-19,80.7685317993164,81.48664855957031,-3.2940217859548473,1,2.5,-2.5,1037423.1433207701,
2018-10-22,80.39633178710938,82.25177001953125,-0.7986305186131213,1,2.5,-2.5,1039697.786265106,
2018-10-23,80.02412414550781,81.48664855957031,-1.1710620621208208,1,2.5,-2.5,1038911.9586283873,
2018-10-24,80.7685317993164,81.86920928955078,-2.0383548507841702,1,2.5,-2.5,1038188.264780731,
2018-10-25,81.512939453125,82.63433837890625,-2.5191482317591603,1,2.5,-2.5,1038229.7076518248,
2018-10-26,81.8851547241211,83.39946746826172,-2.3071165791010566,1,2.5,-2.5,1039015.5352885436,
2018-10-29,81.8851547241211,83.78204345703125,-1.582049302334645,1,2.5,-2.5,1039780.6872660826,
2018-10-30,81.8851547241211,83.01690673828125,-2.593959088082164,1,2.5,-2.5,1038250.4138285826,
2018-10-31,82.25736236572266,83.78204345703125,-2.320066008240705,1,2.5,-2.5,1039036.2719828795,
2018-11-01,81.512939453125,81.86920928955078,-3.43552009726467,1,2.5,-2.5,1036699.4494731139,
2018-11-02,80.39633178710938,81.10407257080078,-2.2982131419731626,1,2.5,-2.5,1037402.3913676451,
2018-11-05,80.7685317993164,80.72149658203125,-2.8780731475130854,1,2.5,-2.5,1035892.839365692,
2018-11-06,81.1407470703125,81.10407257080078,-3.116666902922734,1,2.5,-2.5,1035913.5608012389,
2018-11-07,81.8851547241211,81.86920928955078,-3.503148544589756,1,2.5,-2.5,1035955.0189311217,
2018-11-08,81.512939453125,81.86920928955078,-2.853898954935367,1,2.5,-2.5,1036699.4494731139,
2018-11-09,81.1407470703125,81.86920928955078,-2.146050836463468,1,2.5,-2.5,1037443.8342387389,
2018-11-12,81.512939453125,81.48664855957031,-2.4259466332844277,1,2.5,-2.5,1035934.3280131529,
2018-11-13,81.8851547241211,81.86920928955078,-2.56318785175612,1,2.5,-2.5,1035955.0189311217,
2018-11-14,82.25736236572266,81.86920928955078,-3.0900616204385285,1,2.5,-2.5,1035210.6036479186,
2018-11-15,82.25736236572266,81.86920928955078,-3.068947508413579,1,2.5,-2.5,1035210.6036479186,
2018-11-16,81.1407470703125,81.10407257080078,-2.1977215778635273,1,2.5,-2.5,1035913.5608012389,
2018-11-19,81.512939453125,81.48664855957031,-1.685705310627561,1,2.5,-2.5,1035934.3280131529,
2018-11-20,81.8851547241211,81.86920928955078,-1.7886057506749253,1,2.5,-2.5,1035955.0189311217,
2018-11-21,81.512939453125,81.86920928955078,-1.3482597206585372,1,2.5,-2.5,1036699.4494731139,
2018-11-22,81.512939453125,82.25177001953125,-1.0079934083408637,1,2.5,-2.5,1037464.5709330748,
2018-11-23,81.8851547241211,82.63433837890625,-1.1053949884195804,1,2.5,-2.5,1037485.2771098326,
2018-11-26,81.512939453125,82.25177001953125,-1.8456119640329998,1,2.5,-2.5,1037464.5709330748,
2018-11-27,81.512939453125,82.25177001953125,-1.7112896398519548,1,2.5,-2.5,1037464.5709330748,
2018-11-28,81.8851547241211,82.25177001953125,-2.4479185696804633,1,2.5,-2.5,1036720.1403910826,
2018-11-29,81.1407470703125,81.48664855957031,-1.8767266650734844,1,2.5,-2.5,1036678.7127787779,
2018-11-30,81.1407470703125,81.86920928955078,-1.1720034851674312,1,2.5,-2.5,1037443.8342387389,
2018-12-03,80.39633178710938,81.10407257080078,-0.7289269987542067,1,2.5,-2.5,1037402.3913676451,
2018-12-04,79.65191650390625,81.10407257080078,1.0281371747036585,0,2.5,-2.5,1038824.7916944884,Close
2018-12-05,80.02412414550781,81.48664855957031,0.8116985166200643,0,2.5,-2.5,1038824.7916944884,
2018-12-06,79.65191650390625,81.48664855957031,1.6127915537177577,0,2.5,-2.5,1038824.7916944884,
2018-12-07,80.39633178710938,81.86920928955078,0.6276213746916848,0,2.5,-2.5,1038824.7916944884,
2018-12-10,80.02412414550781,81.86920928955078,0.5229811620180117,0,2.5,-2.5,1038824.7916944884,
2018-12-11,80.39633178710938,82.25177001953125,0.45455952810211026,0,2.5,-2.5,1038824.7916944884,
2018-12-12,79.65191650390625,82.25177001953125,1.0761705766093912,0,2.5,-2.5,1038824.7916944884,
2018-12-13,80.39633178710938,82.25177001953125,0.4819863819791773,0,2.5,-2.5,1038824.7916944884,
2018-12-14,80.02412414550781,82.25177001953125,0.8298068076315788,0,2.5,-2.5,1038824.7916944884,
2018-12-17,80.39633178710938,82.25177001953125,0.3153337748609993,0,2.5,-2.5,1038824.7916944884,
2018-12-18,80.39633178710938,81.48664855957031,0.02056926466808244,0,2.5,-2.5,1038824.7916944884,
2018-12-19,80.39633178710938,82.25177001953125,0.3184185357969956,0,2.5,-2.5,1038824.7916944884,
2018-12-20,80.39633178710938,82.25177001953125,0.31918050138941023,0,2.5,-2.5,1038824.7916944884,
2018-12-21,80.39633178710938,82.25177001953125,0.31906012594651884,0,2.5,-2.5,1038824.7916944884,
2018-12-24,80.39633178710938,81.86920928955078,0.21862055893927992,0,2.5,-2.5,1038824.7916944884,
2018-12-25,80.02412414550781,81.48664855957031,0.2934247708301036,0,2.5,-2.5,1038824.7916944884,
2018-12-26,79.27971649169922,81.10407257080078,0.6086884061739587,0,2.5,-2.5,1038824.7916944884,
2018-12-27,79.27971649169922,81.48664855957031,0.7844440452678525,0,2.5,-2.5,1038824.7916944884,
2018-12-28,79.27971649169922,86.45999908447266,3.1216230118265114,-1,2.5,-2.5,1038758.1621058653,Short Spread
2019-01-02,79.65191650390625,81.86920928955078,0.19815152364552305,-1,2.5,-2.5,1048684.1417201231,
2019-01-03,79.27971649169922,81.86920928955078,0.26728058988267067,-1,2.5,-2.5,1047939.7416957091,
2019-01-04,79.27971649169922,82.25177001953125,0.31761174420201016,-1,2.5,-2.5,1047174.6202357481,
2019-01-07,80.39633178710938,82.63433837890625,0.15340335326320859,-1,2.5,-2.5,1048642.7141078184,
2019-01-08,80.02412414550781,81.86920928955078,0.11896293317092767,-1,2.5,-2.5,1049428.5570033262,
2019-01-09,80.39633178710938,82.25177001953125,0.27497288269135783,-1,2.5,-2.5,1049407.8508265684,
2019-01-10,80.39633178710938,81.86920928955078,0.12956212790096222,-1,2.5,-2.5,1050172.9722865294,
2019-01-11,80.7685317993164,81.86920928955078,-0.06589059080640548,0,2.5,-2.5,1050850.8668012999,Close
2019-01-14,80.7685317993164,81.48664855957031,-0.20026456693673272,0,2.5,-2.5,1050850.8668012999,
2019-01-15,80.39633178710938,81.86920928955078,0.13137213962561592,0,2.5,-2.5,1050850.8668012999,
2019-01-16,80.7685317993164,81.86920928955078,-0.06594827784948894,0,2.5,-2.5,1050850.8668012999,
2019-01-17,81.1407470703125,81.86920928955078,-0.2796986796586875,0,2.5,-2.5,1050850.8668012999,
2019-01-18,81.1407470703125,81.86920928955078,-0.27304015737968024,0,2.5,-2.5,1050850.8668012999,
2019-01-21,80.39633178710938,81.48664855957031,0.0036509670813340586,0,2.5,-2.5,1050850.8668012999,
2019-01-22,81.1407470703125,82.25177001953125,-0.11159921195599352,0,2.5,-2.5,1050850.8668012999,
2019-01-23,81.1407470703125,81.86920928955078,-1.407007785868059,0,2.5,-2.5,1050850.8668012999,
2019-01-24,81.1407470703125,81.86920928955078,-1.0452585588405259,0,2.5,-2.5,1050850.8668012999,
2019-01-25,81.512939453125,81.86920928955078,-1.5639016766007932,0,2.5,-2.5,1050850.8668012999,
2019-01-28,80.39633178710938,81.48664855957031,0.025417409450303036,0,2.5,-2.5,1050850.8668012999,
2019-01-29,81.1407470703125,81.86920928955078,-0.6846558233104449,0,2.5,-2.5,1050850.8668012999,
2019-01-30,81.512939453125,81.86920928955078,-2.0109319083298645,0,2.5,-2.5,1050850.8668012999,
2019-02-11,81.512939453125,81.48664855957031,-2.1624269220093546,0,2.5,-2.5,1050850.8668012999,
2019-02-12,80.7685317993164,81.86920928955078,-0.16918943965790162,0,2.5,-2.5,1050850.8668012999,
2019-02-13,80.39633178710938,81.10407257080078,-0.4270053649558551,0,2.5,-2.5,1050850.8668012999,
2019-02-14,79.65191650390625,81.10407257080078,0.6181147056028473,0,2.5,-2.5,1050850.8668012999,
2019-02-15,80.7685317993164,81.48664855957031,-0.5889652961196099,0,2.5,-2.5,1050850.8668012999,
2019-02-18,81.1407470703125,81.48664855957031,-1.0066433262131598,0,2.5,-2.5,1050850.8668012999,
2019-02-19,80.7685317993164,81.10407257080078,-0.8162158356758257,0,2.5,-2.5,1050850.8668012999,
2019-02-20,80.7685317993164,81.48664855957031,-0.4836699085503403,0,2.5,-2.5,1050850.8668012999,
2019-02-21,81.512939453125,81.48664855957031,-1.1898589201709118,0,2.5,-2.5,1050850.8668012999,
2019-02-22,81.8851547241211,81.86920928955078,-1.223511839704594,0,2.5,-2.5,1050850.8668012999,
2019-02-25,81.512939453125,81.86920928955078,-0.8243831970271279,0,2.5,-2.5,1050850.8668012999,
2019-02-26,81.8851547241211,81.48664855957031,-1.3122342586078006,0,2.5,-2.5,1050850.8668012999,
2019-02-27,81.8851547241211,81.86920928955078,-1.0220706181345276,0,2.5,-2.5,1050850.8668012999,
2019-03-04,81.8851547241211,81.86920928955078,-0.969737206234892,0,2.5,-2.5,1050850.8668012999,
2019-03-05,81.8851547241211,81.86920928955078,-1.073795717316832,0,2.5,-2.5,1050850.8668012999,
2019-03-06,81.512939453125,82.25177001953125,-0.5000464551750404,0,2.5,-2.5,1050850.8668012999,
2019-03-07,81.512939453125,81.86920928955078,-0.692417114825274,0,2.5,-2.5,1050850.8668012999,
2019-03-08,81.512939453125,82.25177001953125,-0.4637190449506828,0,2.5,-2.5,1050850.8668012999,
2019-03-11,81.8851547241211,81.86920928955078,-0.9032326453731019,0,2.5,-2.5,1050850.8668012999,
2019-03-12,81.512939453125,82.63433837890625,-0.31512775895943695,0,2.5,-2.5,1050850.8668012999,
2019-03-13,81.8851547241211,82.63433837890625,-0.6164029273187475,0,2.5,-2.5,1050850.8668012999,
2019-03-14,81.1407470703125,82.25177001953125,-0.17619886853320305,0,2.5,-2.5,1050850.8668012999,
2019-03-15,82.25736236572266,82.63433837890625,-0.8381983402168395,0,2.5,-2.5,1050850.8668012999,
2019-03-18,81.8851547241211,82.63433837890625,-0.4997426974363055,0,2.5,-2.5,1050850.8668012999,
2019-03-19,82.25736236572266,82.63433837890625,-2.018922944774205,0,2.5,-2.5,1050850.8668012999,
2019-03-20,82.25736236572266,82.63433837890625,-1.6301713659204478,0,2.5,-2.5,1050850.8668012999,
2019-03-21,82.25736236572266,82.63433837890625,-1.372221880713864,0,2.5,-2.5,1050850.8668012999,
2019-03-22,81.8851547241211,83.01690673828125,-0.3417961320280522,0,2.5,-2.5,1050850.8668012999,
2019-03-25,82.25736236572266,82.25177001953125,-1.423505522867748,0,2.5,-2.5,1050850.8668012999,
2019-03-26,83.00177001953125,83.01690673828125,-2.0632381290933397,0,2.5,-2.5,1050850.8668012999,
2019-03-27,82.62955474853516,83.01690673828125,-1.2919005009224576,0,2.5,-2.5,1050850.8668012999,
2019-03-28,83.37396240234375,83.39946746826172,-1.763072960440657,0,2.5,-2.5,1050850.8668012999,
2019-03-29,83.00177001953125,83.78204345703125,-0.8261622959416828,0,2.5,-2.5,1050850.8668012999,
2019-04-01,82.62955474853516,84.54717254638672,0.29920090965650187,0,2.5,-2.5,1050850.8668012999,
2019-04-02,82.25736236572266,83.78204345703125,0.1143979827081648,0,2.5,-2.5,1050850.8668012999,
2019-04-03,82.62955474853516,83.01690673828125,-0.9642146002612254,0,2.5,-2.5,1050850.8668012999,
2019-04-08,82.25736236572266,83.01690673828125,-0.470598766426522,0,2.5,-2.5,1050850.8668012999,
2019-04-09,82.62955474853516,83.78204345703125,-0.22907068531457445,0,2.5,-2.5,1050850.8668012999,
2019-04-10,82.62955474853516,83.78204345703125,-0.12588799608479237,0,2.5,-2.5,1050850.8668012999,
2019-04-11,82.62955474853516,83.39946746826172,-0.7481990446053852,0,2.5,-2.5,1050850.8668012999,
2019-04-12,82.62955474853516,83.78204345703125,-0.09600022978111708,0,2.5,-2.5,1050850.8668012999,
2019-04-15,82.62955474853516,83.78204345703125,-0.018700853752085304,0,2.5,-2.5,1050850.8668012999,
2019-04-16,83.00177001953125,84.16460418701172,-0.16360706190057397,0,2.5,-2.5,1050850.8668012999,
2019-04-17,83.00177001953125,83.78204345703125,-0.6329610617265626,0,2.5,-2.5,1050850.8668012999,
2019-04-18,83.37396240234375,84.16460418701172,-0.887918748683786,0,2.5,-2.5,1050850.8668012999,
2019-04-19,83.00177001953125,83.78204345703125,-0.6104816205892307,0,2.5,-2.5,1050850.8668012999,
2019-04-22,83.00177001953125,84.16460418701172,0.001143926671008975,0,2.5,-2.5,1050850.8668012999,
2019-04-23,83.74617767333984,84.54717254638672,-0.9728935877190417,0,2.5,-2.5,1050850.8668012999,
2019-04-24,83.37396240234375,84.54717254638672,-0.14392010228285942,0,2.5,-2.5,1050850.8668012999,
2019-04-25,83.74617767333984,84.54717254638672,-0.9570448100889493,0,2.5,-2.5,1050850.8668012999,
2019-04-26,84.11839294433594,84.54717254638672,-1.7328131089992347,0,2.5,-2.5,1050850.8668012999,
2019-04-29,84.11839294433594,84.92973327636719,-1.084138247947189,0,2.5,-2.5,1050850.8668012999,
2019-04-30,84.11839294433594,84.92973327636719,-1.0297896888501148,0,2.5,-2.5,1050850.8668012999,
2019-05-02,85.23500061035156,84.92973327636719,-3.378847548837603,1,2.5,-2.5,1050784.0602119444,Long Spread
2019-05-03,85.23500061035156,84.92973327636719,-3.2512959207527405,1,2.5,-2.5,1050784.0602119444,
2019-05-06,84.11839294433594,84.54717254638672,-1.405063430946702,1,2.5,-2.5,1052252.1540840147,
2019-05-07,84.86279296875,84.54717254638672,-2.947646151218549,1,2.5,-2.5,1050763.3540351866,
2019-05-08,84.49058532714844,85.31230163574219,-0.9352812708229338,1,2.5,-2.5,1053038.0274971006,
2019-05-09,84.86279296875,84.16460418701172,-3.4073788535815432,1,2.5,-2.5,1049998.2173164366,
2019-05-10,84.86279296875,84.16460418701172,-3.1578026248711732,1,2.5,-2.5,1049998.2173164366,
2019-05-13,85.23500061035156,84.16460418701172,-3.848850074829981,1,2.5,-2.5,1049253.8020332335,
2019-05-14,84.86279296875,85.31230163574219,-1.3902126212106372,1,2.5,-2.5,1052293.6122138975,
2019-05-15,85.23500061035156,84.54717254638672,-3.1627135602161136,1,2.5,-2.5,1050018.9387519835,
2019-05-16,84.86279296875,84.54717254638672,-2.3175481573430745,1,2.5,-2.5,1050763.3540351866,
2019-05-17,85.6072006225586,84.92973327636719,-2.593693171334202,1,2.5,-2.5,1050039.6601875303,
2019-05-20,85.97940826416016,85.31230163574219,-2.7197747363231595,1,2.5,-2.5,1050060.3816230772,
2019-05-21,87.8404312133789,86.07743835449219,-4.833449319454102,1,2.5,-2.5,1047868.6091621397,
2019-05-22,87.09602355957031,85.69486999511719,-3.9795723285685534,1,2.5,-2.5,1048592.287751007,
2019-05-23,87.46822357177734,85.69486999511719,-4.547519998294808,1,2.5,-2.5,1047847.8877265928,
2019-05-24,87.46822357177734,85.69486999511719,-1.600377084971726,1,2.5,-2.5,1047847.8877265928,
2019-05-27,87.8404312133789,85.69486999511719,-1.809830757362781,1,2.5,-2.5,1047103.4724433897,
2019-05-28,86.35160827636719,85.31230163574219,-1.060525183949325,1,2.5,-2.5,1049315.9815986631,
2019-05-29,87.46822357177734,85.69486999511719,-1.5705294426877365,1,2.5,-2.5,1047847.8877265928,
2019-05-30,87.8404312133789,86.07743835449219,-1.619862600314364,1,2.5,-2.5,1047868.6091621397,
2019-05-31,87.8404312133789,86.07743835449219,-1.4745420897233235,1,2.5,-2.5,1047868.6091621397,
2019-06-03,87.8404312133789,86.45999908447266,-1.308600741406166,1,2.5,-2.5,1048633.7306221006,
2019-06-04,87.8404312133789,86.45999908447266,-1.3037702329947543,1,2.5,-2.5,1048633.7306221006,
2019-06-05,88.212646484375,86.84257507324219,-1.3559232092238929,1,2.5,-2.5,1048654.4520576475,
2019-06-06,88.212646484375,86.84257507324219,-1.3523440836515397,1,2.5,-2.5,1048654.4520576475,
2019-06-10,88.95704650878906,87.22512817382812,-1.7842179431299199,1,2.5,-2.5,1047930.7582099913,
2019-06-11,88.5848388671875,86.84257507324219,-1.7003000297182311,1,2.5,-2.5,1047910.0672920225,
2019-06-12,89.32925415039062,86.45999908447266,-2.407953250863719,1,2.5,-2.5,1045656.0847480772,
2019-06-13,89.70144653320312,86.45999908447266,-2.665240475803651,1,2.5,-2.5,1044911.6999824522,
2019-06-14,89.70144653320312,86.07743835449219,-2.845034042841612,1,2.5,-2.5,1044146.5785224913,
2019-06-17,88.95704650878906,85.69486999511719,-1.1451839667975312,1,2.5,-2.5,1044870.2418525694,
2019-06-18,88.95704650878906,85.69486999511719,-1.1335195798234066,1,2.5,-2.5,1044870.2418525694,
2019-06-19,90.07366180419922,86.84257507324219,-1.2283735847669472,1,2.5,-2.5,1044932.4214179991,
2019-06-20,90.07366180419922,86.07743835449219,-1.4083530622801632,1,2.5,-2.5,1043402.1479804991,
2019-06-21,90.8180694580078,86.84257507324219,-1.4681587015547382,1,2.5,-2.5,1043443.6061103819,
2019-06-24,91.19027709960938,87.22512817382812,-1.3293699757374795,1,2.5,-2.5,1043464.2970283506,
2019-06-25,91.19027709960938,87.22512817382812,-1.3219968542565899,1,2.5,-2.5,1043464.2970283506,
2019-06-26,91.19027709960938,87.22512817382812,-1.3162516067363237,1,2.5,-2.5,1043464.2970283506,
2019-06-27,91.19027709960938,86.84257507324219,-1.4008866272983642,1,2.5,-2.5,1042699.1908271788,
2019-06-28,91.19027709960938,86.45999908447266,-1.4804778748758072,1,2.5,-2.5,1041934.0388496397,
2019-07-01,90.07366180419922,86.45999908447266,-1.6583678130921544,1,2.5,-2.5,1044167.26944046,
2019-07-02,91.19027709960938,86.84257507324219,-2.0943286476288865,1,2.5,-2.5,1042699.1908271788,
2019-07-03,91.19027709960938,86.84257507324219,-2.0394258598520425,1,2.5,-2.5,1042699.1908271788,
2019-07-04,90.8180694580078,86.45999908447266,-1.9254116523025462,1,2.5,-2.5,1042678.4541328428,
2019-07-05,91.19027709960938,86.84257507324219,-1.9260663141628267,1,2.5,-2.5,1042699.1908271788,
2019-07-08,90.8180694580078,87.22512817382812,-2.625933626770958,1,2.5,-2.5,1044208.7123115538,
2019-07-09,88.12667846679688,86.84257507324219,-0.09912264659337976,1,2.5,-2.5,1048826.3880928038,
2019-07-10,88.51661682128906,86.84257507324219,-0.4263529101337898,1,2.5,-2.5,1048046.5113838194,
2019-07-11,87.34679412841797,86.84257507324219,0.7772578218083825,0,2.5,-2.5,1050319.1891947936,Close
2019-07-12,86.95685577392578,86.45999908447266,0.9198600810220555,0,2.5,-2.5,1050319.1891947936,
2019-07-15,86.17697143554688,86.07743835449219,0.5133005142336826,0,2.5,-2.5,1050319.1891947936,
2019-07-16,85.39708709716797,85.31230163574219,0.6006945927578748,0,2.5,-2.5,1050319.1891947936,
2019-07-17,86.56690979003906,85.69486999511719,0.30120782185421996,0,2.5,-2.5,1050319.1891947936,
2019-07-18,86.17697143554688,85.69486999511719,0.4439950921895567,0,2.5,-2.5,1050319.1891947936,
2019-07-19,86.56690979003906,85.69486999511719,0.32165439049089994,0,2.5,-2.5,1050319.1891947936,
2019-07-22,86.56690979003906,86.07743835449219,0.363840241971109,0,2.5,-2.5,1050319.1891947936,
2019-07-23,86.17697143554688,85.69486999511719,0.40334759609318255,0,2.5,-2.5,1050319.1891947936,
2019-07-24,85.39708709716797,85.69486999511719,0.633951639765411,0,2.5,-2.5,1050319.1891947936,
2019-07-25,85.78703308105469,85.27963256835938,0.4389713854816023,0,2.5,-2.5,1050319.1891947936,
2019-07-26,85.00714874267578,85.67813110351562,0.7434047352404337,0,2.5,-2.5,1050319.1891947936,
2019-07-29,85.00714874267578,85.67813110351562,0.5757075099663692,0,2.5,-2.5,1050319.1891947936,
2019-07-30,85.00714874267578,85.67813110351562,0.575025629426495,0,2.5,-2.5,1050319.1891947936,
2019-07-31,85.39708709716797,86.0766372680664,0.5479722086947865,0,2.5,-2.5,1050319.1891947936,
2019-08-01,84.61720275878906,85.27963256835938,0.5954645048411138,0,2.5,-2.5,1050319.1891947936,
2019-08-02,85.00714874267578,85.27963256835938,0.5043277497597786,0,2.5,-2.5,1050319.1891947936,
2019-08-05,85.78703308105469,85.67813110351562,0.3656639183705244,0,2.5,-2.5,1050319.1891947936,
2019-08-06,85.39708709716797,84.88113403320312,0.32676735562371934,0,2.5,-2.5,1050319.1891947936,
2019-08-07,85.39708709716797,84.88113403320312,0.32921226356354477,0,2.5,-2.5,1050319.1891947936,
2019-08-08,85.39708709716797,85.67813110351562,0.4449051635699536,0,2.5,-2.5,1050319.1891947936,
2019-08-12,85.78703308105469,85.67813110351562,0.36339119950142745,0,2.5,-2.5,1050319.1891947936,
2019-08-13,86.17697143554688,85.27963256835938,0.2541085640301985,0,2.5,-2.5,1050319.1891947936,
2019-08-14,86.17697143554688,85.27963256835938,0.254362712995834,0,2.5,-2.5,1050319.1891947936,
2019-08-15,86.56690979003906,84.88113403320312,0.0936850065277983,0,2.5,-2.5,1050319.1891947936,
2019-08-16,85.78703308105469,86.0766372680664,0.4699011304008977,0,2.5,-2.5,1050319.1891947936,
2019-08-19,85.78703308105469,85.67813110351562,0.39587690815949284,0,2.5,-2.5,1050319.1891947936,
2019-08-20,85.78703308105469,85.27963256835938,0.3464314552811438,0,2.5,-2.5,1050319.1891947936,
2019-08-21,85.78703308105469,85.67813110351562,0.4073535563564483,0,2.5,-2.5,1050319.1891947936,
2019-08-22,86.56690979003906,85.27963256835938,0.14271869385586175,0,2.5,-2.5,1050319.1891947936,
2019-08-23,86.56690979003906,85.67813110351562,0.2087033672071455,0,2.5,-2.5,1050319.1891947936,
2019-08-26,85.78703308105469,85.27963256835938,0.3241432698592358,0,2.5,-2.5,1050319.1891947936,
2019-08-27,85.78703308105469,85.67813110351562,3.221475493424759,-1,2.5,-2.5,1050252.3305882262,Short Spread
2019-08-28,86.56690979003906,86.0766372680664,1.6579425929895437,-1,2.5,-2.5,1051015.0716770934,
2019-08-29,86.95685577392578,86.47514343261719,1.263374091250388,-1,2.5,-2.5,1050997.9513157653,
2019-08-30,87.34679412841797,86.87364196777344,0.9965092116345794,-1,2.5,-2.5,1050980.8309544371,
2019-09-02,87.73674011230469,87.67064666748047,1.1111400086965413,-1,2.5,-2.5,1050166.7135227965,
2019-09-03,86.95685577392578,87.27214813232422,2.8201223422510995,-1,2.5,-2.5,1049403.9419163512,
2019-09-04,87.34679412841797,87.67064666748047,2.1061816219742333,-1,2.5,-2.5,1049386.821555023,
2019-09-05,87.34679412841797,87.67064666748047,1.8082127306963465,-1,2.5,-2.5,1049386.821555023,
2019-09-06,87.34679412841797,87.67064666748047,1.6016032991676399,-1,2.5,-2.5,1049386.821555023,
2019-09-10,88.51661682128906,88.4676513671875,0.6926708283655701,-1,2.5,-2.5,1050132.4575413512,
2019-09-11,88.51661682128906,88.4676513671875,0.7293440637751893,-1,2.5,-2.5,1050132.4575413512,
2019-09-12,88.51661682128906,88.4676513671875,0.6408063712534038,-1,2.5,-2.5,1050132.4575413512,
2019-09-16,88.90656280517578,88.86615753173828,0.4208305004257368,-1,2.5,-2.5,1050115.337180023,
2019-09-17,88.90656280517578,88.86615753173828,0.34235372611903736,-1,2.5,-2.5,1050115.337180023,
2019-09-18,89.29650115966797,88.86615753173828,-0.2208565027276184,0,2.5,-2.5,1050828.0873826598,Close
2019-09-19,89.29650115966797,89.26466369628906,0.04306877479590458,0,2.5,-2.5,1050828.0873826598,
2019-09-20,88.90656280517578,89.66316223144531,0.5510356321457021,0,2.5,-2.5,1050828.0873826598,
2019-09-23,88.51661682128906,89.26466369628906,0.6027283545775167,0,2.5,-2.5,1050828.0873826598,
2019-09-24,88.12667846679688,88.86615753173828,0.6492770048552841,0,2.5,-2.5,1050828.0873826598,
2019-09-25,88.12667846679688,88.06915283203125,0.0836945197062068,0,2.5,-2.5,1050828.0873826598,
2019-09-26,88.12667846679688,87.67064666748047,-0.24186645310919458,0,2.5,-2.5,1050828.0873826598,
2019-09-27,87.34679412841797,88.4676513671875,1.0412147309404691,0,2.5,-2.5,1050828.0873826598,
2019-10-01,88.51661682128906,89.26466369628906,0.3558906678392454,0,2.5,-2.5,1050828.0873826598,
2019-10-02,88.51661682128906,89.26466369628906,0.28369059605515995,0,2.5,-2.5,1050828.0873826598,
2019-10-03,87.73674011230469,88.86615753173828,0.7093869644436174,0,2.5,-2.5,1050828.0873826598,
2019-10-04,88.51661682128906,89.26466369628906,0.24932799361364355,0,2.5,-2.5,1050828.0873826598,
2019-10-07,88.51661682128906,89.66316223144531,0.6049879124597436,0,2.5,-2.5,1050828.0873826598,
2019-10-08,88.51661682128906,89.66316223144531,0.48287081774018437,0,2.5,-2.5,1050828.0873826598,
2019-10-09,87.73674011230469,88.86615753173828,0.6713923278614125,0,2.5,-2.5,1050828.0873826598,
2019-10-14,88.51661682128906,89.26466369628906,0.0536423707514233,0,2.5,-2.5,1050828.0873826598,
2019-10-15,88.51661682128906,89.26466369628906,0.05645140586125941,0,2.5,-2.5,1050828.0873826598,
2019-10-16,88.51661682128906,89.66316223144531,0.37932158001684746,0,2.5,-2.5,1050828.0873826598,
2019-10-17,88.51661682128906,89.66316223144531,0.36061153021643355,0,2.5,-2.5,1050828.0873826598,
2019-10-18,88.12667846679688,89.66316223144531,0.7809877084307149,0,2.5,-2.5,1050828.0873826598,
2019-10-21,88.51661682128906,89.66316223144531,0.3241832867714791,0,2.5,-2.5,1050828.0873826598,
2019-10-22,88.51661682128906,90.06166076660156,1.0926603437919469,0,2.5,-2.5,1050828.0873826598,
2019-10-23,88.12667846679688,89.66316223144531,1.2189995786224936,0,2.5,-2.5,1050828.0873826598,
2019-10-24,88.12667846679688,90.06166076660156,1.6804175191409374,0,2.5,-2.5,1050828.0873826598,
2019-10-25,88.51661682128906,89.66316223144531,0.43584244503305675,0,2.5,-2.5,1050828.0873826598,
2019-10-28,88.90656280517578,90.06166076660156,0.26528573381095966,0,2.5,-2.5,1050828.0873826598,
2019-10-29,88.51661682128906,89.66316223144531,0.9240271577492559,0,2.5,-2.5,1050828.0873826598,
2019-10-30,88.90656280517578,90.06166076660156,0.6061626985822121,0,2.5,-2.5,1050828.0873826598,
2019-10-31,88.51661682128906,89.26466369628906,0.05120426910583244,0,2.5,-2.5,1050828.0873826598,
2019-11-01,88.90656280517578,90.06166076660156,0.7035240830067514,0,2.5,-2.5,1050828.0873826598,
2019-11-04,88.90656280517578,90.06166076660156,0.731101131997869,0,2.5,-2.5,1050828.0873826598,
2019-11-05,89.68643951416016,90.06166076660156,-1.938251883615998,0,2.5,-2.5,1050828.0873826598,
2019-11-06,90.07638549804688,90.46017456054688,-2.2584807245155165,0,2.5,-2.5,1050828.0873826598,
2019-11-07,90.46632385253906,90.06166076660156,-4.511523709035251,1,2.5,-2.5,1050760.866263275,Long Spread
2019-11-08,90.46632385253906,90.46017456054688,-3.412364251360421,1,2.5,-2.5,1051557.8938511657,
2019-11-11,90.85626983642578,90.8586654663086,-3.6852918986037735,1,2.5,-2.5,1051574.9836949157,
2019-11-12,90.85626983642578,90.46017456054688,-0.9388388106024473,1,2.5,-2.5,1050778.0018833922,
2019-11-13,89.68643951416016,89.66316223144531,-0.5097219528374541,1,2.5,-2.5,1051523.6378697203,
2019-11-14,90.46632385253906,90.06166076660156,-0.8537439433957297,1,2.5,-2.5,1050760.866263275,
2019-11-15,90.07638549804688,90.46017456054688,-0.3676774837965901,1,2.5,-2.5,1052337.77056015,
2019-11-18,90.07638549804688,90.46017456054688,-0.3566891221958578,1,2.5,-2.5,1052337.77056015,
2019-11-19,89.68643951416016,90.06166076660156,-0.41300023050059803,1,2.5,-2.5,1052320.6349400328,
2019-11-20,90.46632385253906,90.8586654663086,-0.5973429271628872,1,2.5,-2.5,1052354.875662689,
2019-11-21,90.07638549804688,90.06166076660156,-0.7511324281280211,1,2.5,-2.5,1051540.7429722594,
2019-11-22,90.46632385253906,90.8586654663086,-0.5580310856026207,1,2.5,-2.5,1052354.875662689,
2019-11-25,90.85626983642578,90.46017456054688,-1.1444954364589515,1,2.5,-2.5,1050778.0018833922,
2019-11-26,90.07638549804688,89.66316223144531,-0.6044527513480175,1,2.5,-2.5,1050743.745901947,
2019-11-27,90.07638549804688,90.06166076660156,-0.4226011574214535,1,2.5,-2.5,1051540.7429722594,
2019-11-28,89.29650115966797,89.66316223144531,-0.12396695781592172,1,2.5,-2.5,1052303.5145787047,
2019-11-29,89.29650115966797,90.06166076660156,0.0406984218300407,0,2.5,-2.5,1053033.33732254,Close
2019-12-02,89.68643951416016,90.06166076660156,-0.18445248185137506,0,2.5,-2.5,1053033.33732254,
2019-12-03,89.68643951416016,90.06166076660156,-0.47208441520225497,0,2.5,-2.5,1053033.33732254,
2019-12-04,89.68643951416016,90.06166076660156,-0.44724132598211097,0,2.5,-2.5,1053033.33732254,
2019-12-05,90.07638549804688,90.06166076660156,-1.0000679962818453,0,2.5,-2.5,1053033.33732254,
2019-12-06,89.29650115966797,89.66316223144531,-0.23908076217995747,0,2.5,-2.5,1053033.33732254,
2019-12-09,88.90656280517578,89.26466369628906,-0.08506952643112592,0,2.5,-2.5,1053033.33732254,
2019-12-10,88.51661682128906,88.86615753173828,0.11236345040839682,0,2.5,-2.5,1053033.33732254,
2019-12-11,88.51661682128906,88.4676513671875,-0.5256013904843225,0,2.5,-2.5,1053033.33732254,
2019-12-12,89.29650115966797,88.86615753173828,-1.446543270910896,0,2.5,-2.5,1053033.33732254,
2019-12-13,89.29650115966797,89.26466369628906,-0.8244271788696398,0,2.5,-2.5,1053033.33732254,
2019-12-16,88.12667846679688,88.06915283203125,-0.24020704013303232,0,2.5,-2.5,1053033.33732254,
2019-12-17,88.12667846679688,88.06915283203125,-0.34355521038299364,0,2.5,-2.5,1053033.33732254,
2019-12-18,88.51661682128906,88.06915283203125,-1.059979887009421,0,2.5,-2.5,1053033.33732254,
2019-12-19,87.73674011230469,87.67064666748047,-0.030023880691817405,0,2.5,-2.5,1053033.33732254,
2019-12-20,88.51661682128906,88.4676513671875,-0.37183458667816066,0,2.5,-2.5,1053033.33732254,
2019-12-23,88.90656280517578,88.86615753173828,-0.5198269251020055,0,2.5,-2.5,1053033.33732254,
2019-12-24,88.12667846679688,88.06915283203125,-0.5763244899647791,0,2.5,-2.5,1053033.33732254,
2019-12-25,88.12667846679688,88.06915283203125,-0.4933103486416363,0,2.5,-2.5,1053033.33732254,
2019-12-26,88.12667846679688,88.4676513671875,1.0134680612716365,0,2.5,-2.5,1053033.33732254,
2019-12-27,88.51661682128906,88.86615753173828,0.48453623739837903,0,2.5,-2.5,1053033.33732254,
2019-12-30,88.12667846679688,88.4676513671875,1.1330525248959211,0,2.5,-2.5,1053033.33732254,
2019-12-31,87.34679412841797,87.67064666748047,1.1020600287093627,0,2.5,-2.5,1053033.33732254,
2020-01-02,87.73674011230469,87.27214813232422,-0.5318860882452142,0,2.5,-2.5,1053033.33732254,
2020-01-03,87.73674011230469,88.06915283203125,0.6633658562149677,0,2.5,-2.5,1053033.33732254,
2020-01-06,86.17697143554688,87.67064666748047,2.893355803460672,-1,2.5,-2.5,1052966.383417816,Short Spread
2020-01-07,85.39708709716797,87.27214813232422,3.474871544608282,-1,2.5,-2.5,1052203.6118113706,
2020-01-08,85.39708709716797,86.87364196777344,0.7872062390136761,-1,2.5,-2.5,1053000.6241404722,
2020-01-09,85.78703308105469,87.27214813232422,0.7266274760352299,-1,2.5,-2.5,1052983.503779144,
2020-01-10,85.39708709716797,87.27214813232422,0.8828803648863025,-1,2.5,-2.5,1052203.6118113706,
2020-01-13,85.00714874267578,87.67064666748047,1.159047138249604,-1,2.5,-2.5,1050626.7380320737,
2020-01-14,84.61720275878906,87.27214813232422,1.1811737765400492,-1,2.5,-2.5,1050643.8431346128,
2020-01-15,84.2272720336914,86.87364196777344,0.954260495149636,-1,2.5,-2.5,1050660.994013519,
2020-01-16,84.2272720336914,87.27214813232422,1.033863403732698,-1,2.5,-2.5,1049863.9816844175,
2020-01-17,85.00714874267578,87.27214813232422,0.758385657342654,-1,2.5,-2.5,1051423.7351023862,
2020-01-20,84.61720275878906,87.27214813232422,0.8740383970691575,-1,2.5,-2.5,1050643.8431346128,
2020-01-30,83.44737243652344,86.47514343261719,1.0560321868468676,-1,2.5,-2.5,1049898.1918894956,
2020-01-31,83.44737243652344,86.0766372680664,0.844778413583674,-1,2.5,-2.5,1050695.2042185972,
2020-02-03,84.2272720336914,86.0766372680664,0.6003995304073917,-1,2.5,-2.5,1052255.003412933,
2020-02-04,83.83733367919922,86.0766372680664,0.7031073749441612,-1,2.5,-2.5,1051475.1267039487,
2020-02-05,84.2272720336914,86.0766372680664,0.5762706739395146,-1,2.5,-2.5,1052255.003412933,
2020-02-06,84.61720275878906,86.47514343261719,0.5347244082645772,-1,2.5,-2.5,1052237.8525340268,
2020-02-07,83.83733367919922,86.87364196777344,1.2721073576240933,-1,2.5,-2.5,1049881.1173045347,
2020-02-10,84.2272720336914,86.87364196777344,1.0663602743571357,-1,2.5,-2.5,1050660.994013519,
2020-02-11,83.83733367919922,86.47514343261719,1.0794958033769664,-1,2.5,-2.5,1050678.1143748472,
2020-02-12,83.44737243652344,86.47514343261719,1.2188336969085845,-1,2.5,-2.5,1049898.1918894956,
2020-02-13,84.2272720336914,87.27214813232422,1.0890507365827442,-1,2.5,-2.5,1049863.9816844175,
2020-02-14,85.00714874267578,86.87364196777344,0.4768110383235469,-1,2.5,-2.5,1052220.7474314878,
2020-02-17,85.39708709716797,87.67064666748047,0.5219518102399332,-1,2.5,-2.5,1051406.614741058,
2020-02-18,84.61720275878906,87.27214813232422,0.6751862309613854,-1,2.5,-2.5,1050643.8431346128,
2020-02-19,84.61720275878906,87.67064666748047,0.7538607247368706,-1,2.5,-2.5,1049846.8460643003,
2020-02-20,84.61720275878906,87.27214813232422,0.6315767464342689,-1,2.5,-2.5,1050643.8431346128,
2020-02-21,84.61720275878906,87.27214813232422,0.8645845294360146,-1,2.5,-2.5,1050643.8431346128,
2020-02-24,83.05744171142578,86.47514343261719,1.3151029350893484,-1,2.5,-2.5,1049118.3304393003,
2020-02-25,83.05744171142578,86.47514343261719,1.2665491994703764,-1,2.5,-2.5,1049118.3304393003,
2020-02-26,82.2775650024414,86.0766372680664,1.4589813569500347,-1,2.5,-2.5,1048355.5893504331,
2020-02-27,81.88761901855469,86.0766372680664,1.5880734413531985,-1,2.5,-2.5,1047575.6973826597,
2020-03-02,80.3278579711914,86.0766372680664,3.7966677748496958,-1,2.5,-2.5,1044456.1752879331,
2020-03-03,81.49767303466797,86.0766372680664,2.704432981813653,-1,2.5,-2.5,1046795.8054148862,
2020-03-04,83.44737243652344,86.87364196777344,1.5323585011151721,-1,2.5,-2.5,1049101.194819183,
2020-03-05,84.61720275878906,87.67064666748047,1.0104904771197842,-1,2.5,-2.5,1049846.8460643003,
2020-03-06,82.66749572753906,86.47514343261719,1.739161516515303,-1,2.5,-2.5,1048338.4384715268,
2020-03-09,81.10773468017578,85.67813110351562,6.526934031926666,-1,2.5,-2.5,1046812.9410350034,
2020-03-10,82.66749572753906,85.67813110351562,2.6997902073150377,-1,2.5,-2.5,1049932.46312973,
2020-03-11,82.2775650024414,86.47514343261719,3.598521035251082,-1,2.5,-2.5,1047558.5770213315,
2020-03-12,82.2775650024414,85.67813110351562,2.4293757297183483,-1,2.5,-2.5,1049152.6016795347,
2020-03-13,81.88761901855469,84.48262023925781,1.621328280650386,-1,2.5,-2.5,1050763.7314402768,
2020-03-16,80.7177963256836,83.68562316894531,2.421251599167174,-1,2.5,-2.5,1050018.0801951597,
2020-03-17,80.3278579711914,85.27963256835938,3.933778910865868,-1,2.5,-2.5,1046050.1846873472,
2020-03-18,78.7680892944336,84.88113403320312,4.988238748284297,-1,2.5,-2.5,1043727.644404144,
2020-03-19,77.98821258544922,84.08411407470703,4.845754808393857,-1,2.5,-2.5,1043761.9309031675,
2020-03-20,77.91021728515625,84.88113403320312,5.181844383464328,-1,2.5,-2.5,1042011.9003855893,
2020-03-23,76.4284439086914,84.08411407470703,2.0933381117775047,-1,2.5,-2.5,1040642.3935496518,
2020-03-24,76.974365234375,85.27963256835938,2.1601078776482687,-1,2.5,-2.5,1039343.1992137143,
2020-03-25,79.54796600341797,86.0766372680664,1.4025147553475914,-1,2.5,-2.5,1042896.3913523862,
2020-03-26,78.3781509399414,85.67813110351562,1.685965542847676,-1,2.5,-2.5,1041353.7735545347,
2020-03-27,79.15802764892578,85.67813110351562,1.3636556638589765,-1,2.5,-2.5,1042913.5269725034,
2020-03-30,77.98821258544922,84.88113403320312,2.631997809207919,-1,2.5,-2.5,1042167.8909861753,
2020-03-31,77.91021728515625,85.67813110351562,2.9409727305268727,-1,2.5,-2.5,1040417.9062449643,
2020-04-01,76.50643157958984,85.27963256835938,3.53772040356847,-1,2.5,-2.5,1038407.331904144,
2020-04-06,78.7680892944336,86.0766372680664,2.3888244043413582,-1,2.5,-2.5,1041336.6379344175,
2020-04-07,79.93790435791016,85.67813110351562,1.412142171034798,-1,2.5,-2.5,1044473.2803904722,
2020-04-08,80.7177963256836,86.0766372680664,2.18341615567914,-1,2.5,-2.5,1045236.0519969175,
2020-04-09,81.10773468017578,85.27963256835938,0.734507417122316,-1,2.5,-2.5,1047609.9381053159,
2020-04-10,81.49767303466797,86.0766372680664,0.7743841101858779,-1,2.5,-2.5,1046795.8054148862,
2020-04-13,81.10773468017578,86.0766372680664,1.038986106926736,-1,2.5,-2.5,1046015.9287059018,
2020-04-14,82.66749572753906,86.47514343261719,-0.2401534485102502,0,2.5,-2.5,1048271.6727659605,Close
2020-04-15,83.05744171142578,86.87364196777344,-0.17026199199747752,0,2.5,-2.5,1048271.6727659605,
2020-04-16,82.2775650024414,86.0766372680664,-0.09813727193052202,0,2.5,-2.5,1048271.6727659605,
2020-04-17,82.66749572753906,86.47514343261719,-0.1552263554389683,0,2.5,-2.5,1048271.6727659605,
2020-04-20,83.44737243652344,86.87364196777344,-0.36091250771667316,0,2.5,-2.5,1048271.6727659605,
2020-04-21,82.66749572753906,86.47514343261719,-0.1672413785623909,0,2.5,-2.5,1048271.6727659605,
2020-04-22,82.66749572753906,86.87364196777344,-0.056302581886932726,0,2.5,-2.5,1048271.6727659605,
2020-04-23,82.2775650024414,86.87364196777344,0.06995305715553397,0,2.5,-2.5,1048271.6727659605,
2020-04-24,82.66749572753906,86.47514343261719,-0.17186302719152852,0,2.5,-2.5,1048271.6727659605,
2020-04-27,84.2272720336914,87.27214813232422,-0.5084306897753745,0,2.5,-2.5,1048271.6727659605,
2020-04-28,84.2272720336914,87.27214813232422,-0.5016163746042764,0,2.5,-2.5,1048271.6727659605,
2020-04-29,83.05744171142578,87.67064666748047,-0.01862855659890714,0,2.5,-2.5,1048271.6727659605,
2020-04-30,83.83733367919922,87.27214813232422,-0.3105306309880205,0,2.5,-2.5,1048271.6727659605,
2020-05-04,84.2272720336914,86.87364196777344,-0.4895293720774379,0,2.5,-2.5,1048271.6727659605,
2020-05-05,83.83733367919922,86.87364196777344,-0.3869451427896027,0,2.5,-2.5,1048271.6727659605,
2020-05-06,83.44737243652344,87.27214813232422,-0.21418496841144014,0,2.5,-2.5,1048271.6727659605,
2020-05-07,83.83733367919922,86.87364196777344,-0.4907478346309383,0,2.5,-2.5,1048271.6727659605,
2020-05-08,83.83733367919922,87.67064666748047,-0.3019662281555737,0,2.5,-2.5,1048271.6727659605,
2020-05-11,84.2272720336914,87.67064666748047,-0.4219355672752576,0,2.5,-2.5,1048271.6727659605,
2020-05-12,83.44737243652344,87.67064666748047,-0.17566657532604837,0,2.5,-2.5,1048271.6727659605,
2020-05-13,83.83733367919922,87.67064666748047,-0.294780342782736,0,2.5,-2.5,1048271.6727659605,
2020-05-14,83.44737243652344,87.67064666748047,-0.20514039015648725,0,2.5,-2.5,1048271.6727659605,
2020-05-15,83.83733367919922,87.27214813232422,-0.42714238328464493,0,2.5,-2.5,1048271.6727659605,
2020-05-18,83.83733367919922,88.06915283203125,-0.2430323227186681,0,2.5,-2.5,1048271.6727659605,
2020-05-19,84.2272720336914,88.4676513671875,-0.2755710692611297,0,2.5,-2.5,1048271.6727659605,
2020-05-20,83.83733367919922,88.86615753173828,-0.07385760013206026,0,2.5,-2.5,1048271.6727659605,
2020-05-21,83.83733367919922,88.86615753173828,-0.5014830209771789,0,2.5,-2.5,1048271.6727659605,
2020-05-22,83.05744171142578,88.4676513671875,0.3150457172102526,0,2.5,-2.5,1048271.6727659605,
2020-05-25,83.83733367919922,88.06915283203125,-1.2424439005215233,0,2.5,-2.5,1048271.6727659605,
2020-05-26,83.83733367919922,88.4676513671875,-0.7724333265400717,0,2.5,-2.5,1048271.6727659605,
2020-05-27,83.83733367919922,87.67064666748047,-1.3958441453670123,0,2.5,-2.5,1048271.6727659605,
2020-05-28,83.83733367919922,88.06915283203125,-1.4985172462517908,0,2.5,-2.5,1048271.6727659605,
2020-05-29,83.83733367919922,88.06915283203125,-1.2806380410886415,0,2.5,-2.5,1048271.6727659605,
2020-06-01,83.05744171142578,88.86615753173828,0.7233898575781168,0,2.5,-2.5,1048271.6727659605,
2020-06-02,83.44737243652344,89.26466369628906,0.47609171216193436,0,2.5,-2.5,1048271.6727659605,
2020-06-03,84.61720275878906,89.66316223144531,-0.6479015113711272,0,2.5,-2.5,1048271.6727659605,
2020-06-04,84.2272720336914,90.06166076660156,0.24141774955107465,0,2.5,-2.5,1048271.6727659605,
2020-06-05,83.83733367919922,89.66316223144531,0.3272455449460163,0,2.5,-2.5,1048271.6727659605,
2020-06-08,84.61720275878906,90.06166076660156,-0.37043571765186645,0,2.5,-2.5,1048271.6727659605,
2020-06-09,83.83733367919922,90.06166076660156,0.5999235649687367,0,2.5,-2.5,1048271.6727659605,
2020-06-10,84.61720275878906,90.06166076660156,-0.3862386955369436,0,2.5,-2.5,1048271.6727659605,
2020-06-11,83.83733367919922,89.66316223144531,0.25153844751610416,0,2.5,-2.5,1048271.6727659605,
2020-06-12,83.83733367919922,90.06166076660156,0.6528674429353133,0,2.5,-2.5,1048271.6727659605,
2020-06-15,82.66749572753906,88.86615753173828,1.0801496525218164,0,2.5,-2.5,1048271.6727659605,
2020-06-16,83.83733367919922,89.66316223144531,0.2721579931942187,0,2.5,-2.5,1048271.6727659605,
2020-06-17,84.2272720336914,90.06166076660156,0.18271743430095927,0,2.5,-2.5,1048271.6727659605,
2020-06-18,83.83733367919922,89.66316223144531,0.4483924604092879,0,2.5,-2.5,1048271.6727659605,
2020-06-19,83.44737243652344,90.06166076660156,1.4365087011651878,0,2.5,-2.5,1048271.6727659605,
2020-06-22,83.83733367919922,90.46017456054688,1.2701392236521,0,2.5,-2.5,1048271.6727659605,
2020-06-23,83.44737243652344,90.8586654663086,2.152157929747856,0,2.5,-2.5,1048271.6727659605,
2020-06-24,84.2272720336914,91.25717163085938,1.4971975782475677,0,2.5,-2.5,1048271.6727659605,
2020-06-29,84.61720275878906,91.65568542480467,0.7745880905095279,0,2.5,-2.5,1048271.6727659605,
2020-06-30,86.17697143554688,93.24969482421876,0.5390078768165,0,2.5,-2.5,1048271.6727659605,
2020-07-01,87.34679412841797,92.85118865966795,-0.5244733848294745,0,2.5,-2.5,1048271.6727659605,
2020-07-02,88.90656280517578,94.27859497070312,-0.947733823850442,0,2.5,-2.5,1048271.6727659605,
2020-07-03,89.68643951416016,92.62458801269533,-2.6334326082283535,1,2.5,-2.5,1048204.3803248594,Long Spread
2020-07-06,90.07638549804688,92.62458801269533,-1.9426212504306548,1,2.5,-2.5,1047424.488357086,
2020-07-07,89.68643951416016,92.2110824584961,-1.8860066757390357,1,2.5,-2.5,1047377.369216461,
2020-07-08,90.07638549804688,92.62458801269533,-1.9390768894931838,1,2.5,-2.5,1047424.488357086,
2020-07-09,90.07638549804688,91.3840789794922,-2.466740129358311,1,2.5,-2.5,1044943.4702906797,
2020-07-10,90.46632385253906,91.79757690429688,-2.5273926450387845,1,2.5,-2.5,1044990.5894313047,
2020-07-13,90.46632385253906,91.3840789794922,-1.3848333032441549,1,2.5,-2.5,1044163.5935816953,
2020-07-14,90.46632385253906,90.9705810546875,-1.4518404303326073,1,2.5,-2.5,1043336.597732086,
2020-07-15,90.46632385253906,90.55707550048828,-1.5175119746569241,1,2.5,-2.5,1042509.5866236875,
2020-07-16,88.90656280517578,90.55707550048828,-0.9924881076192117,1,2.5,-2.5,1045629.1087184141,
2020-07-17,87.48242950439453,90.55707550048828,-0.5189020911747585,1,2.5,-2.5,1048477.3753199766,
2020-07-20,87.48242950439453,90.9705810546875,-0.44675649569158327,1,2.5,-2.5,1049304.386428375,
2020-07-21,86.66863250732422,90.9705810546875,-0.15312141319396805,1,2.5,-2.5,1050931.9804225157,
2020-07-22,87.07552337646484,90.9705810546875,-0.2872469241480734,1,2.5,-2.5,1050118.1986842344,
2020-07-23,86.66863250732422,90.14356231689452,-0.3472597491663224,1,2.5,-2.5,1049277.9429469297,
2020-07-24,86.2617416381836,90.14356231689452,-0.2056035657306504,1,2.5,-2.5,1050091.724685211,
2020-07-27,85.44795227050781,89.31655883789062,-0.5679348612774304,1,2.5,-2.5,1050065.2964625547,
2020-07-28,85.04105377197266,89.7300796508789,0.4254341275052117,0,2.5,-2.5,1051639.1442402645,Close
2020-07-29,85.44795227050781,89.7300796508789,-0.08353074448375504,0,2.5,-2.5,1051639.1442402645,
2020-07-30,85.44795227050781,89.7300796508789,-0.08419153977112719,0,2.5,-2.5,1051639.1442402645,
2020-07-31,85.44795227050781,90.55707550048828,0.4742862831701105,0,2.5,-2.5,1051639.1442402645,
2020-08-03,84.63416290283203,89.31655883789062,0.553433713727149,0,2.5,-2.5,1051639.1442402645,
2020-08-04,84.63416290283203,89.7300796508789,0.8128833427906735,0,2.5,-2.5,1051639.1442402645,
2020-08-05,85.04105377197266,89.31655883789062,-0.01056492301872596,0,2.5,-2.5,1051639.1442402645,
2020-08-06,84.63416290283203,90.14356231689452,0.9409372144000644,0,2.5,-2.5,1051639.1442402645,
2020-08-07,84.22726440429688,90.14356231689452,1.2212202738100162,0,2.5,-2.5,1051639.1442402645,
2020-08-10,83.82037353515625,89.7300796508789,1.0800629791444694,0,2.5,-2.5,1051639.1442402645,
2020-08-11,83.4134750366211,89.7300796508789,1.3353585410749949,0,2.5,-2.5,1051639.1442402645,
2020-08-12,83.82037353515625,90.14356231689452,1.2185607687162068,0,2.5,-2.5,1051639.1442402645,
2020-08-13,84.22726440429688,90.55707550048828,1.106256904123805,0,2.5,-2.5,1051639.1442402645,
2020-08-14,83.82037353515625,90.14356231689452,1.1631664714557959,0,2.5,-2.5,1051639.1442402645,
2020-08-17,84.22726440429688,89.7300796508789,0.6158928234611436,0,2.5,-2.5,1051639.1442402645,
2020-08-18,83.82037353515625,90.14356231689452,1.0688530495735475,0,2.5,-2.5,1051639.1442402645,
2020-08-19,83.82037353515625,90.14356231689452,1.0520153944180974,0,2.5,-2.5,1051639.1442402645,
2020-08-20,83.4134750366211,90.14356231689452,1.2993985254657487,0,2.5,-2.5,1051639.1442402645,
2020-08-21,83.82037353515625,90.55707550048828,1.2028957098253348,0,2.5,-2.5,1051639.1442402645,
2020-08-24,83.4134750366211,90.14356231689452,1.1531586726661613,0,2.5,-2.5,1051639.1442402645,
2020-08-25,83.00658416748047,90.14356231689452,1.3436009007177463,0,2.5,-2.5,1051639.1442402645,
2020-08-26,83.4134750366211,90.14356231689452,1.0770118515463392,0,2.5,-2.5,1051639.1442402645,
2020-08-27,83.4134750366211,90.55707550048828,1.2124426266102601,0,2.5,-2.5,1051639.1442402645,
2020-08-28,83.4134750366211,90.14356231689452,1.0131977358960487,0,2.5,-2.5,1051639.1442402645,
2020-08-31,82.59968566894531,89.7300796508789,1.4647986784851654,0,2.5,-2.5,1051639.1442402645,
2020-09-01,82.59968566894531,90.14356231689452,1.5818365090924087,0,2.5,-2.5,1051639.1442402645,
2020-09-02,82.59968566894531,89.7300796508789,1.3437942435447832,0,2.5,-2.5,1051639.1442402645,
2020-09-03,82.19278717041016,90.14356231689452,1.692450418011027,0,2.5,-2.5,1051639.1442402645,
2020-09-04,82.19278717041016,89.7300796508789,1.462889944948624,0,2.5,-2.5,1051639.1442402645,
2020-09-07,82.19278717041016,89.7300796508789,2.1043752023366213,0,2.5,-2.5,1051639.1442402645,
2020-09-08,81.78590393066406,90.14356231689452,2.546483526593261,-1,2.5,-2.5,1051572.2670616147,Short Spread
2020-09-09,81.3790054321289,89.7300796508789,2.5187961269021533,-1,2.5,-2.5,1051585.4353965756,
2020-09-10,81.3790054321289,90.14356231689452,2.6176298773062467,-1,2.5,-2.5,1050758.4700645444,
2020-09-11,81.78590393066406,90.14356231689452,2.2200577478209875,-1,2.5,-2.5,1051572.2670616147,
2020-09-14,81.78590393066406,90.14356231689452,1.8877301971297535,-1,2.5,-2.5,1051572.2670616147,
2020-09-15,81.3790054321289,90.14356231689452,2.068199781967747,-1,2.5,-2.5,1050758.4700645444,
2020-09-16,81.3790054321289,90.14356231689452,2.0033370971585875,-1,2.5,-2.5,1050758.4700645444,
2020-09-17,81.1348648071289,90.14356231689452,2.0857549504794037,-1,2.5,-2.5,1050270.1888145444,
2020-09-18,80.97211456298828,90.14356231689452,2.1139238091086368,-1,2.5,-2.5,1049944.688326263,
2020-09-21,80.48383331298828,89.7300796508789,2.0184958485950055,-1,2.5,-2.5,1049795.0911582944,
2020-09-22,80.23970031738281,89.31655883789062,1.9373692460782612,-1,2.5,-2.5,1050133.86679306,
2020-09-23,79.58866882324219,88.90306091308594,2.047734832769221,-1,2.5,-2.5,1049658.799654388,
2020-09-24,78.4493637084961,88.48956298828125,2.3854161698359473,-1,2.5,-2.5,1048207.1852745053,
2020-09-25,78.69348907470703,88.90306091308594,2.3105110678189376,-1,2.5,-2.5,1047868.4401573178,
2020-09-28,79.01901245117188,89.31655883789062,1.604213846391695,-1,2.5,-2.5,1047692.4910606381,
2020-09-29,78.93763732910156,89.7300796508789,1.6743735629280212,-1,2.5,-2.5,1046702.6991905209,
2020-09-30,78.61212158203125,88.48956298828125,1.4217813714445802,-1,2.5,-2.5,1048532.7010215756,
2020-10-05,78.5307388305664,88.48956298828125,1.387510879850417,-1,2.5,-2.5,1048369.9355186459,
2020-10-06,78.93763732910156,89.31655883789062,1.386619682592189,-1,2.5,-2.5,1047529.7408164975,
2020-10-07,78.77487182617188,88.07605743408203,1.507873290247851,-1,2.5,-2.5,1049685.2126182553,
2020-10-08,78.85625457763672,88.90306091308594,1.654933163713876,-1,2.5,-2.5,1048193.9711631772,
2020-10-12,78.61212158203125,88.48956298828125,1.5356614391518986,-1,2.5,-2.5,1048532.7010215756,
2020-10-13,78.12384033203125,88.90306091308594,1.812590448761381,-1,2.5,-2.5,1046729.1426719662,
2020-10-14,78.4493637084961,88.90306091308594,1.5865162423570043,-1,2.5,-2.5,1047380.1894248959,
2020-10-15,78.12384033203125,88.07605743408203,2.002204707609367,-1,2.5,-2.5,1048383.149629974,
2020-10-16,77.31005096435547,88.07605743408203,2.424476744170705,-1,2.5,-2.5,1046755.5708946225,
2020-10-19,77.71695709228516,88.48956298828125,2.2405691192629407,-1,2.5,-2.5,1046742.3720420834,
2020-10-20,77.79833221435547,88.07605743408203,1.897405423183026,-1,2.5,-2.5,1047732.1333946225,
2020-10-21,78.4493637084961,88.48956298828125,1.5827508251401654,-1,2.5,-2.5,1048207.1852745053,
2020-10-22,80.15830993652344,88.48956298828125,0.855267985843885,-1,2.5,-2.5,1051625.07773056,
2020-10-23,79.4259033203125,88.90306091308594,1.85335796236246,-1,2.5,-2.5,1049333.2686485287,
2020-10-26,80.07693481445312,89.7300796508789,1.6233600042992753,-1,2.5,-2.5,1048981.294161224,
2020-10-27,79.75142669677734,90.14356231689452,2.0953023367840746,-1,2.5,-2.5,1047503.3125938412,
2020-10-28,79.83280181884766,89.7300796508789,1.5745637205672287,-1,2.5,-2.5,1048493.0281700131,
2020-10-29,78.93763732910156,88.90306091308594,4.024995420597428,-1,2.5,-2.5,1048356.7366661069,
2020-10-30,79.50728607177734,88.48956298828125,1.72250417386492,-1,2.5,-2.5,1050323.0300010678,
2020-11-02,79.58866882324219,90.55707550048828,3.8256493331923984,-1,2.5,-2.5,1046350.7704795834,
2020-11-03,79.58866882324219,90.55707550048828,3.373656563899698,-1,2.5,-2.5,1046350.7704795834,
2020-11-04,79.6700439453125,90.55707550048828,2.8949332557793652,-1,2.5,-2.5,1046513.520723724,
2020-11-05,80.23970031738281,90.9705810546875,3.7383086262428136,-1,2.5,-2.5,1046825.8223594662,
2020-11-06,81.3790054321289,90.55707550048828,0.17077993375875794,-1,2.5,-2.5,1049931.4436973569,
2020-11-09,81.78590393066406,90.9705810546875,-0.11320544504831444,0,2.5,-2.5,1049851.3193266294,Close
2020-11-10,81.1348648071289,90.9705810546875,0.798103740132449,0,2.5,-2.5,1049851.3193266294,
2020-11-11,80.97211456298828,90.9705810546875,0.8861926557317312,0,2.5,-2.5,1049851.3193266294,
2020-11-12,80.97211456298828,90.9705810546875,0.31011230868518513,0,2.5,-2.5,1049851.3193266294,
2020-11-13,80.64659881591797,90.9705810546875,0.45466640379263856,0,2.5,-2.5,1049851.3193266294,
2020-11-16,80.97211456298828,90.55707550048828,0.08476312617855097,0,2.5,-2.5,1049851.3193266294,
2020-11-17,80.5652084350586,90.9705810546875,0.43897816205596263,0,2.5,-2.5,1049851.3193266294,
2020-11-18,81.1348648071289,90.9705810546875,0.09829944616061931,0,2.5,-2.5,1049851.3193266294,
2020-11-19,80.97211456298828,90.9705810546875,0.12463931937090457,0,2.5,-2.5,1049851.3193266294,
2020-11-20,80.8093490600586,90.55707550048828,0.05011453545153765,0,2.5,-2.5,1049851.3193266294,
2020-11-23,80.97211456298828,91.3840789794922,0.20615196148821358,0,2.5,-2.5,1049851.3193266294,
2020-11-24,80.64659881591797,90.55707550048828,0.07505428307019969,0,2.5,-2.5,1049851.3193266294,
2020-11-25,80.3210678100586,90.14356231689452,0.0660486342539738,0,2.5,-2.5,1049851.3193266294,
2020-11-26,81.05348205566406,90.55707550048828,-0.09668659671252429,0,2.5,-2.5,1049851.3193266294,
2020-11-27,80.72797393798828,90.55707550048828,-0.007804924377585373,0,2.5,-2.5,1049851.3193266294,
2020-11-30,79.01901245117188,89.7300796508789,0.3157179056509893,0,2.5,-2.5,1049851.3193266294,
2020-12-01,79.99556732177734,90.14356231689452,0.09614673422289059,0,2.5,-2.5,1049851.3193266294,
2020-12-02,79.50728607177734,90.14356231689452,0.22875826820196749,0,2.5,-2.5,1049851.3193266294,
2020-12-03,78.93763732910156,89.7300796508789,0.9441348830697954,0,2.5,-2.5,1049851.3193266294,
2020-12-04,79.4259033203125,90.55707550048828,0.9461194520129392,0,2.5,-2.5,1049851.3193266294,
2020-12-07,79.4259033203125,89.7300796508789,0.3606746177217829,0,2.5,-2.5,1049851.3193266294,
2020-12-08,79.58866882324219,90.55707550048828,0.6795778179393124,0,2.5,-2.5,1049851.3193266294,
2020-12-09,79.58866882324219,89.7300796508789,0.1494437412822533,0,2.5,-2.5,1049851.3193266294,
2020-12-10,79.6700439453125,89.7300796508789,0.16981537054350118,0,2.5,-2.5,1049851.3193266294,
2020-12-11,80.23970031738281,89.7300796508789,-1.1491861512183028,0,2.5,-2.5,1049851.3193266294,
2020-12-14,80.5652084350586,89.7300796508789,-1.770785923421551,0,2.5,-2.5,1049851.3193266294,
2020-12-15,80.15830993652344,90.14356231689452,-0.32117713561433914,0,2.5,-2.5,1049851.3193266294,
2020-12-16,80.72797393798828,90.55707550048828,-0.8378211268121605,0,2.5,-2.5,1049851.3193266294,
2020-12-17,80.72797393798828,90.55707550048828,-0.45491774843054805,0,2.5,-2.5,1049851.3193266294,
2020-12-18,80.8093490600586,90.55707550048828,-0.5294924261478351,0,2.5,-2.5,1049851.3193266294,
2020-12-21,80.89073181152344,90.55707550048828,-0.5940362101751289,0,2.5,-2.5,1049851.3193266294,
2020-12-22,80.5652084350586,90.14356231689452,-0.5376238040253594,0,2.5,-2.5,1049851.3193266294,
2020-12-23,80.23970031738281,89.7300796508789,-0.4834295519352581,0,2.5,-2.5,1049851.3193266294,
2020-12-24,80.15830993652344,89.31655883789062,-0.6728942028042635,0,2.5,-2.5,1049851.3193266294,
2020-12-25,80.40245819091797,89.7300796508789,-0.5905107500506588,0,2.5,-2.5,1049851.3193266294,
2020-12-28,80.97211456298828,90.55707550048828,-0.5483247330590489,0,2.5,-2.5,1049851.3193266294,
2020-12-29,80.5652084350586,90.14356231689452,-0.426079700995772,0,2.5,-2.5,1049851.3193266294,
2020-12-30,81.1348648071289,90.9705810546875,-0.38703023700352346,0,2.5,-2.5,1049851.3193266294,
2020-12-31,80.48383331298828,90.14356231689452,-0.4119738881772944,0,2.5,-2.5,1049851.3193266294,
2021-01-04,80.3210678100586,90.14356231689452,-0.22228970112631546,0,2.5,-2.5,1049851.3193266294,
2021-01-05,80.72797393798828,90.55707550048828,-0.3259536666136037,0,2.5,-2.5,1049851.3193266294,
2021-01-06,80.23970031738281,90.55707550048828,0.19995287528885416,0,2.5,-2.5,1049851.3193266294,
2021-01-07,79.99556732177734,90.14356231689452,0.1574201824849318,0,2.5,-2.5,1049851.3193266294,
2021-01-08,80.97211456298828,90.9705810546875,-0.5951358554261842,0,2.5,-2.5,1049851.3193266294,
2021-01-11,80.89073181152344,91.79757690429688,1.0623240617708472,0,2.5,-2.5,1049851.3193266294,
2021-01-12,80.89073181152344,91.79757690429688,0.9772371170013706,0,2.5,-2.5,1049851.3193266294,
2021-01-13,80.97211456298828,92.2110824584961,1.3071549940282081,0,2.5,-2.5,1049851.3193266294,
2021-01-14,81.05348205566406,92.62458801269533,1.591764346859702,0,2.5,-2.5,1049851.3193266294,
2021-01-15,80.64659881591797,91.79757690429688,1.2397078728310607,0,2.5,-2.5,1049851.3193266294,
2021-01-18,80.3210678100586,91.79757690429688,1.7243481666188885,0,2.5,-2.5,1049851.3193266294,
2021-01-19,79.91417694091797,91.79757690429688,2.3101196630244343,0,2.5,-2.5,1049851.3193266294,
2021-01-20,79.18177032470703,90.14356231689452,1.5082012705488046,0,2.5,-2.5,1049851.3193266294,
2021-01-21,79.10037994384766,89.7300796508789,1.115678981698417,0,2.5,-2.5,1049851.3193266294,
2021-01-22,78.69348907470703,89.7300796508789,2.2077656284582976,0,2.5,-2.5,1049851.3193266294,
2021-01-25,79.58866882324219,90.14356231689452,0.8949739917583179,0,2.5,-2.5,1049851.3193266294,
2021-01-26,79.26314544677734,89.7300796508789,0.9149381240271929,0,2.5,-2.5,1049851.3193266294,
2021-01-27,78.61212158203125,90.14356231689452,2.4975994566284516,0,2.5,-2.5,1049851.3193266294,
2021-01-28,79.10037994384766,90.14356231689452,1.584360814611756,0,2.5,-2.5,1049851.3193266294,
2021-01-29,78.28659057617188,89.31655883789062,1.839694378302584,0,2.5,-2.5,1049851.3193266294,
2021-02-01,78.5307388305664,90.14356231689452,2.339168344177476,0,2.5,-2.5,1049851.3193266294,
2021-02-02,78.77487182617188,90.14356231689452,1.8951280163873399,0,2.5,-2.5,1049851.3193266294,
2021-02-03,78.36798095703125,90.14356231689452,2.5031845204642797,-1,2.5,-2.5,1049784.5788648985,Short Spread
2021-02-04,78.36798095703125,89.31655883789062,1.51664744707429,-1,2.5,-2.5,1051438.5858229063,
2021-02-05,79.10037994384766,89.7300796508789,0.5800851890230647,-1,2.5,-2.5,1052076.3421705626,
2021-02-17,78.61212158203125,89.7300796508789,1.1556727456750862,-1,2.5,-2.5,1051099.8254469298,
2021-02-18,78.4493637084961,89.7300796508789,1.3236581462435972,-1,2.5,-2.5,1050774.3096998595,
2021-02-19,78.28659057617188,90.14356231689452,1.8615760930834446,-1,2.5,-2.5,1049621.7981031798,
2021-02-22,78.28659057617188,89.7300796508789,1.4666073559029382,-1,2.5,-2.5,1050448.763435211,
2021-02-23,79.75142669677734,90.55707550048828,0.4962931878401988,-1,2.5,-2.5,1051724.4439772032,
2021-02-24,79.75142669677734,90.55707550048828,0.43369219959905947,-1,2.5,-2.5,1051724.4439772032,
2021-02-25,80.5652084350586,91.3840789794922,0.06080014106646648,-1,2.5,-2.5,1051698.000495758,
2021-02-26,79.01901245117188,90.55707550048828,1.4188936839371922,-1,2.5,-2.5,1050259.6154859923,
2021-03-02,79.18177032470703,90.55707550048828,1.1154116772656046,-1,2.5,-2.5,1050585.1312330626,
2021-03-03,80.48383331298828,90.55707550048828,-1.3708476161240435,0,2.5,-2.5,1053122.4155732726,Close
2021-03-04,79.75142669677734,90.55707550048828,0.3767598110557093,0,2.5,-2.5,1053122.4155732726,
2021-03-05,79.58866882324219,90.9705810546875,1.1225081972423172,0,2.5,-2.5,1053122.4155732726,
2021-03-08,79.4259033203125,90.9705810546875,1.2695202232798517,0,2.5,-2.5,1053122.4155732726,
2021-03-09,80.23970031738281,91.3840789794922,0.40277981223471593,0,2.5,-2.5,1053122.4155732726,
2021-03-10,80.72797393798828,91.3840789794922,-0.44042372371379124,0,2.5,-2.5,1053122.4155732726,
2021-03-11,80.40245819091797,91.79757690429688,0.6982739328567293,0,2.5,-2.5,1053122.4155732726,
2021-03-12,80.48383331298828,91.79757690429688,0.5040086744892914,0,2.5,-2.5,1053122.4155732726,
2021-03-15,79.83280181884766,91.3840789794922,1.0169177311613886,0,2.5,-2.5,1053122.4155732726,
2021-03-16,80.40245819091797,91.3840789794922,0.13676800789725538,0,2.5,-2.5,1053122.4155732726,
2021-03-17,80.3210678100586,91.3840789794922,0.3870467263089791,0,2.5,-2.5,1053122.4155732726,
2021-03-18,80.23970031738281,91.79757690429688,1.1376412673856307,0,2.5,-2.5,1053122.4155732726,
2021-03-19,79.58866882324219,90.9705810546875,1.1476971218706171,0,2.5,-2.5,1053122.4155732726,
2021-03-22,79.58866882324219,91.3840789794922,1.6461807600113132,0,2.5,-2.5,1053122.4155732726,
2021-03-23,79.34452819824219,91.79757690429688,2.5677391523574693,-1,2.5,-2.5,1053055.5698890686,Short Spread
2021-03-24,79.34452819824219,91.79757690429688,2.4653004254641644,-1,2.5,-2.5,1053055.5698890686,
2021-03-25,79.34452819824219,92.2110824584961,2.9174205878504478,-1,2.5,-2.5,1052228.5587806702,
2021-03-26,80.15830993652344,92.2110824584961,1.2944144785247418,-1,2.5,-2.5,1053856.1222572327,
2021-03-29,80.40245819091797,92.62458801269533,1.318791839770472,-1,2.5,-2.5,1053517.4076576233,
2021-03-30,80.48383331298828,92.2110824584961,0.5628876252420348,-1,2.5,-2.5,1054507.1690101624,
2021-03-31,79.91417694091797,92.2110824584961,1.733391980182065,-1,2.5,-2.5,1053367.8562660217,
2021-04-01,79.91417694091797,92.2110824584961,1.565772013215898,-1,2.5,-2.5,1053367.8562660217,
2021-04-07,80.5652084350586,92.62458801269533,0.7763406353463272,-1,2.5,-2.5,1053842.9081459045,
2021-04-08,79.99556732177734,91.79757690429688,0.670962713253224,-1,2.5,-2.5,1054357.648136139,
2021-04-09,79.91417694091797,92.62458801269533,1.824075463832524,-1,2.5,-2.5,1052540.8451576233,
2021-04-12,79.75142669677734,91.79757690429688,1.1217566399494037,-1,2.5,-2.5,1053869.366886139,
2021-04-13,80.15830993652344,92.62458801269533,1.4283151614565501,-1,2.5,-2.5,1053029.1111488342,
2021-04-14,80.3210678100586,93.45159149169922,2.2253528484096616,-1,2.5,-2.5,1051700.6199378967,
2021-04-15,80.48383331298828,94.27859497070312,3.0219961747586046,-1,2.5,-2.5,1050372.1439857483,
2021-04-16,80.72797393798828,94.27859497070312,2.4326016290160957,-1,2.5,-2.5,1050860.4252357483,
2021-04-19,81.21623992919922,94.69210052490234,2.054406902415969,-1,2.5,-2.5,1051009.9461097717,
2021-04-20,82.59968566894531,95.10560607910156,-0.3565846218265745,0,2.5,-2.5,1052882.7182691956,Close
2021-04-21,81.78590393066406,94.69210052490234,0.7394762035367548,0,2.5,-2.5,1052882.7182691956,
2021-04-22,82.19278717041016,94.69210052490234,-0.17237969734190017,0,2.5,-2.5,1052882.7182691956,
2021-04-23,82.19278717041016,94.27859497070312,-0.8190263616777718,0,2.5,-2.5,1052882.7182691956,
2021-04-26,82.19278717041016,94.27859497070312,-0.7571608660041022,0,2.5,-2.5,1052882.7182691956,
2021-04-27,82.19278717041016,94.27859497070312,-0.7536287897220766,0,2.5,-2.5,1052882.7182691956,
2021-04-28,81.78590393066406,94.27859497070312,0.06644869631541567,0,2.5,-2.5,1052882.7182691956,
2021-04-29,81.3790054321289,94.27859497070312,0.858062991829622,0,2.5,-2.5,1052882.7182691956,
2021-05-03,81.21623992919922,93.45159149169922,-0.01456051627821774,0,2.5,-2.5,1052882.7182691956,
2021-05-04,80.64659881591797,93.0380859375,0.4822146283944643,0,2.5,-2.5,1052882.7182691956,
2021-05-05,80.5652084350586,92.62458801269533,0.06579478267607312,0,2.5,-2.5,1052882.7182691956,
2021-05-06,81.3790054321289,93.45159149169922,-0.37367822234969966,0,2.5,-2.5,1052882.7182691956,
2021-05-07,81.78590393066406,93.86509704589844,-0.570609902936992,0,2.5,-2.5,1052882.7182691956,
2021-05-10,81.78590393066406,94.27859497070312,-0.023639712733542814,0,2.5,-2.5,1052882.7182691956,
2021-05-11,81.78590393066406,94.69210052490234,0.5235979065644106,0,2.5,-2.5,1052882.7182691956,
2021-05-12,80.07693481445312,93.0380859375,1.443369976082621,0,2.5,-2.5,1052882.7182691956,
2021-05-13,79.18177032470703,91.79757690429688,1.4061899298260352,0,2.5,-2.5,1052882.7182691956,
2021-05-14,81.1348648071289,93.86509704589844,0.554524930090868,0,2.5,-2.5,1052882.7182691956,
2021-05-17,81.05348205566406,93.0380859375,-0.3231339228560593,0,2.5,-2.5,1052882.7182691956,
2021-05-18,81.78590393066406,93.86509704589844,-0.5912078670554185,0,2.5,-2.5,1052882.7182691956,
2021-05-19,81.78590393066406,93.0380859375,-1.6689524563568163,0,2.5,-2.5,1052882.7182691956,
2021-05-20,81.78590393066406,93.86509704589844,-0.5905233621866526,0,2.5,-2.5,1052882.7182691956,
2021-05-21,82.19278717041016,94.69210052490234,-0.23176928075410447,0,2.5,-2.5,1052882.7182691956,
2021-05-24,81.3790054321289,93.45159149169922,-0.35119855274959044,0,2.5,-2.5,1052882.7182691956,
2021-05-25,81.3790054321289,94.27859497070312,0.7255293449156256,0,2.5,-2.5,1052882.7182691956,
2021-05-26,81.1348648071289,93.45159149169922,0.05883958353755823,0,2.5,-2.5,1052882.7182691956,
2021-05-27,79.75142669677734,92.62458801269533,1.479277206374747,0,2.5,-2.5,1052882.7182691956,
2021-05-28,81.1348648071289,93.45159149169922,0.007913057563183282,0,2.5,-2.5,1052882.7182691956,
2021-05-31,81.78590393066406,93.86509704589844,-0.6437060674088098,0,2.5,-2.5,1052882.7182691956,
2021-06-01,81.3790054321289,93.86509704589844,0.056318162771702325,0,2.5,-2.5,1052882.7182691956,
2021-06-02,82.19278717041016,94.27859497070312,-0.846321569070665,0,2.5,-2.5,1052882.7182691956,
2021-06-03,81.78590393066406,94.27859497070312,-0.15058918800848112,0,2.5,-2.5,1052882.7182691956,
2021-06-04,82.19278717041016,94.27859497070312,-0.8794630579874168,0,2.5,-2.5,1052882.7182691956,
2021-06-07,82.19278717041016,94.27859497070312,-0.8905422790697062,0,2.5,-2.5,1052882.7182691956,
2021-06-08,83.4134750366211,94.69210052490234,-2.153673757008897,0,2.5,-2.5,1052882.7182691956,
2021-06-09,83.4134750366211,94.27859497070312,-2.782530492652394,1,2.5,-2.5,1052815.6105863953,Long Spread
2021-06-10,84.22726440429688,94.69210052490234,-3.7608588231769766,1,2.5,-2.5,1052015.0429594421,
2021-06-11,84.22726440429688,94.69210052490234,-3.792672796314084,1,2.5,-2.5,1052015.0429594421,
2021-06-15,83.4134750366211,94.69210052490234,-2.359302296160081,1,2.5,-2.5,1053642.6216947937,
2021-06-16,83.4134750366211,95.10560607910156,-0.742185246177152,1,2.5,-2.5,1054469.6328031921,
2021-06-17,83.4134750366211,94.69210052490234,-1.060773236861416,1,2.5,-2.5,1053642.6216947937,
2021-06-18,82.19278717041016,93.86509704589844,-0.5895379894454879,1,2.5,-2.5,1054429.9904692078,
2021-06-21,82.59968566894531,93.86509704589844,-1.026967276763191,1,2.5,-2.5,1053616.1934721374,
2021-06-22,82.59968566894531,94.27859497070312,-0.7620340722896407,1,2.5,-2.5,1054443.1893217468,
2021-06-23,83.00658416748047,94.69210052490234,-0.989109727624682,1,2.5,-2.5,1054456.403433075,
2021-06-24,83.00658416748047,94.27859497070312,-1.3214673249614994,1,2.5,-2.5,1053629.3923246765,
2021-06-25,83.4134750366211,94.69210052490234,-1.441877718629446,1,2.5,-2.5,1053642.6216947937,
2021-06-28,83.00658416748047,94.27859497070312,-1.2772275796841075,1,2.5,-2.5,1053629.3923246765,
2021-06-29,83.4134750366211,94.27859497070312,-1.7690942585803404,1,2.5,-2.5,1052815.6105863953,
2021-06-30,83.00658416748047,94.27859497070312,-0.7779458845959515,1,2.5,-2.5,1053629.3923246765,
2021-07-01,83.00658416748047,93.86509704589844,-1.0652701876412551,1,2.5,-2.5,1052802.3964750671,
2021-07-02,83.00658416748047,94.27859497070312,-0.8391807151180416,1,2.5,-2.5,1053629.3923246765,
2021-07-05,83.4134750366211,94.69210052490234,-0.9700664693932148,1,2.5,-2.5,1053642.6216947937,
2021-07-06,83.00658416748047,94.27859497070312,-0.8633820932075101,1,2.5,-2.5,1053629.3923246765,
2021-07-07,83.4134750366211,94.27859497070312,-1.7325831563351475,1,2.5,-2.5,1052815.6105863953,
2021-07-08,83.4134750366211,94.27859497070312,-1.6148302658088873,1,2.5,-2.5,1052815.6105863953,
2021-07-09,83.82037353515625,94.69210052490234,-1.661205618111156,1,2.5,-2.5,1052828.8246977234,
2021-07-12,83.00658416748047,93.86509704589844,-1.277497524488953,1,2.5,-2.5,1052802.3964750671,
2021-07-13,83.82037353515625,94.69210052490234,-1.4883970861483777,1,2.5,-2.5,1052828.8246977234,
2021-07-14,83.4134750366211,94.69210052490234,-0.9566380476648614,1,2.5,-2.5,1053642.6216947937,
2021-07-15,83.4134750366211,94.69210052490234,-0.9486676609316851,1,2.5,-2.5,1053642.6216947937,
2021-07-16,83.00658416748047,95.10560607910156,0.01792861246131302,0,2.5,-2.5,1055216.2900538635,Close
2021-07-19,83.4134750366211,95.10560607910156,-0.5177594854138813,0,2.5,-2.5,1055216.2900538635,
2021-07-20,83.00658416748047,95.10560607910156,0.04441436474623632,0,2.5,-2.5,1055216.2900538635,
2021-07-21,83.4134750366211,95.10560607910156,-0.5931854283194077,0,2.5,-2.5,1055216.2900538635,
2021-07-22,84.22726440429688,95.9326171875,-0.901446111361928,0,2.5,-2.5,1055216.2900538635,
2021-07-23,84.63416290283203,95.10560607910156,-2.3618873120447725,0,2.5,-2.5,1055216.2900538635,
2021-07-26,84.22726440429688,95.10560607910156,-1.6629770948857825,0,2.5,-2.5,1055216.2900538635,
2021-07-27,84.63416290283203,95.51909637451172,-1.778331455755069,0,2.5,-2.5,1055216.2900538635,
2021-07-28,84.63416290283203,95.9326171875,-1.506695647771942,0,2.5,-2.5,1055216.2900538635,
2021-07-29,85.04105377197266,96.34610748291016,-1.4746810558676797,0,2.5,-2.5,1055216.2900538635,
2021-07-30,84.63416290283203,95.10560607910156,-2.067137287866817,0,2.5,-2.5,1055216.2900538635,
2021-08-02,85.44795227050781,96.34610748291016,-1.8641296401456828,0,2.5,-2.5,1055216.2900538635,
2021-08-03,86.2617416381836,96.75961303710938,-2.5277702191287608,1,2.5,-2.5,1055148.9691996765,Long Spread
2021-08-04,87.07552337646484,97.1731185913086,-3.241858907998828,1,2.5,-2.5,1054348.4168315125,
2021-08-05,88.29621887207031,97.58660888671876,-4.328068564776351,1,2.5,-2.5,1052734.0064311218,
2021-08-06,87.88932800292969,97.1731185913086,-3.919912072135255,1,2.5,-2.5,1052720.8075785828,
2021-08-09,87.07552337646484,97.1731185913086,-2.634640659741765,1,2.5,-2.5,1054348.4168315125,
2021-08-10,87.07552337646484,97.58660888671876,-2.1172013926343944,1,2.5,-2.5,1055175.3974223328,
2021-08-11,87.07552337646484,97.58660888671876,-2.1229544592071834,1,2.5,-2.5,1055175.3974223328,
2021-08-12,87.07552337646484,97.58660888671876,-2.012594301660265,1,2.5,-2.5,1055175.3974223328,
2021-08-13,86.2617416381836,97.1731185913086,-1.257243611083582,1,2.5,-2.5,1055975.980308075,
2021-08-16,85.44795227050781,97.1731185913086,-0.19902265991072976,1,2.5,-2.5,1057603.5590434265,
2021-08-17,85.44795227050781,97.1731185913086,-0.16567970699121237,1,2.5,-2.5,1057603.5590434265,
2021-08-18,85.44795227050781,97.1731185913086,-0.11945531663922042,1,2.5,-2.5,1057603.5590434265,
2021-08-19,83.82037353515625,96.34610748291016,1.03897466010843,0,2.5,-2.5,1059137.4876380921,Close
2021-08-20,82.59968566894531,95.9326171875,2.0225448693097214,0,2.5,-2.5,1059137.4876380921,
2021-08-23,82.34443664550781,95.51909637451172,1.9338620074705208,0,2.5,-2.5,1059137.4876380921,
2021-08-24,83.27921295166016,95.51909637451172,0.9345777562056978,0,2.5,-2.5,1059137.4876380921,
2021-08-25,83.10924530029297,94.4934310913086,0.16939162113115855,0,2.5,-2.5,1059137.4876380921,
2021-08-26,83.7041015625,94.4934310913086,-0.09490500842804668,0,2.5,-2.5,1059137.4876380921,
2021-08-27,84.21397399902344,94.4934310913086,-0.3108303430360623,0,2.5,-2.5,1059137.4876380921,
2021-08-30,84.72383880615234,95.35244750976562,-0.2496131770467994,0,2.5,-2.5,1059137.4876380921,
2021-08-31,85.82855987548828,96.21147918701172,-0.4554668890198362,0,2.5,-2.5,1059137.4876380921,
2021-09-01,84.12899780273438,94.92294311523438,-0.6861936507199876,0,2.5,-2.5,1059137.4876380921,
2021-09-02,83.7041015625,95.35244750976562,1.3508877428955175,0,2.5,-2.5,1059137.4876380921,
2021-09-03,84.04401397705078,95.35244750976562,0.3668569982373888,0,2.5,-2.5,1059137.4876380921,
2021-09-06,83.78907775878906,95.35244750976562,0.8156733060699091,0,2.5,-2.5,1059137.4876380921,
2021-09-07,83.7041015625,95.35244750976562,0.895925451991034,0,2.5,-2.5,1059137.4876380921,
2021-09-08,84.3839340209961,95.35244750976562,-0.1237757350446547,0,2.5,-2.5,1059137.4876380921,
2021-09-09,83.7041015625,94.92294311523438,0.1280837840491123,0,2.5,-2.5,1059137.4876380921,
2021-09-10,84.46891021728516,94.92294311523438,-0.36057835934191945,0,2.5,-2.5,1059137.4876380921,
2021-09-13,84.3839340209961,95.35244750976562,-0.09412974893814414,0,2.5,-2.5,1059137.4876380921,
2021-09-14,84.12899780273438,95.35244750976562,0.0796892213872434,0,2.5,-2.5,1059137.4876380921,
2021-09-15,84.2989501953125,95.35244750976562,-0.0291990686762,0,2.5,-2.5,1059137.4876380921,
2021-09-16,84.12899780273438,95.78196716308594,0.38167727321423106,0,2.5,-2.5,1059137.4876380921,
2021-09-17,84.55389404296875,95.35244750976562,-0.23005256228048926,0,2.5,-2.5,1059137.4876380921,
2021-09-22,83.78907775878906,95.35244750976562,0.3966489177158586,0,2.5,-2.5,1059137.4876380921,
2021-09-23,84.63886260986328,95.35244750976562,-0.2782258371399208,0,2.5,-2.5,1059137.4876380921,
2021-09-24,84.80882263183594,95.78196716308594,-0.3394632531632861,0,2.5,-2.5,1059137.4876380921,
2021-09-27,84.72383880615234,95.35244750976562,-0.5755480651355288,0,2.5,-2.5,1059137.4876380921,
2021-09-28,84.63886260986328,95.35244750976562,-0.3979366267752578,0,2.5,-2.5,1059137.4876380921,
2021-09-29,84.3839340209961,95.78196716308594,0.2968494322588033,0,2.5,-2.5,1059137.4876380921,
2021-09-30,84.04401397705078,94.92294311523438,-0.015081238396292584,0,2.5,-2.5,1059137.4876380921,
2021-10-01,83.78907775878906,94.92294311523438,0.43486310562511976,0,2.5,-2.5,1059137.4876380921,
2021-10-04,83.95903778076172,95.35244750976562,0.549103684948295,0,2.5,-2.5,1059137.4876380921,
2021-10-05,84.2989501953125,94.92294311523438,-0.3581768459064598,0,2.5,-2.5,1059137.4876380921,
2021-10-06,84.2989501953125,95.35244750976562,0.05298656086089377,0,2.5,-2.5,1059137.4876380921,
2021-10-07,84.2989501953125,95.78196716308594,0.4208918696789865,0,2.5,-2.5,1059137.4876380921,
2021-10-08,84.04401397705078,95.78196716308594,1.177236472653191,0,2.5,-2.5,1059137.4876380921,
2021-10-12,84.12899780273438,95.78196716308594,0.8615832997357039,0,2.5,-2.5,1059137.4876380921,
2021-10-13,83.95903778076172,95.78196716308594,1.0532300614088126,0,2.5,-2.5,1059137.4876380921,
2021-10-14,83.53414916992188,94.92294311523438,0.7226361745292925,0,2.5,-2.5,1059137.4876380921,
2021-10-15,83.78907775878906,95.35244750976562,0.7709732953383069,0,2.5,-2.5,1059137.4876380921,
2021-10-18,83.53414916992188,95.35244750976562,1.5034234501027715,0,2.5,-2.5,1059137.4876380921,
2021-10-19,83.36418914794922,95.78196716308594,2.3113801756647634,0,2.5,-2.5,1059137.4876380921,
2021-10-20,83.6191177368164,95.35244750976562,1.2440817211886528,0,2.5,-2.5,1059137.4876380921,
2021-10-21,83.6191177368164,94.92294311523438,0.6773383712764905,0,2.5,-2.5,1059137.4876380921,
2021-10-22,83.6191177368164,95.78196716308594,1.6836824210072363,0,2.5,-2.5,1059137.4876380921,
2021-10-25,83.6191177368164,95.35244750976562,0.7491013793247303,0,2.5,-2.5,1059137.4876380921,
2021-10-26,83.6191177368164,94.92294311523438,0.39165410657787153,0,2.5,-2.5,1059137.4876380921,
2021-10-27,83.36418914794922,94.92294311523438,0.6477438909239569,0,2.5,-2.5,1059137.4876380921,
2021-10-28,83.44916534423828,94.4934310913086,0.2025154401830365,0,2.5,-2.5,1059137.4876380921,
2021-10-29,83.36418914794922,94.92294311523438,0.5958980864610729,0,2.5,-2.5,1059137.4876380921,
2021-11-01,83.6191177368164,95.35244750976562,1.1579644859279141,0,2.5,-2.5,1059137.4876380921,
2021-11-02,83.27921295166016,94.92294311523438,0.9870133425506452,0,2.5,-2.5,1059137.4876380921,
2021-11-03,83.6191177368164,94.92294311523438,0.270091783703347,0,2.5,-2.5,1059137.4876380921,
2021-11-04,83.6191177368164,95.35244750976562,0.6811485929633375,0,2.5,-2.5,1059137.4876380921,
2021-11-05,84.21397399902344,95.35244750976562,-0.27948057502017654,0,2.5,-2.5,1059137.4876380921,
2021-11-08,83.95903778076172,95.78196716308594,0.9369173438338392,0,2.5,-2.5,1059137.4876380921,
2021-11-09,83.95903778076172,95.78196716308594,0.8326798818866202,0,2.5,-2.5,1059137.4876380921,
2021-11-10,84.21397399902344,96.21147918701172,0.887349609879658,0,2.5,-2.5,1059137.4876380921,
2021-11-11,84.55389404296875,96.64100646972656,0.7626123870300535,0,2.5,-2.5,1059137.4876380921,
2021-11-12,84.72383880615234,96.64100646972656,0.3120887290908899,0,2.5,-2.5,1059137.4876380921,
2021-11-15,84.72383880615234,97.0705108642578,2.1280897404484724,0,2.5,-2.5,1059137.4876380921,
2021-11-16,84.9787826538086,97.92955017089844,3.744423073629698,-1,2.5,-2.5,1059070.1713047791,Short Spread
2021-11-17,85.40367889404297,98.35906219482422,3.116148161301302,-1,2.5,-2.5,1059060.9397373963,
2021-11-18,85.40367889404297,98.78857421875,4.406119165977718,-1,2.5,-2.5,1058201.9156895448,
2021-11-19,84.9787826538086,97.0705108642578,0.880165642807619,-1,2.5,-2.5,1060788.2499180604,
2021-11-22,84.21397399902344,96.64100646972656,1.7338106079908815,-1,2.5,-2.5,1060117.6413975526,
2021-11-23,84.2989501953125,97.50003051757812,2.8224937627854816,-1,2.5,-2.5,1058569.5456944276,
2021-11-24,83.87405395507812,97.50003051757812,3.624640781896892,-1,2.5,-2.5,1057719.7532139588,
2021-11-25,83.95903778076172,97.50003051757812,3.2776316280792495,-1,2.5,-2.5,1057889.720865326,
2021-11-26,83.36418914794922,97.0705108642578,3.794223626543466,-1,2.5,-2.5,1057559.0629063416,
2021-11-29,83.44916534423828,96.64100646972656,1.1535592290065817,-1,2.5,-2.5,1058588.0240879823,
2021-11-30,82.4294204711914,96.21147918701172,2.001316301479001,-1,2.5,-2.5,1057407.5889073182,
2021-12-01,83.53414916992188,97.0705108642578,1.6124451957606334,-1,2.5,-2.5,1057898.982950287,
2021-12-02,83.95903778076172,97.92955017089844,1.969542185831182,-1,2.5,-2.5,1057030.6815586854,
2021-12-03,83.53414916992188,97.50003051757812,2.2619908437583964,-1,2.5,-2.5,1057039.9436436463,
2021-12-06,83.27921295166016,97.92955017089844,1.8234792408170524,-1,2.5,-2.5,1055671.0319004823,
2021-12-07,83.78907775878906,97.92955017089844,1.392667612936619,-1,2.5,-2.5,1056690.76151474,
2021-12-08,83.78907775878906,97.92955017089844,1.38049881721696,-1,2.5,-2.5,1056690.76151474,
2021-12-09,83.95903778076172,98.35906219482422,1.4925578365646137,-1,2.5,-2.5,1056171.6575108338,
2021-12-10,83.53414916992188,97.92955017089844,1.5945644029272263,-1,2.5,-2.5,1056180.9043370057,
2021-12-13,83.27921295166016,97.50003051757812,1.3598504117505752,-1,2.5,-2.5,1056530.0712071229,
2021-12-14,83.36418914794922,97.92955017089844,1.551133347465178,-1,2.5,-2.5,1055840.9842930604,
2021-12-15,83.36418914794922,97.92955017089844,1.547271423072791,-1,2.5,-2.5,1055840.9842930604,
2021-12-16,83.78907775878906,98.35906219482422,1.4477017498424702,-1,2.5,-2.5,1055831.7374668885,
2021-12-17,84.04401397705078,98.78857421875,1.4828785653297387,-1,2.5,-2.5,1055482.5858555604,
2021-12-20,83.6191177368164,98.78857421875,1.821094686273704,-1,2.5,-2.5,1054632.7933750916,
2021-12-21,83.95903778076172,99.21809387207033,1.7850135488573837,-1,2.5,-2.5,1054453.5941563416,
2021-12-22,84.2989501953125,99.21809387207033,1.4550056709721924,-1,2.5,-2.5,1055133.4189854432,
2021-12-23,84.55389404296875,99.21809387207033,1.202359971042846,-1,2.5,-2.5,1055643.3066807557,
2021-12-24,84.80882263183594,99.21809387207033,0.9343631492921317,-1,2.5,-2.5,1056153.16385849,
2021-12-27,84.893798828125,99.6476058959961,2.411143959336161,-1,2.5,-2.5,1055464.0922032166,
2021-12-28,85.40367889404297,99.6476058959961,1.0779914126263515,-1,2.5,-2.5,1056483.8523350526,
2021-12-29,85.40367889404297,100.07711791992188,1.4516103205939017,-1,2.5,-2.5,1055624.828287201,
2021-12-30,84.9787826538086,100.07711791992188,2.0032133367138907,-1,2.5,-2.5,1054775.0358067323,
2022-01-03,85.40367889404297,99.21809387207033,0.24022434685989855,-1,2.5,-2.5,1057342.8763829041,
2022-01-04,84.2989501953125,99.21809387207033,2.164301041726726,-1,2.5,-2.5,1055133.4189854432,
2022-01-05,84.72383880615234,99.21809387207033,1.3002795724713156,-1,2.5,-2.5,1055983.1962071229,
2022-01-06,84.2989501953125,99.21809387207033,1.9081002740882045,-1,2.5,-2.5,1055133.4189854432,
2022-01-07,84.55389404296875,99.21809387207033,1.400348040875629,-1,2.5,-2.5,1055643.3066807557,
2022-01-10,84.80882263183594,100.07711791992188,1.8859503117215823,-1,2.5,-2.5,1054435.115762787,
2022-01-11,84.9787826538086,100.07711791992188,2.1782561323228586,-1,2.5,-2.5,1054775.0358067323,
2022-01-12,85.40367889404297,100.50664520263672,1.6807087931738744,-1,2.5,-2.5,1054765.7737217713,
2022-01-13,85.40367889404297,100.9361572265625,2.0826026775762143,-1,2.5,-2.5,1053906.7496739198,
2022-01-14,85.82855987548828,100.9361572265625,1.1685632885259862,-1,2.5,-2.5,1054756.5116368104,
2022-01-17,84.9787826538086,100.50664520263672,2.0300326158074893,-1,2.5,-2.5,1053915.9812413026,
2022-01-18,84.9787826538086,100.9361572265625,5.375389008659504,-1,2.5,-2.5,1053056.957193451,
2022-01-19,85.82855987548828,100.50664520263672,0.861792965761602,-1,2.5,-2.5,1055615.535684662,
2022-01-20,84.893798828125,100.07711791992188,2.9305450386007545,-1,2.5,-2.5,1054605.068155365,
2022-01-21,84.9787826538086,100.50664520263672,3.443734300670247,-1,2.5,-2.5,1053915.9812413026,
2022-01-24,85.40367889404297,100.50664520263672,1.8249488217211787,-1,2.5,-2.5,1054765.7737217713,
2022-01-25,85.40367889404297,100.50664520263672,1.2476451452474016,-1,2.5,-2.5,1054765.7737217713,
2022-01-26,84.72383880615234,100.9361572265625,3.3719238601264507,-1,2.5,-2.5,1052547.0694981385,
2022-02-07,85.82855987548828,101.79518127441406,2.0510052823971603,-1,2.5,-2.5,1053038.4635411073,
2022-02-08,85.40367889404297,101.3656768798828,2.159362867073919,-1,2.5,-2.5,1053047.7103672791,
2022-02-09,86.67835235595703,101.79518127441406,-0.022376324004000497,0,2.5,-2.5,1054670.5095606996,Close
2022-02-10,87.95303344726562,102.65422058105467,-1.226747032684349,0,2.5,-2.5,1054670.5095606996,
2022-02-11,87.52814483642578,102.65422058105467,-0.511572345906468,0,2.5,-2.5,1054670.5095606996,
2022-02-14,87.52814483642578,103.08373260498048,-0.011520570177610797,0,2.5,-2.5,1054670.5095606996,
2022-02-15,87.95303344726562,103.08373260498048,-0.8137853026950185,0,2.5,-2.5,1054670.5095606996,
2022-02-16,89.22771453857422,103.9427719116211,-2.0381075550911354,0,2.5,-2.5,1054670.5095606996,
2022-02-17,89.22771453857422,104.37228393554688,-0.4999883636053676,0,2.5,-2.5,1054670.5095606996,
2022-02-18,89.22771453857422,104.80178833007812,-0.3260518062831428,0,2.5,-2.5,1054670.5095606996,
2022-02-21,90.07750701904295,106.09033966064452,-0.2965327198427495,0,2.5,-2.5,1054670.5095606996,
2022-02-22,90.07750701904295,106.09033966064452,-0.3049985351750053,0,2.5,-2.5,1054670.5095606996,
2022-02-23,90.9272918701172,107.80841064453124,-0.09193667331280952,0,2.5,-2.5,1054670.5095606996,
2022-02-24,89.22771453857422,106.94937896728516,0.7217481782066446,0,2.5,-2.5,1054670.5095606996,
2022-02-25,87.95303344726562,106.94937896728516,1.733476779214974,0,2.5,-2.5,1054670.5095606996,
2022-03-01,89.65261840820312,106.94937896728516,0.3411499989968429,0,2.5,-2.5,1054670.5095606996,
2022-03-02,90.07750701904295,106.09033966064452,-0.5290547805770492,0,2.5,-2.5,1054670.5095606996,
2022-03-03,90.07750701904295,105.23130798339844,-1.051129923685903,0,2.5,-2.5,1054670.5095606996,
2022-03-04,89.65261840820312,105.66082000732422,-0.2661683687751873,0,2.5,-2.5,1054670.5095606996,
2022-03-07,89.22771453857422,103.9427719116211,-0.6789965840577281,0,2.5,-2.5,1054670.5095606996,
2022-03-08,89.22771453857422,104.80178833007812,-0.3484308669025205,0,2.5,-2.5,1054670.5095606996,
2022-03-09,89.65261840820312,105.23130798339844,-0.40455550992070766,0,2.5,-2.5,1054670.5095606996,
2022-03-10,90.50240325927734,105.66082000732422,-0.6765976267414764,0,2.5,-2.5,1054670.5095606996,
2022-03-11,90.07750701904295,105.23130798339844,-0.5645183966162943,0,2.5,-2.5,1054670.5095606996,
2022-03-14,90.07750701904295,105.66082000732422,-0.4049921601131384,0,2.5,-2.5,1054670.5095606996,
2022-03-15,90.07750701904295,107.37889099121094,0.18854614960737248,0,2.5,-2.5,1054670.5095606996,
2022-03-16,90.9272918701172,108.2379150390625,0.07174043905249809,0,2.5,-2.5,1054670.5095606996,
2022-03-17,90.07750701904295,107.80841064453124,0.32865725297446086,0,2.5,-2.5,1054670.5095606996,
2022-03-18,89.22771453857422,108.66744232177734,3.6616172749153026,-1,2.5,-2.5,1054602.5937544252,Short Spread
2022-03-21,89.65261840820312,108.66744232177734,2.6909682502057706,-1,2.5,-2.5,1055452.401493683,
2022-03-22,89.22771453857422,108.66744232177734,3.13643011862918,-1,2.5,-2.5,1054602.5937544252,
2022-03-23,89.22771453857422,108.66744232177734,2.931455290509486,-1,2.5,-2.5,1054602.5937544252,
2022-03-24,90.50240325927734,109.0969467163086,1.4420608545459956,-1,2.5,-2.5,1056292.962406769,
2022-03-25,90.07750701904295,109.95598602294922,2.5314231558574027,-1,2.5,-2.5,1053725.091313019,
2022-03-28,89.65261840820312,109.95598602294922,2.9230383448488713,-1,2.5,-2.5,1052875.3140913392,
2022-03-29,89.65261840820312,109.0969467163086,2.098038438867919,-1,2.5,-2.5,1054593.3927046205,
2022-03-30,89.65261840820312,109.0969467163086,2.0051161143379725,-1,2.5,-2.5,1054593.3927046205,
2022-03-31,89.22771453857422,109.0969467163086,2.373221136338551,-1,2.5,-2.5,1053743.5849653627,
2022-04-01,89.65261840820312,109.0969467163086,1.397094507797437,-1,2.5,-2.5,1054593.3927046205,
2022-04-06,89.65261840820312,109.0969467163086,1.3469609151320774,-1,2.5,-2.5,1054593.3927046205,
2022-04-07,89.65261840820312,109.0969467163086,1.3022734101167086,-1,2.5,-2.5,1054593.3927046205,
2022-04-08,90.07750701904295,109.95598602294922,1.4099534733366268,-1,2.5,-2.5,1053725.091313019,
2022-04-11,90.50240325927734,111.67404174804688,1.971064479223593,-1,2.5,-2.5,1051138.7723432924,
2022-04-12,90.9272918701172,110.385498046875,0.8579777485277564,-1,2.5,-2.5,1054565.6369673158,
2022-04-13,90.50240325927734,110.385498046875,1.13341956845502,-1,2.5,-2.5,1053715.8597456361,
2022-04-14,90.07750701904295,111.67404174804688,2.0585946769306567,-1,2.5,-2.5,1050288.9798628236,
2022-04-15,89.65261840820312,111.24452209472656,2.0773921190442826,-1,2.5,-2.5,1050298.2419477846,
2022-04-18,90.07750701904295,111.67404174804688,1.932433806831516,-1,2.5,-2.5,1050288.9798628236,
2022-04-19,90.07750701904295,111.24452209472656,1.271917173120557,-1,2.5,-2.5,1051148.0191694642,
2022-04-20,92.20197296142578,112.5330810546875,0.600465059615024,-1,2.5,-2.5,1052819.833134308,
2022-04-21,91.77708435058594,112.5330810546875,0.8002329860736538,-1,2.5,-2.5,1051970.0559126283,
2022-04-22,92.20197296142578,112.96258544921876,0.7105544906610628,-1,2.5,-2.5,1051960.8243452455,
2022-04-25,91.35218811035156,112.96258544921876,1.1178568743018444,-1,2.5,-2.5,1050261.254643097,
2022-04-26,92.62686920166016,113.39210510253906,1.844019763123886,-1,2.5,-2.5,1051951.5775190736,
2022-04-27,91.77708435058594,113.39210510253906,2.7133108857658046,-1,2.5,-2.5,1050252.0078169252,
2022-04-28,92.62686920166016,112.96258544921876,1.0002454505473208,-1,2.5,-2.5,1052810.6168257142,
2022-04-29,92.20197296142578,112.5330810546875,1.039741014575898,-1,2.5,-2.5,1052819.833134308,
2022-05-03,90.9272918701172,109.5264663696289,0.02226834185014433,-1,2.5,-2.5,1056283.700321808,
2022-05-04,89.65261840820312,106.51985931396484,-0.6310924894715503,0,2.5,-2.5,1059679.720610199,Close
2022-05-05,89.65261840820312,107.37889099121094,-0.1693191544339008,0,2.5,-2.5,1059679.720610199,
2022-05-06,90.07750701904295,108.66744232177734,0.18702794256278765,0,2.5,-2.5,1059679.720610199,
2022-05-09,89.65261840820312,107.37889099121094,-0.17654245413830974,0,2.5,-2.5,1059679.720610199,
2022-05-10,90.9272918701172,106.94937896728516,-1.3319087109165864,0,2.5,-2.5,1059679.720610199,
2022-05-11,91.35218811035156,107.37889099121094,-0.695343499684846,0,2.5,-2.5,1059679.720610199,
2022-05-12,90.50240325927734,106.51985931396484,-0.6811585196275382,0,2.5,-2.5,1059679.720610199,
2022-05-13,90.50240325927734,106.51985931396484,-0.746271153938851,0,2.5,-2.5,1059679.720610199,
2022-05-16,90.50240325927734,106.51985931396484,-0.807094754524379,0,2.5,-2.5,1059679.720610199,
2022-05-17,90.50240325927734,106.09033966064452,-1.0186516543824438,0,2.5,-2.5,1059679.720610199,
2022-05-18,91.35218811035156,107.37889099121094,-0.5263654629779483,0,2.5,-2.5,1059679.720610199,
2022-05-19,91.77708435058594,106.94937896728516,-0.7153598947644366,0,2.5,-2.5,1059679.720610199,
2022-05-20,91.77708435058594,106.94937896728516,-0.7039329034626103,0,2.5,-2.5,1059679.720610199,
2022-05-23,90.9272918701172,106.09033966064452,-0.6302549273459175,0,2.5,-2.5,1059679.720610199,
2022-05-24,90.9272918701172,106.51985931396484,-0.5397934437259694,0,2.5,-2.5,1059679.720610199,
2022-05-25,91.35218811035156,107.37889099121094,-0.4986636506852061,0,2.5,-2.5,1059679.720610199,
2022-05-26,92.20197296142578,109.5264663696289,-0.3042081727825513,0,2.5,-2.5,1059679.720610199,
2022-05-27,91.77708435058594,107.80841064453124,-0.520559527524782,0,2.5,-2.5,1059679.720610199,
2022-05-30,91.77708435058594,109.0969467163086,-0.27016608503087014,0,2.5,-2.5,1059679.720610199,
2022-05-31,91.77708435058594,109.0969467163086,-0.27689140122886724,0,2.5,-2.5,1059679.720610199,
2022-06-01,90.9272918701172,107.37889099121094,-0.5048766506869952,0,2.5,-2.5,1059679.720610199,
2022-06-02,91.35218811035156,107.37889099121094,-0.664920109498826,0,2.5,-2.5,1059679.720610199,
2022-06-06,91.77708435058594,108.2379150390625,-0.5949627794438328,0,2.5,-2.5,1059679.720610199,
2022-06-07,91.35218811035156,107.80841064453124,-0.5515505312736687,0,2.5,-2.5,1059679.720610199,
2022-06-08,91.77708435058594,108.66744232177734,-0.48756620883597235,0,2.5,-2.5,1059679.720610199,
2022-06-09,91.35218811035156,108.2379150390625,-0.3965288537001589,0,2.5,-2.5,1059679.720610199,
2022-06-10,90.50240325927734,107.37889099121094,-0.3215263057818976,0,2.5,-2.5,1059679.720610199,
2022-06-13,90.07750701904295,107.37889099121094,-0.1817075449754864,0,2.5,-2.5,1059679.720610199,
2022-06-14,90.50240325927734,106.94937896728516,-0.41643152825995566,0,2.5,-2.5,1059679.720610199,
2022-06-15,90.9272918701172,107.37889099121094,-0.4476033426361002,0,2.5,-2.5,1059679.720610199,
2022-06-16,90.9272918701172,106.51985931396484,-7.9819821205145685,1,2.5,-2.5,1059611.8227241517,Long Spread
2022-06-17,90.07750701904295,107.37889099121094,-1.3793225794185318,1,2.5,-2.5,1063029.4557807923,
2022-06-20,90.9272918701172,107.37889099121094,-3.182128376139435,1,2.5,-2.5,1061329.8860786438,
2022-06-21,92.20197296142578,108.66744232177734,-3.4576030831059064,1,2.5,-2.5,1061357.6265571595,
2022-06-22,92.20197296142578,107.80841064453124,-4.234363715179319,1,2.5,-2.5,1059639.5632026673,
2022-06-23,92.62686920166016,109.0969467163086,-2.0810089034036916,1,2.5,-2.5,1061366.8428657532,
2022-06-24,93.90155792236328,110.81501770019533,-1.8950647210713643,1,2.5,-2.5,1062253.6073921204,
2022-06-27,93.0517578125,110.385498046875,-1.107183223429913,1,2.5,-2.5,1063094.1683052063,
2022-06-28,93.4766616821289,110.81501770019533,-1.1164993634868063,1,2.5,-2.5,1063103.3998725892,
2022-06-29,93.4766616821289,112.10355377197266,-0.11664170448657626,1,2.5,-2.5,1065680.4720161438,
2022-06-30,91.77708435058594,108.63783264160156,-0.60963408764972,1,2.5,-2.5,1062148.1844184876,
2022-07-01,92.62686920166016,110.41878509521484,-0.27440710215901737,1,2.5,-2.5,1064010.5196235657,
2022-07-04,93.0517578125,112.64496612548828,0.5282949388850458,0,2.5,-2.5,1067544.8765934755,Close
2022-07-05,92.62686920166016,113.09019470214844,1.0037294983380989,0,2.5,-2.5,1067544.8765934755,
2022-07-06,92.62686920166016,113.98067474365234,1.3863908039307282,0,2.5,-2.5,1067544.8765934755,
2022-07-07,91.77708435058594,113.53543853759766,0.7351605676778837,0,2.5,-2.5,1067544.8765934755,
2022-07-08,91.1575698852539,110.86402130126952,0.38286420566653356,0,2.5,-2.5,1067544.8765934755,
2022-07-11,91.6000747680664,110.41878509521484,0.18563479982422879,0,2.5,-2.5,1067544.8765934755,
2022-07-12,92.04258728027344,109.08306884765624,-0.17399663796343018,0,2.5,-2.5,1067544.8765934755,
2022-07-13,92.04258728027344,110.41878509521484,0.09523128414400299,0,2.5,-2.5,1067544.8765934755,
2022-07-14,93.37013244628906,109.52830505371094,-0.8691513476655515,0,2.5,-2.5,1067544.8765934755,
2022-07-15,92.9276123046875,109.52830505371094,-0.5790383658925428,0,2.5,-2.5,1067544.8765934755,
2022-07-18,91.6000747680664,109.52830505371094,0.17369405856014442,0,2.5,-2.5,1067544.8765934755,
2022-07-19,87.70597076416016,108.1926040649414,1.7350507827952217,0,2.5,-2.5,1067544.8765934755,
2022-07-20,86.9094467163086,106.85688018798828,1.6218715513420152,0,2.5,-2.5,1067544.8765934755,
2022-07-21,87.70597076416016,106.4116439819336,0.4322848217707456,0,2.5,-2.5,1067544.8765934755,
2022-07-22,87.70597076416016,105.52117156982422,0.29761639631681736,0,2.5,-2.5,1067544.8765934755,
2022-07-25,88.94500732421875,106.85688018798828,0.23607644448365697,0,2.5,-2.5,1067544.8765934755,
2022-07-26,88.94500732421875,106.85688018798828,0.2377223709150101,0,2.5,-2.5,1067544.8765934755,
2022-07-27,90.27254486083984,108.1926040649414,0.15678886822520674,0,2.5,-2.5,1067544.8765934755,
2022-07-28,89.83002471923828,108.1926040649414,0.5138244754053093,0,2.5,-2.5,1067544.8765934755,
2022-07-29,89.83002471923828,108.1926040649414,0.5008715086477963,0,2.5,-2.5,1067544.8765934755,
2022-08-01,89.83002471923828,108.63783264160156,0.6253217671718981,0,2.5,-2.5,1067544.8765934755,
2022-08-02,90.27254486083984,109.08306884765624,0.5571372467199353,0,2.5,-2.5,1067544.8765934755,
2022-08-03,89.83002471923828,108.1926040649414,0.45486101438401966,0,2.5,-2.5,1067544.8765934755,
2022-08-04,90.27254486083984,107.30211639404295,0.003647319564947098,0,2.5,-2.5,1067544.8765934755,
2022-08-05,89.83002471923828,108.63783264160156,0.5161389332335289,0,2.5,-2.5,1067544.8765934755,
2022-08-08,89.83002471923828,109.08306884765624,0.6114957935035612,0,2.5,-2.5,1067544.8765934755,
2022-08-09,89.38751220703125,109.08306884765624,0.7477912323138144,0,2.5,-2.5,1067544.8765934755,
2022-08-10,90.27254486083984,109.08306884765624,0.4027986908961712,0,2.5,-2.5,1067544.8765934755,
2022-08-11,89.83002471923828,111.30924987792967,1.1348251923453807,0,2.5,-2.5,1067544.8765934755,
2022-08-12,89.83002471923828,111.30924987792967,1.0923809764314059,0,2.5,-2.5,1067544.8765934755,
2022-08-15,89.83002471923828,110.86402130126952,0.9378842268123806,0,2.5,-2.5,1067544.8765934755,
2022-08-16,89.83002471923828,109.97354888916016,0.6779414795556942,0,2.5,-2.5,1067544.8765934755,
2022-08-17,89.83002471923828,109.52830505371094,0.5394980179039154,0,2.5,-2.5,1067544.8765934755,
2022-08-18,89.38751220703125,109.08306884765624,0.7647766065455975,0,2.5,-2.5,1067544.8765934755,
2022-08-19,88.50249481201172,108.1926040649414,0.8906593131751628,0,2.5,-2.5,1067544.8765934755,
2022-08-22,88.50249481201172,108.63783264160156,1.0380305960849716,0,2.5,-2.5,1067544.8765934755,
2022-08-23,88.50249481201172,109.08306884765624,1.1884722158225782,0,2.5,-2.5,1067544.8765934755,
2022-08-24,88.94500732421875,108.63783264160156,0.7840180637821101,0,2.5,-2.5,1067544.8765934755,
2022-08-25,88.41398620605469,108.63783264160156,1.7356740658741836,0,2.5,-2.5,1067544.8765934755,
2022-08-26,88.41398620605469,108.63783264160156,1.3682081321265231,0,2.5,-2.5,1067544.8765934755,
2022-08-29,88.32548522949219,109.52830505371094,1.672147598362054,0,2.5,-2.5,1067544.8765934755,
2022-08-30,88.32548522949219,109.08306884765624,1.3578264999379093,0,2.5,-2.5,1067544.8765934755,
2022-08-31,88.14847564697266,107.7473602294922,0.8247904382328938,0,2.5,-2.5,1067544.8765934755,
2022-09-01,86.99795532226562,107.7473602294922,4.384550265870677,-1,2.5,-2.5,1067477.0867808533,Short Spread
2022-09-02,86.9094467163086,107.7473602294922,3.478987469276133,-1,2.5,-2.5,1067300.0695689393,
2022-09-05,87.17495727539062,108.63783264160156,3.3238944446089707,-1,2.5,-2.5,1066050.1458628846,
2022-09-06,87.3519515991211,108.1926040649414,2.3469291904415597,-1,2.5,-2.5,1067294.5916636658,
2022-09-07,86.9094467163086,107.30211639404295,1.8802926168784044,-1,2.5,-2.5,1068190.5572398377,
2022-09-08,87.61746978759766,107.7473602294922,3.3481535425833053,-1,2.5,-2.5,1068716.1157115174,
2022-09-12,87.0864486694336,107.7473602294922,3.2344384559467656,-1,2.5,-2.5,1067654.0734751893,
2022-09-13,86.99795532226562,107.7473602294922,2.6990824120568,-1,2.5,-2.5,1067477.0867808533,
2022-09-14,86.0244140625,106.4116439819336,2.289109999334445,-1,2.5,-2.5,1068201.4367564393,
2022-09-15,86.28993225097656,105.96641540527344,1.3563947984775273,-1,2.5,-2.5,1069622.9302867127,
2022-09-16,85.84741973876953,105.07593536376952,1.5888274657534096,-1,2.5,-2.5,1070518.8653453065,
2022-09-19,85.5819091796875,105.07593536376952,1.6195480695802997,-1,2.5,-2.5,1069987.8442271424,
2022-09-20,85.67041778564453,105.07593536376952,1.263255188258238,-1,2.5,-2.5,1070164.8614390565,
2022-09-21,86.0244140625,104.63069915771484,0.3728835565335094,-1,2.5,-2.5,1071763.3264048768,
2022-09-22,84.96239471435547,103.29499053955078,0.4172751918238181,-1,2.5,-2.5,1072310.7049449158,
2022-09-23,85.4049072265625,102.4045181274414,-0.48819038561406825,0,2.5,-2.5,1074909.1624165345,Close
2022-09-26,85.4049072265625,103.74022674560548,0.15193018488200258,0,2.5,-2.5,1074909.1624165345,
2022-09-27,85.84741973876953,103.29499053955078,-0.3613534535853833,0,2.5,-2.5,1074909.1624165345,
2022-09-28,86.20142364501953,103.74022674560548,-0.37119972663567113,0,2.5,-2.5,1074909.1624165345,
2022-09-29,85.7589111328125,103.29499053955078,-0.2745092834873967,0,2.5,-2.5,1074909.1624165345,
2022-09-30,84.60838317871094,101.51404571533205,-0.23819140799632627,0,2.5,-2.5,1074909.1624165345,
2022-10-03,84.60838317871094,99.28785705566406,-0.9169080647198128,0,2.5,-2.5,1074909.1624165345,
2022-10-04,84.0773696899414,99.73309326171876,-0.5373291932021169,0,2.5,-2.5,1074909.1624165345,
2022-10-05,83.81185913085938,99.28785705566406,-0.5610960090154983,0,2.5,-2.5,1074909.1624165345,
2022-10-06,83.54635620117188,98.39738464355467,-0.7085231886012548,0,2.5,-2.5,1074909.1624165345,
2022-10-07,82.48432159423828,98.39738464355467,-0.19462431745861522,0,2.5,-2.5,1074909.1624165345,
2022-10-11,82.21881866455078,97.0616683959961,-0.4004563559305898,0,2.5,-2.5,1074909.1624165345,
2022-10-12,82.92682647705078,97.95214080810548,-0.4218210294565415,0,2.5,-2.5,1074909.1624165345,
2022-10-13,82.48432159423828,97.0616683959961,-0.46157705773968793,0,2.5,-2.5,1074909.1624165345,
2022-10-14,80.97978210449219,97.0616683959961,-0.026160980403238082,0,2.5,-2.5,1074909.1624165345,
2022-10-17,81.51079559326172,97.0616683959961,-0.3303417264159097,0,2.5,-2.5,1074909.1624165345,
2022-10-18,81.59929656982422,96.6164321899414,-0.5369946683421887,0,2.5,-2.5,1074909.1624165345,
2022-10-19,80.53726959228516,95.72595977783205,-0.31014500792324623,0,2.5,-2.5,1074909.1624165345,
2022-10-20,81.86480712890625,95.28072357177734,-1.1369760453848072,0,2.5,-2.5,1074909.1624165345,
2022-10-21,82.21881866455078,96.17119598388672,-0.9746849364342934,0,2.5,-2.5,1074909.1624165345,
2022-10-24,81.86480712890625,95.72595977783205,-0.5068141104733137,0,2.5,-2.5,1074909.1624165345,
2022-10-25,83.72335815429688,98.39738464355467,-0.48927469282274916,0,2.5,-2.5,1074909.1624165345,
2022-10-26,83.72335815429688,96.6164321899414,-0.8150454861835144,0,2.5,-2.5,1074909.1624165345,
2022-10-27,83.45784759521484,97.50691223144533,-0.5660944597710642,0,2.5,-2.5,1074909.1624165345,
2022-10-28,83.45784759521484,97.0616683959961,-0.6409391562980333,0,2.5,-2.5,1074909.1624165345,
2022-10-31,84.1658706665039,98.84261322021484,-0.44208441000740645,0,2.5,-2.5,1074909.1624165345,
2022-11-01,83.54635620117188,97.50691223144533,-0.512759209533793,0,2.5,-2.5,1074909.1624165345,
2022-11-02,83.28084564208984,96.6164321899414,-0.5890707332833217,0,2.5,-2.5,1074909.1624165345,
2022-11-03,82.57283020019531,96.6164321899414,-0.41249287311789695,0,2.5,-2.5,1074909.1624165345,
2022-11-04,83.81185913085938,96.6164321899414,-0.6927286592148604,0,2.5,-2.5,1074909.1624165345,
2022-11-07,82.30731964111328,96.17119598388672,-0.3595050696169104,0,2.5,-2.5,1074909.1624165345,
2022-11-08,83.45784759521484,96.6164321899414,-0.5193840767669109,0,2.5,-2.5,1074909.1624165345,
2022-11-09,83.9888687133789,97.0616683959961,-0.5491433823518951,0,2.5,-2.5,1074909.1624165345,
2022-11-10,83.19234466552734,96.6164321899414,-0.4376857193399234,0,2.5,-2.5,1074909.1624165345,
2022-11-11,84.0773696899414,97.50691223144533,-0.4793248945391535,0,2.5,-2.5,1074909.1624165345,
2022-11-14,83.9888687133789,97.50691223144533,-1.805849702690718,0,2.5,-2.5,1074909.1624165345,
2022-11-15,83.19234466552734,97.0616683959961,-1.3543159108035394,0,2.5,-2.5,1074909.1624165345,
2022-11-16,82.04180145263672,96.6164321899414,-0.6306801237754859,0,2.5,-2.5,1074909.1624165345,
2022-11-17,81.51079559326172,96.17119598388672,-0.42180017937366654,0,2.5,-2.5,1074909.1624165345,
2022-11-18,83.01533508300781,97.0616683959961,-1.0871282803803208,0,2.5,-2.5,1074909.1624165345,
2022-11-21,81.33379364013672,97.0616683959961,0.5615653883098501,0,2.5,-2.5,1074909.1624165345,
2022-11-22,81.24529266357422,96.6164321899414,0.20821622651950233,0,2.5,-2.5,1074909.1624165345,
2022-11-23,81.42229461669922,97.0616683959961,0.4261264304334346,0,2.5,-2.5,1074909.1624165345,
2022-11-24,82.57283020019531,97.95214080810548,-0.2094355103978827,0,2.5,-2.5,1074909.1624165345,
2022-11-25,83.28084564208984,100.17832946777344,0.8737784099484702,0,2.5,-2.5,1074909.1624165345,
2022-11-28,82.30731964111328,98.39738464355467,0.3095282512870066,0,2.5,-2.5,1074909.1624165345,
2022-11-29,83.19234466552734,99.73309326171876,0.3857772690067669,0,2.5,-2.5,1074909.1624165345,
2022-11-30,84.51988220214844,101.0688018798828,0.1603804581929924,0,2.5,-2.5,1074909.1624165345,
2022-12-01,83.28084564208984,99.28785705566406,0.17004272467201045,0,2.5,-2.5,1074909.1624165345,
2022-12-02,83.72335815429688,99.73309326171876,0.10781609384454835,0,2.5,-2.5,1074909.1624165345,
2022-12-05,83.45784759521484,100.17832946777344,0.6099766075922384,0,2.5,-2.5,1074909.1624165345,
2022-12-06,82.74982452392578,99.73309326171876,0.9527846485783097,0,2.5,-2.5,1074909.1624165345,
2022-12-07,84.43138122558594,100.17832946777344,-0.12648339015541285,0,2.5,-2.5,1074909.1624165345,
2022-12-08,84.3428726196289,98.84261322021484,-0.7895973307459684,0,2.5,-2.5,1074909.1624165345,
2022-12-09,84.43138122558594,99.73309326171876,-0.3040778643590885,0,2.5,-2.5,1074909.1624165345,
2022-12-12,84.87389373779297,100.17832946777344,-0.5398874956454364,0,2.5,-2.5,1074909.1624165345,
2022-12-13,84.1658706665039,98.84261322021484,-0.6804459368427217,0,2.5,-2.5,1074909.1624165345,
2022-12-14,84.43138122558594,99.28785705566406,-0.5344784697956421,0,2.5,-2.5,1074909.1624165345,
2022-12-15,83.81185913085938,99.73309326171876,0.3905661501617035,0,2.5,-2.5,1074909.1624165345,
2022-12-16,83.28084564208984,98.39738464355467,0.023227536479189913,0,2.5,-2.5,1074909.1624165345,
2022-12-19,83.36934661865234,99.28785705566406,0.5728397922183062,0,2.5,-2.5,1074909.1624165345,
2022-12-20,82.83832550048828,99.28785705566406,1.1023037944909961,0,2.5,-2.5,1074909.1624165345,
2022-12-21,83.45784759521484,99.28785705566406,0.49320551216508257,0,2.5,-2.5,1074909.1624165345,
2022-12-22,83.90036010742188,100.62356567382812,0.9825818715648482,0,2.5,-2.5,1074909.1624165345,
2022-12-23,83.90036010742188,100.17832946777344,0.6754673447294989,0,2.5,-2.5,1074909.1624165345,
2022-12-26,83.90036010742188,100.62356567382812,0.6556224204077833,0,2.5,-2.5,1074909.1624165345,
2022-12-27,83.90036010742188,100.62356567382812,0.6691001106829043,0,2.5,-2.5,1074909.1624165345,
2022-12-28,83.36934661865234,101.51404571533205,1.4932177375846298,0,2.5,-2.5,1074909.1624165345,
2022-12-29,83.63485717773438,100.62356567382812,0.8728246892162785,0,2.5,-2.5,1074909.1624165345,
2022-12-30,83.81185913085938,100.62356567382812,0.7461003386136699,0,2.5,-2.5,1074909.1624165345,
2023-01-03,84.43138122558594,100.62356567382812,0.31369810783108354,0,2.5,-2.5,1074909.1624165345,
2023-01-04,84.87389373779297,101.0688018798828,0.20493880769361156,0,2.5,-2.5,1074909.1624165345,
2023-01-05,84.87389373779297,101.51404571533205,0.43829248136443166,0,2.5,-2.5,1074909.1624165345,
2023-01-06,85.13938903808594,101.51404571533205,0.2222092870700689,0,2.5,-2.5,1074909.1624165345,
2023-01-09,86.9094467163086,102.4045181274414,-0.603149128965898,0,2.5,-2.5,1074909.1624165345,
2023-01-10,86.99795532226562,102.4045181274414,-0.9028401893588264,0,2.5,-2.5,1074909.1624165345,
2023-01-11,84.51988220214844,101.51404571533205,0.9440122044009899,0,2.5,-2.5,1074909.1624165345,
2023-01-12,83.81185913085938,101.0688018798828,1.24847442465838,0,2.5,-2.5,1074909.1624165345,
2023-01-13,84.25436401367188,101.51404571533205,1.0498781975436953,0,2.5,-2.5,1074909.1624165345,
2023-01-16,84.87389373779297,102.4045181274414,0.9937498217015184,0,2.5,-2.5,1074909.1624165345,
2023-01-17,84.25436401367188,101.51404571533205,1.1347280429866282,0,2.5,-2.5,1074909.1624165345,
2023-01-30,85.67041778564453,101.9592742919922,0.02042008044154722,0,2.5,-2.5,1074909.1624165345,
2023-01-31,83.72335815429688,100.17832946777344,0.601198099176057,0,2.5,-2.5,1074909.1624165345,
2023-02-01,84.1658706665039,100.17832946777344,0.17242079267116037,0,2.5,-2.5,1074909.1624165345,
2023-02-02,84.0773696899414,99.73309326171876,-0.045781670890750935,0,2.5,-2.5,1074909.1624165345,
2023-02-03,84.25436401367188,100.62356567382812,0.6893569519411985,0,2.5,-2.5,1074909.1624165345,
2023-02-06,83.9888687133789,100.17832946777344,0.44883602967973857,0,2.5,-2.5,1074909.1624165345,
2023-02-07,84.60838317871094,100.17832946777344,-0.4234073033811058,0,2.5,-2.5,1074909.1624165345,
2023-02-08,84.43138122558594,100.17832946777344,-0.192585208008875,0,2.5,-2.5,1074909.1624165345,
2023-02-09,84.60838317871094,100.17832946777344,-0.4007751068952996,0,2.5,-2.5,1074909.1624165345,
2023-02-10,84.87389373779297,100.62356567382812,-0.45813309522710083,0,2.5,-2.5,1074909.1624165345,
2023-02-13,85.5819091796875,101.0688018798828,-0.9358837843372242,0,2.5,-2.5,1074909.1624165345,
2023-02-14,85.4049072265625,101.51404571533205,-0.3257974020073196,0,2.5,-2.5,1074909.1624165345,
2023-02-15,84.87389373779297,101.0688018798828,-0.09643166413968406,0,2.5,-2.5,1074909.1624165345,
2023-02-16,85.13938903808594,101.51404571533205,-0.06935206244562954,0,2.5,-2.5,1074909.1624165345,
2023-02-17,85.493408203125,101.0688018798828,-1.5143824314841716,0,2.5,-2.5,1074909.1624165345,
2023-02-20,85.7589111328125,102.4045181274414,-0.13939446015519744,0,2.5,-2.5,1074909.1624165345,
2023-02-21,85.67041778564453,101.9592742919922,-0.44465646940820547,0,2.5,-2.5,1074909.1624165345,
2023-02-22,86.0244140625,102.4045181274414,-0.4512370864625844,0,2.5,-2.5,1074909.1624165345,
2023-02-23,86.37843322753906,102.84974670410156,-0.4815252822502868,0,2.5,-2.5,1074909.1624165345,
2023-02-24,85.493408203125,102.84974670410156,0.7584289127833068,0,2.5,-2.5,1074909.1624165345,
2023-03-01,84.51988220214844,102.4045181274414,1.6967021645081934,0,2.5,-2.5,1074909.1624165345,
2023-03-02,85.67041778564453,103.74022674560548,1.3519915312258755,0,2.5,-2.5,1074909.1624165345,
2023-03-03,86.0244140625,104.63069915771484,1.7120878112352527,0,2.5,-2.5,1074909.1624165345,
2023-03-06,86.9094467163086,105.07593536376952,0.8812803828516962,0,2.5,-2.5,1074909.1624165345,
2023-03-07,86.9094467163086,105.52117156982422,1.4878460951510313,0,2.5,-2.5,1074909.1624165345,
2023-03-08,87.26345825195312,105.96641540527344,1.341024226476205,0,2.5,-2.5,1074909.1624165345,
2023-03-09,87.17495727539062,105.52117156982422,0.9515609106362215,0,2.5,-2.5,1074909.1624165345,
2023-03-10,86.55543518066406,104.63069915771484,0.9045975628263955,0,2.5,-2.5,1074909.1624165345,
2023-03-13,86.7324447631836,105.96641540527344,1.9951437370189895,0,2.5,-2.5,1074909.1624165345,
2023-03-14,86.46693420410156,104.63069915771484,0.9376119885319345,0,2.5,-2.5,1074909.1624165345,
2023-03-15,86.55543518066406,105.96641540527344,2.1647478598669383,0,2.5,-2.5,1074909.1624165345,
2023-03-16,87.0864486694336,105.96641540527344,1.3932071237388888,0,2.5,-2.5,1074909.1624165345,
2023-03-17,87.61746978759766,105.07593536376952,-0.30482683287802104,0,2.5,-2.5,1074909.1624165345,
2023-03-20,87.97148132324219,105.96641540527344,0.07698015817365716,0,2.5,-2.5,1074909.1624165345,
2023-03-21,87.17495727539062,105.52117156982422,0.7874809440349102,0,2.5,-2.5,1074909.1624165345,
2023-03-22,87.70597076416016,106.4116439819336,0.8809582326716825,0,2.5,-2.5,1074909.1624165345,
2023-03-23,88.05998229980469,106.85688018798828,0.7725717730878504,0,2.5,-2.5,1074909.1624165345,
2023-03-24,88.94500732421875,106.4116439819336,-1.0215004040208304,0,2.5,-2.5,1074909.1624165345,
2023-03-27,88.94500732421875,106.85688018798828,-0.5545606018110809,0,2.5,-2.5,1074909.1624165345,
2023-03-28,88.50249481201172,106.4116439819336,-0.35508411030321835,0,2.5,-2.5,1074909.1624165345,
2023-03-29,88.94500732421875,106.85688018798828,-0.5287337502950732,0,2.5,-2.5,1074909.1624165345,
2023-03-30,89.38751220703125,106.85688018798828,-1.1786570649279224,0,2.5,-2.5,1074909.1624165345,
2023-03-31,89.38751220703125,106.4116439819336,-1.623590242650449,0,2.5,-2.5,1074909.1624165345,
2023-04-06,89.83002471923828,107.30211639404295,-1.3188680440181075,0,2.5,-2.5,1074909.1624165345,
2023-04-07,89.83002471923828,107.7473602294922,-0.5866864193621296,0,2.5,-2.5,1074909.1624165345,
2023-04-10,91.1575698852539,109.08306884765624,-1.0623556182022924,0,2.5,-2.5,1074909.1624165345,
2023-04-11,92.04258728027344,109.52830505371094,-1.770691455868689,0,2.5,-2.5,1074909.1624165345,
2023-04-12,92.04258728027344,109.52830505371094,-1.7869181306422235,0,2.5,-2.5,1074909.1624165345,
2023-04-13,91.6000747680664,110.41878509521484,-0.39206716559035787,0,2.5,-2.5,1074909.1624165345,
2023-04-14,92.9276123046875,110.86402130126952,-2.181698205409308,0,2.5,-2.5,1074909.1624165345,
2023-04-17,92.9276123046875,111.7544937133789,-0.9864355958480597,0,2.5,-2.5,1074909.1624165345,
2023-04-18,92.9276123046875,112.1997299194336,-0.4599372442582806,0,2.5,-2.5,1074909.1624165345,
2023-04-19,92.04258728027344,110.86402130126952,-0.5220555308387951,0,2.5,-2.5,1074909.1624165345,
2023-04-20,91.1575698852539,111.30924987792967,1.0228976997334989,0,2.5,-2.5,1074909.1624165345,
2023-04-21,90.71504974365234,112.1997299194336,2.221379855197607,0,2.5,-2.5,1074909.1624165345,
2023-04-24,91.1575698852539,112.1997299194336,1.6314348013812354,0,2.5,-2.5,1074909.1624165345,
2023-04-25,91.1575698852539,112.1997299194336,1.6013332977675383,0,2.5,-2.5,1074909.1624165345,
2023-04-26,92.04258728027344,113.09019470214844,1.280047838196641,0,2.5,-2.5,1074909.1624165345,
2023-04-27,91.6000747680664,112.64496612548828,1.408908850313283,0,2.5,-2.5,1074909.1624165345,
2023-04-28,91.6000747680664,113.09019470214844,1.3710876879094152,0,2.5,-2.5,1074909.1624165345,
2023-05-02,91.1575698852539,111.7544937133789,0.8916592650082887,0,2.5,-2.5,1074909.1624165345,
2023-05-03,91.1575698852539,111.7544937133789,0.8881428829161648,0,2.5,-2.5,1074909.1624165345,
2023-05-04,92.48509979248048,112.64496612548828,0.23213970855800037,0,2.5,-2.5,1074909.1624165345,
2023-05-05,92.48509979248048,112.64496612548828,0.22178734160143443,0,2.5,-2.5,1074909.1624165345,
2023-05-08,92.04258728027344,112.64496612548828,1.2108536429035628,0,2.5,-2.5,1074909.1624165345,
2023-05-09,91.6000747680664,112.64496612548828,1.6931129056017649,0,2.5,-2.5,1074909.1624165345,
2023-05-10,91.6000747680664,112.1997299194336,1.0358914615938881,0,2.5,-2.5,1074909.1624165345,
2023-05-11,91.6000747680664,112.1997299194336,0.9229176926097516,0,2.5,-2.5,1074909.1624165345,
2023-05-12,91.1575698852539,111.30924987792967,0.6058021594304371,0,2.5,-2.5,1074909.1624165345,
2023-05-15,91.6000747680664,111.7544937133789,0.741433506141102,0,2.5,-2.5,1074909.1624165345,
2023-05-16,91.6000747680664,112.1997299194336,1.232384939568197,0,2.5,-2.5,1074909.1624165345,
2023-05-17,92.48509979248048,113.09019470214844,0.6720604270127155,0,2.5,-2.5,1074909.1624165345,
2023-05-18,92.04258728027344,112.64496612548828,0.8259523902358772,0,2.5,-2.5,1074909.1624165345,
2023-05-19,92.04258728027344,113.53543853759766,1.797883654269389,0,2.5,-2.5,1074909.1624165345,
2023-05-22,92.04258728027344,111.7544937133789,-0.41688069639675923,0,2.5,-2.5,1074909.1624165345,
2023-05-23,92.04258728027344,112.64496612548828,0.8159242007977419,0,2.5,-2.5,1074909.1624165345,
2023-05-24,92.04258728027344,112.64496612548828,0.7348066945298322,0,2.5,-2.5,1074909.1624165345,
2023-05-25,90.71504974365234,113.98067474365234,4.63441985070735,-1,2.5,-2.5,1074840.974587555,Short Spread
2023-05-26,91.1575698852539,113.09019470214844,2.5641447175417365,-1,2.5,-2.5,1077506.974953766,
2023-05-29,91.1575698852539,112.1997299194336,0.7871509368437721,-1,2.5,-2.5,1079287.9045191957,
2023-05-30,91.6000747680664,111.7544937133789,0.0893606469142608,-1,2.5,-2.5,1081063.38669693,
2023-05-31,91.6000747680664,112.1997299194336,0.38612901871898964,-1,2.5,-2.5,1080172.9142848207,
2023-06-01,91.1575698852539,111.30924987792967,0.21343119822629114,-1,2.5,-2.5,1081068.8646022035,
2023-06-02,92.04258728027344,111.7544937133789,-0.31860534780827343,0,2.5,-2.5,1081880.2598381042,Close
2023-06-05,91.6000747680664,111.30924987792967,-0.2454577468874667,0,2.5,-2.5,1081880.2598381042,
2023-06-06,92.04258728027344,111.7544937133789,-0.38122983901130725,0,2.5,-2.5,1081880.2598381042,
2023-06-07,92.04258728027344,111.30924987792967,-0.7435020291989827,0,2.5,-2.5,1081880.2598381042,
2023-06-08,91.6000747680664,111.30924987792967,-0.20565671207527617,0,2.5,-2.5,1081880.2598381042,
2023-06-09,91.1575698852539,111.7544937133789,0.7036810124889863,0,2.5,-2.5,1081880.2598381042,
2023-06-12,90.71504974365234,111.30924987792967,1.0093128915890033,0,2.5,-2.5,1081880.2598381042,
2023-06-13,91.1575698852539,111.7544937133789,0.7652896309943948,0,2.5,-2.5,1081880.2598381042,
2023-06-14,90.71504974365234,111.7544937133789,1.2721319832308204,0,2.5,-2.5,1081880.2598381042,
2023-06-15,91.1575698852539,111.7544937133789,0.6845168207443336,0,2.5,-2.5,1081880.2598381042,
2023-06-16,90.71504974365234,111.7544937133789,1.1826302779176443,0,2.5,-2.5,1081880.2598381042,
2023-06-19,91.6000747680664,111.7544937133789,0.1392421755114717,0,2.5,-2.5,1081880.2598381042,
2023-06-20,90.71504974365234,112.1997299194336,1.658370144313785,0,2.5,-2.5,1081880.2598381042,
2023-06-21,89.83002471923828,112.1997299194336,2.641297092143452,-1,2.5,-2.5,1081812.1786479186,Short Spread
2023-06-26,89.38751220703125,110.41878509521484,1.535721969905433,-1,2.5,-2.5,1084489.043271942,
2023-06-27,88.50249481201172,108.63783264160156,1.025859079388512,-1,2.5,-2.5,1086280.9133891296,
2023-06-28,88.50249481201172,108.1926040649414,0.822754923878023,-1,2.5,-2.5,1087171.3705424499,
2023-06-29,88.94500732421875,108.8428726196289,0.7180764186693421,-1,2.5,-2.5,1086755.858457489,
2023-06-30,88.39025115966797,107.9165496826172,0.4914586454507699,-1,2.5,-2.5,1087498.9920024108,
2023-07-03,87.83550262451172,106.52706146240234,-0.09963038902824435,0,2.5,-2.5,1089100.6968699645,Close
2023-07-04,87.37321472167969,106.99022674560548,0.7996729032708141,0,2.5,-2.5,1089100.6968699645,
2023-07-05,87.00337219238281,106.52706146240234,1.2188032289939361,0,2.5,-2.5,1089100.6968699645,
2023-07-06,86.54107666015625,106.52706146240234,1.704033906231282,0,2.5,-2.5,1089100.6968699645,
2023-07-07,86.44862365722656,106.06390380859376,1.1569972696623632,0,2.5,-2.5,1089100.6968699645,
2023-07-10,86.44862365722656,105.60074615478516,0.5872530812692048,0,2.5,-2.5,1089100.6968699645,
2023-07-11,87.28075408935547,106.52706146240234,0.3064436033155596,0,2.5,-2.5,1089100.6968699645,
2023-07-12,87.09583282470703,106.52706146240234,0.6869270776247868,0,2.5,-2.5,1089100.6968699645,
2023-07-13,86.72600555419922,106.52706146240234,1.1938875687575308,0,2.5,-2.5,1089100.6968699645,
2023-07-14,87.9279556274414,107.9165496826172,0.7378392592507788,0,2.5,-2.5,1089100.6968699645,
2023-07-17,87.37321472167969,107.9165496826172,1.5181797284047895,0,2.5,-2.5,1089100.6968699645,
2023-07-18,87.00337219238281,106.52706146240234,0.5147944415880746,0,2.5,-2.5,1089100.6968699645,
2023-07-19,87.09583282470703,106.52706146240234,0.4894029047826833,0,2.5,-2.5,1089100.6968699645,
2023-07-20,87.28075408935547,106.99022674560548,0.6600110481234673,0,2.5,-2.5,1089100.6968699645,
2023-07-21,87.00337219238281,106.99022674560548,1.0257623937539422,0,2.5,-2.5,1089100.6968699645,
2023-07-24,86.81846618652344,107.45338439941406,1.703602204180397,0,2.5,-2.5,1089100.6968699645,
2023-07-25,87.37321472167969,107.9165496826172,1.30746487254238,0,2.5,-2.5,1089100.6968699645,
2023-07-26,87.37321472167969,108.37971496582033,2.8014168820962886,-1,2.5,-2.5,1089032.866752777,Short Spread
2023-07-27,87.7430419921875,107.9165496826172,0.9762455525674721,-1,2.5,-2.5,1090698.851860199,
2023-07-28,87.83550262451172,107.9165496826172,0.7102902719796561,-1,2.5,-2.5,1090883.7731248473,
2023-07-31,87.28075408935547,107.45338439941406,0.9902843447761371,-1,2.5,-2.5,1090700.606620941,
2023-08-01,87.7430419921875,107.9165496826172,0.7147690766024388,-1,2.5,-2.5,1090698.851860199,
2023-08-02,87.00337219238281,107.45338439941406,2.0364152228749655,-1,2.5,-2.5,1090145.8428269958,
2023-08-04,87.00337219238281,107.9165496826172,2.244132964906084,-1,2.5,-2.5,1089219.5122605895,
2023-08-07,87.00337219238281,107.45338439941406,1.4054027043082142,-1,2.5,-2.5,1090145.8428269958,
2023-08-08,86.72600555419922,107.9165496826172,2.2571356102747844,-1,2.5,-2.5,1088664.7789842223,
2023-08-09,86.72600555419922,108.37971496582033,2.622176242297357,-1,2.5,-2.5,1087738.448417816,
2023-08-10,87.00337219238281,109.3060302734375,2.198876070286443,-1,2.5,-2.5,1086440.551078949,
2023-08-11,87.18829345703125,109.3060302734375,2.088848707111389,-1,2.5,-2.5,1086810.3936082458,
2023-08-14,86.72600555419922,108.37971496582033,1.9071602405282495,-1,2.5,-2.5,1087738.448417816,
2023-08-15,86.633544921875,108.37971496582033,2.0495734539347046,-1,2.5,-2.5,1087553.5271531676,
2023-08-16,86.81846618652344,109.3060302734375,2.6834439095458005,-1,2.5,-2.5,1086070.7390672301,
2023-08-17,86.72600555419922,107.9165496826172,0.9868519618127845,-1,2.5,-2.5,1088664.7789842223,
2023-08-18,86.81846618652344,108.8428726196289,1.4608285739353437,-1,2.5,-2.5,1086997.0543748473,
2023-08-21,86.91091918945312,108.37971496582033,1.0524045362353072,-1,2.5,-2.5,1088108.275688324,
2023-08-22,86.44862365722656,107.9165496826172,1.1750416390859837,-1,2.5,-2.5,1088110.015190277,
2023-08-23,86.44862365722656,107.9165496826172,1.1619747916438528,-1,2.5,-2.5,1088110.015190277,
2023-08-24,86.54107666015625,108.8428726196289,2.7881303543807388,-1,2.5,-2.5,1086442.275322113,
2023-08-25,86.26371002197266,107.9165496826172,2.080486758797819,-1,2.5,-2.5,1087740.1879197692,
2023-08-28,86.54107666015625,108.37971496582033,2.0598305024793144,-1,2.5,-2.5,1087368.5906297301,
2023-08-29,87.00337219238281,108.8428726196289,1.779433802755545,-1,2.5,-2.5,1087366.866386566,
2023-08-30,87.00337219238281,108.37971496582033,1.2245440888587555,-1,2.5,-2.5,1088293.1816941833,
2023-08-31,86.17124938964844,107.45338439941406,2.3075308423015413,-1,2.5,-2.5,1088481.597221527,
2023-09-01,86.81846618652344,107.9165496826172,1.1725265216767575,-1,2.5,-2.5,1088849.7002488708,
2023-09-04,86.91091918945312,108.8428726196289,1.9328208869789796,-1,2.5,-2.5,1087181.9603807067,
2023-09-05,86.54107666015625,108.37971496582033,1.8233887003705294,-1,2.5,-2.5,1087368.5906297301,
2023-09-06,86.35617065429688,108.37971496582033,2.002052755510945,-1,2.5,-2.5,1086998.7786180114,
2023-09-07,86.26371002197266,108.37971496582033,2.7028398862990186,-1,2.5,-2.5,1086813.857353363,
2023-09-08,86.44862365722656,107.9165496826172,1.498813862403364,-1,2.5,-2.5,1088110.015190277,
2023-09-11,86.91091918945312,108.37971496582033,1.1618416427676703,-1,2.5,-2.5,1088108.275688324,
2023-09-12,87.46566772460938,108.37971496582033,0.08247438483279008,-1,2.5,-2.5,1089217.7727586364,
2023-09-13,87.5581283569336,107.9165496826172,-0.6996076442937382,0,2.5,-2.5,1090261.2056025695,Close
2023-09-14,87.83550262451172,108.37971496582033,-0.34339089479998186,0,2.5,-2.5,1090261.2056025695,
2023-09-15,88.39025115966797,108.8428726196289,-0.6426326772700491,0,2.5,-2.5,1090261.2056025695,
2023-09-18,88.02041625976562,108.37971496582033,-0.648452629229933,0,2.5,-2.5,1090261.2056025695,
2023-09-19,88.29779815673828,108.37971496582033,-1.069356542432964,0,2.5,-2.5,1090261.2056025695,
2023-09-20,87.83550262451172,108.37971496582033,-0.48613749121574357,0,2.5,-2.5,1090261.2056025695,
2023-09-21,86.72600555419922,107.9165496826172,0.36625359795115503,0,2.5,-2.5,1090261.2056025695,
2023-09-22,86.633544921875,108.37971496582033,0.763286811230502,0,2.5,-2.5,1090261.2056025695,
2023-09-25,86.91091918945312,107.9165496826172,0.17279123854108064,0,2.5,-2.5,1090261.2056025695,
2023-09-26,87.46566772460938,107.45338439941406,-0.7857051777315046,0,2.5,-2.5,1090261.2056025695,
2023-09-27,86.81846618652344,107.9165496826172,0.2547658702059944,0,2.5,-2.5,1090261.2056025695,
2023-09-28,87.46566772460938,107.45338439941406,-0.7790888305733407,0,2.5,-2.5,1090261.2056025695,
2023-10-02,87.09583282470703,107.9165496826172,-0.06393761501707,0,2.5,-2.5,1090261.2056025695,
2023-10-03,86.81846618652344,107.45338439941406,-0.126927628973868,0,2.5,-2.5,1090261.2056025695,
2023-10-04,86.44862365722656,106.52706146240234,-0.4281583683658594,0,2.5,-2.5,1090261.2056025695,
2023-10-05,87.28075408935547,106.52706146240234,-1.2551287829120796,0,2.5,-2.5,1090261.2056025695,
2023-10-06,87.09583282470703,106.99022674560548,-0.3777471536993512,0,2.5,-2.5,1090261.2056025695,
2023-10-11,88.6676254272461,107.9165496826172,-0.8239298641606151,0,2.5,-2.5,1090261.2056025695,
2023-10-12,88.94499969482422,107.9165496826172,-0.9474049448344087,0,2.5,-2.5,1090261.2056025695,
2023-10-13,88.39025115966797,107.45338439941406,-0.8184520108989919,0,2.5,-2.5,1090261.2056025695,
2023-10-16,88.5751724243164,107.9165496826172,-0.7369468385066757,0,2.5,-2.5,1090261.2056025695,
2023-10-17,88.20533752441406,107.9165496826172,-0.44474716599406033,0,2.5,-2.5,1090261.2056025695,
2023-10-18,88.39025115966797,107.45338439941406,-0.6387198905813583,0,2.5,-2.5,1090261.2056025695,
2023-10-19,87.7430419921875,107.45338439941406,-0.3811196589815994,0,2.5,-2.5,1090261.2056025695,
2023-10-20,87.09583282470703,106.99022674560548,-0.25241357415817867,0,2.5,-2.5,1090261.2056025695,
2023-10-23,87.28075408935547,106.99022674560548,-0.31884675513623334,0,2.5,-2.5,1090261.2056025695,
2023-10-24,87.65058898925781,106.99022674560548,-0.6308105008317286,0,2.5,-2.5,1090261.2056025695,
2023-10-25,87.7430419921875,106.99022674560548,-0.6681754433828465,0,2.5,-2.5,1090261.2056025695,
2023-10-26,87.65058898925781,106.52706146240234,-0.7798694254150714,0,2.5,-2.5,1090261.2056025695,
2023-10-27,88.29779815673828,106.99022674560548,-0.9267487388622754,0,2.5,-2.5,1090261.2056025695,
2023-10-30,87.83550262451172,106.99022674560548,-0.6729896405304695,0,2.5,-2.5,1090261.2056025695,
2023-10-31,88.5751724243164,107.45338439941406,-1.3756801026413312,0,2.5,-2.5,1090261.2056025695,
2023-11-01,89.03746795654297,108.37971496582033,-1.173402374992981,0,2.5,-2.5,1090261.2056025695,
2023-11-02,89.31483459472656,109.3060302734375,-0.8411139688549502,0,2.5,-2.5,1090261.2056025695,
2023-11-03,89.6846694946289,108.8428726196289,-1.3477378726343592,0,2.5,-2.5,1090261.2056025695,
2023-11-06,90.33187866210938,108.8428726196289,-1.7901603099835417,0,2.5,-2.5,1090261.2056025695,
2023-11-07,89.86958312988281,109.3060302734375,-0.8250984771626084,0,2.5,-2.5,1090261.2056025695,
2023-11-08,90.88662719726562,109.76919555664062,-1.1911821271311562,0,2.5,-2.5,1090261.2056025695,
2023-11-09,90.97909545898438,108.8428726196289,-1.5960368333962565,0,2.5,-2.5,1090261.2056025695,
2023-11-10,90.5167999267578,108.37971496582033,-1.498138739696526,0,2.5,-2.5,1090261.2056025695,
2023-11-13,89.77713012695312,107.9165496826172,-1.2351729658618051,0,2.5,-2.5,1090261.2056025695,
2023-11-14,89.96205139160156,107.9165496826172,-1.425325256858556,0,2.5,-2.5,1090261.2056025695,
2023-11-15,90.14695739746094,109.3060302734375,-0.8927871521982723,0,2.5,-2.5,1090261.2056025695,
2023-11-16,90.6092529296875,108.37971496582033,-1.584318694674364,0,2.5,-2.5,1090261.2056025695,
2023-11-17,90.33187866210938,108.37971496582033,-1.3785871630715671,0,2.5,-2.5,1090261.2056025695,
2023-11-20,90.33187866210938,109.3060302734375,-0.9255764711606608,0,2.5,-2.5,1090261.2056025695,
2023-11-21,90.88662719726562,109.3060302734375,-3.1833136257841015,1,2.5,-2.5,1090193.1978962708,Long Spread
2023-11-22,90.88662719726562,109.3060302734375,-2.8759959313115218,1,2.5,-2.5,1090193.1978962708,
2023-11-23,90.97909545898438,109.76919555664062,-2.2763521054056115,1,2.5,-2.5,1090934.5919392395,
2023-11-24,90.88662719726562,110.23235321044922,-1.5035830508297983,1,2.5,-2.5,1092045.8437702942,
2023-11-27,91.07154846191406,111.15867614746094,-0.7556633589673966,1,2.5,-2.5,1093528.6471150208,
2023-11-28,90.97909545898438,110.69551849365234,-1.035820806145346,1,2.5,-2.5,1092787.237813263,
2023-11-29,91.4413833618164,111.15867614746094,-1.1103092335781302,1,2.5,-2.5,1092788.977315216,
2023-11-30,90.97909545898438,110.69551849365234,-0.8453279061760822,1,2.5,-2.5,1092787.237813263,
2023-12-01,91.71875762939452,111.15867614746094,-1.2501532680508993,1,2.5,-2.5,1092234.2287800598,
2023-12-04,92.27350616455078,112.08499908447266,-1.0291247075681549,1,2.5,-2.5,1092977.3775837708,
2023-12-05,92.92071533203124,112.54815673828124,-2.4731986534321524,1,2.5,-2.5,1092609.274556427,
2023-12-06,92.45842742919922,113.01132202148438,-0.5792523883057623,1,2.5,-2.5,1094460.1809284973,
2023-12-07,91.90367889404295,112.08499908447266,-0.6474758961618786,1,2.5,-2.5,1093717.0321247864,
2023-12-08,91.62629699707033,111.62183380126952,-0.6412898093343502,1,2.5,-2.5,1093345.4653523255,
2023-12-11,91.07154846191406,111.15867614746094,-0.22083524204758526,1,2.5,-2.5,1093528.6471150208,
2023-12-12,91.25646209716795,111.15867614746094,-0.34880258640691525,1,2.5,-2.5,1093158.819844513,
2023-12-13,90.97909545898438,110.69551849365234,-0.3859375308051887,1,2.5,-2.5,1092787.237813263,
2023-12-14,91.4413833618164,110.69551849365234,-0.8912117143471688,1,2.5,-2.5,1091862.662007599,
2023-12-15,90.97909545898438,109.76919555664062,-1.0902167736052906,1,2.5,-2.5,1090934.5919392395,
2023-12-18,90.70171356201172,109.76919555664062,-0.7309710624759702,1,2.5,-2.5,1091489.3557331848,
2023-12-19,90.6092529296875,109.76919555664062,-1.174277572535694,1,2.5,-2.5,1091674.2769978333,
2023-12-20,90.70171356201172,109.76919555664062,-1.1372134393347046,1,2.5,-2.5,1091489.3557331848,
2023-12-21,90.23942565917967,109.3060302734375,-0.7070133945279585,1,2.5,-2.5,1091487.6009724427,
2023-12-22,89.86958312988281,108.8428726196289,-0.5440087328723865,1,2.5,-2.5,1091300.9707234192,
2023-12-25,90.14695739746094,109.3060302734375,-0.3560500420534502,1,2.5,-2.5,1091672.5374958802,
2023-12-26,90.4243392944336,110.23235321044922,0.2602071009960436,0,2.5,-2.5,1092902.3933082581,Close
2023-12-27,90.88662719726562,110.69551849365234,0.12339978775158196,0,2.5,-2.5,1092902.3933082581,
2023-12-28,91.3489227294922,111.15867614746094,-0.012420873792183618,0,2.5,-2.5,1092902.3933082581,
2023-12-29,91.16400909423828,111.15867614746094,0.26889344983723956,0,2.5,-2.5,1092902.3933082581,
2024-01-02,91.99613189697266,111.62183380126952,-0.3848559296452455,0,2.5,-2.5,1092902.3933082581,
2024-01-03,91.4413833618164,111.15867614746094,-0.04688201073967631,0,2.5,-2.5,1092902.3933082581,
2024-01-04,91.4413833618164,110.23235321044922,-0.8272577114831353,0,2.5,-2.5,1092902.3933082581,
2024-01-05,91.07154846191406,110.69551849365234,0.0287746685015305,0,2.5,-2.5,1092902.3933082581,
2024-01-08,91.5338363647461,111.62183380126952,0.2556944935293916,0,2.5,-2.5,1092902.3933082581,
2024-01-09,91.62629699707033,111.15867614746094,-0.20458838742868735,0,2.5,-2.5,1092902.3933082581,
2024-01-10,91.3489227294922,111.15867614746094,0.14424219122570325,0,2.5,-2.5,1092902.3933082581,
2024-01-11,92.18104553222656,111.62183380126952,-0.5048779809309082,0,2.5,-2.5,1092902.3933082581,
2024-01-12,92.27350616455078,111.15867614746094,-0.9909844781619473,0,2.5,-2.5,1092902.3933082581,
2024-01-15,91.62629699707033,111.62183380126952,0.27948402727650873,0,2.5,-2.5,1092902.3933082581,
2024-01-16,90.6092529296875,110.23235321044922,0.326902120302644,0,2.5,-2.5,1092902.3933082581,
2024-01-17,89.86958312988281,109.76919555664062,0.9499350330907481,0,2.5,-2.5,1092902.3933082581,
2024-01-18,89.96205139160156,109.76919555664062,0.7983086474119694,0,2.5,-2.5,1092902.3933082581,
2024-01-19,89.96205139160156,110.23235321044922,1.1937041679391913,0,2.5,-2.5,1092902.3933082581,
2024-01-22,90.23942565917967,110.23235321044922,0.8003583942328975,0,2.5,-2.5,1092902.3933082581,
2024-01-23,89.96205139160156,110.69551849365234,1.5097424959081733,0,2.5,-2.5,1092902.3933082581,
2024-01-24,89.96205139160156,111.15867614746094,0.9883853799621427,0,2.5,-2.5,1092902.3933082581,
2024-01-25,90.23942565917967,111.15867614746094,0.7957430599044506,0,2.5,-2.5,1092902.3933082581,
2024-01-26,90.97909545898438,110.69551849365234,0.12250426910755698,0,2.5,-2.5,1092902.3933082581,
2024-01-29,91.16400909423828,111.15867614746094,0.21025727868976948,0,2.5,-2.5,1092902.3933082581,
2024-01-30,91.07154846191406,110.69551849365234,0.055493636925622494,0,2.5,-2.5,1092902.3933082581,
2024-01-31,90.6092529296875,110.23235321044922,0.4175216129082454,0,2.5,-2.5,1092902.3933082581,
2024-02-01,91.25646209716795,111.15867614746094,0.3932487423731507,0,2.5,-2.5,1092902.3933082581,
2024-02-02,90.88662719726562,111.62183380126952,1.4655356983793053,0,2.5,-2.5,1092902.3933082581,
2024-02-05,91.07154846191406,112.54815673828124,2.0714537054162436,0,2.5,-2.5,1092902.3933082581,
2024-02-15,90.6092529296875,112.08499908447266,2.1245125752574583,0,2.5,-2.5,1092902.3933082581,
2024-02-16,90.6092529296875,113.01132202148438,1.1611392508437364,0,2.5,-2.5,1092902.3933082581,
2024-02-19,90.6092529296875,113.01132202148438,1.1300764883357255,0,2.5,-2.5,1092902.3933082581,
2024-02-20,91.16400909423828,113.4744873046875,0.9649309211830767,0,2.5,-2.5,1092902.3933082581,
2024-02-21,92.45842742919922,113.4744873046875,0.22226552109760828,0,2.5,-2.5,1092902.3933082581,
2024-02-22,92.365966796875,113.01132202148438,0.08391982009885622,0,2.5,-2.5,1092902.3933082581,
2024-02-23,91.90367889404295,113.01132202148438,1.206619199271363,0,2.5,-2.5,1092902.3933082581,
2024-02-26,92.365966796875,113.01132202148438,0.19158386920956458,0,2.5,-2.5,1092902.3933082581,
2024-02-27,91.62629699707033,112.08499908447266,0.2779846585223195,0,2.5,-2.5,1092902.3933082581,
2024-02-29,91.5338363647461,111.62183380126952,-0.11142954156400209,0,2.5,-2.5,1092902.3933082581,
2024-03-01,90.97909545898438,112.08499908447266,1.1303174008256869,0,2.5,-2.5,1092902.3933082581,
2024-03-04,90.70171356201172,112.54815673828124,1.7347476997402809,0,2.5,-2.5,1092902.3933082581,
2024-03-05,90.5167999267578,112.08499908447266,1.5354863196826796,0,2.5,-2.5,1092902.3933082581,
2024-03-06,91.07154846191406,112.54815673828124,1.233492079391499,0,2.5,-2.5,1092902.3933082581,
2024-03-07,90.5167999267578,112.08499908447266,1.491796504241001,0,2.5,-2.5,1092902.3933082581,
2024-03-08,90.97909545898438,111.62183380126952,0.4513956059433791,0,2.5,-2.5,1092902.3933082581,
2024-03-11,91.3489227294922,112.54815673828124,1.4066793765296624,0,2.5,-2.5,1092902.3933082581,
2024-03-12,91.4413833618164,112.54815673828124,0.9519713311331678,0,2.5,-2.5,1092902.3933082581,
2024-03-13,92.08858489990234,112.08499908447266,-0.7739716994965051,0,2.5,-2.5,1092902.3933082581,
2024-03-14,92.27350616455078,113.01132202148438,0.0038698462242493722,0,2.5,-2.5,1092902.3933082581,
2024-03-15,91.81121826171876,113.4744873046875,1.1234073328609726,0,2.5,-2.5,1092902.3933082581,
2024-03-18,92.08858489990234,113.9376449584961,1.2600441443171626,0,2.5,-2.5,1092902.3933082581,
2024-03-19,91.07154846191406,113.9376449584961,2.6294673488397624,-1,2.5,-2.5,1092834.1929405213,Short Spread
2024-03-20,91.16400909423828,113.9376449584961,2.335848414853095,-1,2.5,-2.5,1093019.1142051697,
2024-03-21,91.90367889404295,114.40081024169922,1.653230288828779,-1,2.5,-2.5,1093572.1232383728,
2024-03-22,92.365966796875,114.8639678955078,1.3961077173750946,-1,2.5,-2.5,1093570.3837364197,
2024-03-25,92.365966796875,115.3271255493164,1.732912989909602,-1,2.5,-2.5,1092644.0684288025,
2024-03-26,92.92071533203124,116.25344848632812,1.8045398082829218,-1,2.5,-2.5,1091900.9196250916,
2024-03-27,94.30758666992188,117.64292907714844,1.2466519523491406,-1,2.5,-2.5,1091895.7011192322,
2024-03-28,94.30758666992188,116.25344848632812,-0.04073632162788127,0,2.5,-2.5,1094606.2398594667,Close
2024-03-29,94.76988220214844,117.64292907714844,0.6048717357324871,0,2.5,-2.5,1094606.2398594667,
2024-04-01,96.1567611694336,117.17977142333984,-2.599507202919387,1,2.5,-2.5,1094537.706398163,Long Spread
2024-04-02,96.1567611694336,117.17977142333984,-2.073485629185089,1,2.5,-2.5,1094537.706398163,
2024-04-03,95.232177734375,115.79029083251952,-1.9795509987378754,1,2.5,-2.5,1093607.9120866396,
2024-04-08,96.1567611694336,117.17977142333984,-1.7802557412084479,1,2.5,-2.5,1094537.706398163,
2024-04-09,96.1567611694336,116.25344848632812,-2.675793744206474,1,2.5,-2.5,1092685.0605241396,
2024-04-10,96.1567611694336,116.71660614013672,-0.8473495637939362,1,2.5,-2.5,1093611.3758317567,
2024-04-11,96.1567611694336,117.17977142333984,-0.761327243899066,1,2.5,-2.5,1094537.706398163,
2024-04-12,96.61905670166016,116.25344848632812,-1.6647060601674837,1,2.5,-2.5,1091760.4694596864,
2024-04-15,96.1567611694336,116.71660614013672,-1.1934304041503563,1,2.5,-2.5,1093611.3758317567,
2024-04-16,94.30758666992188,115.3271255493164,-0.5418334664292139,1,2.5,-2.5,1094530.7636491396,
2024-04-17,94.30758666992188,114.40081024169922,-0.7204218849902638,1,2.5,-2.5,1092678.1330339052,
2024-04-18,95.69446563720705,114.8639678955078,-1.3559862813040398,1,2.5,-2.5,1090830.690406952,
2024-04-19,94.30758666992188,113.9376449584961,-0.9520719030254068,1,2.5,-2.5,1091751.802467499,
2024-04-22,96.61905670166016,116.25344848632812,-1.376357962224854,1,2.5,-2.5,1091760.4694596864,
2024-04-23,95.232177734375,115.79029083251952,-0.7265042958404271,1,2.5,-2.5,1093607.9120866396,
2024-04-24,94.30758666992188,115.3271255493164,-0.2515087750799618,1,2.5,-2.5,1094530.7636491396,
2024-04-25,94.76988220214844,114.40081024169922,-0.8039884957272458,1,2.5,-2.5,1091753.541969452,
2024-04-26,95.69446563720705,114.40081024169922,-1.2835659693798456,1,2.5,-2.5,1089904.3750993349,
2024-04-29,96.1567611694336,115.3271255493164,-1.2029238514237992,1,2.5,-2.5,1090832.414650116,
2024-04-30,96.1567611694336,114.8639678955078,-1.3939187272358895,1,2.5,-2.5,1089906.099342499,
2024-05-02,96.1567611694336,114.8639678955078,-0.8624698601864341,1,2.5,-2.5,1089906.099342499,
2024-05-03,96.61905670166016,114.8639678955078,-0.9861866986385155,1,2.5,-2.5,1088981.5082780458,
2024-05-06,97.0813446044922,115.3271255493164,-1.0005915195801096,1,2.5,-2.5,1088983.247779999,
2024-05-07,96.61905670166016,116.25344848632812,-0.6035127491342605,1,2.5,-2.5,1091760.4694596864,
2024-05-08,97.0813446044922,117.17977142333984,-0.5229339938535901,1,2.5,-2.5,1092688.5395280458,
2024-05-09,97.0813446044922,116.71660614013672,-0.986740335925524,1,2.5,-2.5,1091762.2089616396,
2024-05-10,97.0813446044922,116.25344848632812,-1.1227441462998309,1,2.5,-2.5,1090835.8936540224,
2024-05-13,97.54364013671876,117.17977142333984,-0.985218425726,1,2.5,-2.5,1091763.9484635927,
2024-05-14,96.61905670166016,116.25344848632812,-0.8163305681753897,1,2.5,-2.5,1091760.4694596864,
2024-05-15,97.0813446044922,116.25344848632812,-1.006903810880097,1,2.5,-2.5,1090835.8936540224,
2024-05-16,97.54364013671876,116.25344848632812,-1.5440765210515086,1,2.5,-2.5,1089911.3025895692,
2024-05-17,98.00592803955078,116.71660614013672,-1.6223499990880752,1,2.5,-2.5,1089913.0420915224,
2024-05-20,98.00592803955078,117.17977142333984,-1.3809091451642475,1,2.5,-2.5,1090839.3726579286,
2024-05-21,97.54364013671876,117.17977142333984,-1.054531358001545,1,2.5,-2.5,1091763.9484635927,
2024-05-22,98.93051147460938,117.64292907714844,-1.7345959709785463,1,2.5,-2.5,1089916.5210954286,
2024-05-23,98.93051147460938,117.64292907714844,-3.023771769538399,1,2.5,-2.5,1089916.5210954286,
2024-05-24,98.46822357177734,117.64292907714844,-2.204497674171533,1,2.5,-2.5,1090841.0969010927,
2024-05-27,97.54364013671876,115.79029083251952,-2.3925422224698485,1,2.5,-2.5,1088984.987281952,
2024-05-28,97.0813446044922,116.71660614013672,-1.1391728253272662,1,2.5,-2.5,1091762.2089616396,
2024-05-29,95.232177734375,115.79029083251952,0.02494134267056158,0,2.5,-2.5,1093539.4711878968,Close
2024-05-30,96.61905670166016,116.71660614013672,-0.3346266276431487,0,2.5,-2.5,1093539.4711878968,
2024-05-31,97.54364013671876,118.56925201416016,-0.10898099455797829,0,2.5,-2.5,1093539.4711878968,
2024-06-03,98.46822357177734,117.64292907714844,-0.8579358496179188,0,2.5,-2.5,1093539.4711878968,
2024-06-04,98.46822357177734,117.64292907714844,-0.8094540471989853,0,2.5,-2.5,1093539.4711878968,
2024-06-05,98.93051147460938,117.64292907714844,-0.9855127318104254,0,2.5,-2.5,1093539.4711878968,
2024-06-06,98.46822357177734,118.10609436035156,-2.8931131380788733,1,2.5,-2.5,1093470.8082151795,Long Spread
2024-06-07,98.93051147460938,117.17977142333984,-4.027316434640889,1,2.5,-2.5,1090693.586535492,
2024-06-11,98.93051147460938,117.17977142333984,-3.279435036294657,1,2.5,-2.5,1090693.586535492,
2024-06-12,98.00592803955078,117.17977142333984,-1.6189892974789015,1,2.5,-2.5,1092542.7534056092,
2024-06-13,98.00592803955078,117.17977142333984,-1.388868835253883,1,2.5,-2.5,1092542.7534056092,
2024-06-14,99.3927993774414,118.56925201416016,-2.028552743738048,1,2.5,-2.5,1092547.9719114685,
2024-06-17,99.3927993774414,118.10609436035156,-2.110984727515151,1,2.5,-2.5,1091621.6566038514,
2024-06-18,99.3927993774414,118.56925201416016,-1.4864341931495553,1,2.5,-2.5,1092547.9719114685,
2024-06-19,98.46822357177734,118.10609436035156,-0.7099851529008571,1,2.5,-2.5,1093470.8082151795,
2024-06-20,98.46822357177734,117.17977142333984,-1.2310900168493175,1,2.5,-2.5,1091618.162341156,
2024-06-21,98.00592803955078,116.25344848632812,-2.0633965888197,1,2.5,-2.5,1090690.1075315857,
2024-06-24,98.93051147460938,117.17977142333984,-2.0061418574753014,1,2.5,-2.5,1090693.586535492,
2024-06-25,98.46822357177734,116.71660614013672,-1.589575982118087,1,2.5,-2.5,1090691.8317747498,
2024-06-26,98.00592803955078,116.25344848632812,-1.2875111387772775,1,2.5,-2.5,1090690.1075315857,
2024-06-27,98.00592803955078,116.71660614013672,-0.8187448666516084,1,2.5,-2.5,1091616.422839203,
2024-06-28,98.93051147460938,116.25344848632812,-2.775319374297824,1,2.5,-2.5,1088840.9406614685,
2024-07-01,100.77967834472656,117.17977142333984,-4.521954159854968,1,2.5,-2.5,1086995.2527952576,
2024-07-02,103.09114837646484,116.25344848632812,-8.890603771024232,1,2.5,-2.5,1080519.6668577576,
2024-07-03,104.0157241821289,116.25344848632812,-10.179660204569183,1,2.5,-2.5,1078670.5152464295,
2024-07-04,102.62885284423828,114.09479522705078,-10.264435099862421,1,2.5,-2.5,1077126.951403656,
2024-07-05,107.25177001953124,115.53903198242188,-2.0480038004773524,1,2.5,-2.5,1070769.5905638123,
2024-07-08,98.41814422607422,114.57621002197266,-0.38316899581821723,1,2.5,-2.5,1086511.198229828,
2024-07-09,96.97787475585938,114.57621002197266,-0.08735872807646473,1,2.5,-2.5,1089391.7371702576,
2024-07-10,97.93805694580078,114.09479522705078,-0.33503202431555196,1,2.5,-2.5,1086508.543200531,
2024-07-11,96.97787475585938,114.09479522705078,-0.13088944611140751,1,2.5,-2.5,1088428.9075804139,
2024-07-12,96.97787475585938,114.09479522705078,-0.5062888658092267,1,2.5,-2.5,1088428.9075804139,
2024-07-15,96.97787475585938,115.05762481689452,0.07349416455319137,0,2.5,-2.5,1090286.0853401185,Close
2024-07-16,96.97787475585938,115.05762481689452,0.09247326726114193,0,2.5,-2.5,1090286.0853401185,
2024-07-17,97.93805694580078,115.05762481689452,-0.5590851880052994,0,2.5,-2.5,1090286.0853401185,
2024-07-18,99.85840606689452,116.02044677734376,-1.3103105016973848,0,2.5,-2.5,1090286.0853401185,
2024-07-19,99.3783187866211,116.50186157226562,-1.8633604136083444,0,2.5,-2.5,1090286.0853401185,
2024-07-22,99.3783187866211,116.02044677734376,-1.7959850528048351,0,2.5,-2.5,1090286.0853401185,
2024-07-23,101.29867553710938,116.9832763671875,-2.813296471204012,1,2.5,-2.5,1090217.3540620424,Long Spread
2024-07-26,101.7787628173828,117.94609832763672,-2.2082379302397617,1,2.5,-2.5,1091182.823422394,
2024-07-29,100.33849334716795,116.9832763671875,-1.2858746120272806,1,2.5,-2.5,1092137.7184419252,
2024-07-30,101.29867553710938,116.50186157226562,-4.710710818362916,1,2.5,-2.5,1089254.5244721987,
2024-07-31,101.29867553710938,116.9832763671875,-3.0275204888078355,1,2.5,-2.5,1090217.3540620424,
2024-08-01,101.29867553710938,116.9832763671875,-2.4738201749678788,1,2.5,-2.5,1090217.3540620424,
2024-08-02,101.7787628173828,118.4275131225586,-1.58101941611118,1,2.5,-2.5,1092145.6530122377,
2024-08-05,101.7787628173828,116.9832763671875,-2.2484931687892216,1,2.5,-2.5,1089257.1795014956,
2024-08-06,106.09955596923828,117.46468353271484,-6.7436862113368035,1,2.5,-2.5,1081578.4075288393,
2024-08-07,103.6991195678711,116.9832763671875,-3.9181273739893427,1,2.5,-2.5,1085416.466000519,
2024-08-08,102.73893737792967,116.9832763671875,-2.659270899658364,1,2.5,-2.5,1087336.8303804018,
2024-08-09,103.21902465820312,117.46468353271484,-2.469968878991692,1,2.5,-2.5,1087339.4701509096,
2024-08-12,103.21902465820312,116.9832763671875,-2.4695108348021826,1,2.5,-2.5,1086376.655819855,
2024-08-13,103.21902465820312,117.46468353271484,-1.4981867372550093,1,2.5,-2.5,1087339.4701509096,
2024-08-14,104.65929412841795,117.94609832763672,-1.8826444651581424,1,2.5,-2.5,1085421.7608003237,
2024-08-15,104.17920684814452,118.4275131225586,-1.394248660083347,1,2.5,-2.5,1087344.7649507143,
2024-08-16,103.21902465820312,119.3903350830078,-0.6134544612803077,1,2.5,-2.5,1091190.7732514956,
2024-08-19,105.1393814086914,118.90892791748048,-1.4682994722058562,1,2.5,-2.5,1086387.2454194643,
2024-08-20,104.17920684814452,118.90892791748048,-1.1891885969722396,1,2.5,-2.5,1088307.594540558,
2024-08-21,105.61946868896484,118.90892791748048,-1.692924023313295,1,2.5,-2.5,1085427.0708589174,
2024-08-22,105.61946868896484,119.3903350830078,-1.4257415858699787,1,2.5,-2.5,1086389.8851899721,
2024-08-23,107.05973815917967,119.3903350830078,-1.8631471980930003,1,2.5,-2.5,1083509.3462495424,
2024-08-26,105.61946868896484,119.3903350830078,-1.1992732257742875,1,2.5,-2.5,1086389.8851899721,
2024-08-27,107.53982543945312,119.87174987792967,-2.515702645655962,1,2.5,-2.5,1083512.0012788393,
2024-08-28,107.05973815917967,119.3903350830078,-2.1718376400095045,1,2.5,-2.5,1083509.3462495424,
2024-08-29,106.57965087890624,118.90892791748048,-1.9027973324275007,1,2.5,-2.5,1083506.7064790346,
2024-08-30,107.53982543945312,119.3903350830078,-1.9981508653503817,1,2.5,-2.5,1082549.1716889956,
2024-09-02,108.5,119.3903350830078,-2.2264557017395767,1,2.5,-2.5,1080628.8225679018,
2024-09-03,107.53982543945312,119.3903350830078,-1.1271886662439876,1,2.5,-2.5,1082549.1716889956,
2024-09-04,107.53982543945312,117.46468353271484,-1.396430643219793,1,2.5,-2.5,1078697.8685884096,
2024-09-05,108.5,118.4275131225586,-1.3823987261092063,1,2.5,-2.5,1078703.1786470034,
2024-09-06,110.42035675048828,119.3903350830078,-1.5879469588329684,1,2.5,-2.5,1076788.1090669252,
2024-09-09,110.42035675048828,118.90892791748048,-1.5777853901040784,1,2.5,-2.5,1075825.2947358706,
2024-09-10,110.42035675048828,119.3903350830078,-1.9136876563050866,1,2.5,-2.5,1076788.1090669252,
2024-09-11,110.42035675048828,118.90892791748048,-1.978904720987032,1,2.5,-2.5,1075825.2947358706,
2024-09-12,110.42035675048828,119.87174987792967,-1.7338599222789448,1,2.5,-2.5,1077750.938656769,
2024-09-13,110.90044403076172,119.87174987792967,-1.8357859285683,1,2.5,-2.5,1076790.7640962221,
2024-09-16,111.38053131103516,120.35316467285156,-1.8356454662387933,1,2.5,-2.5,1076793.419125519,
2024-09-18,111.8606185913086,120.35316467285156,-2.5770149278446612,1,2.5,-2.5,1075833.2445649721,
2024-09-19,111.38053131103516,120.35316467285156,-2.293259577700467,1,2.5,-2.5,1076793.419125519,
2024-09-20,111.8606185913086,121.31598663330078,-2.12676744639166,1,2.5,-2.5,1077758.8884858706,
2024-09-23,113.78097534179688,121.79740142822266,-2.6720919091669546,1,2.5,-2.5,1074881.0045747377,
2024-09-24,113.78097534179688,121.79740142822266,-2.576597881268279,1,2.5,-2.5,1074881.0045747377,
2024-09-25,111.8606185913086,121.79740142822266,-1.712462577662327,1,2.5,-2.5,1078721.7180757143,
2024-09-26,112.82080078125,122.27881622314452,-1.8558903700301623,1,2.5,-2.5,1077764.1832856752,
2024-09-27,111.8606185913086,121.79740142822266,-1.5523878827718673,1,2.5,-2.5,1078721.7180757143,
2024-09-30,110.42035675048828,120.8345718383789,-1.2228349412386084,1,2.5,-2.5,1079676.5825776674,
2024-10-01,110.90044403076172,121.31598663330078,-1.2302618192174108,1,2.5,-2.5,1079679.2376069643,
2024-10-04,108.01991271972656,119.87174987792967,-1.7123260177309612,1,2.5,-2.5,1082551.8267182924,
2024-10-07,108.01991271972656,119.3903350830078,-1.637623845462776,1,2.5,-2.5,1081588.9971284487,
2024-10-08,108.01991271972656,117.94609832763672,-2.137884141524762,1,2.5,-2.5,1078700.5236177065,
2024-10-09,108.5,117.94609832763672,-2.1910960557199846,1,2.5,-2.5,1077740.3490571596,
2024-10-11,107.53982543945312,117.94609832763672,-1.3058469517804683,1,2.5,-2.5,1079660.6981782534,
2024-10-14,108.01991271972656,117.94609832763672,-1.6407204106734548,1,2.5,-2.5,1078700.5236177065,
2024-10-15,108.01991271972656,118.90892791748048,-1.0355085927391805,1,2.5,-2.5,1080626.182797394,
2024-10-16,108.01991271972656,117.94609832763672,-1.3856394106797414,1,2.5,-2.5,1078700.5236177065,
2024-10-17,109.4601821899414,117.94609832763672,-2.2332103111339934,1,2.5,-2.5,1075819.9846772768,
2024-10-18,109.94026947021484,119.3903350830078,-1.7558807139808403,1,2.5,-2.5,1077748.2836274721,
2024-10-21,108.98008728027344,117.94609832763672,-2.097436242973157,1,2.5,-2.5,1076780.1744966127,
2024-10-22,109.4601821899414,118.4275131225586,-2.027658810195829,1,2.5,-2.5,1076782.8142671206,
2024-10-23,109.4601821899414,117.46468353271484,-2.401722285971323,1,2.5,-2.5,1074857.155087433,
2024-10-24,109.4601821899414,117.46468353271484,-2.2458627092153707,1,2.5,-2.5,1074857.155087433,
2024-10-25,109.4601821899414,117.46468353271484,-2.0939600622617047,1,2.5,-2.5,1074857.155087433,
2024-10-28,108.5,117.94609832763672,-1.3299858234117434,1,2.5,-2.5,1077740.3490571596,
2024-10-29,110.90044403076172,117.94609832763672,-2.975799073827927,1,2.5,-2.5,1072939.4609956362,
2024-10-30,108.98008728027344,117.46468353271484,-1.474842147802305,1,2.5,-2.5,1075817.344906769,
2024-11-01,108.98008728027344,117.46468353271484,-1.3101352495928866,1,2.5,-2.5,1075817.344906769,
2024-11-04,109.94026947021484,117.94609832763672,-1.6085953078335002,1,2.5,-2.5,1074859.81011673,
2024-11-05,110.90044403076172,118.4275131225586,-2.3536075215425756,1,2.5,-2.5,1073902.29058548,
2024-11-06,109.4601821899414,117.94609832763672,-1.2658307613897815,1,2.5,-2.5,1075819.9846772768,
2024-11-07,108.98008728027344,118.4275131225586,-0.5565881995019416,1,2.5,-2.5,1077743.0040864565,
2024-11-08,108.5,118.4275131225586,-0.15933956300205576,1,2.5,-2.5,1078703.1786470034,
2024-11-11,109.94026947021484,118.4275131225586,-1.0449310186566363,1,2.5,-2.5,1075822.6397065737,
2024-11-12,108.98008728027344,117.94609832763672,-0.543036794089795,1,2.5,-2.5,1076780.1744966127,
2024-11-13,109.94026947021484,118.90892791748048,-0.6572952884761373,1,2.5,-2.5,1076785.4692964174,
2024-11-14,109.4601821899414,117.94609832763672,-0.7169566381199698,1,2.5,-2.5,1075819.9846772768,
2024-11-15,106.57965087890624,117.94609832763672,1.0621283727859394,0,2.5,-2.5,1081512.0662693789,Close
2024-11-18,106.57965087890624,117.94609832763672,1.0727823606294629,0,2.5,-2.5,1081512.0662693789,
2024-11-19,108.01991271972656,118.90892791748048,0.2599943590970798,0,2.5,-2.5,1081512.0662693789,
2024-11-20,107.53982543945312,117.94609832763672,0.22087198547927886,0,2.5,-2.5,1081512.0662693789,
2024-11-21,108.01991271972656,118.4275131225586,0.19971633213109075,0,2.5,-2.5,1081512.0662693789,
2024-11-22,108.5,118.4275131225586,0.09679195468216574,0,2.5,-2.5,1081512.0662693789,
2024-11-25,110.42035675048828,118.90892791748048,-0.2429408186690789,0,2.5,-2.5,1081512.0662693789,
2024-11-26,108.98008728027344,119.3903350830078,0.4031615281335114,0,2.5,-2.5,1081512.0662693789,
2024-11-27,110.42035675048828,118.90892791748048,-0.5113005850081096,0,2.5,-2.5,1081512.0662693789,
2024-11-28,108.5,118.90892791748048,0.49365410678909516,0,2.5,-2.5,1081512.0662693789,
2024-11-29,108.5,118.4275131225586,0.32389859304732593,0,2.5,-2.5,1081512.0662693789,
2024-12-02,109.4601821899414,118.4275131225586,-0.1301535180471099,0,2.5,-2.5,1081512.0662693789,
2024-12-03,108.01991271972656,118.90892791748048,0.5916636057937844,0,2.5,-2.5,1081512.0662693789,
2024-12-04,108.5,119.87174987792967,0.6571374806286484,0,2.5,-2.5,1081512.0662693789,
2024-12-05,107.53982543945312,119.3903350830078,0.870961019013209,0,2.5,-2.5,1081512.0662693789,
2024-12-06,108.98008728027344,119.87174987792967,0.43936560699953187,0,2.5,-2.5,1081512.0662693789,
2024-12-09,109.94026947021484,119.87174987792967,0.0734178188905145,0,2.5,-2.5,1081512.0662693789,
2024-12-10,109.4601821899414,119.87174987792967,0.2098548283351488,0,2.5,-2.5,1081512.0662693789,
2024-12-11,109.4601821899414,118.90892791748048,-0.013703071448534377,0,2.5,-2.5,1081512.0662693789,
2024-12-12,109.4601821899414,118.90892791748048,-0.015009118923609214,0,2.5,-2.5,1081512.0662693789,
2024-12-13,109.94026947021484,118.90892791748048,-0.16517485725297273,0,2.5,-2.5,1081512.0662693789,
2024-12-16,112.34070587158205,118.4275131225586,-0.9948237063703911,0,2.5,-2.5,1081512.0662693789,
2024-12-17,111.38053131103516,118.90892791748048,-1.368296464130538,0,2.5,-2.5,1081512.0662693789,
2024-12-18,111.38053131103516,119.3903350830078,-1.0650715766954593,0,2.5,-2.5,1081512.0662693789,
2024-12-19,111.38053131103516,118.90892791748048,-1.2292908418828634,0,2.5,-2.5,1081512.0662693789,
2024-12-20,108.5,118.4275131225586,0.3725252916507169,0,2.5,-2.5,1081512.0662693789,
2024-12-23,110.90044403076172,119.87174987792967,-0.481652004584142,0,2.5,-2.5,1081512.0662693789,
2024-12-24,109.94026947021484,118.90892791748048,-0.36091906496925963,0,2.5,-2.5,1081512.0662693789,
2024-12-25,110.90044403076172,119.3903350830078,-0.717551157271119,0,2.5,-2.5,1081512.0662693789,
2024-12-26,109.94026947021484,119.3903350830078,-0.11045124266623974,0,2.5,-2.5,1081512.0662693789,
2024-12-27,109.94026947021484,119.87174987792967,0.09778946658681269,0,2.5,-2.5,1081512.0662693789,
2024-12-30,108.98008728027344,119.3903350830078,0.456744430560579,0,2.5,-2.5,1081512.0662693789,
2024-12-31,108.98008728027344,118.90892791748048,0.29460174808529116,0,2.5,-2.5,1081512.0662693789,
2025-01-02,108.01991271972656,118.4275131225586,0.7052335832124033,0,2.5,-2.5,1081512.0662693789,
2025-01-03,107.53982543945312,117.94609832763672,0.7922297579069013,0,2.5,-2.5,1081512.0662693789,
2025-01-06,108.5,118.90892791748048,0.6068001449698233,0,2.5,-2.5,1081512.0662693789,
2025-01-07,107.05973815917967,118.4275131225586,1.3158245526945065,0,2.5,-2.5,1081512.0662693789,
2025-01-08,106.57965087890624,118.90892791748048,1.4280277195245734,0,2.5,-2.5,1081512.0662693789,
2025-01-09,107.53982543945312,118.4275131225586,0.8266875057360521,0,2.5,-2.5,1081512.0662693789,
2025-01-10,106.57965087890624,118.4275131225586,1.4078646418145109,0,2.5,-2.5,1081512.0662693789,
2025-01-13,107.05973815917967,118.4275131225586,1.1335973622141504,0,2.5,-2.5,1081512.0662693789,
2025-01-14,108.01991271972656,118.90892791748048,0.7609713608150914,0,2.5,-2.5,1081512.0662693789,
2025-01-15,106.57965087890624,118.90892791748048,1.8025457376886158,0,2.5,-2.5,1081512.0662693789,
2025-01-16,106.57965087890624,119.3903350830078,1.9215345225693121,0,2.5,-2.5,1081512.0662693789,
2025-01-17,107.53982543945312,119.3903350830078,1.2243310068881614,0,2.5,-2.5,1081512.0662693789,
2025-01-20,106.09955596923828,118.90892791748048,1.8482033379250662,0,2.5,-2.5,1081512.0662693789,
2025-01-21,106.57965087890624,118.90892791748048,1.4876763429241298,0,2.5,-2.5,1081512.0662693789,
2025-01-22,105.61946868896484,119.87174987792967,1.9589756239813907,0,2.5,-2.5,1081512.0662693789,
2025-02-03,107.05973815917967,120.8345718383789,1.5481100336209976,0,2.5,-2.5,1081512.0662693789,
2025-02-04,108.01991271972656,120.35316467285156,0.880168693429052,0,2.5,-2.5,1081512.0662693789,
2025-02-05,107.53982543945312,121.31598663330078,1.4341917170558032,0,2.5,-2.5,1081512.0662693789,
2025-02-06,108.01991271972656,121.31598663330078,1.1610859469394637,0,2.5,-2.5,1081512.0662693789,
2025-02-07,107.53982543945312,121.31598663330078,1.487364831194313,0,2.5,-2.5,1081512.0662693789,
2025-02-10,107.05973815917967,120.8345718383789,1.5195032879718218,0,2.5,-2.5,1081512.0662693789,
2025-02-11,106.57965087890624,120.8345718383789,1.7438821411624987,0,2.5,-2.5,1081512.0662693789,
2025-02-12,108.01991271972656,121.31598663330078,1.1154362007343275,0,2.5,-2.5,1081512.0662693789,
2025-02-13,107.53982543945312,120.8345718383789,1.1523250128682252,0,2.5,-2.5,1081512.0662693789,
2025-02-14,108.01991271972656,120.8345718383789,1.2204101974834534,0,2.5,-2.5,1081512.0662693789,
2025-02-17,107.53982543945312,121.31598663330078,1.6619599240285527,0,2.5,-2.5,1081512.0662693789,
2025-02-18,108.01991271972656,121.79740142822266,1.431540481383406,0,2.5,-2.5,1081512.0662693789,
2025-02-19,107.53982543945312,121.79740142822266,1.6703666436818274,0,2.5,-2.5,1081512.0662693789,
2025-02-20,107.53982543945312,121.79740142822266,1.6058884190859677,0,2.5,-2.5,1081512.0662693789,
2025-02-21,108.98008728027344,122.27881622314452,1.316489982137695,0,2.5,-2.5,1081512.0662693789,
2025-02-24,108.98008728027344,122.27881622314452,1.1004830333069315,0,2.5,-2.5,1081512.0662693789,
2025-02-25,108.98008728027344,121.79740142822266,0.7329367757153059,0,2.5,-2.5,1081512.0662693789,
2025-02-26,108.98008728027344,122.76022338867188,1.1163060921819947,0,2.5,-2.5,1081512.0662693789,
2025-02-27,109.94026947021484,123.24163818359376,0.6303525756791628,0,2.5,-2.5,1081512.0662693789,
2025-03-03,111.8606185913086,123.72305297851562,-0.6469829721255779,0,2.5,-2.5,1081512.0662693789,
2025-03-04,110.42035675048828,122.27881622314452,-0.22349113464560902,0,2.5,-2.5,1081512.0662693789,
2025-03-05,110.42035675048828,122.76022338867188,0.09783589531937174,0,2.5,-2.5,1081512.0662693789,
2025-03-06,111.8606185913086,123.24163818359376,-0.8739863648427662,0,2.5,-2.5,1081512.0662693789,
2025-03-07,112.34070587158205,123.24163818359376,-1.24169611099156,0,2.5,-2.5,1081512.0662693789,
2025-03-10,111.8606185913086,123.24163818359376,-0.29380993772469377,0,2.5,-2.5,1081512.0662693789,
2025-03-11,111.8606185913086,122.76022338867188,-0.38431659719400246,0,2.5,-2.5,1081512.0662693789,
2025-03-12,112.34070587158205,123.24163818359376,-0.40960760594753937,0,2.5,-2.5,1081512.0662693789,
2025-03-13,112.34070587158205,123.72305297851562,-0.30379545213904935,0,2.5,-2.5,1081512.0662693789,
2025-03-14,112.34070587158205,123.72305297851562,-0.30196172604435784,0,2.5,-2.5,1081512.0662693789,
2025-03-17,111.38053131103516,123.24163818359376,-0.14626936801019078,0,2.5,-2.5,1081512.0662693789,
2025-03-18,112.34070587158205,124.20446014404295,-0.23640590064184683,0,2.5,-2.5,1081512.0662693789,
2025-03-19,111.8606185913086,123.72305297851562,-0.19631395629803405,0,2.5,-2.5,1081512.0662693789,
2025-03-20,112.82080078125,124.20446014404295,-0.3904563293712946,0,2.5,-2.5,1081512.0662693789,
2025-03-21,113.78097534179688,125.16728973388672,-0.4882029364649165,0,2.5,-2.5,1081512.0662693789,
2025-03-24,113.78097534179688,124.20446014404295,-0.6687468982952186,0,2.5,-2.5,1081512.0662693789,
2025-03-25,112.34070587158205,124.20446014404295,-0.2592768372915275,0,2.5,-2.5,1081512.0662693789,
2025-03-26,113.30088806152344,124.20446014404295,-0.5404797607788633,0,2.5,-2.5,1081512.0662693789,
2025-03-27,113.30088806152344,125.16728973388672,-0.3415334282972262,0,2.5,-2.5,1081512.0662693789,
2025-03-28,112.82080078125,125.16728973388672,-0.2123495156120676,0,2.5,-2.5,1081512.0662693789,
2025-03-31,111.8606185913086,123.72305297851562,-0.29849302899591196,0,2.5,-2.5,1081512.0662693789,
2025-04-01,111.38053131103516,125.16728973388672,0.21182285936508233,0,2.5,-2.5,1081512.0662693789,
2025-04-02,111.38053131103516,125.16728973388672,0.1968068066381368,0,2.5,-2.5,1081512.0662693789,
2025-04-07,108.5,119.3903350830078,-0.24734017642024192,0,2.5,-2.5,1081512.0662693789,
2025-04-08,108.5,122.27881622314452,0.47090489275125846,0,2.5,-2.5,1081512.0662693789,
2025-04-09,110.42035675048828,121.31598663330078,-0.8078093084145255,0,2.5,-2.5,1081512.0662693789,
2025-04-10,114.26106262207033,122.27881622314452,-2.6946568984873887,1,2.5,-2.5,1081442.604674225,Long Spread
2025-04-11,112.34070587158205,123.72305297851562,-0.8621374855773859,1,2.5,-2.5,1088171.7916859437,
2025-04-14,110.42035675048828,122.76022338867188,-0.12308297945868259,1,2.5,-2.5,1090086.8307484437,
2025-04-15,109.94026947021484,124.20446014404295,0.7488022465980322,0,2.5,-2.5,1093866.1130305482,Close
2025-04-16,113.30088806152344,123.72305297851562,-1.8729050790466648,0,2.5,-2.5,1093866.1130305482,
2025-04-17,109.94026947021484,123.24163818359376,0.3988550825915917,0,2.5,-2.5,1093866.1130305482,
2025-04-18,108.98008728027344,123.24163818359376,0.9030955333625711,0,2.5,-2.5,1093866.1130305482,
2025-04-21,108.98008728027344,122.27881622314452,0.4791518612969943,0,2.5,-2.5,1093866.1130305482,
2025-04-22,108.5,123.24163818359376,1.0649618153413158,0,2.5,-2.5,1093866.1130305482,
2025-04-23,109.94026947021484,122.76022338867188,0.122252959188636,0,2.5,-2.5,1093866.1130305482,
2025-04-24,109.4601821899414,122.27881622314452,0.19767017553606167,0,2.5,-2.5,1093866.1130305482,
2025-04-25,108.5,121.79740142822266,0.5055481904932945,0,2.5,-2.5,1093866.1130305482,
2025-04-28,108.01991271972656,123.24163818359376,1.2588311905844038,0,2.5,-2.5,1093866.1130305482,
2025-04-29,108.5,124.20446014404295,1.3396618592242369,0,2.5,-2.5,1093866.1130305482,
2025-04-30,108.98008728027344,124.68587493896484,1.1412113822352625,0,2.5,-2.5,1093866.1130305482,
2025-05-02,108.98008728027344,123.72305297851562,0.8672498895022335,0,2.5,-2.5,1093866.1130305482,
2025-05-05,109.94026947021484,124.68587493896484,0.7490921753849488,0,2.5,-2.5,1093866.1130305482,
2025-05-06,110.42035675048828,125.16728973388672,0.6957733129521594,0,2.5,-2.5,1093866.1130305482,
2025-05-07,110.90044403076172,126.13011169433594,0.8033313173550536,0,2.5,-2.5,1093866.1130305482,
2025-05-08,108.98008728027344,124.68587493896484,1.6471864358707349,0,2.5,-2.5,1093866.1130305482,
2025-05-09,108.98008728027344,126.13011169433594,2.144557868522346,0,2.5,-2.5,1093866.1130305482,
2025-05-12,109.94026947021484,126.13011169433594,1.4861454136328884,0,2.5,-2.5,1093866.1130305482,
2025-05-13,108.98008728027344,125.16728973388672,1.5982849474050864,0,2.5,-2.5,1093866.1130305482,
2025-05-14,108.5,124.68587493896484,1.6418697374065605,0,2.5,-2.5,1093866.1130305482,
2025-05-15,109.94026947021484,126.13011169433594,1.0413856804229982,0,2.5,-2.5,1093866.1130305482,
2025-05-16,109.4601821899414,126.13011169433594,1.338007377640988,0,2.5,-2.5,1093866.1130305482,
2025-05-19,109.4601821899414,126.13011169433594,1.397034479111245,0,2.5,-2.5,1093866.1130305482,
2025-05-20,110.42035675048828,126.6115264892578,1.1260368639550153,0,2.5,-2.5,1093866.1130305482,
2025-05-21,110.90044403076172,127.57434844970705,1.2517514551377056,0,2.5,-2.5,1093866.1130305482,
2025-05-22,111.8606185913086,128.05577087402344,0.8643198826146934,0,2.5,-2.5,1093866.1130305482,
2025-05-23,112.34070587158205,128.05577087402344,0.6439136681841634,0,2.5,-2.5,1093866.1130305482,
2025-05-26,112.34070587158205,128.05577087402344,0.6484140603466556,0,2.5,-2.5,1093866.1130305482,
2025-05-27,111.38053131103516,126.6115264892578,0.6182414268630554,0,2.5,-2.5,1093866.1130305482,
2025-05-28,111.38053131103516,127.09294128417967,0.7935779574291901,0,2.5,-2.5,1093866.1130305482,
2025-05-29,109.4601821899414,124.68587493896484,1.0904950920448842,0,2.5,-2.5,1093866.1130305482,
2025-06-02,108.98008728027344,126.6115264892578,2.069088319067079,0,2.5,-2.5,1093866.1130305482,
2025-06-03,108.01991271972656,125.16728973388672,1.8987406062710785,0,2.5,-2.5,1093866.1130305482,
2025-06-04,108.01991271972656,124.68587493896484,1.6143301837403756,0,2.5,-2.5,1093866.1130305482,
2025-06-05,109.4601821899414,125.16728973388672,0.9432718461878413,0,2.5,-2.5,1093866.1130305482,
2025-06-06,109.94026947021484,125.16728973388672,0.8544515312598197,0,2.5,-2.5,1093866.1130305482,
2025-06-09,109.94026947021484,127.57434844970705,1.7424345795456415,0,2.5,-2.5,1093866.1130305482,
2025-06-10,110.90044403076172,128.05577087402344,1.2165464948801819,0,2.5,-2.5,1093866.1130305482,
2025-06-11,111.38053131103516,128.05577087402344,0.8667647516668162,0,2.5,-2.5,1093866.1130305482,
2025-06-12,110.90044403076172,129.01858520507812,1.447164288974552,0,2.5,-2.5,1093866.1130305482,
2025-06-13,111.38053131103516,129.98141479492188,1.857165931568244,0,2.5,-2.5,1093866.1130305482,
2025-06-16,112.34070587158205,130.94424438476562,1.4425407259448566,0,2.5,-2.5,1093866.1130305482,
2025-06-17,111.8606185913086,131.4256591796875,1.779450293794458,0,2.5,-2.5,1093866.1130305482,
2025-06-18,113.78097534179688,131.9070587158203,0.8114289917455646,0,2.5,-2.5,1093866.1130305482,
2025-06-19,112.82080078125,131.4256591796875,1.0837168000696384,0,2.5,-2.5,1093866.1130305482,
2025-06-20,112.82080078125,131.4256591796875,2.911163615560972,-1,2.5,-2.5,1093796.3431721497,Short Spread
2025-06-23,111.8606185913086,131.4256591796875,4.041209132611889,-1,2.5,-2.5,1091875.978792267,
2025-06-24,108.01991271972656,130.46282958984375,8.07969484265856,-1,2.5,-2.5,1086120.2262287904,
2025-06-25,111.38053131103516,131.9070587158203,4.482152160582437,-1,2.5,-2.5,1089953.0051594544,
2025-06-26,109.4601821899414,131.9070587158203,6.685566519429243,-1,2.5,-2.5,1086112.306917267,
2025-06-27,111.38053131103516,131.4256591796875,1.1461956698329723,-1,2.5,-2.5,1090915.80423172,
2025-06-30,110.42035675048828,129.98141479492188,1.1037797284330666,-1,2.5,-2.5,1091883.9438801575,
2025-07-01,109.94026947021484,129.98141479492188,1.2925577267937023,-1,2.5,-2.5,1090923.7693196107,
2025-07-02,109.94026947021484,129.5,1.1182492017526557,-1,2.5,-2.5,1091886.5989094544,
2025-07-03,111.38053131103516,131.0,0.9429107024447588,-1,2.5,-2.5,1091767.122591095,
2025-07-04,111.8606185913086,130.5,1.367629272406191,-1,2.5,-2.5,1093727.297151642,
2025-07-07,108.5,130.0,4.330714321979075,-1,2.5,-2.5,1088006.0599690247,
2025-07-08,108.5,129.0,3.2915467098911093,-1,2.5,-2.5,1090006.0599690247,
2025-07-09,106.5,128.0,4.35897450109959,-1,2.5,-2.5,1088006.0599690247,
2025-07-10,107.0,130.0,5.050090126416645,-1,2.5,-2.5,1085006.0599690247,
2025-07-11,107.0,130.5,2.3006682043944684,-1,2.5,-2.5,1084006.0599690247,
2025-07-14,108.0,130.5,1.959280870773625,-1,2.5,-2.5,1086006.0599690247,
2025-07-15,107.0,129.5,2.186212862310612,-1,2.5,-2.5,1086006.0599690247,
2025-07-16,106.5,130.5,2.8877373513253337,-1,2.5,-2.5,1083006.0599690247,
2025-07-17,106.5,130.5,2.972432511716349,-1,2.5,-2.5,1083006.0599690247,
2025-07-18,106.0,129.0,1.7914296805544436,-1,2.5,-2.5,1085006.0599690247,
2025-07-21,106.5,129.0,1.6942952624020746,-1,2.5,-2.5,1086006.0599690247,
2025-07-22,106.0,130.5,2.4941207254942173,-1,2.5,-2.5,1082006.0599690247,
2025-07-23,107.0,130.0,1.9639701341312863,-1,2.5,-2.5,1085006.0599690247,
2025-07-24,107.0,129.5,1.8597621228841896,-1,2.5,-2.5,1086006.0599690247,
2025-07-25,105.5,129.0,3.435714492775623,-1,2.5,-2.5,1084006.0599690247,
2025-07-28,106.0,129.5,3.2360026848703294,-1,2.5,-2.5,1084006.0599690247,
2025-07-29,106.0,129.0,2.8784819534336172,-1,2.5,-2.5,1085006.0599690247,
2025-07-30,107.5,129.5,1.9408085001680988,-1,2.5,-2.5,1087006.0599690247,
2025-07-31,105.5,129.0,3.0844942798394106,-1,2.5,-2.5,1084006.0599690247,
2025-08-01,105.5,129.0,3.273481615859035,-1,2.5,-2.5,1084006.0599690247,
2025-08-04,107.0,131.0,3.064144242226861,-1,2.5,-2.5,1083006.0599690247,
2025-08-05,106.5,132.0,3.869462408805201,-1,2.5,-2.5,1080006.0599690247,
2025-08-06,107.0,132.5,3.6179483619537725,-1,2.5,-2.5,1080006.0599690247,
2025-08-07,106.5,132.5,3.8758963030663,-1,2.5,-2.5,1079006.0599690247,
2025-08-08,107.5,134.0,3.4832740114690752,-1,2.5,-2.5,1078006.0599690247,
2025-08-11,106.5,134.5,4.50829639911776,-1,2.5,-2.5,1075006.0599690247,
2025-08-12,107.0,135.0,4.388903150166023,-1,2.5,-2.5,1075006.0599690247,
2025-08-13,106.5,134.5,4.427410773554815,-1,2.5,-2.5,1075006.0599690247,
2025-08-14,106.0,134.5,4.7090969253057855,-1,2.5,-2.5,1074006.0599690247,
2025-08-15,107.0,135.0,2.57748945982454,-1,2.5,-2.5,1075006.0599690247,
2025-08-18,108.5,137.0,2.653419606423479,-1,2.5,-2.5,1074006.0599690247,
2025-08-19,108.0,138.0,3.3849472031877643,-1,2.5,-2.5,1071006.0599690247,
2025-08-20,108.0,136.5,2.839066545709457,-1,2.5,-2.5,1074006.0599690247,
2025-08-21,108.5,137.5,2.9743230589765735,-1,2.5,-2.5,1073006.0599690247,
2025-08-22,108.0,136.0,3.231695353046428,-1,2.5,-2.5,1075006.0599690247,
2025-08-25,107.0,135.5,3.592280027207465,-1,2.5,-2.5,1074006.0599690247,
2025-08-26,106.5,133.5,2.7793935047829543,-1,2.5,-2.5,1077006.0599690247,
2025-08-27,106.0,134.0,3.2973582094414002,-1,2.5,-2.5,1075006.0599690247,
2025-08-28,106.0,133.0,2.6374371133827563,-1,2.5,-2.5,1077006.0599690247,
2025-08-29,106.5,132.5,3.171894975111514,-1,2.5,-2.5,1079006.0599690247,
2025-09-01,106.5,134.0,4.039312758830294,-1,2.5,-2.5,1076006.0599690247,
2025-09-02,107.0,135.0,3.8930190549147965,-1,2.5,-2.5,1075006.0599690247,
2025-09-03,106.5,134.0,3.342997748815305,-1,2.5,-2.5,1076006.0599690247,
2025-09-04,106.5,135.0,3.8049978164784273,-1,2.5,-2.5,1074006.0599690247,
2025-09-05,106.0,134.5,4.215289810649117,-1,2.5,-2.5,1074006.0599690247,
2025-09-08,107.0,134.5,2.8407359621795822,-1,2.5,-2.5,1076006.0599690247,
2025-09-09,107.5,135.5,2.8576562212625793,-1,2.5,-2.5,1075006.0599690247,
2025-09-10,107.0,135.5,3.147156806105781,-1,2.5,-2.5,1074006.0599690247,
2025-09-11,106.5,134.5,2.7266059607301973,-1,2.5,-2.5,1075006.0599690247,
2025-09-12,107.5,135.5,1.8053966861363029,-1,2.5,-2.5,1075006.0599690247,
2025-09-15,107.0,135.0,1.872148510736558,-1,2.5,-2.5,1075006.0599690247,
2025-09-16,106.5,134.0,1.6759611872072926,-1,2.5,-2.5,1076006.0599690247,
2025-09-17,106.0,134.5,2.3229276052070107,-1,2.5,-2.5,1074006.0599690247,
2025-09-18,106.5,134.0,1.5498065712019287,-1,2.5,-2.5,1076006.0599690247,
2025-09-19,105.5,134.0,1.5295093521982335,-1,2.5,-2.5,1074006.0599690247,
2025-09-22,106.0,133.5,1.0534358028360555,-1,2.5,-2.5,1076006.0599690247,
2025-09-23,106.0,133.5,1.051745696179386,-1,2.5,-2.5,1076006.0599690247,
2025-09-24,106.5,134.5,1.1721922966664093,-1,2.5,-2.5,1075006.0599690247,
2025-09-25,106.0,133.5,0.9819133405650012,-1,2.5,-2.5,1076006.0599690247,
2025-09-26,107.0,134.5,0.4418508890937438,-1,2.5,-2.5,1076006.0599690247,
2025-09-30,109.0,133.5,-0.8560325934891244,0,2.5,-2.5,1081936.3599690248,Close
2025-10-01,108.5,134.5,-0.3168764034917462,0,2.5,-2.5,1081936.3599690248,
2025-10-02,108.5,133.0,-0.8726701520756278,0,2.5,-2.5,1081936.3599690248,
2025-10-03,109.0,133.0,-1.1505150726962912,0,2.5,-2.5,1081936.3599690248,
2025-10-07,110.0,133.0,-0.5154266849752152,0,2.5,-2.5,1081936.3599690248,
2025-10-08,110.5,133.5,-0.5557166497720525,0,2.5,-2.5,1081936.3599690248,
2025-10-09,110.5,133.0,-0.6322183751114087,0,2.5,-2.5,1081936.3599690248,
2025-10-13,110.5,132.5,-0.7082399410306529,0,2.5,-2.5,1081936.3599690248,
2025-10-14,110.5,132.5,-0.723320700027405,0,2.5,-2.5,1081936.3599690248,
2025-10-15,109.0,131.5,-0.42607001505294595,0,2.5,-2.5,1081936.3599690248,
2025-10-16,110.0,132.0,-0.509022266962437,0,2.5,-2.5,1081936.3599690248,
2025-10-17,111.5,133.0,-0.6058062075127211,0,2.5,-2.5,1081936.3599690248,
2025-10-20,111.5,133.0,-0.5996139318901438,0,2.5,-2.5,1081936.3599690248,
2025-10-21,111.0,133.0,-0.5283841369339818,0,2.5,-2.5,1081936.3599690248,
2025-10-22,112.0,133.5,-0.6129629069024709,0,2.5,-2.5,1081936.3599690248,
2025-10-23,112.5,134.0,-0.6241352898297895,0,2.5,-2.5,1081936.3599690248,
2025-10-27,111.0,132.0,-0.6065409455973361,0,2.5,-2.5,1081936.3599690248,
2025-10-28,111.5,132.0,-0.6680233344699874,0,2.5,-2.5,1081936.3599690248,
2025-10-29,111.0,132.0,-0.5923391232524287,0,2.5,-2.5,1081936.3599690248,
2025-10-30,110.0,131.5,-0.4784460280935817,0,2.5,-2.5,1081936.3599690248,
2025-10-31,109.5,131.0,-0.45414268076347264,0,2.5,-2.5,1081936.3599690248,
2025-11-03,110.5,131.5,-0.5271864715906618,0,2.5,-2.5,1081936.3599690248,
2025-11-04,110.5,131.0,-0.5626551569663848,0,2.5,-2.5,1081936.3599690248,
2025-11-05,109.5,132.0,-0.33539587562394435,0,2.5,-2.5,1081936.3599690248,
2025-11-06,110.0,131.5,-0.590520566324188,0,2.5,-2.5,1081936.3599690248,
2025-11-07,111.0,132.5,-0.6219752550307273,0,2.5,-2.5,1081936.3599690248,
2025-11-10,110.5,133.0,-0.4583353946447869,0,2.5,-2.5,1081936.3599690248,
2025-11-11,110.0,132.0,-0.4786454466629368,0,2.5,-2.5,1081936.3599690248,
2025-11-12,111.0,132.0,-0.6302213093599638,0,2.5,-2.5,1081936.3599690248,
2025-11-13,108.5,131.5,-0.24508973697504519,0,2.5,-2.5,1081936.3599690248,
2025-11-14,108.5,131.5,-0.23372041145522943,0,2.5,-2.5,1081936.3599690248,
2025-11-17,108.0,132.0,-0.07721946106954634,0,2.5,-2.5,1081936.3599690248,
2025-11-18,107.0,131.0,-0.02047201215464019,0,2.5,-2.5,1081936.3599690248,
2025-11-19,106.5,130.5,0.012102977136332007,0,2.5,-2.5,1081936.3599690248,
2025-11-20,108.0,132.0,-0.09383968284570036,0,2.5,-2.5,1081936.3599690248,
2025-11-21,107.0,131.5,0.11221314018979209,0,2.5,-2.5,1081936.3599690248,
2025-11-24,108.0,132.0,-0.06506039094322794,0,2.5,-2.5,1081936.3599690248,
2025-11-25,107.5,131.0,-0.10796373467181329,0,2.5,-2.5,1081936.3599690248,
2025-11-26,109.0,131.0,-0.5138310891333362,0,2.5,-2.5,1081936.3599690248,
2025-11-27,108.5,131.0,-1.3636853792815098,0,2.5,-2.5,1081936.3599690248,
2025-11-28,108.0,130.5,-0.9689799901558707,0,2.5,-2.5,1081936.3599690248,
2025-12-01,107.0,130.0,-0.2774945506799218,0,2.5,-2.5,1081936.3599690248,
2025-12-02,106.5,130.0,0.1601294822658751,0,2.5,-2.5,1081936.3599690248,
2025-12-03,106.0,130.0,0.5309750383775177,0,2.5,-2.5,1081936.3599690248,
2025-12-04,105.5,129.5,0.5123067201465457,0,2.5,-2.5,1081936.3599690248,
2025-12-05,105.0,130.0,0.940237751923381,0,2.5,-2.5,1081936.3599690248,
2025-12-08,105.0,129.5,0.7436692284122904,0,2.5,-2.5,1081936.3599690248,
2025-12-09,104.5,130.0,1.1358692286099845,0,2.5,-2.5,1081936.3599690248,
2025-12-10,104.5,129.5,0.9467069011884719,0,2.5,-2.5,1081936.3599690248,
2025-12-11,106.0,130.0,0.30598630555456896,0,2.5,-2.5,1081936.3599690248,
2025-12-12,105.5,130.5,0.580325361502012,0,2.5,-2.5,1081936.3599690248,
2025-12-15,105.0,130.5,0.7320162848051655,0,2.5,-2.5,1081936.3599690248,
2025-12-16,105.0,130.5,0.7305827983136951,0,2.5,-2.5,1081936.3599690248,
2025-12-17,104.5,129.5,0.6621634498930825,0,2.5,-2.5,1081936.3599690248,
2025-12-18,104.5,130.0,0.7966706938792357,0,2.5,-2.5,1081936.3599690248,
2025-12-19,106.0,131.0,0.5540532398026795,0,2.5,-2.5,1081936.3599690248,
2025-12-22,107.0,130.5,0.15532967658452193,0,2.5,-2.5,1081936.3599690248,
2025-12-23,106.5,130.5,0.3148452714769415,0,2.5,-2.5,1081936.3599690248,
2025-12-24,108.5,130.5,-0.24963921633606811,0,2.5,-2.5,1081936.3599690248,
2025-12-26,111.5,131.5,-5.210865924319553,1,2.5,-2.5,1081866.6399690248,Long Spread
2025-12-29,109.5,132.0,-0.8051855688404305,1,2.5,-2.5,1086866.6399690248,
2025-12-30,110.5,131.0,-2.3198512823908555,1,2.5,-2.5,1082866.6399690248,
2025-12-31,108.5,130.5,-0.5417862909207047,1,2.5,-2.5,1085866.6399690248,
2026-01-02,108.0,132.0,0.7468788115514299,0,2.5,-2.5,1089797.0399690247,Close
2026-01-05,107.0,133.0,1.6792954394161932,0,2.5,-2.5,1089797.0399690247,
2026-01-06,107.0,132.5,1.3804214397578378,0,2.5,-2.5,1089797.0399690247,
2026-01-07,107.0,133.0,1.5266692529204147,0,2.5,-2.5,1089797.0399690247,
2026-01-08,107.0,133.5,1.6613563102757976,0,2.5,-2.5,1089797.0399690247,
2026-01-09,107.5,133.5,1.298594989790524,0,2.5,-2.5,1089797.0399690247,
2026-01-12,107.5,133.5,0.7671857618791669,0,2.5,-2.5,1089797.0399690247,
2026-01-13,107.0,133.5,0.9227814872769038,0,2.5,-2.5,1089797.0399690247,
2026-01-14,107.5,133.0,0.5988790443061182,0,2.5,-2.5,1089797.0399690247,
2026-01-15,108.0,133.5,0.52669522858957,0,2.5,-2.5,1089797.0399690247,
2026-01-16,108.0,133.0,0.3834420319685029,0,2.5,-2.5,1089797.0399690247,
2026-01-19,108.5,134.0,1.4501291587608787,0,2.5,-2.5,1089797.0399690247,
2026-01-20,107.5,133.0,1.3090755044521503,0,2.5,-2.5,1089797.0399690247,
2026-01-21,107.5,133.0,1.0637263923961233,0,2.5,-2.5,1089797.0399690247,
2026-01-22,107.5,133.0,0.8993876124818,0,2.5,-2.5,1089797.0399690247,
2026-01-23,107.5,134.0,1.2343014814702487,0,2.5,-2.5,1089797.0399690247,
2026-01-26,107.5,134.0,3.012979709752183,-1,2.5,-2.5,1089727.3799690248,Short Spread
2026-01-27,106.5,133.0,2.7195360161389663,-1,2.5,-2.5,1089727.3799690248,
2026-01-28,106.0,133.5,3.2045330068898363,-1,2.5,-2.5,1087727.3799690248,
2026-01-29,105.5,133.5,3.250462385930096,-1,2.5,-2.5,1086727.3799690248,
2026-01-30,105.5,133.5,2.883792701362221,-1,2.5,-2.5,1086727.3799690248,
2026-02-02,105.0,133.0,2.026662411768525,-1,2.5,-2.5,1086727.3799690248,
2026-02-03,105.0,133.5,2.0856142449311177,-1,2.5,-2.5,1085727.3799690248,
2026-02-04,104.5,133.0,2.026130061401002,-1,2.5,-2.5,1085727.3799690248,
2026-02-05,105.0,132.5,1.4160292553644078,-1,2.5,-2.5,1087727.3799690248,
2026-02-06,105.5,133.0,1.2314053236700961,-1,2.5,-2.5,1087727.3799690248,
2026-02-09,105.0,132.0,2.6129397966254833,-1,2.5,-2.5,1088727.3799690248,
2026-02-10,105.5,132.5,1.9683194587364514,-1,2.5,-2.5,1088727.3799690248,
2026-02-11,106.5,133.0,1.0742000179269278,-1,2.5,-2.5,1089727.3799690248,
2026-02-23,107.5,135.0,1.3197075845477295,-1,2.5,-2.5,1087727.3799690248,
2026-02-24,108.0,135.5,1.076192905542145,-1,2.5,-2.5,1087727.3799690248,
2026-02-25,108.5,136.0,1.6781362851273125,-1,2.5,-2.5,1087727.3799690248,
2026-02-26,107.5,134.0,0.8421208047831109,-1,2.5,-2.5,1089727.3799690248,
2026-03-02,108.5,138.0,2.7068040990407707,-1,2.5,-2.5,1083727.3799690248,
2026-03-03,108.5,138.0,2.403104841728684,-1,2.5,-2.5,1083727.3799690248,
2026-03-04,108.0,135.5,0.9763349264910265,-1,2.5,-2.5,1087727.3799690248,
2026-03-05,107.5,137.0,3.021907759642123,-1,2.5,-2.5,1083727.3799690248,
2026-03-06,108.0,136.5,1.7203720712474457,-1,2.5,-2.5,1085727.3799690248,
2026-03-09,107.5,136.0,1.6710924346584892,-1,2.5,-2.5,1085727.3799690248,
2026-03-10,106.5,135.0,1.7862130580186253,-1,2.5,-2.5,1085727.3799690248,
2026-03-11,106.0,135.5,2.4057937570715766,-1,2.5,-2.5,1083727.3799690248,
2026-03-12,106.0,136.0,3.4717903589560235,-1,2.5,-2.5,1082727.3799690248,
2026-03-13,106.5,136.0,2.660199688016093,-1,2.5,-2.5,1083727.3799690248,
2026-03-16,108.0,136.5,1.3172740450423719,-1,2.5,-2.5,1085727.3799690248,
2026-03-17,109.5,137.0,0.11970946939960736,-1,2.5,-2.5,1087727.3799690248,
2026-03-18,110.0,137.5,-0.028695988733995398,0,2.5,-2.5,1087657.479969025,Close
2026-03-19,109.5,135.5,-0.4571107791391261,0,2.5,-2.5,1087657.479969025,
2026-03-20,109.0,134.0,-0.7161802965764134,0,2.5,-2.5,1087657.479969025,
2026-03-23,109.0,134.0,-0.7011610355622339,0,2.5,-2.5,1087657.479969025,
2026-03-24,109.5,134.0,-0.9175673444669145,0,2.5,-2.5,1087657.479969025,
2026-03-25,109.0,135.0,-0.34200206523779536,0,2.5,-2.5,1087657.479969025,
2026-03-26,109.0,134.5,-0.37631352688970676,0,2.5,-2.5,1087657.479969025,
2026-03-27,109.5,134.0,-0.6623749432762653,0,2.5,-2.5,1087657.479969025,
2026-03-30,109.0,134.0,-0.48472917944932886,0,2.5,-2.5,1087657.479969025,
2026-03-31,109.0,133.0,-0.7173440860621688,0,2.5,-2.5,1087657.479969025,
2026-04-01,109.5,134.0,-0.6460559635368988,0,2.5,-2.5,1087657.479969025,
2026-04-02,109.5,134.0,-0.5221298868343823,0,2.5,-2.5,1087657.479969025,
2026-04-07,109.5,134.0,-0.5242367664180679,0,2.5,-2.5,1087657.479969025,
2026-04-08,109.5,134.0,-0.5337425483779595,0,2.5,-2.5,1087657.479969025,
2026-04-09,110.0,135.0,-0.48246210194788275,0,2.5,-2.5,1087657.479969025,
2026-04-10,110.0,135.5,-0.3900153025366809,0,2.5,-2.5,1087657.479969025,
2026-04-13,110.0,134.5,-0.674100270550777,0,2.5,-2.5,1087657.479969025,
2026-04-14,110.0,135.0,-0.5836713487011524,0,2.5,-2.5,1087657.479969025,
2026-04-15,110.0,135.5,-0.4834984895170817,0,2.5,-2.5,1087657.479969025,
2026-04-16,110.0,136.5,-0.2520320440337665,0,2.5,-2.5,1087657.479969025,
2026-04-17,112.5,137.5,-0.8937010741978911,0,2.5,-2.5,1087657.479969025,
