Date,Price1,Price2,Indicator,Position,Upper,Lower,Equity,Action
2013-04-10,53.972293853759766,55.832786560058594,2.0285071577458935,-1,1.5,-1.5,999935.6077967834,Short Spread
2013-04-11,54.57381820678711,56.19571304321289,-0.49405168342946115,0,1.5,-1.5,1000348.3727552795,Close
2013-04-12,54.95660400390625,56.37718963623047,-0.41279261032343606,0,1.5,-1.5,1000348.3727552795,
2013-04-15,55.77684020996094,56.43768310546875,-1.5068929653146896,1,1.5,-1.5,1000283.8841743469,Long Spread
2013-04-16,56.323673248291016,56.61914825439453,-0.70250496978689,1,1.5,-1.5,999553.1483955383,
2013-04-17,56.323673248291016,56.61914825439453,-0.002201822245576694,1,1.5,-1.5,999553.1483955383,
2013-04-18,55.77684020996094,56.37718963623047,0.5849326615387189,0,1.5,-1.5,1000098.4110746766,Close
2013-04-19,56.87050247192383,56.61914825439453,-1.5700751347541457,1,1.5,-1.5,1000033.8714886475,Long Spread
2013-04-22,56.87050247192383,56.74013519287109,0.22050630446294853,0,1.5,-1.5,1000211.300940094,Close
2013-04-23,57.14392852783203,56.80063247680664,-0.38396113894223644,0,1.5,-1.5,1000211.300940094,
2013-04-24,56.87050247192383,56.74013519287109,0.38817577233884704,0,1.5,-1.5,1000211.300940094,
2013-04-25,56.87050247192383,56.74013519287109,0.001192543001460534,0,1.5,-1.5,1000211.300940094,
2013-04-26,56.87050247192383,56.92159652709961,0.3428133330490461,0,1.5,-1.5,1000211.300940094,
2013-04-29,58.23759078979492,57.16355895996094,-1.9361984515914412,1,1.5,-1.5,1000146.684894104,Long Spread
2013-04-30,58.784423828125,56.74013519287109,-1.6100025650270093,1,1.5,-1.5,998206.1712832642,
2013-05-02,59.33125686645508,57.46601104736328,0.34011651329126297,0,1.5,-1.5,998499.5850248719,Close
2013-05-03,60.15150451660156,57.587005615234375,-1.0524580763715479,0,1.5,-1.5,998499.5850248719,
2013-05-06,59.87808227539063,57.52650833129883,0.31548997780050747,0,1.5,-1.5,998499.5850248719,
2013-05-07,59.05783462524414,57.52650833129883,1.3151411945591107,0,1.5,-1.5,998499.5850248719,
2013-05-08,59.87808227539063,57.889442443847656,-0.7217781023924835,0,1.5,-1.5,998499.5850248719,
2013-05-09,60.15150451660156,58.0709342956543,-0.1348525939792406,0,1.5,-1.5,998499.5850248719,
2013-05-10,60.15150451660156,58.0709342956543,-0.00038047017574394787,0,1.5,-1.5,998499.5850248719,
2013-05-13,60.15150451660156,58.01043701171875,-0.10638392648748055,0,1.5,-1.5,998499.5850248719,
2013-05-14,60.15150451660156,58.0709342956543,0.10781289733081453,0,1.5,-1.5,998499.5850248719,
2013-05-15,64.25274658203125,58.79681396484375,-4.207590956526785,1,1.5,-1.5,998434.66304245,Long Spread
2013-05-16,63.97933197021485,58.97828674316406,0.5704114408431857,0,1.5,-1.5,999279.5195179748,Close
2013-05-17,63.15908050537109,58.97828674316406,1.050891751695161,0,1.5,-1.5,999279.5195179748,
2013-05-20,62.612247467041016,58.97828674316406,0.7204455071043611,0,1.5,-1.5,999279.5195179748,
2013-05-21,62.33883666992188,59.34122085571289,0.8906296331987905,0,1.5,-1.5,999279.5195179748,
2013-05-22,62.06541061401367,59.4017219543457,0.4629811134335764,0,1.5,-1.5,999279.5195179748,
2013-05-23,62.06541061401367,59.03877258300781,-0.5315415234133625,0,1.5,-1.5,999279.5195179748,
2013-05-24,61.7920036315918,58.373382568359375,-0.6150216410221293,0,1.5,-1.5,999279.5195179748,
2013-05-27,62.33883666992188,58.67584228515625,-0.2939079741336012,0,1.5,-1.5,999279.5195179748,
2013-05-28,62.88565826416016,58.67584228515625,-0.7257586923101134,0,1.5,-1.5,999279.5195179748,
2013-05-29,63.15908050537109,58.736328125,-0.27119653712195296,0,1.5,-1.5,999279.5195179748,
2013-05-30,59.87808227539063,57.8289680480957,3.0287806346401274,-1,1.5,-1.5,999214.8112359619,Short Spread
2013-05-31,59.87808227539063,57.76847839355469,-0.08140236942802827,0,1.5,-1.5,999271.0846826171,Close
2013-06-03,59.87808227539063,57.46601104736328,-0.4485752828577803,0,1.5,-1.5,999271.0846826171,
2013-06-04,58.784423828125,57.40553665161133,1.4416360853693893,0,1.5,-1.5,999271.0846826171,
2013-06-05,59.05783462524414,57.16355895996094,-0.7455342822959595,0,1.5,-1.5,999271.0846826171,
2013-06-06,59.60466766357422,57.16355895996094,-0.750917329074532,0,1.5,-1.5,999271.0846826171,
2013-06-07,60.698333740234375,57.46601104736328,-1.0052556705674942,0,1.5,-1.5,999271.0846826171,
2013-06-10,60.698333740234375,57.587005615234375,0.1694375152113047,0,1.5,-1.5,999271.0846826171,
2013-06-11,60.4249153137207,57.587005615234375,0.36209521287403335,0,1.5,-1.5,999271.0846826171,
2013-06-13,57.14392852783203,57.16355895996094,3.6534814537641265,-1,1.5,-1.5,999206.5123831176,Short Spread
2013-06-14,60.15150451660156,57.22405624389648,-3.2526491255577294,0,1.5,-1.5,1005035.9747703552,Close
2013-06-17,60.698333740234375,57.587005615234375,-0.15969510810004664,0,1.5,-1.5,1005035.9747703552,
2013-06-18,61.24516296386719,58.0709342956543,-0.010324649776674476,0,1.5,-1.5,1005035.9747703552,
2013-06-19,61.24516296386719,57.889442443847656,-0.20630995826714998,0,1.5,-1.5,1005035.9747703552,
2013-06-20,61.518585205078125,57.647491455078125,-0.5486166904930909,0,1.5,-1.5,1005035.9747703552,
2013-06-21,59.60466766357422,57.46601104736328,1.7648602653489178,-1,1.5,-1.5,1004971.2919432067,Short Spread
2013-06-24,60.698333740234375,57.52650833129883,-1.0415329874312302,0,1.5,-1.5,1006972.900534973,Close
2013-06-25,60.97175598144531,57.76847839355469,-0.006479432409287956,0,1.5,-1.5,1006972.900534973,
2013-06-26,60.698333740234375,57.647491455078125,0.13925219835639766,0,1.5,-1.5,1006972.900534973,
2013-06-27,60.698333740234375,58.01043701171875,0.4065015735889465,0,1.5,-1.5,1006972.900534973,
2013-06-28,64.79956817626953,61.70037078857422,-0.020173020999709645,0,1.5,-1.5,1006972.900534973,
2013-07-01,62.06541061401367,59.2807502746582,0.05776285932213037,0,1.5,-1.5,1006972.900534973,
2013-07-02,62.88565826416016,59.22025680541992,-0.8558995908998294,0,1.5,-1.5,1006972.900534973,
2013-07-03,62.612247467041016,59.15975570678711,0.19512647892340865,0,1.5,-1.5,1006972.900534973,
2013-07-04,62.612247467041016,59.34122085571289,0.196669300459604,0,1.5,-1.5,1006972.900534973,
2013-07-05,63.97933197021485,60.006629943847656,-0.5915380878683878,0,1.5,-1.5,1006972.900534973,
2013-07-08,63.69242477416992,59.70417404174805,-0.05194146866775587,0,1.5,-1.5,1006972.900534973,
2013-07-09,62.83172225952149,60.12761688232422,1.2780008519548725,0,1.5,-1.5,1006972.900534973,
2013-07-10,62.83172225952149,60.12761688232422,0.003246714721724476,0,1.5,-1.5,1006972.900534973,
2013-07-11,63.69242477416992,60.36958312988281,-0.5678307624117818,0,1.5,-1.5,1006972.900534973,
2013-07-12,63.40550994873047,60.49055480957031,0.4011072786054396,0,1.5,-1.5,1006972.900534973,
2013-07-15,63.69242477416992,60.4300537109375,-0.3363583264467187,0,1.5,-1.5,1006972.900534973,
2013-07-16,63.69242477416992,60.36958312988281,-0.0652533447651218,0,1.5,-1.5,1006972.900534973,
2013-07-17,63.40550994873047,57.70798873901367,-2.456914480886252,1,1.5,-1.5,1006908.0559950256,Long Spread
2013-07-18,63.69242477416992,57.889442443847656,-0.07220434664044266,1,1.5,-1.5,1006697.1337538146,
2013-07-19,63.40550994873047,57.76847839355469,0.12818100005098143,0,1.5,-1.5,1006964.188344574,Close
2013-07-22,64.26622772216797,58.373382568359375,-0.13518705628193858,0,1.5,-1.5,1006964.188344574,
2013-07-23,66.56146240234375,58.494361877441406,-1.6786662901403464,1,1.5,-1.5,1006899.1861116028,Long Spread
2013-07-24,64.26622772216797,57.94994735717773,1.3117695083603076,0,1.5,-1.5,1010335.9377844238,Close
2013-07-25,62.54480743408203,57.8289680480957,1.3634017066244744,0,1.5,-1.5,1010335.9377844238,
2013-07-26,63.11862182617188,57.8289680480957,-0.4935902640310711,0,1.5,-1.5,1010335.9377844238,
2013-07-29,62.25791549682617,57.889442443847656,0.8179557115017804,0,1.5,-1.5,1010335.9377844238,
2013-07-30,62.83172225952149,57.76847839355469,-0.6208538325050328,0,1.5,-1.5,1010335.9377844238,
2013-07-31,62.54480743408203,58.01043701171875,0.49571698750177906,0,1.5,-1.5,1010335.9377844238,
2013-08-01,63.11862182617188,57.40553665161133,-1.091659775223501,0,1.5,-1.5,1010335.9377844238,
2013-08-02,63.11862182617188,57.46601104736328,0.05712844177182576,0,1.5,-1.5,1010335.9377844238,
2013-08-05,62.54480743408203,57.587005615234375,0.6134281799237891,0,1.5,-1.5,1010335.9377844238,
2013-08-06,61.11029815673828,57.10307312011719,0.7893583191518605,0,1.5,-1.5,1010335.9377844238,
2013-08-07,60.82339096069336,56.74013519287109,-0.11605641237690713,0,1.5,-1.5,1010335.9377844238,
2013-08-08,61.39720153808594,56.61914825439453,-0.6949694825897623,0,1.5,-1.5,1010335.9377844238,
2013-08-09,60.82339096069336,56.55866622924805,0.4924155562641053,0,1.5,-1.5,1010335.9377844238,
2013-08-12,61.971004486083984,56.861114501953125,-0.7605241972018174,0,1.5,-1.5,1010335.9377844238,
2013-08-13,63.11862182617188,56.861114501953125,-1.0353826482273485,0,1.5,-1.5,1010335.9377844238,
2013-08-14,62.54480743408203,56.74013519287109,0.38560656497516405,0,1.5,-1.5,1010335.9377844238,
2013-08-15,61.6841049194336,56.49817657470703,0.5372801062721808,0,1.5,-1.5,1010335.9377844238,
2013-08-16,62.83172225952149,56.861114501953125,-0.6527259767562243,0,1.5,-1.5,1010335.9377844238,
2013-08-19,61.971004486083984,56.49817657470703,0.3944466053751318,0,1.5,-1.5,1010335.9377844238,
2013-08-20,61.39720153808594,56.49817657470703,0.5406613347782242,0,1.5,-1.5,1010335.9377844238,
2013-08-22,60.82339096069336,56.31669998168945,0.3521915519454724,0,1.5,-1.5,1010335.9377844238,
2013-08-23,60.24958419799805,56.37718963623047,0.6378987452543221,0,1.5,-1.5,1010335.9377844238,
2013-08-26,60.24958419799805,56.67965316772461,0.3659499103024139,0,1.5,-1.5,1010335.9377844238,
2013-08-27,60.82339096069336,56.861114501953125,-0.378683096636048,0,1.5,-1.5,1010335.9377844238,
2013-08-28,61.11029815673828,56.55866622924805,-0.6454856697180626,0,1.5,-1.5,1010335.9377844238,
2013-08-29,61.39720153808594,56.74013519287109,-0.07900675366927741,0,1.5,-1.5,1010335.9377844238,
2013-08-30,61.971004486083984,57.22405624389648,-0.012165819317867572,0,1.5,-1.5,1010335.9377844238,
2013-09-02,61.6841049194336,57.0425910949707,0.0765569476141156,0,1.5,-1.5,1010335.9377844238,
2013-09-03,60.536502838134766,56.92159652709961,1.0477524920275556,0,1.5,-1.5,1010335.9377844238,
2013-09-04,60.82339096069336,57.22405624389648,0.06398587903748408,0,1.5,-1.5,1010335.9377844238,
2013-09-05,61.11029815673828,57.34503936767578,-0.1546184637033967,0,1.5,-1.5,1010335.9377844238,
2013-09-06,61.11029815673828,57.10307312011719,-0.3229311295693685,0,1.5,-1.5,1010335.9377844238,
2013-09-09,60.82339096069336,57.22405624389648,0.5705110999427688,0,1.5,-1.5,1010335.9377844238,
2013-09-10,60.82339096069336,57.40553665161133,0.28115910762448126,0,1.5,-1.5,1010335.9377844238,
2013-09-11,60.82339096069336,57.10307312011719,-0.46444794129693406,0,1.5,-1.5,1010335.9377844238,
2013-09-12,60.82339096069336,56.861114501953125,-0.37319606463975014,0,1.5,-1.5,1010335.9377844238,
2013-09-13,60.82339096069336,57.0425910949707,0.2790530373915354,0,1.5,-1.5,1010335.9377844238,
2013-09-16,61.39720153808594,57.40553665161133,-0.22033572267540624,0,1.5,-1.5,1010335.9377844238,
2013-09-17,61.6841049194336,57.34503936767578,-0.5007407054342523,0,1.5,-1.5,1010335.9377844238,
2013-09-18,60.82339096069336,57.40553665161133,1.3135774729347398,0,1.5,-1.5,1010335.9377844238,
2013-09-23,61.11029815673828,57.28455352783203,-0.5981725616270365,0,1.5,-1.5,1010335.9377844238,
2013-09-24,61.11029815673828,56.861114501953125,-0.6839629042756362,0,1.5,-1.5,1010335.9377844238,
2013-09-25,60.24958419799805,57.0425910949707,1.5034318487252263,-1,1.5,-1.5,1010271.2460974121,Short Spread
2013-09-26,59.38888168334961,56.61914825439453,0.5620488731546298,-1,1.5,-1.5,1009396.7267492675,
2013-09-27,60.24958419799805,56.80063247680664,-0.9442357849453343,0,1.5,-1.5,1010690.4813250732,Close
2013-09-30,60.24958419799805,57.28455352783203,0.7816244631312442,0,1.5,-1.5,1010690.4813250732,
2013-10-01,59.96269607543945,56.861114501953125,-0.27548536895397613,0,1.5,-1.5,1010690.4813250732,
2013-10-02,59.38888168334961,56.55866622924805,0.33995936271525473,0,1.5,-1.5,1010690.4813250732,
2013-10-03,59.38888168334961,56.74013519287109,0.30482342839877513,0,1.5,-1.5,1010690.4813250732,
2013-10-04,59.675777435302734,56.861114501953125,-0.22695478632832333,0,1.5,-1.5,1010690.4813250732,
2013-10-07,59.96269607543945,56.67965316772461,-0.7322033225635527,0,1.5,-1.5,1010690.4813250732,
2013-10-08,57.38057327270508,56.37718963623047,3.2661155531587855,-1,1.5,-1.5,1010625.9310145568,Short Spread
2013-10-09,56.23295593261719,56.31669998168945,1.6807556958328875,-1,1.5,-1.5,1008451.675643463,
2013-10-11,54.62628936767578,56.13523864746094,2.2625349478047267,-1,1.5,-1.5,1005601.2651820373,
2013-10-14,55.60175704956055,56.37718963623047,-1.1185284388022851,0,1.5,-1.5,1007003.8194104003,Close
2013-10-15,56.23295593261719,56.25621032714844,-1.2444163462462778,0,1.5,-1.5,1007003.8194104003,
2013-10-16,56.69199752807617,56.55866622924805,-0.21039690306889267,0,1.5,-1.5,1007003.8194104003,
2013-10-17,55.42962265014648,56.55866622924805,2.0173480009194873,-1,1.5,-1.5,1006939.3398788451,Short Spread
2013-10-18,54.741058349609375,56.49817657470703,1.0462290301971635,-1,1.5,-1.5,1005683.190586853,
2013-10-21,52.21631240844727,55.89326858520508,3.3455791907185026,-1,1.5,-1.5,1001843.5146835326,
2013-10-22,50.66703414916992,54.804443359375,0.8718888441848947,-1,1.5,-1.5,1000922.6086166381,
2013-10-23,53.76559066772461,55.832786560058594,-3.2780878983969606,0,1.5,-1.5,1004998.6513172912,Close
2013-10-24,53.0770149230957,56.0747299194336,1.470573730597705,0,1.5,-1.5,1004998.6513172912,
2013-10-25,53.65082550048828,55.832786560058594,-1.2690158396923215,0,1.5,-1.5,1004998.6513172912,
2013-10-28,54.22462463378906,56.37718963623047,0.002481454478710962,0,1.5,-1.5,1004998.6513172912,
2013-10-29,54.22462463378906,56.37718963623047,8.391344458603e-06,0,1.5,-1.5,1004998.6513172912,
2013-10-30,56.806766510009766,57.10307312011719,-2.3643977261895692,1,1.5,-1.5,1004934.094923706,Long Spread
2013-10-31,57.6674690246582,57.22405624389648,-0.8930619244730743,1,1.5,-1.5,1003454.6561419677,
2013-11-01,55.60175704956055,56.43768310546875,1.5069055592063152,0,1.5,-1.5,1005948.8522377014,Close
2013-11-04,54.85581970214844,55.95375061035156,0.29427947786840203,0,1.5,-1.5,1005948.8522377014,
2013-11-05,54.511531829833984,56.25621032714844,0.9161972016845049,0,1.5,-1.5,1005948.8522377014,
2013-11-06,55.946044921875,56.43768310546875,-1.5796240796636771,1,1.5,-1.5,1005884.3568885804,Long Spread
2013-11-07,56.00342559814453,56.25621032714844,-0.3265345100563124,1,1.5,-1.5,1005406.6499794007,
2013-11-08,56.175567626953125,56.25621032714844,-0.2146272634872617,1,1.5,-1.5,1005062.3659217835,
2013-11-11,55.65914916992188,55.89326858520508,0.14261390855941286,0,1.5,-1.5,1005304.857255249,Close
2013-11-12,55.65914916992188,56.25621032714844,0.5154074051251681,0,1.5,-1.5,1005304.857255249,
2013-11-13,55.08534622192383,55.89326858520508,0.22973261451696636,0,1.5,-1.5,1005304.857255249,
2013-11-14,55.65914916992188,55.59081268310547,-1.1602007087652364,0,1.5,-1.5,1005304.857255249,
2013-11-15,55.142723083496094,55.59081268310547,0.6577328444748712,0,1.5,-1.5,1005304.857255249,
2013-11-18,55.142723083496094,55.59081268310547,0.0021517841963455517,0,1.5,-1.5,1005304.857255249,
2013-11-19,55.31487274169922,55.832786560058594,0.12366200049371039,0,1.5,-1.5,1005304.857255249,
2013-11-20,56.00342559814453,55.53033065795898,-1.2701382000707613,0,1.5,-1.5,1005304.857255249,
2013-11-21,55.37224197387695,55.28836441040039,0.442304485756523,0,1.5,-1.5,1005304.857255249,
2013-11-22,55.20009994506836,55.34885025024414,0.304539332015569,0,1.5,-1.5,1005304.857255249,
2013-11-25,55.08534622192383,55.34885025024414,0.14785753093334567,0,1.5,-1.5,1005304.857255249,
2013-11-26,54.62628936767578,56.13523864746094,1.7032873005550309,-1,1.5,-1.5,1005240.4267941285,Short Spread
2013-11-27,55.08534622192383,55.95375061035156,-0.8312910853511429,0,1.5,-1.5,1006457.07501297,Close
2013-11-28,55.142723083496094,55.95375061035156,-0.07481979965100005,0,1.5,-1.5,1006457.07501297,
2013-11-29,55.60175704956055,56.13523864746094,-0.3217246720405624,0,1.5,-1.5,1006457.07501297,
2013-12-02,55.65914916992188,56.0747299194336,-0.1543664974284198,0,1.5,-1.5,1006457.07501297,
2013-12-03,54.62628936767578,55.832786560058594,0.9682940428100262,0,1.5,-1.5,1006457.07501297,
2013-12-04,55.02796173095703,55.59081268310547,-0.836091655442579,0,1.5,-1.5,1006457.07501297,
2013-12-05,54.798431396484375,55.53033065795898,0.20107442252149002,0,1.5,-1.5,1006457.07501297,
2013-12-06,54.511531829833984,55.59081268310547,0.45010933665442054,0,1.5,-1.5,1006457.07501297,
2013-12-09,54.97057723999024,56.0747299194336,0.09310716661209589,0,1.5,-1.5,1006457.07501297,
2013-12-10,54.798431396484375,55.95375061035156,0.05033329060952912,0,1.5,-1.5,1006457.07501297,
2013-12-11,55.20009994506836,56.19571304321289,-0.1705232423691007,0,1.5,-1.5,1006457.07501297,
2013-12-12,54.97057723999024,55.95375061035156,-0.04655935981583099,0,1.5,-1.5,1006457.07501297,
2013-12-13,54.97057723999024,55.832786560058594,-0.16792203080210724,0,1.5,-1.5,1006457.07501297,
2013-12-16,53.9377326965332,55.59081268310547,0.9975418276040922,0,1.5,-1.5,1006457.07501297,
2013-12-17,54.62628936767578,55.65130233764648,-0.7951511903593883,0,1.5,-1.5,1006457.07501297,
2013-12-18,54.798431396484375,55.65130233764648,-0.21993415067501143,0,1.5,-1.5,1006457.07501297,
2013-12-19,55.08534622192383,55.832786560058594,-0.10917051272432743,0,1.5,-1.5,1006457.07501297,
2013-12-20,55.65914916992188,56.01424407958984,-0.4573774078930887,0,1.5,-1.5,1006457.07501297,
2013-12-23,55.37224197387695,55.89326858520508,0.18645029717604486,0,1.5,-1.5,1006457.07501297,
2013-12-24,55.31487274169922,55.89326858520508,0.07196669896219611,0,1.5,-1.5,1006457.07501297,
2013-12-25,55.60175704956055,56.01424407958984,-0.1878165862712572,0,1.5,-1.5,1006457.07501297,
2013-12-26,55.65914916992188,56.25621032714844,0.25936102449966586,0,1.5,-1.5,1006457.07501297,
2013-12-27,56.00342559814453,56.49817657470703,-0.09152480566557947,0,1.5,-1.5,1006457.07501297,
2013-12-30,56.405086517333984,56.37718963623047,-0.6395142870015257,0,1.5,-1.5,1006457.07501297,
2013-12-31,55.25748825073242,56.31669998168945,1.3117828558785305,0,1.5,-1.5,1006457.07501297,
2014-01-02,55.65914916992188,56.13523864746094,-0.765463281728677,0,1.5,-1.5,1006457.07501297,
2014-01-03,55.42962265014648,56.13523864746094,0.29484549641106494,0,1.5,-1.5,1006457.07501297,
2014-01-06,54.913204193115234,55.832786560058594,0.24871079369862673,0,1.5,-1.5,1006457.07501297,
2014-01-07,54.56891632080078,55.7117919921875,0.2958275310491806,0,1.5,-1.5,1006457.07501297,
2014-01-08,54.45415878295898,55.7117919921875,0.1646262204794725,0,1.5,-1.5,1006457.07501297,
2014-01-09,54.052494049072266,55.7117919921875,0.5817031044357301,0,1.5,-1.5,1006457.07501297,
2014-01-10,53.9377326965332,55.59081268310547,-0.023812668935462668,0,1.5,-1.5,1006457.07501297,
2014-01-13,54.45415878295898,55.65130233764648,-0.6657205511302903,0,1.5,-1.5,1006457.07501297,
2014-01-14,53.9377326965332,55.65130233764648,0.8376319805686941,0,1.5,-1.5,1006457.07501297,
2014-01-15,53.65082550048828,55.65130233764648,0.4813752724187622,0,1.5,-1.5,1006457.07501297,
2014-01-16,53.9377326965332,55.65130233764648,-0.5351927627338954,0,1.5,-1.5,1006457.07501297,
2014-01-17,54.16725158691406,55.65130233764648,-0.43819779943634524,0,1.5,-1.5,1006457.07501297,
2014-01-20,53.36392211914063,55.53033065795898,1.3164455515513687,0,1.5,-1.5,1006457.07501297,
2014-01-21,53.0770149230957,55.59081268310547,0.71014741765627,0,1.5,-1.5,1006457.07501297,
2014-01-22,52.50321960449219,55.59081268310547,1.1706649819427788,0,1.5,-1.5,1006457.07501297,
2014-01-23,52.273685455322266,55.53033065795898,0.3824386353436795,0,1.5,-1.5,1006457.07501297,
2014-01-24,51.64250946044922,55.46982955932617,1.3410740391836589,0,1.5,-1.5,1006457.07501297,
2014-01-27,50.95394515991211,55.59081268310547,2.0244093748072522,-1,1.5,-1.5,1006392.8132226563,Short Spread
2014-02-05,48.773475646972656,54.62297058105469,2.9972694981174355,-1,1.5,-1.5,1003967.5584008789,
2014-02-06,48.94562149047852,54.62297058105469,-0.4359153156950107,0,1.5,-1.5,1004247.7073442078,Close
2014-02-07,49.92109298706055,54.6834602355957,-2.2833836819203714,1,1.5,-1.5,1004183.5231620789,Long Spread
2014-02-10,50.66703414916992,54.62297058105469,-1.8711501631268073,1,1.5,-1.5,1002570.6615287781,
2014-02-11,49.80632781982422,54.50198745727539,1.678203252446022,0,1.5,-1.5,1003985.9356072999,Close
2014-02-12,50.4375114440918,54.86492919921875,-0.5675360113973112,0,1.5,-1.5,1003985.9356072999,
2014-02-13,49.92109298706055,54.86492919921875,1.177614438248728,0,1.5,-1.5,1003985.9356072999,
2014-02-14,50.78180313110352,55.16738510131836,-1.197533737581714,0,1.5,-1.5,1003985.9356072999,
2014-02-17,51.011322021484375,55.16738510131836,-0.5095912144614329,0,1.5,-1.5,1003985.9356072999,
2014-02-18,51.12607955932617,55.22786331176758,-0.1139064007548689,0,1.5,-1.5,1003985.9356072999,
2014-02-19,52.04417037963867,55.53033065795898,-1.2453995391656665,0,1.5,-1.5,1003985.9356072999,
2014-02-20,52.21631240844727,55.22786331176758,-1.0035216370414064,0,1.5,-1.5,1003985.9356072999,
2014-02-21,53.01963806152344,55.46982955932617,-1.0745183175707103,0,1.5,-1.5,1003985.9356072999,
2014-02-24,52.61797332763672,55.53033065795898,0.9198835178022203,0,1.5,-1.5,1003985.9356072999,
2014-02-25,51.64250946044922,55.28836441040039,1.4578326612983559,0,1.5,-1.5,1003985.9356072999,
2014-02-26,51.69988250732422,55.28836441040039,-0.11272529945624876,0,1.5,-1.5,1003985.9356072999,
2014-02-27,52.273685455322266,55.65130233764648,-0.3929817533593516,0,1.5,-1.5,1003985.9356072999,
2014-03-03,51.3556022644043,55.46982955932617,1.5610963492323782,-1,1.5,-1.5,1003921.662590027,Short Spread
2014-03-04,51.12607955932617,55.22786331176758,-0.051621771804591904,0,1.5,-1.5,1003882.295517273,Close
2014-03-05,51.29822540283203,55.59081268310547,0.4643172950403885,0,1.5,-1.5,1003882.295517273,
2014-03-06,51.47036361694336,55.832786560058594,0.18277286444946422,0,1.5,-1.5,1003882.295517273,
2014-03-07,51.69988250732422,55.89326858520508,-0.36533722997650586,0,1.5,-1.5,1003882.295517273,
2014-03-10,51.872032165527344,55.89326858520508,-0.3824993155455816,0,1.5,-1.5,1003882.295517273,
2014-03-11,52.21631240844727,56.25621032714844,0.08478436280019581,0,1.5,-1.5,1003882.295517273,
2014-03-12,52.1015510559082,56.25621032714844,0.2522322719188519,0,1.5,-1.5,1003882.295517273,
2014-03-13,52.21631240844727,56.37718963623047,0.028976050152587588,0,1.5,-1.5,1003882.295517273,
2014-03-14,52.1015510559082,55.77228164672852,-1.1356088142272514,0,1.5,-1.5,1003882.295517273,
2014-03-17,52.50321960449219,55.95375061035156,-0.4447553250002649,0,1.5,-1.5,1003882.295517273,
2014-03-18,53.47867965698242,56.25621032714844,-1.3027566833737296,0,1.5,-1.5,1003882.295517273,
2014-03-19,53.9377326965332,56.43768310546875,-0.5122722586867455,0,1.5,-1.5,1003882.295517273,
2014-03-20,53.47867965698242,56.19571304321289,0.38748403761576566,0,1.5,-1.5,1003882.295517273,
2014-03-21,52.61797332763672,56.25621032714844,1.8816051187907716,-1,1.5,-1.5,1003817.9405499268,Short Spread
2014-03-24,53.24916076660156,56.19571304321289,-1.3724336978243021,0,1.5,-1.5,1005136.9322007752,Close
2014-03-25,53.30654525756836,56.67965316772461,0.9001280885123563,0,1.5,-1.5,1005136.9322007752,
2014-03-26,53.191776275634766,56.13523864746094,-0.9156715693240531,0,1.5,-1.5,1005136.9322007752,
2014-03-27,54.282005310058594,56.43768310546875,-1.3990598280012674,0,1.5,-1.5,1005136.9322007752,
2014-03-28,54.511531829833984,56.49817657470703,-0.29624535598162827,0,1.5,-1.5,1005136.9322007752,
2014-03-31,54.741058349609375,56.67965316772461,-0.05347493679591829,0,1.5,-1.5,1005136.9322007752,
2014-04-01,54.741058349609375,56.67965316772461,-0.00017735064302906912,0,1.5,-1.5,1005136.9322007752,
2014-04-02,54.10987091064453,56.67965316772461,1.1314037280740006,0,1.5,-1.5,1005136.9322007752,
2014-04-03,54.10987091064453,56.49817657470703,-0.35688898407116454,0,1.5,-1.5,1005136.9322007752,
2014-04-07,54.10987091064453,56.55866622924805,0.12231408740460355,0,1.5,-1.5,1005136.9322007752,
2014-04-08,54.45415878295898,56.37718963623047,-1.0021598408215642,0,1.5,-1.5,1005136.9322007752,
2014-04-09,54.741058349609375,56.49817657470703,-0.2810991967185953,0,1.5,-1.5,1005136.9322007752,
2014-04-10,55.08534622192383,56.67965316772461,-0.25675344396444,0,1.5,-1.5,1005136.9322007752,
2014-04-11,55.65914916992188,56.67965316772461,-0.992669220538948,0,1.5,-1.5,1005136.9322007752,
2014-04-14,55.31487274169922,56.67965316772461,0.5915675604028249,0,1.5,-1.5,1005136.9322007752,
2014-04-15,55.946044921875,56.861114501953125,-0.72685748577655,0,1.5,-1.5,1005136.9322007752,
2014-04-16,55.888668060302734,56.861114501953125,0.09463697523096123,0,1.5,-1.5,1005136.9322007752,
2014-04-17,55.77390670776367,57.0425910949707,0.5429093497776726,0,1.5,-1.5,1005136.9322007752,
2014-04-18,55.888668060302734,57.16355895996094,0.03654279788306222,0,1.5,-1.5,1005136.9322007752,
2014-04-21,55.42962265014648,57.10307312011719,0.6838861859737513,0,1.5,-1.5,1005136.9322007752,
2014-04-22,55.08534622192383,57.10307312011719,0.6148236231477469,0,1.5,-1.5,1005136.9322007752,
2014-04-23,55.08534622192383,57.16355895996094,0.12146687679059026,0,1.5,-1.5,1005136.9322007752,
2014-04-24,55.08534622192383,57.16355895996094,0.0004030744612606742,0,1.5,-1.5,1005136.9322007752,
2014-04-25,54.62628936767578,56.67965316772461,-0.1359452015338902,0,1.5,-1.5,1005136.9322007752,
2014-04-28,55.487003326416016,56.861114501953125,-1.1897824907375159,0,1.5,-1.5,1005136.9322007752,
2014-04-29,55.77390670776367,56.92159652709961,-0.3902992282056015,0,1.5,-1.5,1005136.9322007752,
2014-04-30,55.888668060302734,56.98209381103516,-0.08461158564715279,0,1.5,-1.5,1005136.9322007752,
2014-05-02,55.71652603149414,57.10307312011719,0.5643947211244713,0,1.5,-1.5,1005136.9322007752,
2014-05-05,55.37224197387695,56.861114501953125,0.15497493358253023,0,1.5,-1.5,1005136.9322007752,
2014-05-06,55.08534622192383,56.861114501953125,0.5931061029876157,0,1.5,-1.5,1005136.9322007752,
2014-05-07,54.62628936767578,56.861114501953125,1.010335480645801,0,1.5,-1.5,1005136.9322007752,
2014-05-08,55.83128356933594,56.92159652709961,-2.39027275751496,1,1.5,-1.5,1005072.4220855713,Long Spread
2014-05-09,55.37224197387695,57.34503936767578,1.9524468425470776,0,1.5,-1.5,1006772.882266388,Close
2014-05-12,54.68367767333984,56.861114501953125,0.343776272242359,0,1.5,-1.5,1006772.882266388,
2014-05-13,54.85581970214844,57.10307312011719,0.21094512419725922,0,1.5,-1.5,1006772.882266388,
2014-05-14,54.913204193115234,57.34503936767578,0.47133155302411234,0,1.5,-1.5,1006772.882266388,
2014-05-15,55.65914916992188,57.22405624389648,-1.884629582797384,1,1.5,-1.5,1006708.3669381714,Long Spread
2014-05-16,55.65914916992188,57.40553665161133,0.4200736775931453,0,1.5,-1.5,1007006.8051661683,Close
2014-05-19,55.71652603149414,57.46601104736328,0.022268906783138472,0,1.5,-1.5,1007006.8051661683,
2014-05-20,56.175567626953125,57.52650833129883,-0.835345944306801,0,1.5,-1.5,1007006.8051661683,
2014-05-21,56.74936294555664,57.70798873901367,-0.779693885904852,0,1.5,-1.5,1007006.8051661683,
2014-05-22,57.38057327270508,58.0709342956543,-0.46132808210204773,0,1.5,-1.5,1007006.8051661683,
2014-05-23,57.32317352294922,58.373382568359375,0.8406511447213854,0,1.5,-1.5,1007006.8051661683,
2014-05-26,56.69199752807617,58.55485534667969,1.7631246918018861,-1,1.5,-1.5,1006942.1952920533,Short Spread
2014-05-27,56.92151641845703,58.19190979003906,-1.3177369266364483,0,1.5,-1.5,1008062.5196490479,Close
2014-05-28,56.86414337158203,58.494361877441406,0.8411484743171129,0,1.5,-1.5,1008062.5196490479,
2014-05-29,56.69199752807617,58.373382568359375,0.08438316603662509,0,1.5,-1.5,1008062.5196490479,
2014-05-30,56.74936294555664,58.0709342956543,-0.8484778482216058,0,1.5,-1.5,1008062.5196490479,
2014-06-03,56.9788932800293,58.373382568359375,0.228146385923182,0,1.5,-1.5,1008062.5196490479,
2014-06-04,56.806766510009766,57.76847839355469,-1.0697410175608615,0,1.5,-1.5,1008062.5196490479,
2014-06-05,56.23295593261719,57.46601104736328,0.49840161982826214,0,1.5,-1.5,1008062.5196490479,
2014-06-06,56.175567626953125,57.70798873901367,0.7084999864761039,0,1.5,-1.5,1008062.5196490479,
2014-06-09,56.405086517333984,58.0709342956543,0.37741535071281396,0,1.5,-1.5,1008062.5196490479,
2014-06-10,56.806766510009766,58.433876037597656,0.004286859262312894,0,1.5,-1.5,1008062.5196490479,
2014-06-11,56.74936294555664,58.373382568359375,-0.021110574471922425,0,1.5,-1.5,1008062.5196490479,
2014-06-12,56.69199752807617,58.13142395019531,-0.4574595895830066,0,1.5,-1.5,1008062.5196490479,
2014-06-13,56.63461685180664,58.19190979003906,0.2738557073491511,0,1.5,-1.5,1008062.5196490479,
2014-06-16,56.74936294555664,58.31289291381836,0.04472483160460375,0,1.5,-1.5,1008062.5196490479,
2014-06-17,56.74936294555664,58.19190979003906,-0.29771145304536756,0,1.5,-1.5,1008062.5196490479,
2014-06-18,57.15103530883789,58.373382568359375,-0.4595271292428632,0,1.5,-1.5,1008062.5196490479,
2014-06-19,57.6674690246582,58.615333557128906,-0.5699336878605178,0,1.5,-1.5,1008062.5196490479,
2014-06-20,57.32317352294922,58.31289291381836,0.008739705502840681,0,1.5,-1.5,1008062.5196490479,
2014-06-23,57.26579284667969,58.31289291381836,0.1381353623707416,0,1.5,-1.5,1008062.5196490479,
2014-06-24,57.38057327270508,58.31289291381836,-0.2854291241711138,0,1.5,-1.5,1008062.5196490479,
2014-06-25,57.03628158569336,58.13142395019531,0.3518161398006922,0,1.5,-1.5,1008062.5196490479,
2014-06-26,56.86414337158203,58.0709342956543,0.2654585261025663,0,1.5,-1.5,1008062.5196490479,
2014-06-27,56.68168258666992,58.373382568359375,1.3133876765126453,0,1.5,-1.5,1008062.5196490479,
2014-06-30,56.19514846801758,58.19190979003906,0.7579775018393792,0,1.5,-1.5,1008062.5196490479,
2014-07-01,55.83024215698242,58.13142395019531,0.8024751192086534,0,1.5,-1.5,1008062.5196490479,
2014-07-02,56.19514846801758,58.0709342956543,-1.1341919986731266,0,1.5,-1.5,1008062.5196490479,
2014-07-03,55.526153564453125,57.94994735717773,1.432802902282719,0,1.5,-1.5,1008062.5196490479,
2014-07-04,54.73553466796875,57.8289680480957,1.7940796553757692,-1,1.5,-1.5,1007998.0170689393,Short Spread
2014-07-07,55.34370803833008,57.8289680480957,-1.595742242548205,0,1.5,-1.5,1009149.8369026185,Close
2014-07-08,55.28288650512695,58.13142395019531,1.032261198682129,0,1.5,-1.5,1009149.8369026185,
2014-07-09,55.46534729003906,58.13142395019531,-0.4804069289119433,0,1.5,-1.5,1009149.8369026185,
2014-07-10,55.22207260131836,58.0709342956543,0.47561279341482393,0,1.5,-1.5,1009149.8369026185,
2014-07-11,55.28288650512695,57.94994735717773,-0.5162472188919596,0,1.5,-1.5,1009149.8369026185,
2014-07-14,54.9179916381836,57.94994735717773,0.986227430274357,0,1.5,-1.5,1009149.8369026185,
2014-07-15,54.73553466796875,58.01043701171875,0.6820153068262137,0,1.5,-1.5,1009149.8369026185,
2014-07-16,54.9179916381836,57.8289680480957,-1.028296056371742,0,1.5,-1.5,1009149.8369026185,
2014-07-17,55.100433349609375,58.41636657714844,1.2176502421530198,0,1.5,-1.5,1009149.8369026185,
2014-07-18,55.83024215698242,58.41636657714844,-1.8507426143409171,1,1.5,-1.5,1009085.2670382692,Long Spread
2014-07-21,55.95187377929688,58.162376403808594,-0.9952169122852015,1,1.5,-1.5,1008334.0234469606,
2014-07-22,56.073516845703125,58.35286712646485,0.2131956922398782,0,1.5,-1.5,1008407.1417041017,Close
2014-07-23,56.073516845703125,58.35286712646485,0.0006903801887386034,0,1.5,-1.5,1008407.1417041017,
2014-07-24,56.073516845703125,58.41636657714844,0.17616261307211278,0,1.5,-1.5,1008407.1417041017,
2014-07-25,55.95187377929688,58.162376403808594,-0.3982858044440757,0,1.5,-1.5,1008407.1417041017,
2014-07-28,55.95187377929688,57.97188568115234,-0.5320948079200537,0,1.5,-1.5,1008407.1417041017,
2014-07-29,56.31678009033203,58.162376403808594,-0.3840607833995451,0,1.5,-1.5,1008407.1417041017,
2014-07-30,56.31678009033203,58.162376403808594,-0.0012083508223326668,0,1.5,-1.5,1008407.1417041017,
2014-07-31,55.95187377929688,58.09889221191406,0.7474725597730401,0,1.5,-1.5,1008407.1417041017,
2014-08-01,56.073516845703125,58.41636657714844,0.6309259730462117,0,1.5,-1.5,1008407.1417041017,
2014-08-04,56.25596237182617,58.09889221191406,-1.5091158011886636,1,1.5,-1.5,1008342.5675099184,Long Spread
2014-08-05,55.404518127441406,57.84489822387695,1.61370253840634,0,1.5,-1.5,1009472.9380459596,Close
2014-08-06,55.46534729003906,57.84489822387695,-0.1691307836969638,0,1.5,-1.5,1009472.9380459596,
2014-08-07,56.560054779052734,58.28938293457031,-1.633613943179047,1,1.5,-1.5,1009408.344068451,Long Spread
2014-08-08,56.68168258666992,58.09889221191406,-0.9343082352512195,1,1.5,-1.5,1008784.1070079041,
2014-08-11,57.1074104309082,58.28938293457031,-0.582027409189972,1,1.5,-1.5,1008313.63276474,
2014-08-12,56.74250411987305,58.28938293457031,0.9936453045012567,0,1.5,-1.5,1008978.8441113281,Close
2014-08-13,56.8641357421875,58.54335403442383,0.4501098336046928,0,1.5,-1.5,1008978.8441113281,
2014-08-14,57.16822814941406,58.41636657714844,-1.2135735464685617,0,1.5,-1.5,1008978.8441113281,
2014-08-15,57.47230529785156,58.41636657714844,-0.8155085982843074,0,1.5,-1.5,1008978.8441113281,
2014-08-18,57.47230529785156,58.35286712646485,-0.194597446379557,0,1.5,-1.5,1008978.8441113281,
2014-08-19,57.71558380126953,59.05132675170898,1.4911774607241521,0,1.5,-1.5,1008978.8441113281,
2014-08-20,57.77639389038086,59.241817474365234,0.4354599370443564,0,1.5,-1.5,1008978.8441113281,
2014-08-21,57.9588508605957,59.17830657958984,-0.7171861995807108,0,1.5,-1.5,1008978.8441113281,
2014-08-22,58.3237533569336,59.43230438232422,-0.22524840920218162,0,1.5,-1.5,1008978.8441113281,
2014-08-25,58.08047866821289,59.36880493164063,0.4866769182406448,0,1.5,-1.5,1008978.8441113281,
2014-08-26,58.26293182373047,59.36880493164063,-0.5131967726496736,0,1.5,-1.5,1008978.8441113281,
2014-08-27,58.8102912902832,59.36880493164063,-1.511178575019051,1,1.5,-1.5,1008914.1169474792,Long Spread
2014-08-28,58.93191909790039,59.49580001831055,0.05685286333398159,0,1.5,-1.5,1008860.11439682,Close
2014-08-29,57.9588508605957,58.98783493041992,1.1195607922070845,0,1.5,-1.5,1008860.11439682,
2014-09-01,56.13433074951172,58.54335403442383,3.5554174509306993,-1,1.5,-1.5,1008795.5272894286,Short Spread
2014-09-02,55.100433349609375,58.35286712646485,2.259546601619891,-1,1.5,-1.5,1007108.7063055419,
2014-09-03,55.404518127441406,58.98783493041992,1.0569281556725991,-1,1.5,-1.5,1006446.9402532958,
2014-09-04,55.708614349365234,58.73384475708008,-1.5324411448426958,0,1.5,-1.5,1007498.5353454589,Close
2014-09-05,55.46534729003906,58.41636657714844,-0.2780528356265773,0,1.5,-1.5,1007498.5353454589,
2014-09-09,55.34370803833008,58.60686111450195,0.8705299494682244,0,1.5,-1.5,1007498.5353454589,
2014-09-10,55.34370803833008,58.35286712646485,-0.7276213258532377,0,1.5,-1.5,1007498.5353454589,
2014-09-11,54.97880554199219,58.28938293457031,0.7851180319860004,0,1.5,-1.5,1007498.5353454589,
2014-09-12,55.34370803833008,58.47985458374024,-0.4157630639028953,0,1.5,-1.5,1007498.5353454589,
2014-09-15,55.100433349609375,58.162376403808594,-0.27427592695502256,0,1.5,-1.5,1007498.5353454589,
2014-09-16,54.73553466796875,58.03538131713867,0.6066597204064955,0,1.5,-1.5,1007498.5353454589,
2014-09-17,55.100433349609375,58.22587585449219,-0.4174040797736762,0,1.5,-1.5,1007498.5353454589,
2014-09-18,55.03961944580078,58.41636657714844,0.7097248385334809,0,1.5,-1.5,1007498.5353454589,
2014-09-19,55.22207260131836,58.41636657714844,-0.47882305332526204,0,1.5,-1.5,1007498.5353454589,
2014-09-22,54.49227142333984,58.162376403808594,1.2223838753943077,0,1.5,-1.5,1007498.5353454589,
2014-09-23,54.24900436401367,58.22587585449219,0.8592087257777774,0,1.5,-1.5,1007498.5353454589,
2014-09-24,55.34370803833008,58.28938293457031,-2.5622677207416356,1,1.5,-1.5,1007433.99002182,Long Spread
2014-09-25,54.49227142333984,58.09889221191406,1.5992048530056695,0,1.5,-1.5,1008691.3781599426,Close
2014-09-26,55.95187377929688,58.09889221191406,-3.2082377653892333,1,1.5,-1.5,1008626.816129303,Long Spread
2014-09-29,55.647796630859375,57.78141784667969,-0.12020021929838805,1,1.5,-1.5,1008600.0216957092,
2014-09-30,56.13433074951172,58.22587585449219,0.019694902342825026,0,1.5,-1.5,1008451.2950657654,Close
2014-10-01,55.95187377929688,58.22587585449219,0.40764439384219936,0,1.5,-1.5,1008451.2950657654,
2014-10-02,56.13433074951172,58.09889221191406,-0.7171923751556991,0,1.5,-1.5,1008451.2950657654,
2014-10-03,56.68168258666992,58.28938293457031,-0.7244075596279758,0,1.5,-1.5,1008451.2950657654,
2014-10-06,55.95187377929688,57.84489822387695,0.5035642345275287,0,1.5,-1.5,1008451.2950657654,
2014-10-07,56.62086486816406,57.84489822387695,-1.4278272294699943,0,1.5,-1.5,1008451.2950657654,
2014-10-08,56.49923706054688,58.09889221191406,0.861141172182467,0,1.5,-1.5,1008451.2950657654,
2014-10-09,56.92495346069336,58.03538131713867,-1.037152630643018,0,1.5,-1.5,1008451.2950657654,
2014-10-13,57.41149139404297,57.84489822387695,-1.4289571444618547,0,1.5,-1.5,1008451.2950657654,
2014-10-14,57.89802551269531,58.03538131713867,-0.5411806662709467,0,1.5,-1.5,1008451.2950657654,
2014-10-15,58.26293182373047,58.09889221191406,-0.5790207645887633,0,1.5,-1.5,1008451.2950657654,
2014-10-16,58.384578704833984,58.09889221191406,-0.2405813692319697,0,1.5,-1.5,1008451.2950657654,
2014-10-17,58.99274826049805,57.33694839477539,-2.701583124946067,1,1.5,-1.5,1008386.6418778992,Long Spread
2014-10-20,58.87110900878906,57.84489822387695,1.260229252660848,0,1.5,-1.5,1009581.1513992309,Close
2014-10-21,58.384578704833984,58.22587585449219,1.637747376563698,-1,1.5,-1.5,1009516.4869810486,Short Spread
2014-10-22,58.01966857910156,58.162376403808594,0.5263482039198727,-1,1.5,-1.5,1008913.6656309509,
2014-10-23,58.20212173461914,58.03538131713867,-0.5867204307842872,0,1.5,-1.5,1009467.9126152039,Close
2014-10-24,58.50620269775391,58.22587585449219,-0.14662386336030253,0,1.5,-1.5,1009467.9126152039,
2014-10-27,58.14130401611328,58.162376403808594,0.516935450270931,0,1.5,-1.5,1009467.9126152039,
2014-10-28,58.01966857910156,58.41636657714844,0.7459164502999621,0,1.5,-1.5,1009467.9126152039,
2014-10-29,58.68865585327149,58.67034912109375,-0.6645023052176678,0,1.5,-1.5,1009467.9126152039,
2014-10-30,60.02663803100586,58.86083984375,-1.8523367317330133,1,1.5,-1.5,1009403.1571160889,Long Spread
2014-10-31,60.02663803100586,58.86083984375,-0.005110686798779386,1,1.5,-1.5,1009403.1571160889,
2014-11-03,59.78336334228516,58.73384475708008,0.1542080217542139,0,1.5,-1.5,1009570.9756318665,Close
2014-11-04,59.84418487548828,58.73384475708008,-0.1004910702031272,0,1.5,-1.5,1009570.9756318665,
2014-11-05,59.54009628295898,58.67034912109375,0.3830406544222781,0,1.5,-1.5,1009570.9756318665,
2014-11-06,60.02663803100586,58.73384475708008,-0.6807151970954027,0,1.5,-1.5,1009570.9756318665,
2014-11-07,59.114376068115234,58.54335403442383,1.1480133745477772,0,1.5,-1.5,1009570.9756318665,
2014-11-10,59.72254943847656,58.86083984375,-0.39030129150910225,0,1.5,-1.5,1009570.9756318665,
2014-11-11,59.60091781616211,58.9243392944336,0.3267480483838142,0,1.5,-1.5,1009570.9756318665,
2014-11-12,59.053558349609375,58.67034912109375,0.4256631336992387,0,1.5,-1.5,1009570.9756318665,
2014-11-13,59.84418487548828,58.73384475708008,-1.1896915775056296,0,1.5,-1.5,1009570.9756318665,
2014-11-14,59.60091781616211,58.98783493041992,0.8908982557083586,0,1.5,-1.5,1009570.9756318665,
2014-11-17,59.053558349609375,58.79734420776367,0.5493375068375801,0,1.5,-1.5,1009570.9756318665,
2014-11-18,59.47927474975586,58.86083984375,-0.5851842402128512,0,1.5,-1.5,1009570.9756318665,
2014-11-19,59.90499877929688,59.17830657958984,-0.08894228612956989,0,1.5,-1.5,1009570.9756318665,
2014-11-20,59.60091781616211,59.43230438232422,0.9865118279957498,0,1.5,-1.5,1009570.9756318665,
2014-11-21,59.60091781616211,59.36880493164063,-0.12027422478058894,0,1.5,-1.5,1009570.9756318665,
2014-11-24,59.6617317199707,59.17830657958984,-0.46902573261490177,0,1.5,-1.5,1009570.9756318665,
2014-11-25,59.29682540893555,58.67034912109375,-0.3856798224461089,0,1.5,-1.5,1009570.9756318665,
2014-11-26,59.17518997192383,58.79734420776367,0.4811448167269849,0,1.5,-1.5,1009570.9756318665,
2014-11-27,59.60091781616211,58.79734420776367,-0.7712615328307597,0,1.5,-1.5,1009570.9756318665,
2014-11-28,59.84418487548828,59.05132675170898,0.0982320549716149,0,1.5,-1.5,1009570.9756318665,
2014-12-01,59.72254943847656,58.67034912109375,-0.5968921812983724,0,1.5,-1.5,1009570.9756318665,
2014-12-02,59.60091781616211,58.54335403442383,-0.05380163815029152,0,1.5,-1.5,1009570.9756318665,
2014-12-03,60.8172721862793,58.86083984375,-1.4620680390906513,0,1.5,-1.5,1009570.9756318665,
2014-12-04,61.12135314941406,58.9243392944336,-0.39144388798041174,0,1.5,-1.5,1009570.9756318665,
2014-12-05,60.20909881591797,58.9243392944336,1.5601242327326974,-1,1.5,-1.5,1009506.210294342,Short Spread
2014-12-08,60.39153289794922,59.05132675170898,-0.050357828039512734,0,1.5,-1.5,1009552.3258294677,Close
2014-12-09,60.8172721862793,58.86083984375,-1.101498147468366,0,1.5,-1.5,1009552.3258294677,
2014-12-10,60.20909881591797,58.47985458374024,0.25411598141467834,0,1.5,-1.5,1009552.3258294677,
2014-12-11,59.90499877929688,58.28938293457031,0.13187562868658959,0,1.5,-1.5,1009552.3258294677,
2014-12-12,59.78336334228516,58.35286712646485,0.3449128214549502,0,1.5,-1.5,1009552.3258294677,
2014-12-15,59.29682540893555,58.162376403808594,0.46071589963994325,0,1.5,-1.5,1009552.3258294677,
2014-12-16,60.5131721496582,58.41636657714844,-1.5548247504682364,1,1.5,-1.5,1009487.5686479186,Long Spread
2014-12-17,59.41845703125,58.28938293457031,1.5981809037988266,0,1.5,-1.5,1011358.3232859802,Close
2014-12-18,60.26991271972656,58.41636657714844,-1.2073982626791706,0,1.5,-1.5,1011358.3232859802,
2014-12-19,61.42543029785156,58.73384475708008,-1.292340003674795,0,1.5,-1.5,1011358.3232859802,
2014-12-22,60.75643157958984,58.79734420776367,1.3401482686286679,0,1.5,-1.5,1011358.3232859802,
2014-12-23,61.12135314941406,58.41636657714844,-1.4581771471706846,0,1.5,-1.5,1011358.3232859802,
2014-12-24,61.12135314941406,59.05132675170898,1.3288089676464898,0,1.5,-1.5,1011358.3232859802,
2014-12-25,61.42543029785156,58.98783493041992,-0.6524114078326112,0,1.5,-1.5,1011358.3232859802,
2014-12-26,61.42543029785156,59.05132675170898,0.13056030346603825,0,1.5,-1.5,1011358.3232859802,
2014-12-29,61.42543029785156,59.17830657958984,0.26539117993933053,0,1.5,-1.5,1011358.3232859802,
2014-12-30,62.64176940917969,59.17830657958984,-1.9653947644044714,1,1.5,-1.5,1011293.4504829407,Long Spread
2014-12-31,63.554046630859375,59.6862907409668,-0.4499529992944527,1,1.5,-1.5,1010484.8643623352,
2015-01-05,63.24994659423828,59.05132675170898,-0.7636867133488657,1,1.5,-1.5,1009823.1364570617,
2015-01-06,61.7295150756836,58.73384475708008,1.7960678514458648,0,1.5,-1.5,1012164.21697052,Close
2015-01-07,61.12135314941406,58.73384475708008,1.0199778206976795,0,1.5,-1.5,1012164.21697052,
2015-01-08,63.554046630859375,58.9243392944336,-3.1427544521627655,1,1.5,-1.5,1012099.317835083,Long Spread
2015-01-09,64.16222381591797,59.05132675170898,-0.6134021019960444,1,1.5,-1.5,1011136.9383795166,
2015-01-12,65.68263244628906,59.49580001831055,-1.2120662881743471,1,1.5,-1.5,1008985.0676519775,
2015-01-13,67.20306396484375,59.74977493286133,-1.4803464675360722,1,1.5,-1.5,1006452.1544439697,
2015-01-14,65.68263244628906,59.62279510498047,1.6989424111448637,0,1.5,-1.5,1009174.0456082153,Close
2015-01-15,64.16222381591797,59.36880493164063,1.6091046490787595,-1,1.5,-1.5,1009109.1043670654,Short Spread
2015-01-16,65.68263244628906,59.559303283691406,-1.6411950128927506,0,1.5,-1.5,1011703.9152462768,Close
2015-01-19,65.68263244628906,59.62279510498047,0.10012321409437311,0,1.5,-1.5,1011703.9152462768,
2015-01-20,64.46629333496094,59.94026565551758,2.0491346945728726,-1,1.5,-1.5,1011638.9389839171,Short Spread
2015-01-21,65.68263244628906,60.321250915527344,-0.9063547255248119,0,1.5,-1.5,1013244.6065312193,Close
2015-01-22,65.68263244628906,60.5117416381836,0.2977384878040741,0,1.5,-1.5,1013244.6065312193,
2015-01-23,65.68263244628906,60.63872909545898,0.20087303690493644,0,1.5,-1.5,1013244.6065312193,
2015-01-26,65.68263244628906,60.5117416381836,-0.20492386456277023,0,1.5,-1.5,1013244.6065312193,
2015-01-27,65.68263244628906,60.63872909545898,0.20479448328187722,0,1.5,-1.5,1013244.6065312193,
2015-01-28,65.98673248291016,60.63872909545898,-0.38286908261236885,0,1.5,-1.5,1013244.6065312193,
2015-01-29,65.37855529785156,60.321250915527344,0.25835443099605926,0,1.5,-1.5,1013244.6065312193,
2015-01-30,63.24994659423828,60.63872909545898,3.148514340357575,-1,1.5,-1.5,1013179.6509841917,Short Spread
2015-02-02,64.46629333496094,60.575233459472656,-1.5730642601081997,0,1.5,-1.5,1015674.3340765379,Close
2015-02-03,63.554046630859375,60.63872909545898,1.2124083236832661,0,1.5,-1.5,1015674.3340765379,
2015-02-04,63.85811614990234,60.82921600341797,-0.08224867608081474,0,1.5,-1.5,1015674.3340765379,
2015-02-05,64.7703857421875,60.95621109008789,-0.9006239159637758,0,1.5,-1.5,1015674.3340765379,
2015-02-06,65.07447052001953,60.95621109008789,-0.3573849006072388,0,1.5,-1.5,1015674.3340765379,
2015-02-09,65.07447052001953,60.70222091674805,-0.3746786539339868,0,1.5,-1.5,1015674.3340765379,
2015-02-10,65.07447052001953,60.95621109008789,0.37472724981525357,0,1.5,-1.5,1015674.3340765379,
2015-02-11,65.37855529785156,60.95621109008789,-0.35453955971814993,0,1.5,-1.5,1015674.3340765379,
2015-02-12,65.07447052001953,61.2736930847168,0.822650931733587,0,1.5,-1.5,1015674.3340765379,
2015-02-13,65.37855529785156,61.52766799926758,0.017175764740755755,0,1.5,-1.5,1015674.3340765379,
2015-02-24,66.29080963134766,62.60710525512695,0.49798111804128886,0,1.5,-1.5,1015674.3340765379,
2015-02-25,67.20306396484375,62.7975959777832,-0.753541650443897,0,1.5,-1.5,1015674.3340765379,
2015-02-26,65.37855529785156,62.35312271118164,1.4493283908715813,0,1.5,-1.5,1015674.3340765379,
2015-03-02,66.89898681640625,62.22613906860352,-1.8155879170437645,1,1.5,-1.5,1015609.1690715025,Long Spread
2015-03-03,66.89898681640625,62.22613906860352,-0.00404491681074381,1,1.5,-1.5,1015609.1690715025,
2015-03-04,66.29080963134766,62.22613906860352,0.6549210432382394,0,1.5,-1.5,1016760.3827636717,Close
2015-03-05,65.98673248291016,62.22613906860352,0.3345947201070998,0,1.5,-1.5,1016760.3827636717,
2015-03-06,65.68263244628906,62.22613906860352,0.33862671533071675,0,1.5,-1.5,1016760.3827636717,
2015-03-09,64.46629333496094,61.71815872192383,0.6764923125448941,0,1.5,-1.5,1016760.3827636717,
2015-03-10,65.98673248291016,61.78166580200195,-1.5824293626911263,1,1.5,-1.5,1016695.2720277403,Long Spread
2015-03-11,65.98673248291016,61.78166580200195,-0.003619153928674813,1,1.5,-1.5,1016695.2720277403,
2015-03-12,65.98673248291016,61.90864181518555,0.17410637533897633,0,1.5,-1.5,1016884.1082391355,Close
2015-03-13,66.89898681640625,62.54360580444336,-0.12172017161078837,0,1.5,-1.5,1016884.1082391355,
2015-03-16,65.68263244628906,62.22613906860352,0.8972004879115947,0,1.5,-1.5,1016884.1082391355,
2015-03-17,66.59490203857422,62.48012161254883,-0.6414220270497365,0,1.5,-1.5,1016884.1082391355,
2015-03-18,65.98673248291016,62.60710525512695,0.8290830142561934,0,1.5,-1.5,1016884.1082391355,
2015-03-19,66.59490203857422,62.8610954284668,-0.31314398966860546,0,1.5,-1.5,1016884.1082391355,
2015-03-20,67.81124877929688,62.92458724975586,-1.1625723514892277,0,1.5,-1.5,1016884.1082391355,
2015-03-23,67.20306396484375,62.73408889770508,0.3764980526663817,0,1.5,-1.5,1016884.1082391355,
2015-03-24,67.50716400146484,63.30556106567383,0.43573143931471825,0,1.5,-1.5,1016884.1082391355,
2015-03-25,67.20306396484375,63.1785774230957,0.15574255641431986,0,1.5,-1.5,1016884.1082391355,
2015-03-26,66.89898681640625,63.36906051635742,0.589415054232205,0,1.5,-1.5,1016884.1082391355,
2015-03-27,66.89898681640625,63.1785774230957,-0.2595462443982151,0,1.5,-1.5,1016884.1082391355,
2015-03-30,66.89898681640625,63.1785774230957,-0.0005834069302050895,0,1.5,-1.5,1016884.1082391355,
2015-03-31,66.59490203857422,63.1785774230957,0.3440227129975799,0,1.5,-1.5,1016884.1082391355,
2015-04-01,66.29080963134766,62.67060470581055,-0.37292954332611156,0,1.5,-1.5,1016884.1082391355,
2015-04-02,67.50716400146484,63.051570892333984,-0.8133744808263198,0,1.5,-1.5,1016884.1082391355,
2015-04-07,66.89898681640625,62.73408889770508,0.22789331161594806,0,1.5,-1.5,1016884.1082391355,
2015-04-08,65.68263244628906,62.73408889770508,1.4032663538981263,0,1.5,-1.5,1016884.1082391355,
2015-04-09,67.20306396484375,62.92458724975586,-1.4141134242633957,0,1.5,-1.5,1016884.1082391355,
2015-04-10,65.68263244628906,63.1785774230957,2.0151224445214235,-1,1.5,-1.5,1016818.9537907407,Short Spread
2015-04-13,67.20306396484375,63.242069244384766,-1.5393157290087733,0,1.5,-1.5,1019667.6153799436,Close
2015-04-14,66.29080963134766,62.8610954284668,0.46560868912700576,0,1.5,-1.5,1019667.6153799436,
2015-04-15,63.554046630859375,61.90864181518555,1.893221329682332,-1,1.5,-1.5,1019602.5968724057,Short Spread
2015-04-16,63.24994659423828,62.28962326049805,0.9730692492014036,-1,1.5,-1.5,1018232.4339085385,
2015-04-17,62.94586181640625,61.97214889526367,-0.09955184658044162,0,1.5,-1.5,1018194.2163629148,Close
2015-04-20,62.94586181640625,62.0991325378418,0.20239202327342792,0,1.5,-1.5,1018194.2163629148,
2015-04-21,64.46629333496094,62.22613906860352,-1.7055127593618462,1,1.5,-1.5,1018129.1486656186,Long Spread
2015-04-22,64.7703857421875,62.22613906860352,-0.37692208988897885,1,1.5,-1.5,1017520.9638511655,
2015-04-23,65.68263244628906,62.73408889770508,-0.34465790758215836,1,1.5,-1.5,1016712.3701011655,
2015-04-24,66.59490203857422,63.11507797241211,-0.513618011924658,1,1.5,-1.5,1015649.8090660092,
2015-04-27,66.59490203857422,63.051570892333984,-0.09621317402009671,1,1.5,-1.5,1015522.794905853,
2015-04-28,66.29080963134766,63.051570892333984,0.3690846910312067,0,1.5,-1.5,1016065.8060250852,Close
2015-04-29,65.98673248291016,63.11507797241211,0.47218709434049067,0,1.5,-1.5,1016065.8060250852,
2015-04-30,65.68263244628906,62.8610954284668,-0.01211514563311076,0,1.5,-1.5,1016065.8060250852,
2015-05-04,65.98673248291016,62.8610954284668,-0.37578196814549375,0,1.5,-1.5,1016065.8060250852,
2015-05-05,65.68263244628906,63.051570892333984,0.6689793354282794,0,1.5,-1.5,1016065.8060250852,
2015-05-06,66.29080963134766,63.11507797241211,-0.6455652841896887,0,1.5,-1.5,1016065.8060250852,
2015-05-07,66.59490203857422,62.67060470581055,-1.0212290984755685,0,1.5,-1.5,1016065.8060250852,
2015-05-08,65.98673248291016,62.7975959777832,1.0021305407512122,0,1.5,-1.5,1016065.8060250852,
2015-05-11,66.59490203857422,62.92458724975586,-0.5970712557321267,0,1.5,-1.5,1016065.8060250852,
2015-05-12,65.68263244628906,62.92458724975586,1.2450283255432697,0,1.5,-1.5,1016065.8060250852,
2015-05-13,64.7703857421875,62.67060470581055,0.8489680875353577,0,1.5,-1.5,1016065.8060250852,
2015-05-14,65.37855529785156,62.48012161254883,-1.1764376249384387,0,1.5,-1.5,1016065.8060250852,
2015-05-15,64.46629333496094,62.48012161254883,1.2784939863681795,0,1.5,-1.5,1016065.8060250852,
2015-05-18,65.07447052001953,62.48012161254883,-0.8428408898234742,0,1.5,-1.5,1016065.8060250852,
2015-05-19,65.98673248291016,62.8610954284668,-0.5903392570262986,0,1.5,-1.5,1016065.8060250852,
2015-05-20,65.98673248291016,62.54360580444336,-0.5269162259439412,0,1.5,-1.5,1016065.8060250852,
2015-05-21,64.46629333496094,61.97214889526367,1.1042795942602193,0,1.5,-1.5,1016065.8060250852,
2015-05-22,64.7703857421875,62.35312271118164,0.2352613065223917,0,1.5,-1.5,1016065.8060250852,
2015-05-25,65.37855529785156,62.22613906860352,-1.0317246920244152,0,1.5,-1.5,1016065.8060250852,
2015-05-26,65.07447052001953,62.0991325378418,0.19400141814050892,0,1.5,-1.5,1016065.8060250852,
2015-05-27,65.37855529785156,62.0991325378418,-0.4178721093136061,0,1.5,-1.5,1016065.8060250852,
2015-05-28,64.46629333496094,61.78166580200195,0.7521101829060464,0,1.5,-1.5,1016065.8060250852,
2015-05-29,65.68263244628906,61.5911750793457,-1.9932970127268748,1,1.5,-1.5,1016000.7150727841,Long Spread
2015-06-01,64.46629333496094,61.6546745300293,1.7635761504631962,0,1.5,-1.5,1018495.3473580929,Close
2015-06-02,63.85811614990234,61.52766799926758,0.6394955691306532,0,1.5,-1.5,1018495.3473580929,
2015-06-03,64.16222381591797,61.33719253540039,-0.7578919501717402,0,1.5,-1.5,1018495.3473580929,
2015-06-04,63.24994659423828,60.82921600341797,0.39512507490016363,0,1.5,-1.5,1018495.3473580929,
2015-06-05,62.94586181640625,60.95621109008789,0.6965480397179642,0,1.5,-1.5,1018495.3473580929,
2015-06-08,63.85811614990234,62.0356330871582,0.6246122532296998,0,1.5,-1.5,1018495.3473580929,
2015-06-09,63.554046630859375,61.5911750793457,-0.3600295513649246,0,1.5,-1.5,1018495.3473580929,
2015-06-10,63.554046630859375,61.5911750793457,-0.0008870473832495668,0,1.5,-1.5,1018495.3473580929,
2015-06-11,64.46629333496094,61.90864181518555,-0.7541610929702449,0,1.5,-1.5,1018495.3473580929,
2015-06-12,63.554046630859375,61.5911750793457,0.7640198743283635,0,1.5,-1.5,1018495.3473580929,
2015-06-15,63.554046630859375,61.33719253540039,-0.46969621604496503,0,1.5,-1.5,1018495.3473580929,
2015-06-16,63.554046630859375,60.95621109008789,-0.7064113434615636,0,1.5,-1.5,1018495.3473580929,
2015-06-17,62.64176940917969,60.765716552734375,1.0367401154957514,0,1.5,-1.5,1018495.3473580929,
2015-06-18,64.16222381591797,60.8927116394043,-1.952992211968412,1,1.5,-1.5,1018430.3451606747,Long Spread
2015-06-22,64.46629333496094,61.40068435668945,0.4670777675771262,0,1.5,-1.5,1018773.1168780513,Close
2015-06-23,65.07447052001953,61.5911750793457,-0.5035699268940009,0,1.5,-1.5,1018773.1168780513,
2015-06-24,65.07447052001953,61.71815872192383,0.21880873555520272,0,1.5,-1.5,1018773.1168780513,
2015-06-25,65.37855529785156,61.90864181518555,-0.08572105533906606,0,1.5,-1.5,1018773.1168780513,
2015-06-26,66.08431243896484,61.90864181518555,-0.9314509407797706,0,1.5,-1.5,1018773.1168780513,
2015-06-29,67.04670715332031,61.90864181518555,-1.2095258102742155,0,1.5,-1.5,1018773.1168780513,
2015-06-30,66.08431243896484,62.48012161254883,2.0858676170982915,-1,1.5,-1.5,1018707.9743006893,Short Spread
2015-07-01,67.36750793457031,62.22613906860352,-1.8888653627135925,0,1.5,-1.5,1021717.1466339107,Close
2015-07-02,66.08431243896484,62.28962326049805,1.594295538555521,-1,1.5,-1.5,1021652.0116764827,Short Spread
2015-07-03,66.08431243896484,62.4166145324707,0.20041329967213742,-1,1.5,-1.5,1021398.0291325374,
2015-07-06,65.44271850585938,62.4166145324707,0.8112177881170466,-1,1.5,-1.5,1020114.8412663265,
2015-07-07,65.44271850585938,62.67060470581055,0.42861415830187094,-1,1.5,-1.5,1019606.8609196468,
2015-07-08,65.44271850585938,62.22613906860352,-0.7649251007531631,0,1.5,-1.5,1020430.6854397579,Close
2015-07-09,64.1595230102539,62.0356330871582,1.456229300997658,0,1.5,-1.5,1020430.6854397579,
2015-07-10,64.1595230102539,62.0356330871582,0.003676512402002801,0,1.5,-1.5,1020430.6854397579,
2015-07-13,64.48031616210938,62.35312271118164,0.1097070407379979,0,1.5,-1.5,1020430.6854397579,
2015-07-14,66.08431243896484,62.35312271118164,-2.1827861578494816,1,1.5,-1.5,1020365.5479423519,Long Spread
2015-07-15,65.44271850585938,62.35312271118164,0.8581944886372045,0,1.5,-1.5,1021583.6239749142,Close
2015-07-16,65.76351928710938,63.39278793334961,1.3589644495430102,0,1.5,-1.5,1021583.6239749142,
2015-07-17,65.44271850585938,63.52638244628906,0.6853884620365418,0,1.5,-1.5,1021583.6239749142,
2015-07-20,64.48031616210938,63.459590911865234,1.2664773583251228,0,1.5,-1.5,1021583.6239749142,
2015-07-21,64.48031616210938,63.52638244628906,0.12191054756131844,0,1.5,-1.5,1021583.6239749142,
2015-07-22,64.80111694335938,63.65999221801758,-0.22914104772281121,0,1.5,-1.5,1021583.6239749142,
2015-07-23,65.12191772460938,63.72678756713867,-0.3430095505107032,0,1.5,-1.5,1021583.6239749142,
2015-07-24,66.40510559082031,63.79358673095703,-1.611850639543202,1,1.5,-1.5,1021518.4160272214,Long Spread
2015-07-27,65.76351928710938,64.1275863647461,1.393883807595557,0,1.5,-1.5,1023404.3922579953,Close
2015-07-28,65.76351928710938,63.79358673095703,-0.5461834538729943,0,1.5,-1.5,1023404.3922579953,
2015-07-29,65.44271850585938,64.1275863647461,0.9813079265271886,0,1.5,-1.5,1023404.3922579953,
2015-07-30,66.08431243896484,64.46158599853516,-0.30923383497675494,0,1.5,-1.5,1023404.3922579953,
2015-07-31,67.04670715332031,65.46358489990234,0.3461524290741433,0,1.5,-1.5,1023404.3922579953,
2015-08-03,66.40510559082031,65.32997131347656,0.6428567380526136,0,1.5,-1.5,1023404.3922579953,
2015-08-04,67.36750793457031,66.06477355957031,-0.09292231859206253,0,1.5,-1.5,1023404.3922579953,
2015-08-05,67.68830108642578,66.33196258544922,0.004364264950169041,0,1.5,-1.5,1023404.3922579953,
2015-08-06,66.40510559082031,65.86437225341797,0.9783699742087871,0,1.5,-1.5,1023404.3922579953,
2015-08-07,67.04670715332031,65.46358489990234,-1.5074887018818182,1,1.5,-1.5,1023339.0918463132,Long Spread
2015-08-10,66.08431243896484,65.59717559814453,1.5186651391856736,0,1.5,-1.5,1025465.795411987,Close
2015-08-11,66.08431243896484,65.9311752319336,0.558220361808596,0,1.5,-1.5,1025465.795411987,
2015-08-12,65.44271850585938,66.13157653808594,1.240880953631776,0,1.5,-1.5,1025465.795411987,
2015-08-13,65.76351928710938,65.73078155517578,-1.1070991899448033,0,1.5,-1.5,1025465.795411987,
2015-08-14,65.76351928710938,65.12957000732422,-0.9933408462271712,0,1.5,-1.5,1025465.795411987,
2015-08-17,64.80111694335938,65.06277465820312,1.223517856231278,0,1.5,-1.5,1025465.795411987,
2015-08-18,64.48031616210938,65.73078155517578,1.5785680962859787,-1,1.5,-1.5,1025400.5869680783,Short Spread
2015-08-19,65.12191772460938,65.73078155517578,-0.8915061936288352,0,1.5,-1.5,1026618.5559851071,Close
2015-08-20,64.48031616210938,65.39677429199219,0.3457810327824224,0,1.5,-1.5,1026618.5559851071,
2015-08-21,64.1595230102539,65.12957000732422,0.009312611454924177,0,1.5,-1.5,1026618.5559851071,
2015-08-24,62.49136734008789,63.52638244628906,-0.3448484541178842,0,1.5,-1.5,1026618.5559851071,
2015-08-25,62.17058181762695,63.65999221801758,0.7674510067396124,0,1.5,-1.5,1026618.5559851071,
2015-08-26,62.23473739624024,63.52638244628906,-0.3547975465655134,0,1.5,-1.5,1026618.5559851071,
2015-08-27,63.06880569458008,64.19438171386719,-0.07574546813239884,0,1.5,-1.5,1026618.5559851071,
2015-08-28,63.00465774536133,64.19438171386719,0.10117812553629012,0,1.5,-1.5,1026618.5559851071,
2015-08-31,62.74801254272461,65.99796295166016,3.4337543539581814,-1,1.5,-1.5,1026553.4061460873,Short Spread
2015-09-01,63.83872222900391,65.06277465820312,-2.865230317741059,0,1.5,-1.5,1030540.0460456845,Close
2015-09-02,64.03120422363281,64.79558563232422,-0.6541409902646887,0,1.5,-1.5,1030540.0460456845,
2015-09-03,65.12191772460938,64.99598693847656,-1.03584582638151,0,1.5,-1.5,1030540.0460456845,
2015-09-04,64.03120422363281,65.12957000732422,1.5233954237595861,-1,1.5,-1.5,1030474.8796147152,Short Spread
2015-09-07,64.80111694335938,65.12957000732422,-0.9250047769672703,0,1.5,-1.5,1031949.5078266903,Close
2015-09-08,64.1595230102539,64.46158599853516,-0.19160952035990653,0,1.5,-1.5,1031949.5078266903,
2015-09-09,64.1595230102539,65.12957000732422,0.9666958955356627,0,1.5,-1.5,1031949.5078266903,
2015-09-10,64.1595230102539,65.12957000732422,0.0023470270640155552,0,1.5,-1.5,1031949.5078266903,
2015-09-11,64.80111694335938,65.46358489990234,-0.30492548401398756,0,1.5,-1.5,1031949.5078266903,
2015-09-14,64.80111694335938,65.46358489990234,-0.0007230075299375706,0,1.5,-1.5,1031949.5078266903,
2015-09-15,65.12191772460938,65.73078155517578,-0.004698180219674701,0,1.5,-1.5,1031949.5078266903,
2015-09-16,64.80111694335938,65.73078155517578,0.3955592484979648,0,1.5,-1.5,1031949.5078266903,
2015-09-17,64.80111694335938,65.79756927490234,0.09866318605414719,0,1.5,-1.5,1031949.5078266903,
2015-09-18,66.72590637207031,65.79756927490234,-2.1642881937802674,1,1.5,-1.5,1031884.2068876645,Long Spread
2015-09-21,65.76351928710938,65.12957000732422,0.16540059178505803,0,1.5,-1.5,1032407.7467988584,Close
2015-09-22,66.72590637207031,65.66397094726562,-0.35493895714445806,0,1.5,-1.5,1032407.7467988584,
2015-09-23,64.80111694335938,65.26316833496094,1.7210581290692852,-1,1.5,-1.5,1032342.5442274472,Short Spread
2015-09-24,64.80111694335938,65.5303726196289,0.40134452180244823,-1,1.5,-1.5,1031808.1356581113,
2015-09-25,64.1595230102539,65.46358489990234,0.7159890110281345,-1,1.5,-1.5,1030658.5232313535,
2015-09-29,64.1595230102539,65.46358489990234,0.001736073067406988,-1,1.5,-1.5,1030658.5232313535,
2015-09-30,64.48031616210938,65.99796295166016,0.3935161791909721,-1,1.5,-1.5,1030231.3534315488,
2015-10-01,64.1595230102539,65.9311752319336,0.31593433282548866,-1,1.5,-1.5,1029723.342567291,
2015-10-02,64.48031616210938,66.13157653808594,-0.11234169501078335,0,1.5,-1.5,1029898.9017829893,Close
2015-10-05,63.90288925170898,65.86437225341797,0.3509414786378343,0,1.5,-1.5,1029898.9017829893,
2015-10-06,64.1595230102539,65.86437225341797,-0.3376122499128509,0,1.5,-1.5,1029898.9017829893,
2015-10-07,64.48031616210938,65.79756927490234,-0.5359009975071624,0,1.5,-1.5,1029898.9017829893,
2015-10-08,64.48031616210938,65.79756927490234,-0.0012868336281331191,0,1.5,-1.5,1029898.9017829893,
2015-10-12,64.80111694335938,66.13157653808594,0.09681726575595366,0,1.5,-1.5,1029898.9017829893,
2015-10-13,65.12191772460938,66.06477355957031,-0.5288706191501922,0,1.5,-1.5,1029898.9017829893,
2015-10-14,64.48031616210938,66.06477355957031,0.8640106699769601,0,1.5,-1.5,1029898.9017829893,
2015-10-15,65.12191772460938,66.33196258544922,-0.43563198437258394,0,1.5,-1.5,1029898.9017829893,
2015-10-16,66.08431243896484,65.9311752319336,-1.7940914383422617,1,1.5,-1.5,1029833.6211634824,Long Spread
2015-10-19,65.44271850585938,66.66596984863281,1.84833828137238,0,1.5,-1.5,1032521.1139155576,Close
2015-10-20,66.08431243896484,66.79956817626953,-0.5938684797905385,0,1.5,-1.5,1032521.1139155576,
2015-10-21,64.80111694335938,66.66596984863281,1.4261235116853024,0,1.5,-1.5,1032521.1139155576,
2015-10-22,65.44271850585938,66.73277282714844,-0.7083329927231483,0,1.5,-1.5,1032521.1139155576,
2015-10-23,65.44271850585938,66.79956817626953,0.09732690074428457,0,1.5,-1.5,1032521.1139155576,
2015-10-26,66.72590637207031,67.13356018066406,-1.06775534321828,0,1.5,-1.5,1032521.1139155576,
2015-10-27,66.08431243896484,67.13356018066406,0.7688180740405918,0,1.5,-1.5,1032521.1139155576,
2015-10-28,66.08431243896484,67.13356018066406,0.001755682221690541,0,1.5,-1.5,1032521.1139155576,
2015-10-29,65.76351928710938,67.13356018066406,0.39362177401614545,0,1.5,-1.5,1032521.1139155576,
2015-10-30,65.76351928710938,66.59916687011719,-0.7691454237486991,0,1.5,-1.5,1032521.1139155576,
2015-11-02,65.12191772460938,67.13356018066406,1.5551777661067077,-1,1.5,-1.5,1032455.8236964414,Short Spread
2015-11-03,65.44271850585938,66.79956817626953,-0.8774598078160268,0,1.5,-1.5,1033700.1195762631,Close
2015-11-04,65.44271850585938,66.79956817626953,-0.00206610851532173,0,1.5,-1.5,1033700.1195762631,
2015-11-05,65.44271850585938,66.79956817626953,-4.8085419305393195e-06,0,1.5,-1.5,1033700.1195762631,
2015-11-06,65.76351928710938,66.13157653808594,-1.3576382470319812,0,1.5,-1.5,1033700.1195762631,
2015-11-09,65.44271850585938,66.26517486572266,0.585242346167372,0,1.5,-1.5,1033700.1195762631,
2015-11-10,64.48031616210938,65.79756927490234,0.5198291345183041,0,1.5,-1.5,1033700.1195762631,
2015-11-11,64.48031616210938,65.79756927490234,0.0012559204427801094,0,1.5,-1.5,1033700.1195762631,
2015-11-12,64.48031616210938,66.13157653808594,0.5194714583062096,0,1.5,-1.5,1033700.1195762631,
2015-11-13,64.1595230102539,65.5303726196289,-0.5160172589070983,0,1.5,-1.5,1033700.1195762631,
2015-11-16,64.1595230102539,64.99598693847656,-0.8393020531838286,0,1.5,-1.5,1033700.1195762631,
2015-11-17,64.48031616210938,66.465576171875,1.8108160849002717,-1,1.5,-1.5,1033634.8817405697,Short Spread
2015-11-18,65.12191772460938,65.99796295166016,-1.4739345773146226,0,1.5,-1.5,1035788.0665107723,Close
2015-11-19,64.80111694335938,66.79956817626953,1.542800980135648,-1,1.5,-1.5,1035722.8024833675,Short Spread
2015-11-20,64.80111694335938,66.33196258544922,-0.6690646418544023,0,1.5,-1.5,1036592.768341827,Close
2015-11-23,64.48031616210938,66.39877319335938,0.49077345497976593,0,1.5,-1.5,1036592.768341827,
2015-11-24,64.80111694335938,66.13157653808594,-0.7723501317898605,0,1.5,-1.5,1036592.768341827,
2015-11-25,63.710411071777344,66.13157653808594,1.4596890462753425,0,1.5,-1.5,1036592.768341827,
2015-11-26,63.6462516784668,66.33196258544922,0.4435403760872678,0,1.5,-1.5,1036592.768341827,
2015-11-27,64.1595230102539,66.13157653808594,-1.083198183696533,0,1.5,-1.5,1036592.768341827,
2015-11-30,63.26129150390625,66.66596984863281,2.1915655586947804,-1,1.5,-1.5,1036527.5712513729,Short Spread
2015-12-01,64.1595230102539,66.73277282714844,-1.1839006267266101,0,1.5,-1.5,1038125.1926152034,Close
2015-12-02,63.710411071777344,66.19837188720703,-0.2516835124004493,0,1.5,-1.5,1038125.1926152034,
2015-12-03,63.51792907714844,65.9311752319336,-0.1737458876088434,0,1.5,-1.5,1038125.1926152034,
2015-12-04,63.38960647583008,66.13157653808594,0.5356800430861328,0,1.5,-1.5,1038125.1926152034,
2015-12-07,63.3254508972168,66.13157653808594,0.09719104675608653,0,1.5,-1.5,1038125.1926152034,
2015-12-08,62.87633514404297,65.86437225341797,0.2131790474574466,0,1.5,-1.5,1038125.1926152034,
2015-12-09,62.87633514404297,65.73078155517578,-0.23387200697286656,0,1.5,-1.5,1038125.1926152034,
2015-12-10,62.5555419921875,65.79756927490234,0.6080115765751392,0,1.5,-1.5,1038125.1926152034,
2015-12-11,62.87633514404297,65.46358489990234,-1.0615671211602404,0,1.5,-1.5,1038125.1926152034,
2015-12-14,62.42721176147461,65.32997131347656,0.44134084859923167,0,1.5,-1.5,1038125.1926152034,
2015-12-15,62.23473739624024,65.46358489990234,0.5629583462997643,0,1.5,-1.5,1038125.1926152034,
2015-12-16,62.29888916015625,65.46358489990234,-0.10272779341356915,0,1.5,-1.5,1038125.1926152034,
2015-12-17,63.26129150390625,65.73078155517578,-1.0211505174290654,0,1.5,-1.5,1038125.1926152034,
2015-12-18,62.68385696411133,65.79756927490234,1.052998868222431,0,1.5,-1.5,1038125.1926152034,
2015-12-21,63.38960647583008,65.59717559814453,-1.460972695293773,0,1.5,-1.5,1038125.1926152034,
2015-12-22,62.94049072265625,66.39877319335938,2.094616630216258,-1,1.5,-1.5,1038060.0190446468,Short Spread
2015-12-23,62.87633514404297,66.39877319335938,0.1046303707157757,-1,1.5,-1.5,1037931.7078874202,
2015-12-24,63.1971435546875,66.39877319335938,-0.49145246954468813,0,1.5,-1.5,1038508.1408720394,Close
2015-12-25,63.3254508972168,66.465576171875,-0.07948118207684705,0,1.5,-1.5,1038508.1408720394,
2015-12-28,63.58208847045898,66.465576171875,-0.3862950198642036,0,1.5,-1.5,1038508.1408720394,
2015-12-29,63.06880569458008,66.13157653808594,0.19308441266174423,0,1.5,-1.5,1038508.1408720394,
2015-12-30,62.87633514404297,66.19837188720703,0.41464656156380414,0,1.5,-1.5,1038508.1408720394,
2015-12-31,64.1595230102539,66.19837188720703,-1.8475983138693108,1,1.5,-1.5,1038442.9265562434,Long Spread
2016-01-04,62.87633514404297,65.59717559814453,0.83990181710712,0,1.5,-1.5,1039741.7707701107,Close
2016-01-05,63.13297271728516,65.99796295166016,0.30801071860954765,0,1.5,-1.5,1039741.7707701107,
2016-01-06,62.5555419921875,65.9311752319336,0.7467626699796295,0,1.5,-1.5,1039741.7707701107,
2016-01-07,62.5555419921875,66.26517486572266,0.5812871666102899,0,1.5,-1.5,1039741.7707701107,
2016-01-08,62.5555419921875,66.39877319335938,0.2336816811300473,0,1.5,-1.5,1039741.7707701107,
2016-01-11,63.06880569458008,66.79956817626953,-0.08696906718207978,0,1.5,-1.5,1039741.7707701107,
2016-01-12,63.83872222900391,67.46756744384766,-0.012476274480626373,0,1.5,-1.5,1039741.7707701107,
2016-01-13,63.83872222900391,67.80155944824219,0.5988776628618395,0,1.5,-1.5,1039741.7707701107,
2016-01-14,63.774559020996094,68.46955871582031,1.3140268059009907,0,1.5,-1.5,1039741.7707701107,
2016-01-15,62.87633514404297,67.46756744384766,-0.37106454039173203,0,1.5,-1.5,1039741.7707701107,
2016-01-18,62.87633514404297,66.79956817626953,-1.2338706446944911,0,1.5,-1.5,1039741.7707701107,
2016-01-19,62.87633514404297,67.80155944824219,1.8265493191099413,-1,1.5,-1.5,1039676.5436543269,Short Spread
2016-01-20,62.23473739624024,67.80155944824219,1.0719313858105823,-1,1.5,-1.5,1038393.3481587215,
2016-01-21,62.23473739624024,67.13356018066406,-1.220154794900889,0,1.5,-1.5,1039664.1719619747,Close
2016-01-22,63.710411071777344,67.13356018066406,-2.2029936092798383,1,1.5,-1.5,1039598.9382031246,Long Spread
2016-01-25,64.09535217285156,68.13555145263672,1.0923843300346472,0,1.5,-1.5,1040767.7493087765,Close
2016-01-26,63.06880569458008,68.13555145263672,1.5499206587446397,-1,1.5,-1.5,1040702.5011344906,Short Spread
2016-01-27,63.6462516784668,68.13555145263672,-0.8659581138517897,0,1.5,-1.5,1041792.1218301388,Close
2016-01-28,63.90288925170898,68.46955871582031,0.17484190082034878,0,1.5,-1.5,1041792.1218301388,
2016-01-29,64.1595230102539,68.80355072021484,0.1752486921470657,0,1.5,-1.5,1041792.1218301388,
2016-01-30,64.1595230102539,68.80355072021484,0.0004328181488507782,0,1.5,-1.5,1041792.1218301388,
2016-02-01,64.09535217285156,68.80355072021484,0.09712026359268713,0,1.5,-1.5,1041792.1218301388,
2016-02-02,63.90288925170898,68.80355072021484,0.29401956208627705,0,1.5,-1.5,1041792.1218301388,
2016-02-03,63.90288925170898,68.80355072021484,0.0007163242650989918,0,1.5,-1.5,1041792.1218301388,
2016-02-15,63.58208847045898,69.80554962158203,2.1513179750445235,-1,1.5,-1.5,1041726.7863246151,Short Spread
2016-02-16,64.1595230102539,70.1395492553711,-0.3138566150619667,0,1.5,-1.5,1042148.2841737362,Close
2016-02-17,65.12191772460938,70.47354125976562,-0.8672912570916365,0,1.5,-1.5,1042148.2841737362,
2016-02-18,65.44271850585938,69.80554962158203,-1.5251662255355012,1,1.5,-1.5,1042082.8742430111,Long Spread
2016-02-19,64.80111694335938,70.1395492553711,1.476660605068257,0,1.5,-1.5,1043968.6790089413,Close
2016-02-22,64.80111694335938,69.47154998779297,-1.1025821269600962,0,1.5,-1.5,1043968.6790089413,
2016-02-23,65.44271850585938,69.47154998779297,-0.9291495683564536,0,1.5,-1.5,1043968.6790089413,
2016-02-24,64.1595230102539,68.80355072021484,0.7790102653678536,0,1.5,-1.5,1043968.6790089413,
2016-02-25,65.44271850585938,69.80554962158203,-0.22580180149313225,0,1.5,-1.5,1043968.6790089413,
2016-02-26,65.76351928710938,69.80554962158203,-0.46756799903032376,0,1.5,-1.5,1043968.6790089413,
2016-03-01,66.40510559082031,70.47354125976562,0.16197756661651455,0,1.5,-1.5,1043968.6790089413,
2016-03-02,66.40510559082031,70.47354125976562,0.0003699135699286156,0,1.5,-1.5,1043968.6790089413,
2016-03-03,66.72590637207031,70.80754089355469,0.08471950438129941,0,1.5,-1.5,1043968.6790089413,
2016-03-04,65.44271850585938,70.80754089355469,1.9651400471201617,-1,1.5,-1.5,1043903.2289985653,Short Spread
2016-03-07,66.40510559082031,70.80754089355469,-1.427496683251216,0,1.5,-1.5,1045762.5146626278,Close
2016-03-08,66.08431243896484,70.1395492553711,-0.638468346459272,0,1.5,-1.5,1045762.5146626278,
2016-03-09,65.44271850585938,70.47354125976562,1.4986551867844407,0,1.5,-1.5,1045762.5146626278,
2016-03-10,65.76351928710938,70.80754089355469,0.07988515983814569,0,1.5,-1.5,1045762.5146626278,
2016-03-11,66.08431243896484,70.80754089355469,-0.46905591949855885,0,1.5,-1.5,1045762.5146626278,
2016-03-14,66.08431243896484,70.80754089355469,-0.0010697354373471796,0,1.5,-1.5,1045762.5146626278,
2016-03-15,66.08431243896484,71.47554016113281,1.0830084264635929,0,1.5,-1.5,1045762.5146626278,
2016-03-16,65.76351928710938,71.80953216552734,1.028331955209309,0,1.5,-1.5,1045762.5146626278,
2016-03-17,67.04670715332031,72.1435317993164,-1.300743862663813,0,1.5,-1.5,1045762.5146626278,
2016-03-18,66.08431243896484,72.47752380371094,1.87126201617828,-1,1.5,-1.5,1045696.9721891781,Short Spread
2016-03-21,66.72590637207031,72.1435317993164,-1.3837505020262284,0,1.5,-1.5,1047582.5892866512,Close
2016-03-22,67.36750793457031,72.8115234375,0.1287082498177858,0,1.5,-1.5,1047582.5892866512,
2016-03-23,67.36750793457031,72.8115234375,0.000284131316145883,0,1.5,-1.5,1047582.5892866512,
2016-03-24,67.36750793457031,73.4795150756836,1.013567751468577,0,1.5,-1.5,1047582.5892866512,
2016-03-25,67.04670715332031,73.81352233886719,0.9891513209367774,0,1.5,-1.5,1047582.5892866512,
2016-03-28,67.04670715332031,73.14552307128906,-1.0371127743877335,0,1.5,-1.5,1047582.5892866512,
2016-03-29,66.40510559082031,72.8115234375,0.3985849718213225,0,1.5,-1.5,1047582.5892866512,
2016-03-30,67.04670715332031,73.81352233886719,0.6437685297262,0,1.5,-1.5,1047582.5892866512,
2016-03-31,67.04670715332031,73.14552307128906,-1.0285486135785158,0,1.5,-1.5,1047582.5892866512,
2016-04-01,67.04670715332031,73.14552307128906,-0.0022774010771042827,0,1.5,-1.5,1047582.5892866512,
2016-04-06,65.76351928710938,71.47554016113281,-0.7918861207527359,0,1.5,-1.5,1047582.5892866512,
2016-04-07,66.72590637207031,72.1435317993164,-0.3284716656918559,0,1.5,-1.5,1047582.5892866512,
2016-04-08,66.72590637207031,72.47752380371094,0.5349550715871702,0,1.5,-1.5,1047582.5892866512,
2016-04-11,68.00909423828125,73.14552307128906,-0.7623530297615277,0,1.5,-1.5,1047582.5892866512,
2016-04-12,67.68830108642578,73.14552307128906,0.4475985941759151,0,1.5,-1.5,1047582.5892866512,
2016-04-13,67.68830108642578,73.4795150756836,0.5205842594464054,0,1.5,-1.5,1047582.5892866512,
2016-04-14,67.36750793457031,73.14552307128906,-0.06493378911840468,0,1.5,-1.5,1047582.5892866512,
2016-04-15,68.32988739013672,73.81352233886719,-0.31603495975991097,0,1.5,-1.5,1047582.5892866512,
2016-04-18,68.32988739013672,74.14751434326172,0.5079850813363932,0,1.5,-1.5,1047582.5892866512,
2016-04-19,68.32988739013672,73.14552307128906,-1.4968625674759433,0,1.5,-1.5,1047582.5892866512,
2016-04-20,68.00909423828125,72.8115234375,-0.07415644495956741,0,1.5,-1.5,1047582.5892866512,
2016-04-21,68.00909423828125,73.4795150756836,1.013470049337297,0,1.5,-1.5,1047582.5892866512,
2016-04-22,68.00909423828125,73.81352233886719,0.5148655073312448,0,1.5,-1.5,1047582.5892866512,
2016-04-25,68.00909423828125,74.48152160644531,1.0449003705822972,0,1.5,-1.5,1047582.5892866512,
2016-04-26,68.32988739013672,73.4795150756836,-1.955570329698141,1,1.5,-1.5,1047516.9169105527,Long Spread
2016-04-27,68.32988739013672,73.4795150756836,-0.004224035904216608,1,1.5,-1.5,1047516.9169105527,
2016-04-28,68.00909423828125,72.8115234375,-0.6121650446529501,1,1.5,-1.5,1046822.5199378964,
2016-04-29,68.32988739013672,72.8115234375,-0.4655545991561323,1,1.5,-1.5,1046180.9336341855,
2016-05-03,68.97149658203125,73.81352233886719,0.6953953695746262,0,1.5,-1.5,1046836.0016523739,Close
2016-05-04,68.97149658203125,73.81352233886719,0.001467920937947154,0,1.5,-1.5,1046836.0016523739,
2016-05-05,68.32988739013672,73.14552307128906,-0.15301646369332184,0,1.5,-1.5,1046836.0016523739,
2016-05-06,68.65069580078125,73.4795150756836,0.07617903027785616,0,1.5,-1.5,1046836.0016523739,
2016-05-09,69.29228973388672,73.81352233886719,-0.390404741979523,0,1.5,-1.5,1046836.0016523739,
2016-05-10,70.89627075195312,74.14751434326172,-1.6575297122721082,1,1.5,-1.5,1046770.1999009701,Long Spread
2016-05-11,71.2170639038086,73.81352233886719,-0.9179896358921068,1,1.5,-1.5,1045460.6295884701,
2016-05-12,71.2170639038086,74.48152160644531,0.9824367350702107,0,1.5,-1.5,1046730.800180206,Close
2016-05-13,70.89627075195312,74.81552124023438,0.9580657659621988,0,1.5,-1.5,1046730.800180206,
2016-05-16,70.89627075195312,73.81352233886719,-1.5262872340188238,1,1.5,-1.5,1046665.0117884823,Long Spread
2016-05-17,71.53787231445312,73.81352233886719,-0.8433460545598848,1,1.5,-1.5,1045381.8086634823,
2016-05-18,71.8586654663086,74.14751434326172,0.0845494302360455,0,1.5,-1.5,1045342.366121368,Close
2016-05-19,70.89627075195312,73.14552307128906,-0.27120724116107164,0,1.5,-1.5,1045342.366121368,
2016-05-20,71.2170639038086,73.4795150756836,0.0914765309443201,0,1.5,-1.5,1045342.366121368,
2016-05-23,70.89627075195312,73.4795150756836,0.45464951479816074,0,1.5,-1.5,1045342.366121368,
2016-05-24,71.2170639038086,73.81352233886719,0.09190500812827425,0,1.5,-1.5,1045342.366121368,
2016-05-25,71.53787231445312,73.81352233886719,-0.45159073783602494,0,1.5,-1.5,1045342.366121368,
2016-05-26,70.57546997070312,73.4795150756836,0.8256078363470385,0,1.5,-1.5,1045342.366121368,
2016-05-27,71.2170639038086,73.81352233886719,-0.365127243221387,0,1.5,-1.5,1045342.366121368,
2016-05-30,71.53787231445312,73.4795150756836,-0.981718256700528,0,1.5,-1.5,1045342.366121368,
2016-05-31,71.53787231445312,73.4795150756836,-0.0019107123076473993,0,1.5,-1.5,1045342.366121368,
2016-06-01,70.89627075195312,73.81352233886719,1.4782793300378085,0,1.5,-1.5,1045342.366121368,
2016-06-02,70.89627075195312,74.14751434326172,0.5714193891342615,0,1.5,-1.5,1045342.366121368,
2016-06-03,71.8586654663086,74.81552124023438,-0.29139955183534355,0,1.5,-1.5,1045342.366121368,
2016-06-04,71.8586654663086,74.81552124023438,-0.000578618478092248,0,1.5,-1.5,1045342.366121368,
2016-06-06,71.8586654663086,74.81552124023438,-1.116197799175511e-06,0,1.5,-1.5,1045342.366121368,
2016-06-07,72.50025177001953,75.1495132446289,-0.3825110045376858,0,1.5,-1.5,1045342.366121368,
2016-06-08,73.14186096191406,75.48351287841797,-0.37287927570848617,0,1.5,-1.5,1045342.366121368,
2016-06-13,72.82106018066406,74.81552124023438,-0.6600462618360651,0,1.5,-1.5,1045342.366121368,
2016-06-14,73.46265411376953,74.81552124023438,-0.9318991970925414,0,1.5,-1.5,1045342.366121368,
2016-06-15,74.104248046875,75.1495132446289,-0.36399097396700364,0,1.5,-1.5,1045342.366121368,
2016-06-16,72.82106018066406,74.81552124023438,1.3854731380692717,0,1.5,-1.5,1045342.366121368,
2016-06-17,73.46265411376953,75.1495132446289,-0.4029076843150748,0,1.5,-1.5,1045342.366121368,
2016-06-20,73.78345489501953,75.48351287841797,0.10623034885755227,0,1.5,-1.5,1045342.366121368,
2016-06-21,73.14186096191406,75.48351287841797,1.019440899802212,0,1.5,-1.5,1045342.366121368,
2016-06-22,73.14186096191406,75.8175048828125,0.6288828364907024,0,1.5,-1.5,1045342.366121368,
2016-06-23,73.14186096191406,75.48351287841797,-0.6368779037954699,0,1.5,-1.5,1045342.366121368,
2016-06-24,72.1794662475586,75.1495132446289,0.9877308818495563,0,1.5,-1.5,1045342.366121368,
2016-06-27,72.50025177001953,74.81552124023438,-1.193428534807893,0,1.5,-1.5,1045342.366121368,
2016-06-28,72.50025177001953,75.1495132446289,0.6504230652104225,0,1.5,-1.5,1045342.366121368,
2016-06-29,73.78345489501953,76.15150451660156,-0.21936397081343095,0,1.5,-1.5,1045342.366121368,
2016-06-30,75.87419891357422,77.82148742675781,-0.2661571151225228,0,1.5,-1.5,1045342.366121368,
2016-07-01,75.87419891357422,78.82349395751953,1.7828768617486557,-1,1.5,-1.5,1045276.1782136532,Short Spread
2016-07-04,74.86255645751953,79.49148559570312,2.6732530022072116,-1,1.5,-1.5,1041916.9100251766,
2016-07-05,74.52533721923828,78.82349395751953,-0.6261964877051135,0,1.5,-1.5,1042512.3208717342,Close
2016-07-06,74.52533721923828,78.48949432373047,-0.5830836337019762,0,1.5,-1.5,1042512.3208717342,
2016-07-07,75.87419891357422,78.82349395751953,-1.4399907557390825,0,1.5,-1.5,1042512.3208717342,
2016-07-08,75.87419891357422,78.82349395751953,-0.002504290733603892,0,1.5,-1.5,1042512.3208717342,
2016-07-11,76.88587188720703,81.8294677734375,3.1300025444203623,-1,1.5,-1.5,1042445.9722581478,Short Spread
2016-07-12,76.21142578125,82.49746704101562,1.8772694298015005,-1,1.5,-1.5,1039761.0815110775,
2016-07-13,76.88587188720703,81.16146850585938,-2.6474580350467276,0,1.5,-1.5,1043715.6488996883,Close
2016-07-14,75.19977569580078,80.15948486328125,0.7349182140784557,0,1.5,-1.5,1043715.6488996883,
2016-07-15,75.87419891357422,82.16346740722656,1.917823927925215,-1,1.5,-1.5,1043649.3273930354,Short Spread
2016-07-18,76.88587188720703,82.83145904541016,-0.3564431353216086,0,1.5,-1.5,1044270.3013706965,Close
2016-07-19,76.54863739013672,82.49746704101562,-0.03310275480671421,0,1.5,-1.5,1044270.3013706965,
2016-07-20,76.21142578125,82.16346740722656,-0.03340100587041813,0,1.5,-1.5,1044270.3013706965,
2016-07-21,76.54863739013672,82.852294921875,0.5468863246461527,0,1.5,-1.5,1044270.3013706965,
2016-07-22,74.86255645751953,81.10435485839844,-0.2847362932276299,0,1.5,-1.5,1044270.3013706965,
2016-07-25,74.1881103515625,81.10435485839844,0.9519456369555321,0,1.5,-1.5,1044270.3013706965,
2016-07-26,74.1881103515625,81.10435485839844,0.0017280837158442056,0,1.5,-1.5,1044270.3013706965,
2016-07-27,74.86255645751953,81.45393371582031,-0.41992934466044884,0,1.5,-1.5,1044270.3013706965,
2016-07-28,75.53699493408203,81.45393371582031,-0.9213024398170636,0,1.5,-1.5,1044270.3013706965,
2016-07-29,74.1881103515625,79.3564224243164,-1.2945209925947039,0,1.5,-1.5,1044270.3013706965,
2016-08-01,74.86255645751953,80.40518188476562,0.6419243319088789,0,1.5,-1.5,1044270.3013706965,
2016-08-02,74.52533721923828,80.40518188476562,0.45882141248498937,0,1.5,-1.5,1044270.3013706965,
2016-08-03,74.52533721923828,80.75477600097656,0.5358925621837486,0,1.5,-1.5,1044270.3013706965,
2016-08-04,74.52533721923828,80.75477600097656,0.0009717344343307162,0,1.5,-1.5,1044270.3013706965,
2016-08-05,74.86255645751953,80.40518188476562,-1.0113674198072897,0,1.5,-1.5,1044270.3013706965,
2016-08-08,76.54863739013672,81.45393371582031,-0.7213259019372914,0,1.5,-1.5,1044270.3013706965,
2016-08-09,77.56029510498047,81.45393371582031,-1.3275995148973576,0,1.5,-1.5,1044270.3013706965,
2016-08-10,77.56029510498047,81.45393371582031,-0.0022184613090876905,0,1.5,-1.5,1044270.3013706965,
2016-08-11,77.89751434326172,81.45393371582031,-0.43548725753618495,0,1.5,-1.5,1044270.3013706965,
2016-08-12,78.2347412109375,80.40518188476562,-1.8736403878882362,1,1.5,-1.5,1044203.9557737727,Long Spread
2016-08-15,78.2347412109375,80.75477600097656,0.48156828071108176,0,1.5,-1.5,1044836.784425506,Close
2016-08-16,77.22308349609375,80.40518188476562,0.7634366530691679,0,1.5,-1.5,1044836.784425506,
2016-08-17,76.88587188720703,79.3564224243164,-1.0620588894513412,0,1.5,-1.5,1044836.784425506,
2016-08-18,76.88587188720703,79.3564224243164,-0.0017937155302807065,0,1.5,-1.5,1044836.784425506,
2016-08-19,75.19977569580078,79.3564224243164,2.1151358956230197,-1,1.5,-1.5,1044770.6021775812,Short Spread
2016-08-22,75.53699493408203,79.70600128173828,0.0726304012906658,-1,1.5,-1.5,1044745.8829392999,
2016-08-23,75.87419891357422,80.40518188476562,0.5659390330991105,-1,1.5,-1.5,1044021.9296922296,
2016-08-24,76.88587188720703,80.75477600097656,-0.7701250580168871,0,1.5,-1.5,1045279.7817811578,Close
2016-08-25,76.88587188720703,81.45393371582031,0.9704325216455305,0,1.5,-1.5,1045279.7817811578,
2016-08-26,76.88587188720703,81.10435485839844,-0.48408084463629647,0,1.5,-1.5,1045279.7817811578,
2016-08-29,76.54863739013672,80.75477600097656,-0.06719797939808915,0,1.5,-1.5,1045279.7817811578,
2016-08-30,76.54863739013672,80.40518188476562,-0.48934181943911326,0,1.5,-1.5,1045279.7817811578,
2016-08-31,75.19977569580078,80.05559539794922,1.2200837379553997,0,1.5,-1.5,1045279.7817811578,
2016-09-01,75.53699493408203,79.0068359375,-1.8617775374514185,1,1.5,-1.5,1045213.600027923,Long Spread
2016-09-02,75.19977569580078,79.0068359375,0.4111279908273788,0,1.5,-1.5,1045821.8702400202,Close
2016-09-05,75.87419891357422,79.70600128173828,0.13800228746363466,0,1.5,-1.5,1045821.8702400202,
2016-09-06,75.53699493408203,80.05559539794922,0.8985371850267133,0,1.5,-1.5,1045821.8702400202,
2016-09-07,76.54863739013672,80.05559539794922,-1.2060326108862054,0,1.5,-1.5,1045821.8702400202,
2016-09-08,76.54863739013672,79.70600128173828,-0.47032821884561316,0,1.5,-1.5,1045821.8702400202,
2016-09-09,76.21142578125,79.3564224243164,-0.07167188363430356,0,1.5,-1.5,1045821.8702400202,
2016-09-10,76.21142578125,79.3564224243164,-0.0001229535316350782,0,1.5,-1.5,1045821.8702400202,
2016-09-12,75.53699493408203,79.0068359375,0.3378129390988931,0,1.5,-1.5,1045821.8702400202,
2016-09-13,74.86255645751953,78.30766296386719,-0.14474319303247085,0,1.5,-1.5,1045821.8702400202,
2016-09-14,75.19977569580078,77.95807647705078,-0.8999786066728881,0,1.5,-1.5,1045821.8702400202,
2016-09-19,77.56029510498047,77.95807647705078,-2.5546337200188796,1,1.5,-1.5,1045755.6495051569,Long Spread
2016-09-20,76.88587188720703,77.95807647705078,0.7164675212383771,0,1.5,-1.5,1047038.3021827692,Close
2016-09-21,76.88587188720703,77.95807647705078,0.0012101515440298574,0,1.5,-1.5,1047038.3021827692,
2016-09-22,76.54863739013672,77.95807647705078,0.367091919342645,0,1.5,-1.5,1047038.3021827692,
2016-09-23,77.22308349609375,77.95807647705078,-0.7210021403424504,0,1.5,-1.5,1047038.3021827692,
2016-09-26,76.54863739013672,78.30766296386719,1.173886382450136,0,1.5,-1.5,1047038.3021827692,
2016-09-27,76.54863739013672,78.30766296386719,0.0020764226204991604,0,1.5,-1.5,1047038.3021827692,
2016-09-28,76.54863739013672,78.30766296386719,3.5369730682857816e-06,0,1.5,-1.5,1047038.3021827692,
2016-09-29,76.54863739013672,78.30766296386719,6.020914630285189e-09,0,1.5,-1.5,1047038.3021827692,
2016-09-30,76.54863739013672,77.60847473144531,-0.9333496706140969,0,1.5,-1.5,1047038.3021827692,
2016-10-03,76.54863739013672,77.60847473144531,-0.0015871462334913133,0,1.5,-1.5,1047038.3021827692,
2016-10-04,76.21142578125,78.30766296386719,1.4047558770602078,0,1.5,-1.5,1047038.3021827692,
2016-10-05,76.54863739013672,78.30766296386719,-0.422264808793168,0,1.5,-1.5,1047038.3021827692,
2016-10-06,75.87419891357422,78.65724182128906,1.4467389996384865,0,1.5,-1.5,1047038.3021827692,
2016-10-07,75.19977569580078,78.30766296386719,0.383566492124492,0,1.5,-1.5,1047038.3021827692,
2016-10-11,75.19977569580078,78.30766296386719,0.0007065364443462755,0,1.5,-1.5,1047038.3021827692,
2016-10-12,75.53699493408203,78.30766296386719,-0.48711949375683744,0,1.5,-1.5,1047038.3021827692,
2016-10-13,75.87419891357422,78.30766296386719,-0.4808602316024433,0,1.5,-1.5,1047038.3021827692,
2016-10-14,75.19977569580078,77.95807647705078,0.39083151315520215,0,1.5,-1.5,1047038.3021827692,
2016-10-17,74.86255645751953,78.65724182128906,1.6266022412827537,-1,1.5,-1.5,1046972.161390838,Short Spread
2016-10-18,75.19977569580078,78.65724182128906,-0.48090287639112694,0,1.5,-1.5,1047580.4455866998,Close
2016-10-19,74.86255645751953,77.95807647705078,-0.663617647239098,0,1.5,-1.5,1047580.4455866998,
2016-10-20,74.86255645751953,77.95807647705078,-0.0011796901580374676,0,1.5,-1.5,1047580.4455866998,
2016-10-21,75.19977569580078,78.30766296386719,0.08872949109051735,0,1.5,-1.5,1047580.4455866998,
2016-10-24,75.19977569580078,78.65724182128906,0.5739917166547583,0,1.5,-1.5,1047580.4455866998,
2016-10-25,75.53699493408203,77.95807647705078,-1.6130356147303755,1,1.5,-1.5,1047514.3057838433,Long Spread
2016-10-26,75.19977569580078,77.95807647705078,0.4768546226279184,0,1.5,-1.5,1048122.6179463188,Close
2016-10-27,74.52533721923828,77.60847473144531,0.39893645770102126,0,1.5,-1.5,1048122.6179463188,
2016-10-28,74.52533721923828,77.2588882446289,-0.5842514772042167,0,1.5,-1.5,1048122.6179463188,
2016-10-31,74.52533721923828,75.51094818115234,-2.748201711885654,1,1.5,-1.5,1048056.6164949028,Long Spread
2016-11-01,73.51368713378906,76.21012878417969,2.3893902063920818,0,1.5,-1.5,1051412.2889192193,Close
2016-11-02,73.51368713378906,75.51094818115234,-1.0663096394466403,0,1.5,-1.5,1051412.2889192193,
2016-11-03,73.51368713378906,75.86053466796875,0.5383642129614532,0,1.5,-1.5,1051412.2889192193,
2016-11-04,72.83924102783203,75.51094818115234,0.36610877421764226,0,1.5,-1.5,1051412.2889192193,
2016-11-07,73.85089111328125,75.86053466796875,-0.8011174927135227,0,1.5,-1.5,1051412.2889192193,
2016-11-08,74.1881103515625,76.90929412841797,1.164031875371841,0,1.5,-1.5,1051412.2889192193,
2016-11-09,73.17645263671875,76.21012878417969,0.28618285821076855,0,1.5,-1.5,1051412.2889192193,
2016-11-10,73.17645263671875,76.21012878417969,0.0005350548071062006,0,1.5,-1.5,1051412.2889192193,
2016-11-11,71.15314483642578,74.81178283691406,0.6155145741588278,0,1.5,-1.5,1051412.2889192193,
2016-11-14,71.15314483642578,73.4134292602539,-2.2584983346268004,1,1.5,-1.5,1051346.5062562553,Long Spread
2016-11-15,70.1414794921875,72.71424865722656,0.28503974721813546,0,1.5,-1.5,1051905.7615095512,Close
2016-11-16,70.81592559814453,74.11260223388672,1.3684520549775803,0,1.5,-1.5,1051905.7615095512,
2016-11-17,71.49036407470703,73.76300811767578,-1.5096603638443515,1,1.5,-1.5,1051839.9513746635,Long Spread
2016-11-18,71.49036407470703,73.76300811767578,-0.002954651571226658,1,1.5,-1.5,1051839.9513746635,
2016-11-21,71.49036407470703,73.4134292602539,-0.5710663635201767,1,1.5,-1.5,1051140.7936598198,
2016-11-22,71.49036407470703,74.11260223388672,1.128836416781072,0,1.5,-1.5,1052473.315488433,Close
2016-11-23,72.50200653076172,75.16136169433594,0.2792127656396779,0,1.5,-1.5,1052473.315488433,
2016-11-24,72.16480255126953,75.16136169433594,0.46239735967368784,0,1.5,-1.5,1052473.315488433,
2016-11-25,72.50200653076172,75.16136169433594,-0.4647314686996093,0,1.5,-1.5,1052473.315488433,
2016-11-28,72.83924102783203,75.16136169433594,-0.47463831285372626,0,1.5,-1.5,1052473.315488433,
2016-11-29,72.50200653076172,75.16136169433594,0.47492974371629587,0,1.5,-1.5,1052473.315488433,
2016-11-30,72.50200653076172,75.16136169433594,0.0009001708075209811,0,1.5,-1.5,1052473.315488433,
2016-12-01,71.15314483642578,74.46219635009766,0.7970902204286083,0,1.5,-1.5,1052473.315488433,
2016-12-02,71.15314483642578,74.11260223388672,-0.602494341614763,0,1.5,-1.5,1052473.315488433,
2016-12-05,71.49036407470703,74.11260223388672,-0.5011517208062838,0,1.5,-1.5,1052473.315488433,
2016-12-06,71.49036407470703,74.11260223388672,-0.0009765657797037425,0,1.5,-1.5,1052473.315488433,
2016-12-07,71.49036407470703,74.11260223388672,-1.9029498477486097e-06,0,1.5,-1.5,1052473.315488433,
2016-12-08,72.16480255126953,74.11260223388672,-0.9708618282453697,0,1.5,-1.5,1052473.315488433,
2016-12-09,71.15314483642578,73.4134292602539,0.2804780834484189,0,1.5,-1.5,1052473.315488433,
2016-12-12,70.81592559814453,73.4134292602539,0.5035641116873975,0,1.5,-1.5,1052473.315488433,
2016-12-13,70.81592559814453,73.0638427734375,-0.6581035460985303,0,1.5,-1.5,1052473.315488433,
2016-12-14,70.1414794921875,73.0638427734375,1.1033133473332857,0,1.5,-1.5,1052473.315488433,
2016-12-15,70.1414794921875,72.71424865722656,-0.6647744968442563,0,1.5,-1.5,1052473.315488433,
2016-12-16,69.46704864501953,72.01507568359375,-0.23572481643817877,0,1.5,-1.5,1052473.315488433,
2016-12-19,69.12983703613281,70.96630859375,-1.4773001899414413,0,1.5,-1.5,1052473.315488433,
2016-12-20,69.80427551269531,70.96630859375,-1.1001561666647168,0,1.5,-1.5,1052473.315488433,
2016-12-21,68.79261016845703,70.61672973632812,0.9742618739842028,0,1.5,-1.5,1052473.315488433,
2016-12-22,69.12983703613281,70.61672973632812,-0.5503568300525509,0,1.5,-1.5,1052473.315488433,
2016-12-23,68.79261016845703,70.61672973632812,0.5522977287241859,0,1.5,-1.5,1052473.315488433,
2016-12-26,68.79261016845703,70.61672973632812,0.0011735659473857433,0,1.5,-1.5,1052473.315488433,
2016-12-27,68.79261016845703,70.61672973632812,2.4688951308981727e-06,0,1.5,-1.5,1052473.315488433,
2016-12-28,68.45539093017578,70.96630859375,1.2738058088843303,0,1.5,-1.5,1052473.315488433,
2016-12-29,68.79261016845703,70.96630859375,-0.5691514654309204,0,1.5,-1.5,1052473.315488433,
2016-12-30,70.1414794921875,70.96630859375,-2.1516165439152597,1,1.5,-1.5,1052407.6711769095,Long Spread
2017-01-03,70.47870635986328,71.66548919677734,0.7709866443704173,0,1.5,-1.5,1053065.8928797904,Close
2017-01-04,71.82757568359375,72.36466979980469,-0.7652055332573404,0,1.5,-1.5,1053065.8928797904,
2017-01-05,72.50200653076172,73.0638427734375,0.23916706696921156,0,1.5,-1.5,1053065.8928797904,
2017-01-06,71.49036407470703,72.01507568359375,-0.36744006225556164,0,1.5,-1.5,1053065.8928797904,
2017-01-09,71.15314483642578,71.31590270996094,-0.758411919739876,0,1.5,-1.5,1053065.8928797904,
2017-01-10,71.15314483642578,71.31590270996094,-0.0015310712270013736,0,1.5,-1.5,1053065.8928797904,
2017-01-11,72.16480255126953,70.96630859375,-2.0708898955576704,1,1.5,-1.5,1053000.1676353447,Long Spread
2017-01-12,71.82757568359375,71.31590270996094,1.0831958102861448,0,1.5,-1.5,1054308.0838639825,Close
2017-01-13,72.50200653076172,71.31590270996094,-0.937758343339084,0,1.5,-1.5,1054308.0838639825,
2017-01-16,72.16480255126953,71.31590270996094,0.4668694169147804,0,1.5,-1.5,1054308.0838639825,
2017-01-17,72.50200653076172,71.66548919677734,0.12942137766211842,0,1.5,-1.5,1054308.0838639825,
2017-01-18,72.16480255126953,70.96630859375,-0.7418697571366275,0,1.5,-1.5,1054308.0838639825,
2017-01-19,71.15314483642578,70.61672973632812,0.8364271591161316,0,1.5,-1.5,1054308.0838639825,
2017-01-20,70.81592559814453,70.96630859375,1.1173761039419134,0,1.5,-1.5,1054308.0838639825,
2017-01-23,71.15314483642578,70.96630859375,-0.4897245188708663,0,1.5,-1.5,1054308.0838639825,
2017-01-24,70.47870635986328,71.31590270996094,1.6981131300739079,-1,1.5,-1.5,1054242.4120796197,Short Spread
2017-02-02,68.79261016845703,69.91754913330078,0.014688578249458755,-1,1.5,-1.5,1053666.9268501275,
2017-02-03,69.12983703613281,69.91754913330078,-0.593942155061902,0,1.5,-1.5,1054275.8186900322,Close
2017-02-06,70.81592559814453,70.26713562011719,-2.0499849222190742,1,1.5,-1.5,1054210.1753675835,Long Spread
2017-02-07,70.47870635986328,70.61672973632812,1.2140909670820195,0,1.5,-1.5,1055518.158259124,Close
2017-02-08,70.1414794921875,70.26713562011719,-0.14127450784602943,0,1.5,-1.5,1055518.158259124,
2017-02-09,70.81592559814453,69.91754913330078,-1.7484946063735989,1,1.5,-1.5,1055452.5289201348,Long Spread
2017-02-10,70.81592559814453,70.61672973632812,1.3282380669404716,0,1.5,-1.5,1056785.232819976,Close
2017-02-13,70.81592559814453,70.61672973632812,0.0026375412150368596,0,1.5,-1.5,1056785.232819976,
2017-02-14,71.82757568359375,70.61672973632812,-1.5145058121834907,1,1.5,-1.5,1056719.5350477593,Long Spread
2017-02-15,71.49036407470703,70.61672973632812,0.5260417938178235,0,1.5,-1.5,1057328.2739817803,Close
2017-02-16,71.82757568359375,70.61672973632812,-0.5256915490800548,0,1.5,-1.5,1057328.2739817803,
2017-02-17,71.82757568359375,70.61672973632812,-0.0010421766799590677,0,1.5,-1.5,1057328.2739817803,
2017-02-18,71.82757568359375,70.61672973632812,-2.065285239102647e-06,0,1.5,-1.5,1057328.2739817803,
2017-02-20,72.16480255126953,70.96630859375,0.15669247360699168,0,1.5,-1.5,1057328.2739817803,
2017-02-21,72.83924102783203,70.61672973632812,-1.7322362482755929,1,1.5,-1.5,1057262.5357429497,Long Spread
2017-02-22,72.16480255126953,70.61672973632812,1.0635284327082128,0,1.5,-1.5,1058545.7014347832,Close
2017-02-23,72.83924102783203,71.31590270996094,0.31161240713841254,0,1.5,-1.5,1058545.7014347832,
2017-02-24,72.83924102783203,71.31590270996094,0.0005875242291658269,0,1.5,-1.5,1058545.7014347832,
2017-03-01,72.83924102783203,70.96630859375,-0.6858254044800343,0,1.5,-1.5,1058545.7014347832,
2017-03-02,72.83924102783203,71.31590270996094,0.6817309050758016,0,1.5,-1.5,1058545.7014347832,
2017-03-03,73.17645263671875,71.66548919677734,0.15367248999535704,0,1.5,-1.5,1058545.7014347832,
2017-03-06,72.83924102783203,71.66548919677734,0.5306837493314738,0,1.5,-1.5,1058545.7014347832,
2017-03-07,73.51368713378906,71.66548919677734,-1.0486268425828282,0,1.5,-1.5,1058545.7014347832,
2017-03-08,73.17645263671875,72.01507568359375,1.186999614818353,0,1.5,-1.5,1058545.7014347832,
2017-03-09,73.17645263671875,72.36466979980469,0.6705531343953292,0,1.5,-1.5,1058545.7014347832,
2017-03-10,73.51368713378906,72.01507568359375,-1.170174461435846,0,1.5,-1.5,1058545.7014347832,
2017-03-13,73.85089111328125,72.36466979980469,0.14249620405574856,0,1.5,-1.5,1058545.7014347832,
2017-03-14,73.85089111328125,72.36466979980469,0.00026256992091924113,0,1.5,-1.5,1058545.7014347832,
2017-03-15,74.1881103515625,72.01507568359375,-1.1466221476858771,0,1.5,-1.5,1058545.7014347832,
2017-03-16,73.85089111328125,72.71424865722656,1.7536906576784992,-1,1.5,-1.5,1058479.8388291923,Short Spread
2017-03-17,74.1881103515625,73.4134292602539,0.7651056525260198,-1,1.5,-1.5,1057755.9160997001,
2017-03-20,75.19977569580078,74.11260223388672,-0.224131843656402,0,1.5,-1.5,1058314.9283457939,Close
2017-03-21,75.53699493408203,74.11260223388672,-0.48273711702798716,0,1.5,-1.5,1058314.9283457939,
2017-03-22,75.19977569580078,73.0638427734375,-1.3540864760892641,0,1.5,-1.5,1058314.9283457939,
2017-03-23,75.19977569580078,73.0638427734375,-0.002430132517223782,0,1.5,-1.5,1058314.9283457939,
2017-03-24,75.53699493408203,73.0638427734375,-0.48091650972348177,0,1.5,-1.5,1058314.9283457939,
2017-03-27,76.54863739013672,73.4134292602539,-0.7995593498775782,0,1.5,-1.5,1058314.9283457939,
2017-03-28,75.19977569580078,73.4134292602539,1.8698943539050694,-1,1.5,-1.5,1058248.9838175955,Short Spread
2017-03-29,75.19977569580078,72.71424865722656,-1.2131780739806641,0,1.5,-1.5,1059581.428462676,Close
2017-03-30,75.19977569580078,72.71424865722656,-0.0021373982345361518,0,1.5,-1.5,1059581.428462676,
2017-03-31,75.19977569580078,72.01507568359375,-1.2040884295574457,0,1.5,-1.5,1059581.428462676,
2017-04-05,76.21142578125,72.36466979980469,-0.7624683326302232,0,1.5,-1.5,1059581.428462676,
2017-04-06,76.54863739013672,72.71424865722656,0.14410253704143122,0,1.5,-1.5,1059581.428462676,
2017-04-07,76.88587188720703,73.0638427734375,0.1498133016495305,0,1.5,-1.5,1059581.428462676,
2017-04-10,76.21142578125,72.71424865722656,0.3199547448103254,0,1.5,-1.5,1059581.428462676,
2017-04-11,76.88587188720703,72.36466979980469,-1.5251211881402285,1,1.5,-1.5,1059515.4584410086,Long Spread
2017-04-12,76.21142578125,72.36466979980469,0.9121460708752027,0,1.5,-1.5,1060798.4076090993,Close
2017-04-13,76.54863739013672,72.36466979980469,-0.45563884517109315,0,1.5,-1.5,1060798.4076090993,
2017-04-14,76.21142578125,72.36466979980469,0.4593309418823183,0,1.5,-1.5,1060798.4076090993,
2017-04-17,76.88587188720703,73.0638427734375,0.297618212033866,0,1.5,-1.5,1060798.4076090993,
2017-04-18,76.54863739013672,72.71424865722656,-0.15465289171791605,0,1.5,-1.5,1060798.4076090993,
2017-04-19,74.52533721923828,72.01507568359375,1.6730438410283213,-1,1.5,-1.5,1060732.5459925833,Short Spread
2017-04-20,74.1881103515625,71.66548919677734,-0.15525381624683493,0,1.5,-1.5,1060691.4310868825,Close
2017-04-21,74.86255645751953,72.01507568359375,-0.3517396826231779,0,1.5,-1.5,1060691.4310868825,
2017-04-24,74.52533721923828,72.01507568359375,0.5092086134502588,0,1.5,-1.5,1060691.4310868825,
2017-04-25,75.53699493408203,72.36466979980469,-0.8434630834331976,0,1.5,-1.5,1060691.4310868825,
2017-04-26,75.53699493408203,72.01507568359375,-0.6569505008480809,0,1.5,-1.5,1060691.4310868825,
2017-04-27,74.86255645751953,72.01507568359375,1.013481270162468,0,1.5,-1.5,1060691.4310868825,
2017-04-28,75.19977569580078,71.31590270996094,-1.7948324080620288,1,1.5,-1.5,1060625.5704597463,Long Spread
2017-05-02,75.19977569580078,72.01507568359375,1.3214074255811479,0,1.5,-1.5,1061958.0278129568,Close
2017-05-03,76.21142578125,72.36466979980469,-0.816336811747568,0,1.5,-1.5,1061958.0278129568,
2017-05-04,77.22308349609375,72.71424865722656,-0.7867710474817048,0,1.5,-1.5,1061958.0278129568,
2017-05-05,75.87419891357422,72.36466979980469,1.3142362433974273,0,1.5,-1.5,1061958.0278129568,
2017-05-08,76.88587188720703,73.0638427734375,-0.1728319668574433,0,1.5,-1.5,1061958.0278129568,
2017-05-09,75.87419891357422,73.4134292602539,2.108484966126835,-1,1.5,-1.5,1061892.05630783,Short Spread
2017-05-10,75.87419891357422,73.0638427734375,-0.6606288459985147,0,1.5,-1.5,1062525.2717597953,Close
2017-05-11,76.88587188720703,73.0638427734375,-1.4896134517656423,0,1.5,-1.5,1062525.2717597953,
2017-05-12,77.22308349609375,73.76300811767578,0.7945693969691024,0,1.5,-1.5,1062525.2717597953,
2017-05-15,76.88587188720703,74.11260223388672,1.1517745657051002,0,1.5,-1.5,1062525.2717597953,
2017-05-16,76.88587188720703,74.11260223388672,0.0019475400737284062,0,1.5,-1.5,1062525.2717597953,
2017-05-17,76.54863739013672,74.11260223388672,0.507806651162984,0,1.5,-1.5,1062525.2717597953,
2017-05-18,76.88587188720703,74.11260223388672,-0.5036690526476499,0,1.5,-1.5,1062525.2717597953,
2017-05-19,76.54863739013672,73.76300811767578,-0.1546788616849354,0,1.5,-1.5,1062525.2717597953,
2017-05-22,76.88587188720703,74.11260223388672,0.15289148013746814,0,1.5,-1.5,1062525.2717597953,
2017-05-23,76.54863739013672,74.11260223388672,0.5213712516522795,0,1.5,-1.5,1062525.2717597953,
2017-05-24,75.87419891357422,74.11260223388672,1.0681818534585428,0,1.5,-1.5,1062525.2717597953,
2017-05-25,75.87419891357422,74.81178283691406,1.367135858927635,0,1.5,-1.5,1062525.2717597953,
2017-05-26,76.21142578125,74.81178283691406,-0.5281401598168282,0,1.5,-1.5,1062525.2717597953,
2017-05-31,75.53699493408203,75.16136169433594,1.7274236236408433,-1,1.5,-1.5,1062459.2438255302,Short Spread
2017-06-01,76.21142578125,75.51094818115234,-0.38687430912322207,0,1.5,-1.5,1063042.8636512747,Close
2017-06-02,76.21142578125,75.51094818115234,-0.0006637482230408497,0,1.5,-1.5,1063042.8636512747,
2017-06-03,76.21142578125,75.51094818115234,-1.141280604277467e-06,0,1.5,-1.5,1063042.8636512747,
2017-06-05,76.54863739013672,75.51094818115234,-0.5260777291952616,0,1.5,-1.5,1063042.8636512747,
2017-06-06,76.21142578125,75.51094818115234,0.5334782298387168,0,1.5,-1.5,1063042.8636512747,
2017-06-07,76.21142578125,75.16136169433594,-0.6775715375541714,0,1.5,-1.5,1063042.8636512747,
2017-06-08,76.21142578125,75.86053466796875,1.3561872135408235,0,1.5,-1.5,1063042.8636512747,
2017-06-09,76.21142578125,75.51094818115234,-0.6734199317655832,0,1.5,-1.5,1063042.8636512747,
2017-06-12,75.87419891357422,75.51094818115234,0.5371665736303625,0,1.5,-1.5,1063042.8636512747,
2017-06-13,76.21142578125,75.51094818115234,-0.5414558618209676,0,1.5,-1.5,1063042.8636512747,
2017-06-14,76.21142578125,75.51094818115234,-0.0009607847233239341,0,1.5,-1.5,1063042.8636512747,
2017-06-15,75.87419891357422,75.86053466796875,1.2674244911488015,0,1.5,-1.5,1063042.8636512747,
2017-06-16,76.21142578125,75.16136169433594,-1.8998531188932886,1,1.5,-1.5,1062976.8087397758,Long Spread
2017-06-19,76.54863739013672,75.51094818115234,0.14082643336460754,0,1.5,-1.5,1062935.4761122123,Close
2017-06-20,76.88587188720703,75.16136169433594,-1.2064969146602835,0,1.5,-1.5,1062935.4761122123,
2017-06-21,77.22308349609375,75.16136169433594,-0.5224670400835206,0,1.5,-1.5,1062935.4761122123,
2017-06-22,77.56029510498047,75.86053466796875,0.8069762221334212,0,1.5,-1.5,1062935.4761122123,
2017-06-23,77.22308349609375,75.86053466796875,0.524781851766965,0,1.5,-1.5,1062935.4761122123,
2017-06-26,77.56029510498047,76.21012878417969,0.1493454878746715,0,1.5,-1.5,1062935.4761122123,
2017-06-27,77.56029510498047,76.21012878417969,0.000252306798643641,0,1.5,-1.5,1062935.4761122123,
2017-06-28,77.56029510498047,75.86053466796875,-0.7007131315546159,0,1.5,-1.5,1062935.4761122123,
2017-06-29,76.88587188720703,75.51094818115234,0.4083577771544506,0,1.5,-1.5,1062935.4761122123,
2017-06-30,77.22308349609375,75.51094818115234,-0.5676374831860146,0,1.5,-1.5,1062935.4761122123,
2017-07-03,77.56029510498047,76.21012878417969,0.8708730370313464,0,1.5,-1.5,1062935.4761122123,
2017-07-04,77.22308349609375,75.51094818115234,-0.8674425671098474,0,1.5,-1.5,1062935.4761122123,
2017-07-05,77.56029510498047,76.21012878417969,0.8598240241418015,0,1.5,-1.5,1062935.4761122123,
2017-07-06,77.56029510498047,75.86053466796875,-0.7234389502768848,0,1.5,-1.5,1062935.4761122123,
2017-07-07,77.22308349609375,75.86053466796875,0.5743012093349184,0,1.5,-1.5,1062935.4761122123,
2017-07-10,76.21142578125,75.86053466796875,1.7471120498684076,-1,1.5,-1.5,1062869.3932337943,Short Spread
2017-07-11,75.6514663696289,76.21012878417969,1.7146644667912954,-1,1.5,-1.5,1061050.2861781302,
2017-07-12,75.6514663696289,76.21012878417969,0.002985597443711031,-1,1.5,-1.5,1061050.2861781302,
2017-07-13,76.00497436523438,76.55970764160156,0.11380697513639644,-1,1.5,-1.5,1061058.1444544974,
2017-07-14,75.29795837402344,76.55970764160156,1.2808527738583007,-1,1.5,-1.5,1059644.1124720755,
2017-07-17,74.94444274902344,76.90929412841797,1.4019643971500366,-1,1.5,-1.5,1058237.9082484427,
2017-07-18,75.6514663696289,77.2588882446289,-0.5329508775137756,0,1.5,-1.5,1058886.650843047,Close
2017-07-19,75.29795837402344,76.90929412841797,-0.1069866750109858,0,1.5,-1.5,1058886.650843047,
2017-07-20,75.6514663696289,76.55970764160156,-1.364047131986527,0,1.5,-1.5,1058886.650843047,
2017-07-21,75.6514663696289,75.78495788574219,-1.5980365853932512,1,1.5,-1.5,1058820.5933860769,Long Spread
2017-07-24,76.35848999023438,75.78495788574219,-1.1811032614330492,1,1.5,-1.5,1057406.546144866,
2017-07-25,75.6514663696289,75.78495788574219,1.2220538449004879,0,1.5,-1.5,1058754.5359291066,Close
2017-07-26,75.6514663696289,75.78495788574219,0.002161046195313497,0,1.5,-1.5,1058754.5359291066,
2017-07-27,76.35848999023438,75.78495788574219,-1.224462070006781,0,1.5,-1.5,1058754.5359291066,
2017-07-28,76.00497436523438,75.41883850097656,-0.16331911329604684,0,1.5,-1.5,1058754.5359291066,
2017-07-31,76.35848999023438,74.68661499023438,-2.0980011945640293,1,1.5,-1.5,1058688.4941249075,Long Spread
2017-08-01,76.35848999023438,74.68661499023438,-0.003587174074108429,1,1.5,-1.5,1058688.4941249075,
2017-08-02,76.35848999023438,74.68661499023438,-6.4304781187718835e-06,1,1.5,-1.5,1058688.4941249075,
2017-08-03,76.00497436523438,74.68661499023438,0.6216392401206727,0,1.5,-1.5,1059329.4977113332,Close
2017-08-04,76.00497436523438,75.05272674560547,0.8177882005675615,0,1.5,-1.5,1059329.4977113332,
2017-08-07,76.00497436523438,74.68661499023438,-0.8146948424097598,0,1.5,-1.5,1059329.4977113332,
2017-08-08,76.00497436523438,75.05272674560547,0.8221579974537151,0,1.5,-1.5,1059329.4977113332,
2017-08-09,76.00497436523438,74.68661499023438,-0.8168567611127511,0,1.5,-1.5,1059329.4977113332,
2017-08-10,76.35848999023438,74.68661499023438,-0.6350345194509871,0,1.5,-1.5,1059329.4977113332,
2017-08-11,75.6514663696289,74.68661499023438,1.2715758979045313,0,1.5,-1.5,1059329.4977113332,
2017-08-14,76.00497436523438,74.68661499023438,-0.6318295922673608,0,1.5,-1.5,1059329.4977113332,
2017-08-15,76.00497436523438,75.05272674560547,0.8017821500794439,0,1.5,-1.5,1059329.4977113332,
2017-08-16,76.00497436523438,75.05272674560547,0.001386109802627853,0,1.5,-1.5,1059329.4977113332,
2017-08-17,76.35848999023438,75.05272674560547,-0.6322931746282068,0,1.5,-1.5,1059329.4977113332,
2017-08-18,75.6514663696289,75.05272674560547,1.2895201100014406,0,1.5,-1.5,1059329.4977113332,
2017-08-21,76.35848999023438,75.05272674560547,-1.2627030696864583,0,1.5,-1.5,1059329.4977113332,
2017-08-22,75.6514663696289,75.41883850097656,2.0829937597662043,-1,1.5,-1.5,1059263.4548991383,Short Spread
2017-08-23,76.00497436523438,75.41883850097656,-0.6352782321229434,0,1.5,-1.5,1059904.4139378346,Close
2017-08-24,76.00497436523438,75.41883850097656,-0.0010957344276795139,0,1.5,-1.5,1059904.4139378346,
2017-08-25,76.00497436523438,75.78495788574219,0.7993818430488292,0,1.5,-1.5,1059904.4139378346,
2017-08-28,76.71199798583984,76.15106201171875,-0.46370439659482776,0,1.5,-1.5,1059904.4139378346,
2017-08-29,76.35848999023438,76.15106201171875,0.6280183664233755,0,1.5,-1.5,1059904.4139378346,
2017-08-30,76.00497436523438,76.51716613769531,1.4228576663156025,0,1.5,-1.5,1059904.4139378346,
2017-08-31,76.35848999023438,76.8832778930664,0.15802094408010772,0,1.5,-1.5,1059904.4139378346,
2017-09-01,76.35848999023438,76.51716613769531,-0.7977341393873313,0,1.5,-1.5,1059904.4139378346,
2017-09-04,76.35848999023438,76.8832778930664,0.794957601931646,0,1.5,-1.5,1059904.4139378346,
2017-09-05,76.00497436523438,76.51716613769531,-0.15497994710424381,0,1.5,-1.5,1059904.4139378346,
2017-09-06,76.00497436523438,76.15106201171875,-0.8017439232331414,0,1.5,-1.5,1059904.4139378346,
2017-09-07,75.6514663696289,76.51716613769531,1.4524458696618583,0,1.5,-1.5,1059904.4139378346,
2017-09-08,76.00497436523438,76.8832778930664,0.16202160199133664,0,1.5,-1.5,1059904.4139378346,
2017-09-11,75.6514663696289,76.51716613769531,-0.1597964585075211,0,1.5,-1.5,1059904.4139378346,
2017-09-12,75.6514663696289,76.51716613769531,-0.0002834136070844878,0,1.5,-1.5,1059904.4139378346,
2017-09-13,75.6514663696289,76.15106201171875,-0.8544281789706644,0,1.5,-1.5,1059904.4139378346,
2017-09-14,75.6514663696289,76.15106201171875,-0.0014969965976927464,0,1.5,-1.5,1059904.4139378346,
2017-09-15,76.35848999023438,76.51716613769531,-0.5134436016154401,0,1.5,-1.5,1059904.4139378346,
2017-09-18,75.6514663696289,76.15106201171875,0.5164186149289357,0,1.5,-1.5,1059904.4139378346,
2017-09-19,76.35848999023438,76.15106201171875,-1.3319285508757002,0,1.5,-1.5,1059904.4139378346,
2017-09-20,76.00497436523438,76.15106201171875,0.665718141469154,0,1.5,-1.5,1059904.4139378346,
2017-09-21,75.6514663696289,75.78495788574219,-0.1679982117041567,0,1.5,-1.5,1059904.4139378346,
2017-09-22,75.6514663696289,75.78495788574219,-0.0002935592945562604,0,1.5,-1.5,1059904.4139378346,
2017-09-25,75.6514663696289,75.41883850097656,-0.8502456198905535,0,1.5,-1.5,1059904.4139378346,
2017-09-26,75.6514663696289,75.41883850097656,-0.0014924627028005638,0,1.5,-1.5,1059904.4139378346,
2017-09-27,75.6514663696289,75.41883850097656,-2.6165922721239925e-06,0,1.5,-1.5,1059904.4139378346,
2017-09-28,76.35848999023438,75.41883850097656,-1.3329198110001017,0,1.5,-1.5,1059904.4139378346,
2017-09-29,76.35848999023438,76.51716613769531,2.3987884339067245,-1,1.5,-1.5,1059838.2989115894,Short Spread
2017-10-02,76.71199798583984,75.78495788574219,-2.1841495020282142,0,1.5,-1.5,1061943.6315284718,Close
2017-10-03,75.6514663696289,75.41883850097656,1.1110323009438545,0,1.5,-1.5,1061943.6315284718,
2017-10-05,76.00497436523438,75.41883850097656,-0.6392810409596767,0,1.5,-1.5,1061943.6315284718,
2017-10-06,76.35848999023438,75.41883850097656,-0.631725858591352,0,1.5,-1.5,1061943.6315284718,
2017-10-11,76.35848999023438,75.41883850097656,-0.0010975450711220149,0,1.5,-1.5,1061943.6315284718,
2017-10-12,76.00497436523438,75.41883850097656,0.6549857402618796,0,1.5,-1.5,1061943.6315284718,
2017-10-13,77.06551361083984,75.78495788574219,-1.101788163393548,0,1.5,-1.5,1061943.6315284718,
2017-10-16,76.35848999023438,75.41883850097656,0.46246490854201244,0,1.5,-1.5,1061943.6315284718,
2017-10-17,76.35848999023438,75.78495788574219,0.8261775288217232,0,1.5,-1.5,1061943.6315284718,
2017-10-18,76.35848999023438,75.41883850097656,-0.8413693915003458,0,1.5,-1.5,1061943.6315284718,
2017-10-19,76.00497436523438,75.05272674560547,-0.1855289963193911,0,1.5,-1.5,1061943.6315284718,
2017-10-20,76.00497436523438,75.05272674560547,-0.0003255082779649581,0,1.5,-1.5,1061943.6315284718,
2017-10-23,76.00497436523438,75.41883850097656,0.8721889223038611,0,1.5,-1.5,1061943.6315284718,
2017-10-24,76.00497436523438,75.05272674560547,-0.8791782949030863,0,1.5,-1.5,1061943.6315284718,
2017-10-25,75.6514663696289,75.05272674560547,0.694250487332033,0,1.5,-1.5,1061943.6315284718,
2017-10-26,76.00497436523438,75.05272674560547,-0.7256822344732698,0,1.5,-1.5,1061943.6315284718,
2017-10-27,76.00497436523438,75.41883850097656,0.913593509560142,0,1.5,-1.5,1061943.6315284718,
2017-10-30,75.6514663696289,75.05272674560547,-0.1918484516172762,0,1.5,-1.5,1061943.6315284718,
2017-10-31,76.00497436523438,75.41883850097656,0.19290146263676264,0,1.5,-1.5,1061943.6315284718,
2017-11-01,75.29795837402344,75.05272674560547,0.5458700344870708,0,1.5,-1.5,1061943.6315284718,
2017-11-02,74.94444274902344,74.68661499023438,-0.1965884367465275,0,1.5,-1.5,1061943.6315284718,
2017-11-03,74.94444274902344,74.68661499023438,-0.00035110243981543483,0,1.5,-1.5,1061943.6315284718,
2017-11-06,75.29795837402344,74.68661499023438,-0.756615196878222,0,1.5,-1.5,1061943.6315284718,
2017-11-07,75.6514663696289,75.05272674560547,0.19983196688066382,0,1.5,-1.5,1061943.6315284718,
2017-11-08,75.6514663696289,75.41883850097656,0.9613113236249767,0,1.5,-1.5,1061943.6315284718,
2017-11-09,76.35848999023438,75.41883850097656,-1.4748669209993968,0,1.5,-1.5,1061943.6315284718,
2017-11-10,76.00497436523438,75.78495788574219,1.648051545225565,-1,1.5,-1.5,1061877.5599311818,Short Spread
2017-11-13,75.6514663696289,75.05272674560547,-1.1086322451400497,0,1.5,-1.5,1062568.9780525197,Close
2017-11-14,75.6514663696289,75.41883850097656,0.9183997944287927,0,1.5,-1.5,1062568.9780525197,
2017-11-15,75.6514663696289,75.05272674560547,-0.9276741008606059,0,1.5,-1.5,1062568.9780525197,
2017-11-16,75.6514663696289,75.05272674560547,-0.0016446875331686385,0,1.5,-1.5,1062568.9780525197,
2017-11-17,76.00497436523438,75.41883850097656,0.20807221749544308,0,1.5,-1.5,1062568.9780525197,
2017-11-20,76.35848999023438,75.05272674560547,-1.716466743348456,1,1.5,-1.5,1062502.9216038503,Long Spread
2017-11-21,76.00497436523438,75.41883850097656,1.6794880840873712,0,1.5,-1.5,1063876.1194120778,Close
2017-11-22,76.71199798583984,75.78495788574219,-0.5378588398658283,0,1.5,-1.5,1063876.1194120778,
2017-11-23,76.71199798583984,75.78495788574219,-0.0009129232305745041,0,1.5,-1.5,1063876.1194120778,
2017-11-24,76.71199798583984,76.15106201171875,0.9316099073804993,0,1.5,-1.5,1063876.1194120778,
2017-11-27,76.71199798583984,76.15106201171875,0.0016191671824605243,0,1.5,-1.5,1063876.1194120778,
2017-11-28,76.71199798583984,76.51716613769531,0.9487833012777459,0,1.5,-1.5,1063876.1194120778,
2017-11-29,76.35848999023438,76.51716613769531,0.7663328736944955,0,1.5,-1.5,1063876.1194120778,
2017-11-30,76.00497436523438,75.78495788574219,-1.1573549603430044,0,1.5,-1.5,1063876.1194120778,
2017-12-01,76.71199798583984,76.15106201171875,-0.5598076006873977,0,1.5,-1.5,1063876.1194120778,
2017-12-04,76.35848999023438,76.15106201171875,0.7571353107175309,0,1.5,-1.5,1063876.1194120778,
2017-12-05,76.35848999023438,76.15106201171875,0.0013301133862941804,0,1.5,-1.5,1063876.1194120778,
2017-12-06,76.00497436523438,76.15106201171875,0.7859892860768425,0,1.5,-1.5,1063876.1194120778,
2017-12-07,75.6514663696289,76.51716613769531,1.7478269277973024,-1,1.5,-1.5,1063810.0326667775,Short Spread
2017-12-08,75.29795837402344,76.51716613769531,0.7902658832277661,-1,1.5,-1.5,1063103.0166755666,
2017-12-11,75.29795837402344,76.51716613769531,0.0014002990176108464,-1,1.5,-1.5,1063103.0166755666,
2017-12-12,75.29795837402344,76.51716613769531,2.4606463995068057e-06,-1,1.5,-1.5,1063103.0166755666,
2017-12-13,75.29795837402344,76.51716613769531,4.334069162421727e-09,-1,1.5,-1.5,1063103.0166755666,
2017-12-14,75.29795837402344,76.8832778930664,0.981064228671448,-1,1.5,-1.5,1062370.7931648244,
2017-12-15,74.94444274902344,77.24938201904297,1.7942862175717826,-1,1.5,-1.5,1060931.5536628712,
2017-12-18,75.6514663696289,76.8832778930664,-2.4327881300305894,0,1.5,-1.5,1063011.707766265,Close
2017-12-19,74.94444274902344,76.8832778930664,1.4914243257932789,0,1.5,-1.5,1063011.707766265,
2017-12-20,75.29795837402344,77.24938201904297,0.1670750149760979,0,1.5,-1.5,1063011.707766265,
2017-12-21,75.29795837402344,76.8832778930664,-0.9118146076559798,0,1.5,-1.5,1063011.707766265,
2017-12-22,75.29795837402344,77.24938201904297,0.9052994926824636,0,1.5,-1.5,1063011.707766265,
2017-12-25,75.29795837402344,77.6155014038086,0.9035508195948838,0,1.5,-1.5,1063011.707766265,
2017-12-26,75.29795837402344,77.24938201904297,-0.9099798706140839,0,1.5,-1.5,1063011.707766265,
2017-12-27,76.35848999023438,77.6155014038086,-1.352483735369043,0,1.5,-1.5,1063011.707766265,
2017-12-28,76.71199798583984,77.24938201904297,-1.721342663872311,1,1.5,-1.5,1062945.5493110646,Long Spread
2017-12-29,76.00497436523438,77.6155014038086,2.428285104550673,0,1.5,-1.5,1065025.690502776,Close
2018-01-02,76.35848999023438,78.7138442993164,1.9697282236414904,-1,1.5,-1.5,1064959.4876094044,Short Spread
2018-01-03,76.71199798583984,79.07994842529297,0.15831400931864073,-1,1.5,-1.5,1064934.2953486622,
2018-01-04,76.71199798583984,79.07994842529297,0.00026807019067620353,-1,1.5,-1.5,1064934.2953486622,
2018-01-05,76.71199798583984,79.44605255126953,0.8959583163236446,-1,1.5,-1.5,1064202.087096709,
2018-01-08,77.77253723144531,79.44605255126953,-2.11387601336359,0,1.5,-1.5,1066256.8768443286,Close
2018-01-09,78.47956085205078,79.81217193603516,-0.5364838351388975,0,1.5,-1.5,1066256.8768443286,
2018-01-10,77.77253723144531,79.44605255126953,0.5388300180485293,0,1.5,-1.5,1066256.8768443286,
2018-01-11,78.47956085205078,79.44605255126953,-1.352941172848347,0,1.5,-1.5,1066256.8768443286,
2018-01-12,78.47956085205078,79.44605255126953,-0.002190526495076263,0,1.5,-1.5,1066256.8768443286,
2018-01-15,79.18657684326172,79.81217193603516,-0.5067576840123053,0,1.5,-1.5,1066256.8768443286,
2018-01-16,78.47956085205078,79.81217193603516,1.3225632279379067,0,1.5,-1.5,1066256.8768443286,
2018-01-17,78.47956085205078,79.81217193603516,0.002157114891738807,0,1.5,-1.5,1066256.8768443286,
2018-01-18,77.41902160644531,78.7138442993164,-0.4613719534134837,0,1.5,-1.5,1066256.8768443286,
2018-01-19,77.41902160644531,79.81217193603516,2.43087756491806,-1,1.5,-1.5,1066190.587596587,Short Spread
2018-01-22,77.41902160644531,79.44605255126953,-0.8041223748080453,0,1.5,-1.5,1066856.5517631518,Close
2018-01-23,77.41902160644531,79.81217193603516,0.8041705651757949,0,1.5,-1.5,1066856.5517631518,
2018-01-24,77.77253723144531,79.44605255126953,-1.4292700313178508,0,1.5,-1.5,1066856.5517631518,
2018-01-25,77.77253723144531,79.44605255126953,-0.002357722314643284,0,1.5,-1.5,1066856.5517631518,
2018-01-26,78.12605285644531,79.44605255126953,-0.6345755034209346,0,1.5,-1.5,1066856.5517631518,
2018-01-29,78.83306884765625,80.17827606201172,0.27644002557447916,0,1.5,-1.5,1066856.5517631518,
2018-01-30,78.47956085205078,79.07994842529297,-1.6355806939383124,1,1.5,-1.5,1066790.2493827806,Long Spread
2018-01-31,78.83306884765625,79.44605255126953,0.13926891872234137,0,1.5,-1.5,1066749.1104786668,Close
2018-02-01,78.83306884765625,79.81217193603516,0.7442440153275228,0,1.5,-1.5,1066749.1104786668,
2018-02-02,77.06551361083984,79.81217193603516,2.98371267173342,-1,1.5,-1.5,1066682.835371245,Short Spread
2018-02-05,77.06551361083984,79.07994842529297,-1.4493609826871117,0,1.5,-1.5,1068081.0365742478,Close
2018-02-06,74.94444274902344,77.98161315917969,1.4763994671059038,0,1.5,-1.5,1068081.0365742478,
2018-02-07,76.35848999023438,78.7138442993164,-0.967307049101266,0,1.5,-1.5,1068081.0365742478,
2018-02-08,75.6514663696289,79.07994842529297,1.9274391437728124,-1,1.5,-1.5,1068014.847317656,Short Spread
2018-02-09,75.6514663696289,78.7138442993164,-0.719861476481012,0,1.5,-1.5,1068680.8809571825,Close
2018-02-12,76.00497436523438,77.98161315917969,-1.9571605196486104,1,1.5,-1.5,1068614.7214936814,Long Spread
2018-02-21,76.35848999023438,79.81217193603516,2.7267994522054537,0,1.5,-1.5,1071502.5609709152,Close
2018-02-22,75.6514663696289,79.44605255126953,0.46038787043815205,0,1.5,-1.5,1071502.5609709152,
2018-02-23,76.00497436523438,80.17827606201172,0.7692083720092582,0,1.5,-1.5,1071502.5609709152,
2018-02-26,76.00497436523438,80.54438781738281,0.6640377048688747,0,1.5,-1.5,1071502.5609709152,
2018-02-27,76.00497436523438,80.17827606201172,-0.6592627763859593,0,1.5,-1.5,1071502.5609709152,
2018-03-01,75.29795837402344,79.44605255126953,-0.20529131761206856,0,1.5,-1.5,1071502.5609709152,
2018-03-02,75.6514663696289,79.07994842529297,-1.2143824898270001,0,1.5,-1.5,1071502.5609709152,
2018-03-05,75.29795837402344,79.07994842529297,0.5538393704915672,0,1.5,-1.5,1071502.5609709152,
2018-03-06,76.00497436523438,80.17827606201172,0.8597023830092744,0,1.5,-1.5,1071502.5609709152,
2018-03-07,75.6514663696289,80.17827606201172,0.5606170870371766,0,1.5,-1.5,1071502.5609709152,
2018-03-08,75.6514663696289,80.17827606201172,0.0009769339033285675,0,1.5,-1.5,1071502.5609709152,
2018-03-09,75.29795837402344,80.17827606201172,0.5667831338166572,0,1.5,-1.5,1071502.5609709152,
2018-03-12,74.94444274902344,79.81217193603516,-0.09567504146307033,0,1.5,-1.5,1071502.5609709152,
2018-03-13,74.94444274902344,79.81217193603516,-0.00017131656079792546,0,1.5,-1.5,1071502.5609709152,
2018-03-14,74.94444274902344,79.81217193603516,-3.043304079396325e-07,0,1.5,-1.5,1071502.5609709152,
2018-03-15,74.94444274902344,79.81217193603516,-5.351116012027927e-10,0,1.5,-1.5,1071502.5609709152,
2018-03-16,74.59092712402344,80.54438781738281,1.9048274182723988,-1,1.5,-1.5,1071436.3555583176,Short Spread
2018-03-19,74.94444274902344,80.54438781738281,-0.5684528317642693,0,1.5,-1.5,1072077.167255095,Close
2018-03-20,74.94444274902344,80.17827606201172,-0.6573946439574796,0,1.5,-1.5,1072077.167255095,
2018-03-21,75.6514663696289,80.91050720214844,0.18104034259334426,0,1.5,-1.5,1072077.167255095,
2018-03-22,76.35848999023438,81.64273071289062,0.18271882728447722,0,1.5,-1.5,1072077.167255095,
2018-03-23,75.6514663696289,80.54438781738281,-0.8542198057788964,0,1.5,-1.5,1072077.167255095,
2018-03-26,76.35848999023438,81.276611328125,0.1870250260340798,0,1.5,-1.5,1072077.167255095,
2018-03-27,76.71199798583984,82.00884246826172,0.746174667397841,0,1.5,-1.5,1072077.167255095,
2018-03-28,76.71199798583984,82.37494659423828,0.6545668274002181,0,1.5,-1.5,1072077.167255095,
2018-03-29,77.06551361083984,81.64273071289062,-1.8030276571598614,1,1.5,-1.5,1072010.818925322,Long Spread
2018-03-30,77.41902160644531,82.74105834960938,1.3232081284615749,0,1.5,-1.5,1073434.0518043505,Close
2018-04-02,77.77253723144531,82.37494659423828,-1.1355087814032057,0,1.5,-1.5,1073434.0518043505,
2018-04-03,77.41902160644531,82.00884246826172,-0.09166018766465571,0,1.5,-1.5,1073434.0518043505,
2018-04-09,77.77253723144531,83.47327423095703,1.9295896378103432,-1,1.5,-1.5,1073367.601971892,Short Spread
2018-04-10,77.77253723144531,83.83938598632812,0.6241969830614296,-1,1.5,-1.5,1072635.3784611498,
2018-04-11,77.77253723144531,83.47327423095703,-0.6171862120450322,0,1.5,-1.5,1073301.1521394334,Close
2018-04-12,77.41902160644531,83.47327423095703,0.5407949107830436,0,1.5,-1.5,1073301.1521394334,
2018-04-13,77.06551361083984,83.10717010498047,-0.07860663148991162,0,1.5,-1.5,1073301.1521394334,
2018-04-16,78.12605285644531,82.74105834960938,-2.1698773396384174,1,1.5,-1.5,1073234.7174549852,Long Spread
2018-04-17,77.41902160644531,83.10717010498047,1.6233106495407421,0,1.5,-1.5,1075314.582418059,Close
2018-04-18,77.77253723144531,83.83938598632812,0.6735204379792712,0,1.5,-1.5,1075314.582418059,
2018-04-19,77.77253723144531,83.47327423095703,-0.5952453148261057,0,1.5,-1.5,1075314.582418059,
2018-04-20,77.77253723144531,83.10717010498047,-0.5947925680722256,0,1.5,-1.5,1075314.582418059,
2018-04-23,77.77253723144531,82.37494659423828,-1.174113731516803,0,1.5,-1.5,1075314.582418059,
2018-04-24,77.06551361083984,81.276611328125,-0.7714025680335723,0,1.5,-1.5,1075314.582418059,
2018-04-25,76.71199798583984,80.91050720214844,-0.09172745830073298,0,1.5,-1.5,1075314.582418059,
2018-04-26,77.06551361083984,81.64273071289062,0.685759778084461,0,1.5,-1.5,1075314.582418059,
2018-04-27,77.06551361083984,82.74105834960938,1.7884374501898754,-1,1.5,-1.5,1075248.1901551806,Short Spread
2018-04-30,77.41902160644531,82.74105834960938,-0.5100150108498391,0,1.5,-1.5,1075888.7997431934,Close
2018-05-02,78.47956085205078,82.00884246826172,-2.4963360513346786,1,1.5,-1.5,1075822.3802070606,Long Spread
2018-05-03,77.77253723144531,81.64273071289062,0.3790555465811212,0,1.5,-1.5,1076437.8273268116,Close
2018-05-04,77.41902160644531,81.64273071289062,0.47668672601503637,0,1.5,-1.5,1076437.8273268116,
2018-05-07,77.06551361083984,82.00884246826172,1.0452212972364472,0,1.5,-1.5,1076437.8273268116,
2018-05-08,77.77253723144531,82.00884246826172,-0.9416586182209512,0,1.5,-1.5,1076437.8273268116,
2018-05-09,76.71199798583984,80.54438781738281,-0.8244375190504575,0,1.5,-1.5,1076437.8273268116,
2018-05-10,76.35848999023438,79.44605255126953,-1.2206414969704156,0,1.5,-1.5,1076437.8273268116,
2018-05-11,75.6514663696289,79.81217193603516,1.5104627020430548,-1,1.5,-1.5,1076371.6087812793,Short Spread
2018-05-14,75.6514663696289,79.81217193603516,0.0027413826358616963,-1,1.5,-1.5,1076371.6087812793,
2018-05-15,75.6514663696289,79.44605255126953,-0.5959616938345516,0,1.5,-1.5,1077037.6436500538,Close
2018-05-16,76.00497436523438,79.07994842529297,-1.089200509450975,0,1.5,-1.5,1077037.6436500538,
2018-05-17,76.00497436523438,79.44605255126953,0.590470842401651,0,1.5,-1.5,1077037.6436500538,
2018-05-18,76.71199798583984,80.54438781738281,0.7835417517730089,0,1.5,-1.5,1077037.6436500538,
2018-05-21,76.71199798583984,80.54438781738281,0.0013311822485123932,0,1.5,-1.5,1077037.6436500538,
2018-05-22,76.71199798583984,80.17827606201172,-0.606830137863548,0,1.5,-1.5,1077037.6436500538,
2018-05-23,76.71199798583984,80.17827606201172,-0.0010883342673682606,0,1.5,-1.5,1077037.6436500538,
2018-05-24,77.06551361083984,80.17827606201172,-0.5342916092403917,0,1.5,-1.5,1077037.6436500538,
2018-05-25,77.41902160644531,80.54438781738281,0.10332282096956492,0,1.5,-1.5,1077037.6436500538,
2018-05-28,77.77253723144531,81.276611328125,0.7304388721300836,0,1.5,-1.5,1077037.6436500538,
2018-05-29,77.77253723144531,80.17827606201172,-1.8350354020178228,1,1.5,-1.5,1076971.325617522,Long Spread
2018-05-30,77.41902160644531,79.44605255126953,-0.7241975184532424,1,1.5,-1.5,1076213.9098460376,
2018-05-31,77.77253723144531,79.81217193603516,0.10811584294780449,0,1.5,-1.5,1076172.8139772022,Close
2018-06-01,78.12605285644531,80.54438781738281,0.7177060947697881,0,1.5,-1.5,1076172.8139772022,
2018-06-04,78.12605285644531,80.54438781738281,0.0011796168907493559,0,1.5,-1.5,1076172.8139772022,
2018-06-05,77.77253723144531,80.54438781738281,0.5137604426874947,0,1.5,-1.5,1076172.8139772022,
2018-06-06,77.41902160644531,80.91050720214844,1.133860090228532,0,1.5,-1.5,1076172.8139772022,
2018-06-07,78.12605285644531,80.54438781738281,-1.5972380491899654,1,1.5,-1.5,1076106.4671595753,Long Spread
2018-06-08,78.12605285644531,80.54438781738281,-0.002607843424160889,1,1.5,-1.5,1076106.4671595753,
2018-06-11,77.77253723144531,80.17827606201172,-0.10310477355337971,1,1.5,-1.5,1076081.2748988331,
2018-06-12,78.12605285644531,80.17827606201172,-0.49307371619292867,1,1.5,-1.5,1075374.2436488331,
2018-06-13,78.47956085205078,80.54438781738281,0.10296609320993841,0,1.5,-1.5,1075333.0902104175,Close
2018-06-14,77.77253723144531,79.81217193603516,-0.21720257531676554,0,1.5,-1.5,1075333.0902104175,
2018-06-15,77.41902160644531,80.17827606201172,1.1298226354374483,0,1.5,-1.5,1075333.0902104175,
2018-06-19,77.41902160644531,79.81217193603516,-0.6182267855760756,0,1.5,-1.5,1075333.0902104175,
2018-06-20,77.77253723144531,80.54438781738281,0.716349498377657,0,1.5,-1.5,1075333.0902104175,
2018-06-21,78.47956085205078,80.17827606201172,-1.5696528569978516,1,1.5,-1.5,1075266.743896941,Long Spread
2018-06-22,78.47956085205078,80.54438781738281,0.5874504483433229,0,1.5,-1.5,1075932.6064497363,Close
2018-06-25,78.12605285644531,80.17827606201172,-0.10342538431732995,0,1.5,-1.5,1075932.6064497363,
2018-06-26,78.12605285644531,80.17827606201172,-0.0001697428484981639,0,1.5,-1.5,1075932.6064497363,
2018-06-27,78.12605285644531,80.17827606201172,-2.7831483419957205e-07,0,1.5,-1.5,1075932.6064497363,
2018-06-28,78.47956085205078,80.54438781738281,0.10749893609511632,0,1.5,-1.5,1075932.6064497363,
2018-06-29,78.12605285644531,80.54438781738281,0.5157246200588573,0,1.5,-1.5,1075932.6064497363,
2018-07-02,77.77253723144531,80.17827606201172,-0.1084597431715379,0,1.5,-1.5,1075932.6064497363,
2018-07-03,78.12605285644531,81.276611328125,1.3489369354408096,0,1.5,-1.5,1075932.6064497363,
2018-07-04,78.47956085205078,81.64273071289062,0.10589026582122232,0,1.5,-1.5,1075932.6064497363,
2018-07-05,78.12605285644531,82.00884246826172,1.1731166877797792,0,1.5,-1.5,1075932.6064497363,
2018-07-06,78.47956085205078,82.00884246826172,-0.533927711429675,0,1.5,-1.5,1075932.6064497363,
2018-07-09,78.83306884765625,82.00884246826172,-0.5303665419185338,0,1.5,-1.5,1075932.6064497363,
2018-07-10,78.90750885009766,82.37494659423828,0.5139837393786829,0,1.5,-1.5,1075932.6064497363,
2018-07-11,78.90750885009766,82.00884246826172,-0.6512735637032113,0,1.5,-1.5,1075932.6064497363,
2018-07-12,78.16310119628906,81.64273071289062,0.5218518528801648,0,1.5,-1.5,1075932.6064497363,
2018-07-13,78.16310119628906,81.64273071289062,0.000856550219867303,0,1.5,-1.5,1075932.6064497363,
2018-07-16,78.5353012084961,81.64273071289062,-0.6042955310738971,0,1.5,-1.5,1075932.6064497363,
2018-07-17,78.5353012084961,82.00884246826172,0.6801123292391797,0,1.5,-1.5,1075932.6064497363,
2018-07-18,78.5353012084961,82.00884246826172,0.001116212646507195,0,1.5,-1.5,1075932.6064497363,
2018-07-19,78.16310119628906,81.64273071289062,-0.07974996477286977,0,1.5,-1.5,1075932.6064497363,
2018-07-20,78.16310119628906,81.64273071289062,-0.00013009752450107554,0,1.5,-1.5,1075932.6064497363,
2018-07-23,78.5353012084961,81.48664855957031,-0.9139544404136294,0,1.5,-1.5,1075932.6064497363,
2018-07-24,78.90750885009766,80.72149658203125,-2.071257812190573,1,1.5,-1.5,1075866.221289519,Long Spread
2018-07-25,78.5353012084961,80.33894348144531,-0.12969171745025146,1,1.5,-1.5,1075845.5303715502,
2018-07-26,78.5353012084961,80.72149658203125,0.8031503739968883,0,1.5,-1.5,1076544.2663008105,Close
2018-07-27,78.5353012084961,80.72149658203125,0.0013014823441935565,0,1.5,-1.5,1076544.2663008105,
2018-07-30,78.5353012084961,81.10407257080078,0.8042959498893731,0,1.5,-1.5,1076544.2663008105,
2018-07-31,78.5353012084961,81.10407257080078,0.0013266827455486482,0,1.5,-1.5,1076544.2663008105,
2018-08-01,78.90750885009766,81.10407257080078,-0.6885914795895832,0,1.5,-1.5,1076544.2663008105,
2018-08-02,78.16310119628906,80.72149658203125,0.5619660355860894,0,1.5,-1.5,1076544.2663008105,
2018-08-03,78.16310119628906,81.10407257080078,0.8648740184402185,0,1.5,-1.5,1076544.2663008105,
2018-08-06,78.5353012084961,81.48664855957031,0.14442454211114397,0,1.5,-1.5,1076544.2663008105,
2018-08-07,78.16310119628906,81.48664855957031,0.7604159268743006,0,1.5,-1.5,1076544.2663008105,
2018-08-08,78.16310119628906,81.86920928955078,0.9043664597365226,0,1.5,-1.5,1076544.2663008105,
2018-08-09,78.16310119628906,81.86920928955078,0.0015130979668824245,0,1.5,-1.5,1076544.2663008105,
2018-08-10,78.90750885009766,82.25177001953125,-0.6393417034299363,0,1.5,-1.5,1076544.2663008105,
2018-08-13,78.5353012084961,81.48664855957031,-1.065878968560461,0,1.5,-1.5,1076544.2663008105,
2018-08-14,78.90750885009766,81.86920928955078,0.14300321681416883,0,1.5,-1.5,1076544.2663008105,
2018-08-15,78.5353012084961,81.86920928955078,0.7798151390002956,0,1.5,-1.5,1076544.2663008105,
2018-08-16,78.16310119628906,81.48664855957031,-0.14207617803311418,0,1.5,-1.5,1076544.2663008105,
2018-08-17,78.90750885009766,81.86920928955078,-0.6349702090128453,0,1.5,-1.5,1076544.2663008105,
2018-08-20,78.90750885009766,81.86920928955078,-0.001016559242114747,0,1.5,-1.5,1076544.2663008105,
2018-08-21,79.27971649169922,83.01690673828125,1.9184762324638691,-1,1.5,-1.5,1076477.7744358813,Short Spread
2018-08-22,79.65191650390625,82.63433837890625,-1.6938452336870649,0,1.5,-1.5,1077920.8197288502,Close
2018-08-23,80.02412414550781,83.01690673828125,0.14049488915037162,0,1.5,-1.5,1077920.8197288502,
2018-08-24,79.65191650390625,82.25177001953125,-1.0587696798105386,0,1.5,-1.5,1077920.8197288502,
2018-08-27,80.02412414550781,82.63433837890625,0.1455895109379704,0,1.5,-1.5,1077920.8197288502,
2018-08-28,80.02412414550781,83.01690673828125,0.9107305747247098,0,1.5,-1.5,1077920.8197288502,
2018-08-29,80.02412414550781,83.01690673828125,0.0014240417329935582,0,1.5,-1.5,1077920.8197288502,
2018-08-30,79.65191650390625,82.25177001953125,-1.0832589020053411,0,1.5,-1.5,1077920.8197288502,
2018-08-31,79.65191650390625,83.01690673828125,1.9204752614666625,-1,1.5,-1.5,1077854.3129759205,Short Spread
2018-09-03,80.02412414550781,82.63433837890625,-1.7113085631578202,0,1.5,-1.5,1079297.3586393727,Close
2018-09-04,80.02412414550781,83.01690673828125,0.9187020884649241,0,1.5,-1.5,1079297.3586393727,
2018-09-05,79.65191650390625,82.63433837890625,-0.14373027223765178,0,1.5,-1.5,1079297.3586393727,
2018-09-06,79.65191650390625,82.25177001953125,-0.9277749703880643,0,1.5,-1.5,1079297.3586393727,
2018-09-07,80.02412414550781,82.63433837890625,0.14635044348566842,0,1.5,-1.5,1079297.3586393727,
2018-09-10,80.02412414550781,83.01690673828125,0.9364490813379567,0,1.5,-1.5,1079297.3586393727,
2018-09-11,80.7685317993164,84.16460418701172,1.2021965386521574,0,1.5,-1.5,1079297.3586393727,
2018-09-12,81.1407470703125,84.16460418701172,-0.7737180463796206,0,1.5,-1.5,1079297.3586393727,
2018-09-13,81.1407470703125,83.78204345703125,-0.9581502761898343,0,1.5,-1.5,1079297.3586393727,
2018-09-14,81.512939453125,83.01690673828125,-2.5585890784901335,1,1.5,-1.5,1079230.7774455252,Long Spread
2018-09-17,81.1407470703125,83.01690673828125,0.7457657887152637,0,1.5,-1.5,1079908.5959049978,Close
2018-09-18,81.1407470703125,84.16460418701172,2.5619546174756294,-1,1.5,-1.5,1079841.9836909475,Short Spread
2018-09-19,81.512939453125,84.54717254638672,0.13346394620331606,-1,1.5,-1.5,1079821.2317378225,
2018-09-20,81.1407470703125,84.16460418701172,-0.12996547908927886,0,1.5,-1.5,1079775.3714768973,Close
2018-09-21,81.512939453125,83.78204345703125,-1.535261751811732,1,1.5,-1.5,1079708.7596775808,Long Spread
2018-09-25,81.1407470703125,83.78204345703125,0.6983529006182486,0,1.5,-1.5,1080386.5475315847,Close
2018-09-26,81.1407470703125,83.78204345703125,0.001089790260827335,0,1.5,-1.5,1080386.5475315847,
2018-09-27,81.512939453125,84.16460418701172,0.1347514223055022,0,1.5,-1.5,1080386.5475315847,
2018-09-28,81.512939453125,84.16460418701172,0.0002070061000616704,0,1.5,-1.5,1080386.5475315847,
2018-10-01,81.512939453125,84.54717254638672,0.8723168232671302,0,1.5,-1.5,1080386.5475315847,
2018-10-02,81.1407470703125,83.78204345703125,-1.0093920346793752,0,1.5,-1.5,1080386.5475315847,
2018-10-03,81.512939453125,83.39946746826172,-1.5769497354764341,1,1.5,-1.5,1080319.951035308,Long Spread
2018-10-04,80.39633178710938,82.63433837890625,0.4398875284370834,0,1.5,-1.5,1080956.3869618217,Close
2018-10-05,80.7685317993164,83.39946746826172,1.013588049788189,0,1.5,-1.5,1080956.3869618217,
2018-10-08,81.1407470703125,83.01690673828125,-1.5547585663129926,1,1.5,-1.5,1080889.8206556693,Long Spread
2018-10-09,81.1407470703125,83.78204345703125,1.6549568837824453,0,1.5,-1.5,1082353.4971815483,Close
2018-10-11,80.39633178710938,83.01690673828125,-0.26552158569369405,0,1.5,-1.5,1082353.4971815483,
2018-10-12,80.7685317993164,82.63433837890625,-1.5192333410901446,1,1.5,-1.5,1082286.961066741,Long Spread
2018-10-15,80.02412414550781,81.48664855957031,-1.1143187710973226,1,1.5,-1.5,1081480.3967356863,
2018-10-16,80.02412414550781,81.86920928955078,0.8253402851666,0,1.5,-1.5,1082179.0424623098,Close
2018-10-17,80.39633178710938,81.86920928955078,-0.6832196797026407,0,1.5,-1.5,1082179.0424623098,
2018-10-18,80.39633178710938,82.25177001953125,0.8614189477488775,0,1.5,-1.5,1082179.0424623098,
2018-10-19,80.7685317993164,81.48664855957031,-2.3076968990734206,1,1.5,-1.5,1082112.5522550954,Long Spread
2018-10-22,80.39633178710938,82.25177001953125,2.229721424331739,0,1.5,-1.5,1084320.689275359,Close
2018-10-23,80.02412414550781,81.48664855957031,-0.9245907808546792,0,1.5,-1.5,1084320.689275359,
2018-10-24,80.7685317993164,81.86920928955078,-0.5114809752372095,0,1.5,-1.5,1084320.689275359,
2018-10-25,81.512939453125,82.63433837890625,0.2713817386291056,0,1.5,-1.5,1084320.689275359,
2018-10-26,81.8851547241211,83.39946746826172,0.8920438175686505,0,1.5,-1.5,1084320.689275359,
2018-10-29,81.8851547241211,83.78204345703125,0.7581138774829863,0,1.5,-1.5,1084320.689275359,
2018-10-30,81.8851547241211,83.01690673828125,-1.4937080741500532,0,1.5,-1.5,1084320.689275359,
2018-10-31,82.25736236572266,83.78204345703125,0.8621203018192405,0,1.5,-1.5,1084320.689275359,
2018-11-01,81.512939453125,81.86920928955078,-2.392542350045025,1,1.5,-1.5,1084254.1539894093,Long Spread
2018-11-02,80.39633178710938,81.10407257080078,0.3270200564133161,0,1.5,-1.5,1084890.6358677663,Close
2018-11-05,80.7685317993164,80.72149658203125,-1.3164897346310052,0,1.5,-1.5,1084890.6358677663,
2018-11-06,81.1407470703125,81.10407257080078,0.13518205181311105,0,1.5,-1.5,1084890.6358677663,
2018-11-07,81.8851547241211,81.86920928955078,0.2695317148698899,0,1.5,-1.5,1084890.6358677663,
2018-11-08,81.512939453125,81.86920928955078,0.5791848012230539,0,1.5,-1.5,1084890.6358677663,
2018-11-09,81.1407470703125,81.86920928955078,0.5879855528001133,0,1.5,-1.5,1084890.6358677663,
2018-11-12,81.512939453125,81.48664855957031,-1.2810383206982003,0,1.5,-1.5,1084890.6358677663,
2018-11-13,81.8851547241211,81.86920928955078,0.1303318825904263,0,1.5,-1.5,1084890.6358677663,
2018-11-14,82.25736236572266,81.86920928955078,-0.5611475114345992,0,1.5,-1.5,1084890.6358677663,
2018-11-15,82.25736236572266,81.86920928955078,-0.0008479086433598339,0,1.5,-1.5,1084890.6358677663,
2018-11-16,81.1407470703125,81.10407257080078,0.3129647120979877,0,1.5,-1.5,1084890.6358677663,
2018-11-19,81.512939453125,81.48664855957031,0.13958390334387033,0,1.5,-1.5,1084890.6358677663,
2018-11-20,81.8851547241211,81.86920928955078,0.13806493331455774,0,1.5,-1.5,1084890.6358677663,
2018-11-21,81.512939453125,81.86920928955078,0.5949750952747228,0,1.5,-1.5,1084890.6358677663,
2018-11-22,81.512939453125,82.25177001953125,0.7339463931857916,0,1.5,-1.5,1084890.6358677663,
2018-11-23,81.8851547241211,82.63433837890625,0.13188276130752696,0,1.5,-1.5,1084890.6358677663,
2018-11-26,81.512939453125,82.25177001953125,-0.1319483604038128,0,1.5,-1.5,1084890.6358677663,
2018-11-27,81.512939453125,82.25177001953125,-0.00020243262331371388,0,1.5,-1.5,1084890.6358677663,
2018-11-28,81.8851547241211,82.25177001953125,-0.6208269874914542,0,1.5,-1.5,1084890.6358677663,
2018-11-29,81.1407470703125,81.48664855957031,-0.2861556701021655,0,1.5,-1.5,1084890.6358677663,
2018-11-30,81.1407470703125,81.86920928955078,0.7706163583182353,0,1.5,-1.5,1084890.6358677663,
2018-12-03,80.39633178710938,81.10407257080078,-0.28418662906715314,0,1.5,-1.5,1084890.6358677663,
2018-12-04,79.65191650390625,81.10407257080078,1.293028387817587,0,1.5,-1.5,1084890.6358677663,
2018-12-05,80.02412414550781,81.48664855957031,0.14003434087213634,0,1.5,-1.5,1084890.6358677663,
2018-12-06,79.65191650390625,81.48664855957031,0.6608497870576558,0,1.5,-1.5,1084890.6358677663,
2018-12-07,80.39633178710938,81.86920928955078,-0.5172548564475986,0,1.5,-1.5,1084890.6358677663,
2018-12-10,80.02412414550781,81.86920928955078,0.6553657025736617,0,1.5,-1.5,1084890.6358677663,
2018-12-11,80.39633178710938,82.25177001953125,0.14009185451613956,0,1.5,-1.5,1084890.6358677663,
2018-12-12,79.65191650390625,82.25177001953125,1.371106350416109,0,1.5,-1.5,1084890.6358677663,
2018-12-13,80.39633178710938,82.25177001953125,-1.4036309413908197,0,1.5,-1.5,1084890.6358677663,
2018-12-14,80.02412414550781,82.25177001953125,0.6976516757668199,0,1.5,-1.5,1084890.6358677663,
2018-12-17,80.39633178710938,82.25177001953125,-0.6929996187113675,0,1.5,-1.5,1084890.6358677663,
2018-12-18,80.39633178710938,81.48664855957031,-1.6566876440442628,1,1.5,-1.5,1084824.1605485524,Long Spread
2018-12-19,80.39633178710938,82.25177001953125,1.6211336701229726,0,1.5,-1.5,1086287.897544402,Close
2018-12-20,80.39633178710938,82.25177001953125,0.0024999902508263208,0,1.5,-1.5,1086287.897544402,
2018-12-21,80.39633178710938,82.25177001953125,3.85604280828807e-06,0,1.5,-1.5,1086287.897544402,
2018-12-24,80.39633178710938,81.86920928955078,-0.8079104662632952,0,1.5,-1.5,1086287.897544402,
2018-12-25,80.02412414550781,81.48664855957031,-0.14374942208991193,0,1.5,-1.5,1086287.897544402,
2018-12-26,79.27971649169922,81.10407257080078,0.54556520491384,0,1.5,-1.5,1086287.897544402,
2018-12-27,79.27971649169922,81.48664855957031,0.8492634007571814,0,1.5,-1.5,1086287.897544402,
2018-12-28,79.27971649169922,86.45999908447266,6.339812951032549,-1,1.5,-1.5,1086221.2679557789,Short Spread
2019-01-02,79.65191650390625,81.86920928955078,-4.825306344329855,0,1.5,-1.5,1096080.786725005,Close
2019-01-03,79.27971649169922,81.86920928955078,0.3086790022828733,0,1.5,-1.5,1096080.786725005,
2019-01-04,79.27971649169922,82.25177001953125,0.3811752759891263,0,1.5,-1.5,1096080.786725005,
2019-01-07,80.39633178710938,82.63433837890625,-0.5629325249400389,0,1.5,-1.5,1096080.786725005,
2019-01-08,80.02412414550781,81.86920928955078,-0.4360435439412879,0,1.5,-1.5,1096080.786725005,
2019-01-09,80.39633178710938,82.25177001953125,0.06251540369799843,0,1.5,-1.5,1096080.786725005,
2019-01-10,80.39633178710938,81.86920928955078,-0.37078008231083437,0,1.5,-1.5,1096080.786725005,
2019-01-11,80.7685317993164,81.86920928955078,-0.3040081527974659,0,1.5,-1.5,1096080.786725005,
2019-01-14,80.7685317993164,81.48664855957031,-0.36800056245761464,0,1.5,-1.5,1096080.786725005,
2019-01-15,80.39633178710938,81.86920928955078,0.6771088470168749,0,1.5,-1.5,1096080.786725005,
2019-01-16,80.7685317993164,81.86920928955078,-0.30665112188066856,0,1.5,-1.5,1096080.786725005,
2019-01-17,81.1407470703125,81.86920928955078,-0.3042169320914871,0,1.5,-1.5,1096080.786725005,
2019-01-18,81.1407470703125,81.86920928955078,-0.0004608199843370638,0,1.5,-1.5,1096080.786725005,
2019-01-21,80.39633178710938,81.48664855957031,0.2394904105802611,0,1.5,-1.5,1096080.786725005,
2019-01-22,81.1407470703125,82.25177001953125,0.1328735946315216,0,1.5,-1.5,1096080.786725005,
2019-01-23,81.1407470703125,81.86920928955078,-0.3700094273105805,0,1.5,-1.5,1096080.786725005,
2019-01-24,81.1407470703125,81.86920928955078,-0.0005626429251831284,0,1.5,-1.5,1096080.786725005,
2019-01-25,81.512939453125,81.86920928955078,-0.3016608765473939,0,1.5,-1.5,1096080.786725005,
2019-01-28,80.39633178710938,81.48664855957031,0.5520155884783496,0,1.5,-1.5,1096080.786725005,
2019-01-29,81.1407470703125,81.86920928955078,-0.24034735656644274,0,1.5,-1.5,1096080.786725005,
2019-01-30,81.512939453125,81.86920928955078,-0.3059878735139263,0,1.5,-1.5,1096080.786725005,
2019-02-11,81.512939453125,81.48664855957031,-0.373717607360032,0,1.5,-1.5,1096080.786725005,
2019-02-12,80.7685317993164,81.86920928955078,0.9870679584740613,0,1.5,-1.5,1096080.786725005,
2019-02-13,80.39633178710938,81.10407257080078,-0.4465674434533053,0,1.5,-1.5,1096080.786725005,
2019-02-14,79.65191650390625,81.10407257080078,0.6298033415115767,0,1.5,-1.5,1096080.786725005,
2019-02-15,80.7685317993164,81.48664855957031,-0.5522061653969619,0,1.5,-1.5,1096080.786725005,
2019-02-18,81.1407470703125,81.48664855957031,-0.30505479492762855,0,1.5,-1.5,1096080.786725005,
2019-02-19,80.7685317993164,81.10407257080078,-0.07084282293928514,0,1.5,-1.5,1096080.786725005,
2019-02-20,80.7685317993164,81.48664855957031,0.3756832594009293,0,1.5,-1.5,1096080.786725005,
2019-02-21,81.512939453125,81.48664855957031,-0.6002232340935642,0,1.5,-1.5,1096080.786725005,
2019-02-22,81.8851547241211,81.86920928955078,0.06866874530081855,0,1.5,-1.5,1096080.786725005,
2019-02-25,81.512939453125,81.86920928955078,0.297883042510884,0,1.5,-1.5,1096080.786725005,
2019-02-26,81.8851547241211,81.48664855957031,-0.6583372546821469,0,1.5,-1.5,1096080.786725005,
2019-02-27,81.8851547241211,81.86920928955078,0.3622682079445784,0,1.5,-1.5,1096080.786725005,
2019-03-04,81.8851547241211,81.86920928955078,0.0005386214528608454,0,1.5,-1.5,1096080.786725005,
2019-03-05,81.8851547241211,81.86920928955078,8.008064745841952e-07,0,1.5,-1.5,1096080.786725005,
2019-03-06,81.512939453125,82.25177001953125,0.6610147877778556,0,1.5,-1.5,1096080.786725005,
2019-03-07,81.512939453125,81.86920928955078,-0.3640823508270609,0,1.5,-1.5,1096080.786725005,
2019-03-08,81.512939453125,82.25177001953125,0.36418866266508587,0,1.5,-1.5,1096080.786725005,
2019-03-11,81.8851547241211,81.86920928955078,-0.6549469005026737,0,1.5,-1.5,1096080.786725005,
2019-03-12,81.512939453125,82.63433837890625,1.0125808728527341,0,1.5,-1.5,1096080.786725005,
2019-03-13,81.8851547241211,82.63433837890625,-0.2932463596649845,0,1.5,-1.5,1096080.786725005,
2019-03-14,81.1407470703125,82.25177001953125,0.23213904593571322,0,1.5,-1.5,1096080.786725005,
2019-03-15,82.25736236572266,82.63433837890625,-0.5188937155396058,0,1.5,-1.5,1096080.786725005,
2019-03-18,81.8851547241211,82.63433837890625,0.2906639735474522,0,1.5,-1.5,1096080.786725005,
2019-03-19,82.25736236572266,82.63433837890625,-0.28973780644695507,0,1.5,-1.5,1096080.786725005,
2019-03-20,82.25736236572266,82.63433837890625,-0.0004269072531037344,0,1.5,-1.5,1096080.786725005,
2019-03-21,82.25736236572266,82.63433837890625,-6.312455569912412e-07,0,1.5,-1.5,1096080.786725005,
2019-03-22,81.8851547241211,83.01690673828125,0.6510798386696763,0,1.5,-1.5,1096080.786725005,
2019-03-25,82.25736236572266,82.25177001953125,-0.9954044626817633,0,1.5,-1.5,1096080.786725005,
2019-03-26,83.00177001953125,83.01690673828125,0.13011584681760804,0,1.5,-1.5,1096080.786725005,
2019-03-27,82.62955474853516,83.01690673828125,0.2854205191620698,0,1.5,-1.5,1096080.786725005,
2019-03-28,83.37396240234375,83.39946746826172,-0.2183600168457415,0,1.5,-1.5,1096080.786725005,
2019-03-29,83.00177001953125,83.78204345703125,0.631334259804844,0,1.5,-1.5,1096080.786725005,
2019-04-01,82.62955474853516,84.54717254638672,0.984460944130104,0,1.5,-1.5,1096080.786725005,
2019-04-02,82.25736236572266,83.78204345703125,-0.4088351876571878,0,1.5,-1.5,1096080.786725005,
2019-04-03,82.62955474853516,83.01690673828125,-0.9784435054936068,0,1.5,-1.5,1096080.786725005,
2019-04-08,82.25736236572266,83.01690673828125,0.28300454232444183,0,1.5,-1.5,1096080.786725005,
2019-04-09,82.62955474853516,83.78204345703125,0.40853585459345276,0,1.5,-1.5,1096080.786725005,
2019-04-10,82.62955474853516,83.78204345703125,0.0007777119919015687,0,1.5,-1.5,1096080.786725005,
2019-04-11,82.62955474853516,83.39946746826172,-0.7544840337455175,0,1.5,-1.5,1096080.786725005,
2019-04-12,82.62955474853516,83.78204345703125,0.7525617636796867,0,1.5,-1.5,1096080.786725005,
2019-04-15,82.62955474853516,83.78204345703125,0.0011057579089415075,0,1.5,-1.5,1096080.786725005,
2019-04-16,83.00177001953125,84.16460418701172,0.13345425981911357,0,1.5,-1.5,1096080.786725005,
2019-04-17,83.00177001953125,83.78204345703125,-0.7624634149489943,0,1.5,-1.5,1096080.786725005,
2019-04-18,83.37396240234375,84.16460418701172,0.13436529159309832,0,1.5,-1.5,1096080.786725005,
2019-04-19,83.00177001953125,83.78204345703125,-0.13659599163346203,0,1.5,-1.5,1096080.786725005,
2019-04-22,83.00177001953125,84.16460418701172,0.7656676536136761,0,1.5,-1.5,1096080.786725005,
2019-04-23,83.74617767333984,84.54717254638672,-0.49008862458667096,0,1.5,-1.5,1096080.786725005,
2019-04-24,83.37396240234375,84.54717254638672,0.6355874262942828,0,1.5,-1.5,1096080.786725005,
2019-04-25,83.74617767333984,84.54717254638672,-0.6328722964914805,0,1.5,-1.5,1096080.786725005,
2019-04-26,84.11839294433594,84.54717254638672,-0.6266130769049387,0,1.5,-1.5,1096080.786725005,
2019-04-29,84.11839294433594,84.92973327636719,0.7564610787672214,0,1.5,-1.5,1096080.786725005,
2019-04-30,84.11839294433594,84.92973327636719,0.0010682744961409004,0,1.5,-1.5,1096080.786725005,
2019-05-02,85.23500061035156,84.92973327636719,-1.7773370205252914,1,1.5,-1.5,1096013.9801356494,Long Spread
2019-05-03,85.23500061035156,84.92973327636719,-0.0024519641037030636,1,1.5,-1.5,1096013.9801356494,
2019-05-06,84.11839294433594,84.54717254638672,1.0568525226078296,0,1.5,-1.5,1097415.3273851,Close
2019-05-07,84.86279296875,84.54717254638672,-1.1720822813232523,0,1.5,-1.5,1097415.3273851,
2019-05-08,84.49058532714844,85.31230163574219,1.9854215804516238,-1,1.5,-1.5,1097348.5352696215,Short Spread
2019-05-09,84.86279296875,84.16460418701172,-2.532197852532858,0,1.5,-1.5,1100321.5843543995,Close
2019-05-10,84.86279296875,84.16460418701172,-0.003515614890026015,0,1.5,-1.5,1100321.5843543995,
2019-05-13,85.23500061035156,84.16460418701172,-0.5326426233650338,0,1.5,-1.5,1100321.5843543995,
2019-05-14,84.86279296875,85.31230163574219,2.4762529664453927,-1,1.5,-1.5,1100254.7773506152,Short Spread
2019-05-15,85.23500061035156,84.54717254638672,-1.7788479345989396,0,1.5,-1.5,1102462.659525603,Close
2019-05-16,84.86279296875,84.54717254638672,0.5173892075594346,0,1.5,-1.5,1102462.659525603,
2019-05-17,85.6072006225586,84.92973327636719,-0.395704161085898,0,1.5,-1.5,1102462.659525603,
2019-05-20,85.97940826416016,85.31230163574219,0.12111431157879282,0,1.5,-1.5,1102462.659525603,
2019-05-21,87.8404312133789,86.07743835449219,-1.2256773825558054,0,1.5,-1.5,1102462.659525603,
2019-05-22,87.09602355957031,85.69486999511719,0.36574125608626723,0,1.5,-1.5,1102462.659525603,
2019-05-23,87.46822357177734,85.69486999511719,-0.49097793686044344,0,1.5,-1.5,1102462.659525603,
2019-05-24,87.46822357177734,85.69486999511719,-0.0006401079498282182,0,1.5,-1.5,1102462.659525603,
2019-05-27,87.8404312133789,85.69486999511719,-0.485955098893916,0,1.5,-1.5,1102462.659525603,
2019-05-28,86.35160827636719,85.31230163574219,1.3683932615553827,0,1.5,-1.5,1102462.659525603,
2019-05-29,87.46822357177734,85.69486999511719,-0.8613847541065959,0,1.5,-1.5,1102462.659525603,
2019-05-30,87.8404312133789,86.07743835449219,0.12053318244563982,0,1.5,-1.5,1102462.659525603,
2019-05-31,87.8404312133789,86.07743835449219,0.00015578942817524418,0,1.5,-1.5,1102462.659525603,
2019-06-03,87.8404312133789,86.45999908447266,0.6115803641962513,0,1.5,-1.5,1102462.659525603,
2019-06-04,87.8404312133789,86.45999908447266,0.0007936314264427505,0,1.5,-1.5,1102462.659525603,
2019-06-05,88.212646484375,86.84257507324219,0.11987652296391767,0,1.5,-1.5,1102462.659525603,
2019-06-06,88.212646484375,86.84257507324219,0.0001557927206012088,0,1.5,-1.5,1102462.659525603,
2019-06-10,88.95704650878906,87.22512817382812,-0.38550376153274235,0,1.5,-1.5,1102462.659525603,
2019-06-11,88.5848388671875,86.84257507324219,-0.12691433841989824,0,1.5,-1.5,1102462.659525603,
2019-06-12,89.32925415039062,86.45999908447266,-1.60706725663078,1,1.5,-1.5,1102395.6279554737,Long Spread
2019-06-13,89.70144653320312,86.45999908447266,-0.48940549202497635,1,1.5,-1.5,1101651.2431898487,
2019-06-14,89.70144653320312,86.07743835449219,-0.6180607936671598,1,1.5,-1.5,1100886.1217298878,
2019-06-17,88.95704650878906,85.69486999511719,0.3548397010572174,0,1.5,-1.5,1101542.7989833057,Close
2019-06-18,88.95704650878906,85.69486999511719,0.0004472193114070715,0,1.5,-1.5,1101542.7989833057,
2019-06-19,90.07366180419922,86.84257507324219,0.3938273759210751,0,1.5,-1.5,1101542.7989833057,
2019-06-20,90.07366180419922,86.07743835449219,-1.2307392447407435,0,1.5,-1.5,1101542.7989833057,
2019-06-21,90.8180694580078,86.84257507324219,0.27428935160256207,0,1.5,-1.5,1101542.7989833057,
2019-06-24,91.19027709960938,87.22512817382812,0.13607176536421572,0,1.5,-1.5,1101542.7989833057,
2019-06-25,91.19027709960938,87.22512817382812,0.00016387747767678053,0,1.5,-1.5,1101542.7989833057,
2019-06-26,91.19027709960938,87.22512817382812,1.968071599336191e-07,0,1.5,-1.5,1101542.7989833057,
2019-06-27,91.19027709960938,86.84257507324219,-0.6349635439104058,0,1.5,-1.5,1101542.7989833057,
2019-06-28,91.19027709960938,86.45999908447266,-0.6651823259228488,0,1.5,-1.5,1101542.7989833057,
2019-07-01,90.07366180419922,86.45999908447266,1.5506419670943243,-1,1.5,-1.5,1101475.7376368702,Short Spread
2019-07-02,91.19027709960938,86.84257507324219,-0.9099115903630967,0,1.5,-1.5,1102876.6949360645,Close
2019-07-03,91.19027709960938,86.84257507324219,-0.0010969868743912951,0,1.5,-1.5,1102876.6949360645,
2019-07-04,90.8180694580078,86.45999908447266,-0.15321094606695324,0,1.5,-1.5,1102876.6949360645,
2019-07-05,91.19027709960938,86.84257507324219,0.15231675180644957,0,1.5,-1.5,1102876.6949360645,
2019-07-08,90.8180694580078,87.22512817382812,1.2150336702851983,0,1.5,-1.5,1102876.6949360645,
2019-07-09,88.12667846679688,86.84257507324219,3.1110264131123566,-1,1.5,-1.5,1102809.696165923,Short Spread
2019-07-10,88.51661682128906,86.84257507324219,-0.5505380202111071,0,1.5,-1.5,1103522.5585072315,Close
2019-07-11,87.34679412841797,86.84257507324219,1.6580991680942034,-1,1.5,-1.5,1103455.5909324635,Short Spread
2019-07-12,86.95685577392578,86.45999908447266,-0.09775594732596844,0,1.5,-1.5,1103373.9295268238,Close
2019-07-15,86.17697143554688,86.07743835449219,0.4743384092417372,0,1.5,-1.5,1103373.9295268238,
2019-07-16,85.39708709716797,85.31230163574219,-0.20271025007944762,0,1.5,-1.5,1103373.9295268238,
2019-07-17,86.56690979003906,85.69486999511719,-1.0409622083648409,0,1.5,-1.5,1103373.9295268238,
2019-07-18,86.17697143554688,85.69486999511719,0.5683026975004943,0,1.5,-1.5,1103373.9295268238,
2019-07-19,86.56690979003906,85.69486999511719,-0.5668858357974824,0,1.5,-1.5,1103373.9295268238,
2019-07-22,86.56690979003906,86.07743835449219,0.6674977220091354,0,1.5,-1.5,1103373.9295268238,
2019-07-23,86.17697143554688,85.69486999511719,-0.10131659402045771,0,1.5,-1.5,1103373.9295268238,
2019-07-24,85.39708709716797,85.69486999511719,1.1590477613668086,0,1.5,-1.5,1103373.9295268238,
2019-07-25,85.78703308105469,85.27963256835938,-1.294781249350914,0,1.5,-1.5,1103373.9295268238,
2019-07-26,85.00714874267578,85.67813110351562,1.8481211300665474,-1,1.5,-1.5,1103307.10211563,Short Spread
2019-07-29,85.00714874267578,85.67813110351562,0.002550122976871109,-1,1.5,-1.5,1103307.10211563,
2019-07-30,85.00714874267578,85.67813110351562,3.547208475357225e-06,-1,1.5,-1.5,1103307.10211563,
2019-07-31,85.39708709716797,86.0766372680664,0.12453396262273547,-1,1.5,-1.5,1103289.9664955128,
2019-08-01,84.61720275878906,85.27963256835938,-0.26062163309992864,0,1.5,-1.5,1103257.411344756,Close
2019-08-02,85.00714874267578,85.27963256835938,-0.6524311149710813,0,1.5,-1.5,1103257.411344756,
2019-08-05,85.78703308105469,85.67813110351562,-0.4974889453569841,0,1.5,-1.5,1103257.411344756,
2019-08-06,85.39708709716797,84.88113403320312,-0.9216067119258613,0,1.5,-1.5,1103257.411344756,
2019-08-07,85.39708709716797,84.88113403320312,-0.0013594097049652494,0,1.5,-1.5,1103257.411344756,
2019-08-08,85.39708709716797,85.67813110351562,1.7155203292629941,-1,1.5,-1.5,1103190.568336028,Short Spread
2019-08-12,85.78703308105469,85.67813110351562,-0.6950717789684885,0,1.5,-1.5,1103903.601697234,Close
2019-08-13,86.17697143554688,85.27963256835938,-1.5039683413897489,1,1.5,-1.5,1103836.7434330739,Long Spread
2019-08-14,86.17697143554688,85.27963256835938,-0.0020198560904750003,1,1.5,-1.5,1103836.7434330739,
2019-08-15,86.56690979003906,84.88113403320312,-1.4861244461356216,1,1.5,-1.5,1102259.869653777,
2019-08-16,85.78703308105469,86.0766372680664,3.4486089675757725,0,1.5,-1.5,1106143.7549946583,Close
2019-08-19,85.78703308105469,85.67813110351562,-0.7434818180195301,0,1.5,-1.5,1106143.7549946583,
2019-08-20,85.78703308105469,85.27963256835938,-0.7452467497349167,0,1.5,-1.5,1106143.7549946583,
2019-08-21,85.78703308105469,85.67813110351562,0.7423073167258684,0,1.5,-1.5,1106143.7549946583,
2019-08-22,86.56690979003906,85.27963256835938,-1.8979584956697835,1,1.5,-1.5,1106076.881132964,Long Spread
2019-08-23,86.56690979003906,85.67813110351562,0.7210337920009459,0,1.5,-1.5,1106806.988401641,Close
2019-08-26,85.78703308105469,85.27963256835938,0.45658783930250296,0,1.5,-1.5,1106806.988401641,
2019-08-27,85.78703308105469,85.67813110351562,0.7332330766479792,0,1.5,-1.5,1106806.988401641,
2019-08-28,86.56690979003906,86.0766372680664,-0.45581622216869805,0,1.5,-1.5,1106806.988401641,
2019-08-29,86.95685577392578,86.47514343261719,0.13211418587438503,0,1.5,-1.5,1106806.988401641,
2019-08-30,87.34679412841797,86.87364196777344,0.13111726992872333,0,1.5,-1.5,1106806.988401641,
2019-09-02,87.73674011230469,87.67064666748047,0.8263555350854336,0,1.5,-1.5,1106806.988401641,
2019-09-03,86.95685577392578,87.27214813232422,0.45725910675839637,0,1.5,-1.5,1106806.988401641,
2019-09-04,87.34679412841797,87.67064666748047,0.12458485899928697,0,1.5,-1.5,1106806.988401641,
2019-09-05,87.34679412841797,87.67064666748047,0.0001672528294030555,0,1.5,-1.5,1106806.988401641,
2019-09-06,87.34679412841797,87.67064666748047,2.1929135042275907e-07,0,1.5,-1.5,1106806.988401641,
2019-09-10,88.51661682128906,88.4676513671875,-0.3360836469295352,0,1.5,-1.5,1106806.988401641,
2019-09-11,88.51661682128906,88.4676513671875,-0.00042804970200725447,0,1.5,-1.5,1106806.988401641,
2019-09-12,88.51661682128906,88.4676513671875,-5.448470066102516e-07,0,1.5,-1.5,1106806.988401641,
2019-09-16,88.90656280517578,88.86615753173828,0.12484102508136198,0,1.5,-1.5,1106806.988401641,
2019-09-17,88.90656280517578,88.86615753173828,0.00016025782437193383,0,1.5,-1.5,1106806.988401641,
2019-09-18,89.29650115966797,88.86615753173828,-0.5822312987879978,0,1.5,-1.5,1106806.988401641,
2019-09-19,89.29650115966797,89.26466369628906,0.7042630746975046,0,1.5,-1.5,1106806.988401641,
2019-09-20,88.90656280517578,89.66316223144531,1.2832457646082431,0,1.5,-1.5,1106806.988401641,
2019-09-23,88.51661682128906,89.26466369628906,-0.11738346000267297,0,1.5,-1.5,1106806.988401641,
2019-09-24,88.12667846679688,88.86615753173828,-0.12131238598193149,0,1.5,-1.5,1106806.988401641,
2019-09-25,88.12667846679688,88.06915283203125,-1.4150241528351994,0,1.5,-1.5,1106806.988401641,
2019-09-26,88.12667846679688,87.67064666748047,-0.7173474987724455,0,1.5,-1.5,1106806.988401641,
2019-09-27,87.34679412841797,88.4676513671875,2.5316290086305737,-1,1.5,-1.5,1106739.955823821,Short Spread
2019-10-01,88.51661682128906,89.26466369628906,-0.3355286275326091,0,1.5,-1.5,1107418.4653001393,Close
2019-10-02,88.51661682128906,89.26466369628906,-0.00042728753364709325,0,1.5,-1.5,1107418.4653001393,
2019-10-03,87.73674011230469,88.86615753173828,0.4564493876934222,0,1.5,-1.5,1107418.4653001393,
2019-10-04,88.51661682128906,89.26466369628906,-0.4541696358187986,0,1.5,-1.5,1107418.4653001393,
2019-10-07,88.51661682128906,89.66316223144531,0.7358114293295912,0,1.5,-1.5,1107418.4653001393,
2019-10-08,88.51661682128906,89.66316223144531,0.0009401932061299495,0,1.5,-1.5,1107418.4653001393,
2019-10-09,87.73674011230469,88.86615753173828,-0.2540338964020534,0,1.5,-1.5,1107418.4653001393,
2019-10-14,88.51661682128906,89.26466369628906,-0.5060550966463763,0,1.5,-1.5,1107418.4653001393,
2019-10-15,88.51661682128906,89.26466369628906,-0.0006454576493574118,0,1.5,-1.5,1107418.4653001393,
2019-10-16,88.51661682128906,89.66316223144531,0.7557887672295759,0,1.5,-1.5,1107418.4653001393,
2019-10-17,88.51661682128906,89.66316223144531,0.0009749020282126248,0,1.5,-1.5,1107418.4653001393,
2019-10-18,88.12667846679688,89.66316223144531,0.6456329541738575,0,1.5,-1.5,1107418.4653001393,
2019-10-21,88.51661682128906,89.66316223144531,-0.6420211494518635,0,1.5,-1.5,1107418.4653001393,
2019-10-22,88.51661682128906,90.06166076660156,0.7652519972506309,0,1.5,-1.5,1107418.4653001393,
2019-10-23,88.12667846679688,89.66316223144531,-0.12275479418151665,0,1.5,-1.5,1107418.4653001393,
2019-10-24,88.12667846679688,90.06166076660156,0.7800808428876382,0,1.5,-1.5,1107418.4653001393,
2019-10-25,88.51661682128906,89.66316223144531,-1.4288424040415488,0,1.5,-1.5,1107418.4653001393,
2019-10-28,88.90656280517578,90.06166076660156,0.12987658510310984,0,1.5,-1.5,1107418.4653001393,
2019-10-29,88.51661682128906,89.66316223144531,-0.13214536853386258,0,1.5,-1.5,1107418.4653001393,
2019-10-30,88.90656280517578,90.06166076660156,0.13155082920045322,0,1.5,-1.5,1107418.4653001393,
2019-10-31,88.51661682128906,89.26466369628906,-0.9325482029266681,0,1.5,-1.5,1107418.4653001393,
2019-11-01,88.90656280517578,90.06166076660156,0.92200966530843,0,1.5,-1.5,1107418.4653001393,
2019-11-04,88.90656280517578,90.06166076660156,0.0011690459501735007,0,1.5,-1.5,1107418.4653001393,
2019-11-05,89.68643951416016,90.06166076660156,-1.2883732791155094,0,1.5,-1.5,1107418.4653001393,
2019-11-06,90.07638549804688,90.46017456054688,0.13033200701427167,0,1.5,-1.5,1107418.4653001393,
2019-11-07,90.46632385253906,90.06166076660156,-1.3743475693305076,0,1.5,-1.5,1107418.4653001393,
2019-11-08,90.46632385253906,90.46017456054688,0.7641881634225335,0,1.5,-1.5,1107418.4653001393,
2019-11-11,90.85626983642578,90.8586654663086,0.13357569486821044,0,1.5,-1.5,1107418.4653001393,
2019-11-12,90.85626983642578,90.46017456054688,-0.7747276133365498,0,1.5,-1.5,1107418.4653001393,
2019-11-13,89.68643951416016,89.66316223144531,0.37040561645322484,0,1.5,-1.5,1107418.4653001393,
2019-11-14,90.46632385253906,90.06166076660156,-0.516251270923431,0,1.5,-1.5,1107418.4653001393,
2019-11-15,90.07638549804688,90.46017456054688,1.6779140603746587,-1,1.5,-1.5,1107351.243837737,Short Spread
2019-11-18,90.07638549804688,90.46017456054688,0.0020821551773287103,-1,1.5,-1.5,1107351.243837737,
2019-11-19,89.68643951416016,90.06166076660156,-0.16152168515639936,0,1.5,-1.5,1107301.189533843,Close
2019-11-20,90.46632385253906,90.8586654663086,0.32103918194943426,0,1.5,-1.5,1107301.189533843,
2019-11-21,90.07638549804688,90.06166076660156,-1.1703448309515134,0,1.5,-1.5,1107301.189533843,
2019-11-22,90.46632385253906,90.8586654663086,1.1625311077738512,0,1.5,-1.5,1107301.189533843,
2019-11-25,90.85626983642578,90.46017456054688,-1.751419312149404,1,1.5,-1.5,1107233.9368760672,Long Spread
2019-11-26,90.07638549804688,89.66316223144531,-0.3509767923147309,1,1.5,-1.5,1107199.6808946219,
2019-11-27,90.07638549804688,90.06166076660156,0.9784303652335072,0,1.5,-1.5,1107929.4724430838,Close
2019-11-28,89.29650115966797,89.66316223144531,0.6471963344006699,0,1.5,-1.5,1107929.4724430838,
2019-11-29,89.29650115966797,90.06166076660156,0.9868421685161067,0,1.5,-1.5,1107929.4724430838,
2019-12-02,89.68643951416016,90.06166076660156,-0.8166067594978914,0,1.5,-1.5,1107929.4724430838,
2019-12-03,89.68643951416016,90.06166076660156,-0.0010161588476993357,0,1.5,-1.5,1107929.4724430838,
2019-12-04,89.68643951416016,90.06166076660156,-1.26031394400168e-06,0,1.5,-1.5,1107929.4724430838,
2019-12-05,90.07638549804688,90.06166076660156,-0.805701113250932,0,1.5,-1.5,1107929.4724430838,
2019-12-06,89.29650115966797,89.66316223144531,0.6401292011050772,0,1.5,-1.5,1107929.4724430838,
2019-12-09,88.90656280517578,89.26466369628906,-0.1705622292209635,0,1.5,-1.5,1107929.4724430838,
2019-12-10,88.51661682128906,88.86615753173828,-0.17379605619687138,0,1.5,-1.5,1107929.4724430838,
2019-12-11,88.51661682128906,88.4676513671875,-0.9962991160795132,0,1.5,-1.5,1107929.4724430838,
2019-12-12,89.29650115966797,88.86615753173828,-0.6297514470348917,0,1.5,-1.5,1107929.4724430838,
2019-12-13,89.29650115966797,89.26466369628906,0.9672214368648401,0,1.5,-1.5,1107929.4724430838,
2019-12-16,88.12667846679688,88.06915283203125,-0.5262451575947131,0,1.5,-1.5,1107929.4724430838,
2019-12-17,88.12667846679688,88.06915283203125,-0.0006812178793777656,0,1.5,-1.5,1107929.4724430838,
2019-12-18,88.51661682128906,88.06915283203125,-0.8376731717317479,0,1.5,-1.5,1107929.4724430838,
2019-12-19,87.73674011230469,87.67064666748047,0.6557495244851852,0,1.5,-1.5,1107929.4724430838,
2019-12-20,88.51661682128906,88.4676513671875,0.36517192692709693,0,1.5,-1.5,1107929.4724430838,
2019-12-23,88.90656280517578,88.86615753173828,0.186039686757494,0,1.5,-1.5,1107929.4724430838,
2019-12-24,88.12667846679688,88.06915283203125,-0.3790427049485274,0,1.5,-1.5,1107929.4724430838,
2019-12-25,88.12667846679688,88.06915283203125,-0.0005686844482348154,0,1.5,-1.5,1107929.4724430838,
2019-12-26,88.12667846679688,88.4676513671875,1.236818736951843,0,1.5,-1.5,1107929.4724430838,
2019-12-27,88.51661682128906,88.86615753173828,0.21517550478751232,0,1.5,-1.5,1107929.4724430838,
2019-12-30,88.12667846679688,88.4676513671875,-0.21553184123433797,0,1.5,-1.5,1107929.4724430838,
2019-12-31,87.34679412841797,87.67064666748047,-0.44319930163839194,0,1.5,-1.5,1107929.4724430838,
2020-01-02,87.73674011230469,87.27214813232422,-2.2358481259964575,1,1.5,-1.5,1107862.472087554,Long Spread
2020-01-03,87.73674011230469,88.06915283203125,2.3265350047530116,0,1.5,-1.5,1109389.4492512501,Close
2020-01-06,86.17697143554688,87.67064666748047,2.6131336546396895,-1,1.5,-1.5,1109322.495346526,Short Spread
2020-01-07,85.39708709716797,87.27214813232422,0.7782260037140487,-1,1.5,-1.5,1108559.7237400806,
2020-01-08,85.39708709716797,86.87364196777344,-1.1415328321369334,0,1.5,-1.5,1109289.8452400195,Close
2020-01-09,85.78703308105469,87.27214813232422,0.1886213598079026,0,1.5,-1.5,1109289.8452400195,
2020-01-10,85.39708709716797,87.27214813232422,0.9550711994500339,0,1.5,-1.5,1109289.8452400195,
2020-01-13,85.00714874267578,87.67064666748047,2.0614289246926303,-1,1.5,-1.5,1109222.9381282032,Short Spread
2020-01-14,84.61720275878906,87.27214813232422,-0.17188200389973926,0,1.5,-1.5,1109173.1676567066,Close
2020-01-15,84.2272720336914,86.87364196777344,-0.17894758055220056,0,1.5,-1.5,1109173.1676567066,
2020-01-16,84.2272720336914,87.27214813232422,1.1467061362673219,0,1.5,-1.5,1109173.1676567066,
2020-01-17,85.00714874267578,87.27214813232422,-1.869575869648964,1,1.5,-1.5,1109106.2764848317,Long Spread
2020-01-20,84.61720275878906,87.27214813232422,0.9555475929931921,0,1.5,-1.5,1109819.2928785696,Close
2020-01-30,83.44737243652344,86.47514343261719,0.6280716845819962,0,1.5,-1.5,1109819.2928785696,
2020-01-31,83.44737243652344,86.0766372680664,-1.1523857261658546,0,1.5,-1.5,1109819.2928785696,
2020-02-03,84.2272720336914,86.0766372680664,-1.853853500064311,1,1.5,-1.5,1109752.4807221976,Long Spread
2020-02-04,83.83733367919922,86.0766372680664,0.9279385565794934,0,1.5,-1.5,1110465.560872344,Close
2020-02-05,84.2272720336914,86.0766372680664,-0.9280701993678724,0,1.5,-1.5,1110465.560872344,
2020-02-06,84.61720275878906,86.47514343261719,0.1790862431982369,0,1.5,-1.5,1110465.560872344,
2020-02-07,83.83733367919922,86.87364196777344,2.8481186715221187,-1,1.5,-1.5,1110398.7324333182,Short Spread
2020-02-10,84.2272720336914,86.87364196777344,-0.8850817045910057,0,1.5,-1.5,1111111.7651057425,Close
2020-02-11,83.83733367919922,86.47514343261719,-0.1698241891387907,0,1.5,-1.5,1111111.7651057425,
2020-02-12,83.44737243652344,86.47514343261719,0.9240888753117524,0,1.5,-1.5,1111111.7651057425,
2020-02-13,84.2272720336914,87.27214813232422,0.3282175013349681,0,1.5,-1.5,1111111.7651057425,
2020-02-14,85.00714874267578,86.87364196777344,-2.680283055597296,1,1.5,-1.5,1111044.8898741142,Long Spread
2020-02-17,85.39708709716797,87.67064666748047,1.1315275374282296,0,1.5,-1.5,1111792.0998551934,Close
2020-02-18,84.61720275878906,87.27214813232422,0.6818538571967657,0,1.5,-1.5,1111792.0998551934,
2020-02-19,84.61720275878906,87.67064666748047,1.0078435910973977,0,1.5,-1.5,1111792.0998551934,
2020-02-20,84.61720275878906,87.27214813232422,-0.9958043325232383,0,1.5,-1.5,1111792.0998551934,
2020-02-21,84.61720275878906,87.27214813232422,-0.0013871989318254075,0,1.5,-1.5,1111792.0998551934,
2020-02-24,83.05744171142578,86.47514343261719,1.4078893157104981,0,1.5,-1.5,1111792.0998551934,
2020-02-25,83.05744171142578,86.47514343261719,0.0020558738650147527,0,1.5,-1.5,1111792.0998551934,
2020-02-26,82.2775650024414,86.0766372680664,0.7410534961717677,0,1.5,-1.5,1111792.0998551934,
2020-02-27,81.88761901855469,86.0766372680664,0.928601801060626,0,1.5,-1.5,1111792.0998551934,
2020-03-02,80.3278579711914,86.0766372680664,3.495297664101392,-1,1.5,-1.5,1111725.443675384,Short Spread
2020-03-03,81.49767303466797,86.0766372680664,-2.4454967302007913,0,1.5,-1.5,1113998.370829925,Close
2020-03-04,83.44737243652344,86.87364196777344,-1.9863725391481288,1,1.5,-1.5,1113931.5579893487,Long Spread
2020-03-05,84.61720275878906,87.67064666748047,-0.46571513577089946,1,1.5,-1.5,1113185.9067442315,
2020-03-06,82.66749572753906,86.47514343261719,1.0826946435529947,0,1.5,-1.5,1114627.5486314385,Close
2020-03-09,81.10773468017578,85.67813110351562,1.2697331846644793,0,1.5,-1.5,1114627.5486314385,
2020-03-10,82.66749572753906,85.67813110351562,-2.75566979525584,1,1.5,-1.5,1114560.8148063652,Long Spread
2020-03-11,82.2775650024414,86.47514343261719,2.212859937318123,0,1.5,-1.5,1116867.9508064261,Close
2020-03-12,82.2775650024414,85.67813110351562,-1.5228489431245242,1,1.5,-1.5,1116801.232578582,Long Spread
2020-03-13,81.88761901855469,84.48262023925781,-1.6203398844323484,1,1.5,-1.5,1115190.1028178397,
2020-03-16,80.7177963256836,83.68562316894531,0.3951727386087619,0,1.5,-1.5,1115869.1779261772,Close
2020-03-17,80.3278579711914,85.27963256835938,3.417966111292904,-1,1.5,-1.5,1115802.5536265555,Short Spread
2020-03-18,78.7680892944336,84.88113403320312,1.7689753416791705,-1,1.5,-1.5,1113480.0133433524,
2020-03-19,77.98821258544922,84.08411407470703,-0.17946576397138025,0,1.5,-1.5,1113447.8169493093,Close
2020-03-20,77.91021728515625,84.88113403320312,1.5728605468594528,-1,1.5,-1.5,1113381.3052952567,Short Spread
2020-03-23,76.4284439086914,84.08411407470703,1.0213006929698545,-1,1.5,-1.5,1112011.7984593192,
2020-03-24,76.974365234375,85.27963256835938,1.2825491008559755,-1,1.5,-1.5,1110712.6041233817,
2020-03-25,79.54796600341797,86.0766372680664,-2.527459455859044,0,1.5,-1.5,1114199.1712779226,Close
2020-03-26,78.3781509399414,85.67813110351562,1.0737037150461886,0,1.5,-1.5,1114199.1712779226,
2020-03-27,79.15802764892578,85.67813110351562,-1.1263136504523619,0,1.5,-1.5,1114199.1712779226,
2020-03-30,77.98821258544922,84.88113403320312,0.41656632324798865,0,1.5,-1.5,1114199.1712779226,
2020-03-31,77.91021728515625,85.67813110351562,1.407831889390993,0,1.5,-1.5,1114199.1712779226,
2020-04-01,76.50643157958984,85.27963256835938,1.4688100423181738,0,1.5,-1.5,1114199.1712779226,
2020-04-06,78.7680892944336,86.0766372680664,-1.9455341688661292,1,1.5,-1.5,1114132.57748886,Long Spread
2020-04-07,79.93790435791016,85.67813110351562,-2.0523760097630253,1,1.5,-1.5,1110995.9350328054,
2020-04-08,80.7177963256836,86.0766372680664,-0.4085602522085087,1,1.5,-1.5,1110233.16342636,
2020-04-09,81.10773468017578,85.27963256835938,-1.5321972823120897,1,1.5,-1.5,1107859.2773179617,
2020-04-10,81.49767303466797,86.0766372680664,0.6070950649847495,0,1.5,-1.5,1108606.7070359793,Close
2020-04-13,81.10773468017578,86.0766372680664,0.4645930635955727,0,1.5,-1.5,1108606.7070359793,
2020-04-14,82.66749572753906,86.47514343261719,-1.2548132817602742,0,1.5,-1.5,1108606.7070359793,
2020-04-15,83.05744171142578,86.87364196777344,0.07436589889547976,0,1.5,-1.5,1108606.7070359793,
2020-04-16,82.2775650024414,86.0766372680664,-0.15440544034685935,0,1.5,-1.5,1108606.7070359793,
2020-04-17,82.66749572753906,86.47514343261719,0.07712322246580042,0,1.5,-1.5,1108606.7070359793,
2020-04-20,83.44737243652344,86.87364196777344,-0.35557653351781054,0,1.5,-1.5,1108606.7070359793,
2020-04-21,82.66749572753906,86.47514343261719,0.3581761339173009,0,1.5,-1.5,1108606.7070359793,
2020-04-22,82.66749572753906,86.87364196777344,0.5162728011023576,0,1.5,-1.5,1108606.7070359793,
2020-04-23,82.2775650024414,86.87364196777344,0.446081477395673,0,1.5,-1.5,1108606.7070359793,
2020-04-24,82.66749572753906,86.47514343261719,-0.956531246753313,0,1.5,-1.5,1108606.7070359793,
2020-04-27,84.2272720336914,87.27214813232422,-0.6939051952045764,0,1.5,-1.5,1108606.7070359793,
2020-04-28,84.2272720336914,87.27214813232422,-0.0009757962143214191,0,1.5,-1.5,1108606.7070359793,
2020-04-29,83.05744171142578,87.67064666748047,1.7544428400485723,-1,1.5,-1.5,1108539.877912444,Short Spread
2020-04-30,83.83733367919922,87.27214813232422,-1.3115682630404657,0,1.5,-1.5,1110829.814539031,Close
2020-05-04,84.2272720336914,86.87364196777344,-0.8809713269646959,0,1.5,-1.5,1110829.814539031,
2020-05-05,83.83733367919922,86.87364196777344,0.4016851431776862,0,1.5,-1.5,1110829.814539031,
2020-05-06,83.44737243652344,87.27214813232422,0.888671411629597,0,1.5,-1.5,1110829.814539031,
2020-05-07,83.83733367919922,86.87364196777344,-0.8882875210437426,0,1.5,-1.5,1110829.814539031,
2020-05-08,83.83733367919922,87.67064666748047,0.9542133066104994,0,1.5,-1.5,1110829.814539031,
2020-05-11,84.2272720336914,87.67064666748047,-0.4011423268203195,0,1.5,-1.5,1110829.814539031,
2020-05-12,83.44737243652344,87.67064666748047,0.8123705655259007,0,1.5,-1.5,1110829.814539031,
2020-05-13,83.83733367919922,87.67064666748047,-0.4047074366614308,0,1.5,-1.5,1110829.814539031,
2020-05-14,83.44737243652344,87.67064666748047,0.4124526217194735,0,1.5,-1.5,1110829.814539031,
2020-05-15,83.83733367919922,87.27214813232422,-0.8864691234201858,0,1.5,-1.5,1110829.814539031,
2020-05-18,83.83733367919922,88.06915283203125,0.9487664733434134,0,1.5,-1.5,1110829.814539031,
2020-05-19,84.2272720336914,88.4676513671875,0.06918727840963781,0,1.5,-1.5,1110829.814539031,
2020-05-20,83.83733367919922,88.86615753173828,0.8800801956982293,0,1.5,-1.5,1110829.814539031,
2020-05-21,83.83733367919922,88.86615753173828,0.0012483986791135505,0,1.5,-1.5,1110829.814539031,
2020-05-22,83.05744171142578,88.4676513671875,0.3536437177715509,0,1.5,-1.5,1110829.814539031,
2020-05-25,83.83733367919922,88.06915283203125,-1.2806990473810842,0,1.5,-1.5,1110829.814539031,
2020-05-26,83.83733367919922,88.4676513671875,0.4658983539078163,0,1.5,-1.5,1110829.814539031,
2020-05-27,83.83733367919922,87.67064666748047,-0.9289701744344481,0,1.5,-1.5,1110829.814539031,
2020-05-28,83.83733367919922,88.06915283203125,0.47501419902505937,0,1.5,-1.5,1110829.814539031,
2020-05-29,83.83733367919922,88.06915283203125,0.0006838839890037685,0,1.5,-1.5,1110829.814539031,
2020-06-01,83.05744171142578,88.86615753173828,1.7994911739773352,-1,1.5,-1.5,1110762.9375950613,Short Spread
2020-06-02,83.44737243652344,89.26466369628906,0.06363148407367268,-1,1.5,-1.5,1110745.786716155,
2020-06-03,84.61720275878906,89.66316223144531,-0.755541091133051,0,1.5,-1.5,1112221.479075774,Close
2020-06-04,84.2272720336914,90.06166076660156,0.8753000223516944,0,1.5,-1.5,1112221.479075774,
2020-06-05,83.83733367919922,89.66316223144531,-0.05970211024313059,0,1.5,-1.5,1112221.479075774,
2020-06-08,84.61720275878906,90.06166076660156,-0.36269031355715126,0,1.5,-1.5,1112221.479075774,
2020-06-09,83.83733367919922,90.06166076660156,0.862896522536622,0,1.5,-1.5,1112221.479075774,
2020-06-10,84.61720275878906,90.06166076660156,-0.8582524478098271,0,1.5,-1.5,1112221.479075774,
2020-06-11,83.83733367919922,89.66316223144531,0.3677663356245029,0,1.5,-1.5,1112221.479075774,
2020-06-12,83.83733367919922,90.06166076660156,0.5280996006113254,0,1.5,-1.5,1112221.479075774,
2020-06-15,82.66749572753906,88.86615753173828,-0.20046341652569863,0,1.5,-1.5,1112221.479075774,
2020-06-16,83.83733367919922,89.66316223144531,-0.33833860884501293,0,1.5,-1.5,1112221.479075774,
2020-06-17,84.2272720336914,90.06166076660156,0.06764173260494499,0,1.5,-1.5,1112221.479075774,
2020-06-18,83.83733367919922,89.66316223144531,-0.06883374513853523,0,1.5,-1.5,1112221.479075774,
2020-06-19,83.44737243652344,90.06166076660156,1.0398040553875754,0,1.5,-1.5,1112221.479075774,
2020-06-22,83.83733367919922,90.46017456054688,0.06953905824631325,0,1.5,-1.5,1112221.479075774,
2020-06-23,83.44737243652344,90.8586654663086,1.0996501319637917,0,1.5,-1.5,1112221.479075774,
2020-06-24,84.2272720336914,91.25717163085938,-0.45199764264228715,0,1.5,-1.5,1112221.479075774,
2020-06-29,84.61720275878906,91.65568542480467,0.06364357466390123,0,1.5,-1.5,1112221.479075774,
2020-06-30,86.17697143554688,93.24969482421876,0.25111481856116236,0,1.5,-1.5,1112221.479075774,
2020-07-01,87.34679412841797,92.85118865966795,-1.9927652261698063,1,1.5,-1.5,1112154.2711564626,Long Spread
2020-07-02,88.90656280517578,94.27859497070312,0.04399922814452661,0,1.5,-1.5,1111822.2190187064,Close
2020-07-03,89.68643951416016,92.62458801269533,-3.0626664557233787,1,1.5,-1.5,1111754.9265776053,Long Spread
2020-07-06,90.07638549804688,92.62458801269533,-0.44067963618369477,1,1.5,-1.5,1110975.0346098319,
2020-07-07,89.68643951416016,92.2110824584961,-0.10352808698163064,1,1.5,-1.5,1110927.9154692069,
2020-07-08,90.07638549804688,92.62458801269533,0.1028725625764789,0,1.5,-1.5,1110907.7265708914,Close
2020-07-09,90.07638549804688,91.3840789794922,-1.625181994604485,1,1.5,-1.5,1110840.4681523123,Long Spread
2020-07-10,90.46632385253906,91.79757690429688,0.10672761267908945,0,1.5,-1.5,1110820.296736907,Close
2020-07-13,90.46632385253906,91.3840789794922,-0.5459406948954505,0,1.5,-1.5,1110820.296736907,
2020-07-14,90.46632385253906,90.9705810546875,-0.5456484002305259,0,1.5,-1.5,1110820.296736907,
2020-07-15,90.46632385253906,90.55707550048828,-0.5446047240871666,0,1.5,-1.5,1110820.296736907,
2020-07-16,88.90656280517578,90.55707550048828,1.7313427956969862,-1,1.5,-1.5,1110753.1181913747,Short Spread
2020-07-17,87.48242950439453,90.55707550048828,1.6280745082290558,-1,1.5,-1.5,1107904.8515898122,
2020-07-20,87.48242950439453,90.9705810546875,0.5570495812252436,-1,1.5,-1.5,1107077.8404814138,
2020-07-21,86.66863250732422,90.9705810546875,0.9628726702156867,-1,1.5,-1.5,1105450.2464872731,
2020-07-22,87.07552337646484,90.9705810546875,-0.48394360813101417,0,1.5,-1.5,1106196.9063813773,Close
2020-07-23,86.66863250732422,90.14356231689452,-0.6487544337989046,0,1.5,-1.5,1106196.9063813773,
2020-07-24,86.2617416381836,90.14356231689452,0.4883378527662215,0,1.5,-1.5,1106196.9063813773,
2020-07-27,85.44795227050781,89.31655883789062,-0.17109849769777533,0,1.5,-1.5,1106196.9063813773,
2020-07-28,85.04105377197266,89.7300796508789,1.1512346035859709,0,1.5,-1.5,1106196.9063813773,
2020-07-29,85.44795227050781,89.7300796508789,-0.5349455809524296,0,1.5,-1.5,1106196.9063813773,
2020-07-30,85.44795227050781,89.7300796508789,-0.0007319204607938406,0,1.5,-1.5,1106196.9063813773,
2020-07-31,85.44795227050781,90.55707550048828,1.2396686764520228,0,1.5,-1.5,1106196.9063813773,
2020-08-03,84.63416290283203,89.31655883789062,-0.797697122697294,0,1.5,-1.5,1106196.9063813773,
2020-08-04,84.63416290283203,89.7300796508789,0.6405681390450055,0,1.5,-1.5,1106196.9063813773,
2020-08-05,85.04105377197266,89.31655883789062,-1.175890401839875,0,1.5,-1.5,1106196.9063813773,
2020-08-06,84.63416290283203,90.14356231689452,1.7845360482570125,-1,1.5,-1.5,1106129.9152723684,Short Spread
2020-08-07,84.22726440429688,90.14356231689452,0.5542120193613927,-1,1.5,-1.5,1105316.118275298,
2020-08-10,83.82037353515625,89.7300796508789,-0.07646175740710268,0,1.5,-1.5,1105262.3598509205,Close
2020-08-11,83.4134750366211,89.7300796508789,0.5715410896687738,0,1.5,-1.5,1105262.3598509205,
2020-08-12,83.82037353515625,90.14356231689452,0.07738062972561631,0,1.5,-1.5,1105262.3598509205,
2020-08-13,84.22726440429688,90.55707550048828,0.07561825969509543,0,1.5,-1.5,1105262.3598509205,
2020-08-14,83.82037353515625,90.14356231689452,-0.07656818037980868,0,1.5,-1.5,1105262.3598509205,
2020-08-17,84.22726440429688,89.7300796508789,-1.2130517992697087,0,1.5,-1.5,1105262.3598509205,
2020-08-18,83.82037353515625,90.14356231689452,1.2046521056967354,0,1.5,-1.5,1105262.3598509205,
2020-08-19,83.82037353515625,90.14356231689452,0.0017552640918857502,0,1.5,-1.5,1105262.3598509205,
2020-08-20,83.4134750366211,90.14356231689452,0.5896185261411188,0,1.5,-1.5,1105262.3598509205,
2020-08-21,83.82037353515625,90.55707550048828,0.07655227195163745,0,1.5,-1.5,1105262.3598509205,
2020-08-24,83.4134750366211,90.14356231689452,-0.07614745090608205,0,1.5,-1.5,1105262.3598509205,
2020-08-25,83.00658416748047,90.14356231689452,0.6076790732390623,0,1.5,-1.5,1105262.3598509205,
2020-08-26,83.4134750366211,90.14356231689452,-0.6328518964493884,0,1.5,-1.5,1105262.3598509205,
2020-08-27,83.4134750366211,90.55707550048828,0.7072643494782609,0,1.5,-1.5,1105262.3598509205,
2020-08-28,83.4134750366211,90.14356231689452,-0.7113242493998176,0,1.5,-1.5,1105262.3598509205,
2020-08-31,82.59968566894531,89.7300796508789,0.5673490455346805,0,1.5,-1.5,1105262.3598509205,
2020-09-01,82.59968566894531,90.14356231689452,0.7318377262916543,0,1.5,-1.5,1105262.3598509205,
2020-09-02,82.59968566894531,89.7300796508789,-0.7280709591438245,0,1.5,-1.5,1105262.3598509205,
2020-09-03,82.19278717041016,90.14356231689452,1.3854815143762669,0,1.5,-1.5,1105262.3598509205,
2020-09-04,82.19278717041016,89.7300796508789,-0.7367040738250535,0,1.5,-1.5,1105262.3598509205,
2020-09-07,82.19278717041016,89.7300796508789,-0.0010889590533331207,0,1.5,-1.5,1105262.3598509205,
2020-09-08,81.78590393066406,90.14356231689452,1.3994375723821764,0,1.5,-1.5,1105262.3598509205,
2020-09-09,81.3790054321289,89.7300796508789,-0.06893896409375176,0,1.5,-1.5,1105262.3598509205,
2020-09-10,81.3790054321289,90.14356231689452,0.7449114141417517,0,1.5,-1.5,1105262.3598509205,
2020-09-11,81.78590393066406,90.14356231689452,-0.6664560357014572,0,1.5,-1.5,1105262.3598509205,
2020-09-14,81.78590393066406,90.14356231689452,-0.000993403335447654,0,1.5,-1.5,1105262.3598509205,
2020-09-15,81.3790054321289,90.14356231689452,0.677271049253608,0,1.5,-1.5,1105262.3598509205,
2020-09-16,81.3790054321289,90.14356231689452,0.0010194133390397644,0,1.5,-1.5,1105262.3598509205,
2020-09-17,81.1348648071289,90.14356231689452,0.4158045531550518,0,1.5,-1.5,1105262.3598509205,
2020-09-18,80.97211456298828,90.14356231689452,0.28046701304497407,0,1.5,-1.5,1105262.3598509205,
2020-09-21,80.48383331298828,89.7300796508789,0.07543168924558384,0,1.5,-1.5,1105262.3598509205,
2020-09-22,80.23970031738281,89.31655883789062,-0.35224839727113333,0,1.5,-1.5,1105262.3598509205,
2020-09-23,79.58866882324219,88.90306091308594,0.3826208764301301,0,1.5,-1.5,1105262.3598509205,
2020-09-24,78.4493637084961,88.48956298828125,1.3235016065783995,0,1.5,-1.5,1105262.3598509205,
2020-09-25,78.69348907470703,88.90306091308594,0.43726982059966696,0,1.5,-1.5,1105262.3598509205,
2020-09-28,79.01901245117188,89.31655883789062,0.25355034719592345,0,1.5,-1.5,1105262.3598509205,
2020-09-29,78.93763732910156,89.7300796508789,1.1474102903584975,0,1.5,-1.5,1105262.3598509205,
2020-09-30,78.61212158203125,88.48956298828125,-2.0954166143202566,1,1.5,-1.5,1105195.6757835378,Long Spread
2020-10-05,78.5307388305664,88.48956298828125,0.17670795700153674,0,1.5,-1.5,1105291.7604743948,Close
2020-10-06,78.93763732910156,89.31655883789062,1.0403575895433386,0,1.5,-1.5,1105291.7604743948,
2020-10-07,78.77487182617188,88.07605743408203,-2.408061009155965,1,1.5,-1.5,1105225.0864372244,Long Spread
2020-10-08,78.85625457763672,88.90306091308594,1.6429928188393612,0,1.5,-1.5,1106649.617519683,Close
2020-10-12,78.61212158203125,88.48956298828125,-0.4059176794477632,0,1.5,-1.5,1106649.617519683,
2020-10-13,78.12384033203125,88.90306091308594,1.9690252953434755,-1,1.5,-1.5,1106582.9364436332,Short Spread
2020-10-14,78.4493637084961,88.90306091308594,-0.7061342256779193,0,1.5,-1.5,1107167.289099578,Close
2020-10-15,78.12384033203125,88.07605743408203,-1.1918865732066541,0,1.5,-1.5,1107167.289099578,
2020-10-16,77.31005096435547,88.07605743408203,1.759588504988665,-1,1.5,-1.5,1107100.6736552422,Short Spread
2020-10-19,77.71695709228516,88.48956298828125,0.06908303714482888,-1,1.5,-1.5,1107087.4748027031,
2020-10-20,77.79833221435547,88.07605743408203,-1.1212683251969633,0,1.5,-1.5,1108010.6011796563,Close
2020-10-21,78.4493637084961,88.48956298828125,-0.44683219927854373,0,1.5,-1.5,1108010.6011796563,
2020-10-22,80.15830993652344,88.48956298828125,-3.1200551843538133,1,1.5,-1.5,1107943.8552647394,Long Spread
2020-10-23,79.4259033203125,88.90306091308594,2.1019017237379467,0,1.5,-1.5,1110168.9311882013,Close
2020-10-26,80.07693481445312,89.7300796508789,0.42819748865372054,0,1.5,-1.5,1110168.9311882013,
2020-10-27,79.75142669677734,90.14356231689452,1.370409024564885,0,1.5,-1.5,1110168.9311882013,
2020-10-28,79.83280181884766,89.7300796508789,-0.9347971113775384,0,1.5,-1.5,1110168.9311882013,
2020-10-29,78.93763732910156,88.90306091308594,0.019304389437694393,0,1.5,-1.5,1110168.9311882013,
2020-10-30,79.50728607177734,88.48956298828125,-1.7876417050628144,1,1.5,-1.5,1110102.2113142388,Long Spread
2020-11-02,79.58866882324219,90.55707550048828,3.444650435992743,0,1.5,-1.5,1114007.6650059503,Close
2020-11-03,79.58866882324219,90.55707550048828,0.005549335261073025,0,1.5,-1.5,1114007.6650059503,
2020-11-04,79.6700439453125,90.55707550048828,-0.13662908780829386,0,1.5,-1.5,1114007.6650059503,
2020-11-05,80.23970031738281,90.9705810546875,-0.2206620437854858,0,1.5,-1.5,1114007.6650059503,
2020-11-06,81.3790054321289,90.55707550048828,-2.3960199733913616,1,1.5,-1.5,1113940.787562713,Long Spread
2020-11-09,81.78590393066406,90.9705810546875,0.05377551446887699,0,1.5,-1.5,1113887.0914146418,Close
2020-11-10,81.1348648071289,90.9705810546875,0.9699814062778714,0,1.5,-1.5,1113887.0914146418,
2020-11-11,80.97211456298828,90.9705810546875,0.24685551160606717,0,1.5,-1.5,1113887.0914146418,
2020-11-12,80.97211456298828,90.9705810546875,0.00038044088102890636,0,1.5,-1.5,1113887.0914146418,
2020-11-13,80.64659881591797,90.9705810546875,0.5068094745163887,0,1.5,-1.5,1113887.0914146418,
2020-11-16,80.97211456298828,90.55707550048828,-1.169358349354922,0,1.5,-1.5,1113887.0914146418,
2020-11-17,80.5652084350586,90.9705810546875,1.286435549606033,0,1.5,-1.5,1113887.0914146418,
2020-11-18,81.1348648071289,90.9705810546875,-0.8512801407887581,0,1.5,-1.5,1113887.0914146418,
2020-11-19,80.97211456298828,90.9705810546875,0.24173125310101168,0,1.5,-1.5,1113887.0914146418,
2020-11-20,80.8093490600586,90.55707550048828,-0.4179680818572056,0,1.5,-1.5,1113887.0914146418,
2020-11-23,80.97211456298828,91.3840789794922,1.0716322079469502,0,1.5,-1.5,1113887.0914146418,
2020-11-24,80.64659881591797,90.55707550048828,-0.8277378982269106,0,1.5,-1.5,1113887.0914146418,
2020-11-25,80.3210678100586,90.14356231689452,-0.17684701563826233,0,1.5,-1.5,1113887.0914146418,
2020-11-26,81.05348205566406,90.55707550048828,-0.42897844890839193,0,1.5,-1.5,1113887.0914146418,
2020-11-27,80.72797393798828,90.55707550048828,0.48349322895225827,0,1.5,-1.5,1113887.0914146418,
2020-11-30,79.01901245117188,89.7300796508789,1.2742267766534083,0,1.5,-1.5,1113887.0914146418,
2020-12-01,79.99556732177734,90.14356231689452,-0.8217935902171153,0,1.5,-1.5,1113887.0914146418,
2020-12-02,79.50728607177734,90.14356231689452,0.7497602415166296,0,1.5,-1.5,1113887.0914146418,
2020-12-03,78.93763732910156,89.7300796508789,0.20748760707624425,0,1.5,-1.5,1113887.0914146418,
2020-12-04,79.4259033203125,90.55707550048828,0.6062690627431657,0,1.5,-1.5,1113887.0914146418,
2020-12-07,79.4259033203125,89.7300796508789,-1.346981246997315,0,1.5,-1.5,1113887.0914146418,
2020-12-08,79.58866882324219,90.55707550048828,1.085402133408896,0,1.5,-1.5,1113887.0914146418,
2020-12-09,79.58866882324219,89.7300796508789,-1.3155932952256475,0,1.5,-1.5,1113887.0914146418,
2020-12-10,79.6700439453125,89.7300796508789,-0.12330104272116572,0,1.5,-1.5,1113887.0914146418,
2020-12-11,80.23970031738281,89.7300796508789,-0.8327442482523422,0,1.5,-1.5,1113887.0914146418,
2020-12-14,80.5652084350586,89.7300796508789,-0.46890414555778503,0,1.5,-1.5,1113887.0914146418,
2020-12-15,80.15830993652344,90.14356231689452,1.2186756581749176,0,1.5,-1.5,1113887.0914146418,
2020-12-16,80.72797393798828,90.55707550048828,-0.18001621796894798,0,1.5,-1.5,1113887.0914146418,
2020-12-17,80.72797393798828,90.55707550048828,-0.000275342461787662,0,1.5,-1.5,1113887.0914146418,
2020-12-18,80.8093490600586,90.55707550048828,-0.11551442508318725,0,1.5,-1.5,1113887.0914146418,
2020-12-21,80.89073181152344,90.55707550048828,-0.11541292569599457,0,1.5,-1.5,1113887.0914146418,
2020-12-22,80.5652084350586,90.14356231689452,-0.16991352906264176,0,1.5,-1.5,1113887.0914146418,
2020-12-23,80.23970031738281,89.7300796508789,-0.17213852730803972,0,1.5,-1.5,1113887.0914146418,
2020-12-24,80.15830993652344,89.31655883789062,-0.5262479507675603,0,1.5,-1.5,1113887.0914146418,
2020-12-25,80.40245819091797,89.7300796508789,0.29082814168935556,0,1.5,-1.5,1113887.0914146418,
2020-12-28,80.97211456298828,90.55707550048828,0.4660157302410029,0,1.5,-1.5,1113887.0914146418,
2020-12-29,80.5652084350586,90.14356231689452,-0.05360920229154059,0,1.5,-1.5,1113887.0914146418,
2020-12-30,81.1348648071289,90.9705810546875,0.4620800450893002,0,1.5,-1.5,1113887.0914146418,
2020-12-31,80.48383331298828,90.14356231689452,-0.35465847736950734,0,1.5,-1.5,1113887.0914146418,
2021-01-04,80.3210678100586,90.14356231689452,0.2505810437644025,0,1.5,-1.5,1113887.0914146418,
2021-01-05,80.72797393798828,90.55707550048828,0.055273978696695966,0,1.5,-1.5,1113887.0914146418,
2021-01-06,80.23970031738281,90.55707550048828,0.7689365607360378,0,1.5,-1.5,1113887.0914146418,
2021-01-07,79.99556732177734,90.14356231689452,-0.31131313366444635,0,1.5,-1.5,1113887.0914146418,
2021-01-08,80.97211456298828,90.9705810546875,-0.1486101267819079,0,1.5,-1.5,1113887.0914146418,
2021-01-11,80.89073181152344,91.79757690429688,1.5064831207005533,-1,1.5,-1.5,1113820.1838822933,Short Spread
2021-01-12,80.89073181152344,91.79757690429688,0.002295003189170248,-1,1.5,-1.5,1113820.1838822933,
2021-01-13,80.97211456298828,92.2110824584961,0.5625335080637202,-1,1.5,-1.5,1113155.9382768245,
2021-01-14,81.05348205566406,92.62458801269533,0.5611734480525192,-1,1.5,-1.5,1112491.6621537777,
2021-01-15,80.64659881591797,91.79757690429688,-0.7860549502105865,0,1.5,-1.5,1113265.0201240536,Close
2021-01-18,80.3210678100586,91.79757690429688,0.576674867834101,0,1.5,-1.5,1113265.0201240536,
2021-01-19,79.91417694091797,91.79757690429688,0.7315629195729229,0,1.5,-1.5,1113265.0201240536,
2021-01-20,79.18177032470703,90.14356231689452,-1.7950935282773501,1,1.5,-1.5,1113198.247110748,Long Spread
2021-01-21,79.10037994384766,89.7300796508789,-0.6416123227875818,1,1.5,-1.5,1112534.0625404355,
2021-01-22,78.69348907470703,89.7300796508789,0.7322110749978562,0,1.5,-1.5,1113281.1073359677,Close
2021-01-25,79.58866882324219,90.14356231689452,-0.8298294364941909,0,1.5,-1.5,1113281.1073359677,
2021-01-26,79.26314544677734,89.7300796508789,-0.23738602841194165,0,1.5,-1.5,1113281.1073359677,
2021-01-27,78.61212158203125,90.14356231689452,2.2091550556194623,-1,1.5,-1.5,1113214.3571086118,Short Spread
2021-01-28,79.10037994384766,90.14356231689452,-0.9791536537250052,0,1.5,-1.5,1114124.1040745543,Close
2021-01-29,78.28659057617188,89.31655883789062,-0.12090115398298307,0,1.5,-1.5,1114124.1040745543,
2021-02-01,78.5307388305664,90.14356231689452,1.36600330517345,0,1.5,-1.5,1114124.1040745543,
2021-02-02,78.77487182617188,90.14356231689452,-0.5276345760879111,0,1.5,-1.5,1114124.1040745543,
2021-02-03,78.36798095703125,90.14356231689452,0.8949014560554553,0,1.5,-1.5,1114124.1040745543,
2021-02-04,78.36798095703125,89.31655883789062,-1.8526764013628305,1,1.5,-1.5,1114057.3966929624,Long Spread
2021-02-05,79.10037994384766,89.7300796508789,-0.6162381657629357,1,1.5,-1.5,1113419.6403453061,
2021-02-17,78.61212158203125,89.7300796508789,1.0159161728216668,0,1.5,-1.5,1114329.4233808897,Close
2021-02-18,78.4493637084961,89.7300796508789,0.3509546330336024,0,1.5,-1.5,1114329.4233808897,
2021-02-19,78.28659057617188,90.14356231689452,1.3042967928769216,0,1.5,-1.5,1114329.4233808897,
2021-02-22,78.28659057617188,89.7300796508789,-0.9500512488041544,0,1.5,-1.5,1114329.4233808897,
2021-02-23,79.75142669677734,90.55707550048828,-1.2454297859655437,0,1.5,-1.5,1114329.4233808897,
2021-02-24,79.75142669677734,90.55707550048828,-0.001957409378830247,0,1.5,-1.5,1114329.4233808897,
2021-02-25,80.5652084350586,91.3840789794922,0.12633998673115704,0,1.5,-1.5,1114329.4233808897,
2021-02-26,79.01901245117188,90.55707550048828,1.4385508423116653,0,1.5,-1.5,1114329.4233808897,
2021-03-02,79.18177032470703,90.55707550048828,-0.3474422789003887,0,1.5,-1.5,1114329.4233808897,
2021-03-03,80.48383331298828,90.55707550048828,-2.5525674057282495,1,1.5,-1.5,1114262.5817445372,Long Spread
2021-03-04,79.75142669677734,90.55707550048828,1.4148420320217916,0,1.5,-1.5,1115660.5826368711,Close
2021-03-05,79.58866882324219,90.9705810546875,1.193253159397009,0,1.5,-1.5,1115660.5826368711,
2021-03-08,79.4259033203125,90.9705810546875,0.33158920170330775,0,1.5,-1.5,1115660.5826368711,
2021-03-09,80.23970031738281,91.3840789794922,-0.7572133943025482,0,1.5,-1.5,1115660.5826368711,
2021-03-10,80.72797393798828,91.3840789794922,-0.9510169390062159,0,1.5,-1.5,1115660.5826368711,
2021-03-11,80.40245819091797,91.79757690429688,1.4676183625850587,0,1.5,-1.5,1115660.5826368711,
2021-03-12,80.48383331298828,91.79757690429688,-0.15955846123918097,0,1.5,-1.5,1115660.5826368711,
2021-03-15,79.83280181884766,91.3840789794922,0.44360140010447396,0,1.5,-1.5,1115660.5826368711,
2021-03-16,80.40245819091797,91.3840789794922,-1.1737066042295374,0,1.5,-1.5,1115660.5826368711,
2021-03-17,80.3210678100586,91.3840789794922,0.16517165624584496,0,1.5,-1.5,1115660.5826368711,
2021-03-18,80.23970031738281,91.79757690429688,1.0694926175409116,0,1.5,-1.5,1115660.5826368711,
2021-03-19,79.58866882324219,90.9705810546875,-0.45524492614067075,0,1.5,-1.5,1115660.5826368711,
2021-03-22,79.58866882324219,91.3840789794922,0.9333426214072744,0,1.5,-1.5,1115660.5826368711,
2021-03-23,79.34452819824219,91.79757690429688,1.4499952433818455,0,1.5,-1.5,1115660.5826368711,
2021-03-24,79.34452819824219,91.79757690429688,0.0022955634066142458,0,1.5,-1.5,1115660.5826368711,
2021-03-25,79.34452819824219,92.2110824584961,0.9209840214534789,0,1.5,-1.5,1115660.5826368711,
2021-03-26,80.15830993652344,92.2110824584961,-1.6756281512209659,1,1.5,-1.5,1115593.6878611753,Long Spread
2021-03-29,80.40245819091797,92.62458801269533,0.37571924079036084,0,1.5,-1.5,1115865.4813789364,Close
2021-03-30,80.48383331298828,92.2110824584961,-1.0261485235349541,0,1.5,-1.5,1115865.4813789364,
2021-03-31,79.91417694091797,92.2110824584961,1.147204831393791,0,1.5,-1.5,1115865.4813789364,
2021-04-01,79.91417694091797,92.2110824584961,0.0017915187270410192,0,1.5,-1.5,1115865.4813789364,
2021-04-07,80.5652084350586,92.62458801269533,-0.4429971294131041,0,1.5,-1.5,1115865.4813789364,
2021-04-08,79.99556732177734,91.79757690429688,-0.5881230486184715,0,1.5,-1.5,1115865.4813789364,
2021-04-09,79.91417694091797,92.62458801269533,1.8545854705901708,-1,1.5,-1.5,1115798.5798283382,Short Spread
2021-04-12,79.75142669677734,91.79757690429688,-1.3541836327511438,0,1.5,-1.5,1117060.2395967098,Close
2021-04-13,80.15830993652344,92.62458801269533,0.8695290109863405,0,1.5,-1.5,1117060.2395967098,
2021-04-14,80.3210678100586,93.45159149169922,1.3168046019780724,0,1.5,-1.5,1117060.2395967098,
2021-04-15,80.48383331298828,94.27859497070312,1.3005636874175366,0,1.5,-1.5,1117060.2395967098,
2021-04-16,80.72797393798828,94.27859497070312,-0.46041914975463666,0,1.5,-1.5,1117060.2395967098,
2021-04-19,81.21623992919922,94.69210052490234,-0.12359714354289801,0,1.5,-1.5,1117060.2395967098,
2021-04-20,82.59968566894531,95.10560607910156,-1.723105333423509,1,1.5,-1.5,1116993.13138504,Long Spread
2021-04-21,81.78590393066406,94.69210052490234,0.6929264706082368,0,1.5,-1.5,1117726.6246330258,Close
2021-04-22,82.19278717041016,94.69210052490234,-0.7266732424292079,0,1.5,-1.5,1117726.6246330258,
2021-04-23,82.19278717041016,94.27859497070312,-0.7610091117334284,0,1.5,-1.5,1117726.6246330258,
2021-04-26,82.19278717041016,94.27859497070312,-0.0011301323630457218,0,1.5,-1.5,1117726.6246330258,
2021-04-27,82.19278717041016,94.27859497070312,-1.6722548992713924e-06,0,1.5,-1.5,1117726.6246330258,
2021-04-28,81.78590393066406,94.27859497070312,0.7327397255927572,0,1.5,-1.5,1117726.6246330258,
2021-04-29,81.3790054321289,94.27859497070312,0.7666019380237739,0,1.5,-1.5,1117726.6246330258,
2021-05-03,81.21623992919922,93.45159149169922,-1.2928717469346174,0,1.5,-1.5,1117726.6246330258,
2021-05-04,80.64659881591797,93.0380859375,0.26347740720533686,0,1.5,-1.5,1117726.6246330258,
2021-05-05,80.5652084350586,92.62458801269533,-0.6628994879234761,0,1.5,-1.5,1117726.6246330258,
2021-05-06,81.3790054321289,93.45159149169922,0.08785681145116152,0,1.5,-1.5,1117726.6246330258,
2021-05-07,81.78590393066406,93.86509704589844,0.04540756069670085,0,1.5,-1.5,1117726.6246330258,
2021-05-10,81.78590393066406,94.27859497070312,0.8294659399441376,0,1.5,-1.5,1117726.6246330258,
2021-05-11,81.78590393066406,94.69210052490234,0.8267948862245447,0,1.5,-1.5,1117726.6246330258,
2021-05-12,80.07693481445312,93.0380859375,0.012442205289168241,0,1.5,-1.5,1117726.6246330258,
2021-05-13,79.18177032470703,91.79757690429688,-0.7980459633791992,0,1.5,-1.5,1117726.6246330258,
2021-05-14,81.1348648071289,93.86509704589844,0.3688886406187215,0,1.5,-1.5,1117726.6246330258,
2021-05-17,81.05348205566406,93.0380859375,-1.5545140377255746,1,1.5,-1.5,1117659.660970306,Long Spread
2021-05-18,81.78590393066406,93.86509704589844,0.25220921256190865,0,1.5,-1.5,1117781.8133970639,Close
2021-05-19,81.78590393066406,93.0380859375,-1.6654426100173936,1,1.5,-1.5,1117714.820437469,Long Spread
2021-05-20,81.78590393066406,93.86509704589844,1.6280111889654754,0,1.5,-1.5,1119301.816614227,Close
2021-05-21,82.19278717041016,94.69210052490234,0.858889252144374,0,1.5,-1.5,1119301.816614227,
2021-05-24,81.3790054321289,93.45159149169922,-0.9084053324814481,0,1.5,-1.5,1119301.816614227,
2021-05-25,81.3790054321289,94.27859497070312,1.6410428418083356,-1,1.5,-1.5,1119234.7903102108,Short Spread
2021-05-26,81.1348648071289,93.45159149169922,-1.1611504990632142,0,1.5,-1.5,1120333.5325599667,Close
2021-05-27,79.75142669677734,92.62458801269533,1.0231867654183355,0,1.5,-1.5,1120333.5325599667,
2021-05-28,81.1348648071289,93.45159149169922,-1.0096028374944428,0,1.5,-1.5,1120333.5325599667,
2021-05-31,81.78590393066406,93.86509704589844,-0.4145456893049737,0,1.5,-1.5,1120333.5325599667,
2021-06-01,81.3790054321289,93.86509704589844,0.8036694499495258,0,1.5,-1.5,1120333.5325599667,
2021-06-02,82.19278717041016,94.27859497070312,-0.7578083925164589,0,1.5,-1.5,1120333.5325599667,
2021-06-03,81.78590393066406,94.27859497070312,0.8099097303368339,0,1.5,-1.5,1120333.5325599667,
2021-06-04,82.19278717041016,94.27859497070312,-0.8016559115442002,0,1.5,-1.5,1120333.5325599667,
2021-06-07,82.19278717041016,94.27859497070312,-0.0011895613395621672,0,1.5,-1.5,1120333.5325599667,
2021-06-08,83.4134750366211,94.69210052490234,-1.497736292894784,0,1.5,-1.5,1120333.5325599667,
2021-06-09,83.4134750366211,94.27859497070312,-0.8292970990376088,0,1.5,-1.5,1120333.5325599667,
2021-06-10,84.22726440429688,94.69210052490234,-0.6986789012655866,0,1.5,-1.5,1120333.5325599667,
2021-06-11,84.22726440429688,94.69210052490234,-0.0009837908148226957,0,1.5,-1.5,1120333.5325599667,
2021-06-15,83.4134750366211,94.69210052490234,1.5181296068976058,-1,1.5,-1.5,1120266.4083369442,Short Spread
2021-06-16,83.4134750366211,95.10560607910156,0.8165133156762515,-1,1.5,-1.5,1119439.3972285457,
2021-06-17,83.4134750366211,94.69210052490234,-0.8158017663706907,0,1.5,-1.5,1120199.2841139217,Close
2021-06-18,82.19278717041016,93.86509704589844,0.6778422010503233,0,1.5,-1.5,1120199.2841139217,
2021-06-21,82.59968566894531,93.86509704589844,-0.7818591700518253,0,1.5,-1.5,1120199.2841139217,
2021-06-22,82.59968566894531,94.27859497070312,0.8409806034124326,0,1.5,-1.5,1120199.2841139217,
2021-06-23,83.00658416748047,94.69210052490234,0.050830762690217184,0,1.5,-1.5,1120199.2841139217,
2021-06-24,83.00658416748047,94.27859497070312,-0.8356697434173709,0,1.5,-1.5,1120199.2841139217,
2021-06-25,83.4134750366211,94.69210052490234,0.05313326610266941,0,1.5,-1.5,1120199.2841139217,
2021-06-28,83.00658416748047,94.27859497070312,-0.05463454938079375,0,1.5,-1.5,1120199.2841139217,
2021-06-29,83.4134750366211,94.27859497070312,-0.7983889370348444,0,1.5,-1.5,1120199.2841139217,
2021-06-30,83.00658416748047,94.27859497070312,0.807054229627556,0,1.5,-1.5,1120199.2841139217,
2021-07-01,83.00658416748047,93.86509704589844,-0.861677496698196,0,1.5,-1.5,1120199.2841139217,
2021-07-02,83.00658416748047,94.27859497070312,0.8571781474000252,0,1.5,-1.5,1120199.2841139217,
2021-07-05,83.4134750366211,94.69210052490234,0.055955589926988535,0,1.5,-1.5,1120199.2841139217,
2021-07-06,83.00658416748047,94.27859497070312,-0.05699129534411089,0,1.5,-1.5,1120199.2841139217,
2021-07-07,83.4134750366211,94.27859497070312,-0.8406214268328087,0,1.5,-1.5,1120199.2841139217,
2021-07-08,83.4134750366211,94.27859497070312,-0.0012163433735614885,0,1.5,-1.5,1120199.2841139217,
2021-07-09,83.82037353515625,94.69210052490234,0.06321128332198718,0,1.5,-1.5,1120199.2841139217,
2021-07-12,83.00658416748047,93.86509704589844,-0.13148178491142581,0,1.5,-1.5,1120199.2841139217,
2021-07-13,83.82037353515625,94.69210052490234,0.13028648774274199,0,1.5,-1.5,1120199.2841139217,
2021-07-14,83.4134750366211,94.69210052490234,0.8817323574764219,0,1.5,-1.5,1120199.2841139217,
2021-07-15,83.4134750366211,94.69210052490234,0.0013148408566055986,0,1.5,-1.5,1120199.2841139217,
2021-07-16,83.00658416748047,95.10560607910156,1.8790366619992067,-1,1.5,-1.5,1120132.1596263119,Short Spread
2021-07-19,83.4134750366211,95.10560607910156,-0.9065601745515564,0,1.5,-1.5,1120878.8006013485,Close
2021-07-20,83.00658416748047,95.10560607910156,0.9131433328228725,0,1.5,-1.5,1120878.8006013485,
2021-07-21,83.4134750366211,95.10560607910156,-0.902436548114883,0,1.5,-1.5,1120878.8006013485,
2021-07-22,84.22726440429688,95.9326171875,0.10959030455862916,0,1.5,-1.5,1120878.8006013485,
2021-07-23,84.63416290283203,95.10560607910156,-2.5964394246911464,1,1.5,-1.5,1120811.6110105892,Long Spread
2021-07-26,84.22726440429688,95.10560607910156,0.8239304426200026,0,1.5,-1.5,1121558.2346928401,Close
2021-07-27,84.63416290283203,95.51909637451172,0.06270694052305854,0,1.5,-1.5,1121558.2346928401,
2021-07-28,84.63416290283203,95.9326171875,0.8955088666271086,0,1.5,-1.5,1121558.2346928401,
2021-07-29,85.04105377197266,96.34610748291016,0.05754827767196411,0,1.5,-1.5,1121558.2346928401,
2021-07-30,84.63416290283203,95.10560607910156,-1.8065735960117866,1,1.5,-1.5,1121491.0451020808,Long Spread
2021-08-02,85.44795227050781,96.34610748291016,0.9730617666782871,0,1.5,-1.5,1122277.1974119563,Close
2021-08-03,86.2617416381836,96.75961303710938,-0.7251282730303493,0,1.5,-1.5,1122277.1974119563,
2021-08-04,87.07552337646484,97.1731185913086,-0.7109215764902439,0,1.5,-1.5,1122277.1974119563,
2021-08-05,88.29621887207031,97.58660888671876,-1.408870645717005,0,1.5,-1.5,1122277.1974119563,
2021-08-06,87.88932800292969,97.1731185913086,-0.0692201765126411,0,1.5,-1.5,1122277.1974119563,
2021-08-09,87.07552337646484,97.1731185913086,1.474486663669761,0,1.5,-1.5,1122277.1974119563,
2021-08-10,87.07552337646484,97.58660888671876,0.8200362875976107,0,1.5,-1.5,1122277.1974119563,
2021-08-11,87.07552337646484,97.58660888671876,0.001079462254953956,0,1.5,-1.5,1122277.1974119563,
2021-08-12,87.07552337646484,97.58660888671876,1.4616347570702202e-06,0,1.5,-1.5,1122277.1974119563,
2021-08-13,86.2617416381836,97.1731185913086,0.7574573396751719,0,1.5,-1.5,1122277.1974119563,
2021-08-16,85.44795227050781,97.1731185913086,1.6545713566541063,-1,1.5,-1.5,1122209.892569122,Short Spread
2021-08-17,85.44795227050781,97.1731185913086,0.002281289080210101,-1,1.5,-1.5,1122209.892569122,
2021-08-18,85.44795227050781,97.1731185913086,3.2259753464573777e-06,-1,1.5,-1.5,1122209.892569122,
2021-08-19,83.82037353515625,96.34610748291016,1.6886081392109955,-1,1.5,-1.5,1120608.7573152157,
2021-08-20,82.59968566894531,95.9326171875,1.7985806076740003,-1,1.5,-1.5,1118994.362173614,
2021-08-23,82.34443664550781,95.51909637451172,-0.3913413133573323,0,1.5,-1.5,1119243.7912113948,Close
2021-08-24,83.27921295166016,95.51909637451172,-2.052909103716503,1,1.5,-1.5,1119176.6392790219,Long Spread
2021-08-25,83.10924530029297,94.4934310913086,-1.9110790689972073,1,1.5,-1.5,1117465.24401535,
2021-08-26,83.7041015625,94.4934310913086,-1.2291645783175444,1,1.5,-1.5,1116275.531490936,
2021-08-27,84.21397399902344,94.4934310913086,-1.032462067865293,1,1.5,-1.5,1115255.786617889,
2021-08-30,84.72383880615234,95.35244750976562,0.802409967530992,0,1.5,-1.5,1115886.8867890928,Close
2021-08-31,85.82855987548828,96.21147918701172,-0.37542520849102967,0,1.5,-1.5,1115886.8867890928,
2021-09-01,84.12899780273438,94.92294311523438,0.6774019958706027,0,1.5,-1.5,1115886.8867890928,
2021-09-02,83.7041015625,95.35244750976562,1.7944832938082667,-1,1.5,-1.5,1115819.72452713,Short Spread
2021-09-03,84.04401397705078,95.35244750976562,-0.6928163856409127,0,1.5,-1.5,1116432.373497772,Close
2021-09-06,83.78907775878906,95.35244750976562,0.5205565542483683,0,1.5,-1.5,1116432.373497772,
2021-09-07,83.7041015625,95.35244750976562,0.17955939806674046,0,1.5,-1.5,1116432.373497772,
2021-09-08,84.3839340209961,95.35244750976562,-1.3955132486434778,0,1.5,-1.5,1116432.373497772,
2021-09-09,83.7041015625,94.92294311523438,0.4684320683176244,0,1.5,-1.5,1116432.373497772,
2021-09-10,84.46891021728516,94.92294311523438,-1.5423867506093178,1,1.5,-1.5,1116365.1978236388,Long Spread
2021-09-13,84.3839340209961,95.35244750976562,1.0781134657009932,0,1.5,-1.5,1117326.9695500182,Close
2021-09-14,84.12899780273438,95.35244750976562,0.5189079761118837,0,1.5,-1.5,1117326.9695500182,
2021-09-15,84.2989501953125,95.35244750976562,-0.3435379739279945,0,1.5,-1.5,1117326.9695500182,
2021-09-16,84.12899780273438,95.78196716308594,1.256217951309616,0,1.5,-1.5,1117326.9695500182,
2021-09-17,84.55389404296875,95.35244750976562,-1.7132398235286987,1,1.5,-1.5,1117259.7732963562,Long Spread
2021-09-22,83.78907775878906,95.35244750976562,1.4800679178174054,0,1.5,-1.5,1118722.240203705,Close
2021-09-23,84.63886260986328,95.35244750976562,-1.5996313015405452,1,1.5,-1.5,1118655.0405513002,Long Spread
2021-09-24,84.80882263183594,95.78196716308594,0.5295254906728464,0,1.5,-1.5,1119106.9361824037,Close
2021-09-27,84.72383880615234,95.35244750976562,-0.6917168528290837,0,1.5,-1.5,1119106.9361824037,
2021-09-28,84.63886260986328,95.35244750976562,0.15921427011425104,0,1.5,-1.5,1119106.9361824037,
2021-09-29,84.3839340209961,95.78196716308594,1.3279147065925003,0,1.5,-1.5,1119106.9361824037,
2021-09-30,84.04401397705078,94.92294311523438,-1.057912143194678,0,1.5,-1.5,1119106.9361824037,
2021-10-01,83.78907775878906,94.92294311523438,0.4796414893277101,0,1.5,-1.5,1119106.9361824037,
2021-10-04,83.95903778076172,95.35244750976562,0.5332661658933698,0,1.5,-1.5,1119106.9361824037,
2021-10-05,84.2989501953125,94.92294311523438,-1.4541116301573895,0,1.5,-1.5,1119106.9361824037,
2021-10-06,84.2989501953125,95.35244750976562,0.8233614217988344,0,1.5,-1.5,1119106.9361824037,
2021-10-07,84.2989501953125,95.78196716308594,0.8220645782173444,0,1.5,-1.5,1119106.9361824037,
2021-10-08,84.04401397705078,95.78196716308594,0.4693416860178066,0,1.5,-1.5,1119106.9361824037,
2021-10-12,84.12899780273438,95.78196716308594,-0.15552610054857405,0,1.5,-1.5,1119106.9361824037,
2021-10-13,83.95903778076172,95.78196716308594,0.319648825085594,0,1.5,-1.5,1119106.9361824037,
2021-10-14,83.53414916992188,94.92294311523438,-0.8999594032502868,0,1.5,-1.5,1119106.9361824037,
2021-10-15,83.78907775878906,95.35244750976562,0.37012332323124425,0,1.5,-1.5,1119106.9361824037,
2021-10-18,83.53414916992188,95.35244750976562,0.48723632093488245,0,1.5,-1.5,1119106.9361824037,
2021-10-19,83.36418914794922,95.78196716308594,1.177723738288008,0,1.5,-1.5,1119106.9361824037,
2021-10-20,83.6191177368164,95.35244750976562,-1.3772707398546327,0,1.5,-1.5,1119106.9361824037,
2021-10-21,83.6191177368164,94.92294311523438,-0.87739636064521,0,1.5,-1.5,1119106.9361824037,
2021-10-22,83.6191177368164,95.78196716308594,1.7072794781311265,-1,1.5,-1.5,1119039.7601390078,Short Spread
2021-10-25,83.6191177368164,95.35244750976562,-0.8506106023908262,0,1.5,-1.5,1119831.6405830386,Close
2021-10-26,83.6191177368164,94.92294311523438,-0.8489393251072902,0,1.5,-1.5,1119831.6405830386,
2021-10-27,83.36418914794922,94.92294311523438,0.49026925331925764,0,1.5,-1.5,1119831.6405830386,
2021-10-28,83.44916534423828,94.4934310913086,-1.0307546842109578,0,1.5,-1.5,1119831.6405830386,
2021-10-29,83.36418914794922,94.92294311523438,1.0262322330729252,0,1.5,-1.5,1119831.6405830386,
2021-11-01,83.6191177368164,95.35244750976562,0.37648719075990883,0,1.5,-1.5,1119831.6405830386,
2021-11-02,83.27921295166016,94.92294311523438,-0.21536927590181398,0,1.5,-1.5,1119831.6405830386,
2021-11-03,83.6191177368164,94.92294311523438,-0.6591478608566272,0,1.5,-1.5,1119831.6405830386,
2021-11-04,83.6191177368164,95.35244750976562,0.8810415227076411,0,1.5,-1.5,1119831.6405830386,
2021-11-05,84.21397399902344,95.35244750976562,-1.1407898120358233,0,1.5,-1.5,1119831.6405830386,
2021-11-08,83.95903778076172,95.78196716308594,1.3363215488959779,0,1.5,-1.5,1119831.6405830386,
2021-11-09,83.95903778076172,95.78196716308594,0.0018901033826213443,0,1.5,-1.5,1119831.6405830386,
2021-11-10,84.21397399902344,96.21147918701172,0.3689710494472465,0,1.5,-1.5,1119831.6405830386,
2021-11-11,84.55389404296875,96.64100646972656,0.20878267139660625,0,1.5,-1.5,1119831.6405830386,
2021-11-12,84.72383880615234,96.64100646972656,-0.32530393107197,0,1.5,-1.5,1119831.6405830386,
2021-11-15,84.72383880615234,97.0705108642578,0.8520269764757,0,1.5,-1.5,1119831.6405830386,
2021-11-16,84.9787826538086,97.92955017089844,1.2191999943151537,0,1.5,-1.5,1119831.6405830386,
2021-11-17,85.40367889404297,98.35906219482422,0.0366886580379843,0,1.5,-1.5,1119831.6405830386,
2021-11-18,85.40367889404297,98.78857421875,0.8587758357446155,0,1.5,-1.5,1119831.6405830386,
2021-11-19,84.9787826538086,97.0705108642578,-2.5612752896026674,1,1.5,-1.5,1119764.3586112978,Long Spread
2021-11-22,84.21397399902344,96.64100646972656,0.6212856147917512,0,1.5,-1.5,1120367.732932587,Close
2021-11-23,84.2989501953125,97.50003051757812,1.5813162515713923,-1,1.5,-1.5,1120300.4609733585,Short Spread
2021-11-24,83.87405395507812,97.50003051757812,0.8556237436424704,-1,1.5,-1.5,1119450.6684928897,
2021-11-25,83.95903778076172,97.50003051757812,-0.17051110204547376,0,1.5,-1.5,1119553.377781525,Close
2021-11-26,83.36418914794922,97.0705108642578,0.31764537623159156,0,1.5,-1.5,1119553.377781525,
2021-11-29,83.44916534423828,96.64100646972656,-1.0640598848361669,0,1.5,-1.5,1119553.377781525,
2021-11-30,82.4294204711914,96.21147918701172,1.2088865238342819,0,1.5,-1.5,1119553.377781525,
2021-12-01,83.53414916992188,97.0705108642578,-0.46588705433815003,0,1.5,-1.5,1119553.377781525,
2021-12-02,83.95903778076172,97.92955017089844,0.9198825799165221,0,1.5,-1.5,1119553.377781525,
2021-12-03,83.53414916992188,97.50003051757812,-0.024770271528585432,0,1.5,-1.5,1119553.377781525,
2021-12-06,83.27921295166016,97.92955017089844,1.4351117454752516,0,1.5,-1.5,1119553.377781525,
2021-12-07,83.78907775878906,97.92955017089844,-1.039339978865669,0,1.5,-1.5,1119553.377781525,
2021-12-08,83.78907775878906,97.92955017089844,-0.0015083938857359024,0,1.5,-1.5,1119553.377781525,
2021-12-09,83.95903778076172,98.35906219482422,0.5544266333947774,0,1.5,-1.5,1119553.377781525,
2021-12-10,83.53414916992188,97.92955017089844,-0.021236564463668613,0,1.5,-1.5,1119553.377781525,
2021-12-13,83.27921295166016,97.50003051757812,-0.38269541562040993,0,1.5,-1.5,1119553.377781525,
2021-12-14,83.36418914794922,97.92955017089844,0.7470427338238131,0,1.5,-1.5,1119553.377781525,
2021-12-15,83.36418914794922,97.92955017089844,0.0011048703698527652,0,1.5,-1.5,1119553.377781525,
2021-12-16,83.78907775878906,98.35906219482422,0.021342866406737274,0,1.5,-1.5,1119553.377781525,
2021-12-17,84.04401397705078,98.78857421875,0.4090333094335643,0,1.5,-1.5,1119553.377781525,
2021-12-20,83.6191177368164,98.78857421875,0.9766787872145293,0,1.5,-1.5,1119553.377781525,
2021-12-21,83.95903778076172,99.21809387207033,0.21242364093189534,0,1.5,-1.5,1119553.377781525,
2021-12-22,84.2989501953125,99.21809387207033,-0.772948606028523,0,1.5,-1.5,1119553.377781525,
2021-12-23,84.55389404296875,99.21809387207033,-0.5821632352905919,0,1.5,-1.5,1119553.377781525,
2021-12-24,84.80882263183594,99.21809387207033,-0.5835206047358148,0,1.5,-1.5,1119553.377781525,
2021-12-27,84.893798828125,99.6476058959961,0.7941713745472888,0,1.5,-1.5,1119553.377781525,
2021-12-28,85.40367889404297,99.6476058959961,-1.133937654325891,0,1.5,-1.5,1119553.377781525,
2021-12-29,85.40367889404297,100.07711791992188,0.9871871197352218,0,1.5,-1.5,1119553.377781525,
2021-12-30,84.9787826538086,100.07711791992188,0.9798167755904594,0,1.5,-1.5,1119553.377781525,
2022-01-03,85.40367889404297,99.21809387207033,-2.7548058752870217,1,1.5,-1.5,1119485.9929106145,Long Spread
2022-01-04,84.2989501953125,99.21809387207033,2.289291432508244,0,1.5,-1.5,1121628.1096263127,Close
2022-01-05,84.72383880615234,99.21809387207033,-0.8746154019289061,0,1.5,-1.5,1121628.1096263127,
2022-01-06,84.2989501953125,99.21809387207033,0.8769294342884011,0,1.5,-1.5,1121628.1096263127,
2022-01-07,84.55389404296875,99.21809387207033,-0.5285311272389347,0,1.5,-1.5,1121628.1096263127,
2022-01-10,84.80882263183594,100.07711791992188,1.2494419393205811,0,1.5,-1.5,1121628.1096263127,
2022-01-11,84.9787826538086,100.07711791992188,-0.3456395504795841,0,1.5,-1.5,1121628.1096263127,
2022-01-12,85.40367889404297,100.50664520263672,0.01378554098521835,0,1.5,-1.5,1121628.1096263127,
2022-01-13,85.40367889404297,100.9361572265625,0.8963329094894894,0,1.5,-1.5,1121628.1096263127,
2022-01-14,85.82855987548828,100.9361572265625,-0.877305947081771,0,1.5,-1.5,1121628.1096263127,
2022-01-17,84.9787826538086,100.50664520263672,0.894864511377406,0,1.5,-1.5,1121628.1096263127,
2022-01-18,84.9787826538086,100.9361572265625,0.9316628899485379,0,1.5,-1.5,1121628.1096263127,
2022-01-19,85.82855987548828,100.50664520263672,-2.5750212989089083,1,1.5,-1.5,1121560.6562181097,Long Spread
2022-01-20,84.893798828125,100.07711791992188,1.0075954362826343,0,1.5,-1.5,1122503.7249107365,Close
2022-01-21,84.9787826538086,100.50664520263672,0.7112753619753138,0,1.5,-1.5,1122503.7249107365,
2022-01-24,85.40367889404297,100.50664520263672,-0.8631924762781731,0,1.5,-1.5,1122503.7249107365,
2022-01-25,85.40367889404297,100.50664520263672,-0.0011806603350758645,0,1.5,-1.5,1122503.7249107365,
2022-01-26,84.72383880615234,100.9361572265625,2.205222734008652,-1,1.5,-1.5,1122436.2985108953,Short Spread
2022-02-07,85.82855987548828,101.79518127441406,-0.4910233194406594,0,1.5,-1.5,1122860.187604218,Close
2022-02-08,85.40367889404297,101.3656768798828,-0.006289821315342238,0,1.5,-1.5,1122860.187604218,
2022-02-09,86.67835235595703,101.79518127441406,-1.6113432758606256,1,1.5,-1.5,1122792.6486628728,Long Spread
2022-02-10,87.95303344726562,102.65422058105467,-0.7582909925884955,1,1.5,-1.5,1121961.365093537,
2022-02-11,87.52814483642578,102.65422058105467,0.7825769022244643,0,1.5,-1.5,1122743.5350205998,Close
2022-02-14,87.52814483642578,103.08373260498048,0.7988341841210035,0,1.5,-1.5,1122743.5350205998,
2022-02-15,87.95303344726562,103.08373260498048,-0.7747509883532347,0,1.5,-1.5,1122743.5350205998,
2022-02-16,89.22771453857422,103.9427719116211,-0.7228619215711657,0,1.5,-1.5,1122743.5350205998,
2022-02-17,89.22771453857422,104.37228393554688,0.7593174252769845,0,1.5,-1.5,1122743.5350205998,
2022-02-18,89.22771453857422,104.80178833007812,0.7662177084594854,0,1.5,-1.5,1122743.5350205998,
2022-02-21,90.07750701904295,106.09033966064452,0.7661309926906373,0,1.5,-1.5,1122743.5350205998,
2022-02-22,90.07750701904295,106.09033966064452,0.0009460889119149565,0,1.5,-1.5,1122743.5350205998,
2022-02-23,90.9272918701172,107.80841064453124,1.5567643505118403,-1,1.5,-1.5,1122675.5855924992,Short Spread
2022-02-24,89.22771453857422,106.94937896728516,1.591576953375347,-1,1.5,-1.5,1120994.4942839055,
2022-02-25,87.95303344726562,106.94937896728516,2.4072761152322117,-1,1.5,-1.5,1118445.1321012883,
2022-03-01,89.65261840820312,106.94937896728516,-2.8858086067473834,0,1.5,-1.5,1121776.4379432683,Close
2022-03-02,90.07750701904295,106.09033966064452,-2.0197879125809526,1,1.5,-1.5,1121708.591229401,Long Spread
2022-03-03,90.07750701904295,105.23130798339844,-1.3222891740506146,1,1.5,-1.5,1119990.5278749089,
2022-03-04,89.65261840820312,105.66082000732422,1.3127223334423272,0,1.5,-1.5,1121631.5166069034,Close
2022-03-07,89.22771453857422,103.9427719116211,-1.955833915337507,1,1.5,-1.5,1121563.7897874455,Long Spread
2022-03-08,89.22771453857422,104.80178833007812,1.2842664809756843,0,1.5,-1.5,1123214.0614442448,Close
2022-03-09,89.65261840820312,105.23130798339844,0.009420090171374792,0,1.5,-1.5,1123214.0614442448,
2022-03-10,90.50240325927734,105.66082000732422,-0.6104330992914712,0,1.5,-1.5,1123214.0614442448,
2022-03-11,90.07750701904295,105.23130798339844,-0.011470703776030515,0,1.5,-1.5,1123214.0614442448,
2022-03-14,90.07750701904295,105.66082000732422,0.6410548028172144,0,1.5,-1.5,1123214.0614442448,
2022-03-15,90.07750701904295,107.37889099121094,2.439176864302949,-1,1.5,-1.5,1123146.1631883243,Short Spread
2022-03-16,90.9272918701172,108.2379150390625,-0.005072346568418735,0,1.5,-1.5,1123059.7181864933,Close
2022-03-17,90.07750701904295,107.80841064453124,0.6168150399570989,0,1.5,-1.5,1123059.7181864933,
2022-03-18,89.22771453857422,108.66744232177734,2.3866691177196127,-1,1.5,-1.5,1122991.8023802189,Short Spread
2022-03-21,89.65261840820312,108.66744232177734,-0.6007168156575993,0,1.5,-1.5,1123773.6773170475,Close
2022-03-22,89.22771453857422,108.66744232177734,0.6046050122056152,0,1.5,-1.5,1123773.6773170475,
2022-03-23,89.22771453857422,108.66744232177734,0.0007573867485250212,0,1.5,-1.5,1123773.6773170475,
2022-03-24,90.50240325927734,109.0969467163086,-1.182950486673236,0,1.5,-1.5,1123773.6773170475,
2022-03-25,90.07750701904295,109.95598602294922,1.6907157680508527,-1,1.5,-1.5,1123705.6759773258,Short Spread
2022-03-28,89.65261840820312,109.95598602294922,0.5860167696676255,-1,1.5,-1.5,1122855.898755646,
2022-03-29,89.65261840820312,109.0969467163086,-1.1173542761130515,0,1.5,-1.5,1124506.0273863224,Close
2022-03-30,89.65261840820312,109.0969467163086,-0.001389073048077626,0,1.5,-1.5,1124506.0273863224,
2022-03-31,89.22771453857422,109.0969467163086,0.5823761334880149,0,1.5,-1.5,1124506.0273863224,
2022-04-01,89.65261840820312,109.0969467163086,-0.5772593085024311,0,1.5,-1.5,1124506.0273863224,
2022-04-06,89.65261840820312,109.0969467163086,-0.0007205181412812277,0,1.5,-1.5,1124506.0273863224,
2022-04-07,89.65261840820312,109.0969467163086,-8.959266070245611e-07,0,1.5,-1.5,1124506.0273863224,
2022-04-08,90.07750701904295,109.95598602294922,0.5413735407674101,0,1.5,-1.5,1124506.0273863224,
2022-04-11,90.50240325927734,111.67404174804688,1.6639642905138516,-1,1.5,-1.5,1124437.9403285221,Short Spread
2022-04-12,90.9272918701172,110.385498046875,-2.18443424036302,0,1.5,-1.5,1127796.752440949,Close
2022-04-13,90.50240325927734,110.385498046875,0.5600257586419615,0,1.5,-1.5,1127796.752440949,
2022-04-14,90.07750701904295,111.67404174804688,2.1521948924163192,-1,1.5,-1.5,1127728.6823789983,Short Spread
2022-04-15,89.65261840820312,111.24452209472656,0.03133261190044144,-1,1.5,-1.5,1127737.9444639592,
2022-04-18,90.07750701904295,111.67404174804688,-0.028609841209979264,0,1.5,-1.5,1127660.6123170475,Close
2022-04-19,90.07750701904295,111.24452209472656,-0.5351960060579452,0,1.5,-1.5,1127660.6123170475,
2022-04-20,92.20197296142578,112.5330810546875,-1.130221508338152,0,1.5,-1.5,1127660.6123170475,
2022-04-21,91.77708435058594,112.5330810546875,0.5269308114532584,0,1.5,-1.5,1127660.6123170475,
2022-04-22,92.20197296142578,112.96258544921876,-0.02097449393429216,0,1.5,-1.5,1127660.6123170475,
2022-04-25,91.35218811035156,112.96258544921876,1.068781960217255,0,1.5,-1.5,1127660.6123170475,
2022-04-26,92.62686920166016,113.39210510253906,-1.0632612321292285,0,1.5,-1.5,1127660.6123170475,
2022-04-27,91.77708435058594,113.39210510253906,1.069920985592736,0,1.5,-1.5,1127660.6123170475,
2022-04-28,92.62686920166016,112.96258544921876,-1.531982940184422,1,1.5,-1.5,1127592.3887388615,Long Spread
2022-04-29,92.20197296142578,112.5330810546875,0.016803083434121305,0,1.5,-1.5,1127514.983028107,Close
2022-05-03,90.9272918701172,109.5264663696289,-1.9324892558663775,1,1.5,-1.5,1127446.9648777775,Long Spread
2022-05-04,89.65261840820312,106.51985931396484,-1.9478896730759057,1,1.5,-1.5,1123983.0976902775,
2022-05-05,89.65261840820312,107.37889099121094,0.9936424226913604,0,1.5,-1.5,1125633.2797843937,Close
2022-05-06,90.07750701904295,108.66744232177734,0.9764681022381482,0,1.5,-1.5,1125633.2797843937,
2022-05-09,89.65261840820312,107.37889099121094,-0.9701119081075862,0,1.5,-1.5,1125633.2797843937,
2022-05-10,90.9272918701172,106.94937896728516,-1.8815910800556765,1,1.5,-1.5,1125565.3647175601,Long Spread
2022-05-11,91.35218811035156,107.37889099121094,0.0016463170903760094,0,1.5,-1.5,1125506.647041779,Close
2022-05-12,90.50240325927734,106.51985931396484,-0.007960497130558677,0,1.5,-1.5,1125506.647041779,
2022-05-13,90.50240325927734,106.51985931396484,-9.713961382100392e-06,0,1.5,-1.5,1125506.647041779,
2022-05-16,90.50240325927734,106.51985931396484,-1.1854017725854422e-08,0,1.5,-1.5,1125506.647041779,
2022-05-17,90.50240325927734,106.09033966064452,-0.4747287736722299,0,1.5,-1.5,1125506.647041779,
2022-05-18,91.35218811035156,107.37889099121094,0.477666605135526,0,1.5,-1.5,1125506.647041779,
2022-05-19,91.77708435058594,106.94937896728516,-0.9141005034270205,0,1.5,-1.5,1125506.647041779,
2022-05-20,91.77708435058594,106.94937896728516,-0.0010848135098036325,0,1.5,-1.5,1125506.647041779,
2022-05-23,90.9272918701172,106.09033966064452,-0.01653993705918242,0,1.5,-1.5,1125506.647041779,
2022-05-24,90.9272918701172,106.51985931396484,0.4715952805883123,0,1.5,-1.5,1125506.647041779,
2022-05-25,91.35218811035156,107.37889099121094,0.47706295074092575,0,1.5,-1.5,1125506.647041779,
2022-05-26,92.20197296142578,109.5264663696289,1.398620766873813,0,1.5,-1.5,1125506.647041779,
2022-05-27,91.77708435058594,107.80841064453124,-1.423950986365526,0,1.5,-1.5,1125506.647041779,
2022-05-30,91.77708435058594,109.0969467163086,1.4289341889409617,0,1.5,-1.5,1125506.647041779,
2022-05-31,91.77708435058594,109.0969467163086,0.0017075319420426726,0,1.5,-1.5,1125506.647041779,
2022-06-01,90.9272918701172,107.37889099121094,-0.9742244515993698,0,1.5,-1.5,1125506.647041779,
2022-06-02,91.35218811035156,107.37889099121094,-0.4939460869098953,0,1.5,-1.5,1125506.647041779,
2022-06-06,91.77708435058594,108.2379150390625,0.4966756931317174,0,1.5,-1.5,1125506.647041779,
2022-06-07,91.35218811035156,107.80841064453124,-0.0011030902392668732,0,1.5,-1.5,1125506.647041779,
2022-06-08,91.77708435058594,108.66744232177734,0.4951935314893964,0,1.5,-1.5,1125506.647041779,
2022-06-09,91.35218811035156,108.2379150390625,0.0011847882001688069,0,1.5,-1.5,1125506.647041779,
2022-06-10,90.50240325927734,107.37889099121094,0.0012500089195755988,0,1.5,-1.5,1125506.647041779,
2022-06-13,90.07750701904295,107.37889099121094,0.5318222408735852,0,1.5,-1.5,1125506.647041779,
2022-06-14,90.50240325927734,106.94937896728516,-1.0451679724714575,0,1.5,-1.5,1125506.647041779,
2022-06-15,90.9272918701172,107.37889099121094,0.0005604174081100233,0,1.5,-1.5,1125506.647041779,
2022-06-16,90.9272918701172,106.51985931396484,-1.0721488839171351,0,1.5,-1.5,1125506.647041779,
2022-06-17,90.07750701904295,107.37889099121094,2.087701487922176,-1,1.5,-1.5,1125438.7487858585,Short Spread
2022-06-20,90.9272918701172,107.37889099121094,-1.0296132106533178,0,1.5,-1.5,1127070.3862406926,Close
2022-06-21,92.20197296142578,108.66744232177734,0.004460924031161273,0,1.5,-1.5,1127070.3862406926,
2022-06-22,92.20197296142578,107.80841064453124,-0.9997020445495289,0,1.5,-1.5,1127070.3862406926,
2022-06-23,92.62686920166016,109.0969467163086,1.0093868186095185,0,1.5,-1.5,1127070.3862406926,
2022-06-24,93.90155792236328,110.81501770019533,0.49530306909377747,0,1.5,-1.5,1127070.3862406926,
2022-06-27,93.0517578125,110.385498046875,0.5023685792100416,0,1.5,-1.5,1127070.3862406926,
2022-06-28,93.4766616821289,110.81501770019533,-0.0021551098745505016,0,1.5,-1.5,1127070.3862406926,
2022-06-29,93.4766616821289,112.10355377197266,1.4647172500592194,0,1.5,-1.5,1127070.3862406926,
2022-06-30,91.77708435058594,108.63783264160156,-1.9598475429119644,1,1.5,-1.5,1127002.369644013,Long Spread
2022-07-01,92.62686920166016,110.41878509521484,1.0223325250778887,0,1.5,-1.5,1128796.5830229193,Close
2022-07-04,93.0517578125,112.64496612548828,1.9131804998580417,-1,1.5,-1.5,1128728.3551539618,Short Spread
2022-07-05,92.62686920166016,113.09019470214844,0.9524687667080273,-1,1.5,-1.5,1126988.1207789618,
2022-07-06,92.62686920166016,113.98067474365234,0.9636811656917578,-1,1.5,-1.5,1125207.160695954,
2022-07-07,91.77708435058594,113.53543853759766,0.5192770840041888,-1,1.5,-1.5,1124398.063405915,
2022-07-08,91.1575698852539,110.86402130126952,-2.2208247221555175,0,1.5,-1.5,1128433.7880842597,Close
2022-07-11,91.6000747680664,110.41878509521484,-1.0212292142314345,0,1.5,-1.5,1128433.7880842597,
2022-07-12,92.04258728027344,109.08306884765624,-1.9359907160461536,1,1.5,-1.5,1128365.7430580147,Long Spread
2022-07-13,92.04258728027344,110.41878509521484,1.4119636545418919,0,1.5,-1.5,1130969.077098237,Close
2022-07-14,93.37013244628906,109.52830505371094,-2.228681570081634,1,1.5,-1.5,1130900.9611607369,Long Spread
2022-07-15,92.9276123046875,109.52830505371094,0.44298080143789054,0,1.5,-1.5,1131717.9032072457,Close
2022-07-18,91.6000747680664,109.52830505371094,1.3616563173974523,0,1.5,-1.5,1131717.9032072457,
2022-07-19,87.70597076416016,108.1926040649414,2.7363305574142385,-1,1.5,-1.5,1131650.0672642526,Short Spread
2022-07-20,86.9094467163086,106.85688018798828,-0.5232853529394478,0,1.5,-1.5,1132660.7162693795,Close
2022-07-21,87.70597076416016,106.4116439819336,-1.3178448053912282,0,1.5,-1.5,1132660.7162693795,
2022-07-22,87.70597076416016,105.52117156982422,-0.9194173143043232,0,1.5,-1.5,1132660.7162693795,
2022-07-25,88.94500732421875,106.85688018798828,0.07016343741491929,0,1.5,-1.5,1132660.7162693795,
2022-07-26,88.94500732421875,106.85688018798828,8.845487491747997e-05,0,1.5,-1.5,1132660.7162693795,
2022-07-27,90.27254486083984,108.1926040649414,-0.021181923622510628,0,1.5,-1.5,1132660.7162693795,
2022-07-28,89.83002471923828,108.1926040649414,0.47086968435717724,0,1.5,-1.5,1132660.7162693795,
2022-07-29,89.83002471923828,108.1926040649414,0.0005858580359689051,0,1.5,-1.5,1132660.7162693795,
2022-08-01,89.83002471923828,108.63783264160156,0.4690324998303756,0,1.5,-1.5,1132660.7162693795,
2022-08-02,90.27254486083984,109.08306884765624,-0.011325014618082349,0,1.5,-1.5,1132660.7162693795,
2022-08-03,89.83002471923828,108.1926040649414,-0.47290174403880897,0,1.5,-1.5,1132660.7162693795,
2022-08-04,90.27254486083984,107.30211639404295,-1.4255762020601719,0,1.5,-1.5,1132660.7162693795,
2022-08-05,89.83002471923828,108.63783264160156,1.8523007182321063,-1,1.5,-1.5,1132592.777555085,Short Spread
2022-08-08,89.83002471923828,109.08306884765624,0.4644721594997121,-1,1.5,-1.5,1131702.3051429756,
2022-08-09,89.38751220703125,109.08306884765624,0.48071465491938276,-1,1.5,-1.5,1130817.2801185616,
2022-08-10,90.27254486083984,109.08306884765624,-0.9394953092907347,0,1.5,-1.5,1132519.3712016304,Close
2022-08-11,89.83002471923828,111.30924987792967,2.6091533222882575,-1,1.5,-1.5,1132451.3256306467,Short Spread
2022-08-12,89.83002471923828,111.30924987792967,0.0032466641059081436,-1,1.5,-1.5,1132451.3256306467,
2022-08-15,89.83002471923828,110.86402130126952,-0.435126207960337,0,1.5,-1.5,1133273.7550221262,Close
2022-08-16,89.83002471923828,109.97354888916016,-0.8642027410582338,0,1.5,-1.5,1133273.7550221262,
2022-08-17,89.83002471923828,109.52830505371094,-0.43238866383137364,0,1.5,-1.5,1133273.7550221262,
2022-08-18,89.38751220703125,109.08306884765624,0.014652573717702708,0,1.5,-1.5,1133273.7550221262,
2022-08-19,88.50249481201172,108.1926040649414,0.031509794764128574,0,1.5,-1.5,1133273.7550221262,
2022-08-22,88.50249481201172,108.63783264160156,0.4553682857331115,0,1.5,-1.5,1133273.7550221262,
2022-08-23,88.50249481201172,109.08306884765624,0.46061081285081124,0,1.5,-1.5,1133273.7550221262,
2022-08-24,88.94500732421875,108.63783264160156,-0.9235314576439635,0,1.5,-1.5,1133273.7550221262,
2022-08-25,88.41398620605469,108.63783264160156,0.5692649164263718,0,1.5,-1.5,1133273.7550221262,
2022-08-26,88.41398620605469,108.63783264160156,0.000727688606913791,0,1.5,-1.5,1133273.7550221262,
2022-08-29,88.32548522949219,109.52830505371094,1.0115068062940724,0,1.5,-1.5,1133273.7550221262,
2022-08-30,88.32548522949219,109.08306884765624,-0.45569127436506424,0,1.5,-1.5,1133273.7550221262,
2022-08-31,88.14847564697266,107.7473602294922,-1.1707759290829094,0,1.5,-1.5,1133273.7550221262,
2022-09-01,86.99795532226562,107.7473602294922,1.235165954718376,0,1.5,-1.5,1133273.7550221262,
2022-09-02,86.9094467163086,107.7473602294922,0.09821845886107171,0,1.5,-1.5,1133273.7550221262,
2022-09-05,87.17495727539062,108.63783264160156,0.6269035751803694,0,1.5,-1.5,1133273.7550221262,
2022-09-06,87.3519515991211,108.1926040649414,-0.6485180472195446,0,1.5,-1.5,1133273.7550221262,
2022-09-07,86.9094467163086,107.30211639404295,-0.438645801720281,0,1.5,-1.5,1133273.7550221262,
2022-09-08,87.61746978759766,107.7473602294922,-0.30568154489651683,0,1.5,-1.5,1133273.7550221262,
2022-09-12,87.0864486694336,107.7473602294922,0.5862708131589439,0,1.5,-1.5,1133273.7550221262,
2022-09-13,86.99795532226562,107.7473602294922,0.10002188097003631,0,1.5,-1.5,1133273.7550221262,
2022-09-14,86.0244140625,106.4116439819336,-0.3362122901626542,0,1.5,-1.5,1133273.7550221262,
2022-09-15,86.28993225097656,105.96641540527344,-0.7835512168566314,0,1.5,-1.5,1133273.7550221262,
2022-09-16,85.84741973876953,105.07593536376952,-0.47112936723948134,0,1.5,-1.5,1133273.7550221262,
2022-09-19,85.5819091796875,105.07593536376952,0.3030132375124912,0,1.5,-1.5,1133273.7550221262,
2022-09-20,85.67041778564453,105.07593536376952,-0.1010090575605879,0,1.5,-1.5,1133273.7550221262,
2022-09-21,86.0244140625,104.63069915771484,-0.8820372543274858,0,1.5,-1.5,1133273.7550221262,
2022-09-22,84.96239471435547,103.29499053955078,-0.2730458697257339,0,1.5,-1.5,1133273.7550221262,
2022-09-23,85.4049072265625,102.4045181274414,-1.5029181759394856,1,1.5,-1.5,1133206.242645112,Long Spread
2022-09-26,85.4049072265625,103.74022674560548,1.4721668165831194,0,1.5,-1.5,1135810.0940760814,Close
2022-09-27,85.84741973876953,103.29499053955078,-0.9967456858166297,0,1.5,-1.5,1135810.0940760814,
2022-09-28,86.20142364501953,103.74022674560548,0.09331934692797864,0,1.5,-1.5,1135810.0940760814,
2022-09-29,85.7589111328125,103.29499053955078,0.005752477566321733,0,1.5,-1.5,1135810.0940760814,
2022-09-30,84.60838317871094,101.51404571533205,-0.7061238730903253,0,1.5,-1.5,1135810.0940760814,
2022-10-03,84.60838317871094,99.28785705566406,-2.5238295744104478,1,1.5,-1.5,1135742.738226472,Long Spread
2022-10-04,84.0773696899414,99.73309326171876,1.1002068623929662,0,1.5,-1.5,1137627.8851976024,Close
2022-10-05,83.81185913085938,99.28785705566406,-0.2110565752589696,0,1.5,-1.5,1137627.8851976024,
2022-10-06,83.54635620117188,98.39738464355467,-0.7501712183997516,0,1.5,-1.5,1137627.8851976024,
2022-10-07,82.48432159423828,98.39738464355467,1.3150078230872084,0,1.5,-1.5,1137627.8851976024,
2022-10-11,82.21881866455078,97.0616683959961,-1.3352706613979677,0,1.5,-1.5,1137627.8851976024,
2022-10-12,82.92682647705078,97.95214080810548,0.23853959405654532,0,1.5,-1.5,1137627.8851976024,
2022-10-13,82.48432159423828,97.0616683959961,-0.6206138619622362,0,1.5,-1.5,1137627.8851976024,
2022-10-14,80.97978210449219,97.0616683959961,2.021098469114576,-1,1.5,-1.5,1137560.7635395825,Short Spread
2022-10-17,81.51079559326172,97.0616683959961,-0.7242832120051852,0,1.5,-1.5,1138555.647618562,Close
2022-10-18,81.59929656982422,96.6164321899414,-0.7331826717437071,0,1.5,-1.5,1138555.647618562,
2022-10-19,80.53726959228516,95.72595977783205,0.22105342372162748,0,1.5,-1.5,1138555.647618562,
2022-10-20,81.86480712890625,95.28072357177734,-2.2938563635832017,1,1.5,-1.5,1138488.5617973339,Long Spread
2022-10-21,82.21881866455078,96.17119598388672,0.7023315655337069,0,1.5,-1.5,1139494.3479496776,Close
2022-10-24,81.86480712890625,95.72595977783205,-0.12988429159215384,0,1.5,-1.5,1139494.3479496776,
2022-10-25,83.72335815429688,98.39738464355467,1.0630565278892778,0,1.5,-1.5,1139494.3479496776,
2022-10-26,83.72335815429688,96.6164321899414,-2.119683535996566,1,1.5,-1.5,1139427.1343580638,Long Spread
2022-10-27,83.45784759521484,97.50691223144533,1.3459543887745111,0,1.5,-1.5,1141671.8769688427,Close
2022-10-28,83.45784759521484,97.0616683959961,-0.5219476599439061,0,1.5,-1.5,1141671.8769688427,
2022-10-31,84.1658706665039,98.84261322021484,1.263538125241891,0,1.5,-1.5,1141671.8769688427,
2022-11-01,83.54635620117188,97.50691223144533,-0.8721093310566751,0,1.5,-1.5,1141671.8769688427,
2022-11-02,83.28084564208984,96.6164321899414,-0.7652284368308572,0,1.5,-1.5,1141671.8769688427,
2022-11-03,82.57283020019531,96.6164321899414,0.8372419006023682,0,1.5,-1.5,1141671.8769688427,
2022-11-04,83.81185913085938,96.6164321899414,-1.421994921789403,0,1.5,-1.5,1141671.8769688427,
2022-11-07,82.30731964111328,96.17119598388672,1.2918981709163013,0,1.5,-1.5,1141671.8769688427,
2022-11-08,83.45784759521484,96.6164321899414,-0.842863960972959,0,1.5,-1.5,1141671.8769688427,
2022-11-09,83.9888687133789,97.0616683959961,-0.084019691612174,0,1.5,-1.5,1141671.8769688427,
2022-11-10,83.19234466552734,96.6164321899414,0.4081970475327516,0,1.5,-1.5,1141671.8769688427,
2022-11-11,84.0773696899414,97.50691223144533,0.04329162915327256,0,1.5,-1.5,1141671.8769688427,
2022-11-14,83.9888687133789,97.50691223144533,0.1066223948038183,0,1.5,-1.5,1141671.8769688427,
2022-11-15,83.19234466552734,97.0616683959961,0.41308386759845706,0,1.5,-1.5,1141671.8769688427,
2022-11-16,82.04180145263672,96.6164321899414,0.8725113901392173,0,1.5,-1.5,1141671.8769688427,
2022-11-17,81.51079559326172,96.17119598388672,0.10057710617631972,0,1.5,-1.5,1141671.8769688427,
2022-11-18,83.01533508300781,97.0616683959961,-0.7453673033981681,0,1.5,-1.5,1141671.8769688427,
2022-11-21,81.33379364013672,97.0616683959961,2.088427100221215,-1,1.5,-1.5,1141604.7411503613,Short Spread
2022-11-22,81.24529266357422,96.6164321899414,-0.45319504474933686,0,1.5,-1.5,1142251.0971403515,Close
2022-11-23,81.42229461669922,97.0616683959961,0.3461872928099651,0,1.5,-1.5,1142251.0971403515,
2022-11-24,82.57283020019531,97.95214080810548,-0.3142708618927253,0,1.5,-1.5,1142251.0971403515,
2022-11-25,83.28084564208984,100.17832946777344,1.837104900714666,-1,1.5,-1.5,1142183.7587733471,Short Spread
2022-11-28,82.30731964111328,98.39738464355467,-0.9922104782965612,0,1.5,-1.5,1143731.3682316602,Close
2022-11-29,83.19234466552734,99.73309326171876,0.547324335773476,0,1.5,-1.5,1143731.3682316602,
2022-11-30,84.51988220214844,101.0688018798828,0.0037702993815669546,0,1.5,-1.5,1143731.3682316602,
2022-12-01,83.28084564208984,99.28785705566406,-0.6538304025843815,0,1.5,-1.5,1143731.3682316602,
2022-12-02,83.72335815429688,99.73309326171876,0.0034440894095922182,0,1.5,-1.5,1143731.3682316602,
2022-12-05,83.45784759521484,100.17832946777344,0.8571180406979677,0,1.5,-1.5,1143731.3682316602,
2022-12-06,82.74982452392578,99.73309326171876,0.3302797067923713,0,1.5,-1.5,1143731.3682316602,
2022-12-07,84.43138122558594,100.17832946777344,-1.4561017443596738,0,1.5,-1.5,1143731.3682316602,
2022-12-08,84.3428726196289,98.84261322021484,-1.4353127449560106,0,1.5,-1.5,1143731.3682316602,
2022-12-09,84.43138122558594,99.73309326171876,0.9152463714122533,0,1.5,-1.5,1143731.3682316602,
2022-12-12,84.87389373779297,100.17832946777344,0.009745531016991675,0,1.5,-1.5,1143731.3682316602,
2022-12-13,84.1658706665039,98.84261322021484,-0.7287110850708085,0,1.5,-1.5,1143731.3682316602,
2022-12-14,84.43138122558594,99.28785705566406,0.20921340124934062,0,1.5,-1.5,1143731.3682316602,
2022-12-15,83.81185913085938,99.73309326171876,1.2098121544597078,0,1.5,-1.5,1143731.3682316602,
2022-12-16,83.28084564208984,98.39738464355467,-0.929143480844866,0,1.5,-1.5,1143731.3682316602,
2022-12-19,83.36934661865234,99.28785705566406,0.9327220981387345,0,1.5,-1.5,1143731.3682316602,
2022-12-20,82.83832550048828,99.28785705566406,0.6346587557688304,0,1.5,-1.5,1143731.3682316602,
2022-12-21,83.45784759521484,99.28785705566406,-0.7344125722962853,0,1.5,-1.5,1143731.3682316602,
2022-12-22,83.90036010742188,100.62356567382812,1.037545910739681,0,1.5,-1.5,1143731.3682316602,
2022-12-23,83.90036010742188,100.17832946777344,-0.514003545370577,0,1.5,-1.5,1143731.3682316602,
2022-12-26,83.90036010742188,100.62356567382812,0.5155710870198726,0,1.5,-1.5,1143731.3682316602,
2022-12-27,83.90036010742188,100.62356567382812,0.0007744948513387154,0,1.5,-1.5,1143731.3682316602,
2022-12-28,83.36934661865234,101.51404571533205,1.7495586594162607,-1,1.5,-1.5,1143663.9728959668,Short Spread
2022-12-29,83.63485717773438,100.62356567382812,-1.3914937806092402,0,1.5,-1.5,1145908.5837602247,Close
2022-12-30,83.81185913085938,100.62356567382812,-0.2163592011096666,0,1.5,-1.5,1145908.5837602247,
2023-01-03,84.43138122558594,100.62356567382812,-0.7446308571906297,0,1.5,-1.5,1145908.5837602247,
2023-01-04,84.87389373779297,101.0688018798828,0.002469078489789428,0,1.5,-1.5,1145908.5837602247,
2023-01-05,84.87389373779297,101.51404571533205,0.5333141007648777,0,1.5,-1.5,1145908.5837602247,
2023-01-06,85.13938903808594,101.51404571533205,-0.31747985049118954,0,1.5,-1.5,1145908.5837602247,
2023-01-09,86.9094467163086,102.4045181274414,-1.0340406487338354,0,1.5,-1.5,1145908.5837602247,
2023-01-10,86.99795532226562,102.4045181274414,-0.10439151994529297,0,1.5,-1.5,1145908.5837602247,
2023-01-11,84.51988220214844,101.51404571533205,1.8929796252616162,-1,1.5,-1.5,1145841.142403108,Short Spread
2023-01-12,83.81185913085938,101.0688018798828,0.3334220809282035,-1,1.5,-1.5,1145315.5839314284,
2023-01-13,84.25436401367188,101.51404571533205,-0.0023827239977129715,0,1.5,-1.5,1145242.6752897657,Close
2023-01-16,84.87389373779297,102.4045181274414,0.33381268028785915,0,1.5,-1.5,1145242.6752897657,
2023-01-17,84.25436401367188,101.51404571533205,-0.33542502644826644,0,1.5,-1.5,1145242.6752897657,
2023-01-30,85.67041778564453,101.9592742919922,-1.2184072029532047,0,1.5,-1.5,1145242.6752897657,
2023-01-31,83.72335815429688,100.17832946777344,0.22248639364185602,0,1.5,-1.5,1145242.6752897657,
2023-02-01,84.1658706665039,100.17832946777344,-0.6044679487074968,0,1.5,-1.5,1145242.6752897657,
2023-02-02,84.0773696899414,99.73309326171876,-0.48983334711289045,0,1.5,-1.5,1145242.6752897657,
2023-02-03,84.25436401367188,100.62356567382812,0.9845582377420382,0,1.5,-1.5,1145242.6752897657,
2023-02-06,83.9888687133789,100.17832946777344,-0.249955631370834,0,1.5,-1.5,1145242.6752897657,
2023-02-07,84.60838317871094,100.17832946777344,-0.8537692289580354,0,1.5,-1.5,1145242.6752897657,
2023-02-08,84.43138122558594,100.17832946777344,0.2436276817424939,0,1.5,-1.5,1145242.6752897657,
2023-02-09,84.60838317871094,100.17832946777344,-0.25049132412179886,0,1.5,-1.5,1145242.6752897657,
2023-02-10,84.87389373779297,100.62356567382812,0.26256107962427033,0,1.5,-1.5,1145242.6752897657,
2023-02-13,85.5819091796875,101.0688018798828,-0.3687019058442386,0,1.5,-1.5,1145242.6752897657,
2023-02-14,85.4049072265625,101.51404571533205,0.8864483417901992,0,1.5,-1.5,1145242.6752897657,
2023-02-15,84.87389373779297,101.0688018798828,0.12343640997492836,0,1.5,-1.5,1145242.6752897657,
2023-02-16,85.13938903808594,101.51404571533205,0.2596598054860548,0,1.5,-1.5,1145242.6752897657,
2023-02-17,85.493408203125,101.0688018798828,-1.1274485866951862,0,1.5,-1.5,1145242.6752897657,
2023-02-20,85.7589111328125,102.4045181274414,1.4788434929818062,0,1.5,-1.5,1145242.6752897657,
2023-02-21,85.67041778564453,101.9592742919922,-0.49355216318365397,0,1.5,-1.5,1145242.6752897657,
2023-02-22,86.0244140625,102.4045181274414,0.12545070617043502,0,1.5,-1.5,1145242.6752897657,
2023-02-23,86.37843322753906,102.84974670410156,0.1255886079476659,0,1.5,-1.5,1145242.6752897657,
2023-02-24,85.493408203125,102.84974670410156,1.300164069156218,0,1.5,-1.5,1145242.6752897657,
2023-03-01,84.51988220214844,102.4045181274414,0.8104456206785503,0,1.5,-1.5,1145242.6752897657,
2023-03-02,85.67041778564453,103.74022674560548,0.24106071805341156,0,1.5,-1.5,1145242.6752897657,
2023-03-03,86.0244140625,104.63069915771484,0.7650986632946147,0,1.5,-1.5,1145242.6752897657,
2023-03-06,86.9094467163086,105.07593536376952,-0.6822939628450978,0,1.5,-1.5,1145242.6752897657,
2023-03-07,86.9094467163086,105.52117156982422,0.664772422276998,0,1.5,-1.5,1145242.6752897657,
2023-03-08,87.26345825195312,105.96641540527344,0.12303564683273374,0,1.5,-1.5,1145242.6752897657,
2023-03-09,87.17495727539062,105.52117156982422,-0.5269794096315228,0,1.5,-1.5,1145242.6752897657,
2023-03-10,86.55543518066406,104.63069915771484,-0.3903928129410889,0,1.5,-1.5,1145242.6752897657,
2023-03-13,86.7324447631836,105.96641540527344,1.705213964351147,-1,1.5,-1.5,1145174.967335359,Short Spread
2023-03-14,86.46693420410156,104.63069915771484,-1.5546582237029967,0,1.5,-1.5,1147247.7348069777,Close
2023-03-15,86.55543518066406,105.96641540527344,1.7764053262242525,-1,1.5,-1.5,1147180.0339329543,Short Spread
2023-03-16,87.0864486694336,105.96641540527344,-0.7942285339378526,0,1.5,-1.5,1148174.3387959304,Close
2023-03-17,87.61746978759766,105.07593536376952,-2.0487833572278946,1,1.5,-1.5,1148106.6310597244,Long Spread
2023-03-20,87.97148132324219,105.96641540527344,0.7551775878795257,0,1.5,-1.5,1149111.810555574,Close
2023-03-21,87.17495727539062,105.52117156982422,0.5310416069177404,0,1.5,-1.5,1149111.810555574,
2023-03-22,87.70597076416016,106.4116439819336,0.5018586690767266,0,1.5,-1.5,1149111.810555574,
2023-03-23,88.05998229980469,106.85688018798828,0.11769606942511346,0,1.5,-1.5,1149111.810555574,
2023-03-24,88.94500732421875,106.4116439819336,-1.87957948664002,1,1.5,-1.5,1149043.9962895217,Long Spread
2023-03-27,88.94500732421875,106.85688018798828,0.6232254962906727,0,1.5,-1.5,1149866.6366261307,Close
2023-03-28,88.50249481201172,106.4116439819336,0.007870702003934313,0,1.5,-1.5,1149866.6366261307,
2023-03-29,88.94500732421875,106.85688018798828,-0.007066313427397666,0,1.5,-1.5,1149866.6366261307,
2023-03-30,89.38751220703125,106.85688018798828,-0.6414781235946713,0,1.5,-1.5,1149866.6366261307,
2023-03-31,89.38751220703125,106.4116439819336,-0.6439513011947527,0,1.5,-1.5,1149866.6366261307,
2023-04-06,89.83002471923828,107.30211639404295,0.6363216059827639,0,1.5,-1.5,1149866.6366261307,
2023-04-07,89.83002471923828,107.7473602294922,0.6392704314892259,0,1.5,-1.5,1149866.6366261307,
2023-04-10,91.1575698852539,109.08306884765624,-0.019574538511588132,0,1.5,-1.5,1149866.6366261307,
2023-04-11,92.04258728027344,109.52830505371094,-0.6505947867635491,0,1.5,-1.5,1149866.6366261307,
2023-04-12,92.04258728027344,109.52830505371094,-0.0007935793286171553,0,1.5,-1.5,1149866.6366261307,
2023-04-13,91.6000747680664,110.41878509521484,1.9416616603159058,-1,1.5,-1.5,1149798.555871736,Short Spread
2023-04-14,92.9276123046875,110.86402130126952,-1.2849298365566886,0,1.5,-1.5,1151495.0068675247,Close
2023-04-17,92.9276123046875,111.7544937133789,1.2333484572188094,0,1.5,-1.5,1151495.0068675247,
2023-04-18,92.9276123046875,112.1997299194336,0.6196121030865354,0,1.5,-1.5,1151495.0068675247,
2023-04-19,92.04258728027344,110.86402130126952,-0.5974120073453445,0,1.5,-1.5,1151495.0068675247,
2023-04-20,91.1575698852539,111.30924987792967,1.9287830050112733,-1,1.5,-1.5,1151426.9081947342,Short Spread
2023-04-21,90.71504974365234,112.1997299194336,1.8963581382955563,-1,1.5,-1.5,1148760.9078285233,
2023-04-24,91.1575698852539,112.1997299194336,-0.6766883066307793,0,1.5,-1.5,1149577.8138197341,Close
2023-04-25,91.1575698852539,112.1997299194336,-0.0008131621160153197,0,1.5,-1.5,1149577.8138197341,
2023-04-26,92.04258728027344,113.09019470214844,-0.05626049335863157,0,1.5,-1.5,1149577.8138197341,
2023-04-27,91.6000747680664,112.64496612548828,0.028102741092242103,0,1.5,-1.5,1149577.8138197341,
2023-04-28,91.6000747680664,113.09019470214844,0.6421620933899234,0,1.5,-1.5,1149577.8138197341,
2023-05-02,91.1575698852539,111.7544937133789,-1.2764752005572337,0,1.5,-1.5,1149577.8138197341,
2023-05-03,91.1575698852539,111.7544937133789,-0.001532518532571533,0,1.5,-1.5,1149577.8138197341,
2023-05-04,92.48509979248048,112.64496612548828,-0.7117927310630473,0,1.5,-1.5,1149577.8138197341,
2023-05-05,92.48509979248048,112.64496612548828,-0.000833805074018183,0,1.5,-1.5,1149577.8138197341,
2023-05-08,92.04258728027344,112.64496612548828,0.6730043648455685,0,1.5,-1.5,1149577.8138197341,
2023-05-09,91.6000747680664,112.64496612548828,0.6827557216485935,0,1.5,-1.5,1149577.8138197341,
2023-05-10,91.6000747680664,112.1997299194336,-0.6601590217147647,0,1.5,-1.5,1149577.8138197341,
2023-05-11,91.6000747680664,112.1997299194336,-0.0007849158652780611,0,1.5,-1.5,1149577.8138197341,
2023-05-12,91.1575698852539,111.30924987792967,-0.6391884835783975,0,1.5,-1.5,1149577.8138197341,
2023-05-15,91.6000747680664,111.7544937133789,-0.023475731069910823,0,1.5,-1.5,1149577.8138197341,
2023-05-16,91.6000747680664,112.1997299194336,0.6590509573858288,0,1.5,-1.5,1149577.8138197341,
2023-05-17,92.48509979248048,113.09019470214844,-0.05023528888641849,0,1.5,-1.5,1149577.8138197341,
2023-05-18,92.04258728027344,112.64496612548828,0.02545281768823531,0,1.5,-1.5,1149577.8138197341,
2023-05-19,92.04258728027344,113.53543853759766,1.2996732731345864,0,1.5,-1.5,1149577.8138197341,
2023-05-22,92.04258728027344,111.7544937133789,-2.4899825158595714,1,1.5,-1.5,1149509.6619364943,Long Spread
2023-05-23,92.04258728027344,112.64496612548828,1.257131732488168,0,1.5,-1.5,1151222.4192585768,Close
2023-05-24,92.04258728027344,112.64496612548828,0.0014859569983985761,0,1.5,-1.5,1151222.4192585768,
2023-05-25,90.71504974365234,113.98067474365234,3.5610656053645413,-1,1.5,-1.5,1151154.2314295974,Short Spread
2023-05-26,91.1575698852539,113.09019470214844,-1.7132819455332327,0,1.5,-1.5,1153752.061885225,Close
2023-05-29,91.1575698852539,112.1997299194336,-1.1203947757169357,0,1.5,-1.5,1153752.061885225,
2023-05-30,91.6000747680664,111.7544937133789,-1.124553632167546,0,1.5,-1.5,1153752.061885225,
2023-05-31,91.6000747680664,112.1997299194336,0.5472970993247371,0,1.5,-1.5,1153752.061885225,
2023-06-01,91.1575698852539,111.30924987792967,-0.5326782066983379,0,1.5,-1.5,1153752.061885225,
2023-06-02,92.04258728027344,111.7544937133789,-0.581937851616592,0,1.5,-1.5,1153752.061885225,
2023-06-05,91.6000747680664,111.30924987792967,0.015152206941144924,0,1.5,-1.5,1153752.061885225,
2023-06-06,92.04258728027344,111.7544937133789,-0.01574925689925984,0,1.5,-1.5,1153752.061885225,
2023-06-07,92.04258728027344,111.30924987792967,-0.5457770756178797,0,1.5,-1.5,1153752.061885225,
2023-06-08,91.6000747680664,111.30924987792967,0.5628732201010131,0,1.5,-1.5,1153752.061885225,
2023-06-09,91.1575698852539,111.7544937133789,1.140067490764918,0,1.5,-1.5,1153752.061885225,
2023-06-12,90.71504974365234,111.30924987792967,0.023772935344222278,0,1.5,-1.5,1153752.061885225,
2023-06-13,91.1575698852539,111.7544937133789,-0.02282397974862435,0,1.5,-1.5,1153752.061885225,
2023-06-14,90.71504974365234,111.7544937133789,0.6187035103313916,0,1.5,-1.5,1153752.061885225,
2023-06-15,91.1575698852539,111.7544937133789,-0.6371522664192146,0,1.5,-1.5,1153752.061885225,
2023-06-16,90.71504974365234,111.7544937133789,0.6412342370875384,0,1.5,-1.5,1153752.061885225,
2023-06-19,91.6000747680664,111.7544937133789,-1.2488489883636527,0,1.5,-1.5,1153752.061885225,
2023-06-20,90.71504974365234,112.1997299194336,1.8232696926133012,-1,1.5,-1.5,1153683.9452940384,Short Spread
2023-06-21,89.83002471923828,112.1997299194336,1.2588802778113968,-1,1.5,-1.5,1151913.8952452103,
2023-06-26,89.38751220703125,110.41878509521484,-1.7838094870940298,0,1.5,-1.5,1154522.7676173416,Close
2023-06-27,88.50249481201172,108.63783264160156,-1.1734137751879519,0,1.5,-1.5,1154522.7676173416,
2023-06-28,88.50249481201172,108.1926040649414,-0.611837290695447,0,1.5,-1.5,1154522.7676173416,
2023-06-29,88.94500732421875,108.8428726196289,0.25954438789385764,0,1.5,-1.5,1154522.7676173416,
2023-06-30,88.39025115966797,107.9165496826172,-0.48170734937767984,0,1.5,-1.5,1154522.7676173416,
2023-07-03,87.83550262451172,106.52706146240234,-1.1276184095294344,0,1.5,-1.5,1154522.7676173416,
2023-07-04,87.37321472167969,106.99022674560548,1.2924360221461366,0,1.5,-1.5,1154522.7676173416,
2023-07-05,87.00337219238281,106.52706146240234,-0.11020871280150653,0,1.5,-1.5,1154522.7676173416,
2023-07-06,86.54107666015625,106.52706146240234,0.6723805461118552,0,1.5,-1.5,1154522.7676173416,
2023-07-07,86.44862365722656,106.06390380859376,-0.5164795706784087,0,1.5,-1.5,1154522.7676173416,
2023-07-10,86.44862365722656,105.60074615478516,-0.6509704396263547,0,1.5,-1.5,1154522.7676173416,
2023-07-11,87.28075408935547,106.52706146240234,0.09609724586851233,0,1.5,-1.5,1154522.7676173416,
2023-07-12,87.09583282470703,106.52706146240234,0.27324005552848096,0,1.5,-1.5,1154522.7676173416,
2023-07-13,86.72600555419922,106.52706146240234,0.5567026512208779,0,1.5,-1.5,1154522.7676173416,
2023-07-14,87.9279556274414,107.9165496826172,0.20218973951726682,0,1.5,-1.5,1154522.7676173416,
2023-07-17,87.37321472167969,107.9165496826172,0.827009324692878,0,1.5,-1.5,1154522.7676173416,
2023-07-18,87.00337219238281,106.52706146240234,-1.460643283279106,0,1.5,-1.5,1154522.7676173416,
2023-07-19,87.09583282470703,106.52706146240234,-0.14532264380507165,0,1.5,-1.5,1154522.7676173416,
2023-07-20,87.28075408935547,106.99022674560548,0.40629259659843264,0,1.5,-1.5,1154522.7676173416,
2023-07-21,87.00337219238281,106.99022674560548,0.43216302208219465,0,1.5,-1.5,1154522.7676173416,
2023-07-24,86.81846618652344,107.45338439941406,0.9803683582560438,0,1.5,-1.5,1154522.7676173416,
2023-07-25,87.37321472167969,107.9165496826172,-0.17270944260711124,0,1.5,-1.5,1154522.7676173416,
2023-07-26,87.37321472167969,108.37971496582033,0.6826033475589842,0,1.5,-1.5,1154522.7676173416,
2023-07-27,87.7430419921875,107.9165496826172,-1.242884085374937,0,1.5,-1.5,1154522.7676173416,
2023-07-28,87.83550262451172,107.9165496826172,-0.14189361657773927,0,1.5,-1.5,1154522.7676173416,
2023-07-31,87.28075408935547,107.45338439941406,0.16866694835695054,0,1.5,-1.5,1154522.7676173416,
2023-08-01,87.7430419921875,107.9165496826172,-0.026836387328214223,0,1.5,-1.5,1154522.7676173416,
2023-08-02,87.00337219238281,107.45338439941406,0.45831893209391367,0,1.5,-1.5,1154522.7676173416,
2023-08-04,87.00337219238281,107.9165496826172,0.6909333613792854,0,1.5,-1.5,1154522.7676173416,
2023-08-07,87.00337219238281,107.45338439941406,-0.6887308664485581,0,1.5,-1.5,1154522.7676173416,
2023-08-08,86.72600555419922,107.9165496826172,1.1158097227581394,0,1.5,-1.5,1154522.7676173416,
2023-08-09,86.72600555419922,108.37971496582033,0.6879333691869242,0,1.5,-1.5,1154522.7676173416,
2023-08-10,87.00337219238281,109.3060302734375,0.9263722660424814,0,1.5,-1.5,1154522.7676173416,
2023-08-11,87.18829345703125,109.3060302734375,-0.2865238587130325,0,1.5,-1.5,1154522.7676173416,
2023-08-14,86.72600555419922,108.37971496582033,-0.6384598202536969,0,1.5,-1.5,1154522.7676173416,
2023-08-15,86.633544921875,108.37971496582033,0.14331187905061474,0,1.5,-1.5,1154522.7676173416,
2023-08-16,86.81846618652344,109.3060302734375,1.0723326683452332,0,1.5,-1.5,1154522.7676173416,
2023-08-17,86.72600555419922,107.9165496826172,-1.9278897403752757,1,1.5,-1.5,1154454.9819151321,Long Spread
2023-08-18,86.81846618652344,108.8428726196289,1.2325247087468283,0,1.5,-1.5,1156054.8800709548,Close
2023-08-21,86.91091918945312,108.37971496582033,-0.8279642628694105,0,1.5,-1.5,1156054.8800709548,
2023-08-22,86.44862365722656,107.9165496826172,0.04213528737099846,0,1.5,-1.5,1156054.8800709548,
2023-08-23,86.44862365722656,107.9165496826172,5.837797340977077e-05,0,1.5,-1.5,1156054.8800709548,
2023-08-24,86.54107666015625,108.8428726196289,1.4624225982636485,0,1.5,-1.5,1156054.8800709548,
2023-08-25,86.26371002197266,107.9165496826172,-1.1259196731904266,0,1.5,-1.5,1156054.8800709548,
2023-08-28,86.54107666015625,108.37971496582033,0.3003520227783714,0,1.5,-1.5,1156054.8800709548,
2023-08-29,87.00337219238281,108.8428726196289,-0.048495642512717534,0,1.5,-1.5,1156054.8800709548,
2023-08-30,87.00337219238281,108.37971496582033,-0.8202151188132271,0,1.5,-1.5,1156054.8800709548,
2023-08-31,86.17124938964844,107.45338439941406,-0.08716065846551123,0,1.5,-1.5,1156054.8800709548,
2023-09-01,86.81846618652344,107.9165496826172,-0.39040478882774593,0,1.5,-1.5,1156054.8800709548,
2023-09-04,86.91091918945312,108.8428726196289,1.4510583966164914,0,1.5,-1.5,1156054.8800709548,
2023-09-05,86.54107666015625,108.37971496582033,-0.12253937372616429,0,1.5,-1.5,1156054.8800709548,
2023-09-06,86.35617065429688,108.37971496582033,0.3546287190675553,0,1.5,-1.5,1156054.8800709548,
2023-09-07,86.26371002197266,108.37971496582033,0.1786219943814853,0,1.5,-1.5,1156054.8800709548,
2023-09-08,86.44862365722656,107.9165496826172,-1.1752035606246134,0,1.5,-1.5,1156054.8800709548,
2023-09-11,86.91091918945312,108.37971496582033,-0.04689405475917392,0,1.5,-1.5,1156054.8800709548,
2023-09-12,87.46566772460938,108.37971496582033,-1.0202615705578708,0,1.5,-1.5,1156054.8800709548,
2023-09-13,87.5581283569336,107.9165496826172,-0.970927097717386,0,1.5,-1.5,1156054.8800709548,
2023-09-14,87.83550262451172,108.37971496582033,0.3026929310544701,0,1.5,-1.5,1156054.8800709548,
2023-09-15,88.39025115966797,108.8428726196289,-0.2110286434890126,0,1.5,-1.5,1156054.8800709548,
2023-09-18,88.02041625976562,108.37971496582033,-0.1438094051438674,0,1.5,-1.5,1156054.8800709548,
2023-09-19,88.29779815673828,108.37971496582033,-0.5625233298374638,0,1.5,-1.5,1156054.8800709548,
2023-09-20,87.83550262451172,108.37971496582033,0.9580501485676747,0,1.5,-1.5,1156054.8800709548,
2023-09-21,86.72600555419922,107.9165496826172,1.4132794831197006,0,1.5,-1.5,1156054.8800709548,
2023-09-22,86.633544921875,108.37971496582033,1.1297617853660298,0,1.5,-1.5,1156054.8800709548,
2023-09-25,86.91091918945312,107.9165496826172,-1.4882134338946742,0,1.5,-1.5,1156054.8800709548,
2023-09-26,87.46566772460938,107.45338439941406,-2.0056783233268587,1,1.5,-1.5,1155987.0833088697,Long Spread
2023-09-27,86.81846618652344,107.9165496826172,2.1755508441081353,0,1.5,-1.5,1158140.027550813,Close
2023-09-28,87.46566772460938,107.45338439941406,-2.0767794263918624,1,1.5,-1.5,1158072.230788728,Long Spread
2023-10-02,87.09583282470703,107.9165496826172,1.5301863392893071,0,1.5,-1.5,1159670.4306596387,Close
2023-10-03,86.81846618652344,107.45338439941406,-0.31254686169256435,0,1.5,-1.5,1159670.4306596387,
2023-10-04,86.44862365722656,106.52706146240234,-0.9911736725426099,0,1.5,-1.5,1159670.4306596387,
2023-10-05,87.28075408935547,106.52706146240234,-1.5304706808125994,1,1.5,-1.5,1159602.6783470167,Long Spread
2023-10-06,87.09583282470703,106.99022674560548,1.1457926705037227,0,1.5,-1.5,1160831.0880003371,Close
2023-10-11,88.6676254272461,107.9165496826172,-1.1833888898614666,0,1.5,-1.5,1160831.0880003371,
2023-10-12,88.94499969482422,107.9165496826172,-0.47806319980299994,0,1.5,-1.5,1160831.0880003371,
2023-10-13,88.39025115966797,107.45338439941406,0.18071591989395142,0,1.5,-1.5,1160831.0880003371,
2023-10-16,88.5751724243164,107.9165496826172,0.47492274677621865,0,1.5,-1.5,1160831.0880003371,
2023-10-17,88.20533752441406,107.9165496826172,0.6666507911307128,0,1.5,-1.5,1160831.0880003371,
2023-10-18,88.39025115966797,107.45338439941406,-1.1278896042556474,0,1.5,-1.5,1160831.0880003371,
2023-10-19,87.7430419921875,107.45338439941406,1.1518199634350121,0,1.5,-1.5,1160831.0880003371,
2023-10-20,87.09583282470703,106.99022674560548,0.36953908521190626,0,1.5,-1.5,1160831.0880003371,
2023-10-23,87.28075408935547,106.99022674560548,-0.3391157676808128,0,1.5,-1.5,1160831.0880003371,
2023-10-24,87.65058898925781,106.99022674560548,-0.6743285019520621,0,1.5,-1.5,1160831.0880003371,
2023-10-25,87.7430419921875,106.99022674560548,-0.1713617862156738,0,1.5,-1.5,1160831.0880003371,
2023-10-26,87.65058898925781,106.52706146240234,-0.6574199589648791,0,1.5,-1.5,1160831.0880003371,
2023-10-27,88.29779815673828,106.99022674560548,-0.3541686162688741,0,1.5,-1.5,1160831.0880003371,
2023-10-30,87.83550262451172,106.99022674560548,0.8355234193707224,0,1.5,-1.5,1160831.0880003371,
2023-10-31,88.5751724243164,107.45338439941406,-0.517026629209579,0,1.5,-1.5,1160831.0880003371,
2023-11-01,89.03746795654297,108.37971496582033,0.7782839951825359,0,1.5,-1.5,1160831.0880003371,
2023-11-02,89.31483459472656,109.3060302734375,1.0915125518292368,0,1.5,-1.5,1160831.0880003371,
2023-11-03,89.6846694946289,108.8428726196289,-1.4293293872072521,0,1.5,-1.5,1160831.0880003371,
2023-11-06,90.33187866210938,108.8428726196289,-1.1078602870286933,0,1.5,-1.5,1160831.0880003371,
2023-11-07,89.86958312988281,109.3060302734375,1.5523825361204104,-1,1.5,-1.5,1160763.120975801,Short Spread
2023-11-08,90.88662719726562,109.76919555664062,-0.944178032891023,0,1.5,-1.5,1161802.8523112503,Close
2023-11-09,90.97909545898438,108.8428726196289,-1.6209026581829984,1,1.5,-1.5,1161734.859432527,Long Spread
2023-11-10,90.5167999267578,108.37971496582033,0.006702564170721565,0,1.5,-1.5,1161665.1793287673,Close
2023-11-13,89.77713012695312,107.9165496826172,0.4735041320999047,0,1.5,-1.5,1161665.1793287673,
2023-11-14,89.96205139160156,107.9165496826172,-0.32185371128845014,0,1.5,-1.5,1161665.1793287673,
2023-11-15,90.14695739746094,109.3060302734375,2.018586415675924,-1,1.5,-1.5,1161597.2012092606,Short Spread
2023-11-16,90.6092529296875,108.37971496582033,-2.25050114220472,0,1.5,-1.5,1164306.4633302323,Close
2023-11-17,90.33187866210938,108.37971496582033,0.4503759284879161,0,1.5,-1.5,1164306.4633302323,
2023-11-20,90.33187866210938,109.3060302734375,1.4644647491213238,0,1.5,-1.5,1164306.4633302323,
2023-11-21,90.88662719726562,109.3060302734375,-0.8994609179673319,0,1.5,-1.5,1164306.4633302323,
2023-11-22,90.88662719726562,109.3060302734375,-0.0010954038196547943,0,1.5,-1.5,1164306.4633302323,
2023-11-23,90.97909545898438,109.76919555664062,0.5864919253268598,0,1.5,-1.5,1164306.4633302323,
2023-11-24,90.88662719726562,110.23235321044922,0.8823468690384108,0,1.5,-1.5,1164306.4633302323,
2023-11-27,91.07154846191406,111.15867614746094,1.150439966419662,0,1.5,-1.5,1164306.4633302323,
2023-11-28,90.97909545898438,110.69551849365234,-0.5719686667087894,0,1.5,-1.5,1164306.4633302323,
2023-11-29,91.4413833618164,111.15867614746094,-0.023512289590814438,0,1.5,-1.5,1164306.4633302323,
2023-11-30,90.97909545898438,110.69551849365234,0.02334525355446366,0,1.5,-1.5,1164306.4633302323,
2023-12-01,91.71875762939452,111.15867614746094,-0.4716863322023658,0,1.5,-1.5,1164306.4633302323,
2023-12-04,92.27350616455078,112.08499908447266,0.5467515441602048,0,1.5,-1.5,1164306.4633302323,
2023-12-05,92.92071533203124,112.54815673828124,-0.31328865896195346,0,1.5,-1.5,1164306.4633302323,
2023-12-06,92.45842742919922,113.01132202148438,1.4324902123232512,0,1.5,-1.5,1164306.4633302323,
2023-12-07,91.90367889404295,112.08499908447266,-0.5341204753298852,0,1.5,-1.5,1164306.4633302323,
2023-12-08,91.62629699707033,111.62183380126952,-0.2737853094226833,0,1.5,-1.5,1164306.4633302323,
2023-12-11,91.07154846191406,111.15867614746094,0.1775663742857939,0,1.5,-1.5,1164306.4633302323,
2023-12-12,91.25646209716795,111.15867614746094,-0.30374957917609235,0,1.5,-1.5,1164306.4633302323,
2023-12-13,90.97909545898438,110.69551849365234,-0.28059164586135416,0,1.5,-1.5,1164306.4633302323,
2023-12-14,91.4413833618164,110.69551849365234,-0.7507118136626452,0,1.5,-1.5,1164306.4633302323,
2023-12-15,90.97909545898438,109.76919555664062,-0.7144868040148921,0,1.5,-1.5,1164306.4633302323,
2023-12-18,90.70171356201172,109.76919555664062,0.4531395272639039,0,1.5,-1.5,1164306.4633302323,
2023-12-19,90.6092529296875,109.76919555664062,0.15473657455047207,0,1.5,-1.5,1164306.4633302323,
2023-12-20,90.70171356201172,109.76919555664062,-0.1553353906686731,0,1.5,-1.5,1164306.4633302323,
2023-12-21,90.23942565917967,109.3060302734375,0.019018408245601255,0,1.5,-1.5,1164306.4633302323,
2023-12-22,89.86958312988281,108.8428726196289,-0.1451017542978224,0,1.5,-1.5,1164306.4633302323,
2023-12-25,90.14695739746094,109.3060302734375,0.321332317160986,0,1.5,-1.5,1164306.4633302323,
2023-12-26,90.4243392944336,110.23235321044922,1.1802049665219896,0,1.5,-1.5,1164306.4633302323,
2023-12-27,90.88662719726562,110.69551849365234,-0.027099357864927637,0,1.5,-1.5,1164306.4633302323,
2023-12-28,91.3489227294922,111.15867614746094,-0.028220830193664382,0,1.5,-1.5,1164306.4633302323,
2023-12-29,91.16400909423828,111.15867614746094,0.3586514376726049,0,1.5,-1.5,1164306.4633302323,
2024-01-02,91.99613189697266,111.62183380126952,-0.7518380524185097,0,1.5,-1.5,1164306.4633302323,
2024-01-03,91.4413833618164,111.15867614746094,0.21119641310418424,0,1.5,-1.5,1164306.4633302323,
2024-01-04,91.4413833618164,110.23235321044922,-1.7768374965501483,1,1.5,-1.5,1164238.3963807693,Long Spread
2024-01-05,91.07154846191406,110.69551849365234,1.59490076016428,0,1.5,-1.5,1165836.3260643021,Close
2024-01-08,91.5338363647461,111.62183380126952,0.8406398109678519,0,1.5,-1.5,1165836.3260643021,
2024-01-09,91.62629699707033,111.15867614746094,-1.0340969353503715,0,1.5,-1.5,1165836.3260643021,
2024-01-10,91.3489227294922,111.15867614746094,0.5330000343572954,0,1.5,-1.5,1165836.3260643021,
2024-01-11,92.18104553222656,111.62183380126952,-0.7360382452971499,0,1.5,-1.5,1165836.3260643021,
2024-01-12,92.27350616455078,111.15867614746094,-1.040503092177213,0,1.5,-1.5,1165836.3260643021,
2024-01-15,91.62629699707033,111.62183380126952,2.049962896946203,-1,1.5,-1.5,1165768.1961390702,Short Spread
2024-01-16,90.6092529296875,110.23235321044922,-0.6211010248948908,0,1.5,-1.5,1166445.0355216996,Close
2024-01-17,89.86958312988281,109.76919555664062,0.5687121279793104,0,1.5,-1.5,1166445.0355216996,
2024-01-18,89.96205139160156,109.76919555664062,-0.18037061460102763,0,1.5,-1.5,1166445.0355216996,
2024-01-19,89.96205139160156,110.23235321044922,0.8742323294490143,0,1.5,-1.5,1166445.0355216996,
2024-01-22,90.23942565917967,110.23235321044922,-0.5395869989179635,0,1.5,-1.5,1166445.0355216996,
2024-01-23,89.96205139160156,110.69551849365234,1.4021975280256038,0,1.5,-1.5,1166445.0355216996,
2024-01-24,89.96205139160156,111.15867614746094,0.865333569460035,0,1.5,-1.5,1166445.0355216996,
2024-01-25,90.23942565917967,111.15867614746094,-0.5401191386453714,0,1.5,-1.5,1166445.0355216996,
2024-01-26,90.97909545898438,110.69551849365234,-2.19326071736151,1,1.5,-1.5,1166376.9685371416,Long Spread
2024-01-29,91.16400909423828,111.15867614746094,0.4865383189032319,0,1.5,-1.5,1166865.3636668413,Close
2024-01-30,91.07154846191406,110.69551849365234,-0.6674597326501188,0,1.5,-1.5,1166865.3636668413,
2024-01-31,90.6092529296875,110.23235321044922,0.025723862144052593,0,1.5,-1.5,1166865.3636668413,
2024-02-01,91.25646209716795,111.15867614746094,0.48394348684754435,0,1.5,-1.5,1166865.3636668413,
2024-02-02,90.88662719726562,111.62183380126952,1.6221046627957532,-1,1.5,-1.5,1166797.2633284014,Short Spread
2024-02-05,91.07154846191406,112.54815673828124,1.3819305467508836,-1,1.5,-1.5,1165314.4599836748,
2024-02-15,90.6092529296875,112.08499908447266,0.046419206026822986,-1,1.5,-1.5,1165316.1842268389,
2024-02-16,90.6092529296875,113.01132202148438,1.7287891007391114,-1,1.5,-1.5,1163463.5383528154,
2024-02-19,90.6092529296875,113.01132202148438,0.002187105092746853,-1,1.5,-1.5,1163463.5383528154,
2024-02-20,91.16400909423828,113.4744873046875,-0.261382885804753,0,1.5,-1.5,1163578.5345756547,Close
2024-02-21,92.45842742919922,113.4744873046875,-2.5855839717551827,1,1.5,-1.5,1163510.2972590653,Long Spread
2024-02-22,92.365966796875,113.01132202148438,-0.7088164866585275,1,1.5,-1.5,1162768.8879573075,
2024-02-23,91.90367889404295,113.01132202148438,0.94256129862682,0,1.5,-1.5,1163625.2671629349,Close
2024-02-26,92.365966796875,113.01132202148438,-0.9294484692414928,0,1.5,-1.5,1163625.2671629349,
2024-02-27,91.62629699707033,112.08499908447266,-0.30461345417878216,0,1.5,-1.5,1163625.2671629349,
2024-02-29,91.5338363647461,111.62183380126952,-0.7233517853054501,0,1.5,-1.5,1163625.2671629349,
2024-03-01,90.97909545898438,112.08499908447266,2.034340027499282,-1,1.5,-1.5,1163557.1445991532,Short Spread
2024-03-04,90.70171356201172,112.54815673828124,1.4710233999179676,-1,1.5,-1.5,1162076.0654975907,
2024-03-05,90.5167999267578,112.08499908447266,-0.5204523813248805,0,1.5,-1.5,1162564.4494627395,Close
2024-03-06,91.07154846191406,112.54815673828124,-0.23425352120224832,0,1.5,-1.5,1162564.4494627395,
2024-03-07,90.5167999267578,112.08499908447266,0.23551817844182707,0,1.5,-1.5,1162564.4494627395,
2024-03-08,90.97909545898438,111.62183380126952,-1.7908719604759435,1,1.5,-1.5,1162496.3454255692,Long Spread
2024-03-11,91.3489227294922,112.54815673828124,1.0020520966540227,0,1.5,-1.5,1163541.1808753982,Close
2024-03-12,91.4413833618164,112.54815673828124,-0.1829346457508027,0,1.5,-1.5,1163541.1808753982,
2024-03-13,92.08858489990234,112.08499908447266,-2.0652085301913368,1,1.5,-1.5,1163473.0139320388,Long Spread
2024-03-14,92.27350616455078,113.01132202148438,1.3040803939654362,0,1.5,-1.5,1164887.605883638,Close
2024-03-15,91.81121826171876,113.4744873046875,1.6614828172163811,-1,1.5,-1.5,1164819.3944554152,Short Spread
2024-03-18,92.08858489990234,113.9376449584961,0.30038898501507716,-1,1.5,-1.5,1164447.8124241652,
2024-03-19,91.07154846191406,113.9376449584961,1.8666777277833357,-1,1.5,-1.5,1162413.7395481886,
2024-03-20,91.16400909423828,113.9376449584961,-0.1701001934533786,0,1.5,-1.5,1162530.4567466748,Close
2024-03-21,91.90367889404295,114.40081024169922,-0.5612463940726751,0,1.5,-1.5,1162530.4567466748,
2024-03-22,92.365966796875,114.8639678955078,-0.048629255970782825,0,1.5,-1.5,1162530.4567466748,
2024-03-25,92.365966796875,115.3271255493164,0.7882755633783471,0,1.5,-1.5,1162530.4567466748,
2024-03-26,92.92071533203124,116.25344848632812,0.5624511316529716,0,1.5,-1.5,1162530.4567466748,
2024-03-27,94.30758666992188,117.64292907714844,-0.1554514693758271,0,1.5,-1.5,1162530.4567466748,
2024-03-28,94.30758666992188,116.25344848632812,-2.166076943208175,1,1.5,-1.5,1162462.0343052687,Long Spread
2024-03-29,94.76988220214844,117.64292907714844,1.3704480582677752,0,1.5,-1.5,1164247.907910005,Close
2024-04-01,96.1567611694336,117.17977142333984,-2.6989622148190744,1,1.5,-1.5,1164179.3744487013,Long Spread
2024-04-02,96.1567611694336,117.17977142333984,-0.0029124502587160954,1,1.5,-1.5,1164179.3744487013,
2024-04-03,95.232177734375,115.79029083251952,-0.5998097278995036,1,1.5,-1.5,1163249.5801371778,
2024-04-08,96.1567611694336,117.17977142333984,0.592071906079417,0,1.5,-1.5,1164110.8409873976,Close
2024-04-09,96.1567611694336,116.25344848632812,-1.268274339196686,0,1.5,-1.5,1164110.8409873976,
2024-04-10,96.1567611694336,116.71660614013672,0.6311707959295962,0,1.5,-1.5,1164110.8409873976,
2024-04-11,96.1567611694336,117.17977142333984,0.6426021761022567,0,1.5,-1.5,1164110.8409873976,
2024-04-12,96.61905670166016,116.25344848632812,-1.8978986152826303,1,1.5,-1.5,1164042.32608719,Long Spread
2024-04-15,96.1567611694336,116.71660614013672,1.2631788576445928,0,1.5,-1.5,1165824.717524568,Close
2024-04-16,94.30758666992188,115.3271255493164,0.748296006475992,0,1.5,-1.5,1165824.717524568,
2024-04-17,94.30758666992188,114.40081024169922,-1.2815008235471503,0,1.5,-1.5,1165824.717524568,
2024-04-18,95.69446563720705,114.8639678955078,-1.2935621003456996,0,1.5,-1.5,1165824.717524568,
2024-04-19,94.30758666992188,113.9376449584961,0.6769927292986235,0,1.5,-1.5,1165824.717524568,
2024-04-22,96.61905670166016,116.25344848632812,-0.08610002645774344,0,1.5,-1.5,1165824.717524568,
2024-04-23,95.232177734375,115.79029083251952,1.309918633294504,0,1.5,-1.5,1165824.717524568,
2024-04-24,94.30758666992188,115.3271255493164,0.6894794805104701,0,1.5,-1.5,1165824.717524568,
2024-04-25,94.76988220214844,114.40081024169922,-1.8698654414920446,1,1.5,-1.5,1165756.3506968704,Long Spread
2024-04-26,95.69446563720705,114.40081024169922,-1.2309243653665558,1,1.5,-1.5,1163907.1838267532,
2024-04-29,96.1567611694336,115.3271255493164,0.5793852942907646,0,1.5,-1.5,1164766.7640220656,Close
2024-04-30,96.1567611694336,114.8639678955078,-0.5953860957403324,0,1.5,-1.5,1164766.7640220656,
2024-05-02,96.1567611694336,114.8639678955078,-0.0006454110898328999,0,1.5,-1.5,1164766.7640220656,
2024-05-03,96.61905670166016,114.8639678955078,-0.6026299208719988,0,1.5,-1.5,1164766.7640220656,
2024-05-06,97.0813446044922,115.3271255493164,-0.008295577007916971,0,1.5,-1.5,1164766.7640220656,
2024-05-07,96.61905670166016,116.25344848632812,1.7831726144463733,-1,1.5,-1.5,1164698.249121858,Short Spread
2024-05-08,97.0813446044922,117.17977142333984,0.5721484776070155,-1,1.5,-1.5,1163770.1790534987,
2024-05-09,97.0813446044922,116.71660614013672,-0.5837466171517961,0,1.5,-1.5,1164627.9577018751,Close
2024-05-10,97.0813446044922,116.25344848632812,-0.584009253354582,0,1.5,-1.5,1164627.9577018751,
2024-05-13,97.54364013671876,117.17977142333984,0.5702496658220291,0,1.5,-1.5,1164627.9577018751,
2024-05-14,96.61905670166016,116.25344848632812,0.032773937204974436,0,1.5,-1.5,1164627.9577018751,
2024-05-15,97.0813446044922,116.25344848632812,-0.6098616417643146,0,1.5,-1.5,1164627.9577018751,
2024-05-16,97.54364013671876,116.25344848632812,-0.6111723044552647,0,1.5,-1.5,1164627.9577018751,
2024-05-17,98.00592803955078,116.71660614013672,-0.010833719299824844,0,1.5,-1.5,1164627.9577018751,
2024-05-20,98.00592803955078,117.17977142333984,0.5895157520815995,0,1.5,-1.5,1164627.9577018751,
2024-05-21,97.54364013671876,117.17977142333984,0.6259910993351245,0,1.5,-1.5,1164627.9577018751,
2024-05-22,98.93051147460938,117.64292907714844,-1.22450967183378,0,1.5,-1.5,1164627.9577018751,
2024-05-23,98.93051147460938,117.64292907714844,-0.0012545899138998943,0,1.5,-1.5,1164627.9577018751,
2024-05-24,98.46822357177734,117.64292907714844,0.6076943429825548,0,1.5,-1.5,1164627.9577018751,
2024-05-27,97.54364013671876,115.79029083251952,-1.1782516251897535,0,1.5,-1.5,1164627.9577018751,
2024-05-28,97.0813446044922,116.71660614013672,1.783170140338354,-1,1.5,-1.5,1164559.4057838453,Short Spread
2024-05-29,95.232177734375,115.79029083251952,1.30495798400822,-1,1.5,-1.5,1162713.7026588453,
2024-05-30,96.61905670166016,116.71660614013672,-0.6708757898077508,0,1.5,-1.5,1163566.2965516676,Close
2024-05-31,97.54364013671876,118.56925201416016,1.138443867527608,0,1.5,-1.5,1163566.2965516676,
2024-06-03,98.46822357177734,117.64292907714844,-2.2538268485457587,1,1.5,-1.5,1163497.6521055617,Long Spread
2024-06-04,98.46822357177734,117.64292907714844,-0.002320405699681205,1,1.5,-1.5,1163497.6521055617,
2024-06-05,98.93051147460938,117.64292907714844,-0.5659240217828136,1,1.5,-1.5,1162573.0762998976,
2024-06-06,98.46822357177734,118.10609436035156,1.1204559904469393,0,1.5,-1.5,1164355.3196992506,Close
2024-06-07,98.93051147460938,117.17977142333984,-1.629790405486316,1,1.5,-1.5,1164286.6752879347,Long Spread
2024-06-11,98.93051147460938,117.17977142333984,-0.0016935565340698191,1,1.5,-1.5,1164286.6752879347,
2024-06-12,98.00592803955078,117.17977142333984,1.1297150717683428,0,1.5,-1.5,1166067.2347300735,Close
2024-06-13,98.00592803955078,117.17977142333984,0.001191960785638447,0,1.5,-1.5,1166067.2347300735,
2024-06-14,99.3927993774414,118.56925201416016,-0.03502572385991685,0,1.5,-1.5,1166067.2347300735,
2024-06-17,99.3927993774414,118.10609436035156,-0.5631336790940548,0,1.5,-1.5,1166067.2347300735,
2024-06-18,99.3927993774414,118.56925201416016,0.5605125137379999,0,1.5,-1.5,1166067.2347300735,
2024-06-19,98.46822357177734,118.10609436035156,0.594499747320408,0,1.5,-1.5,1166067.2347300735,
2024-06-20,98.46822357177734,117.17977142333984,-1.1289964433847468,0,1.5,-1.5,1166067.2347300735,
2024-06-21,98.00592803955078,116.25344848632812,-0.5635331509902931,0,1.5,-1.5,1166067.2347300735,
2024-06-24,98.93051147460938,117.17977142333984,-0.013749321955785493,0,1.5,-1.5,1166067.2347300735,
2024-06-25,98.46822357177734,116.71660614013672,0.00655941608107535,0,1.5,-1.5,1166067.2347300735,
2024-06-26,98.00592803955078,116.25344848632812,0.006874829998156498,0,1.5,-1.5,1166067.2347300735,
2024-06-27,98.00592803955078,116.71660614013672,0.5951984403318504,0,1.5,-1.5,1166067.2347300735,
2024-06-28,98.93051147460938,116.25344848632812,-1.8244368243590108,1,1.5,-1.5,1165998.627371675,Long Spread
2024-07-01,100.77967834472656,117.17977142333984,-1.155186855149717,1,1.5,-1.5,1164152.9395054642,
2024-07-02,103.09114837646484,116.25344848632812,-3.4498679101655796,1,1.5,-1.5,1157677.3535679642,
2024-07-03,104.0157241821289,116.25344848632812,-0.9373173259593699,1,1.5,-1.5,1155828.201956636,
2024-07-04,102.62885284423828,114.09479522705078,-0.904432011209759,1,1.5,-1.5,1154284.6381138626,
2024-07-05,107.25177001953124,115.53903198242188,-2.7449893305572823,1,1.5,-1.5,1147927.2772740189,
2024-07-08,98.41814422607422,114.57621002197266,5.468385185886051,0,1.5,-1.5,1163600.3651658646,Close
2024-07-09,96.97787475585938,114.57621002197266,1.1290141430075182,0,1.5,-1.5,1163600.3651658646,
2024-07-10,97.93805694580078,114.09479522705078,-1.1126183976720507,0,1.5,-1.5,1163600.3651658646,
2024-07-11,96.97787475585938,114.09479522705078,0.7416214171690513,0,1.5,-1.5,1163600.3651658646,
2024-07-12,96.97787475585938,114.09479522705078,0.0007903651317487056,0,1.5,-1.5,1163600.3651658646,
2024-07-15,96.97787475585938,115.05762481689452,0.7599116080090691,0,1.5,-1.5,1163600.3651658646,
2024-07-16,96.97787475585938,115.05762481689452,0.0008074399292885164,0,1.5,-1.5,1163600.3651658646,
2024-07-17,97.93805694580078,115.05762481689452,-0.7438356323438348,0,1.5,-1.5,1163600.3651658646,
2024-07-18,99.85840606689452,116.02044677734376,-0.7043446885029975,0,1.5,-1.5,1163600.3651658646,
2024-07-19,99.3783187866211,116.50186157226562,0.7135557482870425,0,1.5,-1.5,1163600.3651658646,
2024-07-22,99.3783187866211,116.02044677734376,-0.36325822699330673,0,1.5,-1.5,1163600.3651658646,
2024-07-23,101.29867553710938,116.9832763671875,-0.6826472829633659,0,1.5,-1.5,1163600.3651658646,
2024-07-26,101.7787628173828,117.94609832763672,0.354749748232489,0,1.5,-1.5,1163600.3651658646,
2024-07-29,100.33849334716795,116.9832763671875,0.3384257482653462,0,1.5,-1.5,1163600.3651658646,
2024-07-30,101.29867553710938,116.50186157226562,-1.033302961925542,0,1.5,-1.5,1163600.3651658646,
2024-07-31,101.29867553710938,116.9832763671875,0.3466442865552843,0,1.5,-1.5,1163600.3651658646,
2024-08-01,101.29867553710938,116.9832763671875,0.0003371228215830727,0,1.5,-1.5,1163600.3651658646,
2024-08-02,101.7787628173828,118.4275131225586,0.7012301900427155,0,1.5,-1.5,1163600.3651658646,
2024-08-05,101.7787628173828,116.9832763671875,-1.0319864407932826,0,1.5,-1.5,1163600.3651658646,
2024-08-06,106.09955596923828,117.46468353271484,-2.344592813398169,1,1.5,-1.5,1163531.4225962844,Long Spread
2024-08-07,103.6991195678711,116.9832763671875,1.1499768492040117,0,1.5,-1.5,1167300.6537721267,Close
2024-08-08,102.73893737792967,116.9832763671875,0.6074542448341058,0,1.5,-1.5,1167300.6537721267,
2024-08-09,103.21902465820312,117.46468353271484,0.012639378578825477,0,1.5,-1.5,1167300.6537721267,
2024-08-12,103.21902465820312,116.9832763671875,-0.31529419479678206,0,1.5,-1.5,1167300.6537721267,
2024-08-13,103.21902465820312,117.46468353271484,0.3148950196015921,0,1.5,-1.5,1167300.6537721267,
2024-08-14,104.65929412841795,117.94609832763672,-0.5763811194504497,0,1.5,-1.5,1167300.6537721267,
2024-08-15,104.17920684814452,118.4275131225586,0.600979628516723,0,1.5,-1.5,1167300.6537721267,
2024-08-16,103.21902465820312,119.3903350830078,1.2165222159951419,0,1.5,-1.5,1167300.6537721267,
2024-08-19,105.1393814086914,118.90892791748048,-1.4482486790964884,0,1.5,-1.5,1167300.6537721267,
2024-08-20,104.17920684814452,118.90892791748048,0.5714152023067385,0,1.5,-1.5,1167300.6537721267,
2024-08-21,105.61946868896484,118.90892791748048,-0.8393694895173458,0,1.5,-1.5,1167300.6537721267,
2024-08-22,105.61946868896484,119.3903350830078,0.289642472734747,0,1.5,-1.5,1167300.6537721267,
2024-08-23,107.05973815917967,119.3903350830078,-0.8151147875398704,0,1.5,-1.5,1167300.6537721267,
2024-08-26,105.61946868896484,119.3903350830078,0.8244949834058614,0,1.5,-1.5,1167300.6537721267,
2024-08-27,107.53982543945312,119.87174987792967,-0.7910025578577478,0,1.5,-1.5,1167300.6537721267,
2024-08-28,107.05973815917967,119.3903350830078,-0.016487249627714612,0,1.5,-1.5,1167300.6537721267,
2024-08-29,106.57965087890624,118.90892791748048,-0.01623441578785378,0,1.5,-1.5,1167300.6537721267,
2024-08-30,107.53982543945312,119.3903350830078,-0.25284627468305465,0,1.5,-1.5,1167300.6537721267,
2024-09-02,108.5,119.3903350830078,-0.5255671822205319,0,1.5,-1.5,1167300.6537721267,
2024-09-03,107.53982543945312,119.3903350830078,0.5303302697060702,0,1.5,-1.5,1167300.6537721267,
2024-09-04,107.53982543945312,117.46468353271484,-1.1362432805094551,0,1.5,-1.5,1167300.6537721267,
2024-09-05,108.5,118.4275131225586,0.04265218955756741,0,1.5,-1.5,1167300.6537721267,
2024-09-06,110.42035675048828,119.3903350830078,-0.4571184072929014,0,1.5,-1.5,1167300.6537721267,
2024-09-09,110.42035675048828,118.90892791748048,-0.2708592822606662,0,1.5,-1.5,1167300.6537721267,
2024-09-10,110.42035675048828,119.3903350830078,0.2699667025074489,0,1.5,-1.5,1167300.6537721267,
2024-09-11,110.42035675048828,118.90892791748048,-0.2700136658625491,0,1.5,-1.5,1167300.6537721267,
2024-09-12,110.42035675048828,119.87174987792967,0.5392022903874713,0,1.5,-1.5,1167300.6537721267,
2024-09-13,110.90044403076172,119.87174987792967,-0.2457567195271988,0,1.5,-1.5,1167300.6537721267,
2024-09-16,111.38053131103516,120.35316467285156,0.022298104335661196,0,1.5,-1.5,1167300.6537721267,
2024-09-18,111.8606185913086,120.35316467285156,-0.24169953969937547,0,1.5,-1.5,1167300.6537721267,
2024-09-19,111.38053131103516,120.35316467285156,0.2423528019213877,0,1.5,-1.5,1167300.6537721267,
2024-09-20,111.8606185913086,121.31598663330078,0.28578575643045545,0,1.5,-1.5,1167300.6537721267,
2024-09-23,113.78097534179688,121.79740142822266,-0.6804821711889373,0,1.5,-1.5,1167300.6537721267,
2024-09-24,113.78097534179688,121.79740142822266,-0.0005255325871682454,0,1.5,-1.5,1167300.6537721267,
2024-09-25,111.8606185913086,121.79740142822266,0.9540990602105498,0,1.5,-1.5,1167300.6537721267,
2024-09-26,112.82080078125,122.27881622314452,-0.21879415911153768,0,1.5,-1.5,1167300.6537721267,
2024-09-27,111.8606185913086,121.79740142822266,0.22931978188365873,0,1.5,-1.5,1167300.6537721267,
2024-09-30,110.42035675048828,120.8345718383789,0.21704211134509643,0,1.5,-1.5,1167300.6537721267,
2024-10-01,110.90044403076172,121.31598663330078,0.020327411476735162,0,1.5,-1.5,1167300.6537721267,
2024-10-04,108.01991271972656,119.87174987792967,0.7732238684883649,0,1.5,-1.5,1167300.6537721267,
2024-10-07,108.01991271972656,119.3903350830078,-0.4180977141641139,0,1.5,-1.5,1167300.6537721267,
2024-10-08,108.01991271972656,117.94609832763672,-1.271280896075674,0,1.5,-1.5,1167300.6537721267,
2024-10-09,108.5,117.94609832763672,-0.3946914108950896,0,1.5,-1.5,1167300.6537721267,
2024-10-11,107.53982543945312,117.94609832763672,0.8008345303724062,0,1.5,-1.5,1167300.6537721267,
2024-10-14,108.01991271972656,117.94609832763672,-0.39962080604951394,0,1.5,-1.5,1167300.6537721267,
2024-10-15,108.01991271972656,118.90892791748048,0.8680464078873881,0,1.5,-1.5,1167300.6537721267,
2024-10-16,108.01991271972656,117.94609832763672,-0.8636432661752329,0,1.5,-1.5,1167300.6537721267,
2024-10-17,109.4601821899414,117.94609832763672,-1.1618482365945275,0,1.5,-1.5,1167300.6537721267,
2024-10-18,109.94026947021484,119.3903350830078,0.8684653442797649,0,1.5,-1.5,1167300.6537721267,
2024-10-21,108.98008728027344,117.94609832763672,-0.4962025380921621,0,1.5,-1.5,1167300.6537721267,
2024-10-22,109.4601821899414,118.4275131225586,0.03637328800956982,0,1.5,-1.5,1167300.6537721267,
2024-10-23,109.4601821899414,117.46468353271484,-0.8491050495079544,0,1.5,-1.5,1167300.6537721267,
2024-10-24,109.4601821899414,117.46468353271484,-0.0007096431776258803,0,1.5,-1.5,1167300.6537721267,
2024-10-25,109.4601821899414,117.46468353271484,-5.930136965219844e-07,0,1.5,-1.5,1167300.6537721267,
2024-10-28,108.5,117.94609832763672,1.2228107802900976,0,1.5,-1.5,1167300.6537721267,
2024-10-29,110.90044403076172,117.94609832763672,-1.8635406524233074,1,1.5,-1.5,1167231.4999104324,Long Spread
2024-10-30,108.98008728027344,117.46468353271484,1.0753511066248753,0,1.5,-1.5,1170040.3260307326,Close
2024-11-01,108.98008728027344,117.46468353271484,0.0009126948266358144,0,1.5,-1.5,1170040.3260307326,
2024-11-04,109.94026947021484,117.94609832763672,-0.34222779770047357,0,1.5,-1.5,1170040.3260307326,
2024-11-05,110.90044403076172,118.4275131225586,-0.3721052792568769,0,1.5,-1.5,1170040.3260307326,
2024-11-06,109.4601821899414,117.94609832763672,0.8257299983244393,0,1.5,-1.5,1170040.3260307326,
2024-11-07,108.98008728027344,118.4275131225586,0.936444889843522,0,1.5,-1.5,1170040.3260307326,
2024-11-08,108.5,118.4275131225586,0.4532955367676854,0,1.5,-1.5,1170040.3260307326,
2024-11-11,109.94026947021484,118.4275131225586,-1.3126141219985976,0,1.5,-1.5,1170040.3260307326,
2024-11-12,108.98008728027344,117.94609832763672,0.3948664208710738,0,1.5,-1.5,1170040.3260307326,
2024-11-13,109.94026947021484,118.90892791748048,0.08433460175699252,0,1.5,-1.5,1170040.3260307326,
2024-11-14,109.4601821899414,117.94609832763672,-0.5301518459382533,0,1.5,-1.5,1170040.3260307326,
2024-11-15,106.57965087890624,117.94609832763672,2.72647860918292,-1,1.5,-1.5,1169971.3450007644,Short Spread
2024-11-18,106.57965087890624,117.94609832763672,0.0025300325255137902,-1,1.5,-1.5,1169971.3450007644,
2024-11-19,108.01991271972656,118.90892791748048,-0.41410657736941414,0,1.5,-1.5,1170857.132349092,Close
2024-11-20,107.53982543945312,117.94609832763672,-0.5718259381045399,0,1.5,-1.5,1170857.132349092,
2024-11-21,108.01991271972656,118.4275131225586,0.039782175207695836,0,1.5,-1.5,1170857.132349092,
2024-11-22,108.5,118.4275131225586,-0.4946423085798559,0,1.5,-1.5,1170857.132349092,
2024-11-25,110.42035675048828,118.90892791748048,-1.3977087140458357,0,1.5,-1.5,1170857.132349092,
2024-11-26,108.98008728027344,119.3903350830078,1.9593390924287115,-1,1.5,-1.5,1170787.9975321975,Short Spread
2024-11-27,110.42035675048828,118.90892791748048,-1.8773094508262254,0,1.5,-1.5,1174562.177632295,Close
2024-11-28,108.5,118.90892791748048,1.8155692438143691,-1,1.5,-1.5,1174493.0812751784,Short Spread
2024-11-29,108.5,118.4275131225586,-0.49858502499938584,0,1.5,-1.5,1175386.8337644972,Close
2024-12-02,109.4601821899414,118.4275131225586,-0.9046573145978042,0,1.5,-1.5,1175386.8337644972,
2024-12-03,108.01991271972656,118.90892791748048,1.8428078726567168,-1,1.5,-1.5,1175317.7566108718,Short Spread
2024-12-04,108.5,119.87174987792967,0.5436396166581521,-1,1.5,-1.5,1174352.2872505202,
2024-12-05,107.53982543945312,119.3903350830078,0.44516729446713704,-1,1.5,-1.5,1173394.7677192702,
2024-12-06,108.98008728027344,119.87174987792967,-0.903940420926691,0,1.5,-1.5,1175243.3077375807,Close
2024-12-09,109.94026947021484,119.87174987792967,-0.9079539535268663,0,1.5,-1.5,1175243.3077375807,
2024-12-10,109.4601821899414,119.87174987792967,0.45293926994727907,0,1.5,-1.5,1175243.3077375807,
2024-12-11,109.4601821899414,118.90892791748048,-0.9792977053905599,0,1.5,-1.5,1175243.3077375807,
2024-12-12,109.4601821899414,118.90892791748048,-0.0008222518221546548,0,1.5,-1.5,1175243.3077375807,
2024-12-13,109.94026947021484,118.90892791748048,-0.44800013109426123,0,1.5,-1.5,1175243.3077375807,
2024-12-16,112.34070587158205,118.4275131225586,-2.4682999396859104,1,1.5,-1.5,1175174.077008821,Long Spread
2024-12-17,111.38053131103516,118.90892791748048,1.2364788959546666,0,1.5,-1.5,1177988.0441413894,Close
2024-12-18,111.38053131103516,119.3903350830078,0.44717043987302707,0,1.5,-1.5,1177988.0441413894,
2024-12-19,111.38053131103516,118.90892791748048,-0.44606865220135233,0,1.5,-1.5,1177988.0441413894,
2024-12-20,108.5,118.4275131225586,2.016678333096409,-1,1.5,-1.5,1177918.9670408645,Short Spread
2024-12-23,110.90044403076172,119.87174987792967,-0.6945917827984981,0,1.5,-1.5,1179762.1507038896,Close
2024-12-24,109.94026947021484,118.90892791748048,-0.08114914550680323,0,1.5,-1.5,1179762.1507038896,
2024-12-25,110.90044403076172,119.3903350830078,-0.36701062046946176,0,1.5,-1.5,1179762.1507038896,
2024-12-26,109.94026947021484,119.3903350830078,0.82063880799939,0,1.5,-1.5,1179762.1507038896,
2024-12-27,109.94026947021484,119.87174987792967,0.4529026100725512,0,1.5,-1.5,1179762.1507038896,
2024-12-30,108.98008728027344,119.3903350830078,0.3857981446690961,0,1.5,-1.5,1179762.1507038896,
2024-12-31,108.98008728027344,118.90892791748048,-0.46433118854121,0,1.5,-1.5,1179762.1507038896,
2025-01-02,108.01991271972656,118.4275131225586,0.3956017319063102,0,1.5,-1.5,1179762.1507038896,
2025-01-03,107.53982543945312,117.94609832763672,-0.03742043483408731,0,1.5,-1.5,1179762.1507038896,
2025-01-06,108.5,118.90892791748048,0.07462714088437056,0,1.5,-1.5,1179762.1507038896,
2025-01-07,107.05973815917967,118.4275131225586,0.8680456795137211,0,1.5,-1.5,1179762.1507038896,
2025-01-08,106.57965087890624,118.90892791748048,0.9521952318393055,0,1.5,-1.5,1179762.1507038896,
2025-01-09,107.53982543945312,118.4275131225586,-1.3793165640850145,0,1.5,-1.5,1179762.1507038896,
2025-01-10,106.57965087890624,118.4275131225586,0.9043037122128469,0,1.5,-1.5,1179762.1507038896,
2025-01-13,107.05973815917967,118.4275131225586,-0.4578322276610004,0,1.5,-1.5,1179762.1507038896,
2025-01-14,108.01991271972656,118.90892791748048,-0.417613591110572,0,1.5,-1.5,1179762.1507038896,
2025-01-15,106.57965087890624,118.90892791748048,1.3670760379667104,0,1.5,-1.5,1179762.1507038896,
2025-01-16,106.57965087890624,119.3903350830078,0.4925050234830004,0,1.5,-1.5,1179762.1507038896,
2025-01-17,107.53982543945312,119.3903350830078,-0.9102760503601466,0,1.5,-1.5,1179762.1507038896,
2025-01-20,106.09955596923828,118.90892791748048,0.8889728431432463,0,1.5,-1.5,1179762.1507038896,
2025-01-21,106.57965087890624,118.90892791748048,-0.4589319113721576,0,1.5,-1.5,1179762.1507038896,
2025-01-22,105.61946868896484,119.87174987792967,1.894704060068657,-1,1.5,-1.5,1179693.131055147,Short Spread
2025-02-03,107.05973815917967,120.8345718383789,-0.4271233973807784,0,1.5,-1.5,1180578.9103022781,Close
2025-02-04,108.01991271972656,120.35316467285156,-1.3983442610297698,0,1.5,-1.5,1180578.9103022781,
2025-02-05,107.53982543945312,121.31598663330078,1.4049205225790222,0,1.5,-1.5,1180578.9103022781,
2025-02-06,108.01991271972656,121.31598663330078,-0.45002227473479056,0,1.5,-1.5,1180578.9103022781,
2025-02-07,107.53982543945312,121.31598663330078,0.4531711052585323,0,1.5,-1.5,1180578.9103022781,
2025-02-10,107.05973815917967,120.8345718383789,-0.022756678972569073,0,1.5,-1.5,1180578.9103022781,
2025-02-11,106.57965087890624,120.8345718383789,0.46752849965812776,0,1.5,-1.5,1180578.9103022781,
2025-02-12,108.01991271972656,121.31598663330078,-0.8870362565404563,0,1.5,-1.5,1180578.9103022781,
2025-02-13,107.53982543945312,120.8345718383789,-0.02612467333520071,0,1.5,-1.5,1180578.9103022781,
2025-02-14,108.01991271972656,120.8345718383789,-0.45630577800561073,0,1.5,-1.5,1180578.9103022781,
2025-02-17,107.53982543945312,121.31598663330078,0.9377324372103105,0,1.5,-1.5,1180578.9103022781,
2025-02-18,108.01991271972656,121.79740142822266,0.02379965561098604,0,1.5,-1.5,1180578.9103022781,
2025-02-19,107.53982543945312,121.79740142822266,0.48958282802024095,0,1.5,-1.5,1180578.9103022781,
2025-02-20,107.53982543945312,121.79740142822266,0.00042257044415416347,0,1.5,-1.5,1180578.9103022781,
2025-02-21,108.98008728027344,122.27881622314452,-0.9297797421642925,0,1.5,-1.5,1180578.9103022781,
2025-02-24,108.98008728027344,122.27881622314452,-0.0007838568905236139,0,1.5,-1.5,1180578.9103022781,
2025-02-25,108.98008728027344,121.79740142822266,-0.4976234191911427,0,1.5,-1.5,1180578.9103022781,
2025-02-26,108.98008728027344,122.76022338867188,0.9898099813663714,0,1.5,-1.5,1180578.9103022781,
2025-02-27,109.94026947021484,123.24163818359376,-0.44571137627561086,0,1.5,-1.5,1180578.9103022781,
2025-03-03,111.8606185913086,123.72305297851562,-1.3470732885006729,0,1.5,-1.5,1180578.9103022781,
2025-03-04,110.42035675048828,122.27881622314452,-0.09838709190671507,0,1.5,-1.5,1180578.9103022781,
2025-03-05,110.42035675048828,122.76022338867188,0.5253508511784459,0,1.5,-1.5,1180578.9103022781,
2025-03-06,111.8606185913086,123.24163818359376,-0.9266289384926788,0,1.5,-1.5,1180578.9103022781,
2025-03-07,112.34070587158205,123.24163818359376,-0.47467298358123916,0,1.5,-1.5,1180578.9103022781,
2025-03-10,111.8606185913086,123.24163818359376,0.4920491930280084,0,1.5,-1.5,1180578.9103022781,
2025-03-11,111.8606185913086,122.76022338867188,-0.5304496171328598,0,1.5,-1.5,1180578.9103022781,
2025-03-12,112.34070587158205,123.24163818359376,0.03764218010179156,0,1.5,-1.5,1180578.9103022781,
2025-03-13,112.34070587158205,123.72305297851562,0.530934857212395,0,1.5,-1.5,1180578.9103022781,
2025-03-14,112.34070587158205,123.72305297851562,0.000424035966062085,0,1.5,-1.5,1180578.9103022781,
2025-03-17,111.38053131103516,123.24163818359376,0.4717236783082293,0,1.5,-1.5,1180578.9103022781,
2025-03-18,112.34070587158205,124.20446014404295,0.06969354598882614,0,1.5,-1.5,1180578.9103022781,
2025-03-19,111.8606185913086,123.72305297851562,-0.034594326091781036,0,1.5,-1.5,1180578.9103022781,
2025-03-20,112.82080078125,124.20446014404295,-0.4697642909533982,0,1.5,-1.5,1180578.9103022781,
2025-03-21,113.78097534179688,125.16728973388672,0.07748931021451247,0,1.5,-1.5,1180578.9103022781,
2025-03-24,113.78097534179688,124.20446014404295,-1.1657543447917147,0,1.5,-1.5,1180578.9103022781,
2025-03-25,112.34070587158205,124.20446014404295,1.6276437445139644,-1,1.5,-1.5,1180509.4484956374,Short Spread
2025-03-26,113.30088806152344,124.20446014404295,-1.0716574090925768,0,1.5,-1.5,1182360.312661592,Close
2025-03-27,113.30088806152344,125.16728973388672,1.2079990452945675,0,1.5,-1.5,1182360.312661592,
2025-03-28,112.82080078125,125.16728973388672,0.5765145803882341,0,1.5,-1.5,1182360.312661592,
2025-03-31,111.8606185913086,123.72305297851562,-0.6947214947659727,0,1.5,-1.5,1182360.312661592,
2025-04-01,111.38053131103516,125.16728973388672,2.365449446285747,-1,1.5,-1.5,1182290.8507487501,Short Spread
2025-04-02,111.38053131103516,125.16728973388672,0.0019200529299113404,-1,1.5,-1.5,1182290.8507487501,
2025-04-07,108.5,119.3903350830078,-3.5512194296553408,0,1.5,-1.5,1188014.5818150344,Close
2025-04-08,108.5,122.27881622314452,3.112622961794185,-1,1.5,-1.5,1187945.3506623853,Short Spread
2025-04-09,110.42035675048828,121.31598663330078,-2.722038505872902,0,1.5,-1.5,1193642.453889314,Close
2025-04-10,114.26106262207033,122.27881622314452,-2.2698852923500477,1,1.5,-1.5,1193572.9922941602,Long Spread
2025-04-11,112.34070587158205,123.72305297851562,2.6850068287678663,0,1.5,-1.5,1200232.736755525,Close
2025-04-14,110.42035675048828,122.76022338867188,0.7248062170152088,0,1.5,-1.5,1200232.736755525,
2025-04-15,109.94026947021484,124.20446014404295,1.6358880226314838,-1,1.5,-1.5,1200163.3709663404,Short Spread
2025-04-16,113.30088806152344,123.72305297851562,-2.810222804220816,0,1.5,-1.5,1207777.9415223706,Close
2025-04-17,109.94026947021484,123.24163818359376,2.0643700494554236,-1,1.5,-1.5,1207708.6142460643,Short Spread
2025-04-18,108.98008728027344,123.24163818359376,0.7311613497092212,-1,1.5,-1.5,1205788.2498661815,
2025-04-21,108.98008728027344,122.27881622314452,-0.767283292945339,0,1.5,-1.5,1207644.6434309399,Close
2025-04-22,108.5,123.24163818359376,1.1302021014052268,0,1.5,-1.5,1207644.6434309399,
2025-04-23,109.94026947021484,122.76022338867188,-1.43541936409768,0,1.5,-1.5,1207644.6434309399,
2025-04-24,109.4601821899414,122.27881622314452,-0.02310226295652852,0,1.5,-1.5,1207644.6434309399,
2025-04-25,108.5,121.79740142822266,0.337496087344486,0,1.5,-1.5,1207644.6434309399,
2025-04-28,108.01991271972656,123.24163818359376,1.5005941358430201,-1,1.5,-1.5,1207575.3929689038,Short Spread
2025-04-29,108.5,124.20446014404295,0.3924814881505697,-1,1.5,-1.5,1206609.9236085522,
2025-04-30,108.98008728027344,124.68587493896484,0.012854984901453263,-1,1.5,-1.5,1206607.2685792553,
2025-05-02,108.98008728027344,123.72305297851562,-0.7592655155836954,0,1.5,-1.5,1208463.6043745435,Close
2025-05-05,109.94026947021484,124.68587493896484,0.030663514087814137,0,1.5,-1.5,1208463.6043745435,
2025-05-06,110.42035675048828,125.16728973388672,0.01558133693486455,0,1.5,-1.5,1208463.6043745435,
2025-05-07,110.90044403076172,126.13011169433594,0.3903228779159379,0,1.5,-1.5,1208463.6043745435,
2025-05-08,108.98008728027344,124.68587493896484,0.3320345407029894,0,1.5,-1.5,1208463.6043745435,
2025-05-09,108.98008728027344,126.13011169433594,1.153097569264011,0,1.5,-1.5,1208463.6043745435,
2025-05-12,109.94026947021484,126.13011169433594,-0.7364214101666,0,1.5,-1.5,1208463.6043745435,
2025-05-13,108.98008728027344,125.16728973388672,-0.02223887018787815,0,1.5,-1.5,1208463.6043745435,
2025-05-14,108.5,124.68587493896484,-0.011027649570986946,0,1.5,-1.5,1208463.6043745435,
2025-05-15,109.94026947021484,126.13011169433594,0.032332077191064686,0,1.5,-1.5,1208463.6043745435,
2025-05-16,109.4601821899414,126.13011169433594,0.3723944238150958,0,1.5,-1.5,1208463.6043745435,
2025-05-19,109.4601821899414,126.13011169433594,0.00031026017390094744,0,1.5,-1.5,1208463.6043745435,
2025-05-20,110.42035675048828,126.6115264892578,-0.3583973182880237,0,1.5,-1.5,1208463.6043745435,
2025-05-21,110.90044403076172,127.57434844970705,0.3829112496244432,0,1.5,-1.5,1208463.6043745435,
2025-05-22,111.8606185913086,128.05577087402344,-0.3500617232904543,0,1.5,-1.5,1208463.6043745435,
2025-05-23,112.34070587158205,128.05577087402344,-0.3543221756205818,0,1.5,-1.5,1208463.6043745435,
2025-05-26,112.34070587158205,128.05577087402344,-0.0002807161631306921,0,1.5,-1.5,1208463.6043745435,
2025-05-27,111.38053131103516,126.6115264892578,-0.3958514691453288,0,1.5,-1.5,1208463.6043745435,
2025-05-28,111.38053131103516,127.09294128417967,0.3719093276399158,0,1.5,-1.5,1208463.6043745435,
2025-05-29,109.4601821899414,124.68587493896484,-0.4379155490417155,0,1.5,-1.5,1208463.6043745435,
2025-06-02,108.98008728027344,126.6115264892578,1.8888405185179646,-1,1.5,-1.5,1208394.1807099928,Short Spread
2025-06-03,108.01991271972656,125.16728973388672,-0.3971606146067514,0,1.5,-1.5,1209292.9776115431,Close
2025-06-04,108.01991271972656,124.68587493896484,-0.388402860510502,0,1.5,-1.5,1209292.9776115431,
2025-06-05,109.4601821899414,125.16728973388672,-0.7257726173613834,0,1.5,-1.5,1209292.9776115431,
2025-06-06,109.94026947021484,125.16728973388672,-0.36124435089116047,0,1.5,-1.5,1209292.9776115431,
2025-06-09,109.94026947021484,127.57434844970705,1.8177597170632824,-1,1.5,-1.5,1209223.4770268262,Short Spread
2025-06-10,110.90044403076172,128.05577087402344,-0.3444956123273622,0,1.5,-1.5,1210111.423050691,Close
2025-06-11,111.38053131103516,128.05577087402344,-0.34687221529968326,0,1.5,-1.5,1210111.423050691,
2025-06-12,110.90044403076172,129.01858520507812,1.0522489596434383,0,1.5,-1.5,1210111.423050691,
2025-06-13,111.38053131103516,129.98141479492188,0.3551307983818887,0,1.5,-1.5,1210111.423050691,
2025-06-16,112.34070587158205,130.94424438476562,0.004683232289905187,0,1.5,-1.5,1210111.423050691,
2025-06-17,111.8606185913086,131.4256591796875,0.6907676679237776,0,1.5,-1.5,1210111.423050691,
2025-06-18,113.78097534179688,131.9070587158203,-0.9980226295542608,0,1.5,-1.5,1210111.423050691,
2025-06-19,112.82080078125,131.4256591796875,0.3294895650540442,0,1.5,-1.5,1210111.423050691,
2025-06-20,112.82080078125,131.4256591796875,0.0002596795637397754,0,1.5,-1.5,1210111.423050691,
2025-06-23,111.8606185913086,131.4256591796875,0.687528754866949,0,1.5,-1.5,1210111.423050691,
2025-06-24,108.01991271972656,130.46282958984375,2.1605599364603765,-1,1.5,-1.5,1210041.8837409986,Short Spread
2025-06-25,111.38053131103516,131.9070587158203,-1.3912462960239913,0,1.5,-1.5,1213804.9311680614,Close
2025-06-26,109.4601821899414,131.9070587158203,1.3692175085654414,0,1.5,-1.5,1213804.9311680614,
2025-06-27,111.38053131103516,131.4256591796875,-1.6327068222843735,1,1.5,-1.5,1213735.2189204418,Long Spread
2025-06-30,110.42035675048828,129.98141479492188,-0.3271673269884253,1,1.5,-1.5,1212767.0792720043,
2025-07-01,109.94026947021484,129.98141479492188,0.3315022431676395,0,1.5,-1.5,1213657.6569651805,Close
2025-07-02,109.94026947021484,129.5,-0.34567251268730725,0,1.5,-1.5,1213657.6569651805,
2025-07-03,111.38053131103516,131.0,0.03976055912335134,0,1.5,-1.5,1213657.6569651805,
2025-07-04,111.8606185913086,130.5,-0.7321224212009759,0,1.5,-1.5,1213657.6569651805,
2025-07-07,108.5,130.0,2.242691748815909,-1,1.5,-1.5,1213588.1169651805,Short Spread
2025-07-08,108.5,129.0,-0.8153816334496774,0,1.5,-1.5,1215518.6169651805,Close
2025-07-09,106.5,128.0,0.8645359486888757,0,1.5,-1.5,1215518.6169651805,
2025-07-10,107.0,130.0,1.256663143883386,0,1.5,-1.5,1215518.6169651805,
2025-07-11,107.0,130.5,0.4569416613570697,0,1.5,-1.5,1215518.6169651805,
2025-07-14,108.0,130.5,-0.9559368955130664,0,1.5,-1.5,1215518.6169651805,
2025-07-15,107.0,129.5,0.027100750004923374,0,1.5,-1.5,1215518.6169651805,
2025-07-16,106.5,130.5,1.4316816907491285,0,1.5,-1.5,1215518.6169651805,
2025-07-17,106.5,130.5,0.0012736343474696115,0,1.5,-1.5,1215518.6169651805,
2025-07-18,106.0,129.0,-0.9604995202987018,0,1.5,-1.5,1215518.6169651805,
2025-07-21,106.5,129.0,-0.5026104356305047,0,1.5,-1.5,1215518.6169651805,
2025-07-22,106.0,130.5,1.9204143164276914,-1,1.5,-1.5,1215449.1569651805,Short Spread
2025-07-23,107.0,130.0,-1.447370563898009,0,1.5,-1.5,1218379.6769651806,Close
2025-07-24,107.0,129.5,-0.46816062758376775,0,1.5,-1.5,1218379.6769651806,
2025-07-25,105.5,129.0,0.9962356078535446,0,1.5,-1.5,1218379.6769651806,
2025-07-28,106.0,129.5,-0.017939222405065253,0,1.5,-1.5,1218379.6769651806,
2025-07-29,106.0,129.0,-0.47507219775315995,0,1.5,-1.5,1218379.6769651806,
2025-07-30,107.5,129.5,-0.9624656406983058,0,1.5,-1.5,1218379.6769651806,
2025-07-31,105.5,129.0,1.4491869687403363,0,1.5,-1.5,1218379.6769651806,
2025-08-01,105.5,129.0,0.0013000369451105626,0,1.5,-1.5,1218379.6769651806,
2025-08-04,107.0,131.0,0.40590277398610936,0,1.5,-1.5,1218379.6769651806,
2025-08-05,106.5,132.0,1.4046423701654525,0,1.5,-1.5,1218379.6769651806,
2025-08-06,107.0,132.5,-0.02510172028531936,0,1.5,-1.5,1218379.6769651806,
2025-08-07,106.5,132.5,0.487483581200348,0,1.5,-1.5,1218379.6769651806,
2025-08-08,107.5,134.0,0.3964243945906041,0,1.5,-1.5,1218379.6769651806,
2025-08-11,106.5,134.5,1.425257059935173,0,1.5,-1.5,1218379.6769651806,
2025-08-12,107.0,135.0,-0.03523849716629634,0,1.5,-1.5,1218379.6769651806,
2025-08-13,106.5,134.5,0.03671934292726721,0,1.5,-1.5,1218379.6769651806,
2025-08-14,106.0,134.5,0.49737933269258383,0,1.5,-1.5,1218379.6769651806,
2025-08-15,107.0,135.0,-0.5279355423288524,0,1.5,-1.5,1218379.6769651806,
2025-08-18,108.5,137.0,0.3328610005075462,0,1.5,-1.5,1218379.6769651806,
2025-08-19,108.0,138.0,1.3534647989330755,0,1.5,-1.5,1218379.6769651806,
2025-08-20,108.0,136.5,-1.2943292656725205,0,1.5,-1.5,1218379.6769651806,
2025-08-21,108.5,137.5,0.39063201899115996,0,1.5,-1.5,1218379.6769651806,
2025-08-22,108.0,136.0,-0.8207819654719034,0,1.5,-1.5,1218379.6769651806,
2025-08-25,107.0,135.5,0.5215178144553659,0,1.5,-1.5,1218379.6769651806,
2025-08-26,106.5,133.5,-1.3043813761441152,0,1.5,-1.5,1218379.6769651806,
2025-08-27,106.0,134.0,0.932843203144193,0,1.5,-1.5,1218379.6769651806,
2025-08-28,106.0,133.0,-0.8991181876845066,0,1.5,-1.5,1218379.6769651806,
2025-08-29,106.5,132.5,-0.9175503935702288,0,1.5,-1.5,1218379.6769651806,
2025-09-01,106.5,134.0,1.3501076011287894,0,1.5,-1.5,1218379.6769651806,
2025-09-02,107.0,135.0,0.4140967547333286,0,1.5,-1.5,1218379.6769651806,
2025-09-03,106.5,134.0,-0.41438275318721823,0,1.5,-1.5,1218379.6769651806,
2025-09-04,106.5,135.0,0.9057410591882097,0,1.5,-1.5,1218379.6769651806,
2025-09-05,106.0,134.5,0.03997143925710756,0,1.5,-1.5,1218379.6769651806,
2025-09-08,107.0,134.5,-0.965141802703683,0,1.5,-1.5,1218379.6769651806,
2025-09-09,107.5,135.5,0.4072645387293289,0,1.5,-1.5,1218379.6769651806,
2025-09-10,107.0,135.5,0.4881432234207792,0,1.5,-1.5,1218379.6769651806,
2025-09-11,106.5,134.5,-0.41566812451137564,0,1.5,-1.5,1218379.6769651806,
2025-09-12,107.5,135.5,-0.0725317061507934,0,1.5,-1.5,1218379.6769651806,
2025-09-15,107.0,135.0,0.03614813454930481,0,1.5,-1.5,1218379.6769651806,
2025-09-16,106.5,134.0,-0.4417959570463207,0,1.5,-1.5,1218379.6769651806,
2025-09-17,106.0,134.5,1.030713707481585,0,1.5,-1.5,1218379.6769651806,
2025-09-18,106.5,134.0,-1.0394748369757782,0,1.5,-1.5,1218379.6769651806,
2025-09-19,105.5,134.0,1.138207595425278,0,1.5,-1.5,1218379.6769651806,
2025-09-22,106.0,133.5,-1.0822774542664142,0,1.5,-1.5,1218379.6769651806,
2025-09-23,106.0,133.5,-0.0009621682721551509,0,1.5,-1.5,1218379.6769651806,
2025-09-24,106.5,134.5,0.4765060585231786,0,1.5,-1.5,1218379.6769651806,
2025-09-25,106.0,133.5,-0.4768050263216156,0,1.5,-1.5,1218379.6769651806,
2025-09-26,107.0,134.5,-0.07895928347938568,0,1.5,-1.5,1218379.6769651806,
2025-09-30,109.0,133.5,-3.0481467858120457,1,1.5,-1.5,1218309.9769651806,Long Spread
2025-10-01,108.5,134.5,1.4735213189616163,0,1.5,-1.5,1221240.2569651806,Close
2025-10-02,108.5,133.0,-1.4353501690900103,0,1.5,-1.5,1221240.2569651806,
2025-10-03,109.0,133.0,-0.5054058147198575,0,1.5,-1.5,1221240.2569651806,
2025-10-07,110.0,133.0,-0.9798439699754744,0,1.5,-1.5,1221240.2569651806,
2025-10-08,110.5,133.5,-0.01592564093415441,0,1.5,-1.5,1221240.2569651806,
2025-10-09,110.5,133.0,-0.4691468020381565,0,1.5,-1.5,1221240.2569651806,
2025-10-13,110.5,132.5,-0.47844645755384857,0,1.5,-1.5,1221240.2569651806,
2025-10-14,110.5,132.5,-0.0003911679280811556,0,1.5,-1.5,1221240.2569651806,
2025-10-15,109.0,131.5,0.528182647553867,0,1.5,-1.5,1221240.2569651806,
2025-10-16,110.0,132.0,-0.5118996853689978,0,1.5,-1.5,1221240.2569651806,
2025-10-17,111.5,133.0,-0.5249539892166253,0,1.5,-1.5,1221240.2569651806,
2025-10-20,111.5,133.0,-0.0004311163542605923,0,1.5,-1.5,1221240.2569651806,
2025-10-21,111.0,133.0,0.515615363774232,0,1.5,-1.5,1221240.2569651806,
2025-10-22,112.0,133.5,-0.5248293509973686,0,1.5,-1.5,1221240.2569651806,
2025-10-23,112.5,134.0,-0.009388037622444981,0,1.5,-1.5,1221240.2569651806,
2025-10-27,111.0,132.0,-0.48427499012489694,0,1.5,-1.5,1221240.2569651806,
2025-10-28,111.5,132.0,-0.5191198213689578,0,1.5,-1.5,1221240.2569651806,
2025-10-29,111.0,132.0,0.5341426896812974,0,1.5,-1.5,1221240.2569651806,
2025-10-30,110.0,131.5,0.5529070838866076,0,1.5,-1.5,1221240.2569651806,
2025-10-31,109.5,131.0,0.010428400624469687,0,1.5,-1.5,1221240.2569651806,
2025-11-03,110.5,131.5,-0.5687824750017467,0,1.5,-1.5,1221240.2569651806,
2025-11-04,110.5,131.0,-0.5481385853763157,0,1.5,-1.5,1221240.2569651806,
2025-11-05,109.5,132.0,2.1530008923242656,-1,1.5,-1.5,1221170.5969651807,Short Spread
2025-11-06,110.0,131.5,-1.0687844314679362,0,1.5,-1.5,1223100.9369651808,Close
2025-11-07,111.0,132.5,-0.02029416266367892,0,1.5,-1.5,1223100.9369651808,
2025-11-10,110.5,133.0,1.0756032350294227,0,1.5,-1.5,1223100.9369651808,
2025-11-11,110.0,132.0,-0.5217693519028226,0,1.5,-1.5,1223100.9369651808,
2025-11-12,111.0,132.0,-1.0763124710845076,0,1.5,-1.5,1223100.9369651808,
2025-11-13,108.5,131.5,2.144116897175979,-1,1.5,-1.5,1223031.3369651807,Short Spread
2025-11-14,108.5,131.5,0.001821684739023577,-1,1.5,-1.5,1223031.3369651807,
2025-11-17,108.0,132.0,1.0994856413332028,-1,1.5,-1.5,1221031.3369651807,
2025-11-18,107.0,131.0,0.0472943536420699,-1,1.5,-1.5,1221031.3369651807,
2025-11-19,106.5,130.5,0.023705753326561496,-1,1.5,-1.5,1221031.3369651807,
2025-11-20,108.0,132.0,-0.06989718798133843,0,1.5,-1.5,1220961.7369651806,Close
2025-11-21,107.0,131.5,0.6157108825598323,0,1.5,-1.5,1220961.7369651806,
2025-11-24,108.0,132.0,-0.6216933521325815,0,1.5,-1.5,1220961.7369651806,
2025-11-25,107.5,131.0,-0.5587426692869589,0,1.5,-1.5,1220961.7369651806,
2025-11-26,109.0,131.0,-1.7382612657619898,1,1.5,-1.5,1220892.1369651805,Long Spread
2025-11-27,108.5,131.0,0.5793170759810261,0,1.5,-1.5,1221822.5569651804,Close
2025-11-28,108.0,130.5,0.016420520310152183,0,1.5,-1.5,1221822.5569651804,
2025-12-01,107.0,130.0,0.633790846692773,0,1.5,-1.5,1221822.5569651804,
2025-12-02,106.5,130.0,0.6253351013380088,0,1.5,-1.5,1221822.5569651804,
2025-12-03,106.0,130.0,0.6404906440813187,0,1.5,-1.5,1221822.5569651804,
2025-12-04,105.5,129.5,0.02652360357146494,0,1.5,-1.5,1221822.5569651804,
2025-12-05,105.0,130.0,1.2816282070856901,0,1.5,-1.5,1221822.5569651804,
2025-12-08,105.0,129.5,-0.6267271618659246,0,1.5,-1.5,1221822.5569651804,
2025-12-09,104.5,130.0,1.2824880476539835,0,1.5,-1.5,1221822.5569651804,
2025-12-10,104.5,129.5,-0.6252811353049751,0,1.5,-1.5,1221822.5569651804,
2025-12-11,106.0,130.0,-1.2955836853632563,0,1.5,-1.5,1221822.5569651804,
2025-12-12,105.5,130.5,1.2201335926577752,0,1.5,-1.5,1221822.5569651804,
2025-12-15,105.0,130.5,0.6347469811312886,0,1.5,-1.5,1221822.5569651804,
2025-12-16,105.0,130.5,0.0005826588466628631,0,1.5,-1.5,1221822.5569651804,
2025-12-17,104.5,129.5,-0.5881674122708008,0,1.5,-1.5,1221822.5569651804,
2025-12-18,104.5,130.0,0.6301486550473032,0,1.5,-1.5,1221822.5569651804,
2025-12-19,106.0,131.0,-0.7224876997776525,0,1.5,-1.5,1221822.5569651804,
2025-12-22,107.0,130.5,-1.8327246037837188,1,1.5,-1.5,1221753.0569651804,Long Spread
2025-12-23,106.5,130.5,0.615820228571289,0,1.5,-1.5,1222683.5769651805,Close
2025-12-24,108.5,130.5,-2.292993089502685,1,1.5,-1.5,1222614.0169651804,Long Spread
2025-12-26,111.5,131.5,-2.083132871449113,1,1.5,-1.5,1218614.0169651804,
2025-12-29,109.5,132.0,2.692530464555177,0,1.5,-1.5,1223544.3569651805,Close
2025-12-30,110.5,131.0,-2.1137131208407864,1,1.5,-1.5,1223474.6969651806,Long Spread
2025-12-31,108.5,130.5,1.6313334704813356,0,1.5,-1.5,1226405.1369651805,Close
2026-01-02,108.0,132.0,2.110452474283429,-1,1.5,-1.5,1226335.5369651804,Short Spread
2026-01-05,107.0,133.0,2.120239048969357,-1,1.5,-1.5,1222335.5369651804,
2026-01-06,107.0,132.5,-0.5162360100536408,0,1.5,-1.5,1223265.9569651803,Close
2026-01-07,107.0,133.0,0.5179918368183234,0,1.5,-1.5,1223265.9569651803,
2026-01-08,107.0,133.5,0.5194042622125644,0,1.5,-1.5,1223265.9569651803,
2026-01-09,107.5,133.5,-0.5441534154702373,0,1.5,-1.5,1223265.9569651803,
2026-01-12,107.5,133.5,-0.00047086191681306204,0,1.5,-1.5,1223265.9569651803,
2026-01-13,107.0,133.5,0.5486882546509627,0,1.5,-1.5,1223265.9569651803,
2026-01-14,107.5,133.0,-1.0511781394708146,0,1.5,-1.5,1223265.9569651803,
2026-01-15,108.0,133.5,-0.027692594447880334,0,1.5,-1.5,1223265.9569651803,
2026-01-16,108.0,133.0,-0.5045498441281357,0,1.5,-1.5,1223265.9569651803,
2026-01-19,108.5,134.0,0.47593011025152965,0,1.5,-1.5,1223265.9569651803,
2026-01-20,107.5,133.0,0.05399823951800252,0,1.5,-1.5,1223265.9569651803,
2026-01-21,107.5,133.0,4.6750306640254975e-05,0,1.5,-1.5,1223265.9569651803,
2026-01-22,107.5,133.0,4.049736702334891e-08,0,1.5,-1.5,1223265.9569651803,
2026-01-23,107.5,134.0,1.0186223485320065,0,1.5,-1.5,1223265.9569651803,
2026-01-26,107.5,134.0,0.0008810263219882934,0,1.5,-1.5,1223265.9569651803,
2026-01-27,106.5,133.0,0.0647905111688651,0,1.5,-1.5,1223265.9569651803,
2026-01-28,106.0,133.5,1.0766910757456303,0,1.5,-1.5,1223265.9569651803,
2026-01-29,105.5,133.5,0.5668858979021802,0,1.5,-1.5,1223265.9569651803,
2026-01-30,105.5,133.5,0.0005237377103141502,0,1.5,-1.5,1223265.9569651803,
2026-02-02,105.0,133.0,0.043091650488852794,0,1.5,-1.5,1223265.9569651803,
2026-02-03,105.0,133.5,0.5539818204178839,0,1.5,-1.5,1223265.9569651803,
2026-02-04,104.5,133.0,0.04712916575433217,0,1.5,-1.5,1223265.9569651803,
2026-02-05,105.0,132.5,-1.149452594364406,0,1.5,-1.5,1223265.9569651803,
2026-02-06,105.5,133.0,-0.04151068780253366,0,1.5,-1.5,1223265.9569651803,
2026-02-09,105.0,132.0,-0.5341408322763793,0,1.5,-1.5,1223265.9569651803,
2026-02-10,105.5,132.5,-0.03957127676453338,0,1.5,-1.5,1223265.9569651803,
2026-02-11,106.5,133.0,-0.6395462010714064,0,1.5,-1.5,1223265.9569651803,
2026-02-23,107.5,135.0,1.0265487256811834,0,1.5,-1.5,1223265.9569651803,
2026-02-24,108.0,135.5,-0.037981662009120155,0,1.5,-1.5,1223265.9569651803,
2026-02-25,108.5,136.0,-0.03836321783651942,0,1.5,-1.5,1223265.9569651803,
2026-02-26,107.5,134.0,-1.0110142223078982,0,1.5,-1.5,1223265.9569651803,
2026-03-02,108.5,138.0,2.9226746465185864,-1,1.5,-1.5,1223196.0969651802,Short Spread
2026-03-03,108.5,138.0,0.0024852763608649462,-1,1.5,-1.5,1223196.0969651802,
2026-03-04,108.0,135.5,-1.943332486304435,0,1.5,-1.5,1227126.3569651803,Close
2026-03-05,107.5,137.0,1.981312742235176,-1,1.5,-1.5,1227056.5769651802,Short Spread
2026-03-06,108.0,136.5,-0.9966146674984266,0,1.5,-1.5,1228986.7969651802,Close
2026-03-09,107.5,136.0,0.03811005737485255,0,1.5,-1.5,1228986.7969651802,
2026-03-10,106.5,135.0,0.07992204117415061,0,1.5,-1.5,1228986.7969651802,
2026-03-11,106.0,135.5,1.0289451330933546,0,1.5,-1.5,1228986.7969651802,
2026-03-12,106.0,136.0,0.4944822727626676,0,1.5,-1.5,1228986.7969651802,
2026-03-13,106.5,136.0,-0.5378959235554467,0,1.5,-1.5,1228986.7969651802,
2026-03-16,108.0,136.5,-1.0768050263297015,0,1.5,-1.5,1228986.7969651802,
2026-03-17,109.5,137.0,-1.0316876117401497,0,1.5,-1.5,1228986.7969651802,
2026-03-18,110.0,137.5,-0.032930519307657946,0,1.5,-1.5,1228986.7969651802,
2026-03-19,109.5,135.5,-1.342679955746985,0,1.5,-1.5,1228986.7969651802,
2026-03-20,109.0,134.0,-0.9009331543477386,0,1.5,-1.5,1228986.7969651802,
2026-03-23,109.0,134.0,-0.0007587675701359209,0,1.5,-1.5,1228986.7969651802,
2026-03-24,109.5,134.0,-0.4809040542623742,0,1.5,-1.5,1228986.7969651802,
2026-03-25,109.0,135.0,1.3885711462259436,0,1.5,-1.5,1228986.7969651802,
2026-03-26,109.0,134.5,-0.4554069762287184,0,1.5,-1.5,1228986.7969651802,
2026-03-27,109.5,134.0,-0.9245827131919043,0,1.5,-1.5,1228986.7969651802,
2026-03-30,109.0,134.0,0.4811807680407794,0,1.5,-1.5,1228986.7969651802,
2026-03-31,109.0,133.0,-0.9190052604033541,0,1.5,-1.5,1228986.7969651802,
2026-04-01,109.5,134.0,0.4513902380905165,0,1.5,-1.5,1228986.7969651802,
2026-04-02,109.5,134.0,0.00038826539186432094,0,1.5,-1.5,1228986.7969651802,
2026-04-07,109.5,134.0,3.399249234900448e-07,0,1.5,-1.5,1228986.7969651802,
2026-04-08,109.5,134.0,2.899204719094743e-10,0,1.5,-1.5,1228986.7969651802,
2026-04-09,110.0,135.0,0.5134497514545959,0,1.5,-1.5,1228986.7969651802,
2026-04-10,110.0,135.5,0.5589801636675473,0,1.5,-1.5,1228986.7969651802,
2026-04-13,110.0,134.5,-1.1624692556150702,0,1.5,-1.5,1228986.7969651802,
2026-04-14,110.0,135.0,0.5804492930470231,0,1.5,-1.5,1228986.7969651802,
2026-04-15,110.0,135.5,0.5820795658226512,0,1.5,-1.5,1228986.7969651802,
2026-04-16,110.0,136.5,1.1540966064866156,0,1.5,-1.5,1228986.7969651802,
2026-04-17,112.5,137.5,-1.7777015853819638,1,1.5,-1.5,1228916.7969651802,Long Spread
