日期,0050.TW價,00981A.TW價,Z-Score,持倉,Upper_Bound,Lower_Bound,Exit_Upper,Exit_Lower,0050.TW口數,00981A.TW口數,未實現損益,累計已實現損益,凍結保證金,帳戶淨值,動作,Beta,OU_HalfLife,OU_R2
2020-01-06,19.565832138061523,9.60158920288086,4.248529157249596,-1,,,,,4776,9552,0.0,-437246.431774292,49993414.47647095,49562753.56822571,[網格1] 開倉: 做多0050.TW(台灣50) 4776口 / 做空00981A.TW(兆豐產業指標) 9552口 ,,,
2020-01-07,19.504941940307617,9.60158920288086,3.251472866131051,-1,,,,,0,0,0.0,-1456104.4000305175,0.0,48543895.599969484,"[網格1] 停損平倉: 做空配對, 損益=-1,018,858 ",,,
2020-01-08,19.41360664367676,9.60158920288086,2.939148540072245,0,,,,,0,0,0.0,-1456104.4000305175,0.0,48543895.599969484,,,,
2020-01-09,19.677461624145508,9.60158920288086,0.7030820789755622,0,,,,,0,0,0.0,-1456104.4000305175,0.0,48543895.599969484,,,,
2020-01-10,19.748498916625977,9.60158920288086,0.09564793962615344,0,,,,,0,0,0.0,-1456104.4000305175,0.0,48543895.599969484,,,,
2020-01-11,19.748498916625977,9.60158920288086,0.06696979422859257,0,,,,,0,0,0.0,-1456104.4000305175,0.0,48543895.599969484,,,,
2020-01-12,19.748498916625977,9.60158920288086,0.03795288978263992,0,,,,,0,0,0.0,-1456104.4000305175,0.0,48543895.599969484,,,,
2020-01-13,19.89057159423828,9.60158920288086,-1.0855581491438064,0,,,,,0,0,0.0,-1456104.4000305175,0.0,48543895.599969484,,,,
2020-01-14,20.012353897094727,9.60158920288086,-1.8160822376192856,0,,,,,0,0,0.0,-1456104.4000305175,0.0,48543895.599969484,,,,
2020-01-15,19.80938720703125,9.60158920288086,-0.32247382481661696,0,,,,,0,0,0.0,-1456104.4000305175,0.0,48543895.599969484,,,,
2020-01-16,19.748498916625977,9.60158920288086,0.1016592428487086,0,,,,,0,0,0.0,-1456104.4000305175,0.0,48543895.599969484,,,,
2020-01-17,19.748498916625977,9.60158920288086,0.07567134455770198,0,,,,,0,0,0.0,-1456104.4000305175,0.0,48543895.599969484,,,,
2020-01-18,19.748498916625977,9.60158920288086,0.049465969493940616,0,,,,,0,0,0.0,-1456104.4000305175,0.0,48543895.599969484,,,,
2020-01-19,19.748498916625977,9.60158920288086,0.02297869971915996,0,,,,,0,0,0.0,-1456104.4000305175,0.0,48543895.599969484,,,,
2020-01-20,19.82968139648437,9.60158920288086,-0.5846689734063651,0,,,,,0,0,0.0,-1456104.4000305175,0.0,48543895.599969484,,,,
2020-01-21,19.82968139648437,9.60158920288086,-0.5795807672519669,0,,,,,0,0,0.0,-1456104.4000305175,0.0,48543895.599969484,,,,
2020-01-22,19.82968139648437,9.60158920288086,-0.5745262004497501,0,,,,,0,0,0.0,-1456104.4000305175,0.0,48543895.599969484,,,,
2020-01-23,19.82968139648437,9.60158920288086,-0.5695046801133091,0,,,,,0,0,0.0,-1456104.4000305175,0.0,48543895.599969484,,,,
2020-01-24,19.82968139648437,9.60158920288086,-0.5645156262186631,0,,,,,0,0,0.0,-1456104.4000305175,0.0,48543895.599969484,,,,
2020-01-25,19.82968139648437,9.60158920288086,-0.5595584712282426,0,,,,,0,0,0.0,-1456104.4000305175,0.0,48543895.599969484,,,,
2020-01-26,19.82968139648437,9.60158920288086,-0.48561596212732494,0,,,,,0,0,0.0,-1456104.4000305175,0.0,48543895.599969484,,,,
2020-01-27,19.82968139648437,9.60158920288086,-0.4078361476660932,0,,,,,0,0,0.0,-1456104.4000305175,0.0,48543895.599969484,,,,
2020-01-28,19.82968139648437,9.60158920288086,-0.35264969348007,0,,,,,0,0,0.0,-1456104.4000305175,0.0,48543895.599969484,,,,
2020-01-29,19.82968139648437,9.60158920288086,-0.2698029475402555,0,,,,,0,0,0.0,-1456104.4000305175,0.0,48543895.599969484,,,,
2020-01-30,18.70322799682617,9.60158920288086,4.121886381934243,0,,,,,0,0,0.0,-1456104.4000305175,0.0,48543895.599969484,,,,
2020-01-31,18.84991836547852,9.60158920288086,2.642547542802495,0,,,,,0,0,0.0,-1456104.4000305175,0.0,48543895.599969484,,,,
2020-02-01,18.84991836547852,9.60158920288086,2.158518285330398,0,,,,,0,0,0.0,-1456104.4000305175,0.0,48543895.599969484,,,,
2020-02-02,18.84991836547852,9.60158920288086,1.8394935788865157,0,,,,,0,0,0.0,-1456104.4000305175,0.0,48543895.599969484,,,,
2020-02-03,18.66131401062012,9.60158920288086,1.942259611540028,0,,,,,0,0,0.0,-1456104.4000305175,0.0,48543895.599969484,,,,
2020-02-04,18.98613166809082,9.60158920288086,1.113005989278521,0,,,,,0,0,0.0,-1456104.4000305175,0.0,48543895.599969484,,,,
2020-02-05,19.038524627685547,9.60158920288086,0.9111075635954412,0,,,,,0,0,0.0,-1456104.4000305175,0.0,48543895.599969484,,,,
2020-02-06,19.34238243103028,9.60158920288086,0.23478375133092966,0,,,,,0,0,0.0,-1456104.4000305175,0.0,48543895.599969484,,,,
2020-02-07,19.11186981201172,9.60158920288086,0.6528692419282781,0,,,,,0,0,0.0,-1456104.4000305175,0.0,48543895.599969484,,,,
2020-02-08,19.11186981201172,9.60158920288086,0.5879587443487365,0,,,,,0,0,0.0,-1456104.4000305175,0.0,48543895.599969484,,,,
2020-02-09,19.11186981201172,9.60158920288086,0.5208532337090691,0,,,,,0,0,0.0,-1456104.4000305175,0.0,48543895.599969484,,,,
2020-02-10,19.06995964050293,9.60158920288086,0.5408612929900228,0,,,,,0,0,0.0,-1456104.4000305175,0.0,48543895.599969484,,,,
2020-02-11,19.227128982543945,9.60158920288086,0.13424874572218112,0,,,,,0,0,0.0,-1456104.4000305175,0.0,48543895.599969484,,,,
2020-02-12,19.41573143005371,9.60158920288086,-0.356564886381861,0,,,,,0,0,0.0,-1456104.4000305175,0.0,48543895.599969484,,,,
2020-02-13,19.44716453552246,9.60158920288086,-0.49856921081998684,0,,,,,0,0,0.0,-1456104.4000305175,0.0,48543895.599969484,,,,
2020-02-14,19.47859764099121,9.60158920288086,-0.6518179285282162,0,,,,,0,0,0.0,-1456104.4000305175,0.0,48543895.599969484,,,,
2020-02-15,19.47859764099121,9.60158920288086,-0.7391231409617955,0,,,,,0,0,0.0,-1456104.4000305175,0.0,48543895.599969484,,,,
2020-02-16,19.47859764099121,9.60158920288086,-0.8432350738694254,0,,,,,0,0,0.0,-1456104.4000305175,0.0,48543895.599969484,,,,
2020-02-17,19.34238243103028,9.60158920288086,-0.5663185415130559,0,,,,,0,0,0.0,-1456104.4000305175,0.0,48543895.599969484,,,,
2020-02-18,19.08043670654297,9.60158920288086,0.19480926395630474,0,,,,,0,0,0.0,-1456104.4000305175,0.0,48543895.599969484,,,,
2020-02-19,19.30046844482422,9.60158920288086,-0.5651349878360333,0,,,,,0,0,0.0,-1456104.4000305175,0.0,48543895.599969484,,,,
2020-02-20,19.216651916503903,9.60158920288086,-0.1563328250292127,0,,,,,0,0,0.0,-1456104.4000305175,0.0,48543895.599969484,,,,
2020-02-21,19.122344970703125,9.60158920288086,0.3209543309358712,0,,,,,0,0,0.0,-1456104.4000305175,0.0,48543895.599969484,,,,
2020-02-22,19.122344970703125,9.60158920288086,0.40863294208102624,0,,,,,0,0,0.0,-1456104.4000305175,0.0,48543895.599969484,,,,
2020-02-23,19.122344970703125,9.60158920288086,0.6534950510272586,0,,,,,0,0,0.0,-1456104.4000305175,0.0,48543895.599969484,,,,
2020-02-24,18.8813533782959,9.60158920288086,1.9673676948478862,0,,,,,0,0,0.0,-1456104.4000305175,0.0,48543895.599969484,,,,
2020-02-25,18.933746337890625,9.60158920288086,1.571722082746287,0,,,,,0,0,0.0,-1456104.4000305175,0.0,48543895.599969484,,,,
2020-02-26,18.7451400756836,9.60158920288086,2.1387542913687074,0,,,,,0,0,0.0,-1456104.4000305175,0.0,48543895.599969484,,,,
2020-02-27,18.577491760253903,9.60158920288086,2.3538415554314174,0,,,,,0,0,0.0,-1456104.4000305175,0.0,48543895.599969484,,,,
2020-02-28,18.577491760253903,9.60158920288086,1.9877644165392419,0,,,,,0,0,0.0,-1456104.4000305175,0.0,48543895.599969484,,,,
2020-02-29,18.577491760253903,9.60158920288086,1.7292436984962734,0,,,,,0,0,0.0,-1456104.4000305175,0.0,48543895.599969484,,,,
2020-03-01,18.577491760253903,9.60158920288086,1.5380883023689746,0,,,,,0,0,0.0,-1456104.4000305175,0.0,48543895.599969484,,,,
2020-03-02,18.305063247680664,9.60158920288086,1.9781975406588994,0,,,,,0,0,0.0,-1456104.4000305175,0.0,48543895.599969484,,,,
2020-03-03,18.567014694213867,9.60158920288086,1.1480145333982696,0,,,,,0,0,0.0,-1456104.4000305175,0.0,48543895.599969484,,,,
2020-03-04,18.692747116088867,9.60158920288086,0.7305737791940141,0,,,,,0,0,0.0,-1456104.4000305175,0.0,48543895.599969484,,,,
2020-03-05,18.902305603027344,9.60158920288086,0.08091350988214452,0,,,,,0,0,0.0,-1456104.4000305175,0.0,48543895.599969484,,,,
2020-03-06,18.514625549316406,9.60158920288086,1.1144625469707428,0,,,,,0,0,0.0,-1456104.4000305175,0.0,48543895.599969484,,,,
2020-03-07,18.514625549316406,9.60158920288086,1.0378572454988493,0,,,,,0,0,0.0,-1456104.4000305175,0.0,48543895.599969484,,,,
2020-03-08,18.514625549316406,9.60158920288086,0.955544662488546,0,,,,,0,0,0.0,-1456104.4000305175,0.0,48543895.599969484,,,,
2020-03-09,17.99072265625,9.60158920288086,2.244797334369087,0,,,,,0,0,0.0,-1456104.4000305175,0.0,48543895.599969484,,,,
2020-03-10,18.08502578735352,9.60158920288086,1.7639500336447806,0,,,,,0,0,0.0,-1456104.4000305175,0.0,48543895.599969484,,,,
2020-03-11,17.87546730041504,9.60158920288086,2.0660110970478733,0,,,,,0,0,0.0,-1456104.4000305175,0.0,48543895.599969484,,,,
2020-03-12,17.215349197387695,9.60158920288086,2.867005081084726,0,,,,,0,0,0.0,-1456104.4000305175,0.0,48543895.599969484,,,,
2020-03-13,16.9743595123291,9.60158920288086,2.6219135324203906,0,,,,,0,0,0.0,-1456104.4000305175,0.0,48543895.599969484,,,,
2020-03-14,16.9743595123291,9.60158920288086,2.1859803241514406,0,,,,,0,0,0.0,-1456104.4000305175,0.0,48543895.599969484,,,,
2020-03-15,16.9743595123291,9.60158920288086,1.8699266276346953,0,,,,,0,0,0.0,-1456104.4000305175,0.0,48543895.599969484,,,,
2020-03-16,16.19898796081543,9.60158920288086,2.419073037930197,0,,,,,0,0,0.0,-1456104.4000305175,0.0,48543895.599969484,,,,
2020-03-17,15.685562133789062,9.60158920288086,2.42267872390702,0,,,,,0,0,0.0,-1456104.4000305175,0.0,48543895.599969484,,,,
2020-03-18,15.255967140197754,9.60158920288086,2.307907119225978,0,,,,,0,0,0.0,-1456104.4000305175,0.0,48543895.599969484,,,,
2020-03-19,14.365337371826172,9.60158920288086,2.443319169613579,0,,,,,0,0,0.0,-1456104.4000305175,0.0,48543895.599969484,,,,
2020-03-20,15.507434844970703,9.60158920288086,1.3908322274118003,0,,,,,0,0,0.0,-1456104.4000305175,0.0,48543895.599969484,,,,
2020-03-21,15.507434844970703,9.60158920288086,1.2480572436146808,0,,,,,0,0,0.0,-1456104.4000305175,0.0,48543895.599969484,,,,
2020-03-22,15.507434844970703,9.60158920288086,1.1248515714391112,0,,,,,0,0,0.0,-1456104.4000305175,0.0,48543895.599969484,,,,
2020-03-23,14.836849212646484,9.60158920288086,1.4274167133907811,0,,,,,0,0,0.0,-1456104.4000305175,0.0,48543895.599969484,,,,
2020-03-24,15.559826850891112,9.60158920288086,0.8402557544977503,0,,,,,0,0,0.0,-1456104.4000305175,0.0,48543895.599969484,,,,
2020-03-25,16.10468292236328,9.60158920288086,0.3798699565800679,0,,,,,0,0,0.0,-1456104.4000305175,0.0,48543895.599969484,,,,
2020-03-26,16.178030014038086,9.60158920288086,0.250779518557225,0,,,,,0,0,0.0,-1456104.4000305175,0.0,48543895.599969484,,,,
2020-03-27,16.05229377746582,9.60158920288086,0.272966139634051,0,,,,,0,0,0.0,-1456104.4000305175,0.0,48543895.599969484,,,,
2020-03-28,16.05229377746582,9.60158920288086,0.18498457217264458,0,,,,,0,0,0.0,-1456104.4000305175,0.0,48543895.599969484,,,,
2020-03-29,16.05229377746582,9.60158920288086,0.1000686789100044,0,,,,,0,0,0.0,-1456104.4000305175,0.0,48543895.599969484,,,,
2020-03-30,15.895122528076172,9.60158920288086,0.17021578063211895,0,,,,,0,0,0.0,-1456104.4000305175,0.0,48543895.599969484,,,,
2020-03-31,15.957989692687988,9.60158920288086,-0.020979455993017513,0,,,,,0,0,0.0,-1456104.4000305175,0.0,48543895.599969484,,,,
2020-04-01,15.905601501464844,9.60158920288086,-0.04291116601141704,0,,,,,0,0,0.0,-1456104.4000305175,0.0,48543895.599969484,,,,
2020-04-02,15.905601501464844,9.60158920288086,-0.13466264697816593,0,,,,,0,0,0.0,-1456104.4000305175,0.0,48543895.599969484,,,,
2020-04-03,15.905601501464844,9.60158920288086,-0.24843074049762054,0,,,,,0,0,0.0,-1456104.4000305175,0.0,48543895.599969484,,,,
2020-04-04,15.905601501464844,9.60158920288086,-0.404230532051689,0,,,,,0,0,0.0,-1456104.4000305175,0.0,48543895.599969484,,,,
2020-04-05,15.905601501464844,9.60158920288086,-0.44666162646911733,0,,,,,0,0,0.0,-1456104.4000305175,0.0,48543895.599969484,,,,
2020-04-06,16.146595001220703,9.60158920288086,-0.904375983755573,0,,,,,0,0,0.0,-1456104.4000305175,0.0,48543895.599969484,,,,
2020-04-07,16.450456619262695,9.60158920288086,-1.389642584204132,0,,,,,0,0,0.0,-1456104.4000305175,0.0,48543895.599969484,,,,
2020-04-08,16.68097686767578,9.60158920288086,-2.0056289522462274,0,,,,,0,0,0.0,-1456104.4000305175,0.0,48543895.599969484,,,,
2020-04-09,16.607629776000977,9.60158920288086,-1.5984701400038686,0,,,,,0,0,0.0,-1456104.4000305175,0.0,48543895.599969484,,,,
2020-04-10,16.618106842041016,9.60158920288086,-1.4482215905695872,0,,,,,0,0,0.0,-1456104.4000305175,0.0,48543895.599969484,,,,
2020-04-11,16.618106842041016,9.60158920288086,-1.305443732363638,0,,,,,0,0,0.0,-1456104.4000305175,0.0,48543895.599969484,,,,
2020-04-12,16.618106842041016,9.60158920288086,-1.4176661473229455,0,,,,,0,0,0.0,-1456104.4000305175,0.0,48543895.599969484,,,,
2020-04-13,16.513324737548828,9.60158920288086,-1.0215857404720907,0,,,,,0,0,0.0,-1456104.4000305175,0.0,48543895.599969484,,,,
2020-04-14,16.963878631591797,9.60158920288086,-2.072036526568584,0,,,,,0,0,0.0,-1456104.4000305175,0.0,48543895.599969484,,,,
2020-04-15,17.016267776489258,9.60158920288086,-1.885888912527835,0,,,,,0,0,0.0,-1456104.4000305175,0.0,48543895.599969484,,,,
2020-04-16,16.932443618774414,9.60158920288086,-1.4734925813547282,0,,,,,0,0,0.0,-1456104.4000305175,0.0,48543895.599969484,,,,
2020-04-17,17.44586944580078,9.60158920288086,-2.216338877264065,0,,,,,0,0,0.0,-1456104.4000305175,0.0,48543895.599969484,,,,
2020-04-18,17.44586944580078,9.60158920288086,-1.8831222406394137,0,,,,,0,0,0.0,-1456104.4000305175,0.0,48543895.599969484,,,,
2020-04-19,17.44586944580078,9.60158920288086,-1.6544137721911156,0,,,,,0,0,0.0,-1456104.4000305175,0.0,48543895.599969484,,,,
2020-04-20,17.393478393554688,9.60158920288086,-1.393215178615662,0,,,,,0,0,0.0,-1456104.4000305175,0.0,48543895.599969484,,,,
2020-04-21,16.89052963256836,9.60158920288086,-0.4146914309574629,0,,,,,0,0,0.0,-1456104.4000305175,0.0,48543895.599969484,,,,
2020-04-22,16.89052963256836,9.60158920288086,-0.34107372688637033,0,,,,,0,0,0.0,-1456104.4000305175,0.0,48543895.599969484,,,,
2020-04-23,16.953401565551758,9.60158920288086,-0.3901795309776376,0,,,,,0,0,0.0,-1456104.4000305175,0.0,48543895.599969484,,,,
2020-04-24,16.953401565551758,9.60158920288086,-0.3079447215427407,0,,,,,0,0,0.0,-1456104.4000305175,0.0,48543895.599969484,,,,
2020-04-25,16.953401565551758,9.60158920288086,-0.2132148676498091,0,,,,,0,0,0.0,-1456104.4000305175,0.0,48543895.599969484,,,,
2020-04-26,16.953401565551758,9.60158920288086,-0.11476183563336882,0,,,,,0,0,0.0,-1456104.4000305175,0.0,48543895.599969484,,,,
2020-04-27,17.299177169799805,9.60158920288086,-1.1100504995877203,0,,,,,0,0,0.0,-1456104.4000305175,0.0,48543895.599969484,,,,
2020-04-28,17.299177169799805,9.60158920288086,-1.0037807937024692,0,,,,,0,0,0.0,-1456104.4000305175,0.0,48543895.599969484,,,,
2020-04-29,17.5401668548584,9.60158920288086,-1.5873231853744354,0,,,,,0,0,0.0,-1456104.4000305175,0.0,48543895.599969484,,,,
2020-04-30,17.917377471923828,9.60158920288086,-2.283186219958601,0,,,,,0,0,0.0,-1456104.4000305175,0.0,48543895.599969484,,,,
2020-05-01,17.917377471923828,9.60158920288086,-1.9656038158802471,0,,,,,0,0,0.0,-1456104.4000305175,0.0,48543895.599969484,,,,
2020-05-02,17.917377471923828,9.60158920288086,-1.740611721226472,0,,,,,0,0,0.0,-1456104.4000305175,0.0,48543895.599969484,,,,
2020-05-03,17.917377471923828,9.60158920288086,-1.602420801901514,0,,,,,0,0,0.0,-1456104.4000305175,0.0,48543895.599969484,,,,
2020-05-04,17.393478393554688,9.60158920288086,-0.18540145414664552,0,,,,,0,0,0.0,-1456104.4000305175,0.0,48543895.599969484,,,,
2020-05-05,17.4773006439209,9.60158920288086,-0.3525007839386009,0,,,,,0,0,0.0,-1456104.4000305175,0.0,48543895.599969484,,,,
2020-05-06,17.49825668334961,9.60158920288086,-0.34374575982505245,0,,,,,0,0,0.0,-1456104.4000305175,0.0,48543895.599969484,,,,
2020-05-07,17.57159996032715,9.60158920288086,-0.527434339435263,0,,,,,0,0,0.0,-1456104.4000305175,0.0,48543895.599969484,,,,
2020-05-08,17.676382064819336,9.60158920288086,-0.7736196746417007,0,,,,,0,0,0.0,-1456104.4000305175,0.0,48543895.599969484,,,,
2020-05-09,17.676382064819336,9.60158920288086,-0.7314998644190845,0,,,,,0,0,0.0,-1456104.4000305175,0.0,48543895.599969484,,,,
2020-05-10,17.676382064819336,9.60158920288086,-0.684404930025104,0,,,,,0,0,0.0,-1456104.4000305175,0.0,48543895.599969484,,,,
2020-05-11,17.823076248168945,9.60158920288086,-0.9793950158112629,0,,,,,0,0,0.0,-1456104.4000305175,0.0,48543895.599969484,,,,
2020-05-12,17.61351776123047,9.60158920288086,-0.32935775670506107,0,,,,,0,0,0.0,-1456104.4000305175,0.0,48543895.599969484,,,,
2020-05-13,17.66590690612793,9.60158920288086,-0.4072260870343132,0,,,,,0,0,0.0,-1456104.4000305175,0.0,48543895.599969484,,,,
2020-05-14,17.456344604492188,9.60158920288086,0.3697663799693416,0,,,,,0,0,0.0,-1456104.4000305175,0.0,48543895.599969484,,,,
2020-05-15,17.57159996032715,9.60158920288086,0.08669420670808915,0,,,,,0,0,0.0,-1456104.4000305175,0.0,48543895.599969484,,,,
2020-05-16,17.57159996032715,9.60158920288086,0.2656830991535527,0,,,,,0,0,0.0,-1456104.4000305175,0.0,48543895.599969484,,,,
2020-05-17,17.57159996032715,9.60158920288086,0.3618393645620617,0,,,,,0,0,0.0,-1456104.4000305175,0.0,48543895.599969484,,,,
2020-05-18,17.424909591674805,9.60158920288086,1.2729522546413852,0,,,,,0,0,0.0,-1456104.4000305175,0.0,48543895.599969484,,,,
2020-05-19,17.582082748413086,9.60158920288086,0.3738613116643363,0,,,,,0,0,0.0,-1456104.4000305175,0.0,48543895.599969484,,,,
2020-05-20,17.561124801635742,9.60158920288086,0.42080899863284293,0,,,,,0,0,0.0,-1456104.4000305175,0.0,48543895.599969484,,,,
2020-05-21,17.70781898498535,9.60158920288086,-0.6187346927072548,0,,,,,0,0,0.0,-1456104.4000305175,0.0,48543895.599969484,,,,
2020-05-22,17.382999420166016,9.60158920288086,1.5237026542738377,0,,,,,0,0,0.0,-1456104.4000305175,0.0,48543895.599969484,,,,
2020-05-23,17.382999420166016,9.60158920288086,1.5027106528467706,0,,,,,0,0,0.0,-1456104.4000305175,0.0,48543895.599969484,,,,
2020-05-24,17.382999420166016,9.60158920288086,1.4884835927669489,0,,,,,0,0,0.0,-1456104.4000305175,0.0,48543895.599969484,,,,
2020-05-25,17.49825668334961,9.60158920288086,0.551098898372238,0,,,,,0,0,0.0,-1456104.4000305175,0.0,48543895.599969484,,,,
2020-05-26,17.69734001159668,9.60158920288086,-0.9955602368323091,0,,,,,0,0,0.0,-1456104.4000305175,0.0,48543895.599969484,,,,
2020-05-27,17.676382064819336,9.60158920288086,-0.7698732378975871,0,,,,,0,0,0.0,-1456104.4000305175,0.0,48543895.599969484,,,,
2020-05-28,17.57159996032715,9.60158920288086,0.025549426454588457,0,,,,,0,0,0.0,-1456104.4000305175,0.0,48543895.599969484,,,,
2020-05-29,17.69734001159668,9.60158920288086,-0.9791343622326838,0,,,,,0,0,0.0,-1456104.4000305175,0.0,48543895.599969484,,,,
2020-05-30,17.69734001159668,9.60158920288086,-0.9631019321608202,0,,,,,0,0,0.0,-1456104.4000305175,0.0,48543895.599969484,,,,
2020-05-31,17.69734001159668,9.60158920288086,-1.1041430658466642,0,,,,,0,0,0.0,-1456104.4000305175,0.0,48543895.599969484,,,,
2020-06-01,17.79163932800293,9.60158920288086,-1.7000368979966975,0,,,,,0,0,0.0,-1456104.4000305175,0.0,48543895.599969484,,,,
2020-06-02,17.87546730041504,9.60158920288086,-2.0353518427956034,0,,,,,0,0,0.0,-1456104.4000305175,0.0,48543895.599969484,,,,
2020-06-03,18.189807891845703,9.60158920288086,-2.957487504642697,0,,,,,0,0,0.0,-1456104.4000305175,0.0,48543895.599969484,,,,
2020-06-04,18.357452392578125,9.60158920288086,-2.764172716685891,0,,,,,0,0,0.0,-1456104.4000305175,0.0,48543895.599969484,,,,
2020-06-05,18.514625549316406,9.60158920288086,-2.5645151269016235,0,,,,,0,0,0.0,-1456104.4000305175,0.0,48543895.599969484,,,,
2020-06-06,18.514625549316406,9.60158920288086,-2.107691816662865,0,,,,,0,0,0.0,-1456104.4000305175,0.0,48543895.599969484,,,,
2020-06-07,18.514625549316406,9.60158920288086,-1.8130831930376663,0,,,,,0,0,0.0,-1456104.4000305175,0.0,48543895.599969484,,,,
2020-06-08,18.7556209564209,9.60158920288086,-2.0285319525679077,0,,,,,0,0,0.0,-1456104.4000305175,0.0,48543895.599969484,,,,
2020-06-09,18.776573181152344,9.60158920288086,-1.7836557288374832,0,,,,,0,0,0.0,-1456104.4000305175,0.0,48543895.599969484,,,,
2020-06-10,18.954700469970703,9.60158920288086,-1.8403277257709763,0,,,,,0,0,0.0,-1456104.4000305175,0.0,48543895.599969484,,,,
2020-06-11,18.66131401062012,9.60158920288086,-1.1559048439396233,0,,,,,0,0,0.0,-1456104.4000305175,0.0,48543895.599969484,,,,
2020-06-12,18.49366950988769,9.60158920288086,-0.751361709991526,0,,,,,0,0,0.0,-1456104.4000305175,0.0,48543895.599969484,,,,
2020-06-13,18.49366950988769,9.60158920288086,-0.6736971520365651,0,,,,,0,0,0.0,-1456104.4000305175,0.0,48543895.599969484,,,,
2020-06-14,18.49366950988769,9.60158920288086,-0.5977259169865942,0,,,,,0,0,0.0,-1456104.4000305175,0.0,48543895.599969484,,,,
2020-06-15,18.23171806335449,9.60158920288086,0.037012724020078214,0,,,,,0,0,0.0,-1456104.4000305175,0.0,48543895.599969484,,,,
2020-06-16,18.6298828125,9.60158920288086,-0.7864557694945973,0,,,,,0,0,0.0,-1456104.4000305175,0.0,48543895.599969484,,,,
2020-06-17,18.650835037231445,9.60158920288086,-0.7611932777906243,0,,,,,0,0,0.0,-1456104.4000305175,0.0,48543895.599969484,,,,
2020-06-18,18.6298828125,9.60158920288086,-0.6334368714934384,0,,,,,0,0,0.0,-1456104.4000305175,0.0,48543895.599969484,,,,
2020-06-19,18.619403839111328,9.60158920288086,-0.5321063824389859,0,,,,,0,0,0.0,-1456104.4000305175,0.0,48543895.599969484,,,,
2020-06-20,18.619403839111328,9.60158920288086,-0.4603426970056763,0,,,,,0,0,0.0,-1456104.4000305175,0.0,48543895.599969484,,,,
2020-06-21,18.619403839111328,9.60158920288086,-0.3837625835545634,0,,,,,0,0,0.0,-1456104.4000305175,0.0,48543895.599969484,,,,
2020-06-22,18.66131401062012,9.60158920288086,-0.5216306484255423,0,,,,,0,0,0.0,-1456104.4000305175,0.0,48543895.599969484,,,,
2020-06-23,18.7451400756836,9.60158920288086,-0.9473805865481217,0,,,,,0,0,0.0,-1456104.4000305175,0.0,48543895.599969484,,,,
2020-06-24,18.860397338867188,9.60158920288086,-1.5240347918005197,0,,,,,0,0,0.0,-1456104.4000305175,0.0,48543895.599969484,,,,
2020-06-25,18.860397338867188,9.60158920288086,-1.357272677643399,0,,,,,0,0,0.0,-1456104.4000305175,0.0,48543895.599969484,,,,
2020-06-26,18.860397338867188,9.60158920288086,-1.2185138391525194,0,,,,,0,0,0.0,-1456104.4000305175,0.0,48543895.599969484,,,,
2020-06-27,18.860397338867188,9.60158920288086,-1.0993327837355489,0,,,,,0,0,0.0,-1456104.4000305175,0.0,48543895.599969484,,,,
2020-06-28,18.860397338867188,9.60158920288086,-1.0425111643589164,0,,,,,0,0,0.0,-1456104.4000305175,0.0,48543895.599969484,,,,
2020-06-29,18.67179298400879,9.60158920288086,0.012162823586132248,0,,,,,0,0,0.0,-1456104.4000305175,0.0,48543895.599969484,,,,
2020-06-30,18.83944129943848,9.60158920288086,-1.043270429823497,0,,,,,0,0,0.0,-1456104.4000305175,0.0,48543895.599969484,,,,
2020-07-01,18.965177536010746,9.60158920288086,-1.591541542467754,0,,,,,0,0,0.0,-1456104.4000305175,0.0,48543895.599969484,,,,
2020-07-02,19.17473793029785,9.60158920288086,-2.2598687405631446,0,,,,,0,0,0.0,-1456104.4000305175,0.0,48543895.599969484,,,,
2020-07-03,19.394775390625,9.60158920288086,-2.5742515463568942,0,,,,,0,0,0.0,-1456104.4000305175,0.0,48543895.599969484,,,,
2020-07-04,19.394775390625,9.60158920288086,-2.1381176124155705,0,,,,,0,0,0.0,-1456104.4000305175,0.0,48543895.599969484,,,,
2020-07-05,19.394775390625,9.60158920288086,-1.9639094740041283,0,,,,,0,0,0.0,-1456104.4000305175,0.0,48543895.599969484,,,,
2020-07-06,19.730073928833008,9.60158920288086,-2.4883482068219784,0,,,,,0,0,0.0,-1456104.4000305175,0.0,48543895.599969484,,,,
2020-07-07,19.803417205810547,9.60158920288086,-2.209238278719456,0,,,,,0,0,0.0,-1456104.4000305175,0.0,48543895.599969484,,,,
2020-07-08,19.93962860107422,9.60158920288086,-2.1279604117547253,0,,,,,0,0,0.0,-1456104.4000305175,0.0,48543895.599969484,,,,
2020-07-09,20.002498626708984,9.60158920288086,-1.9361404802122897,0,,,,,0,0,0.0,-1456104.4000305175,0.0,48543895.599969484,,,,
2020-07-10,19.834850311279297,9.60158920288086,-1.4037759259723477,0,,,,,0,0,0.0,-1456104.4000305175,0.0,48543895.599969484,,,,
2020-07-11,19.834850311279297,9.60158920288086,-1.2663538416739502,0,,,,,0,0,0.0,-1456104.4000305175,0.0,48543895.599969484,,,,
2020-07-12,19.834850311279297,9.60158920288086,-1.1475583913322274,0,,,,,0,0,0.0,-1456104.4000305175,0.0,48543895.599969484,,,,
2020-07-13,20.12823867797852,9.60158920288086,-1.567723708113774,0,,,,,0,0,0.0,-1456104.4000305175,0.0,48543895.599969484,,,,
2020-07-14,20.25397109985352,9.60158920288086,-1.6053551944562,0,,,,,0,0,0.0,-1456104.4000305175,0.0,48543895.599969484,,,,
2020-07-15,20.337797164916992,9.60158920288086,-1.5654771157243021,0,,,,,0,0,0.0,-1456104.4000305175,0.0,48543895.599969484,,,,
2020-07-16,20.138715744018555,9.60158920288086,-1.080487929160915,0,,,,,0,0,0.0,-1456104.4000305175,0.0,48543895.599969484,,,,
2020-07-17,20.36922645568848,9.60158920288086,-1.3720960549605719,0,,,,,0,0,0.0,-1456104.4000305175,0.0,48543895.599969484,,,,
2020-07-18,20.36922645568848,9.60158920288086,-1.253721687894363,0,,,,,0,0,0.0,-1456104.4000305175,0.0,48543895.599969484,,,,
2020-07-19,20.36922645568848,9.60158920288086,-1.1903000979496954,0,,,,,0,0,0.0,-1456104.4000305175,0.0,48543895.599969484,,,,
2020-07-20,20.337797164916992,9.60158920288086,-1.0657486575754525,0,,,,,0,0,0.0,-1456104.4000305175,0.0,48543895.599969484,,,,
2020-07-21,20.83383560180664,9.60158920288086,-2.034143695507393,0,,,,,0,0,0.0,-1456104.4000305175,0.0,48543895.599969484,,,,
2020-07-22,20.88661193847656,9.60158920288086,-1.942841314480719,0,,,,,0,0,0.0,-1456104.4000305175,0.0,48543895.599969484,,,,
2020-07-23,20.8655014038086,9.60158920288086,-1.6961432820474898,0,,,,,0,0,0.0,-1456104.4000305175,0.0,48543895.599969484,,,,
2020-07-24,20.791624069213867,9.60158920288086,-1.4053741504197166,0,,,,,0,0,0.0,-1456104.4000305175,0.0,48543895.599969484,,,,
2020-07-25,20.791624069213867,9.60158920288086,-1.321247689284315,0,,,,,0,0,0.0,-1456104.4000305175,0.0,48543895.599969484,,,,
2020-07-26,20.791624069213867,9.60158920288086,-1.2029447193356835,0,,,,,0,0,0.0,-1456104.4000305175,0.0,48543895.599969484,,,,
2020-07-27,21.8048152923584,9.60158920288086,-2.8135768338687495,0,,,,,0,0,0.0,-1456104.4000305175,0.0,48543895.599969484,,,,
2020-07-28,21.86814308166504,9.60158920288086,-2.3519044852245856,0,,,,,0,0,0.0,-1456104.4000305175,0.0,48543895.599969484,,,,
2020-07-29,21.6465072631836,9.60158920288086,-1.706980210060856,0,,,,,0,0,0.0,-1456104.4000305175,0.0,48543895.599969484,,,,
2020-07-30,21.96313095092773,9.60158920288086,-1.9169765954626687,0,,,,,0,0,0.0,-1456104.4000305175,0.0,48543895.599969484,,,,
2020-07-31,21.910362243652344,9.60158920288086,-1.6320705381746448,0,,,,,0,0,0.0,-1456104.4000305175,0.0,48543895.599969484,,,,
2020-08-01,21.910362243652344,9.60158920288086,-1.4753260726953603,0,,,,,0,0,0.0,-1456104.4000305175,0.0,48543895.599969484,,,,
2020-08-02,21.910362243652344,9.60158920288086,-1.3273736582943236,0,,,,,0,0,0.0,-1456104.4000305175,0.0,48543895.599969484,,,,
2020-08-03,21.530412673950195,9.60158920288086,-0.6898421465439334,0,,,,,0,0,0.0,-1456104.4000305175,0.0,48543895.599969484,,,,
2020-08-04,21.8048152923584,9.60158920288086,-0.9983747383537087,0,,,,,0,0,0.0,-1456104.4000305175,0.0,48543895.599969484,,,,
2020-08-05,22.01590156555176,9.60158920288086,-1.2072742698882415,0,,,,,0,0,0.0,-1456104.4000305175,0.0,48543895.599969484,,,,
2020-08-06,22.24808883666992,9.60158920288086,-1.414196519817514,0,,,,,0,0,0.0,-1456104.4000305175,0.0,48543895.599969484,,,,
2020-08-07,22.08978080749512,9.60158920288086,-1.071139962861617,0,,,,,0,0,0.0,-1456104.4000305175,0.0,48543895.599969484,,,,
2020-08-08,22.08978080749512,9.60158920288086,-0.9882335702358421,0,,,,,0,0,0.0,-1456104.4000305175,0.0,48543895.599969484,,,,
2020-08-09,22.08978080749512,9.60158920288086,-0.9256774466463514,0,,,,,0,0,0.0,-1456104.4000305175,0.0,48543895.599969484,,,,
2020-08-10,22.29030990600586,9.60158920288086,-1.1843081082171998,0,,,,,0,0,0.0,-1456104.4000305175,0.0,48543895.599969484,,,,
2020-08-11,22.121442794799805,9.60158920288086,-0.783412827780458,0,,,,,0,0,0.0,-1456104.4000305175,0.0,48543895.599969484,,,,
2020-08-12,21.794261932373047,9.60158920288086,-0.04575166142643514,0,,,,,0,0,0.0,-1456104.4000305175,0.0,48543895.599969484,,,,
2020-08-13,22.00535011291504,9.60158920288086,-0.4273603033795289,0,,,,,0,0,0.0,-1456104.4000305175,0.0,48543895.599969484,,,,
2020-08-14,22.058115005493164,9.60158920288086,-0.5031759279161602,0,,,,,0,0,0.0,-1456104.4000305175,0.0,48543895.599969484,,,,
2020-08-15,22.058115005493164,9.60158920288086,-0.5208709034717895,0,,,,,0,0,0.0,-1456104.4000305175,0.0,48543895.599969484,,,,
2020-08-16,22.058115005493164,9.60158920288086,-0.45950479180722775,0,,,,,0,0,0.0,-1456104.4000305175,0.0,48543895.599969484,,,,
2020-08-17,22.29030990600586,9.60158920288086,-1.5101748745971793,0,,,,,0,0,0.0,-1456104.4000305175,0.0,48543895.599969484,,,,
2020-08-18,22.16366004943848,9.60158920288086,-0.7917012057080206,0,,,,,0,0,0.0,-1456104.4000305175,0.0,48543895.599969484,,,,
2020-08-19,22.00535011291504,9.60158920288086,0.09335835932382941,0,,,,,0,0,0.0,-1456104.4000305175,0.0,48543895.599969484,,,,
2020-08-20,21.234893798828125,9.60158920288086,2.9910624830565555,0,,,,,0,0,0.0,-1456104.4000305175,0.0,48543895.599969484,,,,
2020-08-21,21.699277877807617,9.60158920288086,1.0729449079079592,0,,,,,0,0,0.0,-1456104.4000305175,0.0,48543895.599969484,,,,
2020-08-22,21.699277877807617,9.60158920288086,1.004895663353374,0,,,,,0,0,0.0,-1456104.4000305175,0.0,48543895.599969484,,,,
2020-08-23,21.699277877807617,9.60158920288086,1.0860594207451768,0,,,,,0,0,0.0,-1456104.4000305175,0.0,48543895.599969484,,,,
2020-08-24,21.762601852416992,9.60158920288086,0.8236806365686117,0,,,,,0,0,0.0,-1456104.4000305175,0.0,48543895.599969484,,,,
2020-08-25,21.93146705627441,9.60158920288086,0.14828728890449464,0,,,,,0,0,0.0,-1456104.4000305175,0.0,48543895.599969484,,,,
2020-08-26,22.01590156555176,9.60158920288086,-0.2339961017435935,0,,,,,0,0,0.0,-1456104.4000305175,0.0,48543895.599969484,,,,
2020-08-27,22.06867408752441,9.60158920288086,-0.4519759233847484,0,,,,,0,0,0.0,-1456104.4000305175,0.0,48543895.599969484,,,,
2020-08-28,21.847034454345703,9.60158920288086,0.39587023649786934,0,,,,,0,0,0.0,-1456104.4000305175,0.0,48543895.599969484,,,,
2020-08-29,21.847034454345703,9.60158920288086,0.34884586555344665,0,,,,,0,0,0.0,-1456104.4000305175,0.0,48543895.599969484,,,,
2020-08-30,21.847034454345703,9.60158920288086,0.27458661452463246,0,,,,,0,0,0.0,-1456104.4000305175,0.0,48543895.599969484,,,,
2020-08-31,21.488195419311523,9.60158920288086,1.6054191007334022,0,,,,,0,0,0.0,-1456104.4000305175,0.0,48543895.599969484,,,,
2020-09-01,21.815372467041016,9.60158920288086,0.26504946318600997,0,,,,,0,0,0.0,-1456104.4000305175,0.0,48543895.599969484,,,,
2020-09-02,21.741493225097656,9.60158920288086,0.5149229107490715,0,,,,,0,0,0.0,-1456104.4000305175,0.0,48543895.599969484,,,,
2020-09-03,21.8048152923584,9.60158920288086,0.205404225279076,0,,,,,0,0,0.0,-1456104.4000305175,0.0,48543895.599969484,,,,
2020-09-04,21.6465072631836,9.60158920288086,0.784404749245388,0,,,,,0,0,0.0,-1456104.4000305175,0.0,48543895.599969484,,,,
2020-09-05,21.6465072631836,9.60158920288086,0.7059291638780787,0,,,,,0,0,0.0,-1456104.4000305175,0.0,48543895.599969484,,,,
2020-09-06,21.6465072631836,9.60158920288086,0.6404033785571033,0,,,,,0,0,0.0,-1456104.4000305175,0.0,48543895.599969484,,,,
2020-09-07,21.61484336853028,9.60158920288086,0.7213758849568269,0,,,,,0,0,0.0,-1456104.4000305175,0.0,48543895.599969484,,,,
2020-09-08,21.741493225097656,9.60158920288086,-0.008685096446160164,0,,,,,0,0,0.0,-1456104.4000305175,0.0,48543895.599969484,,,,
2020-09-09,21.593734741210938,9.60158920288086,1.144251207815197,0,,,,,0,0,0.0,-1456104.4000305175,0.0,48543895.599969484,,,,
2020-09-10,21.783710479736328,9.60158920288086,-0.15145659726240301,0,,,,,0,0,0.0,-1456104.4000305175,0.0,48543895.599969484,,,,
2020-09-11,21.794261932373047,9.60158920288086,-0.1929102869947807,0,,,,,0,0,0.0,-1456104.4000305175,0.0,48543895.599969484,,,,
2020-09-12,21.794261932373047,9.60158920288086,-0.16041189830142896,0,,,,,0,0,0.0,-1456104.4000305175,0.0,48543895.599969484,,,,
2020-09-13,21.794261932373047,9.60158920288086,-0.14914482640642604,0,,,,,0,0,0.0,-1456104.4000305175,0.0,48543895.599969484,,,,
2020-09-14,22.06867408752441,9.60158920288086,-1.89291323197914,0,,,,,0,0,0.0,-1456104.4000305175,0.0,48543895.599969484,,,,
2020-09-15,22.15310478210449,9.60158920288086,-2.2043394106506904,0,,,,,0,0,0.0,-1456104.4000305175,0.0,48543895.599969484,,,,
2020-09-16,22.49083709716797,9.60158920288086,-3.0836778095900756,0,,,,,0,0,0.0,-1456104.4000305175,0.0,48543895.599969484,,,,
2020-09-17,22.24808883666992,9.60158920288086,-1.7333421497610504,0,,,,,0,0,0.0,-1456104.4000305175,0.0,48543895.599969484,,,,
2020-09-18,22.22698402404785,9.60158920288086,-1.4711176450126475,0,,,,,0,0,0.0,-1456104.4000305175,0.0,48543895.599969484,,,,
2020-09-19,22.22698402404785,9.60158920288086,-1.3275781734989605,0,,,,,0,0,0.0,-1456104.4000305175,0.0,48543895.599969484,,,,
2020-09-20,22.22698402404785,9.60158920288086,-1.2089517952094924,0,,,,,0,0,0.0,-1456104.4000305175,0.0,48543895.599969484,,,,
2020-09-21,22.047563552856445,9.60158920288086,-0.49427851852542753,0,,,,,0,0,0.0,-1456104.4000305175,0.0,48543895.599969484,,,,
2020-09-22,21.762601852416992,9.60158920288086,0.5702375092720189,0,,,,,0,0,0.0,-1456104.4000305175,0.0,48543895.599969484,,,,
2020-09-23,21.730939865112305,9.60158920288086,0.6692019287537955,0,,,,,0,0,0.0,-1456104.4000305175,0.0,48543895.599969484,,,,
2020-09-24,21.20323181152344,9.60158920288086,2.2231624438646893,0,,,,,0,0,0.0,-1456104.4000305175,0.0,48543895.599969484,,,,
2020-09-25,21.24545288085937,9.60158920288086,1.851544258167832,0,,,,,0,0,0.0,-1456104.4000305175,0.0,48543895.599969484,,,,
2020-09-26,21.24545288085937,9.60158920288086,1.6684748877440794,0,,,,,0,0,0.0,-1456104.4000305175,0.0,48543895.599969484,,,,
2020-09-27,21.24545288085937,9.60158920288086,1.5272463888525163,0,,,,,0,0,0.0,-1456104.4000305175,0.0,48543895.599969484,,,,
2020-09-28,21.593734741210938,9.60158920288086,0.5948899563755632,0,,,,,0,0,0.0,-1456104.4000305175,0.0,48543895.599969484,,,,
2020-09-29,21.6465072631836,9.60158920288086,0.4670467908420355,0,,,,,0,0,0.0,-1456104.4000305175,0.0,48543895.599969484,,,,
2020-09-30,21.741493225097656,9.60158920288086,0.21483358404707859,0,,,,,0,0,0.0,-1456104.4000305175,0.0,48543895.599969484,,,,
2020-10-01,21.741493225097656,9.60158920288086,0.2077781836624757,0,,,,,0,0,0.0,-1456104.4000305175,0.0,48543895.599969484,,,,
2020-10-02,21.741493225097656,9.60158920288086,0.20074733976244238,0,,,,,0,0,0.0,-1456104.4000305175,0.0,48543895.599969484,,,,
2020-10-03,21.741493225097656,9.60158920288086,0.19373989569592964,0,,,,,0,0,0.0,-1456104.4000305175,0.0,48543895.599969484,,,,
2020-10-04,21.741493225097656,9.60158920288086,0.15316148075194908,0,,,,,0,0,0.0,-1456104.4000305175,0.0,48543895.599969484,,,,
2020-10-05,21.75205039978028,9.60158920288086,0.07490248177181356,0,,,,,0,0,0.0,-1456104.4000305175,0.0,48543895.599969484,,,,
2020-10-06,22.00535011291504,9.60158920288086,-0.7364919474555853,0,,,,,0,0,0.0,-1456104.4000305175,0.0,48543895.599969484,,,,
2020-10-07,22.121442794799805,9.60158920288086,-1.1263307058350798,0,,,,,0,0,0.0,-1456104.4000305175,0.0,48543895.599969484,,,,
2020-10-08,22.416954040527344,9.60158920288086,-1.8960157589427802,0,,,,,0,0,0.0,-1456104.4000305175,0.0,48543895.599969484,,,,
2020-10-09,22.416954040527344,9.60158920288086,-1.7876396047284941,0,,,,,0,0,0.0,-1456104.4000305175,0.0,48543895.599969484,,,,
2020-10-10,22.416954040527344,9.60158920288086,-1.6923177041971873,0,,,,,0,0,0.0,-1456104.4000305175,0.0,48543895.599969484,,,,
2020-10-11,22.416954040527344,9.60158920288086,-1.5519204381103469,0,,,,,0,0,0.0,-1456104.4000305175,0.0,48543895.599969484,,,,
2020-10-12,22.596378326416016,9.60158920288086,-1.7319728667444185,0,,,,,0,0,0.0,-1456104.4000305175,0.0,48543895.599969484,,,,
2020-10-13,22.606931686401367,9.60158920288086,-1.5451914929239592,0,,,,,0,0,0.0,-1456104.4000305175,0.0,48543895.599969484,,,,
2020-10-14,22.52249526977539,9.60158920288086,-1.2452576623349338,0,,,,,0,0,0.0,-1456104.4000305175,0.0,48543895.599969484,,,,
2020-10-15,22.311418533325195,9.60158920288086,-0.7100484607535832,0,,,,,0,0,0.0,-1456104.4000305175,0.0,48543895.599969484,,,,
2020-10-16,22.216426849365234,9.60158920288086,-0.4157466304845987,0,,,,,0,0,0.0,-1456104.4000305175,0.0,48543895.599969484,,,,
2020-10-17,22.216426849365234,9.60158920288086,-0.33324455573750716,0,,,,,0,0,0.0,-1456104.4000305175,0.0,48543895.599969484,,,,
2020-10-18,22.216426849365234,9.60158920288086,-0.2600114402328516,0,,,,,0,0,0.0,-1456104.4000305175,0.0,48543895.599969484,,,,
2020-10-19,22.50139045715332,9.60158920288086,-1.0151051214851947,0,,,,,0,0,0.0,-1456104.4000305175,0.0,48543895.599969484,,,,
2020-10-20,22.374740600585938,9.60158920288086,-0.5501803162927305,0,,,,,0,0,0.0,-1456104.4000305175,0.0,48543895.599969484,,,,
2020-10-21,22.36418914794922,9.60158920288086,-0.44174621993474045,0,,,,,0,0,0.0,-1456104.4000305175,0.0,48543895.599969484,,,,
2020-10-22,22.39584732055664,9.60158920288086,-0.47432643944837644,0,,,,,0,0,0.0,-1456104.4000305175,0.0,48543895.599969484,,,,
2020-10-23,22.39584732055664,9.60158920288086,-0.3957268568225231,0,,,,,0,0,0.0,-1456104.4000305175,0.0,48543895.599969484,,,,
2020-10-24,22.39584732055664,9.60158920288086,-0.30947758783966883,0,,,,,0,0,0.0,-1456104.4000305175,0.0,48543895.599969484,,,,
2020-10-25,22.39584732055664,9.60158920288086,-0.20393801571792547,0,,,,,0,0,0.0,-1456104.4000305175,0.0,48543895.599969484,,,,
2020-10-26,22.39584732055664,9.60158920288086,-0.08942984645031658,0,,,,,0,0,0.0,-1456104.4000305175,0.0,48543895.599969484,,,,
2020-10-27,22.269201278686523,9.60158920288086,1.106385472502538,0,,,,,0,0,0.0,-1456104.4000305175,0.0,48543895.599969484,,,,
2020-10-28,22.16366004943848,9.60158920288086,1.768346728637485,0,,,,,0,0,0.0,-1456104.4000305175,0.0,48543895.599969484,,,,
2020-10-29,21.9209098815918,9.60158920288086,2.7301944942844187,0,,,,,0,0,0.0,-1456104.4000305175,0.0,48543895.599969484,,,,
2020-10-30,21.741493225097656,9.60158920288086,2.7740184837922497,0,,,,,0,0,0.0,-1456104.4000305175,0.0,48543895.599969484,,,,
2020-10-31,21.741493225097656,9.60158920288086,2.2348310491809373,0,,,,,0,0,0.0,-1456104.4000305175,0.0,48543895.599969484,,,,
2020-11-01,21.741493225097656,9.60158920288086,1.923940148994127,0,,,,,0,0,0.0,-1456104.4000305175,0.0,48543895.599969484,,,,
2020-11-02,21.825927734375,9.60158920288086,1.4442128413175352,0,,,,,0,0,0.0,-1456104.4000305175,0.0,48543895.599969484,,,,
2020-11-03,22.07922744750977,9.60158920288086,0.41077234319581085,0,,,,,0,0,0.0,-1456104.4000305175,0.0,48543895.599969484,,,,
2020-11-04,22.40640449523925,9.60158920288086,-0.8518253179850533,0,,,,,0,0,0.0,-1456104.4000305175,0.0,48543895.599969484,,,,
2020-11-05,22.38529586791992,9.60158920288086,-0.726014859841166,0,,,,,0,0,0.0,-1456104.4000305175,0.0,48543895.599969484,,,,
2020-11-06,22.52249526977539,9.60158920288086,-1.150052546021936,0,,,,,0,0,0.0,-1456104.4000305175,0.0,48543895.599969484,,,,
2020-11-07,22.52249526977539,9.60158920288086,-1.0589289258818617,0,,,,,0,0,0.0,-1456104.4000305175,0.0,48543895.599969484,,,,
2020-11-08,22.52249526977539,9.60158920288086,-1.0508929140984706,0,,,,,0,0,0.0,-1456104.4000305175,0.0,48543895.599969484,,,,
2020-11-09,22.818012237548828,9.60158920288086,-1.8404767608703247,0,,,,,0,0,0.0,-1456104.4000305175,0.0,48543895.599969484,,,,
2020-11-10,22.606931686401367,9.60158920288086,-1.0840818152721539,0,,,,,0,0,0.0,-1456104.4000305175,0.0,48543895.599969484,,,,
2020-11-11,22.95521545410156,9.60158920288086,-1.8840793231996538,0,,,,,0,0,0.0,-1456104.4000305175,0.0,48543895.599969484,,,,
2020-11-12,22.96576881408692,9.60158920288086,-1.686747783876283,0,,,,,0,0,0.0,-1456104.4000305175,0.0,48543895.599969484,,,,
2020-11-13,23.06075668334961,9.60158920288086,-1.6960061147884424,0,,,,,0,0,0.0,-1456104.4000305175,0.0,48543895.599969484,,,,
2020-11-14,23.06075668334961,9.60158920288086,-1.5111925412687588,0,,,,,0,0,0.0,-1456104.4000305175,0.0,48543895.599969484,,,,
2020-11-15,23.06075668334961,9.60158920288086,-1.3611033627299376,0,,,,,0,0,0.0,-1456104.4000305175,0.0,48543895.599969484,,,,
2020-11-16,23.81010055541992,9.60158920288086,-2.3342684052103793,0,,,,,0,0,0.0,-1456104.4000305175,0.0,48543895.599969484,,,,
2020-11-17,23.978965759277344,9.60158920288086,-2.152788558261791,0,,,,,0,0,0.0,-1456104.4000305175,0.0,48543895.599969484,,,,
2020-11-18,24.13727760314941,9.60158920288086,-2.0188701901899715,0,,,,,0,0,0.0,-1456104.4000305175,0.0,48543895.599969484,,,,
2020-11-19,24.095060348510746,9.60158920288086,-1.7277594725783687,0,,,,,0,0,0.0,-1456104.4000305175,0.0,48543895.599969484,,,,
2020-11-20,24.063396453857425,9.60158920288086,-1.5183912479126098,0,,,,,0,0,0.0,-1456104.4000305175,0.0,48543895.599969484,,,,
2020-11-21,24.063396453857425,9.60158920288086,-1.3894043279709127,0,,,,,0,0,0.0,-1456104.4000305175,0.0,48543895.599969484,,,,
2020-11-22,24.063396453857425,9.60158920288086,-1.2819379564444735,0,,,,,0,0,0.0,-1456104.4000305175,0.0,48543895.599969484,,,,
2020-11-23,24.36946678161621,9.60158920288086,-1.5503676321160043,0,,,,,0,0,0.0,-1456104.4000305175,0.0,48543895.599969484,,,,
2020-11-24,24.25337600708008,9.60158920288086,-1.2530215652939611,0,,,,,0,0,0.0,-1456104.4000305175,0.0,48543895.599969484,,,,
2020-11-25,24.052846908569336,9.60158920288086,-0.8817839624216389,0,,,,,0,0,0.0,-1456104.4000305175,0.0,48543895.599969484,,,,
2020-11-26,24.242822647094727,9.60158920288086,-1.0562129391273072,0,,,,,0,0,0.0,-1456104.4000305175,0.0,48543895.599969484,,,,
2020-11-27,24.20060539245605,9.60158920288086,-0.9073034480505026,0,,,,,0,0,0.0,-1456104.4000305175,0.0,48543895.599969484,,,,
2020-11-28,24.20060539245605,9.60158920288086,-0.831794169090008,0,,,,,0,0,0.0,-1456104.4000305175,0.0,48543895.599969484,,,,
2020-11-29,24.20060539245605,9.60158920288086,-0.7519861615866048,0,,,,,0,0,0.0,-1456104.4000305175,0.0,48543895.599969484,,,,
2020-11-30,23.9156436920166,9.60158920288086,-0.15626077791537013,0,,,,,0,0,0.0,-1456104.4000305175,0.0,48543895.599969484,,,,
2020-12-01,24.12672615051269,9.60158920288086,-0.5036646001793779,0,,,,,0,0,0.0,-1456104.4000305175,0.0,48543895.599969484,,,,
2020-12-02,24.35891532897949,9.60158920288086,-0.9528103145234298,0,,,,,0,0,0.0,-1456104.4000305175,0.0,48543895.599969484,,,,
2020-12-03,24.35891532897949,9.60158920288086,-0.9074261233453399,0,,,,,0,0,0.0,-1456104.4000305175,0.0,48543895.599969484,,,,
2020-12-04,24.759971618652344,9.60158920288086,-2.0202273498356123,0,,,,,0,0,0.0,-1456104.4000305175,0.0,48543895.599969484,,,,
2020-12-05,24.759971618652344,9.60158920288086,-2.3346218049358667,0,,,,,0,0,0.0,-1456104.4000305175,0.0,48543895.599969484,,,,
2020-12-06,24.759971618652344,9.60158920288086,-2.031721231129611,0,,,,,0,0,0.0,-1456104.4000305175,0.0,48543895.599969484,,,,
2020-12-07,24.992164611816406,9.60158920288086,-2.3631333220832964,0,,,,,0,0,0.0,-1456104.4000305175,0.0,48543895.599969484,,,,
2020-12-08,25.340450286865234,9.60158920288086,-2.6419206293493707,0,,,,,0,0,0.0,-1456104.4000305175,0.0,48543895.599969484,,,,
2020-12-09,25.340450286865234,9.60158920288086,-2.1607977345880696,0,,,,,0,0,0.0,-1456104.4000305175,0.0,48543895.599969484,,,,
2020-12-10,25.034374237060547,9.60158920288086,-1.290086771017528,0,,,,,0,0,0.0,-1456104.4000305175,0.0,48543895.599969484,,,,
2020-12-11,25.066041946411133,9.60158920288086,-1.2245358368325985,0,,,,,0,0,0.0,-1456104.4000305175,0.0,48543895.599969484,,,,
2020-12-12,25.066041946411133,9.60158920288086,-1.1063466844611085,0,,,,,0,0,0.0,-1456104.4000305175,0.0,48543895.599969484,,,,
2020-12-13,25.066041946411133,9.60158920288086,-1.0050533166704212,0,,,,,0,0,0.0,-1456104.4000305175,0.0,48543895.599969484,,,,
2020-12-14,24.960498809814453,9.60158920288086,-0.6999419813459944,0,,,,,0,0,0.0,-1456104.4000305175,0.0,48543895.599969484,,,,
2020-12-15,24.70720291137696,9.60158920288086,-0.07861521701350879,0,,,,,0,0,0.0,-1456104.4000305175,0.0,48543895.599969484,,,,
2020-12-16,25.17158508300781,9.60158920288086,-1.0335493822911386,0,,,,,0,0,0.0,-1456104.4000305175,0.0,48543895.599969484,,,,
2020-12-17,25.034374237060547,9.60158920288086,-0.6430427682995147,0,,,,,0,0,0.0,-1456104.4000305175,0.0,48543895.599969484,,,,
2020-12-18,24.949949264526367,9.60158920288086,-0.37334606629192446,0,,,,,0,0,0.0,-1456104.4000305175,0.0,48543895.599969484,,,,
2020-12-19,24.949949264526367,9.60158920288086,-0.2988493013880441,0,,,,,0,0,0.0,-1456104.4000305175,0.0,48543895.599969484,,,,
2020-12-20,24.949949264526367,9.60158920288086,-0.19814160150970087,0,,,,,0,0,0.0,-1456104.4000305175,0.0,48543895.599969484,,,,
2020-12-21,25.19269180297852,9.60158920288086,-0.9500268893163708,0,,,,,0,0,0.0,-1456104.4000305175,0.0,48543895.599969484,,,,
2020-12-22,24.90772819519043,9.60158920288086,0.2670697242170207,0,,,,,0,0,0.0,-1456104.4000305175,0.0,48543895.599969484,,,,
2020-12-23,24.939393997192383,9.60158920288086,0.32840113388741066,0,,,,,0,0,0.0,-1456104.4000305175,0.0,48543895.599969484,,,,
2020-12-24,25.076595306396484,9.60158920288086,-0.3761569294899605,0,,,,,0,0,0.0,-1456104.4000305175,0.0,48543895.599969484,,,,
2020-12-25,25.10825538635254,9.60158920288086,-0.48943498156068077,0,,,,,0,0,0.0,-1456104.4000305175,0.0,48543895.599969484,,,,
2020-12-26,25.10825538635254,9.60158920288086,-0.41257764834579763,0,,,,,0,0,0.0,-1456104.4000305175,0.0,48543895.599969484,,,,
2020-12-27,25.10825538635254,9.60158920288086,-0.3728521053458724,0,,,,,0,0,0.0,-1456104.4000305175,0.0,48543895.599969484,,,,
2020-12-28,25.329896926879883,9.60158920288086,-1.9110620924072421,0,,,,,0,0,0.0,-1456104.4000305175,0.0,48543895.599969484,,,,
2020-12-29,25.308788299560547,9.60158920288086,-1.815871949239583,0,,,,,0,0,0.0,-1456104.4000305175,0.0,48543895.599969484,,,,
2020-12-30,25.667625427246094,9.60158920288086,-2.9611295356829777,0,,,,,0,0,0.0,-1456104.4000305175,0.0,48543895.599969484,,,,
2020-12-31,25.804826736450195,9.60158920288086,-2.687560202012482,0,,,,,0,0,0.0,-1456104.4000305175,0.0,48543895.599969484,,,,
2021-01-01,25.804826736450195,9.60158920288086,-2.183710103536818,0,,,,,0,0,0.0,-1456104.4000305175,0.0,48543895.599969484,,,,
2021-01-02,25.804826736450195,9.60158920288086,-1.856917705942351,0,,,,,0,0,0.0,-1456104.4000305175,0.0,48543895.599969484,,,,
2021-01-03,25.804826736450195,9.60158920288086,-1.6206715368595679,0,,,,,0,0,0.0,-1456104.4000305175,0.0,48543895.599969484,,,,
2021-01-04,26.24810028076172,9.60158920288086,-2.367359787657057,0,,,,,0,0,0.0,-1456104.4000305175,0.0,48543895.599969484,,,,
2021-01-05,26.300870895385746,9.60158920288086,-2.0674060248798067,0,,,,,0,0,0.0,-1456104.4000305175,0.0,48543895.599969484,,,,
2021-01-06,26.585838317871094,9.60158920288086,-2.1976246338320236,0,,,,,0,0,0.0,-1456104.4000305175,0.0,48543895.599969484,,,,
2021-01-07,27.208526611328125,9.60158920288086,-2.589537929043473,0,,,,,0,0,0.0,-1456104.4000305175,0.0,48543895.599969484,,,,
2021-01-08,27.69401931762696,9.60158920288086,-2.566209976499614,0,,,,,0,0,0.0,-1456104.4000305175,0.0,48543895.599969484,,,,
2021-01-09,27.69401931762696,9.60158920288086,-2.1246332700747126,0,,,,,0,0,0.0,-1456104.4000305175,0.0,48543895.599969484,,,,
2021-01-10,27.69401931762696,9.60158920288086,-1.8183625163422104,0,,,,,0,0,0.0,-1456104.4000305175,0.0,48543895.599969484,,,,
2021-01-11,27.926210403442383,9.60158920288086,-1.7881277334494483,0,,,,,0,0,0.0,-1456104.4000305175,0.0,48543895.599969484,,,,
2021-01-12,27.883996963500977,9.60158920288086,-1.549463050656654,0,,,,,0,0,0.0,-1456104.4000305175,0.0,48543895.599969484,,,,
2021-01-13,28.55945587158203,9.60158920288086,-1.884310327781153,0,,,,,0,0,0.0,-1456104.4000305175,0.0,48543895.599969484,,,,
2021-01-14,28.29559898376465,9.60158920288086,-1.4730221089104156,0,,,,,0,0,0.0,-1456104.4000305175,0.0,48543895.599969484,,,,
2021-01-15,28.39059257507324,9.60158920288086,-1.3996499039193793,0,,,,,0,0,0.0,-1456104.4000305175,0.0,48543895.599969484,,,,
2021-01-16,28.39059257507324,9.60158920288086,-1.2734768053554897,0,,,,,0,0,0.0,-1456104.4000305175,0.0,48543895.599969484,,,,
2021-01-17,28.39059257507324,9.60158920288086,-1.1602032032950698,0,,,,,0,0,0.0,-1456104.4000305175,0.0,48543895.599969484,,,,
2021-01-18,28.369483947753903,9.60158920288086,-1.0483142498259952,0,,,,,0,0,0.0,-1456104.4000305175,0.0,48543895.599969484,,,,
2021-01-19,29.118825912475582,9.60158920288086,-1.557919119273852,0,,,,,0,0,0.0,-1456104.4000305175,0.0,48543895.599969484,,,,
2021-01-20,29.171592712402344,9.60158920288086,-1.452089791621524,0,,,,,0,0,0.0,-1456104.4000305175,0.0,48543895.599969484,,,,
2021-01-21,30.184791564941406,9.60158920288086,-2.050950078441387,0,,,,,0,0,0.0,-1456104.4000305175,0.0,48543895.599969484,,,,
2021-01-22,29.645580291748047,9.60158920288086,-1.4599718827764945,0,,,,,0,0,0.0,-1456104.4000305175,0.0,48543895.599969484,,,,
2021-01-23,29.645580291748047,9.60158920288086,-1.367858208855279,0,,,,,0,0,0.0,-1456104.4000305175,0.0,48543895.599969484,,,,
2021-01-24,29.645580291748047,9.60158920288086,-1.2720904225531875,0,,,,,0,0,0.0,-1456104.4000305175,0.0,48543895.599969484,,,,
2021-01-25,29.24657440185547,9.60158920288086,-0.8212231255912223,0,,,,,0,0,0.0,-1456104.4000305175,0.0,48543895.599969484,,,,
2021-01-26,28.6534481048584,9.60158920288086,-0.07781839474963387,0,,,,,0,0,0.0,-1456104.4000305175,0.0,48543895.599969484,,,,
2021-01-27,28.69658660888672,9.60158920288086,-0.042801789317057276,0,,,,,0,0,0.0,-1456104.4000305175,0.0,48543895.599969484,,,,
2021-01-28,28.114242553710938,9.60158920288086,0.7962088747661622,0,,,,,0,0,0.0,-1456104.4000305175,0.0,48543895.599969484,,,,
2021-01-29,27.65051651000977,9.60158920288086,1.4326668612051146,0,,,,,0,0,0.0,-1456104.4000305175,0.0,48543895.599969484,,,,
2021-01-30,27.65051651000977,9.60158920288086,1.4233336086290205,0,,,,,0,0,0.0,-1456104.4000305175,0.0,48543895.599969484,,,,
2021-01-31,27.65051651000977,9.60158920288086,1.3711006804604975,0,,,,,0,0,0.0,-1456104.4000305175,0.0,48543895.599969484,,,,
2021-02-01,28.20051002502441,9.60158920288086,0.6639512287924696,0,,,,,0,0,0.0,-1456104.4000305175,0.0,48543895.599969484,,,,
2021-02-02,28.998533248901367,9.60158920288086,-0.4012799260774585,0,,,,,0,0,0.0,-1456104.4000305175,0.0,48543895.599969484,,,,
2021-02-03,28.976974487304688,9.60158920288086,-0.32700286748118895,0,,,,,0,0,0.0,-1456104.4000305175,0.0,48543895.599969484,,,,
2021-02-04,28.804424285888672,9.60158920288086,-0.06120382186657183,0,,,,,0,0,0.0,-1456104.4000305175,0.0,48543895.599969484,,,,
2021-02-05,29.07402801513672,9.60158920288086,-0.38878034535599454,0,,,,,0,0,0.0,-1456104.4000305175,0.0,48543895.599969484,,,,
2021-02-06,29.07402801513672,9.60158920288086,-0.34315815532450594,0,,,,,0,0,0.0,-1456104.4000305175,0.0,48543895.599969484,,,,
2021-02-07,29.07402801513672,9.60158920288086,-0.2965888443235245,0,,,,,0,0,0.0,-1456104.4000305175,0.0,48543895.599969484,,,,
2021-02-08,29.07402801513672,9.60158920288086,-0.30007896105281046,0,,,,,0,0,0.0,-1456104.4000305175,0.0,48543895.599969484,,,,
2021-02-09,29.07402801513672,9.60158920288086,-0.3078028493195424,0,,,,,0,0,0.0,-1456104.4000305175,0.0,48543895.599969484,,,,
2021-02-10,29.07402801513672,9.60158920288086,-0.42882537398311027,0,,,,,0,0,0.0,-1456104.4000305175,0.0,48543895.599969484,,,,
2021-02-11,29.07402801513672,9.60158920288086,-0.49529603558325697,0,,,,,0,0,0.0,-1456104.4000305175,0.0,48543895.599969484,,,,
2021-02-12,29.07402801513672,9.60158920288086,-0.5708620750218342,0,,,,,0,0,0.0,-1456104.4000305175,0.0,48543895.599969484,,,,
2021-02-13,29.07402801513672,9.60158920288086,-0.6587891850256813,0,,,,,0,0,0.0,-1456104.4000305175,0.0,48543895.599969484,,,,
2021-02-14,29.07402801513672,9.60158920288086,-0.6841249546971091,0,,,,,0,0,0.0,-1456104.4000305175,0.0,48543895.599969484,,,,
2021-02-15,29.07402801513672,9.60158920288086,-0.6378117755578357,0,,,,,0,0,0.0,-1456104.4000305175,0.0,48543895.599969484,,,,
2021-02-16,29.07402801513672,9.60158920288086,-0.5971097920190162,0,,,,,0,0,0.0,-1456104.4000305175,0.0,48543895.599969484,,,,
2021-02-17,30.3142032623291,9.60158920288086,-2.316139507491857,0,,,,,0,0,0.0,-1456104.4000305175,0.0,48543895.599969484,,,,
2021-02-18,30.27106475830078,9.60158920288086,-2.012520905668254,0,,,,,0,0,0.0,-1456104.4000305175,0.0,48543895.599969484,,,,
2021-02-19,29.947546005249023,9.60158920288086,-1.4341689532145687,0,,,,,0,0,0.0,-1456104.4000305175,0.0,48543895.599969484,,,,
2021-02-20,29.947546005249023,9.60158920288086,-1.4323444129513978,0,,,,,0,0,0.0,-1456104.4000305175,0.0,48543895.599969484,,,,
2021-02-21,29.947546005249023,9.60158920288086,-1.3537995338142834,0,,,,,0,0,0.0,-1456104.4000305175,0.0,48543895.599969484,,,,
2021-02-22,29.936756134033203,9.60158920288086,-1.196276851904396,0,,,,,0,0,0.0,-1456104.4000305175,0.0,48543895.599969484,,,,
2021-02-23,29.872051239013672,9.60158920288086,-0.9629411055490158,0,,,,,0,0,0.0,-1456104.4000305175,0.0,48543895.599969484,,,,
2021-02-24,29.429903030395508,9.60158920288086,-0.004549054466731997,0,,,,,0,0,0.0,-1456104.4000305175,0.0,48543895.599969484,,,,
2021-02-25,29.66715240478516,9.60158920288086,-0.44718133014286376,0,,,,,0,0,0.0,-1456104.4000305175,0.0,48543895.599969484,,,,
2021-02-26,28.772066116333008,9.60158920288086,1.3774827475856388,0,,,,,0,0,0.0,-1456104.4000305175,0.0,48543895.599969484,,,,
2021-02-27,28.772066116333008,9.60158920288086,1.3024559753142075,0,,,,,0,0,0.0,-1456104.4000305175,0.0,48543895.599969484,,,,
2021-02-28,28.772066116333008,9.60158920288086,1.234513341510829,0,,,,,0,0,0.0,-1456104.4000305175,0.0,48543895.599969484,,,,
2021-03-01,28.772066116333008,9.60158920288086,1.1724745340551441,0,,,,,0,0,0.0,-1456104.4000305175,0.0,48543895.599969484,,,,
2021-03-02,28.78285217285156,9.60158920288086,1.0979363643969338,0,,,,,0,0,0.0,-1456104.4000305175,0.0,48543895.599969484,,,,
2021-03-03,29.20343399047852,9.60158920288086,0.34158319369449236,0,,,,,0,0,0.0,-1456104.4000305175,0.0,48543895.599969484,,,,
2021-03-04,28.63187789916992,9.60158920288086,1.3006026981435963,0,,,,,0,0,0.0,-1456104.4000305175,0.0,48543895.599969484,,,,
2021-03-05,28.45933151245117,9.60158920288086,1.4670740254514214,0,,,,,0,0,0.0,-1456104.4000305175,0.0,48543895.599969484,,,,
2021-03-06,28.45933151245117,9.60158920288086,1.3495344962199578,0,,,,,0,0,0.0,-1456104.4000305175,0.0,48543895.599969484,,,,
2021-03-07,28.45933151245117,9.60158920288086,1.2478608110256804,0,,,,,0,0,0.0,-1456104.4000305175,0.0,48543895.599969484,,,,
2021-03-08,28.437763214111328,9.60158920288086,1.1862740654696058,0,,,,,0,0,0.0,-1456104.4000305175,0.0,48543895.599969484,,,,
2021-03-09,28.32991981506348,9.60158920288086,1.235644491157359,0,,,,,0,0,0.0,-1456104.4000305175,0.0,48543895.599969484,,,,
2021-03-10,28.448545455932617,9.60158920288086,0.9753318061585899,0,,,,,0,0,0.0,-1456104.4000305175,0.0,48543895.599969484,,,,
2021-03-11,29.052452087402344,9.60158920288086,-0.07684416661300189,0,,,,,0,0,0.0,-1456104.4000305175,0.0,48543895.599969484,,,,
2021-03-12,29.171085357666016,9.60158920288086,-0.37391353769969793,0,,,,,0,0,0.0,-1456104.4000305175,0.0,48543895.599969484,,,,
2021-03-13,29.171085357666016,9.60158920288086,-0.4893538379394888,0,,,,,0,0,0.0,-1456104.4000305175,0.0,48543895.599969484,,,,
2021-03-14,29.171085357666016,9.60158920288086,-0.639481670879657,0,,,,,0,0,0.0,-1456104.4000305175,0.0,48543895.599969484,,,,
2021-03-15,29.09559631347656,9.60158920288086,-0.6466538417969206,0,,,,,0,0,0.0,-1456104.4000305175,0.0,48543895.599969484,,,,
2021-03-16,29.192651748657227,9.60158920288086,-0.9780561747570539,0,,,,,0,0,0.0,-1456104.4000305175,0.0,48543895.599969484,,,,
2021-03-17,28.944610595703125,9.60158920288086,-0.4592132366617461,0,,,,,0,0,0.0,-1456104.4000305175,0.0,48543895.599969484,,,,
2021-03-18,29.09559631347656,9.60158920288086,-0.8830843058309908,0,,,,,0,0,0.0,-1456104.4000305175,0.0,48543895.599969484,,,,
2021-03-19,28.642662048339844,9.60158920288086,0.5491710531506531,0,,,,,0,0,0.0,-1456104.4000305175,0.0,48543895.599969484,,,,
2021-03-20,28.642662048339844,9.60158920288086,0.5247355841195918,0,,,,,0,0,0.0,-1456104.4000305175,0.0,48543895.599969484,,,,
2021-03-21,28.642662048339844,9.60158920288086,0.5008909008382115,0,,,,,0,0,0.0,-1456104.4000305175,0.0,48543895.599969484,,,,
2021-03-22,28.772066116333008,9.60158920288086,0.09169015650807773,0,,,,,0,0,0.0,-1456104.4000305175,0.0,48543895.599969484,,,,
2021-03-23,28.815210342407227,9.60158920288086,-0.11024558064294238,0,,,,,0,0,0.0,-1456104.4000305175,0.0,48543895.599969484,,,,
2021-03-24,28.36227226257324,9.60158920288086,1.2848585210394037,0,,,,,0,0,0.0,-1456104.4000305175,0.0,48543895.599969484,,,,
2021-03-25,28.45933151245117,9.60158920288086,0.9777154230284092,0,,,,,0,0,0.0,-1456104.4000305175,0.0,48543895.599969484,,,,
2021-03-26,28.976974487304688,9.60158920288086,-0.5886775734407408,0,,,,,0,0,0.0,-1456104.4000305175,0.0,48543895.599969484,,,,
2021-03-27,28.976974487304688,9.60158920288086,-0.5185292618373106,0,,,,,0,0,0.0,-1456104.4000305175,0.0,48543895.599969484,,,,
2021-03-28,28.976974487304688,9.60158920288086,-0.4472822178449136,0,,,,,0,0,0.0,-1456104.4000305175,0.0,48543895.599969484,,,,
2021-03-29,29.214216232299805,9.60158920288086,-1.1763893874188136,0,,,,,0,0,0.0,-1456104.4000305175,0.0,48543895.599969484,,,,
2021-03-30,29.31127548217773,9.60158920288086,-1.4008289798860194,0,,,,,0,0,0.0,-1456104.4000305175,0.0,48543895.599969484,,,,
2021-03-31,29.06324577331543,9.60158920288086,-0.4765154457771289,0,,,,,0,0,0.0,-1456104.4000305175,0.0,48543895.599969484,,,,
2021-04-01,29.278926849365234,9.60158920288086,-1.229980028019132,0,,,,,0,0,0.0,-1456104.4000305175,0.0,48543895.599969484,,,,
2021-04-02,29.278926849365234,9.60158920288086,-1.185615412946849,0,,,,,0,0,0.0,-1456104.4000305175,0.0,48543895.599969484,,,,
2021-04-03,29.278926849365234,9.60158920288086,-1.1439170956337892,0,,,,,0,0,0.0,-1456104.4000305175,0.0,48543895.599969484,,,,
2021-04-04,29.278926849365234,9.60158920288086,-1.0828621342422902,0,,,,,0,0,0.0,-1456104.4000305175,0.0,48543895.599969484,,,,
2021-04-05,29.278926849365234,9.60158920288086,-1.0532141978012952,0,,,,,0,0,0.0,-1456104.4000305175,0.0,48543895.599969484,,,,
2021-04-06,29.278926849365234,9.60158920288086,-0.9709398554844345,0,,,,,0,0,0.0,-1456104.4000305175,0.0,48543895.599969484,,,,
2021-04-07,29.72107696533203,9.60158920288086,-2.0363335429065796,0,,,,,0,0,0.0,-1456104.4000305175,0.0,48543895.599969484,,,,
2021-04-08,29.81812858581543,9.60158920288086,-1.9653999052164557,0,,,,,0,0,0.0,-1456104.4000305175,0.0,48543895.599969484,,,,
2021-04-09,29.75341987609864,9.60158920288086,-1.5865999357222247,0,,,,,0,0,0.0,-1456104.4000305175,0.0,48543895.599969484,,,,
2021-04-10,29.75341987609864,9.60158920288086,-1.422994906314207,0,,,,,0,0,0.0,-1456104.4000305175,0.0,48543895.599969484,,,,
2021-04-11,29.75341987609864,9.60158920288086,-1.278040644092448,0,,,,,0,0,0.0,-1456104.4000305175,0.0,48543895.599969484,,,,
2021-04-12,29.58087921142578,9.60158920288086,-0.7716792275244534,0,,,,,0,0,0.0,-1456104.4000305175,0.0,48543895.599969484,,,,
2021-04-13,29.58087921142578,9.60158920288086,-0.721061054459551,0,,,,,0,0,0.0,-1456104.4000305175,0.0,48543895.599969484,,,,
2021-04-14,29.74264144897461,9.60158920288086,-1.1926997696858137,0,,,,,0,0,0.0,-1456104.4000305175,0.0,48543895.599969484,,,,
2021-04-15,29.99067497253418,9.60158920288086,-1.7990396089060028,0,,,,,0,0,0.0,-1456104.4000305175,0.0,48543895.599969484,,,,
2021-04-16,30.0338134765625,9.60158920288086,-1.732279282797749,0,,,,,0,0,0.0,-1456104.4000305175,0.0,48543895.599969484,,,,
2021-04-17,30.0338134765625,9.60158920288086,-1.5792675143074097,0,,,,,0,0,0.0,-1456104.4000305175,0.0,48543895.599969484,,,,
2021-04-18,30.0338134765625,9.60158920288086,-1.4114615263830381,0,,,,,0,0,0.0,-1456104.4000305175,0.0,48543895.599969484,,,,
2021-04-19,30.087730407714844,9.60158920288086,-1.4089259285724498,0,,,,,0,0,0.0,-1456104.4000305175,0.0,48543895.599969484,,,,
2021-04-20,30.0338134765625,9.60158920288086,-1.154443651872387,0,,,,,0,0,0.0,-1456104.4000305175,0.0,48543895.599969484,,,,
2021-04-21,29.76421356201172,9.60158920288086,-0.20657469748865204,0,,,,,0,0,0.0,-1456104.4000305175,0.0,48543895.599969484,,,,
2021-04-22,29.74264144897461,9.60158920288086,-0.05691369196550003,0,,,,,0,0,0.0,-1456104.4000305175,0.0,48543895.599969484,,,,
2021-04-23,30.012237548828125,9.60158920288086,-0.9547018899493844,0,,,,,0,0,0.0,-1456104.4000305175,0.0,48543895.599969484,,,,
2021-04-24,30.012237548828125,9.60158920288086,-0.8855602999811877,0,,,,,0,0,0.0,-1456104.4000305175,0.0,48543895.599969484,,,,
2021-04-25,30.012237548828125,9.60158920288086,-0.836385768011104,0,,,,,0,0,0.0,-1456104.4000305175,0.0,48543895.599969484,,,,
2021-04-26,30.45439910888672,9.60158920288086,-2.66522220671329,0,,,,,0,0,0.0,-1456104.4000305175,0.0,48543895.599969484,,,,
2021-04-27,30.465181350708008,9.60158920288086,-2.2111379766063837,0,,,,,0,0,0.0,-1456104.4000305175,0.0,48543895.599969484,,,,
2021-04-28,30.28184700012207,9.60158920288086,-1.296744428028663,0,,,,,0,0,0.0,-1456104.4000305175,0.0,48543895.599969484,,,,
2021-04-29,30.324989318847656,9.60158920288086,-1.3123856404522156,0,,,,,0,0,0.0,-1456104.4000305175,0.0,48543895.599969484,,,,
2021-04-30,30.324989318847656,9.60158920288086,-1.1811056872883863,0,,,,,0,0,0.0,-1456104.4000305175,0.0,48543895.599969484,,,,
2021-05-01,30.324989318847656,9.60158920288086,-1.0674704784040776,0,,,,,0,0,0.0,-1456104.4000305175,0.0,48543895.599969484,,,,
2021-05-02,30.324989318847656,9.60158920288086,-0.9882626402594544,0,,,,,0,0,0.0,-1456104.4000305175,0.0,48543895.599969484,,,,
2021-05-03,29.81812858581543,9.60158920288086,1.1933362950947908,0,,,,,0,0,0.0,-1456104.4000305175,0.0,48543895.599969484,,,,
2021-05-04,29.55931663513184,9.60158920288086,2.1211088697110676,0,,,,,0,0,0.0,-1456104.4000305175,0.0,48543895.599969484,,,,
2021-05-05,29.278926849365234,9.60158920288086,2.518292361751706,0,,,,,0,0,0.0,-1456104.4000305175,0.0,48543895.599969484,,,,
2021-05-06,29.53774642944336,9.60158920288086,1.4870738623150082,0,,,,,0,0,0.0,-1456104.4000305175,0.0,48543895.599969484,,,,
2021-05-07,30.066162109375,9.60158920288086,-0.1325558324477099,0,,,,,0,0,0.0,-1456104.4000305175,0.0,48543895.599969484,,,,
2021-05-08,30.066162109375,9.60158920288086,-0.12753149913667425,0,,,,,0,0,0.0,-1456104.4000305175,0.0,48543895.599969484,,,,
2021-05-09,30.066162109375,9.60158920288086,-0.13091843386703522,0,,,,,0,0,0.0,-1456104.4000305175,0.0,48543895.599969484,,,,
2021-05-10,29.86126518249512,9.60158920288086,0.469468761837514,0,,,,,0,0,0.0,-1456104.4000305175,0.0,48543895.599969484,,,,
2021-05-11,28.739715576171875,9.60158920288086,2.8329837108478473,0,,,,,0,0,0.0,-1456104.4000305175,0.0,48543895.599969484,,,,
2021-05-12,27.90933990478516,9.60158920288086,3.1135215429456475,0,,,,,0,0,0.0,-1456104.4000305175,0.0,48543895.599969484,,,,
2021-05-13,27.499542236328125,9.60158920288086,2.7328124879921263,0,,,,,0,0,0.0,-1456104.4000305175,0.0,48543895.599969484,,,,
2021-05-14,27.812280654907227,9.60158920288086,1.9711262041876758,0,,,,,0,0,0.0,-1456104.4000305175,0.0,48543895.599969484,,,,
2021-05-15,27.812280654907227,9.60158920288086,1.7044692277970954,0,,,,,0,0,0.0,-1456104.4000305175,0.0,48543895.599969484,,,,
2021-05-16,27.812280654907227,9.60158920288086,1.5068139482497982,0,,,,,0,0,0.0,-1456104.4000305175,0.0,48543895.599969484,,,,
2021-05-17,27.283859252929688,9.60158920288086,1.7455398310941193,0,,,,,0,0,0.0,-1456104.4000305175,0.0,48543895.599969484,,,,
2021-05-18,28.534814834594727,9.60158920288086,0.5573696728691198,0,,,,,0,0,0.0,-1456104.4000305175,0.0,48543895.599969484,,,,
2021-05-19,28.340700149536133,9.60158920288086,0.6570870796368097,0,,,,,0,0,0.0,-1456104.4000305175,0.0,48543895.599969484,,,,
2021-05-20,28.14658737182617,9.60158920288086,0.7543726728488739,0,,,,,0,0,0.0,-1456104.4000305175,0.0,48543895.599969484,,,,
2021-05-21,28.545604705810547,9.60158920288086,0.3045236562492338,0,,,,,0,0,0.0,-1456104.4000305175,0.0,48543895.599969484,,,,
2021-05-22,28.545604705810547,9.60158920288086,0.2296362777737265,0,,,,,0,0,0.0,-1456104.4000305175,0.0,48543895.599969484,,,,
2021-05-23,28.545604705810547,9.60158920288086,0.16789435440509953,0,,,,,0,0,0.0,-1456104.4000305175,0.0,48543895.599969484,,,,
2021-05-24,28.5024642944336,9.60158920288086,0.16116487715176903,0,,,,,0,0,0.0,-1456104.4000305175,0.0,48543895.599969484,,,,
2021-05-25,28.98775291442871,9.60158920288086,-0.40655112541453103,0,,,,,0,0,0.0,-1456104.4000305175,0.0,48543895.599969484,,,,
2021-05-26,29.009323120117188,9.60158920288086,-0.47252801534935535,0,,,,,0,0,0.0,-1456104.4000305175,0.0,48543895.599969484,,,,
2021-05-27,28.804424285888672,9.60158920288086,-0.3342178903942462,0,,,,,0,0,0.0,-1456104.4000305175,0.0,48543895.599969484,,,,
2021-05-28,29.28971290588379,9.60158920288086,-1.0861074754621791,0,,,,,0,0,0.0,-1456104.4000305175,0.0,48543895.599969484,,,,
2021-05-29,29.28971290588379,9.60158920288086,-1.2630914721052755,0,,,,,0,0,0.0,-1456104.4000305175,0.0,48543895.599969484,,,,
2021-05-30,29.28971290588379,9.60158920288086,-1.4244675370483704,0,,,,,0,0,0.0,-1456104.4000305175,0.0,48543895.599969484,,,,
2021-05-31,29.57009506225586,9.60158920288086,-1.6851632247709478,0,,,,,0,0,0.0,-1456104.4000305175,0.0,48543895.599969484,,,,
2021-06-01,29.69950485229492,9.60158920288086,-1.645529841928991,0,,,,,0,0,0.0,-1456104.4000305175,0.0,48543895.599969484,,,,
2021-06-02,29.69950485229492,9.60158920288086,-1.4937142243702588,0,,,,,0,0,0.0,-1456104.4000305175,0.0,48543895.599969484,,,,
2021-06-03,29.67793846130371,9.60158920288086,-1.3199232158457797,0,,,,,0,0,0.0,-1456104.4000305175,0.0,48543895.599969484,,,,
2021-06-04,29.53774642944336,9.60158920288086,-1.0181179193539023,0,,,,,0,0,0.0,-1456104.4000305175,0.0,48543895.599969484,,,,
2021-06-05,29.53774642944336,9.60158920288086,-0.9325678171484922,0,,,,,0,0,0.0,-1456104.4000305175,0.0,48543895.599969484,,,,
2021-06-06,29.53774642944336,9.60158920288086,-0.9318121684942468,0,,,,,0,0,0.0,-1456104.4000305175,0.0,48543895.599969484,,,,
2021-06-07,29.613231658935547,9.60158920288086,-0.9749591238625176,0,,,,,0,0,0.0,-1456104.4000305175,0.0,48543895.599969484,,,,
2021-06-08,29.440683364868164,9.60158920288086,-0.5662430186760767,0,,,,,0,0,0.0,-1456104.4000305175,0.0,48543895.599969484,,,,
2021-06-09,29.225004196166992,9.60158920288086,-0.01768022771037366,0,,,,,0,0,0.0,-1456104.4000305175,0.0,48543895.599969484,,,,
2021-06-10,29.67793846130371,9.60158920288086,-0.9903579612009066,0,,,,,0,0,0.0,-1456104.4000305175,0.0,48543895.599969484,,,,
2021-06-11,29.785778045654297,9.60158920288086,-1.1685243437106072,0,,,,,0,0,0.0,-1456104.4000305175,0.0,48543895.599969484,,,,
2021-06-12,29.785778045654297,9.60158920288086,-1.110803441951982,0,,,,,0,0,0.0,-1456104.4000305175,0.0,48543895.599969484,,,,
2021-06-13,29.785778045654297,9.60158920288086,-1.1218101016515005,0,,,,,0,0,0.0,-1456104.4000305175,0.0,48543895.599969484,,,,
2021-06-14,29.785778045654297,9.60158920288086,-1.0345808096378664,0,,,,,0,0,0.0,-1456104.4000305175,0.0,48543895.599969484,,,,
2021-06-15,29.947546005249023,9.60158920288086,-1.5008182205273537,0,,,,,0,0,0.0,-1456104.4000305175,0.0,48543895.599969484,,,,
2021-06-16,29.915185928344727,9.60158920288086,-1.4621687197182003,0,,,,,0,0,0.0,-1456104.4000305175,0.0,48543895.599969484,,,,
2021-06-17,29.828914642333984,9.60158920288086,-0.9654664592257035,0,,,,,0,0,0.0,-1456104.4000305175,0.0,48543895.599969484,,,,
2021-06-18,29.76421356201172,9.60158920288086,-0.5743485874004742,0,,,,,0,0,0.0,-1456104.4000305175,0.0,48543895.599969484,,,,
2021-06-19,29.76421356201172,9.60158920288086,-0.5006146737625666,0,,,,,0,0,0.0,-1456104.4000305175,0.0,48543895.599969484,,,,
2021-06-20,29.76421356201172,9.60158920288086,-0.44622199167748405,0,,,,,0,0,0.0,-1456104.4000305175,0.0,48543895.599969484,,,,
2021-06-21,29.052452087402344,9.60158920288086,2.7332197016921636,0,,,,,0,0,0.0,-1456104.4000305175,0.0,48543895.599969484,,,,
2021-06-22,29.08481216430664,9.60158920288086,2.1225513262439675,0,,,,,0,0,0.0,-1456104.4000305175,0.0,48543895.599969484,,,,
2021-06-23,29.55931663513184,9.60158920288086,0.2369079225761098,0,,,,,0,0,0.0,-1456104.4000305175,0.0,48543895.599969484,,,,
2021-06-24,29.48382377624512,9.60158920288086,0.5200621933990938,0,,,,,0,0,0.0,-1456104.4000305175,0.0,48543895.599969484,,,,
2021-06-25,29.53774642944336,9.60158920288086,0.3095027979011624,0,,,,,0,0,0.0,-1456104.4000305175,0.0,48543895.599969484,,,,
2021-06-26,29.53774642944336,9.60158920288086,0.3095027979011624,0,,,,,0,0,0.0,-1456104.4000305175,0.0,48543895.599969484,,,,
2021-06-27,29.53774642944336,9.60158920288086,0.2940597726295913,0,,,,,0,0,0.0,-1456104.4000305175,0.0,48543895.599969484,,,,
2021-06-28,29.5916690826416,9.60158920288086,0.11481699917751,0,,,,,0,0,0.0,-1456104.4000305175,0.0,48543895.599969484,,,,
2021-06-29,29.67793846130371,9.60158920288086,-0.1462409749797542,0,,,,,0,0,0.0,-1456104.4000305175,0.0,48543895.599969484,,,,
2021-06-30,29.9691104888916,9.60158920288086,-1.2599020424628264,0,,,,,0,0,0.0,-1456104.4000305175,0.0,48543895.599969484,,,,
2021-07-01,29.828914642333984,9.60158920288086,-0.6796974451778726,0,,,,,0,0,0.0,-1456104.4000305175,0.0,48543895.599969484,,,,
2021-07-02,29.828914642333984,9.60158920288086,-0.6674293584963151,0,,,,,0,0,0.0,-1456104.4000305175,0.0,48543895.599969484,,,,
2021-07-03,29.828914642333984,9.60158920288086,-0.6553609767757844,0,,,,,0,0,0.0,-1456104.4000305175,0.0,48543895.599969484,,,,
2021-07-04,29.828914642333984,9.60158920288086,-0.6434843277112331,0,,,,,0,0,0.0,-1456104.4000305175,0.0,48543895.599969484,,,,
2021-07-05,30.10930633544922,9.60158920288086,-1.6460994472799801,0,,,,,0,0,0.0,-1456104.4000305175,0.0,48543895.599969484,,,,
2021-07-06,30.14165496826172,9.60158920288086,-1.6313714484150568,0,,,,,0,0,0.0,-1456104.4000305175,0.0,48543895.599969484,,,,
2021-07-07,29.979894638061523,9.60158920288086,-1.0034584856507764,0,,,,,0,0,0.0,-1456104.4000305175,0.0,48543895.599969484,,,,
2021-07-08,29.947546005249023,9.60158920288086,-0.8423588687527376,0,,,,,0,0,0.0,-1456104.4000305175,0.0,48543895.599969484,,,,
2021-07-09,29.71029090881348,9.60158920288086,-0.03529366282620429,0,,,,,0,0,0.0,-1456104.4000305175,0.0,48543895.599969484,,,,
2021-07-10,29.71029090881348,9.60158920288086,-0.044640153024583164,0,,,,,0,0,0.0,-1456104.4000305175,0.0,48543895.599969484,,,,
2021-07-11,29.71029090881348,9.60158920288086,0.08076929638965838,0,,,,,0,0,0.0,-1456104.4000305175,0.0,48543895.599969484,,,,
2021-07-12,29.979894638061523,9.60158920288086,-1.0211369367561565,0,,,,,0,0,0.0,-1456104.4000305175,0.0,48543895.599969484,,,,
2021-07-13,30.227924346923828,9.60158920288086,-1.9260935697805401,0,,,,,0,0,0.0,-1456104.4000305175,0.0,48543895.599969484,,,,
2021-07-14,30.30341911315918,9.60158920288086,-1.9717722253254448,0,,,,,0,0,0.0,-1456104.4000305175,0.0,48543895.599969484,,,,
2021-07-15,30.58380699157715,9.60158920288086,-2.51745124604344,0,,,,,0,0,0.0,-1456104.4000305175,0.0,48543895.599969484,,,,
2021-07-16,30.17400550842285,9.60158920288086,-0.9136672512122169,0,,,,,0,0,0.0,-1456104.4000305175,0.0,48543895.599969484,,,,
2021-07-17,30.17400550842285,9.60158920288086,-0.8312828971008079,0,,,,,0,0,0.0,-1456104.4000305175,0.0,48543895.599969484,,,,
2021-07-18,30.17400550842285,9.60158920288086,-0.751653937852196,0,,,,,0,0,0.0,-1456104.4000305175,0.0,48543895.599969484,,,,
2021-07-19,29.828914642333984,9.60158920288086,0.7506213255308598,0,,,,,0,0,0.0,-1456104.4000305175,0.0,48543895.599969484,,,,
2021-07-20,29.5916690826416,9.60158920288086,1.5772114382794373,0,,,,,0,0,0.0,-1456104.4000305175,0.0,48543895.599969484,,,,
2021-07-21,29.55923080444336,9.60158920288086,1.5554885395285998,0,,,,,0,0,0.0,-1456104.4000305175,0.0,48543895.599969484,,,,
2021-07-22,29.764652252197266,9.60158920288086,0.7584688994018479,0,,,,,0,0,0.0,-1456104.4000305175,0.0,48543895.599969484,,,,
2021-07-23,29.764652252197266,9.60158920288086,0.7404684574680186,0,,,,,0,0,0.0,-1456104.4000305175,0.0,48543895.599969484,,,,
2021-07-24,29.764652252197266,9.60158920288086,0.7229037890779594,0,,,,,0,0,0.0,-1456104.4000305175,0.0,48543895.599969484,,,,
2021-07-25,29.764652252197266,9.60158920288086,0.6567875174000618,0,,,,,0,0,0.0,-1456104.4000305175,0.0,48543895.599969484,,,,
2021-07-26,29.505170822143555,9.60158920288086,1.43035623284748,0,,,,,0,0,0.0,-1456104.4000305175,0.0,48543895.599969484,,,,
2021-07-27,29.494361877441406,9.60158920288086,1.3169263267729672,0,,,,,0,0,0.0,-1456104.4000305175,0.0,48543895.599969484,,,,
2021-07-28,29.029455184936523,9.60158920288086,2.2946920758994027,0,,,,,0,0,0.0,-1456104.4000305175,0.0,48543895.599969484,,,,
2021-07-29,29.515979766845703,9.60158920288086,0.8753299566069841,0,,,,,0,0,0.0,-1456104.4000305175,0.0,48543895.599969484,,,,
2021-07-30,29.418676376342773,9.60158920288086,1.0726929607648248,0,,,,,0,0,0.0,-1456104.4000305175,0.0,48543895.599969484,,,,
2021-07-31,29.418676376342773,9.60158920288086,1.006259250498481,0,,,,,0,0,0.0,-1456104.4000305175,0.0,48543895.599969484,,,,
2021-08-01,29.418676376342773,9.60158920288086,0.9161945205340177,0,,,,,0,0,0.0,-1456104.4000305175,0.0,48543895.599969484,,,,
2021-08-02,29.81871032714844,9.60158920288086,-0.17521159000355277,0,,,,,0,0,0.0,-1456104.4000305175,0.0,48543895.599969484,,,,
2021-08-03,29.93763732910156,9.60158920288086,-0.5738667287341688,0,,,,,0,0,0.0,-1456104.4000305175,0.0,48543895.599969484,,,,
2021-08-04,30.110626220703125,9.60158920288086,-1.305479359757903,0,,,,,0,0,0.0,-1456104.4000305175,0.0,48543895.599969484,,,,
2021-08-05,30.056570053100582,9.60158920288086,-1.1800768279574783,0,,,,,0,0,0.0,-1456104.4000305175,0.0,48543895.599969484,,,,
2021-08-06,30.01332092285156,9.60158920288086,-1.1038695235093248,0,,,,,0,0,0.0,-1456104.4000305175,0.0,48543895.599969484,,,,
2021-08-07,30.01332092285156,9.60158920288086,-1.1818748627782767,0,,,,,0,0,0.0,-1456104.4000305175,0.0,48543895.599969484,,,,
2021-08-08,30.01332092285156,9.60158920288086,-1.115940986973252,0,,,,,0,0,0.0,-1456104.4000305175,0.0,48543895.599969484,,,,
2021-08-09,29.92682647705078,9.60158920288086,-0.7411788757206705,0,,,,,0,0,0.0,-1456104.4000305175,0.0,48543895.599969484,,,,
2021-08-10,29.764652252197266,9.60158920288086,-0.1375623871203339,0,,,,,0,0,0.0,-1456104.4000305175,0.0,48543895.599969484,,,,
2021-08-11,29.66735076904297,9.60158920288086,0.18904247033095228,0,,,,,0,0,0.0,-1456104.4000305175,0.0,48543895.599969484,,,,
2021-08-12,29.613290786743164,9.60158920288086,0.35229661159751724,0,,,,,0,0,0.0,-1456104.4000305175,0.0,48543895.599969484,,,,
2021-08-13,29.33218574523925,9.60158920288086,1.2146342020872463,0,,,,,0,0,0.0,-1456104.4000305175,0.0,48543895.599969484,,,,
2021-08-14,29.33218574523925,9.60158920288086,1.1042043679289935,0,,,,,0,0,0.0,-1456104.4000305175,0.0,48543895.599969484,,,,
2021-08-15,29.33218574523925,9.60158920288086,1.0509840895933515,0,,,,,0,0,0.0,-1456104.4000305175,0.0,48543895.599969484,,,,
2021-08-16,29.26731300354004,9.60158920288086,1.1828836377607614,0,,,,,0,0,0.0,-1456104.4000305175,0.0,48543895.599969484,,,,
2021-08-17,29.051084518432617,9.60158920288086,1.8669344330441162,0,,,,,0,0,0.0,-1456104.4000305175,0.0,48543895.599969484,,,,
2021-08-18,29.17000961303711,9.60158920288086,1.3724639689349145,0,,,,,0,0,0.0,-1456104.4000305175,0.0,48543895.599969484,,,,
2021-08-19,28.499679565429688,9.60158920288086,2.5847370797929767,0,,,,,0,0,0.0,-1456104.4000305175,0.0,48543895.599969484,,,,
2021-08-20,28.272634506225582,9.60158920288086,2.451371471510426,0,,,,,0,0,0.0,-1456104.4000305175,0.0,48543895.599969484,,,,
2021-08-21,28.272634506225582,9.60158920288086,2.0515478986873465,0,,,,,0,0,0.0,-1456104.4000305175,0.0,48543895.599969484,,,,
2021-08-22,28.272634506225582,9.60158920288086,1.763409576138092,0,,,,,0,0,0.0,-1456104.4000305175,0.0,48543895.599969484,,,,
2021-08-23,29.051084518432617,9.60158920288086,0.4784980153286847,0,,,,,0,0,0.0,-1456104.4000305175,0.0,48543895.599969484,,,,
2021-08-24,29.13757705688477,9.60158920288086,0.274116269459478,0,,,,,0,0,0.0,-1456104.4000305175,0.0,48543895.599969484,,,,
2021-08-25,29.418676376342773,9.60158920288086,-0.2553956349235882,0,,,,,0,0,0.0,-1456104.4000305175,0.0,48543895.599969484,,,,
2021-08-26,29.62409782409668,9.60158920288086,-0.6678128245476318,0,,,,,0,0,0.0,-1456104.4000305175,0.0,48543895.599969484,,,,
2021-08-27,29.872766494750977,9.60158920288086,-1.1453578519289107,0,,,,,0,0,0.0,-1456104.4000305175,0.0,48543895.599969484,,,,
2021-08-28,29.872766494750977,9.60158920288086,-1.1786997864913138,0,,,,,0,0,0.0,-1456104.4000305175,0.0,48543895.599969484,,,,
2021-08-29,29.872766494750977,9.60158920288086,-1.1914874803069038,0,,,,,0,0,0.0,-1456104.4000305175,0.0,48543895.599969484,,,,
2021-08-30,30.164682388305664,9.60158920288086,-1.61608609809271,0,,,,,0,0,0.0,-1456104.4000305175,0.0,48543895.599969484,,,,
2021-08-31,30.34848403930664,9.60158920288086,-1.7425873985239086,0,,,,,0,0,0.0,-1456104.4000305175,0.0,48543895.599969484,,,,
2021-09-01,30.48904228210449,9.60158920288086,-1.7472916776324312,0,,,,,0,0,0.0,-1456104.4000305175,0.0,48543895.599969484,,,,
2021-09-02,30.251176834106445,9.60158920288086,-1.2591864095877336,0,,,,,0,0,0.0,-1456104.4000305175,0.0,48543895.599969484,,,,
2021-09-03,30.68364715576172,9.60158920288086,-1.6464556035871425,0,,,,,0,0,0.0,-1456104.4000305175,0.0,48543895.599969484,,,,
2021-09-04,30.68364715576172,9.60158920288086,-1.4623644693980242,0,,,,,0,0,0.0,-1456104.4000305175,0.0,48543895.599969484,,,,
2021-09-05,30.68364715576172,9.60158920288086,-1.3103171282595534,0,,,,,0,0,0.0,-1456104.4000305175,0.0,48543895.599969484,,,,
2021-09-06,30.824203491210938,9.60158920288086,-1.319238187705877,0,,,,,0,0,0.0,-1456104.4000305175,0.0,48543895.599969484,,,,
2021-09-07,30.68364715576172,9.60158920288086,-1.0479746916252077,0,,,,,0,0,0.0,-1456104.4000305175,0.0,48543895.599969484,,,,
2021-09-08,30.4133529663086,9.60158920288086,-0.6670206633476918,0,,,,,0,0,0.0,-1456104.4000305175,0.0,48543895.599969484,,,,
2021-09-09,30.3376693725586,9.60158920288086,-0.5038439559497583,0,,,,,0,0,0.0,-1456104.4000305175,0.0,48543895.599969484,,,,
2021-09-10,30.694459915161133,9.60158920288086,-0.9176135480536497,0,,,,,0,0,0.0,-1456104.4000305175,0.0,48543895.599969484,,,,
2021-09-11,30.694459915161133,9.60158920288086,-0.9209765248954256,0,,,,,0,0,0.0,-1456104.4000305175,0.0,48543895.599969484,,,,
2021-09-12,30.694459915161133,9.60158920288086,-0.8655778675113768,0,,,,,0,0,0.0,-1456104.4000305175,0.0,48543895.599969484,,,,
2021-09-13,30.586339950561523,9.60158920288086,-0.5863755825854154,0,,,,,0,0,0.0,-1456104.4000305175,0.0,48543895.599969484,,,,
2021-09-14,30.618783950805664,9.60158920288086,-0.6058694613976048,0,,,,,0,0,0.0,-1456104.4000305175,0.0,48543895.599969484,,,,
2021-09-15,30.43498039245605,9.60158920288086,0.0340225061209876,0,,,,,0,0,0.0,-1456104.4000305175,0.0,48543895.599969484,,,,
2021-09-16,30.2944278717041,9.60158920288086,0.6294823391081986,0,,,,,0,0,0.0,-1456104.4000305175,0.0,48543895.599969484,,,,
2021-09-17,30.38092041015625,9.60158920288086,0.46939492157215523,0,,,,,0,0,0.0,-1456104.4000305175,0.0,48543895.599969484,,,,
2021-09-18,30.38092041015625,9.60158920288086,0.7226041945223115,0,,,,,0,0,0.0,-1456104.4000305175,0.0,48543895.599969484,,,,
2021-09-19,30.38092041015625,9.60158920288086,0.8509764564946013,0,,,,,0,0,0.0,-1456104.4000305175,0.0,48543895.599969484,,,,
2021-09-20,30.38092041015625,9.60158920288086,0.8685494768152339,0,,,,,0,0,0.0,-1456104.4000305175,0.0,48543895.599969484,,,,
2021-09-21,30.38092041015625,9.60158920288086,0.822412513986184,0,,,,,0,0,0.0,-1456104.4000305175,0.0,48543895.599969484,,,,
2021-09-22,29.66735076904297,9.60158920288086,3.2673870162354386,0,,,,,0,0,0.0,-1456104.4000305175,0.0,48543895.599969484,,,,
2021-09-23,29.840335845947266,9.60158920288086,2.1263082023937168,0,,,,,0,0,0.0,-1456104.4000305175,0.0,48543895.599969484,,,,
2021-09-24,30.197120666503903,9.60158920288086,0.8031669215932097,0,,,,,0,0,0.0,-1456104.4000305175,0.0,48543895.599969484,,,,
2021-09-25,30.197120666503903,9.60158920288086,0.7241170365258727,0,,,,,0,0,0.0,-1456104.4000305175,0.0,48543895.599969484,,,,
2021-09-26,30.197120666503903,9.60158920288086,0.6472093210171104,0,,,,,0,0,0.0,-1456104.4000305175,0.0,48543895.599969484,,,,
2021-09-27,30.27280616760254,9.60158920288086,0.30320019965119965,0,,,,,0,0,0.0,-1456104.4000305175,0.0,48543895.599969484,,,,
2021-09-28,30.056570053100582,9.60158920288086,1.030117977462085,0,,,,,0,0,0.0,-1456104.4000305175,0.0,48543895.599969484,,,,
2021-09-29,29.40786933898925,9.60158920288086,2.5876929376599596,0,,,,,0,0,0.0,-1456104.4000305175,0.0,48543895.599969484,,,,
2021-09-30,29.63491439819336,9.60158920288086,1.6873724449719605,0,,,,,0,0,0.0,-1456104.4000305175,0.0,48543895.599969484,,,,
2021-10-01,28.96458625793457,9.60158920288086,2.698938039093512,0,,,,,0,0,0.0,-1456104.4000305175,0.0,48543895.599969484,,,,
2021-10-02,28.96458625793457,9.60158920288086,2.2279343325153764,0,,,,,0,0,0.0,-1456104.4000305175,0.0,48543895.599969484,,,,
2021-10-03,28.96458625793457,9.60158920288086,1.9050313303397257,0,,,,,0,0,0.0,-1456104.4000305175,0.0,48543895.599969484,,,,
2021-10-04,28.791597366333008,9.60158920288086,1.9146076728756374,0,,,,,0,0,0.0,-1456104.4000305175,0.0,48543895.599969484,,,,
2021-10-05,28.748353958129883,9.60158920288086,1.7275677411983614,0,,,,,0,0,0.0,-1456104.4000305175,0.0,48543895.599969484,,,,
2021-10-06,28.759164810180664,9.60158920288086,1.508182706476447,0,,,,,0,0,0.0,-1456104.4000305175,0.0,48543895.599969484,,,,
2021-10-07,29.26731300354004,9.60158920288086,0.6422234189609438,0,,,,,0,0,0.0,-1456104.4000305175,0.0,48543895.599969484,,,,
2021-10-08,29.018638610839844,9.60158920288086,0.9386045719908286,0,,,,,0,0,0.0,-1456104.4000305175,0.0,48543895.599969484,,,,
2021-10-09,29.018638610839844,9.60158920288086,0.8499502279789631,0,,,,,0,0,0.0,-1456104.4000305175,0.0,48543895.599969484,,,,
2021-10-10,29.018638610839844,9.60158920288086,0.7680069108525089,0,,,,,0,0,0.0,-1456104.4000305175,0.0,48543895.599969484,,,,
2021-10-11,29.018638610839844,9.60158920288086,0.6911787511396889,0,,,,,0,0,0.0,-1456104.4000305175,0.0,48543895.599969484,,,,
2021-10-12,28.726730346679688,9.60158920288086,1.1029171949351402,0,,,,,0,0,0.0,-1456104.4000305175,0.0,48543895.599969484,,,,
2021-10-13,28.6294174194336,9.60158920288086,1.1478351883502154,0,,,,,0,0,0.0,-1456104.4000305175,0.0,48543895.599969484,,,,
2021-10-14,28.70510482788086,9.60158920288086,0.93167244636954,0,,,,,0,0,0.0,-1456104.4000305175,0.0,48543895.599969484,,,,
2021-10-15,29.46192169189453,9.60158920288086,-0.5561792947127914,0,,,,,0,0,0.0,-1456104.4000305175,0.0,48543895.599969484,,,,
2021-10-16,29.46192169189453,9.60158920288086,-0.7044962245309042,0,,,,,0,0,0.0,-1456104.4000305175,0.0,48543895.599969484,,,,
2021-10-17,29.46192169189453,9.60158920288086,-0.9582914951347697,0,,,,,0,0,0.0,-1456104.4000305175,0.0,48543895.599969484,,,,
2021-10-18,29.37543296813965,9.60158920288086,-0.9943030326655964,0,,,,,0,0,0.0,-1456104.4000305175,0.0,48543895.599969484,,,,
2021-10-19,29.613290786743164,9.60158920288086,-1.654595446517422,0,,,,,0,0,0.0,-1456104.4000305175,0.0,48543895.599969484,,,,
2021-10-20,29.537607192993164,9.60158920288086,-1.4721758267938851,0,,,,,0,0,0.0,-1456104.4000305175,0.0,48543895.599969484,,,,
2021-10-21,29.429487228393555,9.60158920288086,-1.0261123643402763,0,,,,,0,0,0.0,-1456104.4000305175,0.0,48543895.599969484,,,,
2021-10-22,29.515979766845703,9.60158920288086,-1.1678995392573148,0,,,,,0,0,0.0,-1456104.4000305175,0.0,48543895.599969484,,,,
2021-10-23,29.515979766845703,9.60158920288086,-1.0579952948306899,0,,,,,0,0,0.0,-1456104.4000305175,0.0,48543895.599969484,,,,
2021-10-24,29.515979766845703,9.60158920288086,-0.9578555566113828,0,,,,,0,0,0.0,-1456104.4000305175,0.0,48543895.599969484,,,,
2021-10-25,29.494361877441406,9.60158920288086,-0.8090366020735621,0,,,,,0,0,0.0,-1456104.4000305175,0.0,48543895.599969484,,,,
2021-10-26,29.74302864074707,9.60158920288086,-1.4138837700758498,0,,,,,0,0,0.0,-1456104.4000305175,0.0,48543895.599969484,,,,
2021-10-27,29.74302864074707,9.60158920288086,-1.2795260150599876,0,,,,,0,0,0.0,-1456104.4000305175,0.0,48543895.599969484,,,,
2021-10-28,29.656532287597656,9.60158920288086,-0.9318127630287343,0,,,,,0,0,0.0,-1456104.4000305175,0.0,48543895.599969484,,,,
2021-10-29,29.364622116088867,9.60158920288086,-0.044506910234077414,0,,,,,0,0,0.0,-1456104.4000305175,0.0,48543895.599969484,,,,
2021-10-30,29.364622116088867,9.60158920288086,0.006517601290884764,0,,,,,0,0,0.0,-1456104.4000305175,0.0,48543895.599969484,,,,
2021-10-31,29.364622116088867,9.60158920288086,0.06063573963583171,0,,,,,0,0,0.0,-1456104.4000305175,0.0,48543895.599969484,,,,
2021-11-01,29.515979766845703,9.60158920288086,-0.3278309338170788,0,,,,,0,0,0.0,-1456104.4000305175,0.0,48543895.599969484,,,,
2021-11-02,29.46192169189453,9.60158920288086,0.015374058235343109,0,,,,,0,0,0.0,-1456104.4000305175,0.0,48543895.599969484,,,,
2021-11-03,29.537607192993164,9.60158920288086,-0.2743520585798436,0,,,,,0,0,0.0,-1456104.4000305175,0.0,48543895.599969484,,,,
2021-11-04,29.44029998779297,9.60158920288086,0.5794999895128621,0,,,,,0,0,0.0,-1456104.4000305175,0.0,48543895.599969484,,,,
2021-11-05,29.861955642700195,9.60158920288086,-2.4459139503191403,0,,,,,0,0,0.0,-1456104.4000305175,0.0,48543895.599969484,,,,
2021-11-06,29.861955642700195,9.60158920288086,-2.0323069345520235,0,,,,,0,0,0.0,-1456104.4000305175,0.0,48543895.599969484,,,,
2021-11-07,29.861955642700195,9.60158920288086,-1.7658404818603883,0,,,,,0,0,0.0,-1456104.4000305175,0.0,48543895.599969484,,,,
2021-11-08,30.099815368652344,9.60158920288086,-2.484792355970937,0,,,,,0,0,0.0,-1456104.4000305175,0.0,48543895.599969484,,,,
2021-11-09,30.42416763305664,9.60158920288086,-2.860885159309928,0,,,,,0,0,0.0,-1456104.4000305175,0.0,48543895.599969484,,,,
2021-11-10,30.38092041015625,9.60158920288086,-2.200102974026313,0,,,,,0,0,0.0,-1456104.4000305175,0.0,48543895.599969484,,,,
2021-11-11,30.110626220703125,9.60158920288086,-1.2080428854881913,0,,,,,0,0,0.0,-1456104.4000305175,0.0,48543895.599969484,,,,
2021-11-12,30.207931518554688,9.60158920288086,-1.3423067377664115,0,,,,,0,0,0.0,-1456104.4000305175,0.0,48543895.599969484,,,,
2021-11-13,30.207931518554688,9.60158920288086,-1.2056912156885813,0,,,,,0,0,0.0,-1456104.4000305175,0.0,48543895.599969484,,,,
2021-11-14,30.207931518554688,9.60158920288086,-1.0880552975237963,0,,,,,0,0,0.0,-1456104.4000305175,0.0,48543895.599969484,,,,
2021-11-15,30.478227615356445,9.60158920288086,-1.6156255406043616,0,,,,,0,0,0.0,-1456104.4000305175,0.0,48543895.599969484,,,,
2021-11-16,30.53228759765625,9.60158920288086,-1.544324217595648,0,,,,,0,0,0.0,-1456104.4000305175,0.0,48543895.599969484,,,,
2021-11-17,30.62959098815918,9.60158920288086,-1.5611551265642354,0,,,,,0,0,0.0,-1456104.4000305175,0.0,48543895.599969484,,,,
2021-11-18,30.802579879760746,9.60158920288086,-1.7239829378188931,0,,,,,0,0,0.0,-1456104.4000305175,0.0,48543895.599969484,,,,
2021-11-19,30.87825965881348,9.60158920288086,-1.681876760648109,0,,,,,0,0,0.0,-1456104.4000305175,0.0,48543895.599969484,,,,
2021-11-20,30.87825965881348,9.60158920288086,-1.5251493163933707,0,,,,,0,0,0.0,-1456104.4000305175,0.0,48543895.599969484,,,,
2021-11-21,30.87825965881348,9.60158920288086,-1.3814055958279372,0,,,,,0,0,0.0,-1456104.4000305175,0.0,48543895.599969484,,,,
2021-11-22,30.802579879760746,9.60158920288086,-1.1261790203879152,0,,,,,0,0,0.0,-1456104.4000305175,0.0,48543895.599969484,,,,
2021-11-23,30.510662078857425,9.60158920288086,-0.38895621655772855,0,,,,,0,0,0.0,-1456104.4000305175,0.0,48543895.599969484,,,,
2021-11-24,30.38092041015625,9.60158920288086,0.05494242984232434,0,,,,,0,0,0.0,-1456104.4000305175,0.0,48543895.599969484,,,,
2021-11-25,30.37010955810547,9.60158920288086,0.17203243259737347,0,,,,,0,0,0.0,-1456104.4000305175,0.0,48543895.599969484,,,,
2021-11-26,29.872766494750977,9.60158920288086,1.7307751322719283,0,,,,,0,0,0.0,-1456104.4000305175,0.0,48543895.599969484,,,,
2021-11-27,29.872766494750977,9.60158920288086,1.7378865870722227,0,,,,,0,0,0.0,-1456104.4000305175,0.0,48543895.599969484,,,,
2021-11-28,29.872766494750977,9.60158920288086,1.6213198156261266,0,,,,,0,0,0.0,-1456104.4000305175,0.0,48543895.599969484,,,,
2021-11-29,29.872766494750977,9.60158920288086,1.4469153393425451,0,,,,,0,0,0.0,-1456104.4000305175,0.0,48543895.599969484,,,,
2021-11-30,29.840335845947266,9.60158920288086,1.3825340434741291,0,,,,,0,0,0.0,-1456104.4000305175,0.0,48543895.599969484,,,,
2021-12-01,30.3376693725586,9.60158920288086,0.09165581468568684,0,,,,,0,0,0.0,-1456104.4000305175,0.0,48543895.599969484,,,,
2021-12-02,30.66202545166016,9.60158920288086,-0.7136916599520922,0,,,,,0,0,0.0,-1456104.4000305175,0.0,48543895.599969484,,,,
2021-12-03,30.65122032165528,9.60158920288086,-0.6232747091782063,0,,,,,0,0,0.0,-1456104.4000305175,0.0,48543895.599969484,,,,
2021-12-04,30.65122032165528,9.60158920288086,-0.5642185452614481,0,,,,,0,0,0.0,-1456104.4000305175,0.0,48543895.599969484,,,,
2021-12-05,30.65122032165528,9.60158920288086,-0.5370691922668633,0,,,,,0,0,0.0,-1456104.4000305175,0.0,48543895.599969484,,,,
2021-12-06,30.564722061157227,9.60158920288086,-0.3044949280630047,0,,,,,0,0,0.0,-1456104.4000305175,0.0,48543895.599969484,,,,
2021-12-07,30.66202545166016,9.60158920288086,-0.5550498466623647,0,,,,,0,0,0.0,-1456104.4000305175,0.0,48543895.599969484,,,,
2021-12-08,30.78095817565918,9.60158920288086,-0.8725461794550943,0,,,,,0,0,0.0,-1456104.4000305175,0.0,48543895.599969484,,,,
2021-12-09,30.70527458190918,9.60158920288086,-0.7117839988052489,0,,,,,0,0,0.0,-1456104.4000305175,0.0,48543895.599969484,,,,
2021-12-10,30.694459915161133,9.60158920288086,-0.7254426034181981,0,,,,,0,0,0.0,-1456104.4000305175,0.0,48543895.599969484,,,,
2021-12-11,30.694459915161133,9.60158920288086,-0.77153822280262,0,,,,,0,0,0.0,-1456104.4000305175,0.0,48543895.599969484,,,,
2021-12-12,30.694459915161133,9.60158920288086,-0.7990009524442413,0,,,,,0,0,0.0,-1456104.4000305175,0.0,48543895.599969484,,,,
2021-12-13,30.59715461730957,9.60158920288086,-0.5036338662015394,0,,,,,0,0,0.0,-1456104.4000305175,0.0,48543895.599969484,,,,
2021-12-14,30.2944278717041,9.60158920288086,0.3507003460286486,0,,,,,0,0,0.0,-1456104.4000305175,0.0,48543895.599969484,,,,
2021-12-15,30.3376693725586,9.60158920288086,0.2222914576764986,0,,,,,0,0,0.0,-1456104.4000305175,0.0,48543895.599969484,,,,
2021-12-16,30.71608161926269,9.60158920288086,-0.7790009296465739,0,,,,,0,0,0.0,-1456104.4000305175,0.0,48543895.599969484,,,,
2021-12-17,30.68364715576172,9.60158920288086,-0.6080861469303828,0,,,,,0,0,0.0,-1456104.4000305175,0.0,48543895.599969484,,,,
2021-12-18,30.68364715576172,9.60158920288086,-0.5381741398142604,0,,,,,0,0,0.0,-1456104.4000305175,0.0,48543895.599969484,,,,
2021-12-19,30.68364715576172,9.60158920288086,-0.4737619275028121,0,,,,,0,0,0.0,-1456104.4000305175,0.0,48543895.599969484,,,,
2021-12-20,30.4133529663086,9.60158920288086,1.3645869126462065,0,,,,,0,0,0.0,-1456104.4000305175,0.0,48543895.599969484,,,,
2021-12-21,30.672840118408203,9.60158920288086,-0.37547728904238714,0,,,,,0,0,0.0,-1456104.4000305175,0.0,48543895.599969484,,,,
2021-12-22,30.672840118408203,9.60158920288086,-0.37071256496403426,0,,,,,0,0,0.0,-1456104.4000305175,0.0,48543895.599969484,,,,
2021-12-23,30.8458194732666,9.60158920288086,-1.5337655450418666,0,,,,,0,0,0.0,-1456104.4000305175,0.0,48543895.599969484,,,,
2021-12-24,30.932315826416016,9.60158920288086,-1.8547519530232375,0,,,,,0,0,0.0,-1456104.4000305175,0.0,48543895.599969484,,,,
2021-12-25,30.932315826416016,9.60158920288086,-1.6281561105728373,0,,,,,0,0,0.0,-1456104.4000305175,0.0,48543895.599969484,,,,
2021-12-26,30.932315826416016,9.60158920288086,-1.4412471738861767,0,,,,,0,0,0.0,-1456104.4000305175,0.0,48543895.599969484,,,,
2021-12-27,31.17016792297364,9.60158920288086,-2.2563011393347714,0,,,,,0,0,0.0,-1456104.4000305175,0.0,48543895.599969484,,,,
2021-12-28,31.41884994506836,9.60158920288086,-2.6180100126383192,0,,,,,0,0,0.0,-1456104.4000305175,0.0,48543895.599969484,,,,
2021-12-29,31.55939483642578,9.60158920288086,-2.448460435644712,0,,,,,0,0,0.0,-1456104.4000305175,0.0,48543895.599969484,,,,
2021-12-30,31.46208572387696,9.60158920288086,-1.8284085663592426,0,,,,,0,0,0.0,-1456104.4000305175,0.0,48543895.599969484,,,,
2021-12-31,31.46208572387696,9.60158920288086,-1.5984713410671312,0,,,,,0,0,0.0,-1456104.4000305175,0.0,48543895.599969484,,,,
2022-01-01,31.46208572387696,9.60158920288086,-1.418390668209688,0,,,,,0,0,0.0,-1456104.4000305175,0.0,48543895.599969484,,,,
2022-01-02,31.46208572387696,9.60158920288086,-1.270024728411935,0,,,,,0,0,0.0,-1456104.4000305175,0.0,48543895.599969484,,,,
2022-01-03,31.656702041625977,9.60158920288086,-1.576600593150438,0,,,,,0,0,0.0,-1456104.4000305175,0.0,48543895.599969484,,,,
2022-01-04,32.34865188598633,9.60158920288086,-2.5880306988178523,0,,,,,0,0,0.0,-1456104.4000305175,0.0,48543895.599969484,,,,
2022-01-05,32.28377914428711,9.60158920288086,-2.0448411529107506,0,,,,,0,0,0.0,-1456104.4000305175,0.0,48543895.599969484,,,,
2022-01-06,31.981050491333008,9.60158920288086,-1.3244801157921355,0,,,,,0,0,0.0,-1456104.4000305175,0.0,48543895.599969484,,,,
2022-01-07,31.699949264526367,9.60158920288086,-0.7327729007129219,0,,,,,0,0,0.0,-1456104.4000305175,0.0,48543895.599969484,,,,
2022-01-08,31.699949264526367,9.60158920288086,-0.6555103189122,0,,,,,0,0,0.0,-1456104.4000305175,0.0,48543895.599969484,,,,
2022-01-09,31.699949264526367,9.60158920288086,-0.5822422535882811,0,,,,,0,0,0.0,-1456104.4000305175,0.0,48543895.599969484,,,,
2022-01-10,31.90537643432617,9.60158920288086,-0.9204173738762789,0,,,,,0,0,0.0,-1456104.4000305175,0.0,48543895.599969484,,,,
2022-01-11,32.06754684448242,9.60158920288086,-1.1799030928255427,0,,,,,0,0,0.0,-1456104.4000305175,0.0,48543895.599969484,,,,
2022-01-12,32.337833404541016,9.60158920288086,-1.6217139830588585,0,,,,,0,0,0.0,-1456104.4000305175,0.0,48543895.599969484,,,,
2022-01-13,32.5000114440918,9.60158920288086,-1.7722936622900536,0,,,,,0,0,0.0,-1456104.4000305175,0.0,48543895.599969484,,,,
2022-01-14,32.5000114440918,9.60158920288086,-1.6147960256714409,0,,,,,0,0,0.0,-1456104.4000305175,0.0,48543895.599969484,,,,
2022-01-15,32.5000114440918,9.60158920288086,-1.505088057335756,0,,,,,0,0,0.0,-1456104.4000305175,0.0,48543895.599969484,,,,
2022-01-16,32.5000114440918,9.60158920288086,-1.3796889471333458,0,,,,,0,0,0.0,-1456104.4000305175,0.0,48543895.599969484,,,,
2022-01-17,32.86761474609375,9.60158920288086,-1.9392659019355927,0,,,,,0,0,0.0,-1456104.4000305175,0.0,48543895.599969484,,,,
2022-01-18,32.5000114440918,9.60158920288086,-1.0127366314318962,0,,,,,0,0,0.0,-1456104.4000305175,0.0,48543895.599969484,,,,
2022-01-19,32.11079025268555,9.60158920288086,-0.07829166124326975,0,,,,,0,0,0.0,-1456104.4000305175,0.0,48543895.599969484,,,,
2022-01-20,32.24053192138672,9.60158920288086,-0.30783027225336546,0,,,,,0,0,0.0,-1456104.4000305175,0.0,48543895.599969484,,,,
2022-01-21,31.52235412597656,9.60158920288086,1.4960217422659225,0,,,,,0,0,0.0,-1456104.4000305175,0.0,48543895.599969484,,,,
2022-01-22,31.52235412597656,9.60158920288086,1.5227684006381883,0,,,,,0,0,0.0,-1456104.4000305175,0.0,48543895.599969484,,,,
2022-01-23,31.52235412597656,9.60158920288086,1.4706628496698322,0,,,,,0,0,0.0,-1456104.4000305175,0.0,48543895.599969484,,,,
2022-01-24,31.820680618286133,9.60158920288086,0.6635432713469545,0,,,,,0,0,0.0,-1456104.4000305175,0.0,48543895.599969484,,,,
2022-01-25,31.301380157470703,9.60158920288086,1.6866249956636516,0,,,,,0,0,0.0,-1456104.4000305175,0.0,48543895.599969484,,,,
2022-01-26,31.279281616210938,9.60158920288086,1.544384827390524,0,,,,,0,0,0.0,-1456104.4000305175,0.0,48543895.599969484,,,,
2022-01-27,31.279281616210938,9.60158920288086,1.429016953474728,0,,,,,0,0,0.0,-1456104.4000305175,0.0,48543895.599969484,,,,
2022-01-28,31.279281616210938,9.60158920288086,1.3290419590985185,0,,,,,0,0,0.0,-1456104.4000305175,0.0,48543895.599969484,,,,
2022-01-29,31.279281616210938,9.60158920288086,1.2409823368386785,0,,,,,0,0,0.0,-1456104.4000305175,0.0,48543895.599969484,,,,
2022-01-30,31.279281616210938,9.60158920288086,1.1391943960162454,0,,,,,0,0,0.0,-1456104.4000305175,0.0,48543895.599969484,,,,
2022-01-31,31.279281616210938,9.60158920288086,1.0380068241352074,0,,,,,0,0,0.0,-1456104.4000305175,0.0,48543895.599969484,,,,
2022-02-01,31.279281616210938,9.60158920288086,0.9393845347903659,0,,,,,0,0,0.0,-1456104.4000305175,0.0,48543895.599969484,,,,
2022-02-02,31.279281616210938,9.60158920288086,0.8500865413558935,0,,,,,0,0,0.0,-1456104.4000305175,0.0,48543895.599969484,,,,
2022-02-03,31.279281616210938,9.60158920288086,0.7673792726978538,0,,,,,0,0,0.0,-1456104.4000305175,0.0,48543895.599969484,,,,
2022-02-04,31.279281616210938,9.60158920288086,0.6895175140067774,0,,,,,0,0,0.0,-1456104.4000305175,0.0,48543895.599969484,,,,
2022-02-05,31.279281616210938,9.60158920288086,0.6151135163690887,0,,,,,0,0,0.0,-1456104.4000305175,0.0,48543895.599969484,,,,
2022-02-06,31.279281616210938,9.60158920288086,0.5766043477032738,0,,,,,0,0,0.0,-1456104.4000305175,0.0,48543895.599969484,,,,
2022-02-07,31.44501495361328,9.60158920288086,-0.010984972055639801,0,,,,,0,0,0.0,-1456104.4000305175,0.0,48543895.599969484,,,,
2022-02-08,31.57761001586914,9.60158920288086,-0.662542153066825,0,,,,,0,0,0.0,-1456104.4000305175,0.0,48543895.599969484,,,,
2022-02-09,31.688087463378903,9.60158920288086,-1.8166720207200147,0,,,,,0,0,0.0,-1456104.4000305175,0.0,48543895.599969484,,,,
2022-02-10,32.052703857421875,9.60158920288086,-2.8863519220616003,0,,,,,0,0,0.0,-1456104.4000305175,0.0,48543895.599969484,,,,
2022-02-11,32.03060531616211,9.60158920288086,-2.2724519099813425,0,,,,,0,0,0.0,-1456104.4000305175,0.0,48543895.599969484,,,,
2022-02-12,32.03060531616211,9.60158920288086,-1.9401982886465068,0,,,,,0,0,0.0,-1456104.4000305175,0.0,48543895.599969484,,,,
2022-02-13,32.03060531616211,9.60158920288086,-1.8005888849025873,0,,,,,0,0,0.0,-1456104.4000305175,0.0,48543895.599969484,,,,
2022-02-14,31.533403396606445,9.60158920288086,-0.15173722279068871,0,,,,,0,0,0.0,-1456104.4000305175,0.0,48543895.599969484,,,,
2022-02-15,31.3897705078125,9.60158920288086,0.3393003017167107,0,,,,,0,0,0.0,-1456104.4000305175,0.0,48543895.599969484,,,,
2022-02-16,31.90907096862793,9.60158920288086,-1.2337438269226992,0,,,,,0,0,0.0,-1456104.4000305175,0.0,48543895.599969484,,,,
2022-02-17,31.93116950988769,9.60158920288086,-1.1735813416404661,0,,,,,0,0,0.0,-1456104.4000305175,0.0,48543895.599969484,,,,
2022-02-18,31.8427734375,9.60158920288086,-0.810624675005592,0,,,,,0,0,0.0,-1456104.4000305175,0.0,48543895.599969484,,,,
2022-02-19,31.8427734375,9.60158920288086,-0.7302345310875427,0,,,,,0,0,0.0,-1456104.4000305175,0.0,48543895.599969484,,,,
2022-02-20,31.8427734375,9.60158920288086,-0.6537641317977411,0,,,,,0,0,0.0,-1456104.4000305175,0.0,48543895.599969484,,,,
2022-02-21,31.776487350463867,9.60158920288086,-0.3713142745170279,0,,,,,0,0,0.0,-1456104.4000305175,0.0,48543895.599969484,,,,
2022-02-22,31.3455810546875,9.60158920288086,1.103435238942448,0,,,,,0,0,0.0,-1456104.4000305175,0.0,48543895.599969484,,,,
2022-02-23,31.433969497680664,9.60158920288086,0.8545034905162677,0,,,,,0,0,0.0,-1456104.4000305175,0.0,48543895.599969484,,,,
2022-02-24,30.671600341796875,9.60158920288086,2.759810126727396,0,,,,,0,0,0.0,-1456104.4000305175,0.0,48543895.599969484,,,,
2022-02-25,30.605302810668945,9.60158920288086,2.4184446696539945,0,,,,,0,0,0.0,-1456104.4000305175,0.0,48543895.599969484,,,,
2022-02-26,30.605302810668945,9.60158920288086,2.0765488211066865,0,,,,,0,0,0.0,-1456104.4000305175,0.0,48543895.599969484,,,,
2022-02-27,30.605302810668945,9.60158920288086,1.8032635249222548,0,,,,,0,0,0.0,-1456104.4000305175,0.0,48543895.599969484,,,,
2022-02-28,30.605302810668945,9.60158920288086,1.585918312434993,0,,,,,0,0,0.0,-1456104.4000305175,0.0,48543895.599969484,,,,
2022-03-01,31.03621292114257,9.60158920288086,0.7447528639253063,0,,,,,0,0,0.0,-1456104.4000305175,0.0,48543895.599969484,,,,
2022-03-02,30.85942840576172,9.60158920288086,0.958171997386018,0,,,,,0,0,0.0,-1456104.4000305175,0.0,48543895.599969484,,,,
2022-03-03,30.925724029541016,9.60158920288086,0.7567833684121844,0,,,,,0,0,0.0,-1456104.4000305175,0.0,48543895.599969484,,,,
2022-03-04,30.594253540039062,9.60158920288086,1.2320063163390789,0,,,,,0,0,0.0,-1456104.4000305175,0.0,48543895.599969484,,,,
2022-03-05,30.594253540039062,9.60158920288086,1.123515288876532,0,,,,,0,0,0.0,-1456104.4000305175,0.0,48543895.599969484,,,,
2022-03-06,30.594253540039062,9.60158920288086,1.0170236683641496,0,,,,,0,0,0.0,-1456104.4000305175,0.0,48543895.599969484,,,,
2022-03-07,29.610912322998047,9.60158920288086,2.258383273251138,0,,,,,0,0,0.0,-1456104.4000305175,0.0,48543895.599969484,,,,
2022-03-08,28.981121063232425,9.60158920288086,2.5394028115638547,0,,,,,0,0,0.0,-1456104.4000305175,0.0,48543895.599969484,,,,
2022-03-09,29.279443740844727,9.60158920288086,1.8672231488025777,0,,,,,0,0,0.0,-1456104.4000305175,0.0,48543895.599969484,,,,
2022-03-10,30.130203247070312,9.60158920288086,0.7295422406527938,0,,,,,0,0,0.0,-1456104.4000305175,0.0,48543895.599969484,,,,
2022-03-11,29.69929885864257,9.60158920288086,1.1745748671776621,0,,,,,0,0,0.0,-1456104.4000305175,0.0,48543895.599969484,,,,
2022-03-12,29.69929885864257,9.60158920288086,1.084392320134085,0,,,,,0,0,0.0,-1456104.4000305175,0.0,48543895.599969484,,,,
2022-03-13,29.69929885864257,9.60158920288086,1.0076975184625536,0,,,,,0,0,0.0,-1456104.4000305175,0.0,48543895.599969484,,,,
2022-03-14,29.69929885864257,9.60158920288086,0.9185632749348512,0,,,,,0,0,0.0,-1456104.4000305175,0.0,48543895.599969484,,,,
2022-03-15,29.091609954833984,9.60158920288086,1.6853959776179068,0,,,,,0,0,0.0,-1456104.4000305175,0.0,48543895.599969484,,,,
2022-03-16,29.21314811706543,9.60158920288086,1.3356178196201518,0,,,,,0,0,0.0,-1456104.4000305175,0.0,48543895.599969484,,,,
2022-03-17,30.141254425048828,9.60158920288086,-0.08808039427322792,0,,,,,0,0,0.0,-1456104.4000305175,0.0,48543895.599969484,,,,
2022-03-18,30.07495880126953,9.60158920288086,-0.028174570044131233,0,,,,,0,0,0.0,-1456104.4000305175,0.0,48543895.599969484,,,,
2022-03-19,30.07495880126953,9.60158920288086,-0.07056721261058646,0,,,,,0,0,0.0,-1456104.4000305175,0.0,48543895.599969484,,,,
2022-03-20,30.07495880126953,9.60158920288086,-0.11499498002386846,0,,,,,0,0,0.0,-1456104.4000305175,0.0,48543895.599969484,,,,
2022-03-21,30.27383613586425,9.60158920288086,-0.5364098469510666,0,,,,,0,0,0.0,-1456104.4000305175,0.0,48543895.599969484,,,,
2022-03-22,30.22964668273925,9.60158920288086,-0.5480625499050841,0,,,,,0,0,0.0,-1456104.4000305175,0.0,48543895.599969484,,,,
2022-03-23,30.51691627502441,9.60158920288086,-1.1911350792701918,0,,,,,0,0,0.0,-1456104.4000305175,0.0,48543895.599969484,,,,
2022-03-24,30.49482154846192,9.60158920288086,-1.1725774378493468,0,,,,,0,0,0.0,-1456104.4000305175,0.0,48543895.599969484,,,,
2022-03-25,30.53900909423828,9.60158920288086,-1.2763296448602257,0,,,,,0,0,0.0,-1456104.4000305175,0.0,48543895.599969484,,,,
2022-03-26,30.53900909423828,9.60158920288086,-1.2920475142581582,0,,,,,0,0,0.0,-1456104.4000305175,0.0,48543895.599969484,,,,
2022-03-27,30.53900909423828,9.60158920288086,-1.1633922915211465,0,,,,,0,0,0.0,-1456104.4000305175,0.0,48543895.599969484,,,,
2022-03-28,30.20754623413086,9.60158920288086,-0.4323758971115169,0,,,,,0,0,0.0,-1456104.4000305175,0.0,48543895.599969484,,,,
2022-03-29,30.240692138671875,9.60158920288086,-0.4294874628810901,0,,,,,0,0,0.0,-1456104.4000305175,0.0,48543895.599969484,,,,
2022-03-30,30.616352081298828,9.60158920288086,-1.2086395192632045,0,,,,,0,0,0.0,-1456104.4000305175,0.0,48543895.599969484,,,,
2022-03-31,30.51691627502441,9.60158920288086,-0.889648820491875,0,,,,,0,0,0.0,-1456104.4000305175,0.0,48543895.599969484,,,,
2022-04-01,30.26279258728028,9.60158920288086,-0.2564643197764204,0,,,,,0,0,0.0,-1456104.4000305175,0.0,48543895.599969484,,,,
2022-04-02,30.26279258728028,9.60158920288086,-0.19698998177354926,0,,,,,0,0,0.0,-1456104.4000305175,0.0,48543895.599969484,,,,
2022-04-03,30.26279258728028,9.60158920288086,-0.13453624435571804,0,,,,,0,0,0.0,-1456104.4000305175,0.0,48543895.599969484,,,,
2022-04-04,30.26279258728028,9.60158920288086,0.014499761621229533,0,,,,,0,0,0.0,-1456104.4000305175,0.0,48543895.599969484,,,,
2022-04-05,30.26279258728028,9.60158920288086,0.32085928964629856,0,,,,,0,0,0.0,-1456104.4000305175,0.0,48543895.599969484,,,,
2022-04-06,30.10810661315918,9.60158920288086,1.1712404482510785,0,,,,,0,0,0.0,-1456104.4000305175,0.0,48543895.599969484,,,,
2022-04-07,29.56671142578125,9.60158920288086,3.0129926149125175,0,,,,,0,0,0.0,-1456104.4000305175,0.0,48543895.599969484,,,,
2022-04-08,29.73244285583496,9.60158920288086,2.027232905409821,0,,,,,0,0,0.0,-1456104.4000305175,0.0,48543895.599969484,,,,
2022-04-09,29.73244285583496,9.60158920288086,1.805454036129944,0,,,,,0,0,0.0,-1456104.4000305175,0.0,48543895.599969484,,,,
2022-04-10,29.73244285583496,9.60158920288086,1.5884515624790896,0,,,,,0,0,0.0,-1456104.4000305175,0.0,48543895.599969484,,,,
2022-04-11,29.268394470214844,9.60158920288086,2.402521803080426,0,,,,,0,0,0.0,-1456104.4000305175,0.0,48543895.599969484,,,,
2022-04-12,29.29049301147461,9.60158920288086,1.97552070176689,0,,,,,0,0,0.0,-1456104.4000305175,0.0,48543895.599969484,,,,
2022-04-13,29.842937469482425,9.60158920288086,0.5927376700082359,0,,,,,0,0,0.0,-1456104.4000305175,0.0,48543895.599969484,,,,
2022-04-14,29.73244285583496,9.60158920288086,0.7743074019431412,0,,,,,0,0,0.0,-1456104.4000305175,0.0,48543895.599969484,,,,
2022-04-15,29.22420120239257,9.60158920288086,1.7611908422996205,0,,,,,0,0,0.0,-1456104.4000305175,0.0,48543895.599969484,,,,
2022-04-16,29.22420120239257,9.60158920288086,1.5689573654037878,0,,,,,0,0,0.0,-1456104.4000305175,0.0,48543895.599969484,,,,
2022-04-17,29.22420120239257,9.60158920288086,1.3937536275896063,0,,,,,0,0,0.0,-1456104.4000305175,0.0,48543895.599969484,,,,
2022-04-18,29.069515228271484,9.60158920288086,1.5229342416704552,0,,,,,0,0,0.0,-1456104.4000305175,0.0,48543895.599969484,,,,
2022-04-19,29.168954849243164,9.60158920288086,1.217127568191108,0,,,,,0,0,0.0,-1456104.4000305175,0.0,48543895.599969484,,,,
2022-04-20,29.31258583068848,9.60158920288086,0.8324626993055193,0,,,,,0,0,0.0,-1456104.4000305175,0.0,48543895.599969484,,,,
2022-04-21,29.334686279296875,9.60158920288086,0.7024393011120224,0,,,,,0,0,0.0,-1456104.4000305175,0.0,48543895.599969484,,,,
2022-04-22,29.080564498901367,9.60158920288086,1.1948907211652353,0,,,,,0,0,0.0,-1456104.4000305175,0.0,48543895.599969484,,,,
2022-04-23,29.080564498901367,9.60158920288086,1.1051273423882328,0,,,,,0,0,0.0,-1456104.4000305175,0.0,48543895.599969484,,,,
2022-04-24,29.080564498901367,9.60158920288086,1.036885854985339,0,,,,,0,0,0.0,-1456104.4000305175,0.0,48543895.599969484,,,,
2022-04-25,28.56127166748047,9.60158920288086,2.2459997801801737,0,,,,,0,0,0.0,-1456104.4000305175,0.0,48543895.599969484,,,,
2022-04-26,28.56127166748047,9.60158920288086,2.037174722206435,0,,,,,0,0,0.0,-1456104.4000305175,0.0,48543895.599969484,,,,
2022-04-27,27.96463203430176,9.60158920288086,2.7185569493266017,0,,,,,0,0,0.0,-1456104.4000305175,0.0,48543895.599969484,,,,
2022-04-28,28.086166381835938,9.60158920288086,2.0631225670804487,0,,,,,0,0,0.0,-1456104.4000305175,0.0,48543895.599969484,,,,
2022-04-29,28.45078086853028,9.60158920288086,1.213098604968223,0,,,,,0,0,0.0,-1456104.4000305175,0.0,48543895.599969484,,,,
2022-04-30,28.45078086853028,9.60158920288086,1.1037676102760827,0,,,,,0,0,0.0,-1456104.4000305175,0.0,48543895.599969484,,,,
2022-05-01,28.45078086853028,9.60158920288086,1.0009755731626904,0,,,,,0,0,0.0,-1456104.4000305175,0.0,48543895.599969484,,,,
2022-05-02,28.45078086853028,9.60158920288086,0.9078842289791115,0,,,,,0,0,0.0,-1456104.4000305175,0.0,48543895.599969484,,,,
2022-05-03,28.2408504486084,9.60158920288086,1.2264445131167694,0,,,,,0,0,0.0,-1456104.4000305175,0.0,48543895.599969484,,,,
2022-05-04,28.2408504486084,9.60158920288086,1.1463800518706961,0,,,,,0,0,0.0,-1456104.4000305175,0.0,48543895.599969484,,,,
2022-05-05,28.56127166748047,9.60158920288086,0.379452323413143,0,,,,,0,0,0.0,-1456104.4000305175,0.0,48543895.599969484,,,,
2022-05-06,27.98672676086425,9.60158920288086,1.4887853666630257,0,,,,,0,0,0.0,-1456104.4000305175,0.0,48543895.599969484,,,,
2022-05-07,27.98672676086425,9.60158920288086,1.3404816084035245,0,,,,,0,0,0.0,-1456104.4000305175,0.0,48543895.599969484,,,,
2022-05-08,27.98672676086425,9.60158920288086,1.207023593138507,0,,,,,0,0,0.0,-1456104.4000305175,0.0,48543895.599969484,,,,
2022-05-09,27.522676467895508,9.60158920288086,1.9021427999027165,0,,,,,0,0,0.0,-1456104.4000305175,0.0,48543895.599969484,,,,
2022-05-10,27.401138305664062,9.60158920288086,1.9047511088947369,0,,,,,0,0,0.0,-1456104.4000305175,0.0,48543895.599969484,,,,
2022-05-11,27.44533348083496,9.60158920288086,1.6741270808011128,0,,,,,0,0,0.0,-1456104.4000305175,0.0,48543895.599969484,,,,
2022-05-12,26.79345321655273,9.60158920288086,2.4363930131069207,0,,,,,0,0,0.0,-1456104.4000305175,0.0,48543895.599969484,,,,
2022-05-13,27.036527633666992,9.60158920288086,1.7897127489678142,0,,,,,0,0,0.0,-1456104.4000305175,0.0,48543895.599969484,,,,
2022-05-14,27.036527633666992,9.60158920288086,1.6366947507504188,0,,,,,0,0,0.0,-1456104.4000305175,0.0,48543895.599969484,,,,
2022-05-15,27.036527633666992,9.60158920288086,1.4570010174020829,0,,,,,0,0,0.0,-1456104.4000305175,0.0,48543895.599969484,,,,
2022-05-16,27.18016242980957,9.60158920288086,1.0964498708457506,0,,,,,0,0,0.0,-1456104.4000305175,0.0,48543895.599969484,,,,
2022-05-17,27.47848320007324,9.60158920288086,0.5363092931823438,0,,,,,0,0,0.0,-1456104.4000305175,0.0,48543895.599969484,,,,
2022-05-18,27.77680015563965,9.60158920288086,-0.0019085907008432022,0,,,,,0,0,0.0,-1456104.4000305175,0.0,48543895.599969484,,,,
2022-05-19,27.246456146240234,9.60158920288086,0.8265024789376276,0,,,,,0,0,0.0,-1456104.4000305175,0.0,48543895.599969484,,,,
2022-05-20,27.54477500915528,9.60158920288086,0.23169355730131688,0,,,,,0,0,0.0,-1456104.4000305175,0.0,48543895.599969484,,,,
2022-05-21,27.54477500915528,9.60158920288086,0.15723291412585338,0,,,,,0,0,0.0,-1456104.4000305175,0.0,48543895.599969484,,,,
2022-05-22,27.54477500915528,9.60158920288086,0.07389500924754151,0,,,,,0,0,0.0,-1456104.4000305175,0.0,48543895.599969484,,,,
2022-05-23,27.600021362304688,9.60158920288086,-0.11802482464997897,0,,,,,0,0,0.0,-1456104.4000305175,0.0,48543895.599969484,,,,
2022-05-24,27.290651321411133,9.60158920288086,0.5025920234342237,0,,,,,0,0,0.0,-1456104.4000305175,0.0,48543895.599969484,,,,
2022-05-25,27.500577926635746,9.60158920288086,-0.16061245594738216,0,,,,,0,0,0.0,-1456104.4000305175,0.0,48543895.599969484,,,,
2022-05-26,27.15806579589844,9.60158920288086,0.7883147742297609,0,,,,,0,0,0.0,-1456104.4000305175,0.0,48543895.599969484,,,,
2022-05-27,27.73260498046875,9.60158920288086,-1.156871660214781,0,,,,,0,0,0.0,-1456104.4000305175,0.0,48543895.599969484,,,,
2022-05-28,27.73260498046875,9.60158920288086,-1.2992492951900954,0,,,,,0,0,0.0,-1456104.4000305175,0.0,48543895.599969484,,,,
2022-05-29,27.73260498046875,9.60158920288086,-1.217068929639523,0,,,,,0,0,0.0,-1456104.4000305175,0.0,48543895.599969484,,,,
2022-05-30,28.40658187866211,9.60158920288086,-2.6721013237385227,0,,,,,0,0,0.0,-1456104.4000305175,0.0,48543895.599969484,,,,
2022-05-31,28.682804107666016,9.60158920288086,-2.58894959470842,0,,,,,0,0,0.0,-1456104.4000305175,0.0,48543895.599969484,,,,
2022-06-01,28.539167404174805,9.60158920288086,-1.9799744101651806,0,,,,,0,0,0.0,-1456104.4000305175,0.0,48543895.599969484,,,,
2022-06-02,28.2408504486084,9.60158920288086,-1.2257693924262791,0,,,,,0,0,0.0,-1456104.4000305175,0.0,48543895.599969484,,,,
2022-06-03,28.2408504486084,9.60158920288086,-1.1135405094797997,0,,,,,0,0,0.0,-1456104.4000305175,0.0,48543895.599969484,,,,
2022-06-04,28.2408504486084,9.60158920288086,-1.0164831945602046,0,,,,,0,0,0.0,-1456104.4000305175,0.0,48543895.599969484,,,,
2022-06-05,28.2408504486084,9.60158920288086,-0.9229486240075487,0,,,,,0,0,0.0,-1456104.4000305175,0.0,48543895.599969484,,,,
2022-06-06,28.43973159790039,9.60158920288086,-1.223398004759361,0,,,,,0,0,0.0,-1456104.4000305175,0.0,48543895.599969484,,,,
2022-06-07,28.152462005615234,9.60158920288086,-0.559829183110712,0,,,,,0,0,0.0,-1456104.4000305175,0.0,48543895.599969484,,,,
2022-06-08,28.461828231811523,9.60158920288086,-1.113281206883327,0,,,,,0,0,0.0,-1456104.4000305175,0.0,48543895.599969484,,,,
2022-06-09,28.373437881469727,9.60158920288086,-0.8323871336791335,0,,,,,0,0,0.0,-1456104.4000305175,0.0,48543895.599969484,,,,
2022-06-10,28.086166381835938,9.60158920288086,-0.14889499801149256,0,,,,,0,0,0.0,-1456104.4000305175,0.0,48543895.599969484,,,,
2022-06-11,28.086166381835938,9.60158920288086,-0.09099214294024918,0,,,,,0,0,0.0,-1456104.4000305175,0.0,48543895.599969484,,,,
2022-06-12,28.086166381835938,9.60158920288086,-0.03567928343749809,0,,,,,0,0,0.0,-1456104.4000305175,0.0,48543895.599969484,,,,
2022-06-13,27.301698684692383,9.60158920288086,1.846973962759666,0,,,,,0,0,0.0,-1456104.4000305175,0.0,48543895.599969484,,,,
2022-06-14,27.25750541687012,9.60158920288086,1.8334009841300325,0,,,,,0,0,0.0,-1456104.4000305175,0.0,48543895.599969484,,,,
2022-06-15,27.12491798400879,9.60158920288086,2.1150481503256784,0,,,,,0,0,0.0,-1456104.4000305175,0.0,48543895.599969484,,,,
2022-06-16,27.069673538208008,9.60158920288086,1.9525778061424155,0,,,,,0,0,0.0,-1456104.4000305175,0.0,48543895.599969484,,,,
2022-06-17,26.705062866210938,9.60158920288086,2.2293811300046107,0,,,,,0,0,0.0,-1456104.4000305175,0.0,48543895.599969484,,,,
2022-06-18,26.705062866210938,9.60158920288086,1.9181908523605553,0,,,,,0,0,0.0,-1456104.4000305175,0.0,48543895.599969484,,,,
2022-06-19,26.705062866210938,9.60158920288086,1.6680109497077893,0,,,,,0,0,0.0,-1456104.4000305175,0.0,48543895.599969484,,,,
2022-06-20,26.46198463439941,9.60158920288086,1.7709602599668943,0,,,,,0,0,0.0,-1456104.4000305175,0.0,48543895.599969484,,,,
2022-06-21,27.003379821777344,9.60158920288086,0.9170908579389639,0,,,,,0,0,0.0,-1456104.4000305175,0.0,48543895.599969484,,,,
2022-06-22,26.4067440032959,9.60158920288086,1.5518626614180582,0,,,,,0,0,0.0,-1456104.4000305175,0.0,48543895.599969484,,,,
2022-06-23,26.05318069458008,9.60158920288086,1.7549533558616628,0,,,,,0,0,0.0,-1456104.4000305175,0.0,48543895.599969484,,,,
2022-06-24,26.1084213256836,9.60158920288086,1.4939854408647701,0,,,,,0,0,0.0,-1456104.4000305175,0.0,48543895.599969484,,,,
2022-06-25,26.1084213256836,9.60158920288086,1.3399675784140355,0,,,,,0,0,0.0,-1456104.4000305175,0.0,48543895.599969484,,,,
2022-06-26,26.1084213256836,9.60158920288086,1.2221744545430742,0,,,,,0,0,0.0,-1456104.4000305175,0.0,48543895.599969484,,,,
2022-06-27,26.72715950012207,9.60158920288086,0.40325738937468586,0,,,,,0,0,0.0,-1456104.4000305175,0.0,48543895.599969484,,,,
2022-06-28,26.47303771972656,9.60158920288086,0.6513807935845408,0,,,,,0,0,0.0,-1456104.4000305175,0.0,48543895.599969484,,,,
2022-06-29,26.25206184387207,9.60158920288086,0.8913113490717345,0,,,,,0,0,0.0,-1456104.4000305175,0.0,48543895.599969484,,,,
2022-06-30,25.58913230895996,9.60158920288086,1.7357559034415637,0,,,,,0,0,0.0,-1456104.4000305175,0.0,48543895.599969484,,,,
2022-07-01,24.649974822998047,9.60158920288086,2.635379508197457,0,,,,,0,0,0.0,-1456104.4000305175,0.0,48543895.599969484,,,,
2022-07-02,24.649974822998047,9.60158920288086,2.323693751681392,0,,,,,0,0,0.0,-1456104.4000305175,0.0,48543895.599969484,,,,
2022-07-03,24.649974822998047,9.60158920288086,1.9846614721477154,0,,,,,0,0,0.0,-1456104.4000305175,0.0,48543895.599969484,,,,
2022-07-04,24.406902313232425,9.60158920288086,1.9613556664429246,0,,,,,0,0,0.0,-1456104.4000305175,0.0,48543895.599969484,,,,
2022-07-05,24.5284423828125,9.60158920288086,1.6098578672503498,0,,,,,0,0,0.0,-1456104.4000305175,0.0,48543895.599969484,,,,
2022-07-06,24.053340911865234,9.60158920288086,1.8543325145946388,0,,,,,0,0,0.0,-1456104.4000305175,0.0,48543895.599969484,,,,
2022-07-07,24.771509170532227,9.60158920288086,0.9943102548128706,0,,,,,0,0,0.0,-1456104.4000305175,0.0,48543895.599969484,,,,
2022-07-08,25.025638580322266,9.60158920288086,0.6520246141363144,0,,,,,0,0,0.0,-1456104.4000305175,0.0,48543895.599969484,,,,
2022-07-09,25.025638580322266,9.60158920288086,0.5783962822569289,0,,,,,0,0,0.0,-1456104.4000305175,0.0,48543895.599969484,,,,
2022-07-10,25.025638580322266,9.60158920288086,0.5102389969112205,0,,,,,0,0,0.0,-1456104.4000305175,0.0,48543895.599969484,,,,
2022-07-11,24.80466079711914,9.60158920288086,0.6840349382747446,0,,,,,0,0,0.0,-1456104.4000305175,0.0,48543895.599969484,,,,
2022-07-12,24.208023071289062,9.60158920288086,1.2701365343192281,0,,,,,0,0,0.0,-1456104.4000305175,0.0,48543895.599969484,,,,
2022-07-13,25.069833755493164,9.60158920288086,0.17561424009227888,0,,,,,0,0,0.0,-1456104.4000305175,0.0,48543895.599969484,,,,
2022-07-14,25.191370010375977,9.60158920288086,-0.032560956307990135,0,,,,,0,0,0.0,-1456104.4000305175,0.0,48543895.599969484,,,,
2022-07-15,25.522836685180664,9.60158920288086,-0.5123096791441056,0,,,,,0,0,0.0,-1456104.4000305175,0.0,48543895.599969484,,,,
2022-07-16,25.522836685180664,9.60158920288086,-0.5731399117713403,0,,,,,0,0,0.0,-1456104.4000305175,0.0,48543895.599969484,,,,
2022-07-17,25.522836685180664,9.60158920288086,-0.7591473334180059,0,,,,,0,0,0.0,-1456104.4000305175,0.0,48543895.599969484,,,,
2022-07-18,25.635072708129883,9.60158920288086,-1.146167837036244,0,,,,,0,0,0.0,-1456104.4000305175,0.0,48543895.599969484,,,,
2022-07-19,25.657520294189453,9.60158920288086,-1.3875287355899653,0,,,,,0,0,0.0,-1456104.4000305175,0.0,48543895.599969484,,,,
2022-07-20,25.825878143310547,9.60158920288086,-1.6454776202209191,0,,,,,0,0,0.0,-1456104.4000305175,0.0,48543895.599969484,,,,
2022-07-21,26.117691040039062,9.60158920288086,-1.8824266766217983,0,,,,,0,0,0.0,-1456104.4000305175,0.0,48543895.599969484,,,,
2022-07-22,26.21870994567871,9.60158920288086,-1.7735983112307177,0,,,,,0,0,0.0,-1456104.4000305175,0.0,48543895.599969484,,,,
2022-07-23,26.21870994567871,9.60158920288086,-1.558250560186299,0,,,,,0,0,0.0,-1456104.4000305175,0.0,48543895.599969484,,,,
2022-07-24,26.21870994567871,9.60158920288086,-1.4011876501480063,0,,,,,0,0,0.0,-1456104.4000305175,0.0,48543895.599969484,,,,
2022-07-25,26.196260452270508,9.60158920288086,-1.2351185028008937,0,,,,,0,0,0.0,-1456104.4000305175,0.0,48543895.599969484,,,,
2022-07-26,25.960559844970703,9.60158920288086,-0.8150448236097999,0,,,,,0,0,0.0,-1456104.4000305175,0.0,48543895.599969484,,,,
2022-07-27,26.196260452270508,9.60158920288086,-1.1076711659157816,0,,,,,0,0,0.0,-1456104.4000305175,0.0,48543895.599969484,,,,
2022-07-28,26.24115562438965,9.60158920288086,-1.0708948743364288,0,,,,,0,0,0.0,-1456104.4000305175,0.0,48543895.599969484,,,,
2022-07-29,26.48807907104492,9.60158920288086,-1.339467240904494,0,,,,,0,0,0.0,-1456104.4000305175,0.0,48543895.599969484,,,,
2022-07-30,26.48807907104492,9.60158920288086,-1.2090128974367913,0,,,,,0,0,0.0,-1456104.4000305175,0.0,48543895.599969484,,,,
2022-07-31,26.48807907104492,9.60158920288086,-1.1135829580258303,0,,,,,0,0,0.0,-1456104.4000305175,0.0,48543895.599969484,,,,
2022-08-01,26.409513473510746,9.60158920288086,-1.0300385290205774,0,,,,,0,0,0.0,-1456104.4000305175,0.0,48543895.599969484,,,,
2022-08-02,25.988922119140625,9.60158920288086,0.04311315487316176,0,,,,,0,0,0.0,-1456104.4000305175,0.0,48543895.599969484,,,,
2022-08-03,26.146364212036133,9.60158920288086,-0.2798710484159306,0,,,,,0,0,0.0,-1456104.4000305175,0.0,48543895.599969484,,,,
2022-08-04,26.213836669921875,9.60158920288086,-0.40672178486325417,0,,,,,0,0,0.0,-1456104.4000305175,0.0,48543895.599969484,,,,
2022-08-05,26.877338409423828,9.60158920288086,-2.2038348432385755,0,,,,,0,0,0.0,-1456104.4000305175,0.0,48543895.599969484,,,,
2022-08-06,26.877338409423828,9.60158920288086,-1.9829611492736388,0,,,,,0,0,0.0,-1456104.4000305175,0.0,48543895.599969484,,,,
2022-08-07,26.877338409423828,9.60158920288086,-1.7925756405616255,0,,,,,0,0,0.0,-1456104.4000305175,0.0,48543895.599969484,,,,
2022-08-08,26.82110595703125,9.60158920288086,-1.5112718628845807,0,,,,,0,0,0.0,-1456104.4000305175,0.0,48543895.599969484,,,,
2022-08-09,26.79861640930176,9.60158920288086,-1.324490784300107,0,,,,,0,0,0.0,-1456104.4000305175,0.0,48543895.599969484,,,,
2022-08-10,26.517473220825195,9.60158920288086,-0.3499497068178059,0,,,,,0,0,0.0,-1456104.4000305175,0.0,48543895.599969484,,,,
2022-08-11,27.00104141235352,9.60158920288086,-1.6942863905927217,0,,,,,0,0,0.0,-1456104.4000305175,0.0,48543895.599969484,,,,
2022-08-12,27.16972923278809,9.60158920288086,-1.8808746833827148,0,,,,,0,0,0.0,-1456104.4000305175,0.0,48543895.599969484,,,,
2022-08-13,27.16972923278809,9.60158920288086,-1.6403218574520302,0,,,,,0,0,0.0,-1456104.4000305175,0.0,48543895.599969484,,,,
2022-08-14,27.16972923278809,9.60158920288086,-1.4553719231296627,0,,,,,0,0,0.0,-1456104.4000305175,0.0,48543895.599969484,,,,
2022-08-15,27.417131423950195,9.60158920288086,-1.846058410114407,0,,,,,0,0,0.0,-1456104.4000305175,0.0,48543895.599969484,,,,
2022-08-16,27.462114334106445,9.60158920288086,-1.7133224662091853,0,,,,,0,0,0.0,-1456104.4000305175,0.0,48543895.599969484,,,,
2022-08-17,27.47336196899414,9.60158920288086,-1.5437146070047087,0,,,,,0,0,0.0,-1456104.4000305175,0.0,48543895.599969484,,,,
2022-08-18,27.293428421020508,9.60158920288086,-1.0269804183514564,0,,,,,0,0,0.0,-1456104.4000305175,0.0,48543895.599969484,,,,
2022-08-19,27.338409423828125,9.60158920288086,-1.0191811118900875,0,,,,,0,0,0.0,-1456104.4000305175,0.0,48543895.599969484,,,,
2022-08-20,27.338409423828125,9.60158920288086,-0.9222799180188956,0,,,,,0,0,0.0,-1456104.4000305175,0.0,48543895.599969484,,,,
2022-08-21,27.338409423828125,9.60158920288086,-0.8336915239810396,0,,,,,0,0,0.0,-1456104.4000305175,0.0,48543895.599969484,,,,
2022-08-22,27.00104141235352,9.60158920288086,0.03648200954137564,0,,,,,0,0,0.0,-1456104.4000305175,0.0,48543895.599969484,,,,
2022-08-23,26.58494758605957,9.60158920288086,1.3163052989037192,0,,,,,0,0,0.0,-1456104.4000305175,0.0,48543895.599969484,,,,
2022-08-24,26.517473220825195,9.60158920288086,1.7235726229861918,0,,,,,0,0,0.0,-1456104.4000305175,0.0,48543895.599969484,,,,
2022-08-25,26.764881134033203,9.60158920288086,0.8955130358137561,0,,,,,0,0,0.0,-1456104.4000305175,0.0,48543895.599969484,,,,
2022-08-26,26.89982986450196,9.60158920288086,0.47099216174138714,0,,,,,0,0,0.0,-1456104.4000305175,0.0,48543895.599969484,,,,
2022-08-27,26.89982986450196,9.60158920288086,0.47548651869010006,0,,,,,0,0,0.0,-1456104.4000305175,0.0,48543895.599969484,,,,
2022-08-28,26.89982986450196,9.60158920288086,0.49201440478023306,0,,,,,0,0,0.0,-1456104.4000305175,0.0,48543895.599969484,,,,
2022-08-29,26.213836669921875,9.60158920288086,2.251164133519054,0,,,,,0,0,0.0,-1456104.4000305175,0.0,48543895.599969484,,,,
2022-08-30,26.258819580078125,9.60158920288086,1.9641905940797157,0,,,,,0,0,0.0,-1456104.4000305175,0.0,48543895.599969484,,,,
2022-08-31,26.449996948242188,9.60158920288086,1.3234388518803784,0,,,,,0,0,0.0,-1456104.4000305175,0.0,48543895.599969484,,,,
2022-09-01,25.89895439147949,9.60158920288086,2.1857831566607873,0,,,,,0,0,0.0,-1456104.4000305175,0.0,48543895.599969484,,,,
2022-09-02,25.61781311035156,9.60158920288086,2.2440835877424163,0,,,,,0,0,0.0,-1456104.4000305175,0.0,48543895.599969484,,,,
2022-09-03,25.61781311035156,9.60158920288086,1.8992236523683872,0,,,,,0,0,0.0,-1456104.4000305175,0.0,48543895.599969484,,,,
2022-09-04,25.61781311035156,9.60158920288086,1.6650265826313426,0,,,,,0,0,0.0,-1456104.4000305175,0.0,48543895.599969484,,,,
2022-09-05,25.67403984069824,9.60158920288086,1.4153006796037597,0,,,,,0,0,0.0,-1456104.4000305175,0.0,48543895.599969484,,,,
2022-09-06,25.842729568481445,9.60158920288086,1.0516335888487922,0,,,,,0,0,0.0,-1456104.4000305175,0.0,48543895.599969484,,,,
2022-09-07,25.235456466674805,9.60158920288086,1.7658157441209825,0,,,,,0,0,0.0,-1456104.4000305175,0.0,48543895.599969484,,,,
2022-09-08,25.41539192199707,9.60158920288086,1.3550955700999825,0,,,,,0,0,0.0,-1456104.4000305175,0.0,48543895.599969484,,,,
2022-09-09,25.41539192199707,9.60158920288086,1.2443396750450884,0,,,,,0,0,0.0,-1456104.4000305175,0.0,48543895.599969484,,,,
2022-09-10,25.41539192199707,9.60158920288086,1.1577891466813057,0,,,,,0,0,0.0,-1456104.4000305175,0.0,48543895.599969484,,,,
2022-09-11,25.41539192199707,9.60158920288086,1.0597358424444652,0,,,,,0,0,0.0,-1456104.4000305175,0.0,48543895.599969484,,,,
2022-09-12,25.95518493652344,9.60158920288086,0.08117553065989513,0,,,,,0,0,0.0,-1456104.4000305175,0.0,48543895.599969484,,,,
2022-09-13,26.09013557434082,9.60158920288086,-0.19840663440741557,0,,,,,0,0,0.0,-1456104.4000305175,0.0,48543895.599969484,,,,
2022-09-14,25.561582565307617,9.60158920288086,0.6750663421304514,0,,,,,0,0,0.0,-1456104.4000305175,0.0,48543895.599969484,,,,
2022-09-15,25.606565475463867,9.60158920288086,0.5162936502046499,0,,,,,0,0,0.0,-1456104.4000305175,0.0,48543895.599969484,,,,
2022-09-16,25.314180374145508,9.60158920288086,1.078942993140907,0,,,,,0,0,0.0,-1456104.4000305175,0.0,48543895.599969484,,,,
2022-09-17,25.314180374145508,9.60158920288086,1.0984259036030992,0,,,,,0,0,0.0,-1456104.4000305175,0.0,48543895.599969484,,,,
2022-09-18,25.314180374145508,9.60158920288086,1.0051826582314964,0,,,,,0,0,0.0,-1456104.4000305175,0.0,48543895.599969484,,,,
2022-09-19,25.20172119140625,9.60158920288086,1.249435651997838,0,,,,,0,0,0.0,-1456104.4000305175,0.0,48543895.599969484,,,,
2022-09-20,25.4266357421875,9.60158920288086,0.48705866374196854,0,,,,,0,0,0.0,-1456104.4000305175,0.0,48543895.599969484,,,,
2022-09-21,25.212963104248047,9.60158920288086,1.2282845672053515,0,,,,,0,0,0.0,-1456104.4000305175,0.0,48543895.599969484,,,,
2022-09-22,24.909332275390625,9.60158920288086,2.047862346049608,0,,,,,0,0,0.0,-1456104.4000305175,0.0,48543895.599969484,,,,
2022-09-23,24.673168182373047,9.60158920288086,2.3073408449938837,0,,,,,0,0,0.0,-1456104.4000305175,0.0,48543895.599969484,,,,
2022-09-24,24.673168182373047,9.60158920288086,1.9418338771563415,0,,,,,0,0,0.0,-1456104.4000305175,0.0,48543895.599969484,,,,
2022-09-25,24.673168182373047,9.60158920288086,1.6864757010392841,0,,,,,0,0,0.0,-1456104.4000305175,0.0,48543895.599969484,,,,
2022-09-26,24.212093353271484,9.60158920288086,2.3322520042563903,0,,,,,0,0,0.0,-1456104.4000305175,0.0,48543895.599969484,,,,
2022-09-27,24.178356170654297,9.60158920288086,2.0154422988141683,0,,,,,0,0,0.0,-1456104.4000305175,0.0,48543895.599969484,,,,
2022-09-28,23.672298431396484,9.60158920288086,2.3709248228945525,0,,,,,0,0,0.0,-1456104.4000305175,0.0,48543895.599969484,,,,
2022-09-29,23.593578338623047,9.60158920288086,2.067747449245614,0,,,,,0,0,0.0,-1456104.4000305175,0.0,48543895.599969484,,,,
2022-09-30,23.267452239990234,9.60158920288086,2.0939703057709043,0,,,,,0,0,0.0,-1456104.4000305175,0.0,48543895.599969484,,,,
2022-10-01,23.267452239990234,9.60158920288086,1.7945520676676694,0,,,,,0,0,0.0,-1456104.4000305175,0.0,48543895.599969484,,,,
2022-10-02,23.267452239990234,9.60158920288086,1.599060086226401,0,,,,,0,0,0.0,-1456104.4000305175,0.0,48543895.599969484,,,,
2022-10-03,22.98630714416504,9.60158920288086,1.7223126567104035,0,,,,,0,0,0.0,-1456104.4000305175,0.0,48543895.599969484,,,,
2022-10-04,23.57108688354492,9.60158920288086,0.9648571172701582,0,,,,,0,0,0.0,-1456104.4000305175,0.0,48543895.599969484,,,,
2022-10-05,24.122127532958984,9.60158920288086,0.2648750536865576,0,,,,,0,0,0.0,-1456104.4000305175,0.0,48543895.599969484,,,,
2022-10-06,24.290817260742188,9.60158920288086,0.0006995400024585656,0,,,,,0,0,0.0,-1456104.4000305175,0.0,48543895.599969484,,,,
2022-10-07,23.88596534729004,9.60158920288086,0.43542105507385426,0,,,,,0,0,0.0,-1456104.4000305175,0.0,48543895.599969484,,,,
2022-10-08,23.88596534729004,9.60158920288086,0.36210115214636457,0,,,,,0,0,0.0,-1456104.4000305175,0.0,48543895.599969484,,,,
2022-10-09,23.88596534729004,9.60158920288086,0.2881130737402236,0,,,,,0,0,0.0,-1456104.4000305175,0.0,48543895.599969484,,,,
2022-10-10,23.88596534729004,9.60158920288086,0.19761317516423121,0,,,,,0,0,0.0,-1456104.4000305175,0.0,48543895.599969484,,,,
2022-10-11,22.648935317993164,9.60158920288086,2.0192205183176335,0,,,,,0,0,0.0,-1456104.4000305175,0.0,48543895.599969484,,,,
2022-10-12,22.536476135253903,9.60158920288086,1.9474218651797082,0,,,,,0,0,0.0,-1456104.4000305175,0.0,48543895.599969484,,,,
2022-10-13,22.266578674316406,9.60158920288086,2.0407173488782866,0,,,,,0,0,0.0,-1456104.4000305175,0.0,48543895.599969484,,,,
2022-10-14,22.9075870513916,9.60158920288086,0.9969664265657314,0,,,,,0,0,0.0,-1456104.4000305175,0.0,48543895.599969484,,,,
2022-10-15,22.9075870513916,9.60158920288086,0.9205186550087967,0,,,,,0,0,0.0,-1456104.4000305175,0.0,48543895.599969484,,,,
2022-10-16,22.9075870513916,9.60158920288086,0.8330513707420034,0,,,,,0,0,0.0,-1456104.4000305175,0.0,48543895.599969484,,,,
2022-10-17,22.480249404907227,9.60158920288086,1.4070904579121961,0,,,,,0,0,0.0,-1456104.4000305175,0.0,48543895.599969484,,,,
2022-10-18,22.738901138305664,9.60158920288086,0.8802830782091788,0,,,,,0,0,0.0,-1456104.4000305175,0.0,48543895.599969484,,,,
2022-10-19,22.435264587402344,9.60158920288086,1.2450295622420386,0,,,,,0,0,0.0,-1456104.4000305175,0.0,48543895.599969484,,,,
2022-10-20,22.31156349182129,9.60158920288086,1.301988023444405,0,,,,,0,0,0.0,-1456104.4000305175,0.0,48543895.599969484,,,,
2022-10-21,22.244091033935547,9.60158920288086,1.2675511084319206,0,,,,,0,0,0.0,-1456104.4000305175,0.0,48543895.599969484,,,,
2022-10-22,22.244091033935547,9.60158920288086,1.1497429168232423,0,,,,,0,0,0.0,-1456104.4000305175,0.0,48543895.599969484,,,,
2022-10-23,22.244091033935547,9.60158920288086,1.0626812187496375,0,,,,,0,0,0.0,-1456104.4000305175,0.0,48543895.599969484,,,,
2022-10-24,22.176612854003903,9.60158920288086,1.0437309433849138,0,,,,,0,0,0.0,-1456104.4000305175,0.0,48543895.599969484,,,,
2022-10-25,21.74927520751953,9.60158920288086,1.4752240635795355,0,,,,,0,0,0.0,-1456104.4000305175,0.0,48543895.599969484,,,,
2022-10-26,21.95170021057129,9.60158920288086,1.1341159602869766,0,,,,,0,0,0.0,-1456104.4000305175,0.0,48543895.599969484,,,,
2022-10-27,22.266578674316406,9.60158920288086,0.5924363342846328,0,,,,,0,0,0.0,-1456104.4000305175,0.0,48543895.599969484,,,,
2022-10-28,21.98543357849121,9.60158920288086,0.9870731109130197,0,,,,,0,0,0.0,-1456104.4000305175,0.0,48543895.599969484,,,,
2022-10-29,21.98543357849121,9.60158920288086,0.9655057127747736,0,,,,,0,0,0.0,-1456104.4000305175,0.0,48543895.599969484,,,,
2022-10-30,21.98543357849121,9.60158920288086,1.0603599090204352,0,,,,,0,0,0.0,-1456104.4000305175,0.0,48543895.599969484,,,,
2022-10-31,22.2778263092041,9.60158920288086,0.1558998135687775,0,,,,,0,0,0.0,-1456104.4000305175,0.0,48543895.599969484,,,,
2022-11-01,22.40152740478516,9.60158920288086,-0.23513349921557994,0,,,,,0,0,0.0,-1456104.4000305175,0.0,48543895.599969484,,,,
2022-11-02,22.49149703979492,9.60158920288086,-0.4694621752125773,0,,,,,0,0,0.0,-1456104.4000305175,0.0,48543895.599969484,,,,
2022-11-03,22.19910430908203,9.60158920288086,0.32638737819965385,0,,,,,0,0,0.0,-1456104.4000305175,0.0,48543895.599969484,,,,
2022-11-04,22.23284339904785,9.60158920288086,0.12021765281227603,0,,,,,0,0,0.0,-1456104.4000305175,0.0,48543895.599969484,,,,
2022-11-05,22.23284339904785,9.60158920288086,-0.004995557086118326,0,,,,,0,0,0.0,-1456104.4000305175,0.0,48543895.599969484,,,,
2022-11-06,22.23284339904785,9.60158920288086,-0.06203109673792408,0,,,,,0,0,0.0,-1456104.4000305175,0.0,48543895.599969484,,,,
2022-11-07,22.61520004272461,9.60158920288086,-1.97749894267917,0,,,,,0,0,0.0,-1456104.4000305175,0.0,48543895.599969484,,,,
2022-11-08,22.85136032104492,9.60158920288086,-2.52643847911266,0,,,,,0,0,0.0,-1456104.4000305175,0.0,48543895.599969484,,,,
2022-11-09,23.50361061096192,9.60158920288086,-3.2281700141769822,0,,,,,0,0,0.0,-1456104.4000305175,0.0,48543895.599969484,,,,
2022-11-10,23.278696060180664,9.60158920288086,-2.1490887712499163,0,,,,,0,0,0.0,-1456104.4000305175,0.0,48543895.599969484,,,,
2022-11-11,24.515729904174805,9.60158920288086,-3.1645632429908606,0,,,,,0,0,0.0,-1456104.4000305175,0.0,48543895.599969484,,,,
2022-11-12,24.515729904174805,9.60158920288086,-2.4500204238001273,0,,,,,0,0,0.0,-1456104.4000305175,0.0,48543895.599969484,,,,
2022-11-13,24.515729904174805,9.60158920288086,-2.0352555926951186,0,,,,,0,0,0.0,-1456104.4000305175,0.0,48543895.599969484,,,,
2022-11-14,24.740642547607425,9.60158920288086,-1.9443199628430776,0,,,,,0,0,0.0,-1456104.4000305175,0.0,48543895.599969484,,,,
2022-11-15,25.797740936279297,9.60158920288086,-2.3925468294201755,0,,,,,0,0,0.0,-1456104.4000305175,0.0,48543895.599969484,,,,
2022-11-16,25.75275993347168,9.60158920288086,-1.9745848330941755,0,,,,,0,0,0.0,-1456104.4000305175,0.0,48543895.599969484,,,,
2022-11-17,25.764009475708008,9.60158920288086,-1.7223612257851886,0,,,,,0,0,0.0,-1456104.4000305175,0.0,48543895.599969484,,,,
2022-11-18,25.69652938842773,9.60158920288086,-1.485177176124115,0,,,,,0,0,0.0,-1456104.4000305175,0.0,48543895.599969484,,,,
2022-11-19,25.69652938842773,9.60158920288086,-1.3335750618548374,0,,,,,0,0,0.0,-1456104.4000305175,0.0,48543895.599969484,,,,
2022-11-20,25.69652938842773,9.60158920288086,-1.2015664493580323,0,,,,,0,0,0.0,-1456104.4000305175,0.0,48543895.599969484,,,,
2022-11-21,25.606565475463867,9.60158920288086,-1.0317647663764649,0,,,,,0,0,0.0,-1456104.4000305175,0.0,48543895.599969484,,,,
2022-11-22,25.820236206054688,9.60158920288086,-1.0661557725068802,0,,,,,0,0,0.0,-1456104.4000305175,0.0,48543895.599969484,,,,
2022-11-23,26.000167846679688,9.60158920288086,-1.0858998507829456,0,,,,,0,0,0.0,-1456104.4000305175,0.0,48543895.599969484,,,,
2022-11-24,26.24757194519043,9.60158920288086,-1.1570682314510035,0,,,,,0,0,0.0,-1456104.4000305175,0.0,48543895.599969484,,,,
2022-11-25,26.24757194519043,9.60158920288086,-1.0747523496425384,0,,,,,0,0,0.0,-1456104.4000305175,0.0,48543895.599969484,,,,
2022-11-26,26.24757194519043,9.60158920288086,-1.0157517714551019,0,,,,,0,0,0.0,-1456104.4000305175,0.0,48543895.599969484,,,,
2022-11-27,26.24757194519043,9.60158920288086,-0.9617099338629155,0,,,,,0,0,0.0,-1456104.4000305175,0.0,48543895.599969484,,,,
2022-11-28,25.71902275085449,9.60158920288086,-0.37966591068121336,0,,,,,0,0,0.0,-1456104.4000305175,0.0,48543895.599969484,,,,
2022-11-29,25.95518493652344,9.60158920288086,-0.5783360347691153,0,,,,,0,0,0.0,-1456104.4000305175,0.0,48543895.599969484,,,,
2022-11-30,26.168853759765625,9.60158920288086,-0.8785935440296585,0,,,,,0,0,0.0,-1456104.4000305175,0.0,48543895.599969484,,,,
2022-12-01,26.618682861328125,9.60158920288086,-1.524734427448498,0,,,,,0,0,0.0,-1456104.4000305175,0.0,48543895.599969484,,,,
2022-12-02,26.382524490356445,9.60158920288086,-1.0650105115999084,0,,,,,0,0,0.0,-1456104.4000305175,0.0,48543895.599969484,,,,
2022-12-03,26.382524490356445,9.60158920288086,-1.0858233621917848,0,,,,,0,0,0.0,-1456104.4000305175,0.0,48543895.599969484,,,,
2022-12-04,26.382524490356445,9.60158920288086,-1.1766904405895462,0,,,,,0,0,0.0,-1456104.4000305175,0.0,48543895.599969484,,,,
2022-12-05,26.416259765625,9.60158920288086,-1.158137075615967,0,,,,,0,0,0.0,-1456104.4000305175,0.0,48543895.599969484,,,,
2022-12-06,25.932695388793945,9.60158920288086,0.4186004139332866,0,,,,,0,0,0.0,-1456104.4000305175,0.0,48543895.599969484,,,,
2022-12-07,25.775251388549805,9.60158920288086,0.933983888128404,0,,,,,0,0,0.0,-1456104.4000305175,0.0,48543895.599969484,,,,
2022-12-08,25.47161865234375,9.60158920288086,1.7834615884333487,0,,,,,0,0,0.0,-1456104.4000305175,0.0,48543895.599969484,,,,
2022-12-09,25.865219116210938,9.60158920288086,0.6116551434921519,0,,,,,0,0,0.0,-1456104.4000305175,0.0,48543895.599969484,,,,
2022-12-10,25.865219116210938,9.60158920288086,0.6547886961913938,0,,,,,0,0,0.0,-1456104.4000305175,0.0,48543895.599969484,,,,
2022-12-11,25.865219116210938,9.60158920288086,0.7328222721183023,0,,,,,0,0,0.0,-1456104.4000305175,0.0,48543895.599969484,,,,
2022-12-12,25.61781311035156,9.60158920288086,1.4766928814843931,0,,,,,0,0,0.0,-1456104.4000305175,0.0,48543895.599969484,,,,
2022-12-13,25.505355834960938,9.60158920288086,1.6302817240030074,0,,,,,0,0,0.0,-1456104.4000305175,0.0,48543895.599969484,,,,
2022-12-14,25.820236206054688,9.60158920288086,0.6156669065616492,0,,,,,0,0,0.0,-1456104.4000305175,0.0,48543895.599969484,,,,
2022-12-15,25.842729568481445,9.60158920288086,0.4897065380889346,0,,,,,0,0,0.0,-1456104.4000305175,0.0,48543895.599969484,,,,
2022-12-16,25.41539192199707,9.60158920288086,1.567053027381882,0,,,,,0,0,0.0,-1456104.4000305175,0.0,48543895.599969484,,,,
2022-12-17,25.41539192199707,9.60158920288086,1.3937316564402236,0,,,,,0,0,0.0,-1456104.4000305175,0.0,48543895.599969484,,,,
2022-12-18,25.41539192199707,9.60158920288086,1.2983858889505306,0,,,,,0,0,0.0,-1456104.4000305175,0.0,48543895.599969484,,,,
2022-12-19,25.26919174194336,9.60158920288086,1.4936192715508936,0,,,,,0,0,0.0,-1456104.4000305175,0.0,48543895.599969484,,,,
2022-12-20,24.80811882019043,9.60158920288086,2.1588090436145126,0,,,,,0,0,0.0,-1456104.4000305175,0.0,48543895.599969484,,,,
2022-12-21,24.909332275390625,9.60158920288086,1.7563864455840656,0,,,,,0,0,0.0,-1456104.4000305175,0.0,48543895.599969484,,,,
2022-12-22,25.325422286987305,9.60158920288086,0.771376143467016,0,,,,,0,0,0.0,-1456104.4000305175,0.0,48543895.599969484,,,,
2022-12-23,24.898082733154297,9.60158920288086,1.5813047751155729,0,,,,,0,0,0.0,-1456104.4000305175,0.0,48543895.599969484,,,,
2022-12-24,24.898082733154297,9.60158920288086,1.4644465126385813,0,,,,,0,0,0.0,-1456104.4000305175,0.0,48543895.599969484,,,,
2022-12-25,24.898082733154297,9.60158920288086,1.4016881073083465,0,,,,,0,0,0.0,-1456104.4000305175,0.0,48543895.599969484,,,,
2022-12-26,24.9880485534668,9.60158920288086,1.062648631736942,0,,,,,0,0,0.0,-1456104.4000305175,0.0,48543895.599969484,,,,
2022-12-27,25.10050773620605,9.60158920288086,0.6898383769915609,0,,,,,0,0,0.0,-1456104.4000305175,0.0,48543895.599969484,,,,
2022-12-28,24.740642547607425,9.60158920288086,1.4595083636949284,0,,,,,0,0,0.0,-1456104.4000305175,0.0,48543895.599969484,,,,
2022-12-29,24.6281852722168,9.60158920288086,1.557570045254638,0,,,,,0,0,0.0,-1456104.4000305175,0.0,48543895.599969484,,,,
2022-12-30,24.785627365112305,9.60158920288086,1.0715637550868429,0,,,,,0,0,0.0,-1456104.4000305175,0.0,48543895.599969484,,,,
2022-12-31,24.785627365112305,9.60158920288086,0.9884916885056788,0,,,,,0,0,0.0,-1456104.4000305175,0.0,48543895.599969484,,,,
2023-01-01,24.785627365112305,9.60158920288086,0.8964857936648706,0,,,,,0,0,0.0,-1456104.4000305175,0.0,48543895.599969484,,,,
2023-01-02,24.785627365112305,9.60158920288086,0.8096419121766311,0,,,,,0,0,0.0,-1456104.4000305175,0.0,48543895.599969484,,,,
2023-01-03,24.909332275390625,9.60158920288086,0.3851419979291016,0,,,,,0,0,0.0,-1456104.4000305175,0.0,48543895.599969484,,,,
2023-01-04,24.85310173034668,9.60158920288086,0.5091271440731582,0,,,,,0,0,0.0,-1456104.4000305175,0.0,48543895.599969484,,,,
2023-01-05,25.03303337097168,9.60158920288086,-0.3111652683241301,0,,,,,0,0,0.0,-1456104.4000305175,0.0,48543895.599969484,,,,
2023-01-06,25.14549446105957,9.60158920288086,-0.9471939725305096,0,,,,,0,0,0.0,-1456104.4000305175,0.0,48543895.599969484,,,,
2023-01-07,25.14549446105957,9.60158920288086,-1.1471882880063888,0,,,,,0,0,0.0,-1456104.4000305175,0.0,48543895.599969484,,,,
2023-01-08,25.14549446105957,9.60158920288086,-1.249086999814141,0,,,,,0,0,0.0,-1456104.4000305175,0.0,48543895.599969484,,,,
2023-01-09,26.04515266418457,9.60158920288086,-3.496074255351017,0,,,,,0,0,0.0,-1456104.4000305175,0.0,48543895.599969484,,,,
2023-01-10,26.146364212036133,9.60158920288086,-2.761480236967994,0,,,,,0,0,0.0,-1456104.4000305175,0.0,48543895.599969484,,,,
2023-01-11,26.168853759765625,9.60158920288086,-2.307551860811338,0,,,,,0,0,0.0,-1456104.4000305175,0.0,48543895.599969484,,,,
2023-01-12,26.056396484375,9.60158920288086,-1.773216055483006,0,,,,,0,0,0.0,-1456104.4000305175,0.0,48543895.599969484,,,,
2023-01-13,26.36003303527832,9.60158920288086,-1.9820279331295576,0,,,,,0,0,0.0,-1456104.4000305175,0.0,48543895.599969484,,,,
2023-01-14,26.36003303527832,9.60158920288086,-1.7125863943975637,0,,,,,0,0,0.0,-1456104.4000305175,0.0,48543895.599969484,,,,
2023-01-15,26.36003303527832,9.60158920288086,-1.508109660365299,0,,,,,0,0,0.0,-1456104.4000305175,0.0,48543895.599969484,,,,
2023-01-16,26.56245422363281,9.60158920288086,-1.588170733303215,0,,,,,0,0,0.0,-1456104.4000305175,0.0,48543895.599969484,,,,
2023-01-17,26.56245422363281,9.60158920288086,-1.4149045029275777,0,,,,,0,0,0.0,-1456104.4000305175,0.0,48543895.599969484,,,,
2023-01-18,26.56245422363281,9.60158920288086,-1.2783578206548032,0,,,,,0,0,0.0,-1456104.4000305175,0.0,48543895.599969484,,,,
2023-01-19,26.56245422363281,9.60158920288086,-1.1564879744789132,0,,,,,0,0,0.0,-1456104.4000305175,0.0,48543895.599969484,,,,
2023-01-20,26.56245422363281,9.60158920288086,-1.0511411769599328,0,,,,,0,0,0.0,-1456104.4000305175,0.0,48543895.599969484,,,,
2023-01-21,26.56245422363281,9.60158920288086,-0.9586883372428474,0,,,,,0,0,0.0,-1456104.4000305175,0.0,48543895.599969484,,,,
2023-01-22,26.56245422363281,9.60158920288086,-0.8771344599854864,0,,,,,0,0,0.0,-1456104.4000305175,0.0,48543895.599969484,,,,
2023-01-23,26.56245422363281,9.60158920288086,-0.7994258339090475,0,,,,,0,0,0.0,-1456104.4000305175,0.0,48543895.599969484,,,,
2023-01-24,26.56245422363281,9.60158920288086,-0.733995706683272,0,,,,,0,0,0.0,-1456104.4000305175,0.0,48543895.599969484,,,,
2023-01-25,26.56245422363281,9.60158920288086,-0.6684586915775407,0,,,,,0,0,0.0,-1456104.4000305175,0.0,48543895.599969484,,,,
2023-01-26,26.56245422363281,9.60158920288086,-0.6058909057341165,0,,,,,0,0,0.0,-1456104.4000305175,0.0,48543895.599969484,,,,
2023-01-27,26.56245422363281,9.60158920288086,-0.5618843319133969,0,,,,,0,0,0.0,-1456104.4000305175,0.0,48543895.599969484,,,,
2023-01-28,26.56245422363281,9.60158920288086,-0.6464361183085353,0,,,,,0,0,0.0,-1456104.4000305175,0.0,48543895.599969484,,,,
2023-01-29,26.56245422363281,9.60158920288086,-0.5799925212899857,0,,,,,0,0,0.0,-1456104.4000305175,0.0,48543895.599969484,,,,
2023-01-30,27.758338928222656,9.60158920288086,-3.7725365597600615,0,,,,,0,0,0.0,-1456104.4000305175,0.0,48543895.599969484,,,,
2023-01-31,27.206392288208008,9.60158920288086,-1.7866807184028883,0,,,,,0,0,0.0,-1456104.4000305175,0.0,48543895.599969484,,,,
2023-02-01,27.36737823486328,9.60158920288086,-1.9748299175823254,0,,,,,0,0,0.0,-1456104.4000305175,0.0,48543895.599969484,,,,
2023-02-02,27.82733154296875,9.60158920288086,-2.5171580702163694,0,,,,,0,0,0.0,-1456104.4000305175,0.0,48543895.599969484,,,,
2023-02-03,27.82733154296875,9.60158920288086,-2.0888411798202067,0,,,,,0,0,0.0,-1456104.4000305175,0.0,48543895.599969484,,,,
2023-02-04,27.82733154296875,9.60158920288086,-1.7990608918351032,0,,,,,0,0,0.0,-1456104.4000305175,0.0,48543895.599969484,,,,
2023-02-05,27.82733154296875,9.60158920288086,-1.575306647312854,0,,,,,0,0,0.0,-1456104.4000305175,0.0,48543895.599969484,,,,
2023-02-06,27.42487144470215,9.60158920288086,-0.7746081602079844,0,,,,,0,0,0.0,-1456104.4000305175,0.0,48543895.599969484,,,,
2023-02-07,27.36737823486328,9.60158920288086,-0.6039544318984791,0,,,,,0,0,0.0,-1456104.4000305175,0.0,48543895.599969484,,,,
2023-02-08,27.792837142944336,9.60158920288086,-1.2281041426689017,0,,,,,0,0,0.0,-1456104.4000305175,0.0,48543895.599969484,,,,
2023-02-09,27.80433464050293,9.60158920288086,-1.125918591927079,0,,,,,0,0,0.0,-1456104.4000305175,0.0,48543895.599969484,,,,
2023-02-10,27.82733154296875,9.60158920288086,-1.0543535871738368,0,,,,,0,0,0.0,-1456104.4000305175,0.0,48543895.599969484,,,,
2023-02-11,27.82733154296875,9.60158920288086,-0.9553944363491617,0,,,,,0,0,0.0,-1456104.4000305175,0.0,48543895.599969484,,,,
2023-02-12,27.82733154296875,9.60158920288086,-0.8658112078306088,0,,,,,0,0,0.0,-1456104.4000305175,0.0,48543895.599969484,,,,
2023-02-13,27.769838333129883,9.60158920288086,-0.6842891409619329,0,,,,,0,0,0.0,-1456104.4000305175,0.0,48543895.599969484,,,,
2023-02-14,27.97681999206543,9.60158920288086,-0.9846055302526325,0,,,,,0,0,0.0,-1456104.4000305175,0.0,48543895.599969484,,,,
2023-02-15,27.332881927490234,9.60158920288086,0.3906630584037664,0,,,,,0,0,0.0,-1456104.4000305175,0.0,48543895.599969484,,,,
2023-02-16,27.666349411010746,9.60158920288086,-0.23901062185390165,0,,,,,0,0,0.0,-1456104.4000305175,0.0,48543895.599969484,,,,
2023-02-17,27.30988311767578,9.60158920288086,0.8786645740753464,0,,,,,0,0,0.0,-1456104.4000305175,0.0,48543895.599969484,,,,
2023-02-18,27.30988311767578,9.60158920288086,1.366162876255072,0,,,,,0,0,0.0,-1456104.4000305175,0.0,48543895.599969484,,,,
2023-02-19,27.30988311767578,9.60158920288086,1.2275676116382699,0,,,,,0,0,0.0,-1456104.4000305175,0.0,48543895.599969484,,,,
2023-02-20,27.36737823486328,9.60158920288086,1.0820896379824294,0,,,,,0,0,0.0,-1456104.4000305175,0.0,48543895.599969484,,,,
2023-02-21,27.355876922607425,9.60158920288086,1.1240883189498245,0,,,,,0,0,0.0,-1456104.4000305175,0.0,48543895.599969484,,,,
2023-02-22,27.0569076538086,9.60158920288086,1.9799440442286984,0,,,,,0,0,0.0,-1456104.4000305175,0.0,48543895.599969484,,,,
2023-02-23,27.459367752075195,9.60158920288086,0.425282203888621,0,,,,,0,0,0.0,-1456104.4000305175,0.0,48543895.599969484,,,,
2023-02-24,27.321382522583008,9.60158920288086,0.8554206963726216,0,,,,,0,0,0.0,-1456104.4000305175,0.0,48543895.599969484,,,,
2023-02-25,27.321382522583008,9.60158920288086,0.7714070992511556,0,,,,,0,0,0.0,-1456104.4000305175,0.0,48543895.599969484,,,,
2023-02-26,27.321382522583008,9.60158920288086,0.7427433624716013,0,,,,,0,0,0.0,-1456104.4000305175,0.0,48543895.599969484,,,,
2023-02-27,27.321382522583008,9.60158920288086,0.7296125251704885,0,,,,,0,0,0.0,-1456104.4000305175,0.0,48543895.599969484,,,,
2023-02-28,27.321382522583008,9.60158920288086,0.6532146342496167,0,,,,,0,0,0.0,-1456104.4000305175,0.0,48543895.599969484,,,,
2023-03-01,27.4478702545166,9.60158920288086,0.09965934538967941,0,,,,,0,0,0.0,-1456104.4000305175,0.0,48543895.599969484,,,,
2023-03-02,27.42487144470215,9.60158920288086,0.1181003206140819,0,,,,,0,0,0.0,-1456104.4000305175,0.0,48543895.599969484,,,,
2023-03-03,27.4478702545166,9.60158920288086,-0.06641991021287327,0,,,,,0,0,0.0,-1456104.4000305175,0.0,48543895.599969484,,,,
2023-03-04,27.4478702545166,9.60158920288086,-0.17039094397095422,0,,,,,0,0,0.0,-1456104.4000305175,0.0,48543895.599969484,,,,
2023-03-05,27.4478702545166,9.60158920288086,-0.27884566185326154,0,,,,,0,0,0.0,-1456104.4000305175,0.0,48543895.599969484,,,,
2023-03-06,27.712345123291016,9.60158920288086,-2.3835235481808543,0,,,,,0,0,0.0,-1456104.4000305175,0.0,48543895.599969484,,,,
2023-03-07,27.89632797241211,9.60158920288086,-2.716457634717957,0,,,,,0,0,0.0,-1456104.4000305175,0.0,48543895.599969484,,,,
2023-03-08,27.666349411010746,9.60158920288086,-1.422905358357367,0,,,,,0,0,0.0,-1456104.4000305175,0.0,48543895.599969484,,,,
2023-03-09,27.643348693847656,9.60158920288086,-1.1647679605831873,0,,,,,0,0,0.0,-1456104.4000305175,0.0,48543895.599969484,,,,
2023-03-10,27.206392288208008,9.60158920288086,1.1615263655856487,0,,,,,0,0,0.0,-1456104.4000305175,0.0,48543895.599969484,,,,
2023-03-11,27.206392288208008,9.60158920288086,1.1064015240126368,0,,,,,0,0,0.0,-1456104.4000305175,0.0,48543895.599969484,,,,
2023-03-12,27.206392288208008,9.60158920288086,1.0347063689036116,0,,,,,0,0,0.0,-1456104.4000305175,0.0,48543895.599969484,,,,
2023-03-13,27.321382522583008,9.60158920288086,0.4448615805226148,0,,,,,0,0,0.0,-1456104.4000305175,0.0,48543895.599969484,,,,
2023-03-14,27.022411346435547,9.60158920288086,1.906325851174907,0,,,,,0,0,0.0,-1456104.4000305175,0.0,48543895.599969484,,,,
2023-03-15,27.045408248901367,9.60158920288086,1.5730600467161064,0,,,,,0,0,0.0,-1456104.4000305175,0.0,48543895.599969484,,,,
2023-03-16,26.918920516967773,9.60158920288086,1.8590295271490094,0,,,,,0,0,0.0,-1456104.4000305175,0.0,48543895.599969484,,,,
2023-03-17,27.355876922607425,9.60158920288086,0.05487539899196246,0,,,,,0,0,0.0,-1456104.4000305175,0.0,48543895.599969484,,,,
2023-03-18,27.355876922607425,9.60158920288086,0.062092491981297744,0,,,,,0,0,0.0,-1456104.4000305175,0.0,48543895.599969484,,,,
2023-03-19,27.355876922607425,9.60158920288086,0.06932757535616589,0,,,,,0,0,0.0,-1456104.4000305175,0.0,48543895.599969484,,,,
2023-03-20,27.16039657592773,9.60158920288086,0.833159002153302,0,,,,,0,0,0.0,-1456104.4000305175,0.0,48543895.599969484,,,,
2023-03-21,27.2868881225586,9.60158920288086,0.28424210649387954,0,,,,,0,0,0.0,-1456104.4000305175,0.0,48543895.599969484,,,,
2023-03-22,27.80433464050293,9.60158920288086,-1.6230929234881306,0,,,,,0,0,0.0,-1456104.4000305175,0.0,48543895.599969484,,,,
2023-03-23,28.02281379699707,9.60158920288086,-2.0536821691241993,0,,,,,0,0,0.0,-1456104.4000305175,0.0,48543895.599969484,,,,
2023-03-24,28.103309631347656,9.60158920288086,-1.9629776178183773,0,,,,,0,0,0.0,-1456104.4000305175,0.0,48543895.599969484,,,,
2023-03-25,28.103309631347656,9.60158920288086,-1.708851604293168,0,,,,,0,0,0.0,-1456104.4000305175,0.0,48543895.599969484,,,,
2023-03-26,28.103309631347656,9.60158920288086,-1.5591766020411602,0,,,,,0,0,0.0,-1456104.4000305175,0.0,48543895.599969484,,,,
2023-03-27,27.93082427978516,9.60158920288086,-1.1113278870092578,0,,,,,0,0,0.0,-1456104.4000305175,0.0,48543895.599969484,,,,
2023-03-28,27.689350128173828,9.60158920288086,-0.49757325505564853,0,,,,,0,0,0.0,-1456104.4000305175,0.0,48543895.599969484,,,,
2023-03-29,27.73534202575684,9.60158920288086,-0.5984245789234709,0,,,,,0,0,0.0,-1456104.4000305175,0.0,48543895.599969484,,,,
2023-03-30,27.87333106994629,9.60158920288086,-0.8558884920113212,0,,,,,0,0,0.0,-1456104.4000305175,0.0,48543895.599969484,,,,
2023-03-31,27.96531867980957,9.60158920288086,-0.9817115621003476,0,,,,,0,0,0.0,-1456104.4000305175,0.0,48543895.599969484,,,,
2023-04-01,27.96531867980957,9.60158920288086,-0.8881937170179042,0,,,,,0,0,0.0,-1456104.4000305175,0.0,48543895.599969484,,,,
2023-04-02,27.96531867980957,9.60158920288086,-0.8050731346211268,0,,,,,0,0,0.0,-1456104.4000305175,0.0,48543895.599969484,,,,
2023-04-03,27.96531867980957,9.60158920288086,-0.7266936392318578,0,,,,,0,0,0.0,-1456104.4000305175,0.0,48543895.599969484,,,,
2023-04-04,27.96531867980957,9.60158920288086,-0.6520060899785147,0,,,,,0,0,0.0,-1456104.4000305175,0.0,48543895.599969484,,,,
2023-04-05,27.96531867980957,9.60158920288086,-0.5923609507470599,0,,,,,0,0,0.0,-1456104.4000305175,0.0,48543895.599969484,,,,
2023-04-06,27.82733154296875,9.60158920288086,-0.06944370122871604,0,,,,,0,0,0.0,-1456104.4000305175,0.0,48543895.599969484,,,,
2023-04-07,27.82733154296875,9.60158920288086,0.012803749564975474,0,,,,,0,0,0.0,-1456104.4000305175,0.0,48543895.599969484,,,,
2023-04-08,27.82733154296875,9.60158920288086,0.11012925067141133,0,,,,,0,0,0.0,-1456104.4000305175,0.0,48543895.599969484,,,,
2023-04-09,27.82733154296875,9.60158920288086,0.32868480416620005,0,,,,,0,0,0.0,-1456104.4000305175,0.0,48543895.599969484,,,,
2023-04-10,27.82733154296875,9.60158920288086,0.7344049462692829,0,,,,,0,0,0.0,-1456104.4000305175,0.0,48543895.599969484,,,,
2023-04-11,27.792837142944336,9.60158920288086,1.0144364298035895,0,,,,,0,0,0.0,-1456104.4000305175,0.0,48543895.599969484,,,,
2023-04-12,27.72384262084961,9.60158920288086,1.4153639194951664,0,,,,,0,0,0.0,-1456104.4000305175,0.0,48543895.599969484,,,,
2023-04-13,27.48236846923828,9.60158920288086,2.644119695116446,0,,,,,0,0,0.0,-1456104.4000305175,0.0,48543895.599969484,,,,
2023-04-14,27.74683952331543,9.60158920288086,0.7544353317021183,0,,,,,0,0,0.0,-1456104.4000305175,0.0,48543895.599969484,,,,
2023-04-15,27.74683952331543,9.60158920288086,0.6841709263303084,0,,,,,0,0,0.0,-1456104.4000305175,0.0,48543895.599969484,,,,
2023-04-16,27.74683952331543,9.60158920288086,0.6148653811632581,0,,,,,0,0,0.0,-1456104.4000305175,0.0,48543895.599969484,,,,
2023-04-17,27.677846908569336,9.60158920288086,1.1586880545338218,0,,,,,0,0,0.0,-1456104.4000305175,0.0,48543895.599969484,,,,
2023-04-18,27.58585357666016,9.60158920288086,1.7038230698542487,0,,,,,0,0,0.0,-1456104.4000305175,0.0,48543895.599969484,,,,
2023-04-19,27.378875732421875,9.60158920288086,2.4901111738946646,0,,,,,0,0,0.0,-1456104.4000305175,0.0,48543895.599969484,,,,
2023-04-20,27.34438133239746,9.60158920288086,2.213032377937147,0,,,,,0,0,0.0,-1456104.4000305175,0.0,48543895.599969484,,,,
2023-04-21,27.2753849029541,9.60158920288086,2.1425384668431566,0,,,,,0,0,0.0,-1456104.4000305175,0.0,48543895.599969484,,,,
2023-04-22,27.2753849029541,9.60158920288086,1.849362048075901,0,,,,,0,0,0.0,-1456104.4000305175,0.0,48543895.599969484,,,,
2023-04-23,27.2753849029541,9.60158920288086,1.6345077770427325,0,,,,,0,0,0.0,-1456104.4000305175,0.0,48543895.599969484,,,,
2023-04-24,27.17189598083496,9.60158920288086,1.8164050422766407,0,,,,,0,0,0.0,-1456104.4000305175,0.0,48543895.599969484,,,,
2023-04-25,26.815427780151367,9.60158920288086,2.5690205162718853,0,,,,,0,0,0.0,-1456104.4000305175,0.0,48543895.599969484,,,,
2023-04-26,26.700437545776367,9.60158920288086,2.3612018971461968,0,,,,,0,0,0.0,-1456104.4000305175,0.0,48543895.599969484,,,,
2023-04-27,26.67744445800781,9.60158920288086,2.03561385726724,0,,,,,0,0,0.0,-1456104.4000305175,0.0,48543895.599969484,,,,
2023-04-28,26.999414443969727,9.60158920288086,1.068362641621507,0,,,,,0,0,0.0,-1456104.4000305175,0.0,48543895.599969484,,,,
2023-04-29,26.999414443969727,9.60158920288086,0.9679648518640119,0,,,,,0,0,0.0,-1456104.4000305175,0.0,48543895.599969484,,,,
2023-04-30,26.999414443969727,9.60158920288086,0.8772967601246449,0,,,,,0,0,0.0,-1456104.4000305175,0.0,48543895.599969484,,,,
2023-05-01,26.999414443969727,9.60158920288086,0.7928397102189684,0,,,,,0,0,0.0,-1456104.4000305175,0.0,48543895.599969484,,,,
2023-05-02,27.068405151367188,9.60158920288086,0.5256717044324819,0,,,,,0,0,0.0,-1456104.4000305175,0.0,48543895.599969484,,,,
2023-05-03,26.95341682434082,9.60158920288086,0.781112292374495,0,,,,,0,0,0.0,-1456104.4000305175,0.0,48543895.599969484,,,,
2023-05-04,27.022411346435547,9.60158920288086,0.5054255051173487,0,,,,,0,0,0.0,-1456104.4000305175,0.0,48543895.599969484,,,,
2023-05-05,27.09140396118164,9.60158920288086,0.208408908120533,0,,,,,0,0,0.0,-1456104.4000305175,0.0,48543895.599969484,,,,
2023-05-06,27.09140396118164,9.60158920288086,0.11053530910385033,0,,,,,0,0,0.0,-1456104.4000305175,0.0,48543895.599969484,,,,
2023-05-07,27.09140396118164,9.60158920288086,-0.002562268309410142,0,,,,,0,0,0.0,-1456104.4000305175,0.0,48543895.599969484,,,,
2023-05-08,27.263887405395508,9.60158920288086,-0.9601614299813932,0,,,,,0,0,0.0,-1456104.4000305175,0.0,48543895.599969484,,,,
2023-05-09,27.34438133239746,9.60158920288086,-1.3964287231887613,0,,,,,0,0,0.0,-1456104.4000305175,0.0,48543895.599969484,,,,
2023-05-10,27.09140396118164,9.60158920288086,-0.16902523377671216,0,,,,,0,0,0.0,-1456104.4000305175,0.0,48543895.599969484,,,,
2023-05-11,27.033906936645508,9.60158920288086,0.08140164112523088,0,,,,,0,0,0.0,-1456104.4000305175,0.0,48543895.599969484,,,,
2023-05-12,26.95341682434082,9.60158920288086,0.46514662440502424,0,,,,,0,0,0.0,-1456104.4000305175,0.0,48543895.599969484,,,,
2023-05-13,26.95341682434082,9.60158920288086,0.3915558182655678,0,,,,,0,0,0.0,-1456104.4000305175,0.0,48543895.599969484,,,,
2023-05-14,26.95341682434082,9.60158920288086,0.3311297643138623,0,,,,,0,0,0.0,-1456104.4000305175,0.0,48543895.599969484,,,,
2023-05-15,26.95341682434082,9.60158920288086,0.38996009233168655,0,,,,,0,0,0.0,-1456104.4000305175,0.0,48543895.599969484,,,,
2023-05-16,27.2753849029541,9.60158920288086,-1.6470242444021281,0,,,,,0,0,0.0,-1456104.4000305175,0.0,48543895.599969484,,,,
2023-05-17,27.72384262084961,9.60158920288086,-3.3708972537976134,0,,,,,0,0,0.0,-1456104.4000305175,0.0,48543895.599969484,,,,
2023-05-18,28.0918083190918,9.60158920288086,-3.259283186673763,0,,,,,0,0,0.0,-1456104.4000305175,0.0,48543895.599969484,,,,
2023-05-19,28.172298431396484,9.60158920288086,-2.635038353573268,0,,,,,0,0,0.0,-1456104.4000305175,0.0,48543895.599969484,,,,
2023-05-20,28.172298431396484,9.60158920288086,-2.152854983387028,0,,,,,0,0,0.0,-1456104.4000305175,0.0,48543895.599969484,,,,
2023-05-21,28.172298431396484,9.60158920288086,-1.8362249578824636,0,,,,,0,0,0.0,-1456104.4000305175,0.0,48543895.599969484,,,,
2023-05-22,28.12630653381348,9.60158920288086,-1.5268337676112842,0,,,,,0,0,0.0,-1456104.4000305175,0.0,48543895.599969484,,,,
2023-05-23,28.103309631347656,9.60158920288086,-1.3226754349911756,0,,,,,0,0,0.0,-1456104.4000305175,0.0,48543895.599969484,,,,
2023-05-24,27.96531867980957,9.60158920288086,-0.9501262520806256,0,,,,,0,0,0.0,-1456104.4000305175,0.0,48543895.599969484,,,,
2023-05-25,28.29878807067871,9.60158920288086,-1.4234975578944191,0,,,,,0,0,0.0,-1456104.4000305175,0.0,48543895.599969484,,,,
2023-05-26,28.965721130371094,9.60158920288086,-2.187833387508415,0,,,,,0,0,0.0,-1456104.4000305175,0.0,48543895.599969484,,,,
2023-05-27,28.965721130371094,9.60158920288086,-1.868378326138151,0,,,,,0,0,0.0,-1456104.4000305175,0.0,48543895.599969484,,,,
2023-05-28,28.965721130371094,9.60158920288086,-1.6292494384158918,0,,,,,0,0,0.0,-1456104.4000305175,0.0,48543895.599969484,,,,
2023-05-29,29.14970588684082,9.60158920288086,-1.6447084108405234,0,,,,,0,0,0.0,-1456104.4000305175,0.0,48543895.599969484,,,,
2023-05-30,29.14970588684082,9.60158920288086,-1.4639113476089964,0,,,,,0,0,0.0,-1456104.4000305175,0.0,48543895.599969484,,,,
2023-05-31,29.01172065734864,9.60158920288086,-1.1671615668932829,0,,,,,0,0,0.0,-1456104.4000305175,0.0,48543895.599969484,,,,
2023-06-01,28.78174018859864,9.60158920288086,-0.7896545893384422,0,,,,,0,0,0.0,-1456104.4000305175,0.0,48543895.599969484,,,,
2023-06-02,29.14970588684082,9.60158920288086,-1.1902712850349497,0,,,,,0,0,0.0,-1456104.4000305175,0.0,48543895.599969484,,,,
2023-06-03,29.14970588684082,9.60158920288086,-1.118421945731457,0,,,,,0,0,0.0,-1456104.4000305175,0.0,48543895.599969484,,,,
2023-06-04,29.14970588684082,9.60158920288086,-1.0811525654327518,0,,,,,0,0,0.0,-1456104.4000305175,0.0,48543895.599969484,,,,
2023-06-05,29.057716369628903,9.60158920288086,-0.8732204268532179,0,,,,,0,0,0.0,-1456104.4000305175,0.0,48543895.599969484,,,,
2023-06-06,29.138208389282227,9.60158920288086,-0.9560231239450736,0,,,,,0,0,0.0,-1456104.4000305175,0.0,48543895.599969484,,,,
2023-06-07,29.46017837524414,9.60158920288086,-1.4672933994037636,0,,,,,0,0,0.0,-1456104.4000305175,0.0,48543895.599969484,,,,
2023-06-08,29.17270469665528,9.60158920288086,-0.7842963383569848,0,,,,,0,0,0.0,-1456104.4000305175,0.0,48543895.599969484,,,,
2023-06-09,29.391185760498047,9.60158920288086,-1.1387384821262605,0,,,,,0,0,0.0,-1456104.4000305175,0.0,48543895.599969484,,,,
2023-06-10,29.391185760498047,9.60158920288086,-1.043403303757281,0,,,,,0,0,0.0,-1456104.4000305175,0.0,48543895.599969484,,,,
2023-06-11,29.391185760498047,9.60158920288086,-0.9687975220945128,0,,,,,0,0,0.0,-1456104.4000305175,0.0,48543895.599969484,,,,
2023-06-12,29.66715431213379,9.60158920288086,-1.5592097477845055,0,,,,,0,0,0.0,-1456104.4000305175,0.0,48543895.599969484,,,,
2023-06-13,30.25359916687012,9.60158920288086,-2.8270338729791544,0,,,,,0,0,0.0,-1456104.4000305175,0.0,48543895.599969484,,,,
2023-06-14,30.242101669311523,9.60158920288086,-2.4725629399328315,0,,,,,0,0,0.0,-1456104.4000305175,0.0,48543895.599969484,,,,
2023-06-15,30.33409118652344,9.60158920288086,-2.205414479928372,0,,,,,0,0,0.0,-1456104.4000305175,0.0,48543895.599969484,,,,
2023-06-16,30.25359916687012,9.60158920288086,-1.7501142892530968,0,,,,,0,0,0.0,-1456104.4000305175,0.0,48543895.599969484,,,,
2023-06-17,30.25359916687012,9.60158920288086,-1.543199527691988,0,,,,,0,0,0.0,-1456104.4000305175,0.0,48543895.599969484,,,,
2023-06-18,30.25359916687012,9.60158920288086,-1.372805499410396,0,,,,,0,0,0.0,-1456104.4000305175,0.0,48543895.599969484,,,,
2023-06-19,30.184608459472656,9.60158920288086,-1.1191508719086767,0,,,,,0,0,0.0,-1456104.4000305175,0.0,48543895.599969484,,,,
2023-06-20,30.023624420166016,9.60158920288086,-0.7373290801973875,0,,,,,0,0,0.0,-1456104.4000305175,0.0,48543895.599969484,,,,
2023-06-21,30.023624420166016,9.60158920288086,-0.6618854644286563,0,,,,,0,0,0.0,-1456104.4000305175,0.0,48543895.599969484,,,,
2023-06-22,30.023624420166016,9.60158920288086,-0.5882083436118518,0,,,,,0,0,0.0,-1456104.4000305175,0.0,48543895.599969484,,,,
2023-06-23,30.023624420166016,9.60158920288086,-0.5157191978240132,0,,,,,0,0,0.0,-1456104.4000305175,0.0,48543895.599969484,,,,
2023-06-24,30.023624420166016,9.60158920288086,-0.4428116812315393,0,,,,,0,0,0.0,-1456104.4000305175,0.0,48543895.599969484,,,,
2023-06-25,30.023624420166016,9.60158920288086,-0.3643413338912419,0,,,,,0,0,0.0,-1456104.4000305175,0.0,48543895.599969484,,,,
2023-06-26,29.83964157104492,9.60158920288086,0.1968461765580654,0,,,,,0,0,0.0,-1456104.4000305175,0.0,48543895.599969484,,,,
2023-06-27,29.64415740966797,9.60158920288086,0.7783339417128674,0,,,,,0,0,0.0,-1456104.4000305175,0.0,48543895.599969484,,,,
2023-06-28,29.690155029296875,9.60158920288086,0.8154225335973077,0,,,,,0,0,0.0,-1456104.4000305175,0.0,48543895.599969484,,,,
2023-06-29,29.67865753173828,9.60158920288086,0.9614128494786037,0,,,,,0,0,0.0,-1456104.4000305175,0.0,48543895.599969484,,,,
2023-06-30,29.690155029296875,9.60158920288086,1.059378606919361,0,,,,,0,0,0.0,-1456104.4000305175,0.0,48543895.599969484,,,,
2023-07-01,29.690155029296875,9.60158920288086,1.2398091866285494,0,,,,,0,0,0.0,-1456104.4000305175,0.0,48543895.599969484,,,,
2023-07-02,29.690155029296875,9.60158920288086,1.2526400322243183,0,,,,,0,0,0.0,-1456104.4000305175,0.0,48543895.599969484,,,,
2023-07-03,30.058120727539062,9.60158920288086,-0.3248145361384141,0,,,,,0,0,0.0,-1456104.4000305175,0.0,48543895.599969484,,,,
2023-07-04,30.12710952758789,9.60158920288086,-0.6598749166371976,0,,,,,0,0,0.0,-1456104.4000305175,0.0,48543895.599969484,,,,
2023-07-05,30.08111953735352,9.60158920288086,-0.5481479008157599,0,,,,,0,0,0.0,-1456104.4000305175,0.0,48543895.599969484,,,,
2023-07-06,29.414182662963867,9.60158920288086,2.1566568650164943,0,,,,,0,0,0.0,-1456104.4000305175,0.0,48543895.599969484,,,,
2023-07-07,29.36818504333496,9.60158920288086,2.0184529482503386,0,,,,,0,0,0.0,-1456104.4000305175,0.0,48543895.599969484,,,,
2023-07-08,29.36818504333496,9.60158920288086,1.7857346014490312,0,,,,,0,0,0.0,-1456104.4000305175,0.0,48543895.599969484,,,,
2023-07-09,29.36818504333496,9.60158920288086,1.5926039409639923,0,,,,,0,0,0.0,-1456104.4000305175,0.0,48543895.599969484,,,,
2023-07-10,29.31068992614746,9.60158920288086,1.5868484082942516,0,,,,,0,0,0.0,-1456104.4000305175,0.0,48543895.599969484,,,,
2023-07-11,29.713150024414062,9.60158920288086,0.10277654308190533,0,,,,,0,0,0.0,-1456104.4000305175,0.0,48543895.599969484,,,,
2023-07-12,29.770648956298828,9.60158920288086,-0.15770416422081346,0,,,,,0,0,0.0,-1456104.4000305175,0.0,48543895.599969484,,,,
2023-07-13,30.10411071777344,9.60158920288086,-1.3685013069414413,0,,,,,0,0,0.0,-1456104.4000305175,0.0,48543895.599969484,,,,
2023-07-14,30.41458511352539,9.60158920288086,-2.1687104631899112,0,,,,,0,0,0.0,-1456104.4000305175,0.0,48543895.599969484,,,,
2023-07-15,30.41458511352539,9.60158920288086,-1.9199842203172648,0,,,,,0,0,0.0,-1456104.4000305175,0.0,48543895.599969484,,,,
2023-07-16,30.41458511352539,9.60158920288086,-1.6855196883319024,0,,,,,0,0,0.0,-1456104.4000305175,0.0,48543895.599969484,,,,
2023-07-17,30.357091903686523,9.60158920288086,-1.3614210523508967,0,,,,,0,0,0.0,-1456104.4000305175,0.0,48543895.599969484,,,,
2023-07-18,30.29875946044922,9.60158920288086,-1.0956582195903093,0,,,,,0,0,0.0,-1456104.4000305175,0.0,48543895.599969484,,,,
2023-07-19,30.04208755493164,9.60158920288086,-0.39956548243784346,0,,,,,0,0,0.0,-1456104.4000305175,0.0,48543895.599969484,,,,
2023-07-20,30.182090759277344,9.60158920288086,-0.688250282554051,0,,,,,0,0,0.0,-1456104.4000305175,0.0,48543895.599969484,,,,
2023-07-21,29.68041229248047,9.60158920288086,0.5762460003315372,0,,,,,0,0,0.0,-1456104.4000305175,0.0,48543895.599969484,,,,
2023-07-22,29.68041229248047,9.60158920288086,0.5745989948381196,0,,,,,0,0,0.0,-1456104.4000305175,0.0,48543895.599969484,,,,
2023-07-23,29.68041229248047,9.60158920288086,0.5250395391779891,0,,,,,0,0,0.0,-1456104.4000305175,0.0,48543895.599969484,,,,
2023-07-24,29.692081451416016,9.60158920288086,0.4431124226851425,0,,,,,0,0,0.0,-1456104.4000305175,0.0,48543895.599969484,,,,
2023-07-25,30.06542205810547,9.60158920288086,-0.5009864839380035,0,,,,,0,0,0.0,-1456104.4000305175,0.0,48543895.599969484,,,,
2023-07-26,29.983753204345703,9.60158920288086,-0.23108380160118275,0,,,,,0,0,0.0,-1456104.4000305175,0.0,48543895.599969484,,,,
2023-07-27,30.21708869934082,9.60158920288086,-0.76019445275898,0,,,,,0,0,0.0,-1456104.4000305175,0.0,48543895.599969484,,,,
2023-07-28,30.21708869934082,9.60158920288086,-0.6834139110589306,0,,,,,0,0,0.0,-1456104.4000305175,0.0,48543895.599969484,,,,
2023-07-29,30.21708869934082,9.60158920288086,-0.6103757411782568,0,,,,,0,0,0.0,-1456104.4000305175,0.0,48543895.599969484,,,,
2023-07-30,30.21708869934082,9.60158920288086,-0.5459424460554528,0,,,,,0,0,0.0,-1456104.4000305175,0.0,48543895.599969484,,,,
2023-07-31,30.053754806518555,9.60158920288086,0.12084909709585591,0,,,,,0,0,0.0,-1456104.4000305175,0.0,48543895.599969484,,,,
2023-08-01,30.205421447753903,9.60158920288086,-0.3938512436721277,0,,,,,0,0,0.0,-1456104.4000305175,0.0,48543895.599969484,,,,
2023-08-02,29.83208274841309,9.60158920288086,1.0140099641998312,0,,,,,0,0,0.0,-1456104.4000305175,0.0,48543895.599969484,,,,
2023-08-03,29.83208274841309,9.60158920288086,0.9201071697003661,0,,,,,0,0,0.0,-1456104.4000305175,0.0,48543895.599969484,,,,
2023-08-04,29.692081451416016,9.60158920288086,1.3377137927478813,0,,,,,0,0,0.0,-1456104.4000305175,0.0,48543895.599969484,,,,
2023-08-05,29.692081451416016,9.60158920288086,1.2263549003037812,0,,,,,0,0,0.0,-1456104.4000305175,0.0,48543895.599969484,,,,
2023-08-06,29.692081451416016,9.60158920288086,1.1232589113946516,0,,,,,0,0,0.0,-1456104.4000305175,0.0,48543895.599969484,,,,
2023-08-07,29.983753204345703,9.60158920288086,-0.18259769869960296,0,,,,,0,0,0.0,-1456104.4000305175,0.0,48543895.599969484,,,,
2023-08-08,29.63374710083008,9.60158920288086,1.2416085942013488,0,,,,,0,0,0.0,-1456104.4000305175,0.0,48543895.599969484,,,,
2023-08-09,29.68041229248047,9.60158920288086,0.9429489416694453,0,,,,,0,0,0.0,-1456104.4000305175,0.0,48543895.599969484,,,,
2023-08-10,29.493745803833008,9.60158920288086,1.6239045143008806,0,,,,,0,0,0.0,-1456104.4000305175,0.0,48543895.599969484,,,,
2023-08-11,29.47041320800781,9.60158920288086,1.5877559177719125,0,,,,,0,0,0.0,-1456104.4000305175,0.0,48543895.599969484,,,,
2023-08-12,29.47041320800781,9.60158920288086,1.4749581225228876,0,,,,,0,0,0.0,-1456104.4000305175,0.0,48543895.599969484,,,,
2023-08-13,29.47041320800781,9.60158920288086,1.3730114316475093,0,,,,,0,0,0.0,-1456104.4000305175,0.0,48543895.599969484,,,,
2023-08-14,29.050405502319336,9.60158920288086,2.296865560781113,0,,,,,0,0,0.0,-1456104.4000305175,0.0,48543895.599969484,,,,
2023-08-15,29.097070693969727,9.60158920288086,1.8365565319016057,0,,,,,0,0,0.0,-1456104.4000305175,0.0,48543895.599969484,,,,
2023-08-16,28.945405960083008,9.60158920288086,1.9385607938837215,0,,,,,0,0,0.0,-1456104.4000305175,0.0,48543895.599969484,,,,
2023-08-17,29.0737361907959,9.60158920288086,1.4468813296248022,0,,,,,0,0,0.0,-1456104.4000305175,0.0,48543895.599969484,,,,
2023-08-18,28.89873695373535,9.60158920288086,1.6882538096288102,0,,,,,0,0,0.0,-1456104.4000305175,0.0,48543895.599969484,,,,
2023-08-19,28.89873695373535,9.60158920288086,1.5346081446143494,0,,,,,0,0,0.0,-1456104.4000305175,0.0,48543895.599969484,,,,
2023-08-20,28.89873695373535,9.60158920288086,1.387510496739157,0,,,,,0,0,0.0,-1456104.4000305175,0.0,48543895.599969484,,,,
2023-08-21,28.70039939880371,9.60158920288086,1.7320009764146356,0,,,,,0,0,0.0,-1456104.4000305175,0.0,48543895.599969484,,,,
2023-08-22,28.93373680114746,9.60158920288086,1.0276003582778714,0,,,,,0,0,0.0,-1456104.4000305175,0.0,48543895.599969484,,,,
2023-08-23,29.13207244873047,9.60158920288086,0.4420235802166764,0,,,,,0,0,0.0,-1456104.4000305175,0.0,48543895.599969484,,,,
2023-08-24,29.63374710083008,9.60158920288086,-0.9312665729877962,0,,,,,0,0,0.0,-1456104.4000305175,0.0,48543895.599969484,,,,
2023-08-25,29.062074661254883,9.60158920288086,0.5568058526049108,0,,,,,0,0,0.0,-1456104.4000305175,0.0,48543895.599969484,,,,
2023-08-26,29.062074661254883,9.60158920288086,0.48555709347338627,0,,,,,0,0,0.0,-1456104.4000305175,0.0,48543895.599969484,,,,
2023-08-27,29.062074661254883,9.60158920288086,0.40859678669984456,0,,,,,0,0,0.0,-1456104.4000305175,0.0,48543895.599969484,,,,
2023-08-28,29.248741149902344,9.60158920288086,-0.3041475430486023,0,,,,,0,0,0.0,-1456104.4000305175,0.0,48543895.599969484,,,,
2023-08-29,29.41207695007324,9.60158920288086,-1.0144998176666435,0,,,,,0,0,0.0,-1456104.4000305175,0.0,48543895.599969484,,,,
2023-08-30,29.54040908813477,9.60158920288086,-1.483705251731247,0,,,,,0,0,0.0,-1456104.4000305175,0.0,48543895.599969484,,,,
2023-08-31,29.33040809631348,9.60158920288086,-0.7260679087669081,0,,,,,0,0,0.0,-1456104.4000305175,0.0,48543895.599969484,,,,
2023-09-01,29.37707901000977,9.60158920288086,-0.9487466467202836,0,,,,,0,0,0.0,-1456104.4000305175,0.0,48543895.599969484,,,,
2023-09-02,29.37707901000977,9.60158920288086,-0.9902353433091695,0,,,,,0,0,0.0,-1456104.4000305175,0.0,48543895.599969484,,,,
2023-09-03,29.37707901000977,9.60158920288086,-0.9049359860769769,0,,,,,0,0,0.0,-1456104.4000305175,0.0,48543895.599969484,,,,
2023-09-04,29.57541275024414,9.60158920288086,-1.5070204144927994,0,,,,,0,0,0.0,-1456104.4000305175,0.0,48543895.599969484,,,,
2023-09-05,29.50541114807129,9.60158920288086,-1.1201894018100385,0,,,,,0,0,0.0,-1456104.4000305175,0.0,48543895.599969484,,,,
2023-09-06,29.400409698486328,9.60158920288086,-0.663976675343048,0,,,,,0,0,0.0,-1456104.4000305175,0.0,48543895.599969484,,,,
2023-09-07,29.13207244873047,9.60158920288086,0.3883071484150029,0,,,,,0,0,0.0,-1456104.4000305175,0.0,48543895.599969484,,,,
2023-09-08,29.003740310668945,9.60158920288086,0.9240488960683568,0,,,,,0,0,0.0,-1456104.4000305175,0.0,48543895.599969484,,,,
2023-09-09,29.003740310668945,9.60158920288086,0.969130464965144,0,,,,,0,0,0.0,-1456104.4000305175,0.0,48543895.599969484,,,,
2023-09-10,29.003740310668945,9.60158920288086,1.157997491587943,0,,,,,0,0,0.0,-1456104.4000305175,0.0,48543895.599969484,,,,
2023-09-11,28.88707160949707,9.60158920288086,1.6486290463097666,0,,,,,0,0,0.0,-1456104.4000305175,0.0,48543895.599969484,,,,
2023-09-12,29.178741455078125,9.60158920288086,0.35860999711361524,0,,,,,0,0,0.0,-1456104.4000305175,0.0,48543895.599969484,,,,
2023-09-13,29.2137393951416,9.60158920288086,0.11685227755015831,0,,,,,0,0,0.0,-1456104.4000305175,0.0,48543895.599969484,,,,
2023-09-14,29.62207794189453,9.60158920288086,-1.6400121010483908,0,,,,,0,0,0.0,-1456104.4000305175,0.0,48543895.599969484,,,,
2023-09-15,29.715415954589844,9.60158920288086,-1.785426019282576,0,,,,,0,0,0.0,-1456104.4000305175,0.0,48543895.599969484,,,,
2023-09-16,29.715415954589844,9.60158920288086,-1.5737623427317213,0,,,,,0,0,0.0,-1456104.4000305175,0.0,48543895.599969484,,,,
2023-09-17,29.715415954589844,9.60158920288086,-1.4000691953139404,0,,,,,0,0,0.0,-1456104.4000305175,0.0,48543895.599969484,,,,
2023-09-18,29.400409698486328,9.60158920288086,-0.18102865162460266,0,,,,,0,0,0.0,-1456104.4000305175,0.0,48543895.599969484,,,,
2023-09-19,29.27207374572754,9.60158920288086,0.26816403154495116,0,,,,,0,0,0.0,-1456104.4000305175,0.0,48543895.599969484,,,,
2023-09-20,29.10873985290528,9.60158920288086,0.8489168486130416,0,,,,,0,0,0.0,-1456104.4000305175,0.0,48543895.599969484,,,,
2023-09-21,28.642065048217773,9.60158920288086,2.158761794984377,0,,,,,0,0,0.0,-1456104.4000305175,0.0,48543895.599969484,,,,
2023-09-22,28.61873245239257,9.60158920288086,1.893346230072555,0,,,,,0,0,0.0,-1456104.4000305175,0.0,48543895.599969484,,,,
2023-09-23,28.61873245239257,9.60158920288086,1.6472500933057967,0,,,,,0,0,0.0,-1456104.4000305175,0.0,48543895.599969484,,,,
2023-09-24,28.61873245239257,9.60158920288086,1.462928958815503,0,,,,,0,0,0.0,-1456104.4000305175,0.0,48543895.599969484,,,,
2023-09-25,28.828737258911133,9.60158920288086,0.8175873547783539,0,,,,,0,0,0.0,-1456104.4000305175,0.0,48543895.599969484,,,,
2023-09-26,28.490398406982425,9.60158920288086,1.515388254458342,0,,,,,0,0,0.0,-1456104.4000305175,0.0,48543895.599969484,,,,
2023-09-27,28.502063751220703,9.60158920288086,1.3353639130144008,0,,,,,0,0,0.0,-1456104.4000305175,0.0,48543895.599969484,,,,
2023-09-28,28.61873245239257,9.60158920288086,0.9820199348710416,0,,,,,0,0,0.0,-1456104.4000305175,0.0,48543895.599969484,,,,
2023-09-29,28.61873245239257,9.60158920288086,0.9151823585505765,0,,,,,0,0,0.0,-1456104.4000305175,0.0,48543895.599969484,,,,
2023-09-30,28.61873245239257,9.60158920288086,0.8534909179711837,0,,,,,0,0,0.0,-1456104.4000305175,0.0,48543895.599969484,,,,
2023-10-01,28.61873245239257,9.60158920288086,0.8098162163028163,0,,,,,0,0,0.0,-1456104.4000305175,0.0,48543895.599969484,,,,
2023-10-02,28.9920711517334,9.60158920288086,-0.03224344256868994,0,,,,,0,0,0.0,-1456104.4000305175,0.0,48543895.599969484,,,,
2023-10-03,28.81706619262696,9.60158920288086,0.31235956553308253,0,,,,,0,0,0.0,-1456104.4000305175,0.0,48543895.599969484,,,,
2023-10-04,28.4437313079834,9.60158920288086,1.0449903882270397,0,,,,,0,0,0.0,-1456104.4000305175,0.0,48543895.599969484,,,,
2023-10-05,28.85206794738769,9.60158920288086,0.008961705511622077,0,,,,,0,0,0.0,-1456104.4000305175,0.0,48543895.599969484,,,,
2023-10-06,28.957069396972656,9.60158920288086,-0.4151963211733266,0,,,,,0,0,0.0,-1456104.4000305175,0.0,48543895.599969484,,,,
2023-10-07,28.957069396972656,9.60158920288086,-0.6710179273283142,0,,,,,0,0,0.0,-1456104.4000305175,0.0,48543895.599969484,,,,
2023-10-08,28.957069396972656,9.60158920288086,-0.8859772245867372,0,,,,,0,0,0.0,-1456104.4000305175,0.0,48543895.599969484,,,,
2023-10-09,28.957069396972656,9.60158920288086,-1.0955193860351315,0,,,,,0,0,0.0,-1456104.4000305175,0.0,48543895.599969484,,,,
2023-10-10,28.957069396972656,9.60158920288086,-1.2103099771532317,0,,,,,0,0,0.0,-1456104.4000305175,0.0,48543895.599969484,,,,
2023-10-11,29.458744049072266,9.60158920288086,-2.8069781648191516,0,,,,,0,0,0.0,-1456104.4000305175,0.0,48543895.599969484,,,,
2023-10-12,29.70374870300293,9.60158920288086,-2.760631417971909,0,,,,,0,0,0.0,-1456104.4000305175,0.0,48543895.599969484,,,,
2023-10-13,29.62207794189453,9.60158920288086,-2.0721741106604545,0,,,,,0,0,0.0,-1456104.4000305175,0.0,48543895.599969484,,,,
2023-10-14,29.62207794189453,9.60158920288086,-1.7806059149541136,0,,,,,0,0,0.0,-1456104.4000305175,0.0,48543895.599969484,,,,
2023-10-15,29.62207794189453,9.60158920288086,-1.5636894279127387,0,,,,,0,0,0.0,-1456104.4000305175,0.0,48543895.599969484,,,,
2023-10-16,29.458744049072266,9.60158920288086,-1.0623433663663637,0,,,,,0,0,0.0,-1456104.4000305175,0.0,48543895.599969484,,,,
2023-10-17,29.528743743896484,9.60158920288086,-1.1171592365458312,0,,,,,0,0,0.0,-1456104.4000305175,0.0,48543895.599969484,,,,
2023-10-18,29.12040901184082,9.60158920288086,-0.0660264033257545,0,,,,,0,0,0.0,-1456104.4000305175,0.0,48543895.599969484,,,,
2023-10-19,29.13207244873047,9.60158920288086,-0.032105186297700386,0,,,,,0,0,0.0,-1456104.4000305175,0.0,48543895.599969484,,,,
2023-10-20,29.26041030883789,9.60158920288086,-0.29827124869047655,0,,,,,0,0,0.0,-1456104.4000305175,0.0,48543895.599969484,,,,
2023-10-21,29.26041030883789,9.60158920288086,-0.22350475354961397,0,,,,,0,0,0.0,-1456104.4000305175,0.0,48543895.599969484,,,,
2023-10-22,29.26041030883789,9.60158920288086,-0.18571629754080748,0,,,,,0,0,0.0,-1456104.4000305175,0.0,48543895.599969484,,,,
2023-10-23,28.89873695373535,9.60158920288086,0.9040400156104537,0,,,,,0,0,0.0,-1456104.4000305175,0.0,48543895.599969484,,,,
2023-10-24,28.92207145690918,9.60158920288086,1.037769289204287,0,,,,,0,0,0.0,-1456104.4000305175,0.0,48543895.599969484,,,,
2023-10-25,28.980403900146484,9.60158920288086,0.882219599864298,0,,,,,0,0,0.0,-1456104.4000305175,0.0,48543895.599969484,,,,
2023-10-26,28.408729553222656,9.60158920288086,2.3763774169329817,0,,,,,0,0,0.0,-1456104.4000305175,0.0,48543895.599969484,,,,
2023-10-27,28.537065505981445,9.60158920288086,1.7799070734785054,0,,,,,0,0,0.0,-1456104.4000305175,0.0,48543895.599969484,,,,
2023-10-28,28.537065505981445,9.60158920288086,1.6109142241855692,0,,,,,0,0,0.0,-1456104.4000305175,0.0,48543895.599969484,,,,
2023-10-29,28.537065505981445,9.60158920288086,1.4718589010489633,0,,,,,0,0,0.0,-1456104.4000305175,0.0,48543895.599969484,,,,
2023-10-30,28.46706199645996,9.60158920288086,1.4904391760859577,0,,,,,0,0,0.0,-1456104.4000305175,0.0,48543895.599969484,,,,
2023-10-31,28.26872634887696,9.60158920288086,1.6888152187400975,0,,,,,0,0,0.0,-1456104.4000305175,0.0,48543895.599969484,,,,
2023-11-01,28.408729553222656,9.60158920288086,1.2627478991100394,0,,,,,0,0,0.0,-1456104.4000305175,0.0,48543895.599969484,,,,
2023-11-02,29.050405502319336,9.60158920288086,-0.1968770206871999,0,,,,,0,0,0.0,-1456104.4000305175,0.0,48543895.599969484,,,,
2023-11-03,29.27207374572754,9.60158920288086,-0.7799244642148602,0,,,,,0,0,0.0,-1456104.4000305175,0.0,48543895.599969484,,,,
2023-11-04,29.27207374572754,9.60158920288086,-0.8700499126201338,0,,,,,0,0,0.0,-1456104.4000305175,0.0,48543895.599969484,,,,
2023-11-05,29.27207374572754,9.60158920288086,-0.9197327377044875,0,,,,,0,0,0.0,-1456104.4000305175,0.0,48543895.599969484,,,,
2023-11-06,29.528743743896484,9.60158920288086,-1.5897388455640433,0,,,,,0,0,0.0,-1456104.4000305175,0.0,48543895.599969484,,,,
2023-11-07,29.51707649230957,9.60158920288086,-1.4304125249410753,0,,,,,0,0,0.0,-1456104.4000305175,0.0,48543895.599969484,,,,
2023-11-08,29.68041229248047,9.60158920288086,-1.640399057605653,0,,,,,0,0,0.0,-1456104.4000305175,0.0,48543895.599969484,,,,
2023-11-09,29.692081451416016,9.60158920288086,-1.5286628026312234,0,,,,,0,0,0.0,-1456104.4000305175,0.0,48543895.599969484,,,,
2023-11-10,29.57541275024414,9.60158920288086,-1.2019094162380268,0,,,,,0,0,0.0,-1456104.4000305175,0.0,48543895.599969484,,,,
2023-11-11,29.57541275024414,9.60158920288086,-1.135423798257244,0,,,,,0,0,0.0,-1456104.4000305175,0.0,48543895.599969484,,,,
2023-11-12,29.57541275024414,9.60158920288086,-1.0358397066159197,0,,,,,0,0,0.0,-1456104.4000305175,0.0,48543895.599969484,,,,
2023-11-13,30.030418395996094,9.60158920288086,-1.6830399319722327,0,,,,,0,0,0.0,-1456104.4000305175,0.0,48543895.599969484,,,,
2023-11-14,30.10042190551757,9.60158920288086,-1.5873324440000218,0,,,,,0,0,0.0,-1456104.4000305175,0.0,48543895.599969484,,,,
2023-11-15,30.462093353271484,9.60158920288086,-1.9015857573215376,0,,,,,0,0,0.0,-1456104.4000305175,0.0,48543895.599969484,,,,
2023-11-16,30.4737606048584,9.60158920288086,-1.6855269931293075,0,,,,,0,0,0.0,-1456104.4000305175,0.0,48543895.599969484,,,,
2023-11-17,30.56709098815918,9.60158920288086,-1.6194329179593434,0,,,,,0,0,0.0,-1456104.4000305175,0.0,48543895.599969484,,,,
2023-11-18,30.56709098815918,9.60158920288086,-1.458348901916712,0,,,,,0,0,0.0,-1456104.4000305175,0.0,48543895.599969484,,,,
2023-11-19,30.56709098815918,9.60158920288086,-1.3380364397126676,0,,,,,0,0,0.0,-1456104.4000305175,0.0,48543895.599969484,,,,
2023-11-20,30.5554256439209,9.60158920288086,-1.2627556583319042,0,,,,,0,0,0.0,-1456104.4000305175,0.0,48543895.599969484,,,,
2023-11-21,30.92876434326172,9.60158920288086,-1.7896828097337136,0,,,,,0,0,0.0,-1456104.4000305175,0.0,48543895.599969484,,,,
2023-11-22,30.64876174926757,9.60158920288086,-1.1880131162242098,0,,,,,0,0,0.0,-1456104.4000305175,0.0,48543895.599969484,,,,
2023-11-23,30.637094497680664,9.60158920288086,-1.0615523159008626,0,,,,,0,0,0.0,-1456104.4000305175,0.0,48543895.599969484,,,,
2023-11-24,30.61376190185547,9.60158920288086,-0.9293905697137841,0,,,,,0,0,0.0,-1456104.4000305175,0.0,48543895.599969484,,,,
2023-11-25,30.61376190185547,9.60158920288086,-0.8506282738947029,0,,,,,0,0,0.0,-1456104.4000305175,0.0,48543895.599969484,,,,
2023-11-26,30.61376190185547,9.60158920288086,-0.768274936195019,0,,,,,0,0,0.0,-1456104.4000305175,0.0,48543895.599969484,,,,
2023-11-27,30.415428161621094,9.60158920288086,-0.2730711261019371,0,,,,,0,0,0.0,-1456104.4000305175,0.0,48543895.599969484,,,,
2023-11-28,30.62542533874512,9.60158920288086,-0.6698970123305805,0,,,,,0,0,0.0,-1456104.4000305175,0.0,48543895.599969484,,,,
2023-11-29,30.602088928222656,9.60158920288086,-0.5396095432810417,0,,,,,0,0,0.0,-1456104.4000305175,0.0,48543895.599969484,,,,
2023-11-30,30.64876174926757,9.60158920288086,-0.5894670618895456,0,,,,,0,0,0.0,-1456104.4000305175,0.0,48543895.599969484,,,,
2023-12-01,30.75376319885254,9.60158920288086,-0.8644610776312188,0,,,,,0,0,0.0,-1456104.4000305175,0.0,48543895.599969484,,,,
2023-12-02,30.75376319885254,9.60158920288086,-0.9633183220720402,0,,,,,0,0,0.0,-1456104.4000305175,0.0,48543895.599969484,,,,
2023-12-03,30.75376319885254,9.60158920288086,-0.9687336667427389,0,,,,,0,0,0.0,-1456104.4000305175,0.0,48543895.599969484,,,,
2023-12-04,30.637094497680664,9.60158920288086,-0.13159839746285096,0,,,,,0,0,0.0,-1456104.4000305175,0.0,48543895.599969484,,,,
2023-12-05,30.415428161621094,9.60158920288086,1.714692675031151,0,,,,,0,0,0.0,-1456104.4000305175,0.0,48543895.599969484,,,,
2023-12-06,30.52042961120605,9.60158920288086,0.8713054512167334,0,,,,,0,0,0.0,-1456104.4000305175,0.0,48543895.599969484,,,,
2023-12-07,30.333755493164062,9.60158920288086,2.081934413882527,0,,,,,0,0,0.0,-1456104.4000305175,0.0,48543895.599969484,,,,
2023-12-08,30.578760147094727,9.60158920288086,0.241892821650591,0,,,,,0,0,0.0,-1456104.4000305175,0.0,48543895.599969484,,,,
2023-12-09,30.578760147094727,9.60158920288086,0.2466209051761557,0,,,,,0,0,0.0,-1456104.4000305175,0.0,48543895.599969484,,,,
2023-12-10,30.578760147094727,9.60158920288086,0.2562358972787969,0,,,,,0,0,0.0,-1456104.4000305175,0.0,48543895.599969484,,,,
2023-12-11,30.61376190185547,9.60158920288086,-0.15499764292158844,0,,,,,0,0,0.0,-1456104.4000305175,0.0,48543895.599969484,,,,
2023-12-12,30.68375968933105,9.60158920288086,-0.7721387163932404,0,,,,,0,0,0.0,-1456104.4000305175,0.0,48543895.599969484,,,,
2023-12-13,30.69542694091797,9.60158920288086,-0.837595057819582,0,,,,,0,0,0.0,-1456104.4000305175,0.0,48543895.599969484,,,,
2023-12-14,31.068761825561523,9.60158920288086,-2.898973712582113,0,,,,,0,0,0.0,-1456104.4000305175,0.0,48543895.599969484,,,,
2023-12-15,31.197099685668945,9.60158920288086,-2.7224566255746168,0,,,,,0,0,0.0,-1456104.4000305175,0.0,48543895.599969484,,,,
2023-12-16,31.197099685668945,9.60158920288086,-2.204742958943109,0,,,,,0,0,0.0,-1456104.4000305175,0.0,48543895.599969484,,,,
2023-12-17,31.197099685668945,9.60158920288086,-1.8937345479153103,0,,,,,0,0,0.0,-1456104.4000305175,0.0,48543895.599969484,,,,
2023-12-18,31.2437686920166,9.60158920288086,-1.7831000067993021,0,,,,,0,0,0.0,-1456104.4000305175,0.0,48543895.599969484,,,,
2023-12-19,31.127098083496094,9.60158920288086,-1.2210547551315065,0,,,,,0,0,0.0,-1456104.4000305175,0.0,48543895.599969484,,,,
2023-12-20,31.208770751953125,9.60158920288086,-1.3445765849580984,0,,,,,0,0,0.0,-1456104.4000305175,0.0,48543895.599969484,,,,
2023-12-21,30.940433502197266,9.60158920288086,-0.41405488051421074,0,,,,,0,0,0.0,-1456104.4000305175,0.0,48543895.599969484,,,,
2023-12-22,31.02210235595703,9.60158920288086,-0.6350475871299097,0,,,,,0,0,0.0,-1456104.4000305175,0.0,48543895.599969484,,,,
2023-12-23,31.02210235595703,9.60158920288086,-0.5861543022719161,0,,,,,0,0,0.0,-1456104.4000305175,0.0,48543895.599969484,,,,
2023-12-24,31.02210235595703,9.60158920288086,-0.5257843695176924,0,,,,,0,0,0.0,-1456104.4000305175,0.0,48543895.599969484,,,,
2023-12-25,31.150434494018555,9.60158920288086,-0.8630940043687385,0,,,,,0,0,0.0,-1456104.4000305175,0.0,48543895.599969484,,,,
2023-12-26,31.32543563842773,9.60158920288086,-1.3231733160059684,0,,,,,0,0,0.0,-1456104.4000305175,0.0,48543895.599969484,,,,
2023-12-27,31.675443649291992,9.60158920288086,-2.2344432872938587,0,,,,,0,0,0.0,-1456104.4000305175,0.0,48543895.599969484,,,,
2023-12-28,31.675443649291992,9.60158920288086,-1.9381786844749629,0,,,,,0,0,0.0,-1456104.4000305175,0.0,48543895.599969484,,,,
2023-12-29,31.605438232421875,9.60158920288086,-1.5509427292653246,0,,,,,0,0,0.0,-1456104.4000305175,0.0,48543895.599969484,,,,
2023-12-30,31.605438232421875,9.60158920288086,-1.424999183223186,0,,,,,0,0,0.0,-1456104.4000305175,0.0,48543895.599969484,,,,
2023-12-31,31.605438232421875,9.60158920288086,-1.323111305335042,0,,,,,0,0,0.0,-1456104.4000305175,0.0,48543895.599969484,,,,
2024-01-01,31.605438232421875,9.60158920288086,-1.2317841227117514,0,,,,,0,0,0.0,-1456104.4000305175,0.0,48543895.599969484,,,,
2024-01-02,31.47710609436035,9.60158920288086,-0.7111695211561494,0,,,,,0,0,0.0,-1456104.4000305175,0.0,48543895.599969484,,,,
2024-01-03,30.92876434326172,9.60158920288086,1.3979351001444493,0,,,,,0,0,0.0,-1456104.4000305175,0.0,48543895.599969484,,,,
2024-01-04,30.91709518432617,9.60158920288086,1.3245951025186784,0,,,,,0,0,0.0,-1456104.4000305175,0.0,48543895.599969484,,,,
2024-01-05,30.835426330566406,9.60158920288086,1.4660661358224747,0,,,,,0,0,0.0,-1456104.4000305175,0.0,48543895.599969484,,,,
2024-01-06,30.835426330566406,9.60158920288086,1.3342619441088504,0,,,,,0,0,0.0,-1456104.4000305175,0.0,48543895.599969484,,,,
2024-01-07,30.835426330566406,9.60158920288086,1.2143062344338116,0,,,,,0,0,0.0,-1456104.4000305175,0.0,48543895.599969484,,,,
2024-01-08,30.97543334960937,9.60158920288086,0.7398575006028452,0,,,,,0,0,0.0,-1456104.4000305175,0.0,48543895.599969484,,,,
2024-01-09,31.033767700195312,9.60158920288086,0.5272133232552043,0,,,,,0,0,0.0,-1456104.4000305175,0.0,48543895.599969484,,,,
2024-01-10,30.87042999267578,9.60158920288086,1.0097733945299867,0,,,,,0,0,0.0,-1456104.4000305175,0.0,48543895.599969484,,,,
2024-01-11,30.99877166748047,9.60158920288086,0.6130600766855542,0,,,,,0,0,0.0,-1456104.4000305175,0.0,48543895.599969484,,,,
2024-01-12,30.95209503173828,9.60158920288086,0.7392697927632784,0,,,,,0,0,0.0,-1456104.4000305175,0.0,48543895.599969484,,,,
2024-01-13,30.95209503173828,9.60158920288086,0.7236350675839582,0,,,,,0,0,0.0,-1456104.4000305175,0.0,48543895.599969484,,,,
2024-01-14,30.95209503173828,9.60158920288086,0.6850788594260047,0,,,,,0,0,0.0,-1456104.4000305175,0.0,48543895.599969484,,,,
2024-01-15,30.95209503173828,9.60158920288086,0.6259442747246008,0,,,,,0,0,0.0,-1456104.4000305175,0.0,48543895.599969484,,,,
2024-01-16,30.718759536743164,9.60158920288086,1.20293825460159,0,,,,,0,0,0.0,-1456104.4000305175,0.0,48543895.599969484,,,,
2024-01-17,30.43222618103028,9.60158920288086,1.8466913106572063,0,,,,,0,0,0.0,-1456104.4000305175,0.0,48543895.599969484,,,,
2024-01-18,30.63519096374512,9.60158920288086,1.1478423015108636,0,,,,,0,0,0.0,-1456104.4000305175,0.0,48543895.599969484,,,,
2024-01-19,31.73356437683105,9.60158920288086,-2.1434010811953783,0,,,,,0,0,0.0,-1456104.4000305175,0.0,48543895.599969484,,,,
2024-01-20,31.73356437683105,9.60158920288086,-2.0461609394902904,0,,,,,0,0,0.0,-1456104.4000305175,0.0,48543895.599969484,,,,
2024-01-21,31.73356437683105,9.60158920288086,-1.958942720604101,0,,,,,0,0,0.0,-1456104.4000305175,0.0,48543895.599969484,,,,
2024-01-22,31.948469161987305,9.60158920288086,-2.2196719137783045,0,,,,,0,0,0.0,-1456104.4000305175,0.0,48543895.599969484,,,,
2024-01-23,32.00816345214844,9.60158920288086,-1.9809286077228714,0,,,,,0,0,0.0,-1456104.4000305175,0.0,48543895.599969484,,,,
2024-01-24,31.996225357055664,9.60158920288086,-1.692478948924313,0,,,,,0,0,0.0,-1456104.4000305175,0.0,48543895.599969484,,,,
2024-01-25,32.39020538330078,9.60158920288086,-2.0614113029435526,0,,,,,0,0,0.0,-1456104.4000305175,0.0,48543895.599969484,,,,
2024-01-26,32.39020538330078,9.60158920288086,-1.7724734431256663,0,,,,,0,0,0.0,-1456104.4000305175,0.0,48543895.599969484,,,,
2024-01-27,32.39020538330078,9.60158920288086,-1.5569635452337016,0,,,,,0,0,0.0,-1456104.4000305175,0.0,48543895.599969484,,,,
2024-01-28,32.39020538330078,9.60158920288086,-1.3839865639174371,0,,,,,0,0,0.0,-1456104.4000305175,0.0,48543895.599969484,,,,
2024-01-29,32.59316635131836,9.60158920288086,-1.487433438574926,0,,,,,0,0,0.0,-1456104.4000305175,0.0,48543895.599969484,,,,
2024-01-30,32.50959014892578,9.60158920288086,-1.230842909787965,0,,,,,0,0,0.0,-1456104.4000305175,0.0,48543895.599969484,,,,
2024-01-31,32.07979965209961,9.60158920288086,-0.5677450746521912,0,,,,,0,0,0.0,-1456104.4000305175,0.0,48543895.599969484,,,,
2024-02-01,32.07979965209961,9.60158920288086,-0.4997444192066794,0,,,,,0,0,0.0,-1456104.4000305175,0.0,48543895.599969484,,,,
2024-02-02,32.25887680053711,9.60158920288086,-0.677991534931606,0,,,,,0,0,0.0,-1456104.4000305175,0.0,48543895.599969484,,,,
2024-02-03,32.25887680053711,9.60158920288086,-0.6024579607528723,0,,,,,0,0,0.0,-1456104.4000305175,0.0,48543895.599969484,,,,
2024-02-04,32.25887680053711,9.60158920288086,-0.5280696847632059,0,,,,,0,0,0.0,-1456104.4000305175,0.0,48543895.599969484,,,,
2024-02-05,32.46183776855469,9.60158920288086,-0.7850139308211964,0,,,,,0,0,0.0,-1456104.4000305175,0.0,48543895.599969484,,,,
2024-02-06,32.46183776855469,9.60158920288086,-0.7875606551625508,0,,,,,0,0,0.0,-1456104.4000305175,0.0,48543895.599969484,,,,
2024-02-07,32.46183776855469,9.60158920288086,-0.9280021792398994,0,,,,,0,0,0.0,-1456104.4000305175,0.0,48543895.599969484,,,,
2024-02-08,32.46183776855469,9.60158920288086,-0.8525476238131623,0,,,,,0,0,0.0,-1456104.4000305175,0.0,48543895.599969484,,,,
2024-02-09,32.46183776855469,9.60158920288086,-0.7900180673565009,0,,,,,0,0,0.0,-1456104.4000305175,0.0,48543895.599969484,,,,
2024-02-10,32.46183776855469,9.60158920288086,-0.7495745836404519,0,,,,,0,0,0.0,-1456104.4000305175,0.0,48543895.599969484,,,,
2024-02-11,32.46183776855469,9.60158920288086,-0.6807589402795432,0,,,,,0,0,0.0,-1456104.4000305175,0.0,48543895.599969484,,,,
2024-02-12,32.46183776855469,9.60158920288086,-0.6102785761846502,0,,,,,0,0,0.0,-1456104.4000305175,0.0,48543895.599969484,,,,
2024-02-13,32.46183776855469,9.60158920288086,-0.5485505842985753,0,,,,,0,0,0.0,-1456104.4000305175,0.0,48543895.599969484,,,,
2024-02-14,32.46183776855469,9.60158920288086,-0.518116140133308,0,,,,,0,0,0.0,-1456104.4000305175,0.0,48543895.599969484,,,,
2024-02-15,33.99001693725586,9.60158920288086,-3.9710078744771553,0,,,,,0,0,0.0,-1456104.4000305175,0.0,48543895.599969484,,,,
2024-02-16,33.73929977416992,9.60158920288086,-2.526711855921232,0,,,,,0,0,0.0,-1456104.4000305175,0.0,48543895.599969484,,,,
2024-02-17,33.73929977416992,9.60158920288086,-2.083834449233538,0,,,,,0,0,0.0,-1456104.4000305175,0.0,48543895.599969484,,,,
2024-02-18,33.73929977416992,9.60158920288086,-1.7935290652289413,0,,,,,0,0,0.0,-1456104.4000305175,0.0,48543895.599969484,,,,
2024-02-19,33.69154739379883,9.60158920288086,-1.5123315204727077,0,,,,,0,0,0.0,-1456104.4000305175,0.0,48543895.599969484,,,,
2024-02-20,33.822872161865234,9.60158920288086,-1.519666681855311,0,,,,,0,0,0.0,-1456104.4000305175,0.0,48543895.599969484,,,,
2024-02-21,33.715423583984375,9.60158920288086,-1.2247259537869515,0,,,,,0,0,0.0,-1456104.4000305175,0.0,48543895.599969484,,,,
2024-02-22,34.097469329833984,9.60158920288086,-1.5768915635949734,0,,,,,0,0,0.0,-1456104.4000305175,0.0,48543895.599969484,,,,
2024-02-23,34.32430648803711,9.60158920288086,-1.6614713358026463,0,,,,,0,0,0.0,-1456104.4000305175,0.0,48543895.599969484,,,,
2024-02-24,34.32430648803711,9.60158920288086,-1.4790813995877374,0,,,,,0,0,0.0,-1456104.4000305175,0.0,48543895.599969484,,,,
2024-02-25,34.32430648803711,9.60158920288086,-1.3235710073301943,0,,,,,0,0,0.0,-1456104.4000305175,0.0,48543895.599969484,,,,
2024-02-26,34.37206268310547,9.60158920288086,-1.245577981561581,0,,,,,0,0,0.0,-1456104.4000305175,0.0,48543895.599969484,,,,
2024-02-27,34.22879409790039,9.60158920288086,-0.9661677312463077,0,,,,,0,0,0.0,-1456104.4000305175,0.0,48543895.599969484,,,,
2024-02-28,34.22879409790039,9.60158920288086,-0.8761364056813213,0,,,,,0,0,0.0,-1456104.4000305175,0.0,48543895.599969484,,,,
2024-02-29,34.216854095458984,9.60158920288086,-0.7787543102413058,0,,,,,0,0,0.0,-1456104.4000305175,0.0,48543895.599969484,,,,
2024-03-01,34.097469329833984,9.60158920288086,-0.54161037292197,0,,,,,0,0,0.0,-1456104.4000305175,0.0,48543895.599969484,,,,
2024-03-02,34.097469329833984,9.60158920288086,-0.46593568671151614,0,,,,,0,0,0.0,-1456104.4000305175,0.0,48543895.599969484,,,,
2024-03-03,34.097469329833984,9.60158920288086,-0.38697577306028447,0,,,,,0,0,0.0,-1456104.4000305175,0.0,48543895.599969484,,,,
2024-03-04,35.08839797973633,9.60158920288086,-2.172142522187626,0,,,,,0,0,0.0,-1456104.4000305175,0.0,48543895.599969484,,,,
2024-03-05,35.37492370605469,9.60158920288086,-2.785285140713346,0,,,,,0,0,0.0,-1456104.4000305175,0.0,48543895.599969484,,,,
2024-03-06,35.54207992553711,9.60158920288086,-2.4534306481413526,0,,,,,0,0,0.0,-1456104.4000305175,0.0,48543895.599969484,,,,
2024-03-07,36.36585998535156,9.60158920288086,-2.856682047838003,0,,,,,0,0,0.0,-1456104.4000305175,0.0,48543895.599969484,,,,
2024-03-08,36.87923049926758,9.60158920288086,-2.677312201380522,0,,,,,0,0,0.0,-1456104.4000305175,0.0,48543895.599969484,,,,
2024-03-09,36.87923049926758,9.60158920288086,-2.1906512927911095,0,,,,,0,0,0.0,-1456104.4000305175,0.0,48543895.599969484,,,,
2024-03-10,36.87923049926758,9.60158920288086,-1.8750812639334096,0,,,,,0,0,0.0,-1456104.4000305175,0.0,48543895.599969484,,,,
2024-03-11,36.50912094116211,9.60158920288086,-1.3686981685202304,0,,,,,0,0,0.0,-1456104.4000305175,0.0,48543895.599969484,,,,
2024-03-12,36.89117050170898,9.60158920288086,-1.5202375362290714,0,,,,,0,0,0.0,-1456104.4000305175,0.0,48543895.599969484,,,,
2024-03-13,37.07025146484375,9.60158920288086,-1.4834765566488184,0,,,,,0,0,0.0,-1456104.4000305175,0.0,48543895.599969484,,,,
2024-03-14,37.0344352722168,9.60158920288086,-1.2999441652999257,0,,,,,0,0,0.0,-1456104.4000305175,0.0,48543895.599969484,,,,
2024-03-15,36.532997131347656,9.60158920288086,-0.8088851843213488,0,,,,,0,0,0.0,-1456104.4000305175,0.0,48543895.599969484,,,,
2024-03-16,36.532997131347656,9.60158920288086,-0.7284126902212581,0,,,,,0,0,0.0,-1456104.4000305175,0.0,48543895.599969484,,,,
2024-03-17,36.532997131347656,9.60158920288086,-0.6521847625792565,0,,,,,0,0,0.0,-1456104.4000305175,0.0,48543895.599969484,,,,
2024-03-18,36.86729049682617,9.60158920288086,-0.8442549582970982,0,,,,,0,0,0.0,-1456104.4000305175,0.0,48543895.599969484,,,,
2024-03-19,36.78371810913086,9.60158920288086,-0.6937935204205303,0,,,,,0,0,0.0,-1456104.4000305175,0.0,48543895.599969484,,,,
2024-03-20,36.580753326416016,9.60158920288086,-0.43514126467948394,0,,,,,0,0,0.0,-1456104.4000305175,0.0,48543895.599969484,,,,
2024-03-21,37.5836181640625,9.60158920288086,-1.3279850416569836,0,,,,,0,0,0.0,-1456104.4000305175,0.0,48543895.599969484,,,,
2024-03-22,37.53586959838867,9.60158920288086,-1.2491574616288479,0,,,,,0,0,0.0,-1456104.4000305175,0.0,48543895.599969484,,,,
2024-03-23,37.53586959838867,9.60158920288086,-1.3256353254519246,0,,,,,0,0,0.0,-1456104.4000305175,0.0,48543895.599969484,,,,
2024-03-24,37.53586959838867,9.60158920288086,-1.3021971607118976,0,,,,,0,0,0.0,-1456104.4000305175,0.0,48543895.599969484,,,,
2024-03-25,37.60750198364258,9.60158920288086,-1.4065888011600243,0,,,,,0,0,0.0,-1456104.4000305175,0.0,48543895.599969484,,,,
2024-03-26,37.63138198852539,9.60158920288086,-1.4839363852516725,0,,,,,0,0,0.0,-1456104.4000305175,0.0,48543895.599969484,,,,
2024-03-27,37.643314361572266,9.60158920288086,-1.371845757748578,0,,,,,0,0,0.0,-1456104.4000305175,0.0,48543895.599969484,,,,
2024-03-28,37.46422958374024,9.60158920288086,-0.8731828948088031,0,,,,,0,0,0.0,-1456104.4000305175,0.0,48543895.599969484,,,,
2024-03-29,37.67913436889648,9.60158920288086,-1.225507539816462,0,,,,,0,0,0.0,-1456104.4000305175,0.0,48543895.599969484,,,,
2024-03-30,37.67913436889648,9.60158920288086,-1.1070354377520168,0,,,,,0,0,0.0,-1456104.4000305175,0.0,48543895.599969484,,,,
2024-03-31,37.67913436889648,9.60158920288086,-1.0098018623278742,0,,,,,0,0,0.0,-1456104.4000305175,0.0,48543895.599969484,,,,
2024-04-01,37.5836181640625,9.60158920288086,-0.7235282489979806,0,,,,,0,0,0.0,-1456104.4000305175,0.0,48543895.599969484,,,,
2024-04-02,38.120872497558594,9.60158920288086,-1.6558400023153053,0,,,,,0,0,0.0,-1456104.4000305175,0.0,48543895.599969484,,,,
2024-04-03,37.85821533203125,9.60158920288086,-1.0160839102448855,0,,,,,0,0,0.0,-1456104.4000305175,0.0,48543895.599969484,,,,
2024-04-04,37.85821533203125,9.60158920288086,-0.9334167499949565,0,,,,,0,0,0.0,-1456104.4000305175,0.0,48543895.599969484,,,,
2024-04-05,37.85821533203125,9.60158920288086,-0.864146152170423,0,,,,,0,0,0.0,-1456104.4000305175,0.0,48543895.599969484,,,,
2024-04-06,37.85821533203125,9.60158920288086,-0.8134543566732991,0,,,,,0,0,0.0,-1456104.4000305175,0.0,48543895.599969484,,,,
2024-04-07,37.85821533203125,9.60158920288086,-0.7414497841120028,0,,,,,0,0,0.0,-1456104.4000305175,0.0,48543895.599969484,,,,
2024-04-08,38.07311630249024,9.60158920288086,-1.321633145760943,0,,,,,0,0,0.0,-1456104.4000305175,0.0,48543895.599969484,,,,
2024-04-09,38.98046875,9.60158920288086,-3.5813794152422984,0,,,,,0,0,0.0,-1456104.4000305175,0.0,48543895.599969484,,,,
2024-04-10,38.9207763671875,9.60158920288086,-2.5737028512565416,0,,,,,0,0,0.0,-1456104.4000305175,0.0,48543895.599969484,,,,
2024-04-11,38.801387786865234,9.60158920288086,-1.9321096698031222,0,,,,,0,0,0.0,-1456104.4000305175,0.0,48543895.599969484,,,,
2024-04-12,38.70587539672852,9.60158920288086,-1.5202271838350703,0,,,,,0,0,0.0,-1456104.4000305175,0.0,48543895.599969484,,,,
2024-04-13,38.70587539672852,9.60158920288086,-1.356670044038323,0,,,,,0,0,0.0,-1456104.4000305175,0.0,48543895.599969484,,,,
2024-04-14,38.70587539672852,9.60158920288086,-1.2185341326559957,0,,,,,0,0,0.0,-1456104.4000305175,0.0,48543895.599969484,,,,
2024-04-15,38.20444488525391,9.60158920288086,-0.18497017559226306,0,,,,,0,0,0.0,-1456104.4000305175,0.0,48543895.599969484,,,,
2024-04-16,37.1657600402832,9.60158920288086,1.727005496069839,0,,,,,0,0,0.0,-1456104.4000305175,0.0,48543895.599969484,,,,
2024-04-17,37.5836181640625,9.60158920288086,0.9678971515848138,0,,,,,0,0,0.0,-1456104.4000305175,0.0,48543895.599969484,,,,
2024-04-18,37.95372772216797,9.60158920288086,0.2964791561234934,0,,,,,0,0,0.0,-1456104.4000305175,0.0,48543895.599969484,,,,
2024-04-19,36.03156661987305,9.60158920288086,2.8780944077877844,0,,,,,0,0,0.0,-1456104.4000305175,0.0,48543895.599969484,,,,
2024-04-20,36.03156661987305,9.60158920288086,2.325348712298188,0,,,,,0,0,0.0,-1456104.4000305175,0.0,48543895.599969484,,,,
2024-04-21,36.03156661987305,9.60158920288086,1.9834302668942314,0,,,,,0,0,0.0,-1456104.4000305175,0.0,48543895.599969484,,,,
2024-04-22,35.92411422729492,9.60158920288086,1.7984315126630346,0,,,,,0,0,0.0,-1456104.4000305175,0.0,48543895.599969484,,,,
2024-04-23,36.27034378051758,9.60158920288086,1.313241497884446,0,,,,,0,0,0.0,-1456104.4000305175,0.0,48543895.599969484,,,,
2024-04-24,37.33290863037109,9.60158920288086,0.2956221962992239,0,,,,,0,0,0.0,-1456104.4000305175,0.0,48543895.599969484,,,,
2024-04-25,36.65238952636719,9.60158920288086,0.8570010099939224,0,,,,,0,0,0.0,-1456104.4000305175,0.0,48543895.599969484,,,,
2024-04-26,37.24933242797852,9.60158920288086,0.2831458074030745,0,,,,,0,0,0.0,-1456104.4000305175,0.0,48543895.599969484,,,,
2024-04-27,37.24933242797852,9.60158920288086,0.25538958166569287,0,,,,,0,0,0.0,-1456104.4000305175,0.0,48543895.599969484,,,,
2024-04-28,37.24933242797852,9.60158920288086,0.21895407976992107,0,,,,,0,0,0.0,-1456104.4000305175,0.0,48543895.599969484,,,,
2024-04-29,37.917911529541016,9.60158920288086,-0.4668319028304596,0,,,,,0,0,0.0,-1456104.4000305175,0.0,48543895.599969484,,,,
2024-04-30,37.78658676147461,9.60158920288086,-0.4174164467000199,0,,,,,0,0,0.0,-1456104.4000305175,0.0,48543895.599969484,,,,
2024-05-01,37.78658676147461,9.60158920288086,-0.4959224547864653,0,,,,,0,0,0.0,-1456104.4000305175,0.0,48543895.599969484,,,,
2024-05-02,37.28514862060547,9.60158920288086,-0.033689419612438966,0,,,,,0,0,0.0,-1456104.4000305175,0.0,48543895.599969484,,,,
2024-05-03,37.476173400878906,9.60158920288086,-0.35173385221519643,0,,,,,0,0,0.0,-1456104.4000305175,0.0,48543895.599969484,,,,
2024-05-04,37.476173400878906,9.60158920288086,-0.47523854177561287,0,,,,,0,0,0.0,-1456104.4000305175,0.0,48543895.599969484,,,,
2024-05-05,37.476173400878906,9.60158920288086,-0.5561409330786042,0,,,,,0,0,0.0,-1456104.4000305175,0.0,48543895.599969484,,,,
2024-05-06,38.01342391967773,9.60158920288086,-1.2268237805410898,0,,,,,0,0,0.0,-1456104.4000305175,0.0,48543895.599969484,,,,
2024-05-07,38.22832489013672,9.60158920288086,-1.4138684497886678,0,,,,,0,0,0.0,-1456104.4000305175,0.0,48543895.599969484,,,,
2024-05-08,38.3715934753418,9.60158920288086,-1.5199626344247725,0,,,,,0,0,0.0,-1456104.4000305175,0.0,48543895.599969484,,,,
2024-05-09,38.32383346557617,9.60158920288086,-1.3299557646514437,0,,,,,0,0,0.0,-1456104.4000305175,0.0,48543895.599969484,,,,
2024-05-10,38.59843063354492,9.60158920288086,-1.541175159656428,0,,,,,0,0,0.0,-1456104.4000305175,0.0,48543895.599969484,,,,
2024-05-11,38.59843063354492,9.60158920288086,-1.435252564259715,0,,,,,0,0,0.0,-1456104.4000305175,0.0,48543895.599969484,,,,
2024-05-12,38.59843063354492,9.60158920288086,-1.397076748848201,0,,,,,0,0,0.0,-1456104.4000305175,0.0,48543895.599969484,,,,
2024-05-13,38.99241256713867,9.60158920288086,-1.8856389443432764,0,,,,,0,0,0.0,-1456104.4000305175,0.0,48543895.599969484,,,,
2024-05-14,39.25506591796875,9.60158920288086,-1.9516589658795231,0,,,,,0,0,0.0,-1456104.4000305175,0.0,48543895.599969484,,,,
2024-05-15,39.79231643676758,9.60158920288086,-2.338146093599745,0,,,,,0,0,0.0,-1456104.4000305175,0.0,48543895.599969484,,,,
2024-05-16,39.98333740234375,9.60158920288086,-2.15824580907582,0,,,,,0,0,0.0,-1456104.4000305175,0.0,48543895.599969484,,,,
2024-05-17,39.935585021972656,9.60158920288086,-1.8215308899747447,0,,,,,0,0,0.0,-1456104.4000305175,0.0,48543895.599969484,,,,
2024-05-18,39.935585021972656,9.60158920288086,-1.6161648555886658,0,,,,,0,0,0.0,-1456104.4000305175,0.0,48543895.599969484,,,,
2024-05-19,39.935585021972656,9.60158920288086,-1.4317634385687792,0,,,,,0,0,0.0,-1456104.4000305175,0.0,48543895.599969484,,,,
2024-05-20,39.923641204833984,9.60158920288086,-1.2715659513477253,0,,,,,0,0,0.0,-1456104.4000305175,0.0,48543895.599969484,,,,
2024-05-21,39.87588882446289,9.60158920288086,-1.103097345636657,0,,,,,0,0,0.0,-1456104.4000305175,0.0,48543895.599969484,,,,
2024-05-22,40.59222030639648,9.60158920288086,-1.654155834813031,0,,,,,0,0,0.0,-1456104.4000305175,0.0,48543895.599969484,,,,
2024-05-23,40.90264129638672,9.60158920288086,-1.7522762424018317,0,,,,,0,0,0.0,-1456104.4000305175,0.0,48543895.599969484,,,,
2024-05-24,40.73548889160156,9.60158920288086,-1.4529155455197884,0,,,,,0,0,0.0,-1456104.4000305175,0.0,48543895.599969484,,,,
2024-05-25,40.73548889160156,9.60158920288086,-1.3561364894607637,0,,,,,0,0,0.0,-1456104.4000305175,0.0,48543895.599969484,,,,
2024-05-26,40.73548889160156,9.60158920288086,-1.2436859307236434,0,,,,,0,0,0.0,-1456104.4000305175,0.0,48543895.599969484,,,,
2024-05-27,41.2966194152832,9.60158920288086,-1.6644767452057827,0,,,,,0,0,0.0,-1456104.4000305175,0.0,48543895.599969484,,,,
2024-05-28,41.35631561279297,9.60158920288086,-1.558222258346203,0,,,,,0,0,0.0,-1456104.4000305175,0.0,48543895.599969484,,,,
2024-05-29,40.79518127441406,9.60158920288086,-0.8784331278474491,0,,,,,0,0,0.0,-1456104.4000305175,0.0,48543895.599969484,,,,
2024-05-30,40.09078598022461,9.60158920288086,0.015577164664540828,0,,,,,0,0,0.0,-1456104.4000305175,0.0,48543895.599969484,,,,
2024-05-31,39.63711166381836,9.60158920288086,0.7068027221679959,0,,,,,0,0,0.0,-1456104.4000305175,0.0,48543895.599969484,,,,
2024-06-01,39.63711166381836,9.60158920288086,0.8784601756798538,0,,,,,0,0,0.0,-1456104.4000305175,0.0,48543895.599969484,,,,
2024-06-02,39.63711166381836,9.60158920288086,1.0045776829098512,0,,,,,0,0,0.0,-1456104.4000305175,0.0,48543895.599969484,,,,
2024-06-03,40.48477935791016,9.60158920288086,-0.33147576520482797,0,,,,,0,0,0.0,-1456104.4000305175,0.0,48543895.599969484,,,,
2024-06-04,39.84007263183594,9.60158920288086,0.8384539961390117,0,,,,,0,0,0.0,-1456104.4000305175,0.0,48543895.599969484,,,,
2024-06-05,40.22211837768555,9.60158920288086,0.17000574681150596,0,,,,,0,0,0.0,-1456104.4000305175,0.0,48543895.599969484,,,,
2024-06-06,41.5950927734375,9.60158920288086,-1.9638845001971679,0,,,,,0,0,0.0,-1456104.4000305175,0.0,48543895.599969484,,,,
2024-06-07,41.27273941040039,9.60158920288086,-1.2839451325112607,0,,,,,0,0,0.0,-1456104.4000305175,0.0,48543895.599969484,,,,
2024-06-08,41.27273941040039,9.60158920288086,-1.1561360965614458,0,,,,,0,0,0.0,-1456104.4000305175,0.0,48543895.599969484,,,,
2024-06-09,41.27273941040039,9.60158920288086,-1.0450004104862467,0,,,,,0,0,0.0,-1456104.4000305175,0.0,48543895.599969484,,,,
2024-06-10,41.27273941040039,9.60158920288086,-0.9467203551844874,0,,,,,0,0,0.0,-1456104.4000305175,0.0,48543895.599969484,,,,
2024-06-11,41.38018798828125,9.60158920288086,-1.02289432291033,0,,,,,0,0,0.0,-1456104.4000305175,0.0,48543895.599969484,,,,
2024-06-12,42.120399475097656,9.60158920288086,-1.8554987846648492,0,,,,,0,0,0.0,-1456104.4000305175,0.0,48543895.599969484,,,,
2024-06-13,42.729286193847656,9.60158920288086,-2.189592179179736,0,,,,,0,0,0.0,-1456104.4000305175,0.0,48543895.599969484,,,,
2024-06-14,42.97999572753906,9.60158920288086,-2.0592104700368306,0,,,,,0,0,0.0,-1456104.4000305175,0.0,48543895.599969484,,,,
2024-06-15,42.97999572753906,9.60158920288086,-1.7700221574942052,0,,,,,0,0,0.0,-1456104.4000305175,0.0,48543895.599969484,,,,
2024-06-16,42.97999572753906,9.60158920288086,-1.5725237477861285,0,,,,,0,0,0.0,-1456104.4000305175,0.0,48543895.599969484,,,,
2024-06-17,42.97999572753906,9.60158920288086,-1.4166900928259643,0,,,,,0,0,0.0,-1456104.4000305175,0.0,48543895.599969484,,,,
2024-06-18,43.69633483886719,9.60158920288086,-1.7303644167797072,0,,,,,0,0,0.0,-1456104.4000305175,0.0,48543895.599969484,,,,
2024-06-19,44.8782844543457,9.60158920288086,-2.161806384567139,0,,,,,0,0,0.0,-1456104.4000305175,0.0,48543895.599969484,,,,
2024-06-20,45.308082580566406,9.60158920288086,-2.0772140604478304,0,,,,,0,0,0.0,-1456104.4000305175,0.0,48543895.599969484,,,,
2024-06-21,45.03348922729492,9.60158920288086,-1.6938114342022321,0,,,,,0,0,0.0,-1456104.4000305175,0.0,48543895.599969484,,,,
2024-06-22,45.03348922729492,9.60158920288086,-1.5321441052940161,0,,,,,0,0,0.0,-1456104.4000305175,0.0,48543895.599969484,,,,
2024-06-23,45.03348922729492,9.60158920288086,-1.375569391588538,0,,,,,0,0,0.0,-1456104.4000305175,0.0,48543895.599969484,,,,
2024-06-24,43.93511199951172,9.60158920288086,-0.6553324689274287,0,,,,,0,0,0.0,-1456104.4000305175,0.0,48543895.599969484,,,,
2024-06-25,43.91122817993164,9.60158920288086,-0.5657625374253553,0,,,,,0,0,0.0,-1456104.4000305175,0.0,48543895.599969484,,,,
2024-06-26,44.25746536254883,9.60158920288086,-0.7220306744258528,0,,,,,0,0,0.0,-1456104.4000305175,0.0,48543895.599969484,,,,
2024-06-27,44.24552536010742,9.60158920288086,-0.6366631933289455,0,,,,,0,0,0.0,-1456104.4000305175,0.0,48543895.599969484,,,,
2024-06-28,44.520118713378906,9.60158920288086,-0.7559063578166044,0,,,,,0,0,0.0,-1456104.4000305175,0.0,48543895.599969484,,,,
2024-06-29,44.520118713378906,9.60158920288086,-0.6822491888345806,0,,,,,0,0,0.0,-1456104.4000305175,0.0,48543895.599969484,,,,
2024-06-30,44.520118713378906,9.60158920288086,-0.6143176181342912,0,,,,,0,0,0.0,-1456104.4000305175,0.0,48543895.599969484,,,,
2024-07-01,44.555931091308594,9.60158920288086,-0.5876053371971077,0,,,,,0,0,0.0,-1456104.4000305175,0.0,48543895.599969484,,,,
2024-07-02,44.25746536254883,9.60158920288086,-0.17151201665589164,0,,,,,0,0,0.0,-1456104.4000305175,0.0,48543895.599969484,,,,
2024-07-03,44.794708251953125,9.60158920288086,-0.7566771116322321,0,,,,,0,0,0.0,-1456104.4000305175,0.0,48543895.599969484,,,,
2024-07-04,45.9647216796875,9.60158920288086,-2.0083605955107795,0,,,,,0,0,0.0,-1456104.4000305175,0.0,48543895.599969484,,,,
2024-07-05,45.79757690429688,9.60158920288086,-1.6405437443296447,0,,,,,0,0,0.0,-1456104.4000305175,0.0,48543895.599969484,,,,
2024-07-06,45.79757690429688,9.60158920288086,-1.5339567650139905,0,,,,,0,0,0.0,-1456104.4000305175,0.0,48543895.599969484,,,,
2024-07-07,45.79757690429688,9.60158920288086,-1.4833540333826285,0,,,,,0,0,0.0,-1456104.4000305175,0.0,48543895.599969484,,,,
2024-07-08,47.242183685302734,9.60158920288086,-2.759083044053838,0,,,,,0,0,0.0,-1456104.4000305175,0.0,48543895.599969484,,,,
2024-07-09,47.194427490234375,9.60158920288086,-2.193539445061127,0,,,,,0,0,0.0,-1456104.4000305175,0.0,48543895.599969484,,,,
2024-07-10,47.36157989501953,9.60158920288086,-1.9979940103043532,0,,,,,0,0,0.0,-1456104.4000305175,0.0,48543895.599969484,,,,
2024-07-11,48.41219329833984,9.60158920288086,-2.3439075083411955,0,,,,,0,0,0.0,-1456104.4000305175,0.0,48543895.599969484,,,,
2024-07-12,46.8840217590332,9.60158920288086,-1.0668465125651205,0,,,,,0,0,0.0,-1456104.4000305175,0.0,48543895.599969484,,,,
2024-07-13,46.8840217590332,9.60158920288086,-0.9740183795943453,0,,,,,0,0,0.0,-1456104.4000305175,0.0,48543895.599969484,,,,
2024-07-14,46.8840217590332,9.60158920288086,-0.8820091934288399,0,,,,,0,0,0.0,-1456104.4000305175,0.0,48543895.599969484,,,,
2024-07-15,46.96759033203125,9.60158920288086,-0.8557917599415641,0,,,,,0,0,0.0,-1456104.4000305175,0.0,48543895.599969484,,,,
2024-07-16,47.24358749389648,9.60158920288086,-0.9670130598386183,0,,,,,0,0,0.0,-1456104.4000305175,0.0,48543895.599969484,,,,
2024-07-17,46.58359146118164,9.60158920288086,-0.38508051545068844,0,,,,,0,0,0.0,-1456104.4000305175,0.0,48543895.599969484,,,,
2024-07-18,45.74360275268555,9.60158920288086,0.36219088057824284,0,,,,,0,0,0.0,-1456104.4000305175,0.0,48543895.599969484,,,,
2024-07-19,44.69960784912109,9.60158920288086,1.269505351384337,0,,,,,0,0,0.0,-1456104.4000305175,0.0,48543895.599969484,,,,
2024-07-20,44.69960784912109,9.60158920288086,1.291416999931095,0,,,,,0,0,0.0,-1456104.4000305175,0.0,48543895.599969484,,,,
2024-07-21,44.69960784912109,9.60158920288086,1.3093557065642407,0,,,,,0,0,0.0,-1456104.4000305175,0.0,48543895.599969484,,,,
2024-07-22,43.367618560791016,9.60158920288086,2.252947037774878,0,,,,,0,0,0.0,-1456104.4000305175,0.0,48543895.599969484,,,,
2024-07-23,44.711612701416016,9.60158920288086,1.1570877812799356,0,,,,,0,0,0.0,-1456104.4000305175,0.0,48543895.599969484,,,,
2024-07-24,44.711612701416016,9.60158920288086,1.071446059632594,0,,,,,0,0,0.0,-1456104.4000305175,0.0,48543895.599969484,,,,
2024-07-25,44.711612701416016,9.60158920288086,1.001451682179446,0,,,,,0,0,0.0,-1456104.4000305175,0.0,48543895.599969484,,,,
2024-07-26,42.95962142944336,9.60158920288086,1.9721208528992795,0,,,,,0,0,0.0,-1456104.4000305175,0.0,48543895.599969484,,,,
2024-07-27,42.95962142944336,9.60158920288086,1.7167146600270824,0,,,,,0,0,0.0,-1456104.4000305175,0.0,48543895.599969484,,,,
2024-07-28,42.95962142944336,9.60158920288086,1.516512586093801,0,,,,,0,0,0.0,-1456104.4000305175,0.0,48543895.599969484,,,,
2024-07-29,43.34362411499024,9.60158920288086,1.1630375427023911,0,,,,,0,0,0.0,-1456104.4000305175,0.0,48543895.599969484,,,,
2024-07-30,43.34362411499024,9.60158920288086,1.0546074287009304,0,,,,,0,0,0.0,-1456104.4000305175,0.0,48543895.599969484,,,,
2024-07-31,43.403621673583984,9.60158920288086,0.9532697559097362,0,,,,,0,0,0.0,-1456104.4000305175,0.0,48543895.599969484,,,,
2024-08-01,44.159610748291016,9.60158920288086,0.3971593428479133,0,,,,,0,0,0.0,-1456104.4000305175,0.0,48543895.599969484,,,,
2024-08-02,41.92762756347656,9.60158920288086,1.684413548770268,0,,,,,0,0,0.0,-1456104.4000305175,0.0,48543895.599969484,,,,
2024-08-03,41.92762756347656,9.60158920288086,1.5267746355251153,0,,,,,0,0,0.0,-1456104.4000305175,0.0,48543895.599969484,,,,
2024-08-04,41.92762756347656,9.60158920288086,1.4136760451857338,0,,,,,0,0,0.0,-1456104.4000305175,0.0,48543895.599969484,,,,
2024-08-05,38.09966659545898,9.60158920288086,3.0355226018211807,0,,,,,0,0,0.0,-1456104.4000305175,0.0,48543895.599969484,,,,
2024-08-06,40.199649810791016,9.60158920288086,1.688180759626118,0,,,,,0,0,0.0,-1456104.4000305175,0.0,48543895.599969484,,,,
2024-08-07,41.795631408691406,9.60158920288086,0.7187577919854578,0,,,,,0,0,0.0,-1456104.4000305175,0.0,48543895.599969484,,,,
2024-08-08,40.93164443969727,9.60158920288086,1.1031071882408905,0,,,,,0,0,0.0,-1456104.4000305175,0.0,48543895.599969484,,,,
2024-08-09,42.2036361694336,9.60158920288086,0.30569551964493313,0,,,,,0,0,0.0,-1456104.4000305175,0.0,48543895.599969484,,,,
2024-08-10,42.2036361694336,9.60158920288086,0.24050422474476144,0,,,,,0,0,0.0,-1456104.4000305175,0.0,48543895.599969484,,,,
2024-08-11,42.2036361694336,9.60158920288086,0.20557667932758508,0,,,,,0,0,0.0,-1456104.4000305175,0.0,48543895.599969484,,,,
2024-08-12,42.73162460327149,9.60158920288086,-0.1942477924621885,0,,,,,0,0,0.0,-1456104.4000305175,0.0,48543895.599969484,,,,
2024-08-13,42.83962631225586,9.60158920288086,-0.3473999555672118,0,,,,,0,0,0.0,-1456104.4000305175,0.0,48543895.599969484,,,,
2024-08-14,43.379615783691406,9.60158920288086,-0.8207313100800485,0,,,,,0,0,0.0,-1456104.4000305175,0.0,48543895.599969484,,,,
2024-08-15,43.04362487792969,9.60158920288086,-0.5669602529209871,0,,,,,0,0,0.0,-1456104.4000305175,0.0,48543895.599969484,,,,
2024-08-16,44.0156135559082,9.60158920288086,-1.2059115238091465,0,,,,,0,0,0.0,-1456104.4000305175,0.0,48543895.599969484,,,,
2024-08-17,44.0156135559082,9.60158920288086,-1.1322058908567962,0,,,,,0,0,0.0,-1456104.4000305175,0.0,48543895.599969484,,,,
2024-08-18,44.0156135559082,9.60158920288086,-1.085481713566076,0,,,,,0,0,0.0,-1456104.4000305175,0.0,48543895.599969484,,,,
2024-08-19,44.07561111450195,9.60158920288086,-1.0772537158783464,0,,,,,0,0,0.0,-1456104.4000305175,0.0,48543895.599969484,,,,
2024-08-20,44.09961318969727,9.60158920288086,-1.0485853686089355,0,,,,,0,0,0.0,-1456104.4000305175,0.0,48543895.599969484,,,,
2024-08-21,43.63161849975586,9.60158920288086,-0.77399829791174,0,,,,,0,0,0.0,-1456104.4000305175,0.0,48543895.599969484,,,,
2024-08-22,43.403621673583984,9.60158920288086,-0.5708307284627916,0,,,,,0,0,0.0,-1456104.4000305175,0.0,48543895.599969484,,,,
2024-08-23,43.42761993408203,9.60158920288086,-0.5353436065161433,0,,,,,0,0,0.0,-1456104.4000305175,0.0,48543895.599969484,,,,
2024-08-24,43.42761993408203,9.60158920288086,-0.4856420147087136,0,,,,,0,0,0.0,-1456104.4000305175,0.0,48543895.599969484,,,,
2024-08-25,43.42761993408203,9.60158920288086,-0.43806292229951094,0,,,,,0,0,0.0,-1456104.4000305175,0.0,48543895.599969484,,,,
2024-08-26,43.4996223449707,9.60158920288086,-0.4374290487491558,0,,,,,0,0,0.0,-1456104.4000305175,0.0,48543895.599969484,,,,
2024-08-27,43.30762100219727,9.60158920288086,-0.1393330067566519,0,,,,,0,0,0.0,-1456104.4000305175,0.0,48543895.599969484,,,,
2024-08-28,43.91961669921875,9.60158920288086,-0.9139992134716857,0,,,,,0,0,0.0,-1456104.4000305175,0.0,48543895.599969484,,,,
2024-08-29,43.31962203979492,9.60158920288086,0.13986888290862026,0,,,,,0,0,0.0,-1456104.4000305175,0.0,48543895.599969484,,,,
2024-08-30,43.52362060546875,9.60158920288086,-0.11723321066225117,0,,,,,0,0,0.0,-1456104.4000305175,0.0,48543895.599969484,,,,
2024-08-31,43.52362060546875,9.60158920288086,0.01960256310037051,0,,,,,0,0,0.0,-1456104.4000305175,0.0,48543895.599969484,,,,
2024-09-01,43.52362060546875,9.60158920288086,0.1351752291203754,0,,,,,0,0,0.0,-1456104.4000305175,0.0,48543895.599969484,,,,
2024-09-02,43.403621673583984,9.60158920288086,0.6331572411660961,0,,,,,0,0,0.0,-1456104.4000305175,0.0,48543895.599969484,,,,
2024-09-03,43.21162414550781,9.60158920288086,1.1947792006368723,0,,,,,0,0,0.0,-1456104.4000305175,0.0,48543895.599969484,,,,
2024-09-04,41.099639892578125,9.60158920288086,3.7774125122462805,0,,,,,0,0,0.0,-1456104.4000305175,0.0,48543895.599969484,,,,
2024-09-05,41.35163879394531,9.60158920288086,2.5717386902476895,0,,,,,0,0,0.0,-1456104.4000305175,0.0,48543895.599969484,,,,
2024-09-06,41.93963241577149,9.60158920288086,1.5942444413494228,0,,,,,0,0,0.0,-1456104.4000305175,0.0,48543895.599969484,,,,
2024-09-07,41.93963241577149,9.60158920288086,1.4179409631014597,0,,,,,0,0,0.0,-1456104.4000305175,0.0,48543895.599969484,,,,
2024-09-08,41.93963241577149,9.60158920288086,1.2752640651213907,0,,,,,0,0,0.0,-1456104.4000305175,0.0,48543895.599969484,,,,
2024-09-09,41.29164123535156,9.60158920288086,1.7657244950338924,0,,,,,0,0,0.0,-1456104.4000305175,0.0,48543895.599969484,,,,
2024-09-10,41.36363983154297,9.60158920288086,1.489907760312151,0,,,,,0,0,0.0,-1456104.4000305175,0.0,48543895.599969484,,,,
2024-09-11,41.2436408996582,9.60158920288086,1.4308584685830843,0,,,,,0,0,0.0,-1456104.4000305175,0.0,48543895.599969484,,,,
2024-09-12,42.7916259765625,9.60158920288086,-0.1403182771295272,0,,,,,0,0,0.0,-1456104.4000305175,0.0,48543895.599969484,,,,
2024-09-13,42.81562423706055,9.60158920288086,-0.19852922304509862,0,,,,,0,0,0.0,-1456104.4000305175,0.0,48543895.599969484,,,,
2024-09-14,42.81562423706055,9.60158920288086,-0.23398649482250752,0,,,,,0,0,0.0,-1456104.4000305175,0.0,48543895.599969484,,,,
2024-09-15,42.81562423706055,9.60158920288086,-0.27602607945175317,0,,,,,0,0,0.0,-1456104.4000305175,0.0,48543895.599969484,,,,
2024-09-16,42.89962387084961,9.60158920288086,-0.39285090613767704,0,,,,,0,0,0.0,-1456104.4000305175,0.0,48543895.599969484,,,,
2024-09-17,42.89962387084961,9.60158920288086,-0.4757267106168879,0,,,,,0,0,0.0,-1456104.4000305175,0.0,48543895.599969484,,,,
2024-09-18,42.68362808227539,9.60158920288086,-0.27050083425110055,0,,,,,0,0,0.0,-1456104.4000305175,0.0,48543895.599969484,,,,
2024-09-19,43.235618591308594,9.60158920288086,-0.9561332320029561,0,,,,,0,0,0.0,-1456104.4000305175,0.0,48543895.599969484,,,,
2024-09-20,43.7876205444336,9.60158920288086,-1.5656737064677984,0,,,,,0,0,0.0,-1456104.4000305175,0.0,48543895.599969484,,,,
2024-09-21,43.7876205444336,9.60158920288086,-1.5159189356275844,0,,,,,0,0,0.0,-1456104.4000305175,0.0,48543895.599969484,,,,
2024-09-22,43.7876205444336,9.60158920288086,-1.4513071798928778,0,,,,,0,0,0.0,-1456104.4000305175,0.0,48543895.599969484,,,,
2024-09-23,43.979618072509766,9.60158920288086,-1.540281864260278,0,,,,,0,0,0.0,-1456104.4000305175,0.0,48543895.599969484,,,,
2024-09-24,44.39961242675781,9.60158920288086,-1.7614841902580323,0,,,,,0,0,0.0,-1456104.4000305175,0.0,48543895.599969484,,,,
2024-09-25,45.05960464477539,9.60158920288086,-2.0752187773805404,0,,,,,0,0,0.0,-1456104.4000305175,0.0,48543895.599969484,,,,
2024-09-26,45.431602478027344,9.60158920288086,-2.03186625407624,0,,,,,0,0,0.0,-1456104.4000305175,0.0,48543895.599969484,,,,
2024-09-27,45.33559799194336,9.60158920288086,-1.697453095281374,0,,,,,0,0,0.0,-1456104.4000305175,0.0,48543895.599969484,,,,
2024-09-28,45.33559799194336,9.60158920288086,-1.5045879134923466,0,,,,,0,0,0.0,-1456104.4000305175,0.0,48543895.599969484,,,,
2024-09-29,45.33559799194336,9.60158920288086,-1.3794853316726803,0,,,,,0,0,0.0,-1456104.4000305175,0.0,48543895.599969484,,,,
2024-09-30,44.14761352539063,9.60158920288086,-0.3618263166500637,0,,,,,0,0,0.0,-1456104.4000305175,0.0,48543895.599969484,,,,
2024-10-01,44.06361770629883,9.60158920288086,-0.19362876515875027,0,,,,,0,0,0.0,-1456104.4000305175,0.0,48543895.599969484,,,,
2024-10-02,44.06361770629883,9.60158920288086,-0.13424340295380774,0,,,,,0,0,0.0,-1456104.4000305175,0.0,48543895.599969484,,,,
2024-10-03,44.06361770629883,9.60158920288086,-0.07234017381880535,0,,,,,0,0,0.0,-1456104.4000305175,0.0,48543895.599969484,,,,
2024-10-04,44.06361770629883,9.60158920288086,-0.005418237443869003,0,,,,,0,0,0.0,-1456104.4000305175,0.0,48543895.599969484,,,,
2024-10-05,44.06361770629883,9.60158920288086,0.06882561332744146,0,,,,,0,0,0.0,-1456104.4000305175,0.0,48543895.599969484,,,,
2024-10-06,44.06361770629883,9.60158920288086,0.1472532941228407,0,,,,,0,0,0.0,-1456104.4000305175,0.0,48543895.599969484,,,,
2024-10-07,45.15560150146485,9.60158920288086,-1.1446451025010258,0,,,,,0,0,0.0,-1456104.4000305175,0.0,48543895.599969484,,,,
2024-10-08,44.93960571289063,9.60158920288086,-0.804628946634169,0,,,,,0,0,0.0,-1456104.4000305175,0.0,48543895.599969484,,,,
2024-10-09,45.35960388183594,9.60158920288086,-1.3322321161492174,0,,,,,0,0,0.0,-1456104.4000305175,0.0,48543895.599969484,,,,
2024-10-10,45.35960388183594,9.60158920288086,-1.2031505727323386,0,,,,,0,0,0.0,-1456104.4000305175,0.0,48543895.599969484,,,,
2024-10-11,46.11559295654297,9.60158920288086,-2.026350893380973,0,,,,,0,0,0.0,-1456104.4000305175,0.0,48543895.599969484,,,,
2024-10-12,46.11559295654297,9.60158920288086,-1.7766684515471245,0,,,,,0,0,0.0,-1456104.4000305175,0.0,48543895.599969484,,,,
2024-10-13,46.11559295654297,9.60158920288086,-1.573609273445751,0,,,,,0,0,0.0,-1456104.4000305175,0.0,48543895.599969484,,,,
2024-10-14,46.15159606933594,9.60158920288086,-1.4363258013258449,0,,,,,0,0,0.0,-1456104.4000305175,0.0,48543895.599969484,,,,
2024-10-15,47.13558578491211,9.60158920288086,-2.1869117986474276,0,,,,,0,0,0.0,-1456104.4000305175,0.0,48543895.599969484,,,,
2024-10-16,46.31959915161133,9.60158920288086,-1.2053395437169947,0,,,,,0,0,0.0,-1456104.4000305175,0.0,48543895.599969484,,,,
2024-10-17,46.391597747802734,9.60158920288086,-1.1783446457159894,0,,,,,0,0,0.0,-1456104.4000305175,0.0,48543895.599969484,,,,
2024-10-18,47.54358673095703,9.60158920288086,-1.971062534913838,0,,,,,0,0,0.0,-1456104.4000305175,0.0,48543895.599969484,,,,
2024-10-19,47.54358673095703,9.60158920288086,-1.7137132412620215,0,,,,,0,0,0.0,-1456104.4000305175,0.0,48543895.599969484,,,,
2024-10-20,47.54358673095703,9.60158920288086,-1.5186067708232136,0,,,,,0,0,0.0,-1456104.4000305175,0.0,48543895.599969484,,,,
2024-10-21,47.531585693359375,9.60158920288086,-1.3575776381704534,0,,,,,0,0,0.0,-1456104.4000305175,0.0,48543895.599969484,,,,
2024-10-22,47.35158920288086,9.60158920288086,-1.108584593478773,0,,,,,0,0,0.0,-1456104.4000305175,0.0,48543895.599969484,,,,
2024-10-23,47.039588928222656,9.60158920288086,-0.7816610669451715,0,,,,,0,0,0.0,-1456104.4000305175,0.0,48543895.599969484,,,,
2024-10-24,46.75159454345703,9.60158920288086,-0.46761052419717986,0,,,,,0,0,0.0,-1456104.4000305175,0.0,48543895.599969484,,,,
2024-10-25,47.13558578491211,9.60158920288086,-0.7458579152525908,0,,,,,0,0,0.0,-1456104.4000305175,0.0,48543895.599969484,,,,
2024-10-26,47.13558578491211,9.60158920288086,-0.6963767369282894,0,,,,,0,0,0.0,-1456104.4000305175,0.0,48543895.599969484,,,,
2024-10-27,47.13558578491211,9.60158920288086,-0.621101471411416,0,,,,,0,0,0.0,-1456104.4000305175,0.0,48543895.599969484,,,,
2024-10-28,47.05158996582031,9.60158920288086,-0.4415834610795236,0,,,,,0,0,0.0,-1456104.4000305175,0.0,48543895.599969484,,,,
2024-10-29,45.959598541259766,9.60158920288086,1.2464194762540282,0,,,,,0,0,0.0,-1456104.4000305175,0.0,48543895.599969484,,,,
2024-10-30,46.03159713745117,9.60158920288086,1.3130912920542273,0,,,,,0,0,0.0,-1456104.4000305175,0.0,48543895.599969484,,,,
2024-10-31,46.03159713745117,9.60158920288086,1.293989964085047,0,,,,,0,0,0.0,-1456104.4000305175,0.0,48543895.599969484,,,,
2024-11-01,45.71960067749024,9.60158920288086,1.70011781470376,0,,,,,0,0,0.0,-1456104.4000305175,0.0,48543895.599969484,,,,
2024-11-02,45.71960067749024,9.60158920288086,1.597103551102261,0,,,,,0,0,0.0,-1456104.4000305175,0.0,48543895.599969484,,,,
2024-11-03,45.71960067749024,9.60158920288086,1.5000139063778797,0,,,,,0,0,0.0,-1456104.4000305175,0.0,48543895.599969484,,,,
2024-11-04,46.307594299316406,9.60158920288086,0.5745654768346599,0,,,,,0,0,0.0,-1456104.4000305175,0.0,48543895.599969484,,,,
2024-11-05,46.47558975219727,9.60158920288086,0.34076752230604085,0,,,,,0,0,0.0,-1456104.4000305175,0.0,48543895.599969484,,,,
2024-11-06,46.84758758544922,9.60158920288086,-0.17660958084683837,0,,,,,0,0,0.0,-1456104.4000305175,0.0,48543895.599969484,,,,
2024-11-07,47.3875846862793,9.60158920288086,-1.0045944981842814,0,,,,,0,0,0.0,-1456104.4000305175,0.0,48543895.599969484,,,,
2024-11-08,47.75958251953125,9.60158920288086,-1.5132145814395717,0,,,,,0,0,0.0,-1456104.4000305175,0.0,48543895.599969484,,,,
2024-11-09,47.75958251953125,9.60158920288086,-1.4646744747515579,0,,,,,0,0,0.0,-1456104.4000305175,0.0,48543895.599969484,,,,
2024-11-10,47.75958251953125,9.60158920288086,-1.4169564606845324,0,,,,,0,0,0.0,-1456104.4000305175,0.0,48543895.599969484,,,,
2024-11-11,47.78358459472656,9.60158920288086,-1.3715061453956823,0,,,,,0,0,0.0,-1456104.4000305175,0.0,48543895.599969484,,,,
2024-11-12,46.5595932006836,9.60158920288086,0.26167871011089844,0,,,,,0,0,0.0,-1456104.4000305175,0.0,48543895.599969484,,,,
2024-11-13,46.25959396362305,9.60158920288086,0.6299851209888675,0,,,,,0,0,0.0,-1456104.4000305175,0.0,48543895.599969484,,,,
2024-11-14,45.839599609375,9.60158920288086,1.0813472868561202,0,,,,,0,0,0.0,-1456104.4000305175,0.0,48543895.599969484,,,,
2024-11-15,46.16360092163086,9.60158920288086,0.5921540101573135,0,,,,,0,0,0.0,-1456104.4000305175,0.0,48543895.599969484,,,,
2024-11-16,46.16360092163086,9.60158920288086,0.5310455164734075,0,,,,,0,0,0.0,-1456104.4000305175,0.0,48543895.599969484,,,,
2024-11-17,46.16360092163086,9.60158920288086,0.4748284709405265,0,,,,,0,0,0.0,-1456104.4000305175,0.0,48543895.599969484,,,,
2024-11-18,45.51559829711914,9.60158920288086,1.2673772944886164,0,,,,,0,0,0.0,-1456104.4000305175,0.0,48543895.599969484,,,,
2024-11-19,46.13959884643555,9.60158920288086,0.4715080785129182,0,,,,,0,0,0.0,-1456104.4000305175,0.0,48543895.599969484,,,,
2024-11-20,45.94759750366211,9.60158920288086,0.7119501710039076,0,,,,,0,0,0.0,-1456104.4000305175,0.0,48543895.599969484,,,,
2024-11-21,45.443607330322266,9.60158920288086,1.3155344721865503,0,,,,,0,0,0.0,-1456104.4000305175,0.0,48543895.599969484,,,,
2024-11-22,46.33159255981445,9.60158920288086,0.23918115460878814,0,,,,,0,0,0.0,-1456104.4000305175,0.0,48543895.599969484,,,,
2024-11-23,46.33159255981445,9.60158920288086,0.2867245102194476,0,,,,,0,0,0.0,-1456104.4000305175,0.0,48543895.599969484,,,,
2024-11-24,46.33159255981445,9.60158920288086,0.2884689735962395,0,,,,,0,0,0.0,-1456104.4000305175,0.0,48543895.599969484,,,,
2024-11-25,46.16360092163086,9.60158920288086,0.488295042939978,0,,,,,0,0,0.0,-1456104.4000305175,0.0,48543895.599969484,,,,
2024-11-26,45.563602447509766,9.60158920288086,1.1576104279956083,0,,,,,0,0,0.0,-1456104.4000305175,0.0,48543895.599969484,,,,
2024-11-27,44.90360641479492,9.60158920288086,1.7481680405350901,0,,,,,0,0,0.0,-1456104.4000305175,0.0,48543895.599969484,,,,
2024-11-28,44.83160781860352,9.60158920288086,1.6672158971377482,0,,,,,0,0,0.0,-1456104.4000305175,0.0,48543895.599969484,,,,
2024-11-29,44.93960571289063,9.60158920288086,1.4357225083371024,0,,,,,0,0,0.0,-1456104.4000305175,0.0,48543895.599969484,,,,
2024-11-30,44.93960571289063,9.60158920288086,1.3837872708646592,0,,,,,0,0,0.0,-1456104.4000305175,0.0,48543895.599969484,,,,
2024-12-01,44.93960571289063,9.60158920288086,1.424187483530044,0,,,,,0,0,0.0,-1456104.4000305175,0.0,48543895.599969484,,,,
2024-12-02,46.00759506225586,9.60158920288086,-0.4679667111901696,0,,,,,0,0,0.0,-1456104.4000305175,0.0,48543895.599969484,,,,
2024-12-03,46.631591796875,9.60158920288086,-1.4879409739216563,0,,,,,0,0,0.0,-1456104.4000305175,0.0,48543895.599969484,,,,
2024-12-04,46.90758895874024,9.60158920288086,-1.7121750662879645,0,,,,,0,0,0.0,-1456104.4000305175,0.0,48543895.599969484,,,,
2024-12-05,47.15958404541016,9.60158920288086,-1.843887636374446,0,,,,,0,0,0.0,-1456104.4000305175,0.0,48543895.599969484,,,,
2024-12-06,46.979583740234375,9.60158920288086,-1.444764850086265,0,,,,,0,0,0.0,-1456104.4000305175,0.0,48543895.599969484,,,,
2024-12-07,46.979583740234375,9.60158920288086,-1.3247853432767358,0,,,,,0,0,0.0,-1456104.4000305175,0.0,48543895.599969484,,,,
2024-12-08,46.979583740234375,9.60158920288086,-1.191575867378187,0,,,,,0,0,0.0,-1456104.4000305175,0.0,48543895.599969484,,,,
2024-12-09,47.039588928222656,9.60158920288086,-1.1645879335257256,0,,,,,0,0,0.0,-1456104.4000305175,0.0,48543895.599969484,,,,
2024-12-10,46.703590393066406,9.60158920288086,-0.7071314706153513,0,,,,,0,0,0.0,-1456104.4000305175,0.0,48543895.599969484,,,,
2024-12-11,46.29559326171875,9.60158920288086,-0.17735801841394472,0,,,,,0,0,0.0,-1456104.4000305175,0.0,48543895.599969484,,,,
2024-12-12,46.83559036254883,9.60158920288086,-0.7833609983635113,0,,,,,0,0,0.0,-1456104.4000305175,0.0,48543895.599969484,,,,
2024-12-13,46.8715934753418,9.60158920288086,-0.7812287413930171,0,,,,,0,0,0.0,-1456104.4000305175,0.0,48543895.599969484,,,,
2024-12-14,46.8715934753418,9.60158920288086,-0.738864463630705,0,,,,,0,0,0.0,-1456104.4000305175,0.0,48543895.599969484,,,,
2024-12-15,46.8715934753418,9.60158920288086,-0.6891297950973532,0,,,,,0,0,0.0,-1456104.4000305175,0.0,48543895.599969484,,,,
2024-12-16,47.0635871887207,9.60158920288086,-0.8203992452872401,0,,,,,0,0,0.0,-1456104.4000305175,0.0,48543895.599969484,,,,
2024-12-17,47.3035888671875,9.60158920288086,-1.0048451891397856,0,,,,,0,0,0.0,-1456104.4000305175,0.0,48543895.599969484,,,,
2024-12-18,47.3035888671875,9.60158920288086,-0.9394755541555885,0,,,,,0,0,0.0,-1456104.4000305175,0.0,48543895.599969484,,,,
2024-12-19,46.65559387207031,9.60158920288086,0.017143758555638152,0,,,,,0,0,0.0,-1456104.4000305175,0.0,48543895.599969484,,,,
2024-12-20,46.223594665527344,9.60158920288086,0.9410623194357001,0,,,,,0,0,0.0,-1456104.4000305175,0.0,48543895.599969484,,,,
2024-12-21,46.223594665527344,9.60158920288086,1.5784613507617846,0,,,,,0,0,0.0,-1456104.4000305175,0.0,48543895.599969484,,,,
2024-12-22,46.223594665527344,9.60158920288086,1.7131831654323875,0,,,,,0,0,0.0,-1456104.4000305175,0.0,48543895.599969484,,,,
2024-12-23,47.3395881652832,9.60158920288086,-1.3936045671405641,0,,,,,0,0,0.0,-1456104.4000305175,0.0,48543895.599969484,,,,
2024-12-24,47.47158432006836,9.60158920288086,-1.5668413297967159,0,,,,,0,0,0.0,-1456104.4000305175,0.0,48543895.599969484,,,,
2024-12-25,47.61558532714844,9.60158920288086,-1.7441818290531836,0,,,,,0,0,0.0,-1456104.4000305175,0.0,48543895.599969484,,,,
2024-12-26,47.57958221435547,9.60158920288086,-1.4865765938864637,0,,,,,0,0,0.0,-1456104.4000305175,0.0,48543895.599969484,,,,
2024-12-27,47.73558044433594,9.60158920288086,-1.621923396922113,0,,,,,0,0,0.0,-1456104.4000305175,0.0,48543895.599969484,,,,
2024-12-28,47.73558044433594,9.60158920288086,-1.4502320130164637,0,,,,,0,0,0.0,-1456104.4000305175,0.0,48543895.599969484,,,,
2024-12-29,47.73558044433594,9.60158920288086,-1.314256307762658,0,,,,,0,0,0.0,-1456104.4000305175,0.0,48543895.599969484,,,,
2024-12-30,47.47158432006836,9.60158920288086,-0.7448795462142296,0,,,,,0,0,0.0,-1456104.4000305175,0.0,48543895.599969484,,,,
2024-12-31,46.979583740234375,9.60158920288086,0.24894744941313676,0,,,,,0,0,0.0,-1456104.4000305175,0.0,48543895.599969484,,,,
2025-01-01,46.979583740234375,9.60158920288086,0.2647555599389881,0,,,,,0,0,0.0,-1456104.4000305175,0.0,48543895.599969484,,,,
2025-01-02,46.57159423828125,9.60158920288086,1.021692137000736,0,,,,,0,0,0.0,-1456104.4000305175,0.0,48543895.599969484,,,,
2025-01-03,47.039588928222656,9.60158920288086,0.12994812631172614,0,,,,,0,0,0.0,-1456104.4000305175,0.0,48543895.599969484,,,,
2025-01-04,47.039588928222656,9.60158920288086,0.14710642115139194,0,,,,,0,0,0.0,-1456104.4000305175,0.0,48543895.599969484,,,,
2025-01-05,47.039588928222656,9.60158920288086,0.14470896840886216,0,,,,,0,0,0.0,-1456104.4000305175,0.0,48543895.599969484,,,,
2025-01-06,48.51557540893555,9.60158920288086,-2.242876735659228,0,,,,,0,0,0.0,-1456104.4000305175,0.0,48543895.599969484,,,,
2025-01-07,49.05556488037109,9.60158920288086,-2.4523072215245176,0,,,,,0,0,0.0,-1456104.4000305175,0.0,48543895.599969484,,,,
2025-01-08,48.323577880859375,9.60158920288086,-1.2986045826126693,0,,,,,0,0,0.0,-1456104.4000305175,0.0,48543895.599969484,,,,
2025-01-09,47.771583557128906,9.60158920288086,-0.4914114091440556,0,,,,,0,0,0.0,-1456104.4000305175,0.0,48543895.599969484,,,,
2025-01-10,47.75958251953125,9.60158920288086,-0.3975215765000242,0,,,,,0,0,0.0,-1456104.4000305175,0.0,48543895.599969484,,,,
2025-01-11,47.75958251953125,9.60158920288086,-0.3144913776224529,0,,,,,0,0,0.0,-1456104.4000305175,0.0,48543895.599969484,,,,
2025-01-12,47.75958251953125,9.60158920288086,-0.2791894534157062,0,,,,,0,0,0.0,-1456104.4000305175,0.0,48543895.599969484,,,,
2025-01-13,46.65559387207031,9.60158920288086,1.454737475455769,0,,,,,0,0,0.0,-1456104.4000305175,0.0,48543895.599969484,,,,
2025-01-14,46.94358825683594,9.60158920288086,0.9136131615364075,0,,,,,0,0,0.0,-1456104.4000305175,0.0,48543895.599969484,,,,
2025-01-15,46.58359146118164,9.60158920288086,1.3325768125986561,0,,,,,0,0,0.0,-1456104.4000305175,0.0,48543895.599969484,,,,
2025-01-16,47.531585693359375,9.60158920288086,-0.103824507695427,0,,,,,0,0,0.0,-1456104.4000305175,0.0,48543895.599969484,,,,
2025-01-17,47.762733459472656,9.60158920288086,-0.44916717546334,0,,,,,0,0,0.0,-1456104.4000305175,0.0,48543895.599969484,,,,
2025-01-18,47.762733459472656,9.60158920288086,-0.4467159369758579,0,,,,,0,0,0.0,-1456104.4000305175,0.0,48543895.599969484,,,,
2025-01-19,47.762733459472656,9.60158920288086,-0.4227446856340777,0,,,,,0,0,0.0,-1456104.4000305175,0.0,48543895.599969484,,,,
2025-01-20,48.24936294555664,9.60158920288086,-1.0392699527946923,0,,,,,0,0,0.0,-1456104.4000305175,0.0,48543895.599969484,,,,
2025-01-21,48.34668731689453,9.60158920288086,-1.0677548317514187,0,,,,,0,0,0.0,-1456104.4000305175,0.0,48543895.599969484,,,,
2025-01-22,48.97930908203125,9.60158920288086,-1.7637183420201064,0,,,,,0,0,0.0,-1456104.4000305175,0.0,48543895.599969484,,,,
2025-01-23,48.97930908203125,9.60158920288086,-1.5555114407062873,0,,,,,0,0,0.0,-1456104.4000305175,0.0,48543895.599969484,,,,
2025-01-24,48.97930908203125,9.60158920288086,-1.3905253750099515,0,,,,,0,0,0.0,-1456104.4000305175,0.0,48543895.599969484,,,,
2025-01-25,48.97930908203125,9.60158920288086,-1.2547148396666117,0,,,,,0,0,0.0,-1456104.4000305175,0.0,48543895.599969484,,,,
2025-01-26,48.97930908203125,9.60158920288086,-1.1891914517442521,0,,,,,0,0,0.0,-1456104.4000305175,0.0,48543895.599969484,,,,
2025-01-27,48.97930908203125,9.60158920288086,-1.2016984674343307,0,,,,,0,0,0.0,-1456104.4000305175,0.0,48543895.599969484,,,,
2025-01-28,48.97930908203125,9.60158920288086,-1.1224893760179764,0,,,,,0,0,0.0,-1456104.4000305175,0.0,48543895.599969484,,,,
2025-01-29,48.97930908203125,9.60158920288086,-1.020853661478628,0,,,,,0,0,0.0,-1456104.4000305175,0.0,48543895.599969484,,,,
2025-01-30,48.97930908203125,9.60158920288086,-0.9294659197382752,0,,,,,0,0,0.0,-1456104.4000305175,0.0,48543895.599969484,,,,
2025-01-31,48.97930908203125,9.60158920288086,-0.8462102689213642,0,,,,,0,0,0.0,-1456104.4000305175,0.0,48543895.599969484,,,,
2025-02-01,48.97930908203125,9.60158920288086,-0.7692019045767436,0,,,,,0,0,0.0,-1456104.4000305175,0.0,48543895.599969484,,,,
2025-02-02,48.97930908203125,9.60158920288086,-0.702377428838583,0,,,,,0,0,0.0,-1456104.4000305175,0.0,48543895.599969484,,,,
2025-02-03,46.88679504394531,9.60158920288086,1.9779608561250637,0,,,,,0,0,0.0,-1456104.4000305175,0.0,48543895.599969484,,,,
2025-02-04,47.16661071777344,9.60158920288086,1.8059057435303543,0,,,,,0,0,0.0,-1456104.4000305175,0.0,48543895.599969484,,,,
2025-02-05,47.88439178466797,9.60158920288086,0.8529382731563843,0,,,,,0,0,0.0,-1456104.4000305175,0.0,48543895.599969484,,,,
2025-02-06,48.09120559692383,9.60158920288086,0.5916049451380646,0,,,,,0,0,0.0,-1456104.4000305175,0.0,48543895.599969484,,,,
2025-02-07,48.3101921081543,9.60158920288086,0.3204436342905819,0,,,,,0,0,0.0,-1456104.4000305175,0.0,48543895.599969484,,,,
2025-02-08,48.3101921081543,9.60158920288086,0.3742472925303342,0,,,,,0,0,0.0,-1456104.4000305175,0.0,48543895.599969484,,,,
2025-02-09,48.3101921081543,9.60158920288086,0.37980280619669093,0,,,,,0,0,0.0,-1456104.4000305175,0.0,48543895.599969484,,,,
2025-02-10,47.762733459472656,9.60158920288086,1.1497007815476707,0,,,,,0,0,0.0,-1456104.4000305175,0.0,48543895.599969484,,,,
2025-02-11,48.0547103881836,9.60158920288086,0.6398925769378361,0,,,,,0,0,0.0,-1456104.4000305175,0.0,48543895.599969484,,,,
2025-02-12,47.981712341308594,9.60158920288086,0.6771673409813405,0,,,,,0,0,0.0,-1456104.4000305175,0.0,48543895.599969484,,,,
2025-02-13,47.774898529052734,9.60158920288086,0.8971332328402927,0,,,,,0,0,0.0,-1456104.4000305175,0.0,48543895.599969484,,,,
2025-02-14,47.20310974121094,9.60158920288086,1.5531419434953655,0,,,,,0,0,0.0,-1456104.4000305175,0.0,48543895.599969484,,,,
2025-02-15,47.20310974121094,9.60158920288086,1.3867583874930818,0,,,,,0,0,0.0,-1456104.4000305175,0.0,48543895.599969484,,,,
2025-02-16,47.20310974121094,9.60158920288086,1.2495022572456669,0,,,,,0,0,0.0,-1456104.4000305175,0.0,48543895.599969484,,,,
2025-02-17,47.9208869934082,9.60158920288086,0.18456723739013153,0,,,,,0,0,0.0,-1456104.4000305175,0.0,48543895.599969484,,,,
2025-02-18,48.09120559692383,9.60158920288086,-0.1340681843133927,0,,,,,0,0,0.0,-1456104.4000305175,0.0,48543895.599969484,,,,
2025-02-19,48.006046295166016,9.60158920288086,-0.08352154795786147,0,,,,,0,0,0.0,-1456104.4000305175,0.0,48543895.599969484,,,,
2025-02-20,47.82356643676758,9.60158920288086,0.13083949374950146,0,,,,,0,0,0.0,-1456104.4000305175,0.0,48543895.599969484,,,,
2025-02-21,48.16419982910156,9.60158920288086,-0.6073967490580793,0,,,,,0,0,0.0,-1456104.4000305175,0.0,48543895.599969484,,,,
2025-02-22,48.16419982910156,9.60158920288086,-0.7920332946075865,0,,,,,0,0,0.0,-1456104.4000305175,0.0,48543895.599969484,,,,
2025-02-23,48.16419982910156,9.60158920288086,-0.7341796444108892,0,,,,,0,0,0.0,-1456104.4000305175,0.0,48543895.599969484,,,,
2025-02-24,47.738399505615234,9.60158920288086,0.4823704961317078,0,,,,,0,0,0.0,-1456104.4000305175,0.0,48543895.599969484,,,,
2025-02-25,47.11794662475586,9.60158920288086,1.9092441905527675,0,,,,,0,0,0.0,-1456104.4000305175,0.0,48543895.599969484,,,,
2025-02-26,47.37342834472656,9.60158920288086,1.1367020889609556,0,,,,,0,0,0.0,-1456104.4000305175,0.0,48543895.599969484,,,,
2025-02-27,46.838138580322266,9.60158920288086,2.069022435096649,0,,,,,0,0,0.0,-1456104.4000305175,0.0,48543895.599969484,,,,
2025-02-28,46.838138580322266,9.60158920288086,1.8018290858399506,0,,,,,0,0,0.0,-1456104.4000305175,0.0,48543895.599969484,,,,
2025-03-01,46.838138580322266,9.60158920288086,1.603663542980429,0,,,,,0,0,0.0,-1456104.4000305175,0.0,48543895.599969484,,,,
2025-03-02,46.838138580322266,9.60158920288086,1.4244950141318464,0,,,,,0,0,0.0,-1456104.4000305175,0.0,48543895.599969484,,,,
2025-03-03,45.75538635253906,9.60158920288086,2.6560875943929387,0,,,,,0,0,0.0,-1456104.4000305175,0.0,48543895.599969484,,,,
2025-03-04,45.45124435424805,9.60158920288086,2.446115792153978,0,,,,,0,0,0.0,-1456104.4000305175,0.0,48543895.599969484,,,,
2025-03-05,46.047359466552734,9.60158920288086,1.4729718352153625,0,,,,,0,0,0.0,-1456104.4000305175,0.0,48543895.599969484,,,,
2025-03-06,45.76754760742188,9.60158920288086,1.602426463486659,0,,,,,0,0,0.0,-1456104.4000305175,0.0,48543895.599969484,,,,
2025-03-07,45.34174728393555,9.60158920288086,1.7972391547060245,0,,,,,0,0,0.0,-1456104.4000305175,0.0,48543895.599969484,,,,
2025-03-08,45.34174728393555,9.60158920288086,1.5795606552021888,0,,,,,0,0,0.0,-1456104.4000305175,0.0,48543895.599969484,,,,
2025-03-09,45.34174728393555,9.60158920288086,1.4056452505796662,0,,,,,0,0,0.0,-1456104.4000305175,0.0,48543895.599969484,,,,
2025-03-10,45.074100494384766,9.60158920288086,1.4754722433672316,0,,,,,0,0,0.0,-1456104.4000305175,0.0,48543895.599969484,,,,
2025-03-11,44.283329010009766,9.60158920288086,1.8876820706976638,0,,,,,0,0,0.0,-1456104.4000305175,0.0,48543895.599969484,,,,
2025-03-12,44.47797775268555,9.60158920288086,1.528434031010937,0,,,,,0,0,0.0,-1456104.4000305175,0.0,48543895.599969484,,,,
2025-03-13,44.0643424987793,9.60158920288086,1.6677508848573588,0,,,,,0,0,0.0,-1456104.4000305175,0.0,48543895.599969484,,,,
2025-03-14,43.91835403442383,9.60158920288086,1.615610707494451,0,,,,,0,0,0.0,-1456104.4000305175,0.0,48543895.599969484,,,,
2025-03-15,43.91835403442383,9.60158920288086,1.492538580549907,0,,,,,0,0,0.0,-1456104.4000305175,0.0,48543895.599969484,,,,
2025-03-16,43.91835403442383,9.60158920288086,1.3737740746254916,0,,,,,0,0,0.0,-1456104.4000305175,0.0,48543895.599969484,,,,
2025-03-17,44.29549026489258,9.60158920288086,0.9575470223038332,0,,,,,0,0,0.0,-1456104.4000305175,0.0,48543895.599969484,,,,
2025-03-18,44.47797775268555,9.60158920288086,0.7243118482085185,0,,,,,0,0,0.0,-1456104.4000305175,0.0,48543895.599969484,,,,
2025-03-19,43.93052291870117,9.60158920288086,1.140187192538833,0,,,,,0,0,0.0,-1456104.4000305175,0.0,48543895.599969484,,,,
2025-03-20,44.87944793701172,9.60158920288086,0.12662764933040369,0,,,,,0,0,0.0,-1456104.4000305175,0.0,48543895.599969484,,,,
2025-03-21,44.51447296142578,9.60158920288086,0.43996158020494486,0,,,,,0,0,0.0,-1456104.4000305175,0.0,48543895.599969484,,,,
2025-03-22,44.51447296142578,9.60158920288086,0.3593125558840882,0,,,,,0,0,0.0,-1456104.4000305175,0.0,48543895.599969484,,,,
2025-03-23,44.51447296142578,9.60158920288086,0.28631567983681333,0,,,,,0,0,0.0,-1456104.4000305175,0.0,48543895.599969484,,,,
2025-03-24,44.465816497802734,9.60158920288086,0.295361153388749,0,,,,,0,0,0.0,-1456104.4000305175,0.0,48543895.599969484,,,,
2025-03-25,44.9281120300293,9.60158920288086,-0.5959010672444889,0,,,,,0,0,0.0,-1456104.4000305175,0.0,48543895.599969484,,,,
2025-03-26,44.89161682128906,9.60158920288086,-0.6927082836536129,0,,,,,0,0,0.0,-1456104.4000305175,0.0,48543895.599969484,,,,
2025-03-27,44.04001235961914,9.60158920288086,0.9727755678883436,0,,,,,0,0,0.0,-1456104.4000305175,0.0,48543895.599969484,,,,
2025-03-28,43.60204315185547,9.60158920288086,1.7518375567717572,0,,,,,0,0,0.0,-1456104.4000305175,0.0,48543895.599969484,,,,
2025-03-29,43.60204315185547,9.60158920288086,1.6449926168857247,0,,,,,0,0,0.0,-1456104.4000305175,0.0,48543895.599969484,,,,
2025-03-30,43.60204315185547,9.60158920288086,1.5127116954369257,0,,,,,0,0,0.0,-1456104.4000305175,0.0,48543895.599969484,,,,
2025-03-31,42.03266143798828,9.60158920288086,3.2260722121410903,0,,,,,0,0,0.0,-1456104.4000305175,0.0,48543895.599969484,,,,
2025-04-01,42.89643478393555,9.60158920288086,1.6493523726484183,0,,,,,0,0,0.0,-1456104.4000305175,0.0,48543895.599969484,,,,
2025-04-02,42.82344055175781,9.60158920288086,1.5502224213569173,0,,,,,0,0,0.0,-1456104.4000305175,0.0,48543895.599969484,,,,
2025-04-03,42.82344055175781,9.60158920288086,1.3957054981713917,0,,,,,0,0,0.0,-1456104.4000305175,0.0,48543895.599969484,,,,
2025-04-04,42.82344055175781,9.60158920288086,1.2665554184145464,0,,,,,0,0,0.0,-1456104.4000305175,0.0,48543895.599969484,,,,
2025-04-05,42.82344055175781,9.60158920288086,1.1556478666155883,0,,,,,0,0,0.0,-1456104.4000305175,0.0,48543895.599969484,,,,
2025-04-06,42.82344055175781,9.60158920288086,1.0462948082469867,0,,,,,0,0,0.0,-1456104.4000305175,0.0,48543895.599969484,,,,
2025-04-07,38.54109191894531,9.60158920288086,3.3958789284186173,0,,,,,0,0,0.0,-1456104.4000305175,0.0,48543895.599969484,,,,
2025-04-08,37.28802108764648,9.60158920288086,2.929441476809925,0,,,,,0,0,0.0,-1456104.4000305175,0.0,48543895.599969484,,,,
2025-04-09,35.57265090942383,9.60158920288086,2.7626963923805077,0,,,,,0,0,0.0,-1456104.4000305175,0.0,48543895.599969484,,,,
2025-04-10,39.12504959106445,9.60158920288086,1.2352500777368782,0,,,,,0,0,0.0,-1456104.4000305175,0.0,48543895.599969484,,,,
2025-04-11,40.037479400634766,9.60158920288086,0.8049504059358493,0,,,,,0,0,0.0,-1456104.4000305175,0.0,48543895.599969484,,,,
2025-04-12,40.037479400634766,9.60158920288086,0.7257120246472192,0,,,,,0,0,0.0,-1456104.4000305175,0.0,48543895.599969484,,,,
2025-04-13,40.037479400634766,9.60158920288086,0.6506275755443108,0,,,,,0,0,0.0,-1456104.4000305175,0.0,48543895.599969484,,,,
2025-04-14,39.830665588378906,9.60158920288086,0.6530959406899571,0,,,,,0,0,0.0,-1456104.4000305175,0.0,48543895.599969484,,,,
2025-04-15,40.23213577270508,9.60158920288086,0.419750414377865,0,,,,,0,0,0.0,-1456104.4000305175,0.0,48543895.599969484,,,,
2025-04-16,39.50218963623047,9.60158920288086,0.6496625242605311,0,,,,,0,0,0.0,-1456104.4000305175,0.0,48543895.599969484,,,,
2025-04-17,39.06422424316406,9.60158920288086,0.7562144163125933,0,,,,,0,0,0.0,-1456104.4000305175,0.0,48543895.599969484,,,,
2025-04-18,39.14937973022461,9.60158920288086,0.6414512776220702,0,,,,,0,0,0.0,-1456104.4000305175,0.0,48543895.599969484,,,,
2025-04-19,39.14937973022461,9.60158920288086,0.5662144564237516,0,,,,,0,0,0.0,-1456104.4000305175,0.0,48543895.599969484,,,,
2025-04-20,39.14937973022461,9.60158920288086,0.5029778388317784,0,,,,,0,0,0.0,-1456104.4000305175,0.0,48543895.599969484,,,,
2025-04-21,38.58975982666016,9.60158920288086,0.6950098225540278,0,,,,,0,0,0.0,-1456104.4000305175,0.0,48543895.599969484,,,,
2025-04-22,37.94497299194336,9.60158920288086,0.929593978310622,0,,,,,0,0,0.0,-1456104.4000305175,0.0,48543895.599969484,,,,
2025-04-23,39.62384796142578,9.60158920288086,-0.03190034581460323,0,,,,,0,0,0.0,-1456104.4000305175,0.0,48543895.599969484,,,,
2025-04-24,39.392696380615234,9.60158920288086,0.0019020427081616698,0,,,,,0,0,0.0,-1456104.4000305175,0.0,48543895.599969484,,,,
2025-04-25,40.3294563293457,9.60158920288086,-0.7543327044300351,0,,,,,0,0,0.0,-1456104.4000305175,0.0,48543895.599969484,,,,
2025-04-26,40.3294563293457,9.60158920288086,-1.0193436840294343,0,,,,,0,0,0.0,-1456104.4000305175,0.0,48543895.599969484,,,,
2025-04-27,40.3294563293457,9.60158920288086,-0.9266239785221883,0,,,,,0,0,0.0,-1456104.4000305175,0.0,48543895.599969484,,,,
2025-04-28,40.67009735107422,9.60158920288086,-1.1219950241638386,0,,,,,0,0,0.0,-1456104.4000305175,0.0,48543895.599969484,,,,
2025-04-29,40.82825469970703,9.60158920288086,-1.5902719039267772,0,,,,,0,0,0.0,-1456104.4000305175,0.0,48543895.599969484,,,,
2025-04-30,41.02290725708008,9.60158920288086,-1.6212877621777897,0,,,,,0,0,0.0,-1456104.4000305175,0.0,48543895.599969484,,,,
2025-05-01,41.02290725708008,9.60158920288086,-1.4671576139653482,0,,,,,0,0,0.0,-1456104.4000305175,0.0,48543895.599969484,,,,
2025-05-02,42.21514892578125,9.60158920288086,-2.329369197874831,0,,,,,0,0,0.0,-1456104.4000305175,0.0,48543895.599969484,,,,
2025-05-03,42.21514892578125,9.60158920288086,-1.967363455331963,0,,,,,0,0,0.0,-1456104.4000305175,0.0,48543895.599969484,,,,
2025-05-04,42.21514892578125,9.60158920288086,-1.705169902664907,0,,,,,0,0,0.0,-1456104.4000305175,0.0,48543895.599969484,,,,
2025-05-05,41.8380126953125,9.60158920288086,-1.2674069890289295,0,,,,,0,0,0.0,-1456104.4000305175,0.0,48543895.599969484,,,,
2025-05-06,41.60686111450195,9.60158920288086,-0.9841385070436748,0,,,,,0,0,0.0,-1456104.4000305175,0.0,48543895.599969484,,,,
2025-05-07,41.448707580566406,9.60158920288086,-0.7776901072621405,0,,,,,0,0,0.0,-1456104.4000305175,0.0,48543895.599969484,,,,
2025-05-08,41.99617004394531,9.60158920288086,-1.0895026689354266,0,,,,,0,0,0.0,-1456104.4000305175,0.0,48543895.599969484,,,,
2025-05-09,42.519290924072266,9.60158920288086,-1.343361918960031,0,,,,,0,0,0.0,-1456104.4000305175,0.0,48543895.599969484,,,,
2025-05-10,42.519290924072266,9.60158920288086,-1.2161888307704214,0,,,,,0,0,0.0,-1456104.4000305175,0.0,48543895.599969484,,,,
2025-05-11,42.519290924072266,9.60158920288086,-1.1332329434489439,0,,,,,0,0,0.0,-1456104.4000305175,0.0,48543895.599969484,,,,
2025-05-12,42.99375534057617,9.60158920288086,-1.5464464649022123,0,,,,,0,0,0.0,-1456104.4000305175,0.0,48543895.599969484,,,,
2025-05-13,43.51688766479492,9.60158920288086,-1.8303477154182877,0,,,,,0,0,0.0,-1456104.4000305175,0.0,48543895.599969484,,,,
2025-05-14,44.5023078918457,9.60158920288086,-2.3839044541066152,0,,,,,0,0,0.0,-1456104.4000305175,0.0,48543895.599969484,,,,
2025-05-15,44.40498352050781,9.60158920288086,-1.9739101083211048,0,,,,,0,0,0.0,-1456104.4000305175,0.0,48543895.599969484,,,,
2025-05-16,44.52664566040039,9.60158920288086,-1.821837982015852,0,,,,,0,0,0.0,-1456104.4000305175,0.0,48543895.599969484,,,,
2025-05-17,44.52664566040039,9.60158920288086,-1.6364415079856887,0,,,,,0,0,0.0,-1456104.4000305175,0.0,48543895.599969484,,,,
2025-05-18,44.52664566040039,9.60158920288086,-1.4754176927599558,0,,,,,0,0,0.0,-1456104.4000305175,0.0,48543895.599969484,,,,
2025-05-19,43.906192779541016,9.60158920288086,-0.8999886963642821,0,,,,,0,0,0.0,-1456104.4000305175,0.0,48543895.599969484,,,,
2025-05-20,43.99135208129883,9.60158920288086,-0.8829388235451497,0,,,,,0,0,0.0,-1456104.4000305175,0.0,48543895.599969484,,,,
2025-05-21,44.67263412475586,9.611190795898438,-1.3043050449229272,0,,,,,0,0,0.0,-1456104.4000305175,0.0,48543895.599969484,,,,
2025-05-22,44.18600463867188,9.60158920288086,-0.8357451216627041,0,,,,,0,0,0.0,-1456104.4000305175,0.0,48543895.599969484,,,,
2025-05-23,44.003517150878906,9.563182830810549,-0.7720753122153159,0,,,,,0,0,0.0,-1456104.4000305175,0.0,48543895.599969484,,,,
2025-05-24,44.003517150878906,9.563182830810549,-0.6940170311990934,0,,,,,0,0,0.0,-1456104.4000305175,0.0,48543895.599969484,,,,
2025-05-25,44.003517150878906,9.563182830810549,-0.6175752582888241,0,,,,,0,0,0.0,-1456104.4000305175,0.0,48543895.599969484,,,,
2025-05-26,43.95484924316406,9.563182830810549,-0.4972940942997051,0,,,,,0,0,0.0,-1456104.4000305175,0.0,48543895.599969484,,,,
2025-05-27,43.5655517578125,9.4959716796875,-0.38681038477662333,0,,,,,0,0,0.0,-1456104.4000305175,0.0,48543895.599969484,,,,
2025-05-28,43.63854217529297,9.543978691101074,-0.05568428457792695,0,,,,,0,0,0.0,-1456104.4000305175,0.0,48543895.599969484,,,,
2025-05-29,43.73586654663086,9.659199714660645,0.8169479750668218,0,,,,,0,0,0.0,-1456104.4000305175,0.0,48543895.599969484,,,,
2025-05-30,43.73586654663086,9.659199714660645,1.0150276155841902,0,,,,,0,0,0.0,-1456104.4000305175,0.0,48543895.599969484,,,,
2025-05-31,43.73586654663086,9.659199714660645,1.3296700043752485,0,,,,,0,0,0.0,-1456104.4000305175,0.0,48543895.599969484,,,,
2025-06-01,43.73586654663086,9.659199714660645,1.5218491263334344,0,,,,,0,0,0.0,-1456104.4000305175,0.0,48543895.599969484,,,,
2025-06-02,42.79910659790039,9.534378051757812,1.9820263510077842,0,,,,,0,0,0.0,-1456104.4000305175,0.0,48543895.599969484,,,,
2025-06-03,43.103248596191406,9.630393028259276,2.0485496356893984,0,,,,,0,0,0.0,-1456104.4000305175,0.0,48543895.599969484,,,,
2025-06-04,44.11300659179688,9.774418830871582,1.3888159133474456,0,,,,,0,0,0.0,-1456104.4000305175,0.0,48543895.599969484,,,,
2025-06-05,44.19816207885742,9.793621063232422,1.2829292703055761,0,,,,,0,0,0.0,-1456104.4000305175,0.0,48543895.599969484,,,,
2025-06-06,44.27116012573242,9.736011505126951,0.47700536512303254,0,,,,,0,0,0.0,-1456104.4000305175,0.0,48543895.599969484,,,,
2025-06-07,44.27116012573242,9.736011505126951,0.4026104711707841,0,,,,,0,0,0.0,-1456104.4000305175,0.0,48543895.599969484,,,,
2025-06-08,44.27116012573242,9.736011505126951,0.364889226532588,0,,,,,0,0,0.0,-1456104.4000305175,0.0,48543895.599969484,,,,
2025-06-09,44.69696044921875,9.832027435302734,0.49314182040103277,0,,,,,0,0,0.0,-1456104.4000305175,0.0,48543895.599969484,,,,
2025-06-10,45.9013671875,10.08166790008545,0.6955803510780828,0,,,,,0,0,0.0,-1456104.4000305175,0.0,48543895.599969484,,,,
2025-06-11,45.9013671875,10.187285423278809,1.7893498418951843,0,,,,,0,0,0.0,-1456104.4000305175,0.0,48543895.599969484,,,,
2025-06-12,45.9013671875,10.21609115600586,1.874265255534148,0,,,,,0,0,0.0,-1456104.4000305175,0.0,48543895.599969484,,,,
2025-06-13,45.9013671875,10.225692749023438,1.7700805473561483,0,,,,,0,0,0.0,-1456104.4000305175,0.0,48543895.599969484,,,,
2025-06-14,45.9013671875,10.225692749023438,1.6140242652727337,0,,,,,0,0,0.0,-1456104.4000305175,0.0,48543895.599969484,,,,
2025-06-15,45.9013671875,10.225692749023438,1.4930583797896397,0,,,,,0,0,0.0,-1456104.4000305175,0.0,48543895.599969484,,,,
2025-06-16,45.9013671875,10.273700714111328,1.8871737929870802,0,,,,,0,0,0.0,-1456104.4000305175,0.0,48543895.599969484,,,,
2025-06-17,45.9013671875,10.312106132507324,2.066686779502619,0,,,,,0,0,0.0,-1456104.4000305175,0.0,48543895.599969484,,,,
2025-06-18,46.297977447509766,10.33130931854248,1.2738029445836028,0,,,,,0,0,0.0,-1456104.4000305175,0.0,48543895.599969484,,,,
2025-06-19,45.84054183959961,10.283302307128906,1.5045879860951965,0,,,,,0,0,0.0,-1456104.4000305175,0.0,48543895.599969484,,,,
2025-06-20,45.77241516113281,10.225692749023438,0.922626479407019,0,,,,,0,0,0.0,-1456104.4000305175,0.0,48543895.599969484,,,,
2025-06-21,45.77241516113281,10.225692749023438,0.8338724120907108,0,,,,,0,0,0.0,-1456104.4000305175,0.0,48543895.599969484,,,,
2025-06-22,45.77241516113281,10.225692749023438,0.7569686691174056,0,,,,,0,0,0.0,-1456104.4000305175,0.0,48543895.599969484,,,,
2025-06-23,45.39284133911133,10.225692749023438,1.3718138366320747,0,,,,,0,0,0.0,-1456104.4000305175,0.0,48543895.599969484,,,,
2025-06-24,46.22011184692383,10.427325248718262,1.6185350800646512,0,,,,,0,0,0.0,-1456104.4000305175,0.0,48543895.599969484,,,,
2025-06-25,46.89166641235352,10.5425443649292,1.3489892361815117,0,,,,,0,0,0.0,-1456104.4000305175,0.0,48543895.599969484,,,,
2025-06-26,46.9500617980957,10.475334167480469,0.5340839698277017,0,,,,,0,0,0.0,-1456104.4000305175,0.0,48543895.599969484,,,,
2025-06-27,46.99872589111328,10.46573257446289,0.25906031226791426,0,,,,,0,0,0.0,-1456104.4000305175,0.0,48543895.599969484,,,,
2025-06-28,46.99872589111328,10.46573257446289,0.1591688948338199,0,,,,,0,0,0.0,-1456104.4000305175,0.0,48543895.599969484,,,,
2025-06-29,46.99872589111328,10.46573257446289,0.032811349773985206,0,,,,,0,0,0.0,-1456104.4000305175,0.0,48543895.599969484,,,,
2025-06-30,47.06684875488281,10.513739585876465,0.5792951512691634,0,,,,,0,0,0.0,-1456104.4000305175,0.0,48543895.599969484,,,,
2025-07-01,47.33936309814453,10.580951690673828,0.8549088681644028,0,,,,,0,0,0.0,-1456104.4000305175,0.0,48543895.599969484,,,,
2025-07-02,47.349098205566406,10.609756469726562,1.3477903443396626,0,,,,,0,0,0.0,-1456104.4000305175,0.0,48543895.599969484,,,,
2025-07-03,48.00117874145508,10.753779411315918,1.6424642387840935,0,,,,,0,0,0.0,-1456104.4000305175,0.0,48543895.599969484,,,,
2025-07-04,47.5534782409668,10.7249755859375,2.363947926197553,0,,,,,0,0,0.0,-1456104.4000305175,0.0,48543895.599969484,,,,
2025-07-05,47.5534782409668,10.7249755859375,2.027787718734001,0,,,,,0,0,0.0,-1456104.4000305175,0.0,48543895.599969484,,,,
2025-07-06,47.5534782409668,10.7249755859375,1.7463475565492719,0,,,,,0,0,0.0,-1456104.4000305175,0.0,48543895.599969484,,,,
2025-07-07,47.27123641967773,10.600154876708984,0.4815467777038189,0,,,,,0,0,0.0,-1456104.4000305175,0.0,48543895.599969484,,,,
2025-07-08,47.0571174621582,10.696170806884766,2.275343557260986,0,,,,,0,0,0.0,-1456104.4000305175,0.0,48543895.599969484,,,,
2025-07-09,47.54374694824219,10.92660903930664,2.9588469099885493,0,,,,,0,0,0.0,-1456104.4000305175,0.0,48543895.599969484,,,,
2025-07-10,48.08877182006836,10.94581127166748,1.7862193069676102,0,,,,,0,0,0.0,-1456104.4000305175,0.0,48543895.599969484,,,,
2025-07-11,48.293155670166016,10.89780330657959,0.8339130422635064,0,,,,,0,0,0.0,-1456104.4000305175,0.0,48543895.599969484,,,,
2025-07-12,48.293155670166016,10.89780330657959,0.7512136092199762,0,,,,,0,0,0.0,-1456104.4000305175,0.0,48543895.599969484,,,,
2025-07-13,48.293155670166016,10.89780330657959,0.6824718753950649,0,,,,,0,0,0.0,-1456104.4000305175,0.0,48543895.599969484,,,,
2025-07-14,48.01091384887695,10.782584190368652,0.030543801886371975,0,,,,,0,0,0.0,-1456104.4000305175,0.0,48543895.599969484,,,,
2025-07-15,48.66299819946289,10.94581127166748,0.4138527715751521,0,,,,,0,0,0.0,-1456104.4000305175,0.0,48543895.599969484,,,,
2025-07-16,49.05230331420898,11.051429748535156,0.6707018819533814,0,,,,,0,0,0.0,-1456104.4000305175,0.0,48543895.599969484,,,,
2025-07-17,49.34428024291992,11.089835166931152,0.42351463927969224,0,,,,,0,0,0.0,-1456104.4000305175,0.0,48543895.599969484,,,,
2025-07-18,50.07422256469727,11.320273399353027,1.344561040462478,0,,,,,0,0,0.0,-1456104.4000305175,0.0,48543895.599969484,,,,
2025-07-19,50.07422256469727,11.320273399353027,1.2547710337601117,0,,,,,0,0,0.0,-1456104.4000305175,0.0,48543895.599969484,,,,
2025-07-20,50.07422256469727,11.320273399353027,1.1598581846043214,0,,,,,0,0,0.0,-1456104.4000305175,0.0,48543895.599969484,,,,
2025-07-21,49.88800430297852,11.233859062194824,0.4317212519066856,0,,,,,0,0,0.0,-1456104.4000305175,0.0,48543895.599969484,,,,
2025-07-22,49.544960021972656,11.061031341552734,-1.1288669635237334,0,,,,,0,0,0.0,-1456104.4000305175,0.0,48543895.599969484,,,,
2025-07-23,49.69198226928711,11.089835166931152,-1.1451403330636547,0,,,,,0,0,0.0,-1456104.4000305175,0.0,48543895.599969484,,,,
2025-07-24,49.98601531982422,11.22425651550293,-0.02354061779104531,0,,,,,0,0,0.0,-1456104.4000305175,0.0,48543895.599969484,,,,
2025-07-25,49.88800430297852,11.195452690124512,-0.20199239571419048,0,,,,,0,0,0.0,-1456104.4000305175,0.0,48543895.599969484,,,,
2025-07-26,49.88800430297852,11.195452690124512,-0.22831329772771153,0,,,,,0,0,0.0,-1456104.4000305175,0.0,48543895.599969484,,,,
2025-07-27,49.88800430297852,11.195452690124512,-0.3365833212291489,0,,,,,0,0,0.0,-1456104.4000305175,0.0,48543895.599969484,,,,
2025-07-28,50.03501892089844,11.320273399353027,1.1701496107826663,0,,,,,0,0,0.0,-1456104.4000305175,0.0,48543895.599969484,,,,
2025-07-29,49.44694900512695,11.233859062194824,1.7438141611083215,0,,,,,0,0,0.0,-1456104.4000305175,0.0,48543895.599969484,,,,
2025-07-30,49.98601531982422,11.253063201904297,0.37096715388445817,0,,,,,0,0,0.0,-1456104.4000305175,0.0,48543895.599969484,,,,
2025-07-31,50.52508163452149,11.579517364501951,2.9895891410256863,0,,,,,0,0,0.0,-1456104.4000305175,0.0,48543895.599969484,,,,
2025-08-01,50.084022521972656,11.589118003845217,2.8990699237550865,0,,,,,0,0,0.0,-1456104.4000305175,0.0,48543895.599969484,,,,
2025-08-02,50.084022521972656,11.589118003845217,2.3068320166427263,0,,,,,0,0,0.0,-1456104.4000305175,0.0,48543895.599969484,,,,
2025-08-03,50.084022521972656,11.589118003845217,1.9568541812633076,0,,,,,0,0,0.0,-1456104.4000305175,0.0,48543895.599969484,,,,
2025-08-04,49.78998947143555,11.397086143493652,0.869944793400698,0,,,,,0,0,0.0,-1456104.4000305175,0.0,48543895.599969484,,,,
2025-08-05,50.42706680297852,11.617923736572266,1.4215974510094425,0,,,,,0,0,0.0,-1456104.4000305175,0.0,48543895.599969484,,,,
2025-08-06,49.98601531982422,11.598719596862791,1.6264279963705197,0,,,,,0,0,0.0,-1456104.4000305175,0.0,48543895.599969484,,,,
2025-08-07,51.407188415527344,11.896368980407717,1.5976581407030543,0,,,,,0,0,0.0,-1456104.4000305175,0.0,48543895.599969484,,,,
2025-08-08,51.407188415527344,12.155611991882324,2.4501812537706757,0,,,,,0,0,0.0,-1456104.4000305175,0.0,48543895.599969484,,,,
2025-08-09,51.407188415527344,12.155611991882324,2.034975830225502,0,,,,,0,0,0.0,-1456104.4000305175,0.0,48543895.599969484,,,,
2025-08-10,51.407188415527344,12.155611991882324,1.7541333913909658,0,,,,,0,0,0.0,-1456104.4000305175,0.0,48543895.599969484,,,,
2025-08-11,51.79923248291016,12.357244491577148,1.9497836302263545,0,,,,,0,0,0.0,-1456104.4000305175,0.0,48543895.599969484,,,,
2025-08-12,51.84823989868164,12.395651817321776,1.8026179616082136,0,,,,,0,0,0.0,-1456104.4000305175,0.0,48543895.599969484,,,,
2025-08-13,52.28928756713867,12.53967571258545,1.7616634821003188,0,,,,,0,0,0.0,-1456104.4000305175,0.0,48543895.599969484,,,,
2025-08-14,52.09326934814453,12.530074119567873,1.6412052698385107,0,,,,,0,0,0.0,-1456104.4000305175,0.0,48543895.599969484,,,,
2025-08-15,52.09326934814453,12.606886863708496,1.6797778870355033,0,,,,,0,0,0.0,-1456104.4000305175,0.0,48543895.599969484,,,,
2025-08-16,52.09326934814453,12.606886863708496,1.518051690332325,0,,,,,0,0,0.0,-1456104.4000305175,0.0,48543895.599969484,,,,
2025-08-17,52.09326934814453,12.606886863708496,1.3718352772426878,0,,,,,0,0,0.0,-1456104.4000305175,0.0,48543895.599969484,,,,
2025-08-18,52.24028778076172,12.885333061218262,1.888770991366797,0,,,,,0,0,0.0,-1456104.4000305175,0.0,48543895.599969484,,,,
2025-08-19,52.142276763916016,12.530074119567873,0.8001777339873668,0,,,,,0,0,0.0,-1456104.4000305175,0.0,48543895.599969484,,,,
2025-08-20,50.672096252441406,11.992384910583496,-0.11815642085260025,0,,,,,0,0,0.0,-1456104.4000305175,0.0,48543895.599969484,,,,
2025-08-21,50.96613311767578,12.17481517791748,0.252828750026953,0,,,,,0,0,0.0,-1456104.4000305175,0.0,48543895.599969484,,,,
2025-08-22,50.72110366821289,12.146010398864746,0.2466258847580921,0,,,,,0,0,0.0,-1456104.4000305175,0.0,48543895.599969484,,,,
2025-08-23,50.72110366821289,12.146010398864746,0.17522742234342917,0,,,,,0,0,0.0,-1456104.4000305175,0.0,48543895.599969484,,,,
2025-08-24,50.72110366821289,12.146010398864746,0.07275436647176682,0,,,,,0,0,0.0,-1456104.4000305175,0.0,48543895.599969484,,,,
2025-08-25,51.65221786499024,12.482065200805664,0.725968268443854,0,,,,,0,0,0.0,-1456104.4000305175,0.0,48543895.599969484,,,,
2025-08-26,51.70121765136719,12.549276351928713,0.9636420894589675,0,,,,,0,0,0.0,-1456104.4000305175,0.0,48543895.599969484,,,,
2025-08-27,51.946250915527344,12.84692668914795,2.200788304554204,0,,,,,0,0,0.0,-1456104.4000305175,0.0,48543895.599969484,,,,
2025-08-28,51.45619201660156,12.818121910095217,2.1408665231255832,0,,,,,0,0,0.0,-1456104.4000305175,0.0,48543895.599969484,,,,
2025-08-29,51.45619201660156,13.04856014251709,2.5827767745998744,0,,,,,0,0,0.0,-1456104.4000305175,0.0,48543895.599969484,,,,
2025-08-30,51.45619201660156,13.04856014251709,2.154238338253092,0,,,,,0,0,0.0,-1456104.4000305175,0.0,48543895.599969484,,,,
2025-08-31,51.45619201660156,13.04856014251709,1.8407273884640478,0,,,,,0,0,0.0,-1456104.4000305175,0.0,48543895.599969484,,,,
2025-09-01,50.96613311767578,12.568480491638184,0.40189045241516275,0,,,,,0,0,0.0,-1456104.4000305175,0.0,48543895.599969484,,,,
2025-09-02,50.96613311767578,12.434057235717772,-0.10948731344869782,0,,,,,0,0,0.0,-1456104.4000305175,0.0,48543895.599969484,,,,
2025-09-03,50.9171257019043,12.482065200805664,0.06780990206207649,0,,,,,0,0,0.0,-1456104.4000305175,0.0,48543895.599969484,,,,
2025-09-04,51.26016616821289,12.482065200805664,-0.17461528463446208,0,,,,,0,0,0.0,-1456104.4000305175,0.0,48543895.599969484,,,,
2025-09-05,51.79923248291016,12.760512351989746,0.4365605511404549,0,,,,,0,0,0.0,-1456104.4000305175,0.0,48543895.599969484,,,,
2025-09-06,51.79923248291016,12.760512351989746,0.3977547943723015,0,,,,,0,0,0.0,-1456104.4000305175,0.0,48543895.599969484,,,,
2025-09-07,51.79923248291016,12.760512351989746,0.40700482354723366,0,,,,,0,0,0.0,-1456104.4000305175,0.0,48543895.599969484,,,,
2025-09-08,52.28928756713867,12.84692668914795,0.3364263265634444,0,,,,,0,0,0.0,-1456104.4000305175,0.0,48543895.599969484,,,,
2025-09-09,52.8283576965332,12.942941665649414,0.23530879151252862,0,,,,,0,0,0.0,-1456104.4000305175,0.0,48543895.599969484,,,,
2025-09-10,53.85748291015625,13.278998374938965,0.7326043063874158,0,,,,,0,0,0.0,-1456104.4000305175,0.0,48543895.599969484,,,,
2025-09-11,54.34754180908203,13.259794235229492,0.18233834784338543,0,,,,,0,0,0.0,-1456104.4000305175,0.0,48543895.599969484,,,,
2025-09-12,54.88660430908203,13.182981491088867,-0.7455922733797062,0,,,,,0,0,0.0,-1456104.4000305175,0.0,48543895.599969484,,,,
2025-09-13,54.88660430908203,13.182981491088867,-0.8962835729723382,0,,,,,0,0,0.0,-1456104.4000305175,0.0,48543895.599969484,,,,
2025-09-14,54.88660430908203,13.182981491088867,-0.9522178401784824,0,,,,,0,0,0.0,-1456104.4000305175,0.0,48543895.599969484,,,,
2025-09-15,54.88660430908203,13.010153770446776,-1.7838877373037854,0,,,,,0,0,0.0,-1456104.4000305175,0.0,48543895.599969484,,,,
2025-09-16,55.62169647216797,13.106168746948242,-1.7328921093885574,0,,,,,0,0,0.0,-1456104.4000305175,0.0,48543895.599969484,,,,
2025-09-17,55.22964477539063,13.038957595825195,-1.499854817172013,0,,,,,0,0,0.0,-1456104.4000305175,0.0,48543895.599969484,,,,
2025-09-18,55.817718505859375,13.31740379333496,-0.6505853752819497,0,,,,,0,0,0.0,-1456104.4000305175,0.0,48543895.599969484,,,,
2025-09-19,55.8667221069336,13.211787223815918,-1.183235244834743,0,,,,,0,0,0.0,-1456104.4000305175,0.0,48543895.599969484,,,,
2025-09-20,55.8667221069336,13.211787223815918,-1.1990039582508414,0,,,,,0,0,0.0,-1456104.4000305175,0.0,48543895.599969484,,,,
2025-09-21,55.8667221069336,13.211787223815918,-1.082511817432123,0,,,,,0,0,0.0,-1456104.4000305175,0.0,48543895.599969484,,,,
2025-09-22,56.25876998901367,13.259794235229492,-1.1526895261908203,0,,,,,0,0,0.0,-1456104.4000305175,0.0,48543895.599969484,,,,
2025-09-23,57.28789520263672,13.278998374938965,-1.914875195486305,0,,,,,0,0,0.0,-1456104.4000305175,0.0,48543895.599969484,,,,
2025-09-24,57.2388916015625,13.163779258728027,-2.0870191344200153,0,,,,,0,0,0.0,-1456104.4000305175,0.0,48543895.599969484,,,,
2025-09-25,57.04286193847656,13.010153770446776,-2.1918708940441163,0,,,,,0,0,0.0,-1456104.4000305175,0.0,48543895.599969484,,,,
2025-09-26,56.11175155639648,12.674097061157228,-2.331743804923394,0,,,,,0,0,0.0,-1456104.4000305175,0.0,48543895.599969484,,,,
2025-09-27,56.11175155639648,12.674097061157228,-1.9771217442627815,0,,,,,0,0,0.0,-1456104.4000305175,0.0,48543895.599969484,,,,
2025-09-28,56.11175155639648,12.674097061157228,-1.7258905935370852,0,,,,,0,0,0.0,-1456104.4000305175,0.0,48543895.599969484,,,,
2025-09-29,56.11175155639648,12.674097061157228,-1.5345862061457172,0,,,,,0,0,0.0,-1456104.4000305175,0.0,48543895.599969484,,,,
2025-09-30,56.65081787109375,13.038957595825195,-0.6198401022942512,0,,,,,0,0,0.0,-1456104.4000305175,0.0,48543895.599969484,,,,
2025-10-01,56.94485092163086,13.038957595825195,-0.7353838594004674,0,,,,,0,0,0.0,-1456104.4000305175,0.0,48543895.599969484,,,,
2025-10-02,58.02298355102539,13.250192642211914,-0.6267090156940996,0,,,,,0,0,0.0,-1456104.4000305175,0.0,48543895.599969484,,,,
2025-10-03,58.856082916259766,13.471029281616213,-0.30886001965650833,0,,,,,0,0,0.0,-1456104.4000305175,0.0,48543895.599969484,,,,
2025-10-04,58.856082916259766,13.471029281616213,-0.2320150445631329,0,,,,,0,0,0.0,-1456104.4000305175,0.0,48543895.599969484,,,,
2025-10-05,58.856082916259766,13.471029281616213,-0.17532202885536385,0,,,,,0,0,0.0,-1456104.4000305175,0.0,48543895.599969484,,,,
2025-10-06,58.856082916259766,13.471029281616213,-0.12427489489959267,0,,,,,0,0,0.0,-1456104.4000305175,0.0,48543895.599969484,,,,
2025-10-07,60.4732780456543,13.46142864227295,-1.38059128535388,0,,,,,0,0,0.0,-1456104.4000305175,0.0,48543895.599969484,,,,
2025-10-08,59.93421173095703,13.451826095581056,-0.9054710405380209,0,,,,,0,0,0.0,-1456104.4000305175,0.0,48543895.599969484,,,,
2025-10-09,60.37526321411133,13.6150541305542,-0.4449374870188699,0,,,,,0,0,0.0,-1456104.4000305175,0.0,48543895.599969484,,,,
2025-10-10,60.37526321411133,13.6150541305542,-0.36554872369222247,0,,,,,0,0,0.0,-1456104.4000305175,0.0,48543895.599969484,,,,
2025-10-11,60.37526321411133,13.6150541305542,-0.2773200600177362,0,,,,,0,0,0.0,-1456104.4000305175,0.0,48543895.599969484,,,,
2025-10-12,60.37526321411133,13.6150541305542,-0.17175806736472277,0,,,,,0,0,0.0,-1456104.4000305175,0.0,48543895.599969484,,,,
2025-10-13,59.78719329833984,13.40381908416748,-0.9140173681730333,0,,,,,0,0,0.0,-1456104.4000305175,0.0,48543895.599969484,,,,
2025-10-14,59.493160247802734,13.192583084106444,-1.9446743008093836,0,,,,,0,0,0.0,-1456104.4000305175,0.0,48543895.599969484,,,,
2025-10-15,60.5712890625,13.557443618774414,-0.584172559271077,0,,,,,0,0,0.0,-1456104.4000305175,0.0,48543895.599969484,,,,
2025-10-16,61.74742889404297,13.720670700073242,-1.0364228369159632,0,,,,,0,0,0.0,-1456104.4000305175,0.0,48543895.599969484,,,,
2025-10-17,60.81631851196289,13.538241386413574,-1.079568053390497,0,,,,,0,0,0.0,-1456104.4000305175,0.0,48543895.599969484,,,,
2025-10-18,60.81631851196289,13.538241386413574,-1.0631903885912364,0,,,,,0,0,0.0,-1456104.4000305175,0.0,48543895.599969484,,,,
2025-10-19,60.81631851196289,13.538241386413574,-1.047205108816103,0,,,,,0,0,0.0,-1456104.4000305175,0.0,48543895.599969484,,,,
2025-10-20,61.84543991088867,13.701467514038086,-1.1592229222309454,0,,,,,0,0,0.0,-1456104.4000305175,0.0,48543895.599969484,,,,
2025-10-21,61.94345474243164,13.893499374389648,0.22834981940250068,0,,,,,0,0,0.0,-1456104.4000305175,0.0,48543895.599969484,,,,
2025-10-22,61.45339584350586,13.816686630249023,0.3886745531926534,0,,,,,0,0,0.0,-1456104.4000305175,0.0,48543895.599969484,,,,
2025-10-23,61.1103515625,13.797483444213867,0.8361477394036957,0,,,,,0,0,0.0,-1456104.4000305175,0.0,48543895.599969484,,,,
2025-10-24,61.1103515625,13.797483444213867,0.9305108025711213,0,,,,,0,0,0.0,-1456104.4000305175,0.0,48543895.599969484,,,,
2025-10-25,61.1103515625,13.797483444213867,1.0437313433751567,0,,,,,0,0,0.0,-1456104.4000305175,0.0,48543895.599969484,,,,
2025-10-26,61.1103515625,13.797483444213867,1.1844946647363372,0,,,,,0,0,0.0,-1456104.4000305175,0.0,48543895.599969484,,,,
2025-10-27,62.531524658203125,14.143139839172363,1.7508862909624399,0,,,,,0,0,0.0,-1456104.4000305175,0.0,48543895.599969484,,,,
2025-10-28,62.09047317504883,14.508000373840332,3.443734408115537,0,,,,,0,0,0.0,-1456104.4000305175,0.0,48543895.599969484,,,,
2025-10-29,63.11959838867188,14.709633827209473,2.618417226423612,0,,,,,0,0,0.0,-1456104.4000305175,0.0,48543895.599969484,,,,
2025-10-30,63.11959838867188,14.834454536437988,2.466623920745942,0,,,,,0,0,0.0,-1456104.4000305175,0.0,48543895.599969484,,,,
2025-10-31,63.46263885498047,15.103299140930176,2.484298656223136,0,,,,,0,0,0.0,-1456104.4000305175,0.0,48543895.599969484,,,,
2025-11-01,63.46263885498047,15.103299140930176,2.0572907331150447,0,,,,,0,0,0.0,-1456104.4000305175,0.0,48543895.599969484,,,,
2025-11-02,63.46263885498047,15.103299140930176,1.767965950259586,0,,,,,0,0,0.0,-1456104.4000305175,0.0,48543895.599969484,,,,
2025-11-03,62.87456893920898,15.247323989868164,2.016630682841166,0,,,,,0,0,0.0,-1456104.4000305175,0.0,48543895.599969484,,,,
2025-11-04,62.67853927612305,15.084096908569336,1.5280865389273202,0,,,,,0,0,0.0,-1456104.4000305175,0.0,48543895.599969484,,,,
2025-11-05,61.89444732666016,14.901666641235352,1.3031643108946345,0,,,,,0,0,0.0,-1456104.4000305175,0.0,48543895.599969484,,,,
2025-11-06,62.041465759277344,15.208917617797852,1.650951287193568,0,,,,,0,0,0.0,-1456104.4000305175,0.0,48543895.599969484,,,,
2025-11-07,61.306373596191406,14.892065048217772,1.1757486676149869,0,,,,,0,0,0.0,-1456104.4000305175,0.0,48543895.599969484,,,,
2025-11-08,61.306373596191406,14.892065048217772,1.0696398057409207,0,,,,,0,0,0.0,-1456104.4000305175,0.0,48543895.599969484,,,,
2025-11-09,61.306373596191406,14.892065048217772,0.979544627569456,0,,,,,0,0,0.0,-1456104.4000305175,0.0,48543895.599969484,,,,
2025-11-10,62.09047317504883,15.180112838745115,1.1588516436694758,0,,,,,0,0,0.0,-1456104.4000305175,0.0,48543895.599969484,,,,
2025-11-11,61.64941787719727,15.132104873657228,1.1279670500574934,0,,,,,0,0,0.0,-1456104.4000305175,0.0,48543895.599969484,,,,
2025-11-12,61.94345474243164,15.084096908569336,0.8227277395811845,0,,,,,0,0,0.0,-1456104.4000305175,0.0,48543895.599969484,,,,
2025-11-13,61.64941787719727,15.21851921081543,1.1700557331559283,0,,,,,0,0,0.0,-1456104.4000305175,0.0,48543895.599969484,,,,
2025-11-14,60.4732780456543,14.882463455200195,0.8314930507092959,0,,,,,0,0,0.0,-1456104.4000305175,0.0,48543895.599969484,,,,
2025-11-15,60.4732780456543,14.882463455200195,0.800482736689917,0,,,,,0,0,0.0,-1456104.4000305175,0.0,48543895.599969484,,,,
2025-11-16,60.4732780456543,14.882463455200195,0.818197874144251,0,,,,,0,0,0.0,-1456104.4000305175,0.0,48543895.599969484,,,,
2025-11-17,60.66930389404297,15.02648639678955,1.2223850805191274,0,,,,,0,0,0.0,-1456104.4000305175,0.0,48543895.599969484,,,,
2025-11-18,59.24813079833984,14.431188583374023,-0.5318638051125841,0,,,,,0,0,0.0,-1456104.4000305175,0.0,48543895.599969484,,,,
2025-11-19,58.856082916259766,14.402383804321287,-0.4574472007202932,0,,,,,0,0,0.0,-1456104.4000305175,0.0,48543895.599969484,,,,
2025-11-20,60.66930389404297,14.997682571411133,1.2018162812202624,0,,,,,0,0,0.0,-1456104.4000305175,0.0,48543895.599969484,,,,
2025-11-21,58.66005706787109,14.23915672302246,-1.58170986358267,0,,,,,0,0,0.0,-1456104.4000305175,0.0,48543895.599969484,,,,
2025-11-22,58.66005706787109,14.23915672302246,-1.6378408965317313,0,,,,,0,0,0.0,-1456104.4000305175,0.0,48543895.599969484,,,,
2025-11-23,58.66005706787109,14.23915672302246,-1.4612835029110658,0,,,,,0,0,0.0,-1456104.4000305175,0.0,48543895.599969484,,,,
2025-11-24,58.366024017333984,14.23915672302246,-1.0452026109284582,0,,,,,0,0,0.0,-1456104.4000305175,0.0,48543895.599969484,,,,
2025-11-25,59.15011596679688,14.62321949005127,0.5405274780053547,0,,,,,0,0,0.0,-1456104.4000305175,0.0,48543895.599969484,,,,
2025-11-26,60.13023376464844,14.978479385375977,1.6219353089359578,0,,,,,0,0,0.0,-1456104.4000305175,0.0,48543895.599969484,,,,
2025-11-27,60.66930389404297,15.314535140991213,2.4731345765646515,0,,,,,0,0,0.0,-1456104.4000305175,0.0,48543895.599969484,,,,
2025-11-28,61.1103515625,15.583378791809082,2.6180074931557678,0,,,,,0,0,0.0,-1456104.4000305175,0.0,48543895.599969484,,,,
2025-11-29,61.1103515625,15.583378791809082,2.1425161789321363,0,,,,,0,0,0.0,-1456104.4000305175,0.0,48543895.599969484,,,,
2025-11-30,61.1103515625,15.583378791809082,1.8323391516586405,0,,,,,0,0,0.0,-1456104.4000305175,0.0,48543895.599969484,,,,
2025-12-01,60.277252197265625,15.247323989868164,1.1095664996321952,0,,,,,0,0,0.0,-1456104.4000305175,0.0,48543895.599969484,,,,
2025-12-02,60.4732780456543,15.151307106018066,0.6080070260920931,0,,,,,0,0,0.0,-1456104.4000305175,0.0,48543895.599969484,,,,
2025-12-03,61.06134414672852,15.199316024780272,0.38444354368258976,0,,,,,0,0,0.0,-1456104.4000305175,0.0,48543895.599969484,,,,
2025-12-04,60.96333694458008,15.093698501586914,0.07709553915292829,0,,,,,0,0,0.0,-1456104.4000305175,0.0,48543895.599969484,,,,
2025-12-05,61.502403259277344,15.343338966369627,0.5212189706747387,0,,,,,0,0,0.0,-1456104.4000305175,0.0,48543895.599969484,,,,
2025-12-06,61.502403259277344,15.343338966369627,0.4758781446701632,0,,,,,0,0,0.0,-1456104.4000305175,0.0,48543895.599969484,,,,
2025-12-07,61.502403259277344,15.343338966369627,0.44708663454971365,0,,,,,0,0,0.0,-1456104.4000305175,0.0,48543895.599969484,,,,
2025-12-08,62.43351364135742,15.439355850219728,0.12722308204574592,0,,,,,0,0,0.0,-1456104.4000305175,0.0,48543895.599969484,,,,
2025-12-09,62.33549880981445,15.420151710510254,0.06505790874209087,0,,,,,0,0,0.0,-1456104.4000305175,0.0,48543895.599969484,,,,
2025-12-10,62.77655792236328,15.679394721984863,0.6291407883358419,0,,,,,0,0,0.0,-1456104.4000305175,0.0,48543895.599969484,,,,
2025-12-11,62.09047317504883,15.679394721984863,0.9958740307228364,0,,,,,0,0,0.0,-1456104.4000305175,0.0,48543895.599969484,,,,
2025-12-12,62.18848419189453,15.77541160583496,1.208591589706798,0,,,,,0,0,0.0,-1456104.4000305175,0.0,48543895.599969484,,,,
2025-12-13,62.18848419189453,15.77541160583496,1.1758994273195256,0,,,,,0,0,0.0,-1456104.4000305175,0.0,48543895.599969484,,,,
2025-12-14,62.18848419189453,15.77541160583496,1.1833002979653855,0,,,,,0,0,0.0,-1456104.4000305175,0.0,48543895.599969484,,,,
2025-12-15,61.5514030456543,15.573777198791504,0.6737985410008958,0,,,,,0,0,0.0,-1456104.4000305175,0.0,48543895.599969484,,,,
2025-12-16,61.0123405456543,15.237722396850586,-0.7896684220201761,0,,,,,0,0,0.0,-1456104.4000305175,0.0,48543895.599969484,,,,
2025-12-17,60.66930389404297,15.132104873657228,-0.9629360185581226,0,,,,,0,0,0.0,-1456104.4000305175,0.0,48543895.599969484,,,,
2025-12-18,60.66930389404297,15.07449436187744,-1.1887866685280486,0,,,,,0,0,0.0,-1456104.4000305175,0.0,48543895.599969484,,,,
2025-12-19,61.25737380981445,15.352940559387209,-0.0953377624397687,0,,,,,0,0,0.0,-1456104.4000305175,0.0,48543895.599969484,,,,
2025-12-20,61.25737380981445,15.352940559387209,-0.013283937161045974,0,,,,,0,0,0.0,-1456104.4000305175,0.0,48543895.599969484,,,,
2025-12-21,61.25737380981445,15.352940559387209,0.0139772620258547,0,,,,,0,0,0.0,-1456104.4000305175,0.0,48543895.599969484,,,,
2025-12-22,62.13947677612305,15.602581977844238,0.5484100432872494,0,,,,,0,0,0.0,-1456104.4000305175,0.0,48543895.599969484,,,,
2025-12-23,62.43351364135742,15.640989303588867,0.3738585591492121,0,,,,,0,0,0.0,-1456104.4000305175,0.0,48543895.599969484,,,,
2025-12-24,62.580528259277344,15.842621803283691,1.4556230217931985,0,,,,,0,0,0.0,-1456104.4000305175,0.0,48543895.599969484,,,,
2025-12-25,62.580528259277344,15.842621803283691,1.3008049113762283,0,,,,,0,0,0.0,-1456104.4000305175,0.0,48543895.599969484,,,,
2025-12-26,63.11959838867188,16.082660675048828,1.9069604495201324,0,,,,,0,0,0.0,-1456104.4000305175,0.0,48543895.599969484,,,,
2025-12-27,63.11959838867188,16.082660675048828,1.6603891713025702,0,,,,,0,0,0.0,-1456104.4000305175,0.0,48543895.599969484,,,,
2025-12-28,63.11959838867188,16.082660675048828,1.49013556069323,0,,,,,0,0,0.0,-1456104.4000305175,0.0,48543895.599969484,,,,
2025-12-29,63.95269393920898,16.149871826171875,0.8909100915602692,0,,,,,0,0,0.0,-1456104.4000305175,0.0,48543895.599969484,,,,
2025-12-30,63.85468673706055,16.159475326538086,0.9600046278915556,0,,,,,0,0,0.0,-1456104.4000305175,0.0,48543895.599969484,,,,
2025-12-31,64.29573822021484,16.23628807067871,0.8641476235128116,0,,,,,0,0,0.0,-1456104.4000305175,0.0,48543895.599969484,,,,
2026-01-01,64.29573822021484,16.23628807067871,0.8344724651501152,0,,,,,0,0,0.0,-1456104.4000305175,0.0,48543895.599969484,,,,
2026-01-02,65.618896484375,16.121068954467773,-1.1178633487485445,0,,,,,0,0,0.0,-1456104.4000305175,0.0,48543895.599969484,,,,
2026-01-03,65.618896484375,16.121068954467773,-1.013438431504662,0,,,,,0,0,0.0,-1456104.4000305175,0.0,48543895.599969484,,,,
2026-01-04,65.618896484375,16.121068954467773,-0.9321901852188852,0,,,,,0,0,0.0,-1456104.4000305175,0.0,48543895.599969484,,,,
2026-01-05,68.11819458007812,16.149871826171875,-2.5784816134805366,0,,,,,0,0,0.0,-1456104.4000305175,0.0,48543895.599969484,,,,
2026-01-06,69.00030517578125,16.466724395751953,-1.7505486671301789,0,,,,,0,0,0.0,-1456104.4000305175,0.0,48543895.599969484,,,,
2026-01-07,68.46123504638672,16.226686477661133,-2.0365455331946216,0,,,,,0,0,0.0,-1456104.4000305175,0.0,48543895.599969484,,,,
2026-01-08,68.70626831054688,16.101865768432617,-2.185346839677501,0,,,,,0,0,0.0,-1456104.4000305175,0.0,48543895.599969484,,,,
2026-01-09,68.46123504638672,16.025053024291992,-1.9369143505515667,0,,,,,0,0,0.0,-1456104.4000305175,0.0,48543895.599969484,,,,
2026-01-10,68.46123504638672,16.025053024291992,-1.689675743762806,0,,,,,0,0,0.0,-1456104.4000305175,0.0,48543895.599969484,,,,
2026-01-11,68.46123504638672,16.025053024291992,-1.493036683033959,0,,,,,0,0,0.0,-1456104.4000305175,0.0,48543895.599969484,,,,
2026-01-12,68.95130157470703,16.111467361450195,-1.3464060295069553,0,,,,,0,0,0.0,-1456104.4000305175,0.0,48543895.599969484,,,,
2026-01-13,69.2943344116211,16.101865768432617,-1.3515280099484284,0,,,,,0,0,0.0,-1456104.4000305175,0.0,48543895.599969484,,,,
2026-01-14,69.34334564208984,16.35150718688965,-0.7399172097245972,0,,,,,0,0,0.0,-1456104.4000305175,0.0,48543895.599969484,,,,
2026-01-15,69.24533081054688,16.274694442749023,-0.7854979545070182,0,,,,,0,0,0.0,-1456104.4000305175,0.0,48543895.599969484,,,,
2026-01-16,70.56849670410156,16.370708465576172,-1.0356742299749024,0,,,,,0,0,0.0,-1456104.4000305175,0.0,48543895.599969484,,,,
2026-01-17,70.56849670410156,16.370708465576172,-0.9500747401073038,0,,,,,0,0,0.0,-1456104.4000305175,0.0,48543895.599969484,,,,
2026-01-18,70.56849670410156,16.370708465576172,-0.868280735366498,0,,,,,0,0,0.0,-1456104.4000305175,0.0,48543895.599969484,,,,
2026-01-19,71.15656280517578,16.23628807067871,-1.4046888588252122,0,,,,,0,0,0.0,-1456104.4000305175,0.0,48543895.599969484,,,,
2026-01-20,71.15656280517578,16.38991355895996,-0.9335950985121515,0,,,,,0,0,0.0,-1456104.4000305175,0.0,48543895.599969484,,,,
2026-01-21,70.42147064208984,16.178678512573242,-1.1718773889683938,0,,,,,0,0,0.0,-1456104.4000305175,0.0,48543895.599969484,,,,
2026-01-22,71.36573028564453,16.716365814208984,0.28573162698209037,0,,,,,0,0,0.0,-1456104.4000305175,0.0,48543895.599969484,,,,
2026-01-23,71.81300354003906,17.004413604736328,1.3490453565756795,0,,,,,0,0,0.0,-1456104.4000305175,0.0,48543895.599969484,,,,
2026-01-24,71.81300354003906,17.004413604736328,1.6716971527394513,0,,,,,0,0,0.0,-1456104.4000305175,0.0,48543895.599969484,,,,
2026-01-25,71.81300354003906,17.004413604736328,1.5422439797267122,0,,,,,0,0,0.0,-1456104.4000305175,0.0,48543895.599969484,,,,
2026-01-26,71.81300354003906,17.06202507019043,1.7744148425321076,0,,,,,0,0,0.0,-1456104.4000305175,0.0,48543895.599969484,,,,
2026-01-27,72.60816955566406,17.426883697509766,2.343768875994042,0,,,,,0,0,0.0,-1456104.4000305175,0.0,48543895.599969484,,,,
2026-01-28,73.75120544433594,17.590110778808594,1.8142834486667847,0,,,,,0,0,0.0,-1456104.4000305175,0.0,48543895.599969484,,,,
2026-01-29,73.3039321899414,17.474891662597656,1.4924919660983822,0,,,,,0,0,0.0,-1456104.4000305175,0.0,48543895.599969484,,,,
2026-01-30,72.160888671875,17.234851837158203,1.2546717960371108,0,,,,,0,0,0.0,-1456104.4000305175,0.0,48543895.599969484,,,,
2026-01-31,72.160888671875,17.234851837158203,1.1316064888138206,0,,,,,0,0,0.0,-1456104.4000305175,0.0,48543895.599969484,,,,
2026-02-01,72.160888671875,17.234851837158203,1.0236940370572503,0,,,,,0,0,0.0,-1456104.4000305175,0.0,48543895.599969484,,,,
2026-02-02,71.06754302978516,16.956405639648438,0.697329373944203,0,,,,,0,0,0.0,-1456104.4000305175,0.0,48543895.599969484,,,,
2026-02-03,72.5087661743164,17.580509185791016,1.6638869639479272,0,,,,,0,0,0.0,-1456104.4000305175,0.0,48543895.599969484,,,,
2026-02-04,72.45907592773438,17.839752197265625,2.0782438519009703,0,,,,,0,0,0.0,-1456104.4000305175,0.0,48543895.599969484,,,,
2026-02-05,71.56451416015625,17.417282104492188,1.2314684093342343,0,,,,,0,0,0.0,-1456104.4000305175,0.0,48543895.599969484,,,,
2026-02-06,71.46512603759766,17.110031127929688,0.3705016645992779,0,,,,,0,0,0.0,-1456104.4000305175,0.0,48543895.599969484,,,,
2026-02-07,71.46512603759766,17.110031127929688,0.30199343755780966,0,,,,,0,0,0.0,-1456104.4000305175,0.0,48543895.599969484,,,,
2026-02-08,71.46512603759766,17.110031127929688,0.20844192883710055,0,,,,,0,0,0.0,-1456104.4000305175,0.0,48543895.599969484,,,,
2026-02-09,73.50271606445312,17.60931396484375,0.5378113824707643,0,,,,,0,0,0.0,-1456104.4000305175,0.0,48543895.599969484,,,,
2026-02-10,75.04335021972656,17.91656494140625,0.5728551500733371,0,,,,,0,0,0.0,-1456104.4000305175,0.0,48543895.599969484,,,,
2026-02-11,76.73306274414062,18.12779998779297,-0.07809198103435418,0,,,,,0,0,0.0,-1456104.4000305175,0.0,48543895.599969484,,,,
2026-02-12,76.73306274414062,18.12779998779297,-0.14146417695289107,0,,,,,0,0,0.0,-1456104.4000305175,0.0,48543895.599969484,,,,
2026-02-13,76.73306274414062,18.12779998779297,-0.2119834955217701,0,,,,,0,0,0.0,-1456104.4000305175,0.0,48543895.599969484,,,,
2026-02-14,76.73306274414062,18.12779998779297,-0.292591425642327,0,,,,,0,0,0.0,-1456104.4000305175,0.0,48543895.599969484,,,,
2026-02-15,76.73306274414062,18.12779998779297,-0.3547088136578546,0,,,,,0,0,0.0,-1456104.4000305175,0.0,48543895.599969484,,,,
2026-02-16,76.73306274414062,18.12779998779297,-0.3279988263756757,0,,,,,0,0,0.0,-1456104.4000305175,0.0,48543895.599969484,,,,
2026-02-17,76.73306274414062,18.12779998779297,-0.3194797557509624,0,,,,,0,0,0.0,-1456104.4000305175,0.0,48543895.599969484,,,,
2026-02-18,76.73306274414062,18.12779998779297,-0.3229032304910397,0,,,,,0,0,0.0,-1456104.4000305175,0.0,48543895.599969484,,,,
2026-02-19,76.73306274414062,18.12779998779297,-0.3367298178691309,0,,,,,0,0,0.0,-1456104.4000305175,0.0,48543895.599969484,,,,
2026-02-20,76.73306274414062,18.12779998779297,-0.35077936314220803,0,,,,,0,0,0.0,-1456104.4000305175,0.0,48543895.599969484,,,,
2026-02-21,76.73306274414062,18.12779998779297,-0.36506492461096646,0,,,,,0,0,0.0,-1456104.4000305175,0.0,48543895.599969484,,,,
2026-02-22,76.73306274414062,18.12779998779297,-0.4162580066835501,0,,,,,0,0,0.0,-1456104.4000305175,0.0,48543895.599969484,,,,
2026-02-23,76.93185424804688,18.233417510986328,0.1603713585245754,0,,,,,0,0,0.0,-1456104.4000305175,0.0,48543895.599969484,,,,
2026-02-24,78.91976165771484,18.56947326660156,0.11171984724345396,0,,,,,0,0,0.0,-1456104.4000305175,0.0,48543895.599969484,,,,
2026-02-25,80.6094741821289,19.222381591796875,3.867931947414797,0,,,,,0,0,0.0,-1456104.4000305175,0.0,48543895.599969484,,,,
2026-02-26,80.65917205810547,19.39521026611328,3.3591241593545282,0,,,,,0,0,0.0,-1456104.4000305175,0.0,48543895.599969484,,,,
2026-02-27,80.65917205810547,19.39521026611328,2.5526534184634744,0,,,,,0,0,0.0,-1456104.4000305175,0.0,48543895.599969484,,,,
2026-02-28,80.65917205810547,19.39521026611328,2.1033755687844686,0,,,,,0,0,0.0,-1456104.4000305175,0.0,48543895.599969484,,,,
2026-03-01,80.65917205810547,19.39521026611328,1.8042898120490858,0,,,,,0,0,0.0,-1456104.4000305175,0.0,48543895.599969484,,,,
2026-03-02,79.864013671875,19.28959274291992,1.7330794806553922,0,,,,,0,0,0.0,-1456104.4000305175,0.0,48543895.599969484,,,,
2026-03-03,78.27368927001953,19.011144638061523,1.5900021394221118,0,,,,,0,0,0.0,-1456104.4000305175,0.0,48543895.599969484,,,,
2026-03-04,75.14273834228516,17.887760162353516,-0.5199810978260634,0,,,,,0,0,0.0,-1456104.4000305175,0.0,48543895.599969484,,,,
2026-03-05,76.93185424804688,18.72309875488281,1.2953756269334205,0,,,,,0,0,0.0,-1456104.4000305175,0.0,48543895.599969484,,,,
2026-03-06,76.38517761230469,18.991943359375,2.208958259899323,0,,,,,0,0,0.0,-1456104.4000305175,0.0,48543895.599969484,,,,
2026-03-07,76.38517761230469,18.991943359375,1.8826434614087286,0,,,,,0,0,0.0,-1456104.4000305175,0.0,48543895.599969484,,,,
2026-03-08,76.38517761230469,18.991943359375,1.6465706094503532,0,,,,,0,0,0.0,-1456104.4000305175,0.0,48543895.599969484,,,,
2026-03-09,73.15483856201172,17.62851905822754,-0.5698059340875944,0,,,,,0,0,0.0,-1456104.4000305175,0.0,48543895.599969484,,,,
2026-03-10,74.74515533447266,18.243019104003903,0.29644170005051884,0,,,,,0,0,0.0,-1456104.4000305175,0.0,48543895.599969484,,,,
2026-03-11,77.72701263427734,19.251184463500977,1.4781856351603382,0,,,,,0,0,0.0,-1456104.4000305175,0.0,48543895.599969484,,,,
2026-03-12,76.1366958618164,19.35680389404297,2.2188711406785013,0,,,,,0,0,0.0,-1456104.4000305175,0.0,48543895.599969484,,,,
2026-03-13,75.4906234741211,19.424015045166016,2.2494419920469366,0,,,,,0,0,0.0,-1456104.4000305175,0.0,48543895.599969484,,,,
2026-03-14,75.4906234741211,19.424015045166016,1.9440693229825041,0,,,,,0,0,0.0,-1456104.4000305175,0.0,48543895.599969484,,,,
2026-03-15,75.4906234741211,19.424015045166016,1.7138908779366517,0,,,,,0,0,0.0,-1456104.4000305175,0.0,48543895.599969484,,,,
2026-03-16,75.14273834228516,19.462421417236328,1.7241107571597438,0,,,,,0,0,0.0,-1456104.4000305175,0.0,48543895.599969484,,,,
2026-03-17,76.18639373779297,19.942611694335938,1.961369101269538,0,,,,,0,0,0.0,-1456104.4000305175,0.0,48543895.599969484,,,,
2026-03-18,77.32943725585938,20.49140167236328,2.13290453792131,0,,,,,0,0,0.0,-1456104.4000305175,0.0,48543895.599969484,,,,
2026-03-19,75.54032135009766,20.618799209594727,2.318739599382156,0,,,,,0,0,0.0,-1456104.4000305175,0.0,48543895.599969484,,,,
2026-03-20,75.44092559814453,20.599199295043945,1.9538262921652365,0,,,,,0,0,0.0,-1456104.4000305175,0.0,48543895.599969484,,,,
2026-03-21,75.44092559814453,20.599199295043945,1.6970456355664396,0,,,,,0,0,0.0,-1456104.4000305175,0.0,48543895.599969484,,,,
2026-03-22,75.44092559814453,20.599199295043945,1.4996575594061594,0,,,,,0,0,0.0,-1456104.4000305175,0.0,48543895.599969484,,,,
2026-03-23,73.80091094970703,19.932811737060547,0.9839942065258518,0,,,,,0,0,0.0,-1456104.4000305175,0.0,48543895.599969484,,,,
2026-03-24,73.95000457763672,19.609418869018555,0.5059844074711186,0,,,,,0,0,0.0,-1456104.4000305175,0.0,48543895.599969484,,,,
2026-03-25,75.7391128540039,20.45220375061035,1.028912195940815,0,,,,,0,0,0.0,-1456104.4000305175,0.0,48543895.599969484,,,,
2026-03-26,75.34153747558594,20.501201629638672,1.0700678153942997,0,,,,,0,0,0.0,-1456104.4000305175,0.0,48543895.599969484,,,,
2026-03-27,74.54637145996094,20.42280387878418,1.048473899426823,0,,,,,0,0,0.0,-1456104.4000305175,0.0,48543895.599969484,,,,
2026-03-28,74.54637145996094,20.42280387878418,0.950545667002874,0,,,,,0,0,0.0,-1456104.4000305175,0.0,48543895.599969484,,,,
2026-03-29,74.54637145996094,20.42280387878418,0.9110173817713455,0,,,,,0,0,0.0,-1456104.4000305175,0.0,48543895.599969484,,,,
2026-03-30,73.4530258178711,20.040611267089844,0.5962185446297782,0,,,,,0,0,0.0,-1456104.4000305175,0.0,48543895.599969484,,,,
2026-03-31,71.91239929199219,19.090028762817383,-0.7168799244351662,0,,,,,0,0,0.0,-1456104.4000305175,0.0,48543895.599969484,,,,
2026-04-01,74.99364471435547,20.24640655517578,0.3454481547697983,0,,,,,0,0,0.0,-1456104.4000305175,0.0,48543895.599969484,,,,
2026-04-02,73.50271606445312,19.81521415710449,-0.06965102698101648,0,,,,,0,0,0.0,-1456104.4000305175,0.0,48543895.599969484,,,,
2026-04-03,73.50271606445312,19.81521415710449,-0.1770593778210824,0,,,,,0,0,0.0,-1456104.4000305175,0.0,48543895.599969484,,,,
2026-04-04,73.50271606445312,19.81521415710449,-0.32090919365523124,0,,,,,0,0,0.0,-1456104.4000305175,0.0,48543895.599969484,,,,
2026-04-05,73.50271606445312,19.81521415710449,-0.49867010971047593,0,,,,,0,0,0.0,-1456104.4000305175,0.0,48543895.599969484,,,,
2026-04-06,73.50271606445312,19.81521415710449,-0.6219743650628974,0,,,,,0,0,0.0,-1456104.4000305175,0.0,48543895.599969484,,,,
2026-04-07,74.84455871582031,20.32480430603028,0.3372065273729197,0,,,,,0,0,0.0,-1456104.4000305175,0.0,48543895.599969484,,,,
2026-04-08,78.72096252441406,21.755577087402344,2.514908451558111,0,,,,,0,0,0.0,-1456104.4000305175,0.0,48543895.599969484,,,,
2026-04-09,78.67127227783203,22.12796974182129,2.7814996004243513,0,,,,,0,0,0.0,-1456104.4000305175,0.0,48543895.599969484,,,,
2026-04-10,80.2615966796875,22.66695785522461,2.587074170929907,0,,,,,0,0,0.0,-1456104.4000305175,0.0,48543895.599969484,,,,
2026-04-11,80.2615966796875,22.66695785522461,2.1374075079398853,0,,,,,0,0,0.0,-1456104.4000305175,0.0,48543895.599969484,,,,
2026-04-12,80.2615966796875,22.66695785522461,1.8241389633019263,0,,,,,0,0,0.0,-1456104.4000305175,0.0,48543895.599969484,,,,
2026-04-13,80.11249542236328,22.56896209716797,1.5226049845243788,0,,,,,0,0,0.0,-1456104.4000305175,0.0,48543895.599969484,,,,
2026-04-14,82.59738159179688,23.14715003967285,1.4944659355456005,0,,,,,0,0,0.0,-1456104.4000305175,0.0,48543895.599969484,,,,
2026-04-15,83.64102935791016,23.813535690307617,1.8540970904158227,0,,,,,0,0,0.0,-1456104.4000305175,0.0,48543895.599969484,,,,
2026-04-16,84.48588562011719,24.56812286376953,2.1534587910215186,0,,,,,0,0,0.0,-1456104.4000305175,0.0,48543895.599969484,,,,
2026-04-17,83.64102935791016,24.597522735595703,1.981133492298298,0,,,,,0,0,0.0,-1456104.4000305175,0.0,48543895.599969484,,,,
2026-04-18,83.64102935791016,24.597522735595703,1.711645904716295,0,,,,,0,0,0.0,-1456104.4000305175,0.0,48543895.599969484,,,,
2026-04-19,83.64102935791016,24.597522735595703,1.508864055946176,0,,,,,0,0,0.0,-1456104.4000305175,0.0,48543895.599969484,,,,
2026-04-20,84.03861236572266,25.459903717041016,1.9195288623877342,0,,,,,0,0,0.0,-1456104.4000305175,0.0,48543895.599969484,,,,
2026-04-21,85.4798355102539,25.871496200561523,1.7670099393093608,0,,,,,0,0,0.0,-1456104.4000305175,0.0,48543895.599969484,,,,
2026-04-22,85.82772064208984,26.41048812866211,1.8542942728509324,0,,,,,0,0,0.0,-1456104.4000305175,0.0,48543895.599969484,,,,
2026-04-23,85.82772064208984,26.087093353271484,1.4512598936351357,0,,,,,0,0,0.0,-1456104.4000305175,0.0,48543895.599969484,,,,
2026-04-24,89.40594482421875,27.24346923828125,1.6171408895351913,0,,,,,0,0,0.0,-1456104.4000305175,0.0,48543895.599969484,,,,
2026-04-25,89.40594482421875,27.24346923828125,1.4732880610979846,0,,,,,0,0,0.0,-1456104.4000305175,0.0,48543895.599969484,,,,
2026-04-26,89.40594482421875,27.24346923828125,1.3655244034160652,0,,,,,0,0,0.0,-1456104.4000305175,0.0,48543895.599969484,,,,
2026-04-27,92.4375,27.34146881103516,0.9343362111645097,0,,,,,0,0,0.0,-1456104.4000305175,0.0,48543895.599969484,,,,
2026-04-28,91.44355010986328,27.25326919555664,0.9288422597283388,0,,,,,0,0,0.0,-1456104.4000305175,0.0,48543895.599969484,,,,
2026-04-29,90.20111083984376,27.18467140197754,0.9762697889837642,0,,,,,0,0,0.0,-1456104.4000305175,0.0,48543895.599969484,,,,
2026-04-30,89.95262145996094,27.7138614654541,1.3460502829896097,0,,,,,0,0,0.0,-1456104.4000305175,0.0,48543895.599969484,,,,
2026-05-01,89.95262145996094,27.7138614654541,1.2323798151051115,0,,,,,0,0,0.0,-1456104.4000305175,0.0,48543895.599969484,,,,
2026-05-02,89.95262145996094,27.7138614654541,1.1412102221032052,0,,,,,0,0,0.0,-1456104.4000305175,0.0,48543895.599969484,,,,
2026-05-03,89.95262145996094,27.7138614654541,1.0796509241391845,0,,,,,0,0,0.0,-1456104.4000305175,0.0,48543895.599969484,,,,
2026-05-04,94.02782440185548,29.036834716796875,1.604994086453057,0,,,,,0,0,0.0,-1456104.4000305175,0.0,48543895.599969484,,,,
2026-05-05,94.02782440185548,28.870237350463867,1.3571211047806158,0,,,,,0,0,0.0,-1456104.4000305175,0.0,48543895.599969484,,,,
2026-05-06,95.17086791992188,28.713441848754883,0.8180090063472433,0,,,,,0,0,0.0,-1456104.4000305175,0.0,48543895.599969484,,,,
2026-05-07,97.10906982421876,28.987836837768555,0.6243363028071273,0,,,,,0,0,0.0,-1456104.4000305175,0.0,48543895.599969484,,,,
2026-05-08,96.4133071899414,28.331249237060547,-0.304439403929822,0,,,,,0,0,0.0,-1456104.4000305175,0.0,48543895.599969484,,,,
2026-05-09,96.4133071899414,28.331249237060547,-0.52937759413886,0,,,,,0,0,0.0,-1456104.4000305175,0.0,48543895.599969484,,,,
2026-05-10,96.4133071899414,28.331249237060547,-0.6372725936057148,0,,,,,0,0,0.0,-1456104.4000305175,0.0,48543895.599969484,,,,
2026-05-11,96.31391143798828,29.09563446044922,1.1172149544360161,0,,,,,0,0,0.0,-1456104.4000305175,0.0,48543895.599969484,,,,
2026-05-12,96.26421356201172,29.37002754211425,1.5881095461198265,0,,,,,0,0,0.0,-1456104.4000305175,0.0,48543895.599969484,,,,
2026-05-13,94.92237854003906,28.6938419342041,0.5338368711982349,0,,,,,0,0,0.0,-1456104.4000305175,0.0,48543895.599969484,,,,
2026-05-14,95.46905517578124,28.85063934326172,0.6063440114437743,0,,,,,0,0,0.0,-1456104.4000305175,0.0,48543895.599969484,,,,
2026-05-15,94.82298278808594,27.851058959960938,-1.406384874103224,0,,,,,0,0,0.0,-1456104.4000305175,0.0,48543895.599969484,,,,
2026-05-16,94.82298278808594,27.851058959960938,-1.3012704970858568,0,,,,,0,0,0.0,-1456104.4000305175,0.0,48543895.599969484,,,,
2026-05-17,94.82298278808594,27.851058959960938,-1.3211301252997256,0,,,,,0,0,0.0,-1456104.4000305175,0.0,48543895.599969484,,,,
2026-05-18,94.32601165771484,27.67466163635254,-1.4653649869276089,0,,,,,0,0,0.0,-1456104.4000305175,0.0,48543895.599969484,,,,
2026-05-19,92.53689575195312,26.93967628479004,-2.0302333213973633,0,,,,,0,0,0.0,-1456104.4000305175,0.0,48543895.599969484,,,,
2026-05-20,91.94052124023438,26.68488121032715,-1.9431970539466399,0,,,,,0,0,0.0,-1456104.4000305175,0.0,48543895.599969484,,,,
2026-05-21,95.270263671875,28.282251358032227,-0.19793429137303006,0,,,,,0,0,0.0,-1456104.4000305175,0.0,48543895.599969484,,,,
2026-05-22,96.71149444580078,29.35042953491211,1.1471095105730327,0,,,,,0,0,0.0,-1456104.4000305175,0.0,48543895.599969484,,,,
2026-05-23,96.71149444580078,29.35042953491211,1.0865267045291904,0,,,,,0,0,0.0,-1456104.4000305175,0.0,48543895.599969484,,,,
2026-05-24,96.71149444580078,29.35042953491211,1.126452712235283,0,,,,,0,0,0.0,-1456104.4000305175,0.0,48543895.599969484,,,,
2026-05-25,100.19032287597656,30.977197647094727,2.348853770087199,0,,,,,0,0,0.0,-1456104.4000305175,0.0,48543895.599969484,,,,
2026-05-26,99.49455261230467,30.859600067138672,2.0083295930341776,0,,,,,0,0,0.0,-1456104.4000305175,0.0,48543895.599969484,,,,
2026-05-27,101.92974090576172,31.3201904296875,1.7495469755901127,0,,,,,0,0,0.0,-1456104.4000305175,0.0,48543895.599969484,,,,
2026-05-28,99.8921356201172,30.10501480102539,0.684290381682288,0,,,,,0,0,0.0,-1456104.4000305175,0.0,48543895.599969484,,,,
2026-05-29,104.76250457763672,30.908599853515625,0.4939497890803353,0,,,,,0,0,0.0,-1456104.4000305175,0.0,48543895.599969484,,,,
2026-05-30,104.76250457763672,30.908599853515625,0.4374388216003622,0,,,,,0,0,0.0,-1456104.4000305175,0.0,48543895.599969484,,,,
2026-05-31,104.76250457763672,30.908599853515625,0.42200312568725207,0,,,,,0,0,0.0,-1456104.4000305175,0.0,48543895.599969484,,,,
2026-06-01,104.86189270019533,31.06539726257324,0.581884480049936,0,,,,,0,0,0.0,-1456104.4000305175,0.0,48543895.599969484,,,,
2026-06-02,105.06068420410156,30.70280265808105,0.09538062921461134,0,,,,,0,0,0.0,-1456104.4000305175,0.0,48543895.599969484,,,,
2026-06-03,106.9491958618164,31.17319297790528,0.22392015683957747,0,,,,,0,0,0.0,-1456104.4000305175,0.0,48543895.599969484,,,,
2026-06-04,105.45826721191406,30.732202529907227,-0.022603758176097385,0,,,,,0,0,0.0,-1456104.4000305175,0.0,48543895.599969484,,,,
2026-06-05,103.5200653076172,30.19321250915528,-0.2919936197255754,0,,,,,0,0,0.0,-1456104.4000305175,0.0,48543895.599969484,,,,
2026-06-06,103.5200653076172,30.19321250915528,-0.35026996231560437,0,,,,,0,0,0.0,-1456104.4000305175,0.0,48543895.599969484,,,,
2026-06-07,103.5200653076172,30.19321250915528,-0.4244667790823583,0,,,,,0,0,0.0,-1456104.4000305175,0.0,48543895.599969484,,,,
2026-06-08,100.33941650390624,29.29162979125977,-1.0164120923724362,0,,,,,0,0,0.0,-1456104.4000305175,0.0,48543895.599969484,,,,
2026-06-09,102.87399291992188,30.60480499267578,0.18152428923792743,0,,,,,0,0,0.0,-1456104.4000305175,0.0,48543895.599969484,,,,
2026-06-10,99.64364624023438,29.29162979125977,-1.2702835487015802,0,,,,,0,0,0.0,-1456104.4000305175,0.0,48543895.599969484,,,,
2026-06-11,99.2460708618164,29.115232467651367,-1.3339242451587547,0,,,,,0,0,0.0,-1456104.4000305175,0.0,48543895.599969484,,,,
2026-06-12,101.33336639404295,29.987417221069336,-0.38213228827130363,0,,,,,0,0,0.0,-1456104.4000305175,0.0,48543895.599969484,,,,
2026-06-13,101.33336639404295,29.987417221069336,-0.3586301613662296,0,,,,,0,0,0.0,-1456104.4000305175,0.0,48543895.599969484,,,,
2026-06-14,101.33336639404295,29.987417221069336,-0.2731297051345379,0,,,,,0,0,0.0,-1456104.4000305175,0.0,48543895.599969484,,,,
2026-06-15,104.61341094970705,30.84000015258789,0.40895953315065137,0,,,,,0,0,0.0,-1456104.4000305175,0.0,48543895.599969484,,,,
2026-06-16,105.2594757080078,30.81999969482422,0.2627867582223578,0,,,,,0,0,0.0,-1456104.4000305175,0.0,48543895.599969484,,,,
2026-06-17,105.35887145996094,30.8799991607666,0.47536168239478227,0,,,,,0,0,0.0,-1456104.4000305175,0.0,48543895.599969484,,,,
2026-06-18,106.65100860595705,31.5,1.7265879827536499,0,,,,,0,0,0.0,-1456104.4000305175,0.0,48543895.599969484,,,,
2026-06-19,106.65100860595705,31.5,1.5975636652140188,0,,,,,0,0,0.0,-1456104.4000305175,0.0,48543895.599969484,,,,
2026-06-20,106.65100860595705,31.5,1.4871137553807752,0,,,,,0,0,0.0,-1456104.4000305175,0.0,48543895.599969484,,,,
2026-06-21,106.65100860595705,31.5,1.440527629819788,0,,,,,0,0,0.0,-1456104.4000305175,0.0,48543895.599969484,,,,
2026-06-22,110.47772216796876,32.22999954223633,1.3266718271561462,0,,,,,0,0,0.0,-1456104.4000305175,0.0,48543895.599969484,,,,
2026-06-23,109.43407440185548,31.600000381469727,0.053609137128658065,0,,,,,0,0,0.0,-1456104.4000305175,0.0,48543895.599969484,,,,
2026-06-24,106.50191497802734,31.479999542236328,1.195656743361694,0,,,,,0,0,0.0,-1456104.4000305175,0.0,48543895.599969484,,,,
2026-06-25,106.5516128540039,31.5,1.1058848831278563,0,,,,,0,0,0.0,-1456104.4000305175,0.0,48543895.599969484,,,,
2026-06-26,102.47640991210938,29.90999984741211,-1.1729916212306293,0,,,,,0,0,0.0,-1456104.4000305175,0.0,48543895.599969484,,,,
2026-06-27,102.47640991210938,29.90999984741211,-1.1458721415454505,0,,,,,0,0,0.0,-1456104.4000305175,0.0,48543895.599969484,,,,
2026-06-28,102.47640991210938,29.90999984741211,-1.2325878579049765,0,,,,,0,0,0.0,-1456104.4000305175,0.0,48543895.599969484,,,,
2026-06-29,103.81824493408205,29.940000534057617,-1.6267808243047797,0,,,,,0,0,0.0,-1456104.4000305175,0.0,48543895.599969484,,,,
2026-06-30,107.14798736572266,31.280000686645508,0.20661892598291348,0,,,,,0,0,0.0,-1456104.4000305175,0.0,48543895.599969484,,,,
2026-07-01,108.68860626220705,32.0,1.297789562407739,0,,,,,0,0,0.0,-1456104.4000305175,0.0,48543895.599969484,,,,
2026-07-02,108.14193725585938,32.04999923706055,1.528538493868517,0,,,,,0,0,0.0,-1456104.4000305175,0.0,48543895.599969484,,,,
2026-07-03,107.69465637207033,32.2599983215332,1.955604580459354,0,,,,,0,0,0.0,-1456104.4000305175,0.0,48543895.599969484,,,,
2026-07-04,107.69465637207033,32.2599983215332,1.6941820926478668,0,,,,,0,0,0.0,-1456104.4000305175,0.0,48543895.599969484,,,,
2026-07-05,107.69465637207033,32.2599983215332,1.4981394979735905,0,,,,,0,0,0.0,-1456104.4000305175,0.0,48543895.599969484,,,,
2026-07-06,107.5952606201172,31.200000762939453,-0.699361328150469,0,,,,,0,0,0.0,-1456104.4000305175,0.0,48543895.599969484,,,,
2026-07-07,105.55765533447266,29.84000015258789,-2.257918664533196,0,,,,,0,0,0.0,-1456104.4000305175,0.0,48543895.599969484,,,,
2026-07-08,105.4085693359375,29.75,-1.9821957622155335,0,,,,,0,0,0.0,-1456104.4000305175,0.0,48543895.599969484,,,,
2026-07-09,105.16008758544922,29.950000762939453,-1.4100652746896052,0,,,,,0,0,0.0,-1456104.4000305175,0.0,48543895.599969484,,,,
2026-07-10,105.16008758544922,29.950000762939453,-1.2636819271367754,0,,,,,0,0,0.0,-1456104.4000305175,0.0,48543895.599969484,,,,
2026-07-11,105.16008758544922,29.950000762939453,-1.1391902555314686,0,,,,,0,0,0.0,-1456104.4000305175,0.0,48543895.599969484,,,,
2026-07-12,105.16008758544922,29.950000762939453,-1.0302580483983987,0,,,,,0,0,0.0,-1456104.4000305175,0.0,48543895.599969484,,,,
2026-07-13,105.35887145996094,29.350000381469727,-1.6695933473951374,0,,,,,0,0,0.0,-1456104.4000305175,0.0,48543895.599969484,,,,
2026-07-14,103.76854705810548,28.39999961853028,-2.0768578331368923,0,,,,,0,0,0.0,-1456104.4000305175,0.0,48543895.599969484,,,,
2026-07-15,105.65705871582033,29.3799991607666,-1.2262897230038423,0,,,,,0,0,0.0,-1456104.4000305175,0.0,48543895.599969484,,,,
2026-07-16,105.75645446777344,28.950000762939453,-1.5279789339610166,0,,,,,0,0,0.0,-1456104.4000305175,0.0,48543895.599969484,,,,
2026-07-17,99.54425811767578,26.43000030517578,-2.3266220509573907,0,,,,,0,0,0.0,-1456104.4000305175,0.0,48543895.599969484,,,,
2026-07-18,99.54425811767578,26.43000030517578,-1.955234365927043,0,,,,,0,0,0.0,-1456104.4000305175,0.0,48543895.599969484,,,,
2026-07-19,99.54425811767578,26.43000030517578,-1.697460387350563,0,,,,,0,0,0.0,-1456104.4000305175,0.0,48543895.599969484,,,,
2026-07-20,98.5999984741211,25.89999961853028,-1.688842457241227,0,,,,,0,0,0.0,-1456104.4000305175,0.0,48543895.599969484,,,,
2026-07-21,102.5,27.71999931335449,-0.8793894756627773,0,,,,,0,0,0.0,-1456104.4000305175,0.0,48543895.599969484,,,,
2026-07-22,103.8499984741211,28.5,-0.45613163800156575,0,,,,,0,0,0.0,-1456104.4000305175,0.0,48543895.599969484,,,,
2026-07-23,103.9000015258789,28.690000534057617,-0.25025064196016317,0,,,,,0,0,0.0,-1456104.4000305175,0.0,48543895.599969484,,,,
2026-07-24,101.6999969482422,27.540000915527344,-0.7398209162535149,0,,,,,0,0,0.0,-1456104.4000305175,0.0,48543895.599969484,,,,
2026-07-25,101.6999969482422,27.540000915527344,-0.6870069399701757,0,,,,,0,0,0.0,-1456104.4000305175,0.0,48543895.599969484,,,,
2026-07-26,101.6999969482422,27.540000915527344,-0.6143978707681133,0,,,,,0,0,0.0,-1456104.4000305175,0.0,48543895.599969484,,,,
2026-07-27,101.4499969482422,27.530000686645508,-0.506183591486913,0,,,,,0,0,0.0,-1456104.4000305175,0.0,48543895.599969484,,,,
2026-07-28,97.1500015258789,25.450000762939453,-1.6549369507922216,0,,,,,0,0,0.0,-1456104.4000305175,0.0,48543895.599969484,,,,
2026-07-29,93.6999969482422,23.850000381469727,-2.209990577798133,0,,,,,0,0,0.0,-1456104.4000305175,0.0,48543895.599969484,,,,
2026-07-30,93.5,23.76000022888184,-1.9623743679650942,0,,,,,0,0,0.0,-1456104.4000305175,0.0,48543895.599969484,,,,
2026-07-31,102.8499984741211,26.1299991607666,-1.3006470627556546,0,,,,,0,0,0.0,-1456104.4000305175,0.0,48543895.599969484,,,,
2026-08-01,102.8499984741211,26.1299991607666,-1.2111298505824701,0,,,,,0,0,0.0,-1456104.4000305175,0.0,48543895.599969484,,,,
2026-08-02,102.8499984741211,26.1299991607666,-1.1067593079915483,0,,,,,0,0,0.0,-1456104.4000305175,0.0,48543895.599969484,,,,
2026-08-03,102.0,27.11000061035156,0.06945948517389658,0,,,,,0,0,0.0,-1456104.4000305175,0.0,48543895.599969484,,,,
2026-08-04,100.6500015258789,27.57999992370605,0.9017839088017863,0,,,,,0,0,0.0,-1456104.4000305175,0.0,48543895.599969484,,,,
2026-08-05,103.8000030517578,28.459999084472656,1.230772385433204,0,,,,,0,0,0.0,-1456104.4000305175,0.0,48543895.599969484,,,,
2026-08-06,103.3000030517578,28.84000015258789,1.5420728594750048,0,,,,,0,0,0.0,-1456104.4000305175,0.0,48543895.599969484,,,,
2026-08-07,102.8499984741211,28.030000686645508,0.7444615129289904,0,,,,,0,0,0.0,-1456104.4000305175,0.0,48543895.599969484,,,,
2026-08-08,102.8499984741211,28.030000686645508,0.6873531688987297,0,,,,,0,0,0.0,-1456104.4000305175,0.0,48543895.599969484,,,,
2026-08-09,102.8499984741211,28.030000686645508,0.6216635549929118,0,,,,,0,0,0.0,-1456104.4000305175,0.0,48543895.599969484,,,,
2026-08-10,104.25,28.530000686645508,0.8200524701750025,0,,,,,0,0,0.0,-1456104.4000305175,0.0,48543895.599969484,,,,
2026-08-11,104.5999984741211,28.729999542236328,0.9427111610512993,0,,,,,0,0,0.0,-1456104.4000305175,0.0,48543895.599969484,,,,
2026-08-12,105.1999969482422,29.34000015258789,1.3716430044417482,0,,,,,0,0,0.0,-1456104.4000305175,0.0,48543895.599969484,,,,
2026-08-13,106.6999969482422,29.950000762939453,1.5109770025643952,0,,,,,0,0,0.0,-1456104.4000305175,0.0,48543895.599969484,,,,
2026-08-14,106.4000015258789,30.21999931335449,1.596599190365715,0,,,,,0,0,0.0,-1456104.4000305175,0.0,48543895.599969484,,,,
2026-08-15,106.4000015258789,30.21999931335449,1.4338242200178235,0,,,,,0,0,0.0,-1456104.4000305175,0.0,48543895.599969484,,,,
2026-08-16,106.4000015258789,30.21999931335449,1.3002332353362638,0,,,,,0,0,0.0,-1456104.4000305175,0.0,48543895.599969484,,,,
2026-08-17,106.4499969482422,30.38999938964844,1.2726414555066312,0,,,,,0,0,0.0,-1456104.4000305175,0.0,48543895.599969484,,,,
2026-08-18,104.9000015258789,29.61000061035156,0.8442270031331676,0,,,,,0,0,0.0,-1456104.4000305175,0.0,48543895.599969484,,,,
2026-08-19,103.0999984741211,29.059999465942383,0.6134517228106704,0,,,,,0,0,0.0,-1456104.4000305175,0.0,48543895.599969484,,,,
2026-08-20,103.8000030517578,29.25,0.5936219495074424,0,,,,,0,0,0.0,-1456104.4000305175,0.0,48543895.599969484,,,,
2026-08-21,104.6500015258789,28.71999931335449,-0.21228407349105688,0,,,,,0,0,0.0,-1456104.4000305175,0.0,48543895.599969484,,,,
2026-08-22,104.6500015258789,28.71999931335449,-0.44582216109464146,0,,,,,0,0,0.0,-1456104.4000305175,0.0,48543895.599969484,,,,
2026-08-23,104.6500015258789,28.71999931335449,-0.6019654556726148,0,,,,,0,0,0.0,-1456104.4000305175,0.0,48543895.599969484,,,,
2026-08-24,103.8000030517578,28.46999931335449,-0.8023835130742943,0,,,,,0,0,0.0,-1456104.4000305175,0.0,48543895.599969484,,,,
2026-08-25,104.4000015258789,28.770000457763672,-0.4991828587911088,0,,,,,0,0,0.0,-1456104.4000305175,0.0,48543895.599969484,,,,
2026-08-26,105.9000015258789,29.440000534057617,0.17549102653149115,0,,,,,0,0,0.0,-1456104.4000305175,0.0,48543895.599969484,,,,
2026-08-27,106.0500030517578,29.520000457763672,0.19776543967865648,0,,,,,0,0,0.0,-1456104.4000305175,0.0,48543895.599969484,,,,
2026-08-28,106.9499969482422,30.09000015258789,0.853995501488422,0,,,,,0,0,0.0,-1456104.4000305175,0.0,48543895.599969484,,,,
2026-08-29,106.9499969482422,30.09000015258789,0.7769487822676174,0,,,,,0,0,0.0,-1456104.4000305175,0.0,48543895.599969484,,,,
2026-08-30,106.9499969482422,30.09000015258789,0.6978659593666083,0,,,,,0,0,0.0,-1456104.4000305175,0.0,48543895.599969484,,,,
2026-08-31,106.25,29.39999961853028,-0.5558648645091611,0,,,,,0,0,0.0,-1456104.4000305175,0.0,48543895.599969484,,,,
2026-09-01,108.4499969482422,30.3700008392334,0.6284254027307031,0,,,,,0,0,0.0,-1456104.4000305175,0.0,48543895.599969484,,,,
2026-09-02,106.8000030517578,29.729999542236328,-0.07205211056415212,0,,,,,0,0,0.0,-1456104.4000305175,0.0,48543895.599969484,,,,
2026-09-03,106.1999969482422,29.1299991607666,-1.0427190189632842,0,,,,,0,0,0.0,-1456104.4000305175,0.0,48543895.599969484,,,,
2026-09-04,107.9000015258789,29.770000457763672,-0.2574977668269806,0,,,,,0,0,0.0,-1456104.4000305175,0.0,48543895.599969484,,,,
2026-09-05,107.9000015258789,29.770000457763672,-0.1827480290883838,0,,,,,0,0,0.0,-1456104.4000305175,0.0,48543895.599969484,,,,
2026-09-06,107.9000015258789,29.770000457763672,-0.08168094405747942,0,,,,,0,0,0.0,-1456104.4000305175,0.0,48543895.599969484,,,,
2026-09-07,109.9000015258789,30.1200008392334,-0.09676043784253392,0,,,,,0,0,0.0,-1456104.4000305175,0.0,48543895.599969484,,,,
2026-09-08,109.6500015258789,29.729999542236328,-0.9990526544026825,0,,,,,0,0,0.0,-1456104.4000305175,0.0,48543895.599969484,,,,
2026-09-09,109.6500015258789,29.920000076293945,-0.3970984247582173,0,,,,,0,0,0.0,-1456104.4000305175,0.0,48543895.599969484,,,,
2026-09-10,109.1500015258789,29.88999938964844,-0.26804301000638703,0,,,,,0,0,0.0,-1456104.4000305175,0.0,48543895.599969484,,,,
2026-09-11,107.6999969482422,29.440000534057617,-0.8463873180092419,0,,,,,0,0,0.0,-1456104.4000305175,0.0,48543895.599969484,,,,
2026-09-12,107.6999969482422,29.440000534057617,-0.8925829080866723,0,,,,,0,0,0.0,-1456104.4000305175,0.0,48543895.599969484,,,,
2026-09-13,107.6999969482422,29.440000534057617,-0.9817511769880222,0,,,,,0,0,0.0,-1456104.4000305175,0.0,48543895.599969484,,,,
2026-09-14,106.0500030517578,28.8799991607666,-1.7000228591477118,0,,,,,0,0,0.0,-1456104.4000305175,0.0,48543895.599969484,,,,
