日期,NQ=F價,NIY=F價,Z-Score,持倉,Upper_Bound,Lower_Bound,Exit_Upper,Exit_Lower,NQ=F口數,NIY=F口數,未實現損益,累計已實現損益,凍結保證金,帳戶淨值,動作,Beta,OU_HalfLife,OU_R2
2020-01-03,8810.0,23275.0,-4.248529157249606,1,,,,,8,3,0.0,-5942.200000000001,37882350.0,49994057.8,[網格1] 開倉: 做空NQ=F(小納斯達克) 8口 / 做多NIY=F(日經225) 3口 ,,,
2020-01-04,8810.0,23275.0,-2.9240383034426745,1,,,,,8,3,0.0,-5942.200000000001,37882350.0,49994057.8,,,,
2020-01-05,8810.0,23275.0,-2.3202011407059713,1,,,,,8,3,0.0,-5942.200000000001,37882350.0,49994057.8,,,,
2020-01-06,8847.5,23360.0,-1.7905463444187224,1,,,,,8,3,-90000.0,-5942.200000000001,38032200.0,49904057.8,,,,
2020-01-07,8853.0,23390.0,-1.411139799465779,1,,,,,8,3,2000.0,-5942.200000000001,38068380.0,49996057.8,,,,
2020-01-08,8944.5,23560.0,-1.1445328101660661,1,,,,,8,3,-442000.0,-5942.200000000001,38403720.0,49552057.8,,,,
2020-01-09,9009.0,23780.0,-0.11493302403725668,1,,,,,8,3,-154000.0,-5942.200000000001,38721240.0,49840057.8,,,,
2020-01-10,8978.25,23670.0,-0.5751671055286531,1,,,,,8,3,-322000.0,-5942.200000000001,38565720.0,49672057.8,,,,
2020-01-11,8978.25,23670.0,-0.513259567684457,1,,,,,8,3,-322000.0,-5942.200000000001,38565720.0,49672057.8,,,,
2020-01-12,8978.25,23670.0,-0.4524918907959385,1,,,,,8,3,-322000.0,-5942.200000000001,38565720.0,49672057.8,,,,
2020-01-13,9088.25,23935.0,0.31796731078532203,1,,,,,0,0,0.0,-504052.64,0.0,49495947.36,"[網格1] 停利平倉: 做多配對, 損益=-498,110 ",,,
2020-01-14,9062.5,23980.0,1.1317809778085108,0,,,,,0,0,0.0,-504052.64,0.0,49495947.36,,,,
2020-01-15,9060.0,23930.0,0.722361001207544,0,,,,,0,0,0.0,-504052.64,0.0,49495947.36,,,,
2020-01-16,9133.5,24030.0,0.5262639093217719,0,,,,,0,0,0.0,-504052.64,0.0,49495947.36,,,,
2020-01-17,9174.5,24020.0,-0.17918519647878545,0,,,,,0,0,0.0,-504052.64,0.0,49495947.36,,,,
2020-01-18,9174.5,24020.0,-0.12001148431007176,0,,,,,0,0,0.0,-504052.64,0.0,49495947.36,,,,
2020-01-19,9174.5,24020.0,-0.057051323596555494,0,,,,,0,0,0.0,-504052.64,0.0,49495947.36,,,,
2020-01-20,9174.5,24020.0,0.011398659144615507,0,,,,,0,0,0.0,-504052.64,0.0,49495947.36,,,,
2020-01-21,9169.75,23770.0,-2.2424584263112757,1,,,,,5,2,-492000.0,-507998.19,25214962.5,49000001.81,[網格1] 開倉: 做空NQ=F(小納斯達克) 5口 / 做多NIY=F(日經225) 2口 ,,,
2020-01-22,9195.75,23845.0,-1.716807235749324,1,,,,,5,2,40000.0,-507998.19,25290562.5,49532001.81,,,,
2020-01-23,9248.25,23800.0,-2.448638731964339,1,,,,,5,2,-665000.0,-507998.19,25337137.5,48827001.81,,,,
2020-01-24,9144.5,23645.0,-1.9741204468348335,1,,,,,5,2,-247500.0,-507998.19,25113375.0,49244501.81,,,,
2020-01-25,9144.5,23645.0,-1.7475025914069362,1,,,,,5,2,-247500.0,-507998.19,25113375.0,49244501.81,,,,
2020-01-26,9144.5,23645.0,-1.5602861082529411,1,,,,,5,2,-247500.0,-507998.19,25113375.0,49244501.81,,,,
2020-01-27,8954.5,23055.0,-2.504913133244876,1,,,,,5,2,-707500.0,-507998.19,24538275.0,48784501.81,,,,
2020-01-28,9105.25,23345.0,-1.9549874882823088,1,,,,,5,2,-1055000.0,-507998.19,24898387.5,48437001.81,,,,
2020-01-29,9098.5,23260.0,-1.933540221448196,1,,,,,5,2,-1327500.0,-507998.19,24843375.0,48164501.81,,,,
2020-01-30,9216.25,23220.0,-2.318176500237946,1,,,,,5,2,-2665000.0,-507998.19,24980737.5,46827001.81,,,,
2020-01-31,8997.75,22720.0,-2.2375890230589395,1,,,,,5,2,-2480000.0,-507998.19,24415762.5,47012001.81,,,,
2020-02-01,8997.75,22720.0,-1.8967078710923064,1,,,,,5,2,-2480000.0,-507998.19,24415762.5,47012001.81,,,,
2020-02-02,8997.75,22720.0,-1.6586196753219355,1,,,,,5,2,-2480000.0,-507998.19,24415762.5,47012001.81,,,,
2020-02-03,9114.25,22880.0,-1.5627294709513184,1,,,,,5,2,-3005000.0,-507998.19,24659437.5,46487001.81,,,,
2020-02-04,9355.0,23390.0,-1.184150598103173,1,,,,,5,2,-3372500.0,-507998.19,25259850.0,46119501.81,,,,
2020-02-05,9381.5,23695.0,-0.45379551560877557,1,,,,,5,2,-2417500.0,-507998.19,25460325.0,47074501.81,,,,
2020-02-06,9455.5,23925.0,-0.10485851259319967,1,,,,,5,2,-2237500.0,-507998.19,25684425.0,47254501.81,,,,
2020-02-07,9409.5,23680.0,-0.4977680678392677,1,,,,,5,2,-2757500.0,-507998.19,25490025.0,46734501.81,,,,
2020-02-08,9409.5,23680.0,-0.4212483757332355,1,,,,,5,2,-2757500.0,-507998.19,25490025.0,46734501.81,,,,
2020-02-09,9409.5,23680.0,-0.33962578502207497,1,,,,,5,2,-2757500.0,-507998.19,25490025.0,46734501.81,,,,
2020-02-10,9527.5,23700.0,-0.8986263602023433,1,,,,,5,2,-3857500.0,-507998.19,25660125.0,45634501.81,,,,
2020-02-11,9527.25,23900.0,-0.058338486116712544,1,,,,,5,2,-3055000.0,-507998.19,25767787.5,46437001.81,,,,
2020-02-12,9625.75,23965.0,-0.4008817847438024,1,,,,,5,2,-3780000.0,-507998.19,25935862.5,45712001.81,,,,
2020-02-13,9613.0,23750.0,-1.1554541510743432,1,,,,,5,2,-4512500.0,-507998.19,25802550.0,44979501.81,,,,
2020-02-14,9632.25,23535.0,-2.0618982493642997,1,,,,,5,2,-5565000.0,-507998.19,25712437.5,43927001.81,,,,
2020-02-15,9632.25,23535.0,-1.926213386970663,1,,,,,5,2,-5565000.0,-507998.19,25712437.5,43927001.81,,,,
2020-02-16,9632.25,23535.0,-1.6946242743645135,1,,,,,5,2,-5565000.0,-507998.19,25712437.5,43927001.81,,,,
2020-02-17,9632.25,23535.0,-1.5301150668427375,1,,,,,5,2,-5565000.0,-507998.19,25712437.5,43927001.81,,,,
2020-02-18,9636.0,23190.0,-2.4796636601664446,1,,,,,5,2,-6982500.0,-507998.19,25531200.0,42509501.81,,,,
2020-02-19,9733.5,23585.0,-1.4095498678125054,1,,,,,0,0,0.0,-6889541.69,0.0,43110458.31,"[網格1] 結算平倉, 損益=-6,381,544 ",,,
2020-02-20,9624.25,23525.0,-0.8853677147908172,0,,,,,5,2,-6377500.0,-6893558.54,25696237.5,36728941.46,[網格1] 轉倉開倉 ,,,
2020-02-21,9458.0,23190.0,-0.9959494654407336,1,,,,,5,2,322500.0,-6893558.54,25290900.0,43428941.46,,,,
2020-02-22,9458.0,23190.0,-0.9200151023888793,1,,,,,5,2,322500.0,-6893558.54,25290900.0,43428941.46,,,,
2020-02-23,9458.0,23190.0,-0.8559129923822362,1,,,,,5,2,322500.0,-6893558.54,25290900.0,43428941.46,,,,
2020-02-24,9091.0,22165.0,-1.873584108299653,1,,,,,5,2,-107500.0,-6893558.54,24241950.0,42998941.46,,,,
2020-02-25,8854.25,22065.0,-0.879469776555271,1,,,,,5,2,1860000.0,-6893558.54,23868337.5,44966441.46,,,,
2020-02-26,8850.25,22205.0,-0.34819476795555104,1,,,,,5,2,2460000.0,-6893558.54,23938537.5,45566441.46,,,,
2020-02-27,8382.75,21225.0,-0.8995572620836939,1,,,,,5,2,3215000.0,-6893558.54,22778212.5,46321441.46,,,,
2020-02-28,8454.0,21015.0,-1.8254339117685525,1,,,,,5,2,1662500.0,-6893558.54,22761000.0,44768941.46,,,,
2020-02-29,8454.0,21015.0,-1.663622756984622,1,,,,,5,2,1662500.0,-6893558.54,22761000.0,44768941.46,,,,
2020-03-01,8454.0,21015.0,-1.4929349883978087,1,,,,,5,2,1662500.0,-6893558.54,22761000.0,44768941.46,,,,
2020-03-02,8791.25,21425.0,-1.8950467694923354,1,,,,,5,2,-70000.0,-6893558.54,23437687.5,43036441.46,,,,
2020-03-03,8582.5,20880.0,-2.2706418469418153,1,,,,,5,2,-162500.0,-6893558.54,22861575.0,42943941.46,,,,
2020-03-04,8896.5,21390.0,-2.0311271404993394,1,,,,,5,2,-1262500.0,-6893558.54,23560875.0,41843941.46,,,,
2020-03-05,8648.75,20790.0,-2.1539284283606945,1,,,,,5,2,-1185000.0,-6893558.54,22902412.5,41921441.46,,,,
2020-03-06,8503.25,20430.0,-2.0681800053039194,1,,,,,5,2,-1170000.0,-6893558.54,22511587.5,41936441.46,,,,
2020-03-07,8503.25,20430.0,-1.787072149453988,1,,,,,5,2,-1170000.0,-6893558.54,22511587.5,41936441.46,,,,
2020-03-08,8503.25,20430.0,-1.57759087254291,1,,,,,5,2,-1170000.0,-6893558.54,22511587.5,41936441.46,,,,
2020-03-09,7951.5,18875.0,-2.3645917641480914,1,,,,,5,2,-1872500.0,-6893558.54,20927025.0,41233941.46,,,,
2020-03-10,8331.5,19975.0,-1.3312416083227694,1,,,,,5,2,-1272500.0,-6893558.54,22034025.0,41833941.46,,,,
2020-03-11,8003.5,19165.0,-1.598736499116438,1,,,,,5,2,-1232500.0,-6893558.54,21153825.0,41873941.46,,,,
2020-03-12,7215.25,17060.0,-2.3913785100205014,1,,,,,5,2,-1770000.0,-6893558.54,18952987.5,41336441.46,,,,
2020-03-13,7915.75,18080.0,-2.1919804460791754,1,,,,,5,2,-4695000.0,-6893558.54,20449462.5,38411441.46,,,,
2020-03-14,7915.75,18080.0,-1.893510863612349,1,,,,,5,2,-4695000.0,-6893558.54,20449462.5,38411441.46,,,,
2020-03-15,7915.75,18080.0,-1.6508993190432102,1,,,,,5,2,-4695000.0,-6893558.54,20449462.5,38411441.46,,,,
2020-03-16,7057.5,16485.0,-1.619869092662699,1,,,,,5,2,-2492500.0,-6893558.54,18429525.0,40613941.46,,,,
2020-03-17,7405.25,17310.0,-1.2292443367319845,1,,,,,5,2,-2670000.0,-6893558.54,19344487.5,40436441.46,,,,
2020-03-18,7225.25,16735.0,-1.4164301691130934,1,,,,,0,0,0.0,-10066552.39,0.0,39933447.61,"[網格1] 結算平倉, 損益=-3,172,994 ",,,
2020-03-19,7293.5,17170.0,-0.9314562906194593,0,,,,,7,3,-3170000.0,-10070954.97,27692415.0,36759045.03,[網格1] 轉倉開倉 ,,,
2020-03-20,7417.97998046875,17210.0,-1.0452874312448528,1,,,,,7,3,-1502719.7265625,-10070954.97,27960082.163085938,38426325.3034375,,,,
2020-03-21,7417.97998046875,17210.0,-0.9600002150742378,1,,,,,7,3,-1502719.7265625,-10070954.97,27960082.163085938,38426325.3034375,,,,
2020-03-22,7417.97998046875,17210.0,-0.8788044256757398,1,,,,,7,3,-1502719.7265625,-10070954.97,27960082.163085938,38426325.3034375,,,,
2020-03-23,6984.5,17470.0,0.6270040450372311,1,,,,,0,0,0.0,-3949307.0300000003,0.0,46050692.97,"[網格1] 停利平倉: 做多配對, 損益=+6,121,648 ",,,
2020-03-24,7554.75,19140.0,1.694591856301665,0,,,,,0,0,0.0,-3949307.0300000003,0.0,46050692.97,,,,
2020-03-25,7467.75,19125.0,1.7939922896422906,0,,,,,0,0,0.0,-3949307.0300000003,0.0,46050692.97,,,,
2020-03-26,7844.0,19275.0,1.0946998914360324,0,,,,,0,0,0.0,-3949307.0300000003,0.0,46050692.97,,,,
2020-03-27,7568.5,18990.0,1.3301651297423518,0,,,,,0,0,0.0,-3949307.0300000003,0.0,46050692.97,,,,
2020-03-28,7568.5,18990.0,1.3033761065925362,0,,,,,0,0,0.0,-3949307.0300000003,0.0,46050692.97,,,,
2020-03-29,7568.5,18990.0,1.199956024290899,0,,,,,0,0,0.0,-3949307.0300000003,0.0,46050692.97,,,,
2020-03-30,7854.75,19150.0,0.7601644006920854,0,,,,,0,0,0.0,-3949307.0300000003,0.0,46050692.97,,,,
2020-03-31,7786.25,18695.0,0.3042907706366461,0,,,,,0,0,0.0,-3949307.0300000003,0.0,46050692.97,,,,
2020-04-01,7438.75,17585.0,-0.42482287904959354,0,,,,,0,0,0.0,-3949307.0300000003,0.0,46050692.97,,,,
2020-04-02,7627.25,18090.0,-0.20600858280151313,0,,,,,0,0,0.0,-3949307.0300000003,0.0,46050692.97,,,,
2020-04-03,7522.75,17710.0,-0.5206484502061873,0,,,,,0,0,0.0,-3949307.0300000003,0.0,46050692.97,,,,
2020-04-04,7522.75,17710.0,-0.5507250948719441,0,,,,,0,0,0.0,-3949307.0300000003,0.0,46050692.97,,,,
2020-04-05,7522.75,17710.0,-0.6006770964831776,0,,,,,0,0,0.0,-3949307.0300000003,0.0,46050692.97,,,,
2020-04-06,8029.75,18945.0,-0.07963829082717569,0,,,,,0,0,0.0,-3949307.0300000003,0.0,46050692.97,,,,
2020-04-07,8012.0,18995.0,-0.03004120810127685,0,,,,,0,0,0.0,-3949307.0300000003,0.0,46050692.97,,,,
2020-04-08,8189.75,19160.0,-0.29563474114108107,0,,,,,0,0,0.0,-3949307.0300000003,0.0,46050692.97,,,,
2020-04-09,8227.5,19510.0,0.10884647372231847,0,,,,,0,0,0.0,-3949307.0300000003,0.0,46050692.97,,,,
2020-04-10,8227.5,19510.0,0.02887009137711758,0,,,,,0,0,0.0,-3949307.0300000003,0.0,46050692.97,,,,
2020-04-11,8227.5,19510.0,-0.06448650818316681,0,,,,,0,0,0.0,-3949307.0300000003,0.0,46050692.97,,,,
2020-04-12,8227.5,19510.0,-0.058279565963118195,0,,,,,0,0,0.0,-3949307.0300000003,0.0,46050692.97,,,,
2020-04-13,8327.25,19150.0,-1.052570616057261,0,,,,,0,0,0.0,-3949307.0300000003,0.0,46050692.97,,,,
2020-04-14,8692.5,19540.0,-1.4505706089535138,0,,,,,0,0,0.0,-3949307.0300000003,0.0,46050692.97,,,,
2020-04-15,8594.0,19320.0,-1.4107633031490734,0,,,,,0,0,0.0,-3949307.0300000003,0.0,46050692.97,,,,
2020-04-16,8734.25,19180.0,-1.9907051979227939,0,,,,,0,0,0.0,-3949307.0300000003,0.0,46050692.97,,,,
2020-04-17,8809.0,19625.0,-1.217080021837051,0,,,,,0,0,0.0,-3949307.0300000003,0.0,46050692.97,,,,
2020-04-18,8809.0,19625.0,-1.1712895217326253,0,,,,,0,0,0.0,-3949307.0300000003,0.0,46050692.97,,,,
2020-04-19,8809.0,19625.0,-1.0893844169757194,0,,,,,0,0,0.0,-3949307.0300000003,0.0,46050692.97,,,,
2020-04-20,8692.0,19315.0,-1.2599690302630326,0,,,,,0,0,0.0,-3949307.0300000003,0.0,46050692.97,,,,
2020-04-21,8431.75,19040.0,-0.7683927227715429,0,,,,,0,0,0.0,-3949307.0300000003,0.0,46050692.97,,,,
2020-04-22,8638.0,19285.0,-0.9552868368564836,0,,,,,0,0,0.0,-3949307.0300000003,0.0,46050692.97,,,,
2020-04-23,8598.75,19390.0,-0.4846842998514627,0,,,,,0,0,0.0,-3949307.0300000003,0.0,46050692.97,,,,
2020-04-24,8769.0,19430.0,-1.0475189716189954,0,,,,,0,0,0.0,-3949307.0300000003,0.0,46050692.97,,,,
2020-04-25,8769.0,19430.0,-0.9723718051543397,0,,,,,0,0,0.0,-3949307.0300000003,0.0,46050692.97,,,,
2020-04-26,8769.0,19430.0,-0.8796409486218116,0,,,,,0,0,0.0,-3949307.0300000003,0.0,46050692.97,,,,
2020-04-27,8824.25,19815.0,-0.09619161475217257,0,,,,,0,0,0.0,-3949307.0300000003,0.0,46050692.97,,,,
2020-04-28,8719.75,19985.0,0.8106333578579581,0,,,,,0,0,0.0,-3949307.0300000003,0.0,46050692.97,,,,
2020-04-29,9036.5,20415.0,0.6472744216635008,0,,,,,0,0,0.0,-3949307.0300000003,0.0,46050692.97,,,,
2020-04-30,8988.5,19970.0,-0.2898807676995794,0,,,,,0,0,0.0,-3949307.0300000003,0.0,46050692.97,,,,
2020-05-01,8718.0,19510.0,-0.20077943220166164,0,,,,,0,0,0.0,-3949307.0300000003,0.0,46050692.97,,,,
2020-05-02,8718.0,19510.0,-0.06224464107951686,0,,,,,0,0,0.0,-3949307.0300000003,0.0,46050692.97,,,,
2020-05-03,8718.0,19510.0,0.015925775155786425,0,,,,,0,0,0.0,-3949307.0300000003,0.0,46050692.97,,,,
2020-05-04,8795.5,19390.0,-1.2236597754233212,0,,,,,0,0,0.0,-3949307.0300000003,0.0,46050692.97,,,,
2020-05-05,8924.25,19545.0,-1.3871368937501902,0,,,,,0,0,0.0,-3949307.0300000003,0.0,46050692.97,,,,
2020-05-06,8952.0,19360.0,-2.278048585904005,1,,,,,8,4,6126000.0,-3955629.2700000005,40245120.0,52170370.73,[網格1] 開倉: 做空NQ=F(小納斯達克) 8口 / 做多NIY=F(日經225) 4口 ,,,
2020-05-07,9107.75,19810.0,-1.2904093256596763,1,,,,,8,4,1108000.0,-3955629.2700000005,41067540.0,47152370.73,,,,
2020-05-08,9218.25,20210.0,-0.3408068960836142,1,,,,,8,4,2540000.0,-3955629.2700000005,41738220.0,48584370.73,,,,
2020-05-09,9218.25,20210.0,-0.317013564653089,1,,,,,8,4,2540000.0,-3955629.2700000005,41738220.0,48584370.73,,,,
2020-05-10,9218.25,20210.0,-0.31841005909945136,1,,,,,8,4,2540000.0,-3955629.2700000005,41738220.0,48584370.73,,,,
2020-05-11,9279.0,20500.0,0.483059122928179,1,,,,,0,0,0.0,-74238.55000000028,0.0,49925761.449999996,"[網格1] 停利平倉: 做多配對, 損益=+3,881,391 ",,,
2020-05-12,9078.25,20145.0,0.3884478457375187,0,,,,,0,0,0.0,-74238.55000000028,0.0,49925761.449999996,,,,
2020-05-13,8992.25,20165.0,1.0518115205103726,0,,,,,0,0,0.0,-74238.55000000028,0.0,49925761.449999996,,,,
2020-05-14,9079.5,20060.0,-0.030889136239397926,0,,,,,0,0,0.0,-74238.55000000028,0.0,49925761.449999996,,,,
2020-05-15,9096.5,20020.0,-0.3300498309436208,0,,,,,0,0,0.0,-74238.55000000028,0.0,49925761.449999996,,,,
2020-05-16,9096.5,20020.0,-0.3389578533891465,0,,,,,0,0,0.0,-74238.55000000028,0.0,49925761.449999996,,,,
2020-05-17,9096.5,20020.0,-0.2885522689123869,0,,,,,0,0,0.0,-74238.55000000028,0.0,49925761.449999996,,,,
2020-05-18,9325.5,20640.0,0.924073211384529,0,,,,,0,0,0.0,-74238.55000000028,0.0,49925761.449999996,,,,
2020-05-19,9300.75,20385.0,-0.028351869602496468,0,,,,,0,0,0.0,-74238.55000000028,0.0,49925761.449999996,,,,
2020-05-20,9485.5,20725.0,0.16245609268493322,0,,,,,0,0,0.0,-74238.55000000028,0.0,49925761.449999996,,,,
2020-05-21,9355.75,20460.0,-0.0730804398379157,0,,,,,0,0,0.0,-74238.55000000028,0.0,49925761.449999996,,,,
2020-05-22,9406.25,20550.0,-0.007978019202575225,0,,,,,0,0,0.0,-74238.55000000028,0.0,49925761.449999996,,,,
2020-05-23,9406.25,20550.0,0.030031633487380964,0,,,,,0,0,0.0,-74238.55000000028,0.0,49925761.449999996,,,,
2020-05-24,9406.25,20550.0,-0.009863808635198316,0,,,,,0,0,0.0,-74238.55000000028,0.0,49925761.449999996,,,,
2020-05-25,9406.25,20550.0,-0.0730115665284245,0,,,,,0,0,0.0,-74238.55000000028,0.0,49925761.449999996,,,,
2020-05-26,9406.5,21275.0,3.4333720066772493,-1,,,,,9,4,3888000.0,-81418.89000000028,45834795.0,53806581.10999999,[網格1] 開倉: 做多NQ=F(小納斯達克) 9口 / 做空NIY=F(日經225) 4口 ,,,
2020-05-27,9432.5,21640.0,3.2781224089526613,-1,,,,,0,0,0.0,-2540666.99,0.0,47459333.00999999,"[網格1] 停損平倉: 做空配對, 損益=-2,459,248 ",,,
2020-05-28,9460.25,21915.0,2.8722042500109275,0,,,,,0,0,0.0,-2540666.99,0.0,47459333.00999999,,,,
2020-05-29,9560.25,21950.0,2.0780481403678954,0,,,,,0,0,0.0,-2540666.99,0.0,47459333.00999999,,,,
2020-05-30,9560.25,21950.0,1.78335571160795,0,,,,,0,0,0.0,-2540666.99,0.0,47459333.00999999,,,,
2020-05-31,9560.25,21950.0,1.5646674668428466,0,,,,,0,0,0.0,-2540666.99,0.0,47459333.00999999,,,,
2020-06-01,9595.0,22220.0,1.7180609295004499,0,,,,,0,0,0.0,-2540666.99,0.0,47459333.00999999,,,,
2020-06-02,9647.75,22650.0,1.9701472965006273,0,,,,,0,0,0.0,-2540666.99,0.0,47459333.00999999,,,,
2020-06-03,9684.75,22915.0,1.941143116520194,0,,,,,0,0,0.0,-2540666.99,0.0,47459333.00999999,,,,
2020-06-04,9626.25,22725.0,1.5853013817977986,0,,,,,0,0,0.0,-2540666.99,0.0,47459333.00999999,,,,
2020-06-05,9808.5,23140.0,1.5323976930481154,0,,,,,0,0,0.0,-2540666.99,0.0,47459333.00999999,,,,
2020-06-06,9808.5,23140.0,1.3704932114994997,0,,,,,0,0,0.0,-2540666.99,0.0,47459333.00999999,,,,
2020-06-07,9808.5,23140.0,1.2302449694468982,0,,,,,0,0,0.0,-2540666.99,0.0,47459333.00999999,,,,
2020-06-08,9884.75,23215.0,1.0535333346607403,0,,,,,0,0,0.0,-2540666.99,0.0,47459333.00999999,,,,
2020-06-09,9951.0,22890.0,0.4175687547437477,0,,,,,0,0,0.0,-2540666.99,0.0,47459333.00999999,,,,
2020-06-10,10087.25,22860.0,-0.013247305076884925,0,,,,,0,0,0.0,-2540666.99,0.0,47459333.00999999,,,,
2020-06-11,9616.75,21710.0,-0.6292977293511405,0,,,,,0,0,0.0,-2540666.99,0.0,47459333.00999999,,,,
2020-06-12,9645.0,22200.0,-0.042474974788057465,0,,,,,0,0,0.0,-2540666.99,0.0,47459333.00999999,,,,
2020-06-13,9645.0,22200.0,-0.17610053061835867,0,,,,,0,0,0.0,-2540666.99,0.0,47459333.00999999,,,,
2020-06-14,9645.0,22200.0,-0.39068595892523544,0,,,,,0,0,0.0,-2540666.99,0.0,47459333.00999999,,,,
2020-06-15,9800.5,21960.0,-1.7181526849986388,0,,,,,0,0,0.0,-2540666.99,0.0,47459333.00999999,,,,
2020-06-16,9972.5,22415.0,-1.2418168120433208,0,,,,,0,0,0.0,-2540666.99,0.0,47459333.00999999,,,,
2020-06-17,9994.5,22485.0,-1.0803310698322641,0,,,,,0,0,0.0,-2540666.99,0.0,47459333.00999999,,,,
2020-06-18,9995.75,22380.0,-1.262663838167426,0,,,,,0,0,0.0,-2540666.99,0.0,47459333.00999999,,,,
2020-06-19,10120.83984375,22325.0,-1.6960341952323996,0,,,,,0,0,0.0,-2540666.99,0.0,47459333.00999999,,,,
2020-06-20,10120.83984375,22325.0,-1.530325111327103,0,,,,,0,0,0.0,-2540666.99,0.0,47459333.00999999,,,,
2020-06-21,10120.83984375,22325.0,-1.3714243345230124,0,,,,,0,0,0.0,-2540666.99,0.0,47459333.00999999,,,,
2020-06-22,10124.75,22580.0,-0.7960063468540615,0,,,,,0,0,0.0,-2540666.99,0.0,47459333.00999999,,,,
2020-06-23,10196.0,22535.0,-1.0233405211747824,0,,,,,0,0,0.0,-2540666.99,0.0,47459333.00999999,,,,
2020-06-24,10010.75,22260.0,-0.8581762985993348,0,,,,,0,0,0.0,-2540666.99,0.0,47459333.00999999,,,,
2020-06-25,10088.25,22475.0,-0.6085313496109228,0,,,,,0,0,0.0,-2540666.99,0.0,47459333.00999999,,,,
2020-06-26,9865.5,22285.0,-0.09203639057413694,0,,,,,0,0,0.0,-2540666.99,0.0,47459333.00999999,,,,
2020-06-27,9865.5,22285.0,0.03407595707501707,0,,,,,0,0,0.0,-2540666.99,0.0,47459333.00999999,,,,
2020-06-28,9865.5,22285.0,0.2225197279983216,0,,,,,0,0,0.0,-2540666.99,0.0,47459333.00999999,,,,
2020-06-29,9973.75,22355.0,-0.12706393363616966,0,,,,,0,0,0.0,-2540666.99,0.0,47459333.00999999,,,,
2020-06-30,10147.25,22320.0,-1.4467021948410608,0,,,,,0,0,0.0,-2540666.99,0.0,47459333.00999999,,,,
2020-07-01,10268.75,22230.0,-2.2403712818586214,0,,,,,0,0,0.0,-2540666.99,0.0,47459333.00999999,,,,
2020-07-02,10355.75,22345.0,-2.052585169103741,0,,,,,0,0,0.0,-2540666.99,0.0,47459333.00999999,,,,
2020-07-03,10355.75,22345.0,-1.8421816014957442,0,,,,,0,0,0.0,-2540666.99,0.0,47459333.00999999,,,,
2020-07-04,10355.75,22345.0,-1.699676937999344,0,,,,,0,0,0.0,-2540666.99,0.0,47459333.00999999,,,,
2020-07-05,10355.75,22345.0,-1.4998818676038583,0,,,,,0,0,0.0,-2540666.99,0.0,47459333.00999999,,,,
2020-07-06,10598.5,22685.0,-1.537196400788698,0,,,,,0,0,0.0,-2540666.99,0.0,47459333.00999999,,,,
2020-07-07,10532.25,22470.0,-1.651813913545852,0,,,,,0,0,0.0,-2540666.99,0.0,47459333.00999999,,,,
2020-07-08,10662.25,22505.0,-1.901809627529499,0,,,,,0,0,0.0,-2540666.99,0.0,47459333.00999999,,,,
2020-07-09,10727.5,22380.0,-2.1187146226279423,0,,,,,0,0,0.0,-2540666.99,0.0,47459333.00999999,,,,
2020-07-10,10837.25,22560.0,-1.8210247091672982,0,,,,,0,0,0.0,-2540666.99,0.0,47459333.00999999,,,,
2020-07-11,10837.25,22560.0,-1.5924515171092066,0,,,,,0,0,0.0,-2540666.99,0.0,47459333.00999999,,,,
2020-07-12,10837.25,22560.0,-1.4185650561887089,0,,,,,0,0,0.0,-2540666.99,0.0,47459333.00999999,,,,
2020-07-13,10600.0,22560.0,-0.5336665759040026,0,,,,,0,0,0.0,-2540666.99,0.0,47459333.00999999,,,,
2020-07-14,10646.25,22705.0,-0.3372524618231885,0,,,,,0,0,0.0,-2540666.99,0.0,47459333.00999999,,,,
2020-07-15,10683.25,22880.0,-0.03835233667086873,0,,,,,0,0,0.0,-2540666.99,0.0,47459333.00999999,,,,
2020-07-16,10511.75,22725.0,0.35661497913019746,0,,,,,0,0,0.0,-2540666.99,0.0,47459333.00999999,,,,
2020-07-17,10622.5,22675.0,-0.11394644611928594,0,,,,,0,0,0.0,-2540666.99,0.0,47459333.00999999,,,,
2020-07-18,10622.5,22675.0,0.005181116579164213,0,,,,,0,0,0.0,-2540666.99,0.0,47459333.00999999,,,,
2020-07-19,10622.5,22675.0,0.15514470433074484,0,,,,,0,0,0.0,-2540666.99,0.0,47459333.00999999,,,,
2020-07-20,10951.0,22795.0,-1.4120801927162094,0,,,,,0,0,0.0,-2540666.99,0.0,47459333.00999999,,,,
2020-07-21,10851.0,22695.0,-1.0255348914867097,0,,,,,0,0,0.0,-2540666.99,0.0,47459333.00999999,,,,
2020-07-22,10804.25,22745.0,-0.44439709902983665,0,,,,,0,0,0.0,-2540666.99,0.0,47459333.00999999,,,,
2020-07-23,10548.25,22530.0,0.4851388772850494,0,,,,,0,0,0.0,-2540666.99,0.0,47459333.00999999,,,,
2020-07-24,10459.0,22330.0,0.3285408484772456,0,,,,,0,0,0.0,-2540666.99,0.0,47459333.00999999,,,,
2020-07-25,10459.0,22330.0,0.3820471783095829,0,,,,,0,0,0.0,-2540666.99,0.0,47459333.00999999,,,,
2020-07-26,10459.0,22330.0,0.41643808592272685,0,,,,,0,0,0.0,-2540666.99,0.0,47459333.00999999,,,,
2020-07-27,10675.25,22690.0,0.3977891285403965,0,,,,,0,0,0.0,-2540666.99,0.0,47459333.00999999,,,,
2020-07-28,10540.0,22520.0,0.6096017942028861,0,,,,,0,0,0.0,-2540666.99,0.0,47459333.00999999,,,,
2020-07-29,10674.25,22540.0,-0.40539534835023794,0,,,,,0,0,0.0,-2540666.99,0.0,47459333.00999999,,,,
2020-07-30,10794.0,22230.0,-2.4677681441536286,0,,,,,0,0,0.0,-2540666.99,0.0,47459333.00999999,,,,
2020-07-31,10890.5,21915.0,-3.115267510447301,0,,,,,0,0,0.0,-2540666.99,0.0,47459333.00999999,,,,
2020-08-01,10890.5,21915.0,-2.4886302330095345,0,,,,,0,0,0.0,-2540666.99,0.0,47459333.00999999,,,,
2020-08-02,10890.5,21915.0,-2.059490954913917,0,,,,,0,0,0.0,-2540666.99,0.0,47459333.00999999,,,,
2020-08-03,11044.25,22405.0,-1.378839301687995,0,,,,,0,0,0.0,-2540666.99,0.0,47459333.00999999,,,,
2020-08-04,11086.0,22495.0,-1.2031561852008477,0,,,,,0,0,0.0,-2540666.99,0.0,47459333.00999999,,,,
2020-08-05,11091.75,22470.0,-1.1579625679910042,0,,,,,0,0,0.0,-2540666.99,0.0,47459333.00999999,,,,
2020-08-06,11261.25,22445.0,-1.5898232571601685,0,,,,,0,0,0.0,-2540666.99,0.0,47459333.00999999,,,,
2020-08-07,11122.75,22455.0,-0.9993319012243933,0,,,,,0,0,0.0,-2540666.99,0.0,47459333.00999999,,,,
2020-08-08,11122.75,22455.0,-0.9048928932616674,0,,,,,0,0,0.0,-2540666.99,0.0,47459333.00999999,,,,
2020-08-09,11122.75,22455.0,-0.8282742496377219,0,,,,,0,0,0.0,-2540666.99,0.0,47459333.00999999,,,,
2020-08-10,11072.0,22520.0,-0.4756302223604696,0,,,,,0,0,0.0,-2540666.99,0.0,47459333.00999999,,,,
2020-08-11,10878.5,22700.0,0.5576535702651967,0,,,,,0,0,0.0,-2540666.99,0.0,47459333.00999999,,,,
2020-08-12,11126.0,23215.0,0.8092274284591507,0,,,,,0,0,0.0,-2540666.99,0.0,47459333.00999999,,,,
2020-08-13,11175.25,23195.0,0.6544914842856498,0,,,,,0,0,0.0,-2540666.99,0.0,47459333.00999999,,,,
2020-08-14,11133.75,23140.0,0.7538355097446819,0,,,,,0,0,0.0,-2540666.99,0.0,47459333.00999999,,,,
2020-08-15,11133.75,23140.0,0.8293030681672481,0,,,,,0,0,0.0,-2540666.99,0.0,47459333.00999999,,,,
2020-08-16,11133.75,23140.0,0.9146176262922128,0,,,,,0,0,0.0,-2540666.99,0.0,47459333.00999999,,,,
2020-08-17,11286.75,23150.0,0.4135142273276706,0,,,,,0,0,0.0,-2540666.99,0.0,47459333.00999999,,,,
2020-08-18,11409.25,23060.0,-0.3317376633633802,0,,,,,0,0,0.0,-2540666.99,0.0,47459333.00999999,,,,
2020-08-19,11332.0,23115.0,0.22408977308784214,0,,,,,0,0,0.0,-2540666.99,0.0,47459333.00999999,,,,
2020-08-20,11477.25,22970.0,-0.9581903278006837,0,,,,,0,0,0.0,-2540666.99,0.0,47459333.00999999,,,,
2020-08-21,11562.0,22890.0,-1.5527647500857098,0,,,,,0,0,0.0,-2540666.99,0.0,47459333.00999999,,,,
2020-08-22,11562.0,22890.0,-1.482834903706202,0,,,,,0,0,0.0,-2540666.99,0.0,47459333.00999999,,,,
2020-08-23,11562.0,22890.0,-1.3584267732586832,0,,,,,0,0,0.0,-2540666.99,0.0,47459333.00999999,,,,
2020-08-24,11636.25,23170.0,-0.8908866041467783,0,,,,,0,0,0.0,-2540666.99,0.0,47459333.00999999,,,,
2020-08-25,11726.25,23300.0,-0.8987622410044686,0,,,,,0,0,0.0,-2540666.99,0.0,47459333.00999999,,,,
2020-08-26,11991.25,23280.0,-1.8984461766076843,0,,,,,0,0,0.0,-2540666.99,0.0,47459333.00999999,,,,
2020-08-27,11952.75,23215.0,-1.6796525510853395,0,,,,,0,0,0.0,-2540666.99,0.0,47459333.00999999,,,,
2020-08-28,11991.75,22935.0,-2.046802991183244,0,,,,,0,0,0.0,-2540666.99,0.0,47459333.00999999,,,,
2020-08-29,11991.75,22935.0,-1.774140694551342,0,,,,,0,0,0.0,-2540666.99,0.0,47459333.00999999,,,,
2020-08-30,11991.75,22935.0,-1.5595347772058534,0,,,,,0,0,0.0,-2540666.99,0.0,47459333.00999999,,,,
2020-08-31,12114.0,23100.0,-1.4521369072081585,0,,,,,0,0,0.0,-2540666.99,0.0,47459333.00999999,,,,
2020-09-01,12312.5,23195.0,-1.6348364666263564,0,,,,,0,0,0.0,-2540666.99,0.0,47459333.00999999,,,,
2020-09-02,12411.5,23505.0,-1.2819317707113242,0,,,,,0,0,0.0,-2540666.99,0.0,47459333.00999999,,,,
2020-09-03,11800.5,23095.0,-0.2315047887552468,0,,,,,0,0,0.0,-2540666.99,0.0,47459333.00999999,,,,
2020-09-04,11548.75,23175.0,0.7231367615482952,0,,,,,0,0,0.0,-2540666.99,0.0,47459333.00999999,,,,
2020-09-05,11548.75,23175.0,0.8606087959834245,0,,,,,0,0,0.0,-2540666.99,0.0,47459333.00999999,,,,
2020-09-06,11548.75,23175.0,0.9578137817446143,0,,,,,0,0,0.0,-2540666.99,0.0,47459333.00999999,,,,
2020-09-07,11548.75,23175.0,0.9850264070409275,0,,,,,0,0,0.0,-2540666.99,0.0,47459333.00999999,,,,
2020-09-08,11060.5,23030.0,2.2181260885319993,0,,,,,0,0,0.0,-2540666.99,0.0,47459333.00999999,,,,
2020-09-09,11392.75,23185.0,1.3286476146726311,0,,,,,0,0,0.0,-2540666.99,0.0,47459333.00999999,,,,
2020-09-10,11178.25,23100.0,1.639932843288281,0,,,,,0,0,0.0,-2540666.99,0.0,47459333.00999999,,,,
2020-09-11,11061.5,23340.0,2.02012678311597,0,,,,,0,0,0.0,-2540666.99,0.0,47459333.00999999,,,,
2020-09-12,11061.5,23340.0,1.749495716892971,0,,,,,0,0,0.0,-2540666.99,0.0,47459333.00999999,,,,
2020-09-13,11061.5,23340.0,1.55414426980283,0,,,,,0,0,0.0,-2540666.99,0.0,47459333.00999999,,,,
2020-09-14,11280.5,23445.0,1.1072740541556323,0,,,,,0,0,0.0,-2540666.99,0.0,47459333.00999999,,,,
2020-09-15,11464.25,23475.0,0.68121262949925,0,,,,,0,0,0.0,-2540666.99,0.0,47459333.00999999,,,,
2020-09-16,11268.75,23445.0,0.9613186939944133,0,,,,,0,0,0.0,-2540666.99,0.0,47459333.00999999,,,,
2020-09-17,11090.0,23340.0,1.0951291945692083,0,,,,,0,0,0.0,-2540666.99,0.0,47459333.00999999,,,,
2020-09-18,11144.8095703125,23235.0,0.763902270222002,0,,,,,0,0,0.0,-2540666.99,0.0,47459333.00999999,,,,
2020-09-19,11144.8095703125,23235.0,0.6862937189715064,0,,,,,0,0,0.0,-2540666.99,0.0,47459333.00999999,,,,
2020-09-20,11144.8095703125,23235.0,0.6130165500274513,0,,,,,0,0,0.0,-2540666.99,0.0,47459333.00999999,,,,
2020-09-21,10989.0,22950.0,0.5187883406307359,0,,,,,0,0,0.0,-2540666.99,0.0,47459333.00999999,,,,
2020-09-22,11149.5,23025.0,0.024519403362739552,0,,,,,0,0,0.0,-2540666.99,0.0,47459333.00999999,,,,
2020-09-23,10829.0,23215.0,1.7357115696947882,0,,,,,0,0,0.0,-2540666.99,0.0,47459333.00999999,,,,
2020-09-24,10891.75,23165.0,1.2156967480212506,0,,,,,0,0,0.0,-2540666.99,0.0,47459333.00999999,,,,
2020-09-25,11136.5,23295.0,0.35770857940841716,0,,,,,0,0,0.0,-2540666.99,0.0,47459333.00999999,,,,
2020-09-26,11136.5,23295.0,0.26941973856806284,0,,,,,0,0,0.0,-2540666.99,0.0,47459333.00999999,,,,
2020-09-27,11136.5,23295.0,0.15997100671262876,0,,,,,0,0,0.0,-2540666.99,0.0,47459333.00999999,,,,
2020-09-28,11394.75,23555.0,-0.597578823552032,0,,,,,0,0,0.0,-2540666.99,0.0,47459333.00999999,,,,
2020-09-29,11337.75,23445.0,-0.8390754754954576,0,,,,,0,0,0.0,-2540666.99,0.0,47459333.00999999,,,,
2020-09-30,11407.25,23275.0,-2.0292161391932084,0,,,,,0,0,0.0,-2540666.99,0.0,47459333.00999999,,,,
2020-10-01,11574.75,23225.0,-2.6560656535290703,0,,,,,0,0,0.0,-2540666.99,0.0,47459333.00999999,,,,
2020-10-02,11233.25,23180.0,-0.6456581913757076,0,,,,,0,0,0.0,-2540666.99,0.0,47459333.00999999,,,,
2020-10-03,11233.25,23180.0,-0.574119948859731,0,,,,,0,0,0.0,-2540666.99,0.0,47459333.00999999,,,,
2020-10-04,11233.25,23180.0,-0.5352394496727726,0,,,,,0,0,0.0,-2540666.99,0.0,47459333.00999999,,,,
2020-10-05,11469.25,23420.0,-1.102005891837023,0,,,,,0,0,0.0,-2540666.99,0.0,47459333.00999999,,,,
2020-10-06,11273.75,23290.0,-0.333176913521633,0,,,,,0,0,0.0,-2540666.99,0.0,47459333.00999999,,,,
2020-10-07,11470.0,23520.0,-0.6325732938457636,0,,,,,0,0,0.0,-2540666.99,0.0,47459333.00999999,,,,
2020-10-08,11539.0,23640.0,-0.567837664073889,0,,,,,0,0,0.0,-2540666.99,0.0,47459333.00999999,,,,
2020-10-09,11724.75,23550.0,-1.7767472782231677,0,,,,,0,0,0.0,-2540666.99,0.0,47459333.00999999,,,,
2020-10-10,11724.75,23550.0,-1.557965347980167,0,,,,,0,0,0.0,-2540666.99,0.0,47459333.00999999,,,,
2020-10-11,11724.75,23550.0,-1.3852881563048962,0,,,,,0,0,0.0,-2540666.99,0.0,47459333.00999999,,,,
2020-10-12,12098.25,23585.0,-2.4676362145185857,0,,,,,0,0,0.0,-2540666.99,0.0,47459333.00999999,,,,
2020-10-13,12094.0,23500.0,-2.2904751070593408,0,,,,,0,0,0.0,-2540666.99,0.0,47459333.00999999,,,,
2020-10-14,11974.25,23530.0,-1.5906680264582944,0,,,,,0,0,0.0,-2540666.99,0.0,47459333.00999999,,,,
2020-10-15,11874.0,23480.0,-1.1863306300994785,0,,,,,0,0,0.0,-2540666.99,0.0,47459333.00999999,,,,
2020-10-16,11798.0,23475.0,-0.8129808358326235,0,,,,,0,0,0.0,-2540666.99,0.0,47459333.00999999,,,,
2020-10-17,11798.0,23475.0,-0.733201398686712,0,,,,,0,0,0.0,-2540666.99,0.0,47459333.00999999,,,,
2020-10-18,11798.0,23475.0,-0.6556998944519692,0,,,,,0,0,0.0,-2540666.99,0.0,47459333.00999999,,,,
2020-10-19,11650.25,23480.0,0.06942470747186448,0,,,,,0,0,0.0,-2540666.99,0.0,47459333.00999999,,,,
2020-10-20,11660.75,23580.0,0.31160717470960037,0,,,,,0,0,0.0,-2540666.99,0.0,47459333.00999999,,,,
2020-10-21,11691.25,23540.0,0.04544950033601374,0,,,,,0,0,0.0,-2540666.99,0.0,47459333.00999999,,,,
2020-10-22,11649.75,23565.0,0.36239220274101563,0,,,,,0,0,0.0,-2540666.99,0.0,47459333.00999999,,,,
2020-10-23,11663.5,23520.0,0.23393247397832773,0,,,,,0,0,0.0,-2540666.99,0.0,47459333.00999999,,,,
2020-10-24,11663.5,23520.0,0.3073683843356245,0,,,,,0,0,0.0,-2540666.99,0.0,47459333.00999999,,,,
2020-10-25,11663.5,23520.0,0.35227891081189844,0,,,,,0,0,0.0,-2540666.99,0.0,47459333.00999999,,,,
2020-10-26,11492.25,23475.0,1.2243870533320582,0,,,,,0,0,0.0,-2540666.99,0.0,47459333.00999999,,,,
2020-10-27,11588.0,23465.0,0.724788094337007,0,,,,,0,0,0.0,-2540666.99,0.0,47459333.00999999,,,,
2020-10-28,11132.75,23400.0,2.660154563521349,0,,,,,0,0,0.0,-2540666.99,0.0,47459333.00999999,,,,
2020-10-29,11342.75,23315.0,1.2240705782891066,0,,,,,0,0,0.0,-2540666.99,0.0,47459333.00999999,,,,
2020-10-30,11046.25,22960.0,1.4677146843615632,0,,,,,0,0,0.0,-2540666.99,0.0,47459333.00999999,,,,
2020-10-31,11046.25,22960.0,1.323375530046989,0,,,,,0,0,0.0,-2540666.99,0.0,47459333.00999999,,,,
2020-11-01,11046.25,22960.0,1.2197641624923692,0,,,,,0,0,0.0,-2540666.99,0.0,47459333.00999999,,,,
2020-11-02,11063.25,23285.0,1.8553827511453573,0,,,,,0,0,0.0,-2540666.99,0.0,47459333.00999999,,,,
2020-11-03,11265.75,23285.0,0.8425994905803303,0,,,,,0,0,0.0,-2540666.99,0.0,47459333.00999999,,,,
2020-11-04,11763.0,23685.0,-0.5353340719057545,0,,,,,0,0,0.0,-2540666.99,0.0,47459333.00999999,,,,
2020-11-05,12076.5,24095.0,-0.9603468328743194,0,,,,,0,0,0.0,-2540666.99,0.0,47459333.00999999,,,,
2020-11-06,12075.0,24320.0,-0.30637162231421855,0,,,,,0,0,0.0,-2540666.99,0.0,47459333.00999999,,,,
2020-11-07,12075.0,24320.0,-0.39804566554101717,0,,,,,0,0,0.0,-2540666.99,0.0,47459333.00999999,,,,
2020-11-08,12075.0,24320.0,-0.4268733977446664,0,,,,,0,0,0.0,-2540666.99,0.0,47459333.00999999,,,,
2020-11-09,11820.5,24835.0,2.4128624647776102,0,,,,,0,0,0.0,-2540666.99,0.0,47459333.00999999,,,,
2020-11-10,11618.25,24905.0,2.7186109178286872,0,,,,,0,0,0.0,-2540666.99,0.0,47459333.00999999,,,,
2020-11-11,11886.0,25350.0,2.1952728462827475,0,,,,,0,0,0.0,-2540666.99,0.0,47459333.00999999,,,,
2020-11-12,11820.0,25520.0,2.255791606809221,0,,,,,0,0,0.0,-2540666.99,0.0,47459333.00999999,,,,
2020-11-13,11933.5,25620.0,1.7980419910135312,0,,,,,0,0,0.0,-2540666.99,0.0,47459333.00999999,,,,
2020-11-14,11933.5,25620.0,1.5825831011486524,0,,,,,0,0,0.0,-2540666.99,0.0,47459333.00999999,,,,
2020-11-15,11933.5,25620.0,1.4048817975146,0,,,,,0,0,0.0,-2540666.99,0.0,47459333.00999999,,,,
2020-11-16,12005.0,26175.0,1.793303442894209,0,,,,,0,0,0.0,-2540666.99,0.0,47459333.00999999,,,,
2020-11-17,11975.0,26000.0,1.4391568137745585,0,,,,,0,0,0.0,-2540666.99,0.0,47459333.00999999,,,,
2020-11-18,11897.0,25640.0,1.0212761840008355,0,,,,,0,0,0.0,-2540666.99,0.0,47459333.00999999,,,,
2020-11-19,11987.25,25600.0,0.6921604297325075,0,,,,,0,0,0.0,-2540666.99,0.0,47459333.00999999,,,,
2020-11-20,11905.75,25740.0,0.9625387538565909,0,,,,,0,0,0.0,-2540666.99,0.0,47459333.00999999,,,,
2020-11-21,11905.75,25740.0,0.8715157745461576,0,,,,,0,0,0.0,-2540666.99,0.0,47459333.00999999,,,,
2020-11-22,11905.75,25740.0,0.7947322008092518,0,,,,,0,0,0.0,-2540666.99,0.0,47459333.00999999,,,,
2020-11-23,11905.25,25935.0,0.9493988984378204,0,,,,,0,0,0.0,-2540666.99,0.0,47459333.00999999,,,,
2020-11-24,12076.0,26470.0,1.173951996326081,0,,,,,0,0,0.0,-2540666.99,0.0,47459333.00999999,,,,
2020-11-25,12152.25,26305.0,0.7128084557031604,0,,,,,0,0,0.0,-2540666.99,0.0,47459333.00999999,,,,
2020-11-26,12152.25,26305.0,0.6517842807740319,0,,,,,0,0,0.0,-2540666.99,0.0,47459333.00999999,,,,
2020-11-27,12257.5,26775.0,1.1837180365284823,0,,,,,0,0,0.0,-2540666.99,0.0,47459333.00999999,,,,
2020-11-28,12257.5,26775.0,1.4778302962293515,0,,,,,0,0,0.0,-2540666.99,0.0,47459333.00999999,,,,
2020-11-29,12257.5,26775.0,1.4761478942988568,0,,,,,0,0,0.0,-2540666.99,0.0,47459333.00999999,,,,
2020-11-30,12277.0,26310.0,-0.4957206660802335,0,,,,,0,0,0.0,-2540666.99,0.0,47459333.00999999,,,,
2020-12-01,12452.25,26915.0,0.6749725959023076,0,,,,,0,0,0.0,-2540666.99,0.0,47459333.00999999,,,,
2020-12-02,12454.25,26825.0,0.22199716020602223,0,,,,,0,0,0.0,-2540666.99,0.0,47459333.00999999,,,,
2020-12-03,12462.25,26710.0,-0.40219283197767747,0,,,,,0,0,0.0,-2540666.99,0.0,47459333.00999999,,,,
2020-12-04,12526.0,26860.0,-0.27614333759306087,0,,,,,0,0,0.0,-2540666.99,0.0,47459333.00999999,,,,
2020-12-05,12526.0,26860.0,-0.3525779844549703,0,,,,,0,0,0.0,-2540666.99,0.0,47459333.00999999,,,,
2020-12-06,12526.0,26860.0,-0.3057458294066706,0,,,,,0,0,0.0,-2540666.99,0.0,47459333.00999999,,,,
2020-12-07,12596.0,26435.0,-2.410703713762214,0,,,,,0,0,0.0,-2540666.99,0.0,47459333.00999999,,,,
2020-12-08,12637.5,26570.0,-1.8869066668406063,0,,,,,0,0,0.0,-2540666.99,0.0,47459333.00999999,,,,
2020-12-09,12367.0,26690.0,0.2565276855530322,0,,,,,0,0,0.0,-2540666.99,0.0,47459333.00999999,,,,
2020-12-10,12402.0,26710.0,0.07143375243119651,0,,,,,0,0,0.0,-2540666.99,0.0,47459333.00999999,,,,
2020-12-11,12368.0,26615.0,-0.10144319765317544,0,,,,,0,0,0.0,-2540666.99,0.0,47459333.00999999,,,,
2020-12-12,12368.0,26615.0,-0.12146327075774323,0,,,,,0,0,0.0,-2540666.99,0.0,47459333.00999999,,,,
2020-12-13,12368.0,26615.0,-0.10066166163822868,0,,,,,0,0,0.0,-2540666.99,0.0,47459333.00999999,,,,
2020-12-14,12456.5,26700.0,-0.29664223135930673,0,,,,,0,0,0.0,-2540666.99,0.0,47459333.00999999,,,,
2020-12-15,12591.75,26655.0,-1.3317809261551177,0,,,,,0,0,0.0,-2540666.99,0.0,47459333.00999999,,,,
2020-12-16,12665.25,26725.0,-1.386589179508978,0,,,,,0,0,0.0,-2540666.99,0.0,47459333.00999999,,,,
2020-12-17,12751.0,26775.0,-1.583186654554966,0,,,,,0,0,0.0,-2540666.99,0.0,47459333.00999999,,,,
2020-12-18,12800.0595703125,26735.0,-1.8366004215487666,0,,,,,0,0,0.0,-2540666.99,0.0,47459333.00999999,,,,
2020-12-19,12800.0595703125,26735.0,-1.679200037124062,0,,,,,0,0,0.0,-2540666.99,0.0,47459333.00999999,,,,
2020-12-20,12800.0595703125,26735.0,-1.489884153353935,0,,,,,0,0,0.0,-2540666.99,0.0,47459333.00999999,,,,
2020-12-21,12683.5,26690.0,-0.8515913390783216,0,,,,,0,0,0.0,-2540666.99,0.0,47459333.00999999,,,,
2020-12-22,12710.0,26415.0,-1.773122925517967,0,,,,,0,0,0.0,-2540666.99,0.0,47459333.00999999,,,,
2020-12-23,12651.25,26505.0,-1.0044779477233876,0,,,,,0,0,0.0,-2540666.99,0.0,47459333.00999999,,,,
2020-12-24,12704.5,26655.0,-0.7177941694079978,0,,,,,0,0,0.0,-2540666.99,0.0,47459333.00999999,,,,
2020-12-25,12704.5,26655.0,-0.6420785880803329,0,,,,,0,0,0.0,-2540666.99,0.0,47459333.00999999,,,,
2020-12-26,12704.5,26655.0,-0.5685798990521103,0,,,,,0,0,0.0,-2540666.99,0.0,47459333.00999999,,,,
2020-12-27,12704.5,26655.0,-0.577935290214492,0,,,,,0,0,0.0,-2540666.99,0.0,47459333.00999999,,,,
2020-12-28,12832.75,26840.0,-0.6792231957392786,0,,,,,0,0,0.0,-2540666.99,0.0,47459333.00999999,,,,
2020-12-29,12841.0,27555.0,1.8374854602256085,0,,,,,0,0,0.0,-2540666.99,0.0,47459333.00999999,,,,
2020-12-30,12841.5,27435.0,1.4140835895171275,0,,,,,0,0,0.0,-2540666.99,0.0,47459333.00999999,,,,
2020-12-31,12885.5,27435.0,1.1712056297994096,0,,,,,0,0,0.0,-2540666.99,0.0,47459333.00999999,,,,
2021-01-01,12885.5,27435.0,1.1971961691785276,0,,,,,0,0,0.0,-2540666.99,0.0,47459333.00999999,,,,
2021-01-02,12885.5,27435.0,1.2242702889545631,0,,,,,0,0,0.0,-2540666.99,0.0,47459333.00999999,,,,
2021-01-03,12885.5,27435.0,1.2194288503237558,0,,,,,0,0,0.0,-2540666.99,0.0,47459333.00999999,,,,
2021-01-04,12685.5,27255.0,1.6015534949025902,0,,,,,0,0,0.0,-2540666.99,0.0,47459333.00999999,,,,
2021-01-05,12793.5,27155.0,0.5792879636249717,0,,,,,0,0,0.0,-2540666.99,0.0,47459333.00999999,,,,
2021-01-06,12616.75,27055.0,1.1394097329425865,0,,,,,0,0,0.0,-2540666.99,0.0,47459333.00999999,,,,
2021-01-07,12928.0,27490.0,0.7542029745471517,0,,,,,0,0,0.0,-2540666.99,0.0,47459333.00999999,,,,
2021-01-08,13097.25,28090.0,1.5964707851146103,0,,,,,0,0,0.0,-2540666.99,0.0,47459333.00999999,,,,
2021-01-09,13097.25,28090.0,1.427700226810679,0,,,,,0,0,0.0,-2540666.99,0.0,47459333.00999999,,,,
2021-01-10,13097.25,28090.0,1.2780465270650159,0,,,,,0,0,0.0,-2540666.99,0.0,47459333.00999999,,,,
2021-01-11,12897.0,28095.0,2.0588522986343154,0,,,,,0,0,0.0,-2540666.99,0.0,47459333.00999999,,,,
2021-01-12,12890.25,28120.0,1.8902360671841272,0,,,,,0,0,0.0,-2540666.99,0.0,47459333.00999999,,,,
2021-01-13,12972.25,28415.0,2.0005953468824034,0,,,,,0,0,0.0,-2540666.99,0.0,47459333.00999999,,,,
2021-01-14,12901.0,28655.0,2.3966157234268457,0,,,,,0,0,0.0,-2540666.99,0.0,47459333.00999999,,,,
2021-01-15,12802.25,28480.0,2.041291929901617,0,,,,,0,0,0.0,-2540666.99,0.0,47459333.00999999,,,,
2021-01-16,12802.25,28480.0,1.8083420567551516,0,,,,,0,0,0.0,-2540666.99,0.0,47459333.00999999,,,,
2021-01-17,12802.25,28480.0,1.6475483766586538,0,,,,,0,0,0.0,-2540666.99,0.0,47459333.00999999,,,,
2021-01-18,12802.25,28480.0,1.457278622034249,0,,,,,0,0,0.0,-2540666.99,0.0,47459333.00999999,,,,
2021-01-19,12985.5,28600.0,0.9753898489587004,0,,,,,0,0,0.0,-2540666.99,0.0,47459333.00999999,,,,
2021-01-20,13294.25,28490.0,-0.31909085558071826,0,,,,,0,0,0.0,-2540666.99,0.0,47459333.00999999,,,,
2021-01-21,13395.5,28725.0,-0.23997606602712163,0,,,,,0,0,0.0,-2540666.99,0.0,47459333.00999999,,,,
2021-01-22,13361.5,28600.0,-0.43273362267254023,0,,,,,0,0,0.0,-2540666.99,0.0,47459333.00999999,,,,
2021-01-23,13361.5,28600.0,-0.48890915343373814,0,,,,,0,0,0.0,-2540666.99,0.0,47459333.00999999,,,,
2021-01-24,13361.5,28600.0,-0.5207601825008747,0,,,,,0,0,0.0,-2540666.99,0.0,47459333.00999999,,,,
2021-01-25,13475.5,28795.0,-0.6116166654739511,0,,,,,0,0,0.0,-2540666.99,0.0,47459333.00999999,,,,
2021-01-26,13485.5,28520.0,-1.323577831984777,0,,,,,0,0,0.0,-2540666.99,0.0,47459333.00999999,,,,
2021-01-27,13105.5,28610.0,0.38834858946236744,0,,,,,0,0,0.0,-2540666.99,0.0,47459333.00999999,,,,
2021-01-28,13186.0,28175.0,-1.0827221246308085,0,,,,,0,0,0.0,-2540666.99,0.0,47459333.00999999,,,,
2021-01-29,12911.25,27645.0,-1.2128593166417057,0,,,,,0,0,0.0,-2540666.99,0.0,47459333.00999999,,,,
2021-01-30,12911.25,27645.0,-1.1751610966784192,0,,,,,0,0,0.0,-2540666.99,0.0,47459333.00999999,,,,
2021-01-31,12911.25,27645.0,-1.0794648708745742,0,,,,,0,0,0.0,-2540666.99,0.0,47459333.00999999,,,,
2021-02-01,13236.5,28075.0,-1.2365557691558924,0,,,,,0,0,0.0,-2540666.99,0.0,47459333.00999999,,,,
2021-02-02,13449.0,28350.0,-1.2801486728754046,0,,,,,0,0,0.0,-2540666.99,0.0,47459333.00999999,,,,
2021-02-03,13394.25,28635.0,-0.36791577471415754,0,,,,,0,0,0.0,-2540666.99,0.0,47459333.00999999,,,,
2021-02-04,13547.5,28330.0,-1.5423234116261542,0,,,,,0,0,0.0,-2540666.99,0.0,47459333.00999999,,,,
2021-02-05,13598.0,28770.0,-0.6282965058045967,0,,,,,0,0,0.0,-2540666.99,0.0,47459333.00999999,,,,
2021-02-06,13598.0,28770.0,-0.5610519944640109,0,,,,,0,0,0.0,-2540666.99,0.0,47459333.00999999,,,,
2021-02-07,13598.0,28770.0,-0.5038549034492906,0,,,,,0,0,0.0,-2540666.99,0.0,47459333.00999999,,,,
2021-02-08,13683.0,29385.0,1.5623206021057996,0,,,,,0,0,0.0,-2540666.99,0.0,47459333.00999999,,,,
2021-02-09,13680.25,29505.0,1.8441448961902693,0,,,,,0,0,0.0,-2540666.99,0.0,47459333.00999999,,,,
2021-02-10,13643.5,29560.0,1.9925085577881188,0,,,,,0,0,0.0,-2540666.99,0.0,47459333.00999999,,,,
2021-02-11,13729.0,29565.0,1.359371968750934,0,,,,,0,0,0.0,-2540666.99,0.0,47459333.00999999,,,,
2021-02-12,13804.75,29615.0,1.0197137101017846,0,,,,,0,0,0.0,-2540666.99,0.0,47459333.00999999,,,,
2021-02-13,13804.75,29615.0,0.9515537317149958,0,,,,,0,0,0.0,-2540666.99,0.0,47459333.00999999,,,,
2021-02-14,13804.75,29615.0,0.8892529208927332,0,,,,,0,0,0.0,-2540666.99,0.0,47459333.00999999,,,,
2021-02-15,13804.75,29615.0,0.803952934169485,0,,,,,0,0,0.0,-2540666.99,0.0,47459333.00999999,,,,
2021-02-16,13767.75,30415.0,2.7500237134239547,0,,,,,0,0,0.0,-2540666.99,0.0,47459333.00999999,,,,
2021-02-17,13699.75,30345.0,2.286833129517677,0,,,,,0,0,0.0,-2540666.99,0.0,47459333.00999999,,,,
2021-02-18,13633.0,30120.0,1.759819801348757,0,,,,,0,0,0.0,-2540666.99,0.0,47459333.00999999,,,,
2021-02-19,13576.0,30200.0,1.8073143157268605,0,,,,,0,0,0.0,-2540666.99,0.0,47459333.00999999,,,,
2021-02-20,13576.0,30200.0,1.584326310989223,0,,,,,0,0,0.0,-2540666.99,0.0,47459333.00999999,,,,
2021-02-21,13576.0,30200.0,1.4149388996930405,0,,,,,0,0,0.0,-2540666.99,0.0,47459333.00999999,,,,
2021-02-22,13224.25,29985.0,1.7960230634904706,0,,,,,0,0,0.0,-2540666.99,0.0,47459333.00999999,,,,
2021-02-23,13192.0,29995.0,1.6552436553599772,0,,,,,0,0,0.0,-2540666.99,0.0,47459333.00999999,,,,
2021-02-24,13302.0,30060.0,1.3640213413433444,0,,,,,0,0,0.0,-2540666.99,0.0,47459333.00999999,,,,
2021-02-25,12831.75,29620.0,1.7032323862233323,0,,,,,0,0,0.0,-2540666.99,0.0,47459333.00999999,,,,
2021-02-26,12911.0,29285.0,0.9062997253793426,0,,,,,0,0,0.0,-2540666.99,0.0,47459333.00999999,,,,
2021-02-27,12911.0,29285.0,0.833163024079287,0,,,,,0,0,0.0,-2540666.99,0.0,47459333.00999999,,,,
2021-02-28,12911.0,29285.0,0.7507117689502013,0,,,,,0,0,0.0,-2540666.99,0.0,47459333.00999999,,,,
2021-03-01,13279.75,29900.0,0.6588851960968498,0,,,,,0,0,0.0,-2540666.99,0.0,47459333.00999999,,,,
2021-03-02,13055.25,29520.0,0.584579367197591,0,,,,,0,0,0.0,-2540666.99,0.0,47459333.00999999,,,,
2021-03-03,12681.75,29275.0,1.190922924207749,0,,,,,0,0,0.0,-2540666.99,0.0,47459333.00999999,,,,
2021-03-04,12455.0,28900.0,1.1222026397953002,0,,,,,0,0,0.0,-2540666.99,0.0,47459333.00999999,,,,
2021-03-05,12663.75,29180.0,0.917797985905994,0,,,,,0,0,0.0,-2540666.99,0.0,47459333.00999999,,,,
2021-03-06,12663.75,29180.0,0.8951145224303488,0,,,,,0,0,0.0,-2540666.99,0.0,47459333.00999999,,,,
2021-03-07,12663.75,29180.0,0.9912863216816817,0,,,,,0,0,0.0,-2540666.99,0.0,47459333.00999999,,,,
2021-03-08,12297.25,28830.0,1.781258909070531,0,,,,,0,0,0.0,-2540666.99,0.0,47459333.00999999,,,,
2021-03-09,12788.75,29215.0,0.06807047042436155,0,,,,,0,0,0.0,-2540666.99,0.0,47459333.00999999,,,,
2021-03-10,12749.25,29105.0,-0.21765604770279923,0,,,,,0,0,0.0,-2540666.99,0.0,47459333.00999999,,,,
2021-03-11,13048.25,29285.0,-1.6235636969312897,0,,,,,0,0,0.0,-2540666.99,0.0,47459333.00999999,,,,
2021-03-12,12933.5,29675.0,0.8311878892298431,0,,,,,0,0,0.0,-2540666.99,0.0,47459333.00999999,,,,
2021-03-13,12933.5,29675.0,0.7574139695919653,0,,,,,0,0,0.0,-2540666.99,0.0,47459333.00999999,,,,
2021-03-14,12933.5,29675.0,0.7033802520532995,0,,,,,0,0,0.0,-2540666.99,0.0,47459333.00999999,,,,
2021-03-15,13078.5,29730.0,-0.2001078602336952,0,,,,,0,0,0.0,-2540666.99,0.0,47459333.00999999,,,,
2021-03-16,13151.5,29885.0,-0.06623483284930828,0,,,,,0,0,0.0,-2540666.99,0.0,47459333.00999999,,,,
2021-03-17,13201.5,29880.0,-0.43098837000411505,0,,,,,0,0,0.0,-2540666.99,0.0,47459333.00999999,,,,
2021-03-18,12795.5,30185.0,3.0695606648035163,0,,,,,0,0,0.0,-2540666.99,0.0,47459333.00999999,,,,
2021-03-19,12808.759765625,29760.0,1.3033403373128842,0,,,,,0,0,0.0,-2540666.99,0.0,47459333.00999999,,,,
2021-03-20,12808.759765625,29760.0,1.1743172890789926,0,,,,,0,0,0.0,-2540666.99,0.0,47459333.00999999,,,,
2021-03-21,12808.759765625,29760.0,1.0630391509619466,0,,,,,0,0,0.0,-2540666.99,0.0,47459333.00999999,,,,
2021-03-22,13071.75,29150.0,-2.2396863004078416,0,,,,,0,0,0.0,-2540666.99,0.0,47459333.00999999,,,,
2021-03-23,13006.25,28970.0,-2.038635049584863,0,,,,,0,0,0.0,-2540666.99,0.0,47459333.00999999,,,,
2021-03-24,12794.0,28385.0,-2.1603888203121917,0,,,,,0,0,0.0,-2540666.99,0.0,47459333.00999999,,,,
2021-03-25,12770.5,28710.0,-1.1866133143979614,0,,,,,0,0,0.0,-2540666.99,0.0,47459333.00999999,,,,
2021-03-26,12966.75,29155.0,-0.856126442493672,0,,,,,0,0,0.0,-2540666.99,0.0,47459333.00999999,,,,
2021-03-27,12966.75,29155.0,-0.7856257221767492,0,,,,,0,0,0.0,-2540666.99,0.0,47459333.00999999,,,,
2021-03-28,12966.75,29155.0,-0.706868226362906,0,,,,,0,0,0.0,-2540666.99,0.0,47459333.00999999,,,,
2021-03-29,12944.5,29370.0,-0.14052747133462154,0,,,,,0,0,0.0,-2540666.99,0.0,47459333.00999999,,,,
2021-03-30,12878.25,29420.0,0.20390880642501139,0,,,,,0,0,0.0,-2540666.99,0.0,47459333.00999999,,,,
2021-03-31,13089.75,29165.0,-1.0954458224452093,0,,,,,0,0,0.0,-2540666.99,0.0,47459333.00999999,,,,
2021-04-01,13316.0,29380.0,-1.3004416951435842,0,,,,,0,0,0.0,-2540666.99,0.0,47459333.00999999,,,,
2021-04-02,13316.0,29380.0,-1.1702086136530994,0,,,,,0,0,0.0,-2540666.99,0.0,47459333.00999999,,,,
2021-04-03,13316.0,29380.0,-1.0571601624465043,0,,,,,0,0,0.0,-2540666.99,0.0,47459333.00999999,,,,
2021-04-04,13316.0,29380.0,-0.9623315076940379,0,,,,,0,0,0.0,-2540666.99,0.0,47459333.00999999,,,,
2021-04-05,13585.5,30085.0,-0.4301694252142495,0,,,,,0,0,0.0,-2540666.99,0.0,47459333.00999999,,,,
2021-04-06,13570.0,29695.0,-1.0305201557498296,0,,,,,0,0,0.0,-2540666.99,0.0,47459333.00999999,,,,
2021-04-07,13604.75,29730.0,-1.0537456651603125,0,,,,,0,0,0.0,-2540666.99,0.0,47459333.00999999,,,,
2021-04-08,13747.75,29710.0,-1.5285123006895835,0,,,,,0,0,0.0,-2540666.99,0.0,47459333.00999999,,,,
2021-04-09,13829.5,29715.0,-1.7589617361115428,0,,,,,0,0,0.0,-2540666.99,0.0,47459333.00999999,,,,
2021-04-10,13829.5,29715.0,-1.7928251799552886,0,,,,,0,0,0.0,-2540666.99,0.0,47459333.00999999,,,,
2021-04-11,13829.5,29715.0,-1.572327507612014,0,,,,,0,0,0.0,-2540666.99,0.0,47459333.00999999,,,,
2021-04-12,13808.75,29490.0,-1.7924449096037807,0,,,,,0,0,0.0,-2540666.99,0.0,47459333.00999999,,,,
2021-04-13,13975.75,29705.0,-1.7184580910342386,0,,,,,0,0,0.0,-2540666.99,0.0,47459333.00999999,,,,
2021-04-14,13798.75,29575.0,-1.2005234963602054,0,,,,,0,0,0.0,-2540666.99,0.0,47459333.00999999,,,,
2021-04-15,14014.0,29600.0,-1.6935025986130126,0,,,,,0,0,0.0,-2540666.99,0.0,47459333.00999999,,,,
2021-04-16,14029.5,29640.0,-1.4791571109972526,0,,,,,0,0,0.0,-2540666.99,0.0,47459333.00999999,,,,
2021-04-17,14029.5,29640.0,-1.3292634619907653,0,,,,,0,0,0.0,-2540666.99,0.0,47459333.00999999,,,,
2021-04-18,14029.5,29640.0,-1.2342591228884083,0,,,,,0,0,0.0,-2540666.99,0.0,47459333.00999999,,,,
2021-04-19,13897.25,29650.0,-0.7045964774176963,0,,,,,0,0,0.0,-2540666.99,0.0,47459333.00999999,,,,
2021-04-20,13794.25,29065.0,-1.5373351980036465,0,,,,,0,0,0.0,-2540666.99,0.0,47459333.00999999,,,,
2021-04-21,13919.25,28475.0,-2.6440222641356903,0,,,,,0,0,0.0,-2540666.99,0.0,47459333.00999999,,,,
2021-04-22,13750.25,29155.0,-0.6610317035338286,0,,,,,0,0,0.0,-2540666.99,0.0,47459333.00999999,,,,
2021-04-23,13927.0,28990.0,-1.4370680511604017,0,,,,,0,0,0.0,-2540666.99,0.0,47459333.00999999,,,,
2021-04-24,13927.0,28990.0,-1.3058255907679417,0,,,,,0,0,0.0,-2540666.99,0.0,47459333.00999999,,,,
2021-04-25,13927.0,28990.0,-1.2442430921187604,0,,,,,0,0,0.0,-2540666.99,0.0,47459333.00999999,,,,
2021-04-26,14011.5,29100.0,-1.2141247697868398,0,,,,,0,0,0.0,-2540666.99,0.0,47459333.00999999,,,,
2021-04-27,13953.0,28965.0,-1.209109594712211,0,,,,,0,0,0.0,-2540666.99,0.0,47459333.00999999,,,,
2021-04-28,13892.25,29030.0,-0.7230013924490263,0,,,,,0,0,0.0,-2540666.99,0.0,47459333.00999999,,,,
2021-04-29,13953.5,29030.0,-0.8947933251582008,0,,,,,0,0,0.0,-2540666.99,0.0,47459333.00999999,,,,
2021-04-30,13850.0,28795.0,-0.9596618677815152,0,,,,,0,0,0.0,-2540666.99,0.0,47459333.00999999,,,,
2021-05-01,13850.0,28795.0,-0.8789674257337811,0,,,,,0,0,0.0,-2540666.99,0.0,47459333.00999999,,,,
2021-05-02,13850.0,28795.0,-0.7945837766117957,0,,,,,0,0,0.0,-2540666.99,0.0,47459333.00999999,,,,
2021-05-03,13790.0,28795.0,-0.42521591781456275,0,,,,,0,0,0.0,-2540666.99,0.0,47459333.00999999,,,,
2021-05-04,13536.0,28800.0,1.0417655304160356,0,,,,,0,0,0.0,-2540666.99,0.0,47459333.00999999,,,,
2021-05-05,13491.0,29155.0,2.1411080204773896,0,,,,,0,0,0.0,-2540666.99,0.0,47459333.00999999,,,,
2021-05-06,13597.75,29320.0,1.8679812102068127,0,,,,,0,0,0.0,-2540666.99,0.0,47459333.00999999,,,,
2021-05-07,13709.75,29350.0,1.3487866990604866,0,,,,,0,0,0.0,-2540666.99,0.0,47459333.00999999,,,,
2021-05-08,13709.75,29350.0,1.2724951460638738,0,,,,,0,0,0.0,-2540666.99,0.0,47459333.00999999,,,,
2021-05-09,13709.75,29350.0,1.26680938703553,0,,,,,0,0,0.0,-2540666.99,0.0,47459333.00999999,,,,
2021-05-10,13356.75,29515.0,2.4760671489230455,0,,,,,0,0,0.0,-2540666.99,0.0,47459333.00999999,,,,
2021-05-11,13346.0,28605.0,0.5644207844177083,0,,,,,0,0,0.0,-2540666.99,0.0,47459333.00999999,,,,
2021-05-12,12998.5,28145.0,0.8034217092733414,0,,,,,0,0,0.0,-2540666.99,0.0,47459333.00999999,,,,
2021-05-13,13100.25,27450.0,-1.0494328357540867,0,,,,,0,0,0.0,-2540666.99,0.0,47459333.00999999,,,,
2021-05-14,13387.0,28310.0,-0.2739097760191136,0,,,,,0,0,0.0,-2540666.99,0.0,47459333.00999999,,,,
2021-05-15,13387.0,28310.0,-0.303501831619542,0,,,,,0,0,0.0,-2540666.99,0.0,47459333.00999999,,,,
2021-05-16,13387.0,28310.0,-0.33911822894812543,0,,,,,0,0,0.0,-2540666.99,0.0,47459333.00999999,,,,
2021-05-17,13303.5,27785.0,-1.1789424802945985,0,,,,,0,0,0.0,-2540666.99,0.0,47459333.00999999,,,,
2021-05-18,13212.0,28130.0,-0.09816839225885601,0,,,,,0,0,0.0,-2540666.99,0.0,47459333.00999999,,,,
2021-05-19,13233.5,27935.0,-0.6380182608940757,0,,,,,0,0,0.0,-2540666.99,0.0,47459333.00999999,,,,
2021-05-20,13486.5,28230.0,-0.949825247143833,0,,,,,0,0,0.0,-2540666.99,0.0,47459333.00999999,,,,
2021-05-21,13405.0,28380.0,-0.34127083135083963,0,,,,,0,0,0.0,-2540666.99,0.0,47459333.00999999,,,,
2021-05-22,13405.0,28380.0,-0.3934679101529613,0,,,,,0,0,0.0,-2540666.99,0.0,47459333.00999999,,,,
2021-05-23,13405.0,28380.0,-0.431153578668354,0,,,,,0,0,0.0,-2540666.99,0.0,47459333.00999999,,,,
2021-05-24,13635.25,28495.0,-1.0214467512377305,0,,,,,0,0,0.0,-2540666.99,0.0,47459333.00999999,,,,
2021-05-25,13656.25,28405.0,-1.1961459432093122,0,,,,,0,0,0.0,-2540666.99,0.0,47459333.00999999,,,,
2021-05-26,13700.25,28610.0,-0.7972695843667973,0,,,,,0,0,0.0,-2540666.99,0.0,47459333.00999999,,,,
2021-05-27,13665.5,28850.0,-0.008805366495031445,0,,,,,0,0,0.0,-2540666.99,0.0,47459333.00999999,,,,
2021-05-28,13686.5,29020.0,0.37966657926724395,0,,,,,0,0,0.0,-2540666.99,0.0,47459333.00999999,,,,
2021-05-29,13686.5,29020.0,0.4311709463026885,0,,,,,0,0,0.0,-2540666.99,0.0,47459333.00999999,,,,
2021-05-30,13686.5,29020.0,0.8758553850468723,0,,,,,0,0,0.0,-2540666.99,0.0,47459333.00999999,,,,
2021-05-31,13686.5,29020.0,0.950106588967905,0,,,,,0,0,0.0,-2540666.99,0.0,47459333.00999999,,,,
2021-06-01,13648.75,28745.0,0.17286069618191222,0,,,,,0,0,0.0,-2540666.99,0.0,47459333.00999999,,,,
2021-06-02,13673.75,28875.0,0.5382944587828415,0,,,,,0,0,0.0,-2540666.99,0.0,47459333.00999999,,,,
2021-06-03,13529.25,28995.0,2.083243326790229,0,,,,,0,0,0.0,-2540666.99,0.0,47459333.00999999,,,,
2021-06-04,13766.75,29120.0,0.7283959570038333,0,,,,,0,0,0.0,-2540666.99,0.0,47459333.00999999,,,,
2021-06-05,13766.75,29120.0,0.6804083814264569,0,,,,,0,0,0.0,-2540666.99,0.0,47459333.00999999,,,,
2021-06-06,13766.75,29120.0,0.6090390946145294,0,,,,,0,0,0.0,-2540666.99,0.0,47459333.00999999,,,,
2021-06-07,13804.25,29140.0,0.38735523306104935,0,,,,,0,0,0.0,-2540666.99,0.0,47459333.00999999,,,,
2021-06-08,13811.5,28985.0,-0.4811791564656945,0,,,,,0,0,0.0,-2540666.99,0.0,47459333.00999999,,,,
2021-06-09,13814.25,28825.0,-1.3549031521903372,0,,,,,0,0,0.0,-2540666.99,0.0,47459333.00999999,,,,
2021-06-10,13959.75,28975.0,-1.6292203725531182,0,,,,,0,0,0.0,-2540666.99,0.0,47459333.00999999,,,,
2021-06-11,13994.25,28905.0,-1.9054198317134994,0,,,,,0,0,0.0,-2540666.99,0.0,47459333.00999999,,,,
2021-06-12,13994.25,28905.0,-1.6614020773890612,0,,,,,0,0,0.0,-2540666.99,0.0,47459333.00999999,,,,
2021-06-13,13994.25,28905.0,-1.5453699236849807,0,,,,,0,0,0.0,-2540666.99,0.0,47459333.00999999,,,,
2021-06-14,14124.75,29125.0,-1.5041119415818494,0,,,,,0,0,0.0,-2540666.99,0.0,47459333.00999999,,,,
2021-06-15,14030.25,29405.0,0.07455878409474208,0,,,,,0,0,0.0,-2540666.99,0.0,47459333.00999999,,,,
2021-06-16,13981.25,29255.0,-0.1534891411390202,0,,,,,0,0,0.0,-2540666.99,0.0,47459333.00999999,,,,
2021-06-17,14165.5,28985.0,-1.967989339410211,0,,,,,0,0,0.0,-2540666.99,0.0,47459333.00999999,,,,
2021-06-18,14107.4296875,28935.0,-1.5848398705838864,0,,,,,0,0,0.0,-2540666.99,0.0,47459333.00999999,,,,
2021-06-19,14107.4296875,28935.0,-1.4118782706039092,0,,,,,0,0,0.0,-2540666.99,0.0,47459333.00999999,,,,
2021-06-20,14107.4296875,28935.0,-1.2699587884898842,0,,,,,0,0,0.0,-2540666.99,0.0,47459333.00999999,,,,
2021-06-21,14130.0,27985.0,-2.9512300200311095,0,,,,,0,0,0.0,-2540666.99,0.0,47459333.00999999,,,,
2021-06-22,14258.25,28860.0,-1.3227053464780718,0,,,,,0,0,0.0,-2540666.99,0.0,47459333.00999999,,,,
2021-06-23,14263.0,28850.0,-1.2535249999332343,0,,,,,0,0,0.0,-2540666.99,0.0,47459333.00999999,,,,
2021-06-24,14354.25,28855.0,-1.4221715899291465,0,,,,,0,0,0.0,-2540666.99,0.0,47459333.00999999,,,,
2021-06-25,14339.0,29045.0,-0.8611352503013431,0,,,,,0,0,0.0,-2540666.99,0.0,47459333.00999999,,,,
2021-06-26,14339.0,29045.0,-0.7806117249050647,0,,,,,0,0,0.0,-2540666.99,0.0,47459333.00999999,,,,
2021-06-27,14339.0,29045.0,-0.7041194893954243,0,,,,,0,0,0.0,-2540666.99,0.0,47459333.00999999,,,,
2021-06-28,14512.5,29035.0,-1.3337692710428566,0,,,,,0,0,0.0,-2540666.99,0.0,47459333.00999999,,,,
2021-06-29,14563.0,28800.0,-1.8518471432045402,0,,,,,0,0,0.0,-2540666.99,0.0,47459333.00999999,,,,
2021-06-30,14549.0,28780.0,-1.617473936195972,0,,,,,0,0,0.0,-2540666.99,0.0,47459333.00999999,,,,
2021-07-01,14548.5,28695.0,-1.5836843201537338,0,,,,,0,0,0.0,-2540666.99,0.0,47459333.00999999,,,,
2021-07-02,14713.75,28775.0,-1.736899652902047,0,,,,,0,0,0.0,-2540666.99,0.0,47459333.00999999,,,,
2021-07-03,14713.75,28775.0,-1.5327293182980748,0,,,,,0,0,0.0,-2540666.99,0.0,47459333.00999999,,,,
2021-07-04,14713.75,28775.0,-1.3699532408633683,0,,,,,0,0,0.0,-2540666.99,0.0,47459333.00999999,,,,
2021-07-05,14713.75,28775.0,-1.2883592385751623,0,,,,,0,0,0.0,-2540666.99,0.0,47459333.00999999,,,,
2021-07-06,14775.5,28640.0,-1.6604244203277814,0,,,,,0,0,0.0,-2540666.99,0.0,47459333.00999999,,,,
2021-07-07,14802.25,28365.0,-1.985965646179706,0,,,,,0,0,0.0,-2540666.99,0.0,47459333.00999999,,,,
2021-07-08,14712.25,28120.0,-1.8837845656824812,0,,,,,0,0,0.0,-2540666.99,0.0,47459333.00999999,,,,
2021-07-09,14810.5,27890.0,-2.194321212779781,0,,,,,0,0,0.0,-2540666.99,0.0,47459333.00999999,,,,
2021-07-10,14810.5,27890.0,-1.9203227357738228,0,,,,,0,0,0.0,-2540666.99,0.0,47459333.00999999,,,,
2021-07-11,14810.5,27890.0,-1.6739081201435821,0,,,,,0,0,0.0,-2540666.99,0.0,47459333.00999999,,,,
2021-07-12,14869.25,28520.0,-0.8087063282947226,0,,,,,0,0,0.0,-2540666.99,0.0,47459333.00999999,,,,
2021-07-13,14865.0,28675.0,-0.4950082973968844,0,,,,,0,0,0.0,-2540666.99,0.0,47459333.00999999,,,,
2021-07-14,14891.75,28565.0,-0.6578497347804717,0,,,,,0,0,0.0,-2540666.99,0.0,47459333.00999999,,,,
2021-07-15,14787.5,28235.0,-0.821788319706689,0,,,,,0,0,0.0,-2540666.99,0.0,47459333.00999999,,,,
2021-07-16,14670.5,27965.0,-0.8708021834252279,0,,,,,0,0,0.0,-2540666.99,0.0,47459333.00999999,,,,
2021-07-17,14670.5,27965.0,-0.8152745445079143,0,,,,,0,0,0.0,-2540666.99,0.0,47459333.00999999,,,,
2021-07-18,14670.5,27965.0,-0.7485359333981125,0,,,,,0,0,0.0,-2540666.99,0.0,47459333.00999999,,,,
2021-07-19,14540.75,27620.0,-0.945023396145461,0,,,,,0,0,0.0,-2540666.99,0.0,47459333.00999999,,,,
2021-07-20,14722.75,27355.0,-2.021070695999363,0,,,,,0,0,0.0,-2540666.99,0.0,47459333.00999999,,,,
2021-07-21,14827.75,27515.0,-1.8416203171018406,0,,,,,0,0,0.0,-2540666.99,0.0,47459333.00999999,,,,
2021-07-22,14928.5,27515.0,-1.9283538947990977,0,,,,,0,0,0.0,-2540666.99,0.0,47459333.00999999,,,,
2021-07-23,15098.0,27520.0,-2.144002010347,0,,,,,0,0,0.0,-2540666.99,0.0,47459333.00999999,,,,
2021-07-24,15098.0,27520.0,-1.8886264400954111,0,,,,,0,0,0.0,-2540666.99,0.0,47459333.00999999,,,,
2021-07-25,15098.0,27520.0,-1.7076387898886853,0,,,,,0,0,0.0,-2540666.99,0.0,47459333.00999999,,,,
2021-07-26,15117.75,27810.0,-1.118402327547243,0,,,,,0,0,0.0,-2540666.99,0.0,47459333.00999999,,,,
2021-07-27,14947.75,27945.0,-0.24637381509146244,0,,,,,0,0,0.0,-2540666.99,0.0,47459333.00999999,,,,
2021-07-28,15011.5,27560.0,-1.1016940287090395,0,,,,,0,0,0.0,-2540666.99,0.0,47459333.00999999,,,,
2021-07-29,15037.75,27760.0,-0.7369919842932906,0,,,,,0,0,0.0,-2540666.99,0.0,47459333.00999999,,,,
2021-07-30,14955.75,27265.0,-1.2797548794815914,0,,,,,0,0,0.0,-2540666.99,0.0,47459333.00999999,,,,
2021-07-31,14955.75,27265.0,-1.1576134431895582,0,,,,,0,0,0.0,-2540666.99,0.0,47459333.00999999,,,,
2021-08-01,14955.75,27265.0,-1.0539075742623625,0,,,,,0,0,0.0,-2540666.99,0.0,47459333.00999999,,,,
2021-08-02,14952.75,27765.0,-0.04786591221569066,0,,,,,0,0,0.0,-2540666.99,0.0,47459333.00999999,,,,
2021-08-03,15046.25,27630.0,-0.5579450422671407,0,,,,,0,0,0.0,-2540666.99,0.0,47459333.00999999,,,,
2021-08-04,15073.5,27570.0,-0.713871234508708,0,,,,,0,0,0.0,-2540666.99,0.0,47459333.00999999,,,,
2021-08-05,15167.75,27720.0,-0.6636673188958532,0,,,,,0,0,0.0,-2540666.99,0.0,47459333.00999999,,,,
2021-08-06,15095.5,27810.0,-0.014862529852863487,0,,,,,0,0,0.0,-2540666.99,0.0,47459333.00999999,,,,
2021-08-07,15095.5,27810.0,0.14073854506754424,0,,,,,0,0,0.0,-2540666.99,0.0,47459333.00999999,,,,
2021-08-08,15095.5,27810.0,0.3740087447925759,0,,,,,0,0,0.0,-2540666.99,0.0,47459333.00999999,,,,
2021-08-09,15125.25,27815.0,0.21425748541868989,0,,,,,0,0,0.0,-2540666.99,0.0,47459333.00999999,,,,
2021-08-10,15044.5,27885.0,1.272867996127376,0,,,,,0,0,0.0,-2540666.99,0.0,47459333.00999999,,,,
2021-08-11,15019.5,28070.0,2.0536346750326535,0,,,,,0,0,0.0,-2540666.99,0.0,47459333.00999999,,,,
2021-08-12,15078.5,28015.0,1.2205501358045385,0,,,,,0,0,0.0,-2540666.99,0.0,47459333.00999999,,,,
2021-08-13,15125.75,27900.0,0.2882866953022791,0,,,,,0,0,0.0,-2540666.99,0.0,47459333.00999999,,,,
2021-08-14,15125.75,27900.0,0.22095212762647812,0,,,,,0,0,0.0,-2540666.99,0.0,47459333.00999999,,,,
2021-08-15,15125.75,27900.0,0.20242549795266881,0,,,,,0,0,0.0,-2540666.99,0.0,47459333.00999999,,,,
2021-08-16,15134.0,27660.0,-0.9501080156811942,0,,,,,0,0,0.0,-2540666.99,0.0,47459333.00999999,,,,
2021-08-17,14997.5,27455.0,-0.7846249102910855,0,,,,,0,0,0.0,-2540666.99,0.0,47459333.00999999,,,,
2021-08-18,14849.25,27415.0,0.30814796373060377,0,,,,,0,0,0.0,-2540666.99,0.0,47459333.00999999,,,,
2021-08-19,14928.0,27250.0,-1.2552266533885044,0,,,,,0,0,0.0,-2540666.99,0.0,47459333.00999999,,,,
2021-08-20,15086.75,27260.0,-2.280113688592035,0,,,,,0,0,0.0,-2540666.99,0.0,47459333.00999999,,,,
2021-08-21,15086.75,27260.0,-2.0396309802936297,0,,,,,0,0,0.0,-2540666.99,0.0,47459333.00999999,,,,
2021-08-22,15086.75,27260.0,-1.7713948287452903,0,,,,,0,0,0.0,-2540666.99,0.0,47459333.00999999,,,,
2021-08-23,15304.5,27600.0,-1.6495376581455572,0,,,,,0,0,0.0,-2540666.99,0.0,47459333.00999999,,,,
2021-08-24,15355.5,27765.0,-1.2497595278743032,0,,,,,0,0,0.0,-2540666.99,0.0,47459333.00999999,,,,
2021-08-25,15364.25,27800.0,-1.0968159335766727,0,,,,,0,0,0.0,-2540666.99,0.0,47459333.00999999,,,,
2021-08-26,15274.75,27650.0,-0.9917859642437562,0,,,,,0,0,0.0,-2540666.99,0.0,47459333.00999999,,,,
2021-08-27,15426.5,27855.0,-1.0544213347387348,0,,,,,0,0,0.0,-2540666.99,0.0,47459333.00999999,,,,
2021-08-28,15426.5,27855.0,-0.9556961473367069,0,,,,,0,0,0.0,-2540666.99,0.0,47459333.00999999,,,,
2021-08-29,15426.5,27855.0,-0.8686618679710472,0,,,,,0,0,0.0,-2540666.99,0.0,47459333.00999999,,,,
2021-08-30,15597.5,27695.0,-1.9812083597956631,0,,,,,0,0,0.0,-2540666.99,0.0,47459333.00999999,,,,
2021-08-31,15582.5,28070.0,-0.7236416091122873,0,,,,,0,0,0.0,-2540666.99,0.0,47459333.00999999,,,,
2021-09-01,15609.25,28535.0,0.8324792520197224,0,,,,,0,0,0.0,-2540666.99,0.0,47459333.00999999,,,,
2021-09-02,15601.0,28610.0,1.2107500196771457,0,,,,,0,0,0.0,-2540666.99,0.0,47459333.00999999,,,,
2021-09-03,15651.5,29595.0,3.1898865251539426,0,,,,,0,0,0.0,-2540666.99,0.0,47459333.00999999,,,,
2021-09-04,15651.5,29595.0,2.5407806936354453,0,,,,,0,0,0.0,-2540666.99,0.0,47459333.00999999,,,,
2021-09-05,15651.5,29595.0,2.1055038314619448,0,,,,,0,0,0.0,-2540666.99,0.0,47459333.00999999,,,,
2021-09-06,15651.5,29595.0,1.8135310674203502,0,,,,,0,0,0.0,-2540666.99,0.0,47459333.00999999,,,,
2021-09-07,15674.75,29965.0,2.023900337404383,0,,,,,0,0,0.0,-2540666.99,0.0,47459333.00999999,,,,
2021-09-08,15620.0,29960.0,1.8413018733543658,0,,,,,0,0,0.0,-2540666.99,0.0,47459333.00999999,,,,
2021-09-09,15558.75,30130.0,1.8869913337786801,0,,,,,0,0,0.0,-2540666.99,0.0,47459333.00999999,,,,
2021-09-10,15441.5,30340.0,2.0114260307191274,0,,,,,0,0,0.0,-2540666.99,0.0,47459333.00999999,,,,
2021-09-11,15441.5,30340.0,1.7384646683030942,0,,,,,0,0,0.0,-2540666.99,0.0,47459333.00999999,,,,
2021-09-12,15441.5,30340.0,1.5334568657405567,0,,,,,0,0,0.0,-2540666.99,0.0,47459333.00999999,,,,
2021-09-13,15436.75,30410.0,1.4325443414710992,0,,,,,0,0,0.0,-2540666.99,0.0,47459333.00999999,,,,
2021-09-14,15387.0,30635.0,1.5318042924260529,0,,,,,0,0,0.0,-2540666.99,0.0,47459333.00999999,,,,
2021-09-15,15504.0,30475.0,1.083766902272301,0,,,,,0,0,0.0,-2540666.99,0.0,47459333.00999999,,,,
2021-09-16,15517.75,30290.0,0.8038796764250792,0,,,,,0,0,0.0,-2540666.99,0.0,47459333.00999999,,,,
2021-09-17,15486.669921875,30470.0,0.9346886433883119,0,,,,,0,0,0.0,-2540666.99,0.0,47459333.00999999,,,,
2021-09-18,15486.669921875,30470.0,0.8526678773621754,0,,,,,0,0,0.0,-2540666.99,0.0,47459333.00999999,,,,
2021-09-19,15486.669921875,30470.0,0.8054024327799254,0,,,,,0,0,0.0,-2540666.99,0.0,47459333.00999999,,,,
2021-09-20,15009.5,30475.0,1.7044211704975243,0,,,,,0,0,0.0,-2540666.99,0.0,47459333.00999999,,,,
2021-09-21,15024.0,29815.0,0.7613212349262831,0,,,,,0,0,0.0,-2540666.99,0.0,47459333.00999999,,,,
2021-09-22,15163.5,29615.0,-0.010288195947646121,0,,,,,0,0,0.0,-2540666.99,0.0,47459333.00999999,,,,
2021-09-23,15303.5,29615.0,-0.5224049191064255,0,,,,,0,0,0.0,-2540666.99,0.0,47459333.00999999,,,,
2021-09-24,15318.75,30230.0,0.5317020814370357,0,,,,,0,0,0.0,-2540666.99,0.0,47459333.00999999,,,,
2021-09-25,15318.75,30230.0,0.45613342053415473,0,,,,,0,0,0.0,-2540666.99,0.0,47459333.00999999,,,,
2021-09-26,15318.75,30230.0,0.3772746622247639,0,,,,,0,0,0.0,-2540666.99,0.0,47459333.00999999,,,,
2021-09-27,15194.75,30225.0,0.880512177580177,0,,,,,0,0,0.0,-2540666.99,0.0,47459333.00999999,,,,
2021-09-28,14764.75,30170.0,2.502653127078551,0,,,,,0,0,0.0,-2540666.99,0.0,47459333.00999999,,,,
2021-09-29,14739.75,29530.0,0.7171782059597842,0,,,,,0,0,0.0,-2540666.99,0.0,47459333.00999999,,,,
2021-09-30,14682.5,29440.0,0.6745886691712701,0,,,,,0,0,0.0,-2540666.99,0.0,47459333.00999999,,,,
2021-10-01,14761.75,28760.0,-1.566917706732462,0,,,,,0,0,0.0,-2540666.99,0.0,47459333.00999999,,,,
2021-10-02,14761.75,28760.0,-1.4251764814282224,0,,,,,0,0,0.0,-2540666.99,0.0,47459333.00999999,,,,
2021-10-03,14761.75,28760.0,-1.2940934935328128,0,,,,,0,0,0.0,-2540666.99,0.0,47459333.00999999,,,,
2021-10-04,14462.25,28440.0,-0.7502027690795805,0,,,,,0,0,0.0,-2540666.99,0.0,47459333.00999999,,,,
2021-10-05,14655.25,28000.0,-2.176849266013438,0,,,,,0,0,0.0,-2540666.99,0.0,47459333.00999999,,,,
2021-10-06,14759.0,27525.0,-2.667791155353994,0,,,,,0,0,0.0,-2540666.99,0.0,47459333.00999999,,,,
2021-10-07,14881.25,27680.0,-2.2234136583097115,0,,,,,0,0,0.0,-2540666.99,0.0,47459333.00999999,,,,
2021-10-08,14808.25,28000.0,-1.4128321158800758,0,,,,,0,0,0.0,-2540666.99,0.0,47459333.00999999,,,,
2021-10-09,14808.25,28000.0,-1.268000034011982,0,,,,,0,0,0.0,-2540666.99,0.0,47459333.00999999,,,,
2021-10-10,14808.25,28000.0,-1.1613854074762697,0,,,,,0,0,0.0,-2540666.99,0.0,47459333.00999999,,,,
2021-10-11,14700.5,28450.0,-0.2681408780731128,0,,,,,0,0,0.0,-2540666.99,0.0,47459333.00999999,,,,
2021-10-12,14653.25,28185.0,-0.47803527983710625,0,,,,,0,0,0.0,-2540666.99,0.0,47459333.00999999,,,,
2021-10-13,14764.25,28095.0,-0.7964793345970373,0,,,,,0,0,0.0,-2540666.99,0.0,47459333.00999999,,,,
2021-10-14,15037.25,28510.0,-0.7758250155893502,0,,,,,0,0,0.0,-2540666.99,0.0,47459333.00999999,,,,
2021-10-15,15134.5,29025.0,-0.25749229043389865,0,,,,,0,0,0.0,-2540666.99,0.0,47459333.00999999,,,,
2021-10-16,15134.5,29025.0,-0.202052243628646,0,,,,,0,0,0.0,-2540666.99,0.0,47459333.00999999,,,,
2021-10-17,15134.5,29025.0,-0.13256168516436534,0,,,,,0,0,0.0,-2540666.99,0.0,47459333.00999999,,,,
2021-10-18,15290.5,28990.0,-0.5051804485067442,0,,,,,0,0,0.0,-2540666.99,0.0,47459333.00999999,,,,
2021-10-19,15398.5,29180.0,-0.41473666538350457,0,,,,,0,0,0.0,-2540666.99,0.0,47459333.00999999,,,,
2021-10-20,15377.5,29220.0,-0.15229776543208845,0,,,,,0,0,0.0,-2540666.99,0.0,47459333.00999999,,,,
2021-10-21,15478.75,28675.0,-1.7230250892809842,0,,,,,0,0,0.0,-2540666.99,0.0,47459333.00999999,,,,
2021-10-22,15341.0,28775.0,-0.8328462547684566,0,,,,,0,0,0.0,-2540666.99,0.0,47459333.00999999,,,,
2021-10-23,15341.0,28775.0,-0.7553419987882858,0,,,,,0,0,0.0,-2540666.99,0.0,47459333.00999999,,,,
2021-10-24,15341.0,28775.0,-0.7079159469270001,0,,,,,0,0,0.0,-2540666.99,0.0,47459333.00999999,,,,
2021-10-25,15495.75,28575.0,-1.83933127791932,0,,,,,0,0,0.0,-2540666.99,0.0,47459333.00999999,,,,
2021-10-26,15545.0,29080.0,-0.6910090989380223,0,,,,,0,0,0.0,-2540666.99,0.0,47459333.00999999,,,,
2021-10-27,15587.25,29075.0,-0.9854421840556901,0,,,,,0,0,0.0,-2540666.99,0.0,47459333.00999999,,,,
2021-10-28,15764.75,28800.0,-2.2378641275378865,0,,,,,0,0,0.0,-2540666.99,0.0,47459333.00999999,,,,
2021-10-29,15838.5,28875.0,-1.991857972827264,0,,,,,0,0,0.0,-2540666.99,0.0,47459333.00999999,,,,
2021-10-30,15838.5,28875.0,-1.7281319651833684,0,,,,,0,0,0.0,-2540666.99,0.0,47459333.00999999,,,,
2021-10-31,15838.5,28875.0,-1.5528719134677273,0,,,,,0,0,0.0,-2540666.99,0.0,47459333.00999999,,,,
2021-11-01,15894.25,29630.0,-0.1071849056419741,0,,,,,0,0,0.0,-2540666.99,0.0,47459333.00999999,,,,
2021-11-02,15961.25,29505.0,-0.5622215263434831,0,,,,,0,0,0.0,-2540666.99,0.0,47459333.00999999,,,,
2021-11-03,16129.75,29510.0,-1.061274383615789,0,,,,,0,0,0.0,-2540666.99,0.0,47459333.00999999,,,,
2021-11-04,16330.75,29785.0,-1.0999765510070336,0,,,,,0,0,0.0,-2540666.99,0.0,47459333.00999999,,,,
2021-11-05,16351.75,29600.0,-1.4597716048647478,0,,,,,0,0,0.0,-2540666.99,0.0,47459333.00999999,,,,
2021-11-06,16351.75,29600.0,-1.3683814701399688,0,,,,,0,0,0.0,-2540666.99,0.0,47459333.00999999,,,,
2021-11-07,16351.75,29600.0,-1.2500903772596945,0,,,,,0,0,0.0,-2540666.99,0.0,47459333.00999999,,,,
2021-11-08,16327.75,29500.0,-1.2883758726577312,0,,,,,0,0,0.0,-2540666.99,0.0,47459333.00999999,,,,
2021-11-09,16212.75,29280.0,-1.292543971191771,0,,,,,0,0,0.0,-2540666.99,0.0,47459333.00999999,,,,
2021-11-10,15980.5,29105.0,-0.6257776870801536,0,,,,,0,0,0.0,-2540666.99,0.0,47459333.00999999,,,,
2021-11-11,16022.75,29280.0,-0.26428842556322313,0,,,,,0,0,0.0,-2540666.99,0.0,47459333.00999999,,,,
2021-11-12,16192.75,29710.0,0.24947518297678503,0,,,,,0,0,0.0,-2540666.99,0.0,47459333.00999999,,,,
2021-11-13,16192.75,29710.0,0.365360968283125,0,,,,,0,0,0.0,-2540666.99,0.0,47459333.00999999,,,,
2021-11-14,16192.75,29710.0,0.3742190131820051,0,,,,,0,0,0.0,-2540666.99,0.0,47459333.00999999,,,,
2021-11-15,16187.75,29720.0,0.5839628860242149,0,,,,,0,0,0.0,-2540666.99,0.0,47459333.00999999,,,,
2021-11-16,16300.75,29825.0,0.3779992053618347,0,,,,,0,0,0.0,-2540666.99,0.0,47459333.00999999,,,,
2021-11-17,16311.5,29560.0,-0.8542820154857785,0,,,,,0,0,0.0,-2540666.99,0.0,47459333.00999999,,,,
2021-11-18,16481.25,29610.0,-1.6861830232331327,0,,,,,0,0,0.0,-2540666.99,0.0,47459333.00999999,,,,
2021-11-19,16575.0,29625.0,-1.937239088685902,0,,,,,0,0,0.0,-2540666.99,0.0,47459333.00999999,,,,
2021-11-20,16575.0,29625.0,-1.694386002703433,0,,,,,0,0,0.0,-2540666.99,0.0,47459333.00999999,,,,
2021-11-21,16575.0,29625.0,-1.6171062475798414,0,,,,,0,0,0.0,-2540666.99,0.0,47459333.00999999,,,,
2021-11-22,16382.0,29675.0,-0.17382763532358184,0,,,,,0,0,0.0,-2540666.99,0.0,47459333.00999999,,,,
2021-11-23,16312.0,29745.0,0.5890398158756969,0,,,,,0,0,0.0,-2540666.99,0.0,47459333.00999999,,,,
2021-11-24,16366.0,29460.0,-0.826604164617464,0,,,,,0,0,0.0,-2540666.99,0.0,47459333.00999999,,,,
2021-11-25,16366.0,29460.0,-0.7813301145034013,0,,,,,0,0,0.0,-2540666.99,0.0,47459333.00999999,,,,
2021-11-26,16051.0,28155.0,-2.7489292230665265,0,,,,,0,0,0.0,-2540666.99,0.0,47459333.00999999,,,,
2021-11-27,16051.0,28155.0,-2.2239194437663254,0,,,,,0,0,0.0,-2540666.99,0.0,47459333.00999999,,,,
2021-11-28,16051.0,28155.0,-1.8919732321587714,0,,,,,0,0,0.0,-2540666.99,0.0,47459333.00999999,,,,
2021-11-29,16390.75,28330.0,-2.25057657966027,0,,,,,0,0,0.0,-2540666.99,0.0,47459333.00999999,,,,
2021-11-30,16150.5,27675.0,-2.209545956800457,0,,,,,0,0,0.0,-2540666.99,0.0,47459333.00999999,,,,
2021-12-01,15869.75,27420.0,-1.6146846224116875,0,,,,,0,0,0.0,-2540666.99,0.0,47459333.00999999,,,,
2021-12-02,15988.5,27895.0,-1.0747176203637077,0,,,,,0,0,0.0,-2540666.99,0.0,47459333.00999999,,,,
2021-12-03,15717.75,27790.0,-0.45402930912354117,0,,,,,0,0,0.0,-2540666.99,0.0,47459333.00999999,,,,
2021-12-04,15717.75,27790.0,-0.3820356331926812,0,,,,,0,0,0.0,-2540666.99,0.0,47459333.00999999,,,,
2021-12-05,15717.75,27790.0,-0.3057321521937085,0,,,,,0,0,0.0,-2540666.99,0.0,47459333.00999999,,,,
2021-12-06,15842.75,28095.0,-0.05127882454883059,0,,,,,0,0,0.0,-2540666.99,0.0,47459333.00999999,,,,
2021-12-07,16318.0,28815.0,-0.14704945909683098,0,,,,,0,0,0.0,-2540666.99,0.0,47459333.00999999,,,,
2021-12-08,16392.25,28885.0,-0.2069478212611462,0,,,,,0,0,0.0,-2540666.99,0.0,47459333.00999999,,,,
2021-12-09,16148.75,28625.0,0.14446291672116915,0,,,,,0,0,0.0,-2540666.99,0.0,47459333.00999999,,,,
2021-12-10,16329.75,28385.0,-0.9276064732286665,0,,,,,0,0,0.0,-2540666.99,0.0,47459333.00999999,,,,
2021-12-11,16329.75,28385.0,-0.8394004751566232,0,,,,,0,0,0.0,-2540666.99,0.0,47459333.00999999,,,,
2021-12-12,16329.75,28385.0,-0.7649693474869216,0,,,,,0,0,0.0,-2540666.99,0.0,47459333.00999999,,,,
2021-12-13,16082.0,28595.0,0.8939155705735907,0,,,,,0,0,0.0,-2540666.99,0.0,47459333.00999999,,,,
2021-12-14,15924.75,28390.0,1.1879664009799409,0,,,,,0,0,0.0,-2540666.99,0.0,47459333.00999999,,,,
2021-12-15,16288.0,28415.0,-0.4527629144857143,0,,,,,0,0,0.0,-2540666.99,0.0,47459333.00999999,,,,
2021-12-16,15870.5,29025.0,2.8136555946173334,0,,,,,0,0,0.0,-2540666.99,0.0,47459333.00999999,,,,
2021-12-17,15717.3203125,28505.0,1.8424736773113568,0,,,,,0,0,0.0,-2540666.99,0.0,47459333.00999999,,,,
2021-12-18,15717.3203125,28505.0,1.6114274249571043,0,,,,,0,0,0.0,-2540666.99,0.0,47459333.00999999,,,,
2021-12-19,15717.3203125,28505.0,1.43947007079706,0,,,,,0,0,0.0,-2540666.99,0.0,47459333.00999999,,,,
2021-12-20,15621.25,27900.0,0.45736424013686683,0,,,,,0,0,0.0,-2540666.99,0.0,47459333.00999999,,,,
2021-12-21,15980.0,28485.0,0.33404907233717346,0,,,,,0,0,0.0,-2540666.99,0.0,47459333.00999999,,,,
2021-12-22,16169.75,28530.0,-0.37688918435617125,0,,,,,0,0,0.0,-2540666.99,0.0,47459333.00999999,,,,
2021-12-23,16299.0,28765.0,-0.33485677171339884,0,,,,,0,0,0.0,-2540666.99,0.0,47459333.00999999,,,,
2021-12-24,16299.0,28765.0,-0.3338789519939803,0,,,,,0,0,0.0,-2540666.99,0.0,47459333.00999999,,,,
2021-12-25,16299.0,28765.0,-0.3329020195385267,0,,,,,0,0,0.0,-2540666.99,0.0,47459333.00999999,,,,
2021-12-26,16299.0,28765.0,-0.3196012109040975,0,,,,,0,0,0.0,-2540666.99,0.0,47459333.00999999,,,,
2021-12-27,16560.0,28650.0,-1.5148229919763667,0,,,,,0,0,0.0,-2540666.99,0.0,47459333.00999999,,,,
2021-12-28,16488.0,29045.0,-0.32354320979710033,0,,,,,0,0,0.0,-2540666.99,0.0,47459333.00999999,,,,
2021-12-29,16490.5,28885.0,-0.6575162376831833,0,,,,,0,0,0.0,-2540666.99,0.0,47459333.00999999,,,,
2021-12-30,16430.25,28770.0,-0.730096854497529,0,,,,,0,0,0.0,-2540666.99,0.0,47459333.00999999,,,,
2021-12-31,16320.75,28770.0,-0.359007063865886,0,,,,,0,0,0.0,-2540666.99,0.0,47459333.00999999,,,,
2022-01-01,16320.75,28770.0,-0.4271281379632836,0,,,,,0,0,0.0,-2540666.99,0.0,47459333.00999999,,,,
2022-01-02,16320.75,28770.0,-0.39656187321305275,0,,,,,0,0,0.0,-2540666.99,0.0,47459333.00999999,,,,
2022-01-03,16485.5,28775.0,-0.9938457162758961,0,,,,,0,0,0.0,-2540666.99,0.0,47459333.00999999,,,,
2022-01-04,16275.75,29290.0,1.0480771559207884,0,,,,,0,0,0.0,-2540666.99,0.0,47459333.00999999,,,,
2022-01-05,15766.5,29320.0,2.7768402763401867,0,,,,,0,0,0.0,-2540666.99,0.0,47459333.00999999,,,,
2022-01-06,15759.0,28475.0,1.0087243447637826,0,,,,,0,0,0.0,-2540666.99,0.0,47459333.00999999,,,,
2022-01-07,15581.0,28470.0,1.5822510920963406,0,,,,,0,0,0.0,-2540666.99,0.0,47459333.00999999,,,,
2022-01-08,15581.0,28470.0,1.5172470745715336,0,,,,,0,0,0.0,-2540666.99,0.0,47459333.00999999,,,,
2022-01-09,15581.0,28470.0,1.3752253464956001,0,,,,,0,0,0.0,-2540666.99,0.0,47459333.00999999,,,,
2022-01-10,15608.0,28475.0,1.1871160272842636,0,,,,,0,0,0.0,-2540666.99,0.0,47459333.00999999,,,,
2022-01-11,15831.0,28220.0,-0.017685802240872194,0,,,,,0,0,0.0,-2540666.99,0.0,47459333.00999999,,,,
2022-01-12,15887.25,28765.0,0.7555832732990121,0,,,,,0,0,0.0,-2540666.99,0.0,47459333.00999999,,,,
2022-01-13,15490.25,28490.0,1.3316638388338398,0,,,,,0,0,0.0,-2540666.99,0.0,47459333.00999999,,,,
2022-01-14,15595.75,28085.0,0.24875869368969955,0,,,,,0,0,0.0,-2540666.99,0.0,47459333.00999999,,,,
2022-01-15,15595.75,28085.0,0.20534992741488095,0,,,,,0,0,0.0,-2540666.99,0.0,47459333.00999999,,,,
2022-01-16,15595.75,28085.0,0.11882218866816742,0,,,,,0,0,0.0,-2540666.99,0.0,47459333.00999999,,,,
2022-01-17,15595.75,28085.0,0.06605741780318636,0,,,,,0,0,0.0,-2540666.99,0.0,47459333.00999999,,,,
2022-01-18,15206.0,28225.0,1.525331758788711,0,,,,,0,0,0.0,-2540666.99,0.0,47459333.00999999,,,,
2022-01-19,15033.5,27435.0,0.4434257085362074,0,,,,,0,0,0.0,-2540666.99,0.0,47459333.00999999,,,,
2022-01-20,14841.0,27745.0,1.6165059404126116,0,,,,,0,0,0.0,-2540666.99,0.0,47459333.00999999,,,,
2022-01-21,14426.5,27495.0,2.1696758335694706,0,,,,,0,0,0.0,-2540666.99,0.0,47459333.00999999,,,,
2022-01-22,14426.5,27495.0,1.9052708036440875,0,,,,,0,0,0.0,-2540666.99,0.0,47459333.00999999,,,,
2022-01-23,14426.5,27495.0,1.7965735653655595,0,,,,,0,0,0.0,-2540666.99,0.0,47459333.00999999,,,,
2022-01-24,14501.0,27565.0,1.490191137130481,0,,,,,0,0,0.0,-2540666.99,0.0,47459333.00999999,,,,
2022-01-25,14140.75,27110.0,1.623732694331949,0,,,,,0,0,0.0,-2540666.99,0.0,47459333.00999999,,,,
2022-01-26,14158.5,26990.0,1.2206273825008216,0,,,,,0,0,0.0,-2540666.99,0.0,47459333.00999999,,,,
2022-01-27,13986.75,26150.0,0.24544083844145276,0,,,,,0,0,0.0,-2540666.99,0.0,47459333.00999999,,,,
2022-01-28,14433.0,26700.0,-0.12046209636498133,0,,,,,0,0,0.0,-2540666.99,0.0,47459333.00999999,,,,
2022-01-29,14433.0,26700.0,-0.13568827949771486,0,,,,,0,0,0.0,-2540666.99,0.0,47459333.00999999,,,,
2022-01-30,14433.0,26700.0,-0.15489912210240364,0,,,,,0,0,0.0,-2540666.99,0.0,47459333.00999999,,,,
2022-01-31,14905.0,26990.0,-1.1169083953423442,0,,,,,0,0,0.0,-2540666.99,0.0,47459333.00999999,,,,
2022-02-01,14994.75,27065.0,-1.2152917090697044,0,,,,,0,0,0.0,-2540666.99,0.0,47459333.00999999,,,,
2022-02-02,15114.5,27525.0,-0.7155133412649445,0,,,,,0,0,0.0,-2540666.99,0.0,47459333.00999999,,,,
2022-02-03,14492.25,27235.0,0.553783968641785,0,,,,,0,0,0.0,-2540666.99,0.0,47459333.00999999,,,,
2022-02-04,14685.5,27435.0,0.25479092148738836,0,,,,,0,0,0.0,-2540666.99,0.0,47459333.00999999,,,,
2022-02-05,14685.5,27435.0,0.18074833063921844,0,,,,,0,0,0.0,-2540666.99,0.0,47459333.00999999,,,,
2022-02-06,14685.5,27435.0,0.09837490244207989,0,,,,,0,0,0.0,-2540666.99,0.0,47459333.00999999,,,,
2022-02-07,14559.75,27245.0,0.13519630807584923,0,,,,,0,0,0.0,-2540666.99,0.0,47459333.00999999,,,,
2022-02-08,14734.5,27285.0,-0.47735003832284884,0,,,,,0,0,0.0,-2540666.99,0.0,47459333.00999999,,,,
2022-02-09,15038.25,27580.0,-0.8945765661712919,0,,,,,0,0,0.0,-2540666.99,0.0,47459333.00999999,,,,
2022-02-10,14701.0,27385.0,-0.00206581412062341,0,,,,,0,0,0.0,-2540666.99,0.0,47459333.00999999,,,,
2022-02-11,14240.5,26930.0,0.7978863031586314,0,,,,,0,0,0.0,-2540666.99,0.0,47459333.00999999,,,,
2022-02-12,14240.5,26930.0,0.8583282367665629,0,,,,,0,0,0.0,-2540666.99,0.0,47459333.00999999,,,,
2022-02-13,14240.5,26930.0,0.9083650866507877,0,,,,,0,0,0.0,-2540666.99,0.0,47459333.00999999,,,,
2022-02-14,14253.0,27055.0,1.267700975169754,0,,,,,0,0,0.0,-2540666.99,0.0,47459333.00999999,,,,
2022-02-15,14609.5,27445.0,0.7789393762837595,0,,,,,0,0,0.0,-2540666.99,0.0,47459333.00999999,,,,
2022-02-16,14600.0,27460.0,0.8128211607296438,0,,,,,0,0,0.0,-2540666.99,0.0,47459333.00999999,,,,
2022-02-17,14164.75,26880.0,1.1226494075637667,0,,,,,0,0,0.0,-2540666.99,0.0,47459333.00999999,,,,
2022-02-18,13996.0,26845.0,1.5725334240664381,0,,,,,0,0,0.0,-2540666.99,0.0,47459333.00999999,,,,
2022-02-19,13996.0,26845.0,1.3966521060741515,0,,,,,0,0,0.0,-2540666.99,0.0,47459333.00999999,,,,
2022-02-20,13996.0,26845.0,1.3166177795418155,0,,,,,0,0,0.0,-2540666.99,0.0,47459333.00999999,,,,
2022-02-21,13996.0,26845.0,1.3183740994532056,0,,,,,0,0,0.0,-2540666.99,0.0,47459333.00999999,,,,
2022-02-22,13862.75,26655.0,1.3986074632492278,0,,,,,0,0,0.0,-2540666.99,0.0,47459333.00999999,,,,
2022-02-23,13507.5,26330.0,1.9634730121382837,0,,,,,0,0,0.0,-2540666.99,0.0,47459333.00999999,,,,
2022-02-24,13966.5,26260.0,-0.6140488247401862,0,,,,,0,0,0.0,-2540666.99,0.0,47459333.00999999,,,,
2022-02-25,14180.5,26980.0,0.4230771571861494,0,,,,,0,0,0.0,-2540666.99,0.0,47459333.00999999,,,,
2022-02-26,14180.5,26980.0,0.36698279127575156,0,,,,,0,0,0.0,-2540666.99,0.0,47459333.00999999,,,,
2022-02-27,14180.5,26980.0,0.31309725369436975,0,,,,,0,0,0.0,-2540666.99,0.0,47459333.00999999,,,,
2022-02-28,14228.0,26650.0,-1.081088147200513,0,,,,,0,0,0.0,-2540666.99,0.0,47459333.00999999,,,,
2022-03-01,14005.5,26425.0,-0.8271998635771499,0,,,,,0,0,0.0,-2540666.99,0.0,47459333.00999999,,,,
2022-03-02,14239.25,26670.0,-1.4904492200085109,0,,,,,0,0,0.0,-2540666.99,0.0,47459333.00999999,,,,
2022-03-03,14030.5,26370.0,-1.182678451499825,0,,,,,0,0,0.0,-2540666.99,0.0,47459333.00999999,,,,
2022-03-04,13839.75,25870.0,-1.6823543259592553,0,,,,,0,0,0.0,-2540666.99,0.0,47459333.00999999,,,,
2022-03-05,13839.75,25870.0,-1.508486459163101,0,,,,,0,0,0.0,-2540666.99,0.0,47459333.00999999,,,,
2022-03-06,13839.75,25870.0,-1.3508618971049944,0,,,,,0,0,0.0,-2540666.99,0.0,47459333.00999999,,,,
2022-03-07,13320.75,25030.0,-1.1504987983953978,0,,,,,0,0,0.0,-2540666.99,0.0,47459333.00999999,,,,
2022-03-08,13267.0,24805.0,-1.43171671399696,0,,,,,0,0,0.0,-2540666.99,0.0,47459333.00999999,,,,
2022-03-09,13734.75,25395.0,-1.755782977940324,0,,,,,0,0,0.0,-2540666.99,0.0,47459333.00999999,,,,
2022-03-10,13586.0,25305.0,-1.180621009377457,0,,,,,0,0,0.0,-2540666.99,0.0,47459333.00999999,,,,
2022-03-11,13292.0,25090.0,-0.34207229547840395,0,,,,,0,0,0.0,-2540666.99,0.0,47459333.00999999,,,,
2022-03-12,13292.0,25090.0,-0.2736608868954689,0,,,,,0,0,0.0,-2540666.99,0.0,47459333.00999999,,,,
2022-03-13,13292.0,25090.0,-0.20087195893863588,0,,,,,0,0,0.0,-2540666.99,0.0,47459333.00999999,,,,
2022-03-14,13045.5,25225.0,1.5582044363369758,0,,,,,0,0,0.0,-2540666.99,0.0,47459333.00999999,,,,
2022-03-15,13451.75,25595.0,0.8096350370628258,0,,,,,0,0,0.0,-2540666.99,0.0,47459333.00999999,,,,
2022-03-16,13953.0,26335.0,0.36784343844509554,0,,,,,0,0,0.0,-2540666.99,0.0,47459333.00999999,,,,
2022-03-17,14111.75,26685.0,0.7537855422360937,0,,,,,0,0,0.0,-2540666.99,0.0,47459333.00999999,,,,
2022-03-18,14095.3095703125,27240.0,2.5853878146574814,0,,,,,0,0,0.0,-2540666.99,0.0,47459333.00999999,,,,
2022-03-19,14095.3095703125,27240.0,2.229985715142358,0,,,,,0,0,0.0,-2540666.99,0.0,47459333.00999999,,,,
2022-03-20,14095.3095703125,27240.0,1.889260402043916,0,,,,,0,0,0.0,-2540666.99,0.0,47459333.00999999,,,,
2022-03-21,14370.5,27265.0,0.639757667425876,0,,,,,0,0,0.0,-2540666.99,0.0,47459333.00999999,,,,
2022-03-22,14654.0,27685.0,0.4357418538681742,0,,,,,0,0,0.0,-2540666.99,0.0,47459333.00999999,,,,
2022-03-23,14447.0,27610.0,1.0759077707387263,0,,,,,0,0,0.0,-2540666.99,0.0,47459333.00999999,,,,
2022-03-24,14763.75,28330.0,1.3902525804254109,0,,,,,0,0,0.0,-2540666.99,0.0,47459333.00999999,,,,
2022-03-25,14755.75,28265.0,1.1354583699062628,0,,,,,0,0,0.0,-2540666.99,0.0,47459333.00999999,,,,
2022-03-26,14755.75,28265.0,1.0268706211504874,0,,,,,0,0,0.0,-2540666.99,0.0,47459333.00999999,,,,
2022-03-27,14755.75,28265.0,0.9292001850433323,0,,,,,0,0,0.0,-2540666.99,0.0,47459333.00999999,,,,
2022-03-28,14985.25,28200.0,-0.28117095787342317,0,,,,,0,0,0.0,-2540666.99,0.0,47459333.00999999,,,,
2022-03-29,15237.75,28625.0,-0.43264862063498727,0,,,,,0,0,0.0,-2540666.99,0.0,47459333.00999999,,,,
2022-03-30,15071.5,27790.0,-2.0977754951190213,0,,,,,0,0,0.0,-2540666.99,0.0,47459333.00999999,,,,
2022-03-31,14868.75,27515.0,-1.7592365101262322,0,,,,,0,0,0.0,-2540666.99,0.0,47459333.00999999,,,,
2022-04-01,14863.75,27770.0,-1.013565371359849,0,,,,,0,0,0.0,-2540666.99,0.0,47459333.00999999,,,,
2022-04-02,14863.75,27770.0,-1.0209960061771988,0,,,,,0,0,0.0,-2540666.99,0.0,47459333.00999999,,,,
2022-04-03,14863.75,27770.0,-0.9286084168982173,0,,,,,0,0,0.0,-2540666.99,0.0,47459333.00999999,,,,
2022-04-04,15164.25,28005.0,-1.527613876960549,0,,,,,0,0,0.0,-2540666.99,0.0,47459333.00999999,,,,
2022-04-05,14828.0,27540.0,-1.179498051453539,0,,,,,0,0,0.0,-2540666.99,0.0,47459333.00999999,,,,
2022-04-06,14505.25,27100.0,-0.860806025543012,0,,,,,0,0,0.0,-2540666.99,0.0,47459333.00999999,,,,
2022-04-07,14536.0,27035.19921875,-1.0484284564228927,0,,,,,0,0,0.0,-2540666.99,0.0,47459333.00999999,,,,
2022-04-08,14327.0,26965.0,-0.2555354089948517,0,,,,,0,0,0.0,-2540666.99,0.0,47459333.00999999,,,,
2022-04-09,14327.0,26965.0,-0.1778373780806445,0,,,,,0,0,0.0,-2540666.99,0.0,47459333.00999999,,,,
2022-04-10,14327.0,26965.0,-0.14604010778898252,0,,,,,0,0,0.0,-2540666.99,0.0,47459333.00999999,,,,
2022-04-11,14000.0,26695.0,0.650170776581102,0,,,,,0,0,0.0,-2540666.99,0.0,47459333.00999999,,,,
2022-04-12,13945.0,26260.0,-0.2691099778903187,0,,,,,0,0,0.0,-2540666.99,0.0,47459333.00999999,,,,
2022-04-13,14221.5,26895.0,0.33581109684613786,0,,,,,0,0,0.0,-2540666.99,0.0,47459333.00999999,,,,
2022-04-14,13893.75,26885.0,2.041813616028426,0,,,,,0,0,0.0,-2540666.99,0.0,47459333.00999999,,,,
2022-04-15,13893.75,26885.0,1.9817729282426644,0,,,,,0,0,0.0,-2540666.99,0.0,47459333.00999999,,,,
2022-04-16,13893.75,26885.0,1.925796855043777,0,,,,,0,0,0.0,-2540666.99,0.0,47459333.00999999,,,,
2022-04-17,13893.75,26885.0,1.69687588099729,0,,,,,0,0,0.0,-2540666.99,0.0,47459333.00999999,,,,
2022-04-18,13907.75,26820.0,1.321141052586405,0,,,,,0,0,0.0,-2540666.99,0.0,47459333.00999999,,,,
2022-04-19,14217.25,27215.0,0.8916113095451247,0,,,,,0,0,0.0,-2540666.99,0.0,47459333.00999999,,,,
2022-04-20,14004.75,27145.0,1.503651229470485,0,,,,,0,0,0.0,-2540666.99,0.0,47459333.00999999,,,,
2022-04-21,13728.25,27150.0,2.2370776500364875,0,,,,,0,0,0.0,-2540666.99,0.0,47459333.00999999,,,,
2022-04-22,13353.5,26730.0,2.215799721070264,0,,,,,0,0,0.0,-2540666.99,0.0,47459333.00999999,,,,
2022-04-23,13353.5,26730.0,1.8848762593289292,0,,,,,0,0,0.0,-2540666.99,0.0,47459333.00999999,,,,
2022-04-24,13353.5,26730.0,1.673109032777586,0,,,,,0,0,0.0,-2540666.99,0.0,47459333.00999999,,,,
2022-04-25,13535.75,26775.0,1.0970381188025577,0,,,,,0,0,0.0,-2540666.99,0.0,47459333.00999999,,,,
2022-04-26,13016.0,26030.0,1.2125398260545215,0,,,,,0,0,0.0,-2540666.99,0.0,47459333.00999999,,,,
2022-04-27,13009.0,26370.0,1.6687828250498737,0,,,,,0,0,0.0,-2540666.99,0.0,47459333.00999999,,,,
2022-04-28,13454.75,27265.0,1.6963673850858267,0,,,,,0,0,0.0,-2540666.99,0.0,47459333.00999999,,,,
2022-04-29,12852.0,26720.0,2.126465652622658,0,,,,,0,0,0.0,-2540666.99,0.0,47459333.00999999,,,,
2022-04-30,12852.0,26720.0,1.8616780151387886,0,,,,,0,0,0.0,-2540666.99,0.0,47459333.00999999,,,,
2022-05-01,12852.0,26720.0,1.638155703704637,0,,,,,0,0,0.0,-2540666.99,0.0,47459333.00999999,,,,
2022-05-02,13073.0,26855.0,1.1969599207074852,0,,,,,0,0,0.0,-2540666.99,0.0,47459333.00999999,,,,
2022-05-03,13087.5,27060.0,1.3573413453812826,0,,,,,0,0,0.0,-2540666.99,0.0,47459333.00999999,,,,
2022-05-04,13531.25,27420.0,0.6669130885983676,0,,,,,0,0,0.0,-2540666.99,0.0,47459333.00999999,,,,
2022-05-05,12858.0,26735.0,1.257026143290643,0,,,,,0,0,0.0,-2540666.99,0.0,47459333.00999999,,,,
2022-05-06,12695.75,26890.0,1.7104002597890577,0,,,,,0,0,0.0,-2540666.99,0.0,47459333.00999999,,,,
2022-05-07,12695.75,26890.0,1.5355294147537126,0,,,,,0,0,0.0,-2540666.99,0.0,47459333.00999999,,,,
2022-05-08,12695.75,26890.0,1.4108018962725553,0,,,,,0,0,0.0,-2540666.99,0.0,47459333.00999999,,,,
2022-05-09,12193.75,25970.0,1.2394764504154174,0,,,,,0,0,0.0,-2540666.99,0.0,47459333.00999999,,,,
2022-05-10,12349.0,26085.0,0.9260703423726986,0,,,,,0,0,0.0,-2540666.99,0.0,47459333.00999999,,,,
2022-05-11,11969.75,25810.0,1.4576753286588051,0,,,,,0,0,0.0,-2540666.99,0.0,47459333.00999999,,,,
2022-05-12,11947.25,25801.220703125,1.3597278936061483,0,,,,,0,0,0.0,-2540666.99,0.0,47459333.00999999,,,,
2022-05-13,12382.75,26675.0,1.4515446387855044,0,,,,,0,0,0.0,-2540666.99,0.0,47459333.00999999,,,,
2022-05-14,12382.75,26675.0,1.3208918281838125,0,,,,,0,0,0.0,-2540666.99,0.0,47459333.00999999,,,,
2022-05-15,12382.75,26675.0,1.2624907688348765,0,,,,,0,0,0.0,-2540666.99,0.0,47459333.00999999,,,,
2022-05-16,12244.75,26500.0,1.336375846013786,0,,,,,0,0,0.0,-2540666.99,0.0,47459333.00999999,,,,
2022-05-17,12560.25,26825.0,0.7981120968623482,0,,,,,0,0,0.0,-2540666.99,0.0,47459333.00999999,,,,
2022-05-18,11935.5,26295.0,1.8909076000003107,0,,,,,0,0,0.0,-2540666.99,0.0,47459333.00999999,,,,
2022-05-19,11878.25,26370.0,1.9544271217045266,0,,,,,0,0,0.0,-2540666.99,0.0,47459333.00999999,,,,
2022-05-20,11840.75,26715.0,2.3047511590349403,0,,,,,0,0,0.0,-2540666.99,0.0,47459333.00999999,,,,
2022-05-21,11840.75,26715.0,1.9530365750013199,0,,,,,0,0,0.0,-2540666.99,0.0,47459333.00999999,,,,
2022-05-22,11840.75,26715.0,1.7323147228920912,0,,,,,0,0,0.0,-2540666.99,0.0,47459333.00999999,,,,
2022-05-23,12035.25,27085.0,1.6008397890648234,0,,,,,0,0,0.0,-2540666.99,0.0,47459333.00999999,,,,
2022-05-24,11771.0,26675.0,1.5626074948603652,0,,,,,0,0,0.0,-2540666.99,0.0,47459333.00999999,,,,
2022-05-25,11942.25,26790.0,1.1544176303235236,0,,,,,0,0,0.0,-2540666.99,0.0,47459333.00999999,,,,
2022-05-26,12279.25,26960.0,0.37021283560469054,0,,,,,0,0,0.0,-2540666.99,0.0,47459333.00999999,,,,
2022-05-27,12677.75,27140.0,-0.5819403158405414,0,,,,,0,0,0.0,-2540666.99,0.0,47459333.00999999,,,,
2022-05-28,12677.75,27140.0,-0.6236758795328843,0,,,,,0,0,0.0,-2540666.99,0.0,47459333.00999999,,,,
2022-05-29,12677.75,27140.0,-0.6824212644837147,0,,,,,0,0,0.0,-2540666.99,0.0,47459333.00999999,,,,
2022-05-30,12677.75,27140.0,-0.7847049211520307,0,,,,,0,0,0.0,-2540666.99,0.0,47459333.00999999,,,,
2022-05-31,12646.5,27180.0,-0.6226427619278404,0,,,,,0,0,0.0,-2540666.99,0.0,47459333.00999999,,,,
2022-06-01,12551.0,27430.0,0.22380453697064803,0,,,,,0,0,0.0,-2540666.99,0.0,47459333.00999999,,,,
2022-06-02,12893.75,27775.0,-0.34095946826218204,0,,,,,0,0,0.0,-2540666.99,0.0,47459333.00999999,,,,
2022-06-03,12551.0,27575.0,0.4718843730476623,0,,,,,0,0,0.0,-2540666.99,0.0,47459333.00999999,,,,
2022-06-04,12551.0,27575.0,0.40860194814817163,0,,,,,0,0,0.0,-2540666.99,0.0,47459333.00999999,,,,
2022-06-05,12551.0,27575.0,0.34895036291834963,0,,,,,0,0,0.0,-2540666.99,0.0,47459333.00999999,,,,
2022-06-06,12605.0,28025.0,1.1279301050282398,0,,,,,0,0,0.0,-2540666.99,0.0,47459333.00999999,,,,
2022-06-07,12711.5,28210.0,1.036415014283979,0,,,,,0,0,0.0,-2540666.99,0.0,47459333.00999999,,,,
2022-06-08,12615.75,28150.0,1.1743160328077777,0,,,,,0,0,0.0,-2540666.99,0.0,47459333.00999999,,,,
2022-06-09,12275.0,27970.0,1.880410958868554,0,,,,,0,0,0.0,-2540666.99,0.0,47459333.00999999,,,,
2022-06-10,11840.0,27330.0,1.8477264075603375,0,,,,,0,0,0.0,-2540666.99,0.0,47459333.00999999,,,,
2022-06-11,11840.0,27330.0,1.6619327138094044,0,,,,,0,0,0.0,-2540666.99,0.0,47459333.00999999,,,,
2022-06-12,11840.0,27330.0,1.5176649701489011,0,,,,,0,0,0.0,-2540666.99,0.0,47459333.00999999,,,,
2022-06-13,11296.5,26365.0,1.3350125457659427,0,,,,,0,0,0.0,-2540666.99,0.0,47459333.00999999,,,,
2022-06-14,11314.25,26435.0,1.2820120320811694,0,,,,,0,0,0.0,-2540666.99,0.0,47459333.00999999,,,,
2022-06-15,11593.75,26505.0,0.5814606946114015,0,,,,,0,0,0.0,-2540666.99,0.0,47459333.00999999,,,,
2022-06-16,11124.75,25610.0,0.34714230462905316,0,,,,,0,0,0.0,-2540666.99,0.0,47459333.00999999,,,,
2022-06-17,11130.3896484375,25960.0,0.8330134064221193,0,,,,,0,0,0.0,-2540666.99,0.0,47459333.00999999,,,,
2022-06-18,11130.3896484375,25960.0,0.7576316566254557,0,,,,,0,0,0.0,-2540666.99,0.0,47459333.00999999,,,,
2022-06-19,11130.3896484375,25960.0,0.6902118863186424,0,,,,,0,0,0.0,-2540666.99,0.0,47459333.00999999,,,,
2022-06-20,11130.3896484375,25960.0,0.6262034920401729,0,,,,,0,0,0.0,-2540666.99,0.0,47459333.00999999,,,,
2022-06-21,11577.25,26460.0,-0.057832663691016424,0,,,,,0,0,0.0,-2540666.99,0.0,47459333.00999999,,,,
2022-06-22,11565.75,26205.0,-0.8707298596567484,0,,,,,0,0,0.0,-2540666.99,0.0,47459333.00999999,,,,
2022-06-23,11737.5,26235.0,-1.6669233690476115,0,,,,,0,0,0.0,-2540666.99,0.0,47459333.00999999,,,,
2022-06-24,12140.5,26905.0,-1.7145103069007095,0,,,,,0,0,0.0,-2540666.99,0.0,47459333.00999999,,,,
2022-06-25,12140.5,26905.0,-1.7295187630195166,0,,,,,0,0,0.0,-2540666.99,0.0,47459333.00999999,,,,
2022-06-26,12140.5,26905.0,-1.5801058483342085,0,,,,,0,0,0.0,-2540666.99,0.0,47459333.00999999,,,,
2022-06-27,12040.5,26735.0,-1.455981648747319,0,,,,,0,0,0.0,-2540666.99,0.0,47459333.00999999,,,,
2022-06-28,11674.25,26820.0,0.4242611548820588,0,,,,,0,0,0.0,-2540666.99,0.0,47459333.00999999,,,,
2022-06-29,11691.0,26740.0,0.16602406498355335,0,,,,,0,0,0.0,-2540666.99,0.0,47459333.00999999,,,,
2022-06-30,11529.5,26425.0,0.10580538132705669,0,,,,,0,0,0.0,-2540666.99,0.0,47459333.00999999,,,,
2022-07-01,11611.25,26315.0,-0.5307906101421672,0,,,,,0,0,0.0,-2540666.99,0.0,47459333.00999999,,,,
2022-07-02,11611.25,26315.0,-0.45829089757561203,0,,,,,0,0,0.0,-2540666.99,0.0,47459333.00999999,,,,
2022-07-03,11611.25,26315.0,-0.38657507922346673,0,,,,,0,0,0.0,-2540666.99,0.0,47459333.00999999,,,,
2022-07-04,11611.25,26315.0,-0.30859394638199034,0,,,,,0,0,0.0,-2540666.99,0.0,47459333.00999999,,,,
2022-07-05,11808.5,26270.0,-1.446474911535313,0,,,,,0,0,0.0,-2540666.99,0.0,47459333.00999999,,,,
2022-07-06,11880.25,26285.0,-1.5788580307432467,0,,,,,0,0,0.0,-2540666.99,0.0,47459333.00999999,,,,
2022-07-07,12138.5,26672.259765625,-1.5460825459565863,0,,,,,0,0,0.0,-2540666.99,0.0,47459333.00999999,,,,
2022-07-08,12152.0,26675.0,-1.4530836575327748,0,,,,,0,0,0.0,-2540666.99,0.0,47459333.00999999,,,,
2022-07-09,12152.0,26675.0,-1.3327014593197282,0,,,,,0,0,0.0,-2540666.99,0.0,47459333.00999999,,,,
2022-07-10,12152.0,26675.0,-1.241052723661209,0,,,,,0,0,0.0,-2540666.99,0.0,47459333.00999999,,,,
2022-07-11,11884.25,26575.0,-0.027115998382291284,0,,,,,0,0,0.0,-2540666.99,0.0,47459333.00999999,,,,
2022-07-12,11779.0,26435.0,0.12491124003016287,0,,,,,0,0,0.0,-2540666.99,0.0,47459333.00999999,,,,
2022-07-13,11762.25,26475.0,0.32532890114943946,0,,,,,0,0,0.0,-2540666.99,0.0,47459333.00999999,,,,
2022-07-14,11797.5,26685.0,0.7703609298571591,0,,,,,0,0,0.0,-2540666.99,0.0,47459333.00999999,,,,
2022-07-15,12007.5,26945.0,0.40445829423292434,0,,,,,0,0,0.0,-2540666.99,0.0,47459333.00999999,,,,
2022-07-16,12007.5,26945.0,0.36068793461298115,0,,,,,0,0,0.0,-2540666.99,0.0,47459333.00999999,,,,
2022-07-17,12007.5,26945.0,0.31718155309390983,0,,,,,0,0,0.0,-2540666.99,0.0,47459333.00999999,,,,
2022-07-18,11907.0,26890.0,0.8305055285676661,0,,,,,0,0,0.0,-2540666.99,0.0,47459333.00999999,,,,
2022-07-19,12274.0,27350.0,0.32987148852947384,0,,,,,0,0,0.0,-2540666.99,0.0,47459333.00999999,,,,
2022-07-20,12465.25,27575.0,0.024819839973665363,0,,,,,0,0,0.0,-2540666.99,0.0,47459333.00999999,,,,
2022-07-21,12640.0,27880.0,0.10696162531338728,0,,,,,0,0,0.0,-2540666.99,0.0,47459333.00999999,,,,
2022-07-22,12423.5,27640.0,0.6819087269163224,0,,,,,0,0,0.0,-2540666.99,0.0,47459333.00999999,,,,
2022-07-23,12423.5,27640.0,0.6987472472077632,0,,,,,0,0,0.0,-2540666.99,0.0,47459333.00999999,,,,
2022-07-24,12423.5,27640.0,0.7160380426367227,0,,,,,0,0,0.0,-2540666.99,0.0,47459333.00999999,,,,
2022-07-25,12354.5,27755.0,1.5569053122091079,0,,,,,0,0,0.0,-2540666.99,0.0,47459333.00999999,,,,
2022-07-26,12112.5,27425.0,1.6793744837847395,0,,,,,0,0,0.0,-2540666.99,0.0,47459333.00999999,,,,
2022-07-27,12619.0,28000.0,0.43018526509398125,0,,,,,0,0,0.0,-2540666.99,0.0,47459333.00999999,,,,
2022-07-28,12737.5,27865.0,-1.221009925135028,0,,,,,0,0,0.0,-2540666.99,0.0,47459333.00999999,,,,
2022-07-29,12971.5,27990.0,-2.4246348814413956,0,,,,,0,0,0.0,-2540666.99,0.0,47459333.00999999,,,,
2022-07-30,12971.5,27990.0,-2.3200502906004474,0,,,,,0,0,0.0,-2540666.99,0.0,47459333.00999999,,,,
2022-07-31,12971.5,27990.0,-1.978144632002689,0,,,,,0,0,0.0,-2540666.99,0.0,47459333.00999999,,,,
2022-08-01,12962.5,27905.0,-1.9206306676226392,0,,,,,0,0,0.0,-2540666.99,0.0,47459333.00999999,,,,
2022-08-02,12924.5,27755.0,-1.8888096243310963,0,,,,,0,0,0.0,-2540666.99,0.0,47459333.00999999,,,,
2022-08-03,13271.5,27990.0,-2.383447650069617,0,,,,,0,0,0.0,-2540666.99,0.0,47459333.00999999,,,,
2022-08-04,13327.0,27880.0,-2.3297303777643408,0,,,,,0,0,0.0,-2540666.99,0.0,47459333.00999999,,,,
2022-08-05,13228.75,28150.0,-1.1971892574448086,0,,,,,0,0,0.0,-2540666.99,0.0,47459333.00999999,,,,
2022-08-06,13228.75,28150.0,-1.0807867574295948,0,,,,,0,0,0.0,-2540666.99,0.0,47459333.00999999,,,,
2022-08-07,13228.75,28150.0,-0.9783044481010893,0,,,,,0,0,0.0,-2540666.99,0.0,47459333.00999999,,,,
2022-08-08,13183.25,28140.0,-0.7521551542428012,0,,,,,0,0,0.0,-2540666.99,0.0,47459333.00999999,,,,
2022-08-09,13031.5,27830.0,-0.7887000828118514,0,,,,,0,0,0.0,-2540666.99,0.0,47459333.00999999,,,,
2022-08-10,13392.0,28140.0,-1.2885640009928103,0,,,,,0,0,0.0,-2540666.99,0.0,47459333.00999999,,,,
2022-08-11,13311.25,28120.0,-0.9445794436774245,0,,,,,0,0,0.0,-2540666.99,0.0,47459333.00999999,,,,
2022-08-12,13577.75,28710.0,-0.5723945103351854,0,,,,,0,0,0.0,-2540666.99,0.0,47459333.00999999,,,,
2022-08-13,13577.75,28710.0,-0.4986247946367523,0,,,,,0,0,0.0,-2540666.99,0.0,47459333.00999999,,,,
2022-08-14,13577.75,28710.0,-0.42185525640157934,0,,,,,0,0,0.0,-2540666.99,0.0,47459333.00999999,,,,
2022-08-15,13681.25,28880.0,-0.35934512928241796,0,,,,,0,0,0.0,-2540666.99,0.0,47459333.00999999,,,,
2022-08-16,13658.25,28950.0,0.20016231645924024,0,,,,,0,0,0.0,-2540666.99,0.0,47459333.00999999,,,,
2022-08-17,13493.25,29000.0,1.8494010872505342,0,,,,,0,0,0.0,-2540666.99,0.0,47459333.00999999,,,,
2022-08-18,13523.25,29105.0,1.9260594341895128,0,,,,,0,0,0.0,-2540666.99,0.0,47459333.00999999,,,,
2022-08-19,13268.5,28725.0,1.9364967028626734,0,,,,,0,0,0.0,-2540666.99,0.0,47459333.00999999,,,,
2022-08-20,13268.5,28725.0,1.7634928730907529,0,,,,,0,0,0.0,-2540666.99,0.0,47459333.00999999,,,,
2022-08-21,13268.5,28725.0,1.5948668427984294,0,,,,,0,0,0.0,-2540666.99,0.0,47459333.00999999,,,,
2022-08-22,12909.75,28465.0,2.294119311140911,0,,,,,0,0,0.0,-2540666.99,0.0,47459333.00999999,,,,
2022-08-23,12896.5,28460.0,1.986142331316744,0,,,,,0,0,0.0,-2540666.99,0.0,47459333.00999999,,,,
2022-08-24,12929.75,28460.0,1.6570211587730004,0,,,,,0,0,0.0,-2540666.99,0.0,47459333.00999999,,,,
2022-08-25,13156.0,28680.0,1.0850070570975396,0,,,,,0,0,0.0,-2540666.99,0.0,47459333.00999999,,,,
2022-08-26,12620.5,28220.0,1.943671231342809,0,,,,,0,0,0.0,-2540666.99,0.0,47459333.00999999,,,,
2022-08-27,12620.5,28220.0,1.6873277864012362,0,,,,,0,0,0.0,-2540666.99,0.0,47459333.00999999,,,,
2022-08-28,12620.5,28220.0,1.4888177719354412,0,,,,,0,0,0.0,-2540666.99,0.0,47459333.00999999,,,,
2022-08-29,12492.75,28035.0,1.3864126960063132,0,,,,,0,0,0.0,-2540666.99,0.0,47459333.00999999,,,,
2022-08-30,12358.75,27925.0,1.4890984682222266,0,,,,,0,0,0.0,-2540666.99,0.0,47459333.00999999,,,,
2022-08-31,12285.25,27855.0,1.4598587843206599,0,,,,,0,0,0.0,-2540666.99,0.0,47459333.00999999,,,,
2022-09-01,12292.25,27785.0,1.1703361566364436,0,,,,,0,0,0.0,-2540666.99,0.0,47459333.00999999,,,,
2022-09-02,12104.25,27515.0,1.1729467305412733,0,,,,,0,0,0.0,-2540666.99,0.0,47459333.00999999,,,,
2022-09-03,12104.25,27515.0,1.0917365085462507,0,,,,,0,0,0.0,-2540666.99,0.0,47459333.00999999,,,,
2022-09-04,12104.25,27515.0,1.0369831145678021,0,,,,,0,0,0.0,-2540666.99,0.0,47459333.00999999,,,,
2022-09-05,12104.25,27515.0,0.9927827841706597,0,,,,,0,0,0.0,-2540666.99,0.0,47459333.00999999,,,,
2022-09-06,12019.0,27580.0,1.492582700997928,0,,,,,0,0,0.0,-2540666.99,0.0,47459333.00999999,,,,
2022-09-07,12263.25,27710.0,0.537691534364358,0,,,,,0,0,0.0,-2540666.99,0.0,47459333.00999999,,,,
2022-09-08,12321.75,28095.0,1.3872425790334253,0,,,,,0,0,0.0,-2540666.99,0.0,47459333.00999999,,,,
2022-09-09,12592.5,28350.0,0.6133453474509108,0,,,,,0,0,0.0,-2540666.99,0.0,47459333.00999999,,,,
2022-09-10,12592.5,28350.0,0.55521632640489,0,,,,,0,0,0.0,-2540666.99,0.0,47459333.00999999,,,,
2022-09-11,12592.5,28350.0,0.4812244022154461,0,,,,,0,0,0.0,-2540666.99,0.0,47459333.00999999,,,,
2022-09-12,12740.75,28525.0,0.029564609316613776,0,,,,,0,0,0.0,-2540666.99,0.0,47459333.00999999,,,,
2022-09-13,12036.5,27800.0,2.194199062208857,0,,,,,0,0,0.0,-2540666.99,0.0,47459333.00999999,,,,
2022-09-14,12142.0,27890.0,1.8964493589683595,0,,,,,0,0,0.0,-2540666.99,0.0,47459333.00999999,,,,
2022-09-15,11934.75,27655.0,2.187292401384551,0,,,,,0,0,0.0,-2540666.99,0.0,47459333.00999999,,,,
2022-09-16,11814.580078125,27485.0,2.0204287893229766,0,,,,,0,0,0.0,-2540666.99,0.0,47459333.00999999,,,,
2022-09-17,11814.580078125,27485.0,1.7709512826124507,0,,,,,0,0,0.0,-2540666.99,0.0,47459333.00999999,,,,
2022-09-18,11814.580078125,27485.0,1.5741651860037909,0,,,,,0,0,0.0,-2540666.99,0.0,47459333.00999999,,,,
2022-09-19,12024.0,27670.0,0.6696156024376102,0,,,,,0,0,0.0,-2540666.99,0.0,47459333.00999999,,,,
2022-09-20,11922.25,27415.0,0.21758286928435608,0,,,,,0,0,0.0,-2540666.99,0.0,47459333.00999999,,,,
2022-09-21,11710.0,27190.0,0.798508566874088,0,,,,,0,0,0.0,-2540666.99,0.0,47459333.00999999,,,,
2022-09-22,11565.5,26990.0,0.924630182302753,0,,,,,0,0,0.0,-2540666.99,0.0,47459333.00999999,,,,
2022-09-23,11376.75,26825.0,1.509634940617729,0,,,,,0,0,0.0,-2540666.99,0.0,47459333.00999999,,,,
2022-09-24,11376.75,26825.0,1.3541505392110245,0,,,,,0,0,0.0,-2540666.99,0.0,47459333.00999999,,,,
2022-09-25,11376.75,26825.0,1.2253269597228165,0,,,,,0,0,0.0,-2540666.99,0.0,47459333.00999999,,,,
2022-09-26,11316.25,26540.0,0.31441316736426694,0,,,,,0,0,0.0,-2540666.99,0.0,47459333.00999999,,,,
2022-09-27,11333.75,26380.0,-0.7058323074059207,0,,,,,0,0,0.0,-2540666.99,0.0,47459333.00999999,,,,
2022-09-28,11555.75,26725.0,-0.8311679146657552,0,,,,,0,0,0.0,-2540666.99,0.0,47459333.00999999,,,,
2022-09-29,11228.25,26125.0,-1.1220332902186465,0,,,,,0,0,0.0,-2540666.99,0.0,47459333.00999999,,,,
2022-09-30,11035.5,25990.0,-0.20250852368693645,0,,,,,0,0,0.0,-2540666.99,0.0,47459333.00999999,,,,
2022-10-01,11035.5,25990.0,-0.30472334274167456,0,,,,,0,0,0.0,-2540666.99,0.0,47459333.00999999,,,,
2022-10-02,11035.5,25990.0,-0.4993178404442621,0,,,,,0,0,0.0,-2540666.99,0.0,47459333.00999999,,,,
2022-10-03,11285.75,26620.0,0.9941849711509695,0,,,,,0,0,0.0,-2540666.99,0.0,47459333.00999999,,,,
2022-10-04,11640.75,27175.0,0.6134293670891431,0,,,,,0,0,0.0,-2540666.99,0.0,47459333.00999999,,,,
2022-10-05,11623.75,27020.0,-0.26357150103403143,0,,,,,0,0,0.0,-2540666.99,0.0,47459333.00999999,,,,
2022-10-06,11541.75,27000.0,0.6126702515249784,0,,,,,0,0,0.0,-2540666.99,0.0,47459333.00999999,,,,
2022-10-07,11101.5,26730.0,2.908929014357074,0,,,,,0,0,0.0,-2540666.99,0.0,47459333.00999999,,,,
2022-10-08,11101.5,26730.0,2.3398416313432153,0,,,,,0,0,0.0,-2540666.99,0.0,47459333.00999999,,,,
2022-10-09,11101.5,26730.0,1.962745966634315,0,,,,,0,0,0.0,-2540666.99,0.0,47459333.00999999,,,,
2022-10-10,10984.5,27240.0,3.1412635571176986,0,,,,,0,0,0.0,-2540666.99,0.0,47459333.00999999,,,,
2022-10-11,10845.0,26350.0,1.1756544995711258,0,,,,,0,0,0.0,-2540666.99,0.0,47459333.00999999,,,,
2022-10-12,10840.5,26360.0,1.1078640862375324,0,,,,,0,0,0.0,-2540666.99,0.0,47459333.00999999,,,,
2022-10-13,11083.75,26787.119140625,1.055992344222691,0,,,,,0,0,0.0,-2540666.99,0.0,47459333.00999999,,,,
2022-10-14,10744.0,26560.0,1.6869804413170564,0,,,,,0,0,0.0,-2540666.99,0.0,47459333.00999999,,,,
2022-10-15,10744.0,26560.0,1.4929049231639824,0,,,,,0,0,0.0,-2540666.99,0.0,47459333.00999999,,,,
2022-10-16,10744.0,26560.0,1.3316451328143395,0,,,,,0,0,0.0,-2540666.99,0.0,47459333.00999999,,,,
2022-10-17,11110.25,27055.0,0.9703924179424325,0,,,,,0,0,0.0,-2540666.99,0.0,47459333.00999999,,,,
2022-10-18,11198.75,27050.0,0.5659688543224718,0,,,,,0,0,0.0,-2540666.99,0.0,47459333.00999999,,,,
2022-10-19,11153.25,26995.0,0.5395951284589071,0,,,,,0,0,0.0,-2540666.99,0.0,47459333.00999999,,,,
2022-10-20,11090.75,26990.0,0.7003261921719836,0,,,,,0,0,0.0,-2540666.99,0.0,47459333.00999999,,,,
2022-10-21,11358.5,27095.0,-0.2503072966943753,0,,,,,0,0,0.0,-2540666.99,0.0,47459333.00999999,,,,
2022-10-22,11358.5,27095.0,-0.35501124642837983,0,,,,,0,0,0.0,-2540666.99,0.0,47459333.00999999,,,,
2022-10-23,11358.5,27095.0,-0.4274999357215373,0,,,,,0,0,0.0,-2540666.99,0.0,47459333.00999999,,,,
2022-10-24,11478.75,27115.0,-1.0726617400084915,0,,,,,0,0,0.0,-2540666.99,0.0,47459333.00999999,,,,
2022-10-25,11713.5,27555.0,-1.115957546193715,0,,,,,0,0,0.0,-2540666.99,0.0,47459333.00999999,,,,
2022-10-26,11446.0,27370.0,-0.2833795847114665,0,,,,,0,0,0.0,-2540666.99,0.0,47459333.00999999,,,,
2022-10-27,11235.25,27070.0,-0.07598051429271034,0,,,,,0,0,0.0,-2540666.99,0.0,47459333.00999999,,,,
2022-10-28,11587.0,27495.0,-0.7624750121675296,0,,,,,0,0,0.0,-2540666.99,0.0,47459333.00999999,,,,
2022-10-29,11587.0,27495.0,-0.7453338362100875,0,,,,,0,0,0.0,-2540666.99,0.0,47459333.00999999,,,,
2022-10-30,11587.0,27495.0,-0.7012286210332543,0,,,,,0,0,0.0,-2540666.99,0.0,47459333.00999999,,,,
2022-10-31,11447.25,27555.0,0.687318205370124,0,,,,,0,0,0.0,-2540666.99,0.0,47459333.00999999,,,,
2022-11-01,11332.0,27600.0,1.6127125632688026,0,,,,,0,0,0.0,-2540666.99,0.0,47459333.00999999,,,,
2022-11-02,10944.5,27305.0,2.4770427706173015,0,,,,,0,0,0.0,-2540666.99,0.0,47459333.00999999,,,,
2022-11-03,10728.0,27525.0,3.104575500548299,0,,,,,0,0,0.0,-2540666.99,0.0,47459333.00999999,,,,
2022-11-04,10890.25,27525.0,2.0481942003268974,0,,,,,0,0,0.0,-2540666.99,0.0,47459333.00999999,,,,
2022-11-05,10890.25,27525.0,1.7929809341919718,0,,,,,0,0,0.0,-2540666.99,0.0,47459333.00999999,,,,
2022-11-06,10890.25,27525.0,1.583851517604056,0,,,,,0,0,0.0,-2540666.99,0.0,47459333.00999999,,,,
2022-11-07,11014.25,27615.0,1.2224748507675003,0,,,,,0,0,0.0,-2540666.99,0.0,47459333.00999999,,,,
2022-11-08,11094.25,27885.0,1.3149495992624958,0,,,,,0,0,0.0,-2540666.99,0.0,47459333.00999999,,,,
2022-11-09,10830.75,27525.0,1.3130955489473002,0,,,,,0,0,0.0,-2540666.99,0.0,47459333.00999999,,,,
2022-11-10,11632.25,27981.060546875,-0.21783829722586986,0,,,,,0,0,0.0,-2540666.99,0.0,47459333.00999999,,,,
2022-11-11,11848.0,28120.0,-0.6256552282537868,0,,,,,0,0,0.0,-2540666.99,0.0,47459333.00999999,,,,
2022-11-12,11848.0,28120.0,-0.6521233143443207,0,,,,,0,0,0.0,-2540666.99,0.0,47459333.00999999,,,,
2022-11-13,11848.0,28120.0,-0.7106973534719876,0,,,,,0,0,0.0,-2540666.99,0.0,47459333.00999999,,,,
2022-11-14,11734.75,27955.0,-0.721649200797773,0,,,,,0,0,0.0,-2540666.99,0.0,47459333.00999999,,,,
2022-11-15,11904.25,27985.0,-1.1684819756882396,0,,,,,0,0,0.0,-2540666.99,0.0,47459333.00999999,,,,
2022-11-16,11739.5,27920.0,-0.7744673179508373,0,,,,,0,0,0.0,-2540666.99,0.0,47459333.00999999,,,,
2022-11-17,11710.5,27965.0,-0.6391568298862372,0,,,,,0,0,0.0,-2540666.99,0.0,47459333.00999999,,,,
2022-11-18,11708.0,27965.0,-0.6722737572036377,0,,,,,0,0,0.0,-2540666.99,0.0,47459333.00999999,,,,
2022-11-19,11708.0,27965.0,-0.716389173511375,0,,,,,0,0,0.0,-2540666.99,0.0,47459333.00999999,,,,
2022-11-20,11708.0,27965.0,-0.711803476836322,0,,,,,0,0,0.0,-2540666.99,0.0,47459333.00999999,,,,
2022-11-21,11588.0,28045.0,-0.15344168982877118,0,,,,,0,0,0.0,-2540666.99,0.0,47459333.00999999,,,,
2022-11-22,11754.5,28345.0,-0.08460157028946735,0,,,,,0,0,0.0,-2540666.99,0.0,47459333.00999999,,,,
2022-11-23,11862.75,28345.0,-0.37129590312637933,0,,,,,0,0,0.0,-2540666.99,0.0,47459333.00999999,,,,
2022-11-24,11862.75,28345.0,-0.2981343078980785,0,,,,,0,0,0.0,-2540666.99,0.0,47459333.00999999,,,,
2022-11-25,11782.75,28340.0,0.0884432902669579,0,,,,,0,0,0.0,-2540666.99,0.0,47459333.00999999,,,,
2022-11-26,11782.75,28340.0,0.19295543627330955,0,,,,,0,0,0.0,-2540666.99,0.0,47459333.00999999,,,,
2022-11-27,11782.75,28340.0,0.29821500731996337,0,,,,,0,0,0.0,-2540666.99,0.0,47459333.00999999,,,,
2022-11-28,11616.25,28090.0,0.5978070263144812,0,,,,,0,0,0.0,-2540666.99,0.0,47459333.00999999,,,,
2022-11-29,11524.75,27990.0,1.4349495026749466,0,,,,,0,0,0.0,-2540666.99,0.0,47459333.00999999,,,,
2022-11-30,12042.25,28370.0,-1.2225886167184152,0,,,,,0,0,0.0,-2540666.99,0.0,47459333.00999999,,,,
2022-12-01,12062.75,28010.0,-2.603961057786741,0,,,,,0,0,0.0,-2540666.99,0.0,47459333.00999999,,,,
2022-12-02,12010.25,27710.0,-2.656932150321669,0,,,,,0,0,0.0,-2540666.99,0.0,47459333.00999999,,,,
2022-12-03,12010.25,27710.0,-2.183894590899199,0,,,,,0,0,0.0,-2540666.99,0.0,47459333.00999999,,,,
2022-12-04,12010.25,27710.0,-1.8676430794792578,0,,,,,0,0,0.0,-2540666.99,0.0,47459333.00999999,,,,
2022-12-05,11805.75,27685.0,-0.9838719847662387,0,,,,,0,0,0.0,-2540666.99,0.0,47459333.00999999,,,,
2022-12-06,11566.0,27660.0,0.005528882747535448,0,,,,,0,0,0.0,-2540666.99,0.0,47459333.00999999,,,,
2022-12-07,11509.5,27585.0,0.06436244782048652,0,,,,,0,0,0.0,-2540666.99,0.0,47459333.00999999,,,,
2022-12-08,11645.5,27755.0,-0.07848400452761413,0,,,,,0,0,0.0,-2540666.99,0.0,47459333.00999999,,,,
2022-12-09,11569.75,27780.0,0.3152180727229243,0,,,,,0,0,0.0,-2540666.99,0.0,47459333.00999999,,,,
2022-12-10,11569.75,27780.0,0.30835502832984835,0,,,,,0,0,0.0,-2540666.99,0.0,47459333.00999999,,,,
2022-12-11,11569.75,27780.0,0.34598346386131895,0,,,,,0,0,0.0,-2540666.99,0.0,47459333.00999999,,,,
2022-12-12,11711.75,28055.0,0.4794452001383288,0,,,,,0,0,0.0,-2540666.99,0.0,47459333.00999999,,,,
2022-12-13,11839.75,27995.0,-0.23327788062454516,0,,,,,0,0,0.0,-2540666.99,0.0,47459333.00999999,,,,
2022-12-14,11750.75,27920.0,0.006318119558018992,0,,,,,0,0,0.0,-2540666.99,0.0,47459333.00999999,,,,
2022-12-15,11347.25,27665.0,1.1719291473840765,0,,,,,0,0,0.0,-2540666.99,0.0,47459333.00999999,,,,
2022-12-16,11327.0400390625,27340.0,0.41324016036015115,0,,,,,0,0,0.0,-2540666.99,0.0,47459333.00999999,,,,
2022-12-17,11327.0400390625,27340.0,0.45756406040216496,0,,,,,0,0,0.0,-2540666.99,0.0,47459333.00999999,,,,
2022-12-18,11327.0400390625,27340.0,0.5131257660927943,0,,,,,0,0,0.0,-2540666.99,0.0,47459333.00999999,,,,
2022-12-19,11193.25,27220.0,0.8976150850004622,0,,,,,0,0,0.0,-2540666.99,0.0,47459333.00999999,,,,
2022-12-20,11175.75,26375.0,-1.4669552515226956,0,,,,,0,0,0.0,-2540666.99,0.0,47459333.00999999,,,,
2022-12-21,11334.5,26465.0,-1.8147909687373727,0,,,,,0,0,0.0,-2540666.99,0.0,47459333.00999999,,,,
2022-12-22,11054.25,26185.0,-1.3224679571496079,0,,,,,0,0,0.0,-2540666.99,0.0,47459333.00999999,,,,
2022-12-23,11075.25,26290.0,-1.1896461880407516,0,,,,,0,0,0.0,-2540666.99,0.0,47459333.00999999,,,,
2022-12-24,11075.25,26290.0,-1.2570234419987325,0,,,,,0,0,0.0,-2540666.99,0.0,47459333.00999999,,,,
2022-12-25,11075.25,26290.0,-1.2028812962344948,0,,,,,0,0,0.0,-2540666.99,0.0,47459333.00999999,,,,
2022-12-26,11075.25,26290.0,-1.0906513560803557,0,,,,,0,0,0.0,-2540666.99,0.0,47459333.00999999,,,,
2022-12-27,10915.5,26255.0,-0.3818360264781528,0,,,,,0,0,0.0,-2540666.99,0.0,47459333.00999999,,,,
2022-12-28,10772.75,26120.0,-0.058441159861757054,0,,,,,0,0,0.0,-2540666.99,0.0,47459333.00999999,,,,
2022-12-29,11032.75,26350.0,-0.585242311791472,0,,,,,0,0,0.0,-2540666.99,0.0,47459333.00999999,,,,
2022-12-30,11022.25,25755.0,-1.9082668122330022,0,,,,,0,0,0.0,-2540666.99,0.0,47459333.00999999,,,,
2022-12-31,11022.25,25755.0,-1.6674318265245769,0,,,,,0,0,0.0,-2540666.99,0.0,47459333.00999999,,,,
2023-01-01,11022.25,25755.0,-1.485789999256809,0,,,,,0,0,0.0,-2540666.99,0.0,47459333.00999999,,,,
2023-01-02,11022.25,25755.0,-1.3258252246979352,0,,,,,0,0,0.0,-2540666.99,0.0,47459333.00999999,,,,
2023-01-03,10945.5,26125.0,-0.11810466969680425,0,,,,,0,0,0.0,-2540666.99,0.0,47459333.00999999,,,,
2023-01-04,10999.25,25855.0,-0.9062517836253549,0,,,,,0,0,0.0,-2540666.99,0.0,47459333.00999999,,,,
2023-01-05,10820.25,25715.0,-0.4104463524130738,0,,,,,0,0,0.0,-2540666.99,0.0,47459333.00999999,,,,
2023-01-06,11113.5,26200.0,-0.36125838148092815,0,,,,,0,0,0.0,-2540666.99,0.0,47459333.00999999,,,,
2023-01-07,11113.5,26200.0,-0.27543311623046857,0,,,,,0,0,0.0,-2540666.99,0.0,47459333.00999999,,,,
2023-01-08,11113.5,26200.0,-0.16338005190579247,0,,,,,0,0,0.0,-2540666.99,0.0,47459333.00999999,,,,
2023-01-09,11185.5,26235.0,-0.507690570348866,0,,,,,0,0,0.0,-2540666.99,0.0,47459333.00999999,,,,
2023-01-10,11282.0,26295.0,-0.9280472454791794,0,,,,,0,0,0.0,-2540666.99,0.0,47459333.00999999,,,,
2023-01-11,11476.5,26570.0,-1.056540437323358,0,,,,,0,0,0.0,-2540666.99,0.0,47459333.00999999,,,,
2023-01-12,11534.25,26225.240234375,-2.3163902375163197,0,,,,,0,0,0.0,-2540666.99,0.0,47459333.00999999,,,,
2023-01-13,11608.0,25825.0,-2.907314120767198,0,,,,,0,0,0.0,-2540666.99,0.0,47459333.00999999,,,,
2023-01-14,11608.0,25825.0,-2.31632086140762,0,,,,,0,0,0.0,-2540666.99,0.0,47459333.00999999,,,,
2023-01-15,11608.0,25825.0,-1.951058733048107,0,,,,,0,0,0.0,-2540666.99,0.0,47459333.00999999,,,,
2023-01-16,11608.0,25825.0,-1.7152044753241886,0,,,,,0,0,0.0,-2540666.99,0.0,47459333.00999999,,,,
2023-01-17,11624.5,26270.0,-0.8328410008914237,0,,,,,0,0,0.0,-2540666.99,0.0,47459333.00999999,,,,
2023-01-18,11475.75,26485.0,0.18401909684482695,0,,,,,0,0,0.0,-2540666.99,0.0,47459333.00999999,,,,
2023-01-19,11356.5,26345.0,0.3124572738496801,0,,,,,0,0,0.0,-2540666.99,0.0,47459333.00999999,,,,
2023-01-20,11677.0,26935.0,0.4069519192379501,0,,,,,0,0,0.0,-2540666.99,0.0,47459333.00999999,,,,
2023-01-21,11677.0,26935.0,0.39803952621629507,0,,,,,0,0,0.0,-2540666.99,0.0,47459333.00999999,,,,
2023-01-22,11677.0,26935.0,0.38920231771756747,0,,,,,0,0,0.0,-2540666.99,0.0,47459333.00999999,,,,
2023-01-23,11934.0,27160.0,0.013972371984774004,0,,,,,0,0,0.0,-2540666.99,0.0,47459333.00999999,,,,
2023-01-24,11909.5,27185.0,0.1865460032617703,0,,,,,0,0,0.0,-2540666.99,0.0,47459333.00999999,,,,
2023-01-25,11873.25,27420.0,0.86723086696109,0,,,,,0,0,0.0,-2540666.99,0.0,47459333.00999999,,,,
2023-01-26,12106.75,27530.0,0.2696776751998793,0,,,,,0,0,0.0,-2540666.99,0.0,47459333.00999999,,,,
2023-01-27,12222.25,27425.0,-0.3638285935752979,0,,,,,0,0,0.0,-2540666.99,0.0,47459333.00999999,,,,
2023-01-28,12222.25,27425.0,-0.2973353321235265,0,,,,,0,0,0.0,-2540666.99,0.0,47459333.00999999,,,,
2023-01-29,12222.25,27425.0,-0.23508025384963419,0,,,,,0,0,0.0,-2540666.99,0.0,47459333.00999999,,,,
2023-01-30,11968.0,27455.0,0.9479602417669138,0,,,,,0,0,0.0,-2540666.99,0.0,47459333.00999999,,,,
2023-01-31,12152.0,27515.0,0.3324120066354781,0,,,,,0,0,0.0,-2540666.99,0.0,47459333.00999999,,,,
2023-02-01,12414.25,27430.0,-0.9862435006410588,0,,,,,0,0,0.0,-2540666.99,0.0,47459333.00999999,,,,
2023-02-02,12846.75,27540.0,-2.2922176654927053,0,,,,,0,0,0.0,-2540666.99,0.0,47459333.00999999,,,,
2023-02-03,12624.0,27635.0,-1.2287292297044876,0,,,,,0,0,0.0,-2540666.99,0.0,47459333.00999999,,,,
2023-02-04,12624.0,27635.0,-1.259438701120996,0,,,,,0,0,0.0,-2540666.99,0.0,47459333.00999999,,,,
2023-02-05,12624.0,27635.0,-1.2916538350012847,0,,,,,0,0,0.0,-2540666.99,0.0,47459333.00999999,,,,
2023-02-06,12515.5,27725.0,-0.618834314944806,0,,,,,0,0,0.0,-2540666.99,0.0,47459333.00999999,,,,
2023-02-07,12776.75,27690.0,-1.5551717338458928,0,,,,,0,0,0.0,-2540666.99,0.0,47459333.00999999,,,,
2023-02-08,12545.25,27425.0,-1.1420535631272912,0,,,,,0,0,0.0,-2540666.99,0.0,47459333.00999999,,,,
2023-02-09,12425.5,27545.0,-0.3561908518835162,0,,,,,0,0,0.0,-2540666.99,0.0,47459333.00999999,,,,
2023-02-10,12346.25,27585.0,0.10372734115914764,0,,,,,0,0,0.0,-2540666.99,0.0,47459333.00999999,,,,
2023-02-11,12346.25,27585.0,0.16864343482872488,0,,,,,0,0,0.0,-2540666.99,0.0,47459333.00999999,,,,
2023-02-12,12346.25,27585.0,0.20654270619009463,0,,,,,0,0,0.0,-2540666.99,0.0,47459333.00999999,,,,
2023-02-13,12540.5,27700.0,-0.275364427306132,0,,,,,0,0,0.0,-2540666.99,0.0,47459333.00999999,,,,
2023-02-14,12631.0,27745.0,-0.48504905888201294,0,,,,,0,0,0.0,-2540666.99,0.0,47459333.00999999,,,,
2023-02-15,12730.0,27620.0,-1.2298625792002398,0,,,,,0,0,0.0,-2540666.99,0.0,47459333.00999999,,,,
2023-02-16,12482.5,27515.0,-0.23894858005269526,0,,,,,0,0,0.0,-2540666.99,0.0,47459333.00999999,,,,
2023-02-17,12390.0,27505.0,0.24289347122733854,0,,,,,0,0,0.0,-2540666.99,0.0,47459333.00999999,,,,
2023-02-18,12390.0,27505.0,0.27990033124256236,0,,,,,0,0,0.0,-2540666.99,0.0,47459333.00999999,,,,
2023-02-19,12390.0,27505.0,0.4619678984625209,0,,,,,0,0,0.0,-2540666.99,0.0,47459333.00999999,,,,
2023-02-20,12390.0,27505.0,0.6086372573307075,0,,,,,0,0,0.0,-2540666.99,0.0,47459333.00999999,,,,
2023-02-21,12096.75,27255.0,1.4835270129739289,0,,,,,0,0,0.0,-2540666.99,0.0,47459333.00999999,,,,
2023-02-22,12097.5,27030.0,0.5154342406921948,0,,,,,0,0,0.0,-2540666.99,0.0,47459333.00999999,,,,
2023-02-23,12207.5,27230.0,0.5188463204914789,0,,,,,0,0,0.0,-2540666.99,0.0,47459333.00999999,,,,
2023-02-24,11997.0,27330.0,2.2545124787342927,0,,,,,0,0,0.0,-2540666.99,0.0,47459333.00999999,,,,
2023-02-25,11997.0,27330.0,1.9199473741118631,0,,,,,0,0,0.0,-2540666.99,0.0,47459333.00999999,,,,
2023-02-26,11997.0,27330.0,1.676618138036226,0,,,,,0,0,0.0,-2540666.99,0.0,47459333.00999999,,,,
2023-02-27,12083.25,27535.0,1.7241011870690677,0,,,,,0,0,0.0,-2540666.99,0.0,47459333.00999999,,,,
2023-02-28,12072.25,27425.0,1.2719293746619948,0,,,,,0,0,0.0,-2540666.99,0.0,47459333.00999999,,,,
2023-03-01,11961.75,27485.0,1.8683106242888827,0,,,,,0,0,0.0,-2540666.99,0.0,47459333.00999999,,,,
2023-03-02,12062.0,27705.0,1.7635855202881192,0,,,,,0,0,0.0,-2540666.99,0.0,47459333.00999999,,,,
2023-03-03,12311.25,28205.0,1.7369200500660047,0,,,,,0,0,0.0,-2540666.99,0.0,47459333.00999999,,,,
2023-03-04,12311.25,28205.0,1.5319138744524656,0,,,,,0,0,0.0,-2540666.99,0.0,47459333.00999999,,,,
2023-03-05,12311.25,28205.0,1.3650748651680553,0,,,,,0,0,0.0,-2540666.99,0.0,47459333.00999999,,,,
2023-03-06,12323.5,28200.0,1.1760799707924257,0,,,,,0,0,0.0,-2540666.99,0.0,47459333.00999999,,,,
2023-03-07,12169.0,28205.0,1.7316429964752857,0,,,,,0,0,0.0,-2540666.99,0.0,47459333.00999999,,,,
2023-03-08,12228.25,28620.0,2.1753752804187374,0,,,,,0,0,0.0,-2540666.99,0.0,47459333.00999999,,,,
2023-03-09,12007.25,28265.0,1.910446471391595,0,,,,,0,0,0.0,-2540666.99,0.0,47459333.00999999,,,,
2023-03-10,11840.25,27780.0,1.3090470274091996,0,,,,,0,0,0.0,-2540666.99,0.0,47459333.00999999,,,,
2023-03-11,11840.25,27780.0,1.1949622734075742,0,,,,,0,0,0.0,-2540666.99,0.0,47459333.00999999,,,,
2023-03-12,11840.25,27780.0,1.1006511661893916,0,,,,,0,0,0.0,-2540666.99,0.0,47459333.00999999,,,,
2023-03-13,11931.75,27385.0,-0.2958579929492502,0,,,,,0,0,0.0,-2540666.99,0.0,47459333.00999999,,,,
2023-03-14,12207.0,27465.0,-1.3776743312162771,0,,,,,0,0,0.0,-2540666.99,0.0,47459333.00999999,,,,
2023-03-15,12247.75,26495.0,-3.1206663140366655,0,,,,,0,0,0.0,-2540666.99,0.0,47459333.00999999,,,,
2023-03-16,12583.0,27290.0,-2.194416061254872,0,,,,,0,0,0.0,-2540666.99,0.0,47459333.00999999,,,,
2023-03-17,12594.650390625,26975.0,-2.2656532305584314,0,,,,,0,0,0.0,-2540666.99,0.0,47459333.00999999,,,,
2023-03-18,12594.650390625,26975.0,-1.9290065250625192,0,,,,,0,0,0.0,-2540666.99,0.0,47459333.00999999,,,,
2023-03-19,12594.650390625,26975.0,-1.6830755797573924,0,,,,,0,0,0.0,-2540666.99,0.0,47459333.00999999,,,,
2023-03-20,12688.5,27060.0,-1.5680460854798162,0,,,,,0,0,0.0,-2540666.99,0.0,47459333.00999999,,,,
2023-03-21,12867.25,27185.0,-1.5554905180750882,0,,,,,0,0,0.0,-2540666.99,0.0,47459333.00999999,,,,
2023-03-22,12707.0,27215.0,-1.1142676090020622,0,,,,,0,0,0.0,-2540666.99,0.0,47459333.00999999,,,,
2023-03-23,12854.0,27245.0,-1.2055828632707437,0,,,,,0,0,0.0,-2540666.99,0.0,47459333.00999999,,,,
2023-03-24,12890.25,27380.0,-1.0230200324774776,0,,,,,0,0,0.0,-2540666.99,0.0,47459333.00999999,,,,
2023-03-25,12890.25,27380.0,-0.9262689684067992,0,,,,,0,0,0.0,-2540666.99,0.0,47459333.00999999,,,,
2023-03-26,12890.25,27380.0,-0.8381652552541847,0,,,,,0,0,0.0,-2540666.99,0.0,47459333.00999999,,,,
2023-03-27,12788.5,27555.0,-0.42736064728801176,0,,,,,0,0,0.0,-2540666.99,0.0,47459333.00999999,,,,
2023-03-28,12732.5,27475.0,-0.3350938489741719,0,,,,,0,0,0.0,-2540666.99,0.0,47459333.00999999,,,,
2023-03-29,12965.0,28095.0,0.014840158885221139,0,,,,,0,0,0.0,-2540666.99,0.0,47459333.00999999,,,,
2023-03-30,13082.0,27970.0,-0.29709385544609174,0,,,,,0,0,0.0,-2540666.99,0.0,47459333.00999999,,,,
2023-03-31,13301.75,28195.0,-0.42565719577869515,0,,,,,0,0,0.0,-2540666.99,0.0,47459333.00999999,,,,
2023-04-01,13301.75,28195.0,-0.3558572126385168,0,,,,,0,0,0.0,-2540666.99,0.0,47459333.00999999,,,,
2023-04-02,13301.75,28195.0,-0.2665993281268524,0,,,,,0,0,0.0,-2540666.99,0.0,47459333.00999999,,,,
2023-04-03,13270.0,28190.0,0.1193645455636361,0,,,,,0,0,0.0,-2540666.99,0.0,47459333.00999999,,,,
2023-04-04,13219.0,28095.0,0.08174258231458574,0,,,,,0,0,0.0,-2540666.99,0.0,47459333.00999999,,,,
2023-04-05,13079.75,27675.0,-0.8701622398940493,0,,,,,0,0,0.0,-2540666.99,0.0,47459333.00999999,,,,
2023-04-06,13170.75,27620.0,-1.8148490500235863,0,,,,,0,0,0.0,-2540666.99,0.0,47459333.00999999,,,,
2023-04-07,13170.75,27620.0,-1.600115230435751,0,,,,,0,0,0.0,-2540666.99,0.0,47459333.00999999,,,,
2023-04-08,13170.75,27620.0,-1.4302235836149826,0,,,,,0,0,0.0,-2540666.99,0.0,47459333.00999999,,,,
2023-04-09,13170.75,27620.0,-1.3065419266430442,0,,,,,0,0,0.0,-2540666.99,0.0,47459333.00999999,,,,
2023-04-10,13158.0,27850.0,-0.23351637805462938,0,,,,,0,0,0.0,-2540666.99,0.0,47459333.00999999,,,,
2023-04-11,13074.75,28005.0,1.044745502164691,0,,,,,0,0,0.0,-2540666.99,0.0,47459333.00999999,,,,
2023-04-12,12952.25,27930.0,1.4423069976626515,0,,,,,0,0,0.0,-2540666.99,0.0,47459333.00999999,,,,
2023-04-13,13209.75,28418.3203125,1.472658729437749,0,,,,,0,0,0.0,-2540666.99,0.0,47459333.00999999,,,,
2023-04-14,13181.25,28490.0,1.6881316288197787,0,,,,,0,0,0.0,-2540666.99,0.0,47459333.00999999,,,,
2023-04-15,13181.25,28490.0,1.4888164977812905,0,,,,,0,0,0.0,-2540666.99,0.0,47459333.00999999,,,,
2023-04-16,13181.25,28490.0,1.37539134732563,0,,,,,0,0,0.0,-2540666.99,0.0,47459333.00999999,,,,
2023-04-17,13186.5,28560.0,1.4454381565511711,0,,,,,0,0,0.0,-2540666.99,0.0,47459333.00999999,,,,
2023-04-18,13193.0,28635.0,1.567437552060919,0,,,,,0,0,0.0,-2540666.99,0.0,47459333.00999999,,,,
2023-04-19,13183.0,28550.0,1.2422413515722521,0,,,,,0,0,0.0,-2540666.99,0.0,47459333.00999999,,,,
2023-04-20,13074.25,28605.0,1.6786766697663038,0,,,,,0,0,0.0,-2540666.99,0.0,47459333.00999999,,,,
2023-04-21,13090.5,28660.0,1.5393972056765934,0,,,,,0,0,0.0,-2540666.99,0.0,47459333.00999999,,,,
2023-04-22,13090.5,28660.0,1.369968248074137,0,,,,,0,0,0.0,-2540666.99,0.0,47459333.00999999,,,,
2023-04-23,13090.5,28660.0,1.2305603267780965,0,,,,,0,0,0.0,-2540666.99,0.0,47459333.00999999,,,,
2023-04-24,13056.5,28720.0,1.3388099626803662,0,,,,,0,0,0.0,-2540666.99,0.0,47459333.00999999,,,,
2023-04-25,12809.5,28340.0,1.2775414315675524,0,,,,,0,0,0.0,-2540666.99,0.0,47459333.00999999,,,,
2023-04-26,12887.75,28295.0,0.8135333061001421,0,,,,,0,0,0.0,-2540666.99,0.0,47459333.00999999,,,,
2023-04-27,13231.25,28710.0,0.35144530591643697,0,,,,,0,0,0.0,-2540666.99,0.0,47459333.00999999,,,,
2023-04-28,13320.25,29050.0,0.7844548609181019,0,,,,,0,0,0.0,-2540666.99,0.0,47459333.00999999,,,,
2023-04-29,13320.25,29050.0,0.7720019318864928,0,,,,,0,0,0.0,-2540666.99,0.0,47459333.00999999,,,,
2023-04-30,13320.25,29050.0,0.7556277504966816,0,,,,,0,0,0.0,-2540666.99,0.0,47459333.00999999,,,,
2023-05-01,13306.75,29305.0,1.9041311263637364,0,,,,,0,0,0.0,-2540666.99,0.0,47459333.00999999,,,,
2023-05-02,13184.5,28825.0,0.5132818199145924,0,,,,,0,0,0.0,-2540666.99,0.0,47459333.00999999,,,,
2023-05-03,13100.75,29015.0,2.0201974663718105,0,,,,,0,0,0.0,-2540666.99,0.0,47459333.00999999,,,,
2023-05-04,13043.75,29030.0,2.1809335705073902,0,,,,,0,0,0.0,-2540666.99,0.0,47459333.00999999,,,,
2023-05-05,13317.75,29515.0,1.9776159386784309,0,,,,,0,0,0.0,-2540666.99,0.0,47459333.00999999,,,,
2023-05-06,13317.75,29515.0,1.7614412342234416,0,,,,,0,0,0.0,-2540666.99,0.0,47459333.00999999,,,,
2023-05-07,13317.75,29515.0,1.5792655912896976,0,,,,,0,0,0.0,-2540666.99,0.0,47459333.00999999,,,,
2023-05-08,13352.25,29040.0,-0.762797955062323,0,,,,,0,0,0.0,-2540666.99,0.0,47459333.00999999,,,,
2023-05-09,13264.75,29230.0,0.6599560150096947,0,,,,,0,0,0.0,-2540666.99,0.0,47459333.00999999,,,,
2023-05-10,13409.5,29040.0,-1.3308488389121915,0,,,,,0,0,0.0,-2540666.99,0.0,47459333.00999999,,,,
2023-05-11,13446.5,29126.26953125,-1.157079766315514,0,,,,,0,0,0.0,-2540666.99,0.0,47459333.00999999,,,,
2023-05-12,13396.25,29575.0,1.1092215986577285,0,,,,,0,0,0.0,-2540666.99,0.0,47459333.00999999,,,,
2023-05-13,13396.25,29575.0,1.004455669413848,0,,,,,0,0,0.0,-2540666.99,0.0,47459333.00999999,,,,
2023-05-14,13396.25,29575.0,0.922841725681151,0,,,,,0,0,0.0,-2540666.99,0.0,47459333.00999999,,,,
2023-05-15,13468.0,29870.0,1.4660384306745224,0,,,,,0,0,0.0,-2540666.99,0.0,47459333.00999999,,,,
2023-05-16,13483.25,29870.0,1.2258577741969303,0,,,,,0,0,0.0,-2540666.99,0.0,47459333.00999999,,,,
2023-05-17,13643.5,30530.0,2.27854428519329,0,,,,,0,0,0.0,-2540666.99,0.0,47459333.00999999,,,,
2023-05-18,13894.0,30905.0,1.8168272567356987,0,,,,,0,0,0.0,-2540666.99,0.0,47459333.00999999,,,,
2023-05-19,13858.0,30855.0,1.6274333911438528,0,,,,,0,0,0.0,-2540666.99,0.0,47459333.00999999,,,,
2023-05-20,13858.0,30855.0,1.4528284883125235,0,,,,,0,0,0.0,-2540666.99,0.0,47459333.00999999,,,,
2023-05-21,13858.0,30855.0,1.300419170548084,0,,,,,0,0,0.0,-2540666.99,0.0,47459333.00999999,,,,
2023-05-22,13902.5,31215.0,1.8443060713866397,0,,,,,0,0,0.0,-2540666.99,0.0,47459333.00999999,,,,
2023-05-23,13728.75,30680.0,1.0741224577018509,0,,,,,0,0,0.0,-2540666.99,0.0,47459333.00999999,,,,
2023-05-24,13650.25,30495.0,0.859889210807431,0,,,,,0,0,0.0,-2540666.99,0.0,47459333.00999999,,,,
2023-05-25,13976.5,31100.0,0.9175686464915875,0,,,,,0,0,0.0,-2540666.99,0.0,47459333.00999999,,,,
2023-05-26,14332.5,31500.0,0.36969218691705036,0,,,,,0,0,0.0,-2540666.99,0.0,47459333.00999999,,,,
2023-05-27,14332.5,31500.0,0.3352229003542258,0,,,,,0,0,0.0,-2540666.99,0.0,47459333.00999999,,,,
2023-05-28,14332.5,31500.0,0.2541189774177867,0,,,,,0,0,0.0,-2540666.99,0.0,47459333.00999999,,,,
2023-05-29,14332.5,31500.0,0.19531119054747703,0,,,,,0,0,0.0,-2540666.99,0.0,47459333.00999999,,,,
2023-05-30,14396.75,31145.0,-1.3583574766698636,0,,,,,0,0,0.0,-2540666.99,0.0,47459333.00999999,,,,
2023-05-31,14300.5,30780.0,-2.2549908706544497,0,,,,,0,0,0.0,-2540666.99,0.0,47459333.00999999,,,,
2023-06-01,14472.25,31400.0,-1.0769787478343142,0,,,,,0,0,0.0,-2540666.99,0.0,47459333.00999999,,,,
2023-06-02,14575.25,31965.0,0.2619339695788274,0,,,,,0,0,0.0,-2540666.99,0.0,47459333.00999999,,,,
2023-06-03,14575.25,31965.0,0.19617106199754553,0,,,,,0,0,0.0,-2540666.99,0.0,47459333.00999999,,,,
2023-06-04,14575.25,31965.0,0.15472010656514856,0,,,,,0,0,0.0,-2540666.99,0.0,47459333.00999999,,,,
2023-06-05,14588.75,32100.0,0.5283574935111779,0,,,,,0,0,0.0,-2540666.99,0.0,47459333.00999999,,,,
2023-06-06,14586.5,32645.0,2.2325143121898465,0,,,,,0,0,0.0,-2540666.99,0.0,47459333.00999999,,,,
2023-06-07,14331.5,31885.0,1.0418550763543368,0,,,,,0,0,0.0,-2540666.99,0.0,47459333.00999999,,,,
2023-06-08,14503.0,31890.0,0.10986630068150421,0,,,,,0,0,0.0,-2540666.99,0.0,47459333.00999999,,,,
2023-06-09,14556.25,32355.0,1.2446794680920574,0,,,,,0,0,0.0,-2540666.99,0.0,47459333.00999999,,,,
2023-06-10,14556.25,32355.0,1.150894234204542,0,,,,,0,0,0.0,-2540666.99,0.0,47459333.00999999,,,,
2023-06-11,14556.25,32355.0,1.1384027674443415,0,,,,,0,0,0.0,-2540666.99,0.0,47459333.00999999,,,,
2023-06-12,14800.5,32685.0,0.8424867222124246,0,,,,,0,0,0.0,-2540666.99,0.0,47459333.00999999,,,,
2023-06-13,14914.25,33425.0,2.063801542792496,0,,,,,0,0,0.0,-2540666.99,0.0,47459333.00999999,,,,
2023-06-14,15012.75,33510.0,1.6306018657440882,0,,,,,0,0,0.0,-2540666.99,0.0,47459333.00999999,,,,
2023-06-15,15188.0,33510.0,0.8359796055104131,0,,,,,0,0,0.0,-2540666.99,0.0,47459333.00999999,,,,
2023-06-16,15316.6103515625,33665.0,0.6256321001033159,0,,,,,0,0,0.0,-2540666.99,0.0,47459333.00999999,,,,
2023-06-17,15316.6103515625,33665.0,0.5660915103681835,0,,,,,0,0,0.0,-2540666.99,0.0,47459333.00999999,,,,
2023-06-18,15316.6103515625,33665.0,0.5084552844014758,0,,,,,0,0,0.0,-2540666.99,0.0,47459333.00999999,,,,
2023-06-19,15316.6103515625,33665.0,0.4316835930025504,0,,,,,0,0,0.0,-2540666.99,0.0,47459333.00999999,,,,
2023-06-20,15256.5,33170.0,-0.8646701969435052,0,,,,,0,0,0.0,-2540666.99,0.0,47459333.00999999,,,,
2023-06-21,15044.0,33570.0,1.5529144377208282,0,,,,,0,0,0.0,-2540666.99,0.0,47459333.00999999,,,,
2023-06-22,15214.75,33455.0,0.030963302232385657,0,,,,,0,0,0.0,-2540666.99,0.0,47459333.00999999,,,,
2023-06-23,15058.25,32675.0,-1.8402055600733036,0,,,,,0,0,0.0,-2540666.99,0.0,47459333.00999999,,,,
2023-06-24,15058.25,32675.0,-1.7627005113485799,0,,,,,0,0,0.0,-2540666.99,0.0,47459333.00999999,,,,
2023-06-25,15058.25,32675.0,-1.635915198509875,0,,,,,0,0,0.0,-2540666.99,0.0,47459333.00999999,,,,
2023-06-26,14856.5,32590.0,-0.6965343872563243,0,,,,,0,0,0.0,-2540666.99,0.0,47459333.00999999,,,,
2023-06-27,15111.5,32825.0,-1.2427978242137694,0,,,,,0,0,0.0,-2540666.99,0.0,47459333.00999999,,,,
2023-06-28,15130.0,33315.0,0.19709688330367564,0,,,,,0,0,0.0,-2540666.99,0.0,47459333.00999999,,,,
2023-06-29,15100.25,33185.0,-0.054209936067414845,0,,,,,0,0,0.0,-2540666.99,0.0,47459333.00999999,,,,
2023-06-30,15337.0,33440.0,-0.4971419143883602,0,,,,,0,0,0.0,-2540666.99,0.0,47459333.00999999,,,,
2023-07-01,15337.0,33440.0,-0.45656212602931173,0,,,,,0,0,0.0,-2540666.99,0.0,47459333.00999999,,,,
2023-07-02,15337.0,33440.0,-0.4292862386676326,0,,,,,0,0,0.0,-2540666.99,0.0,47459333.00999999,,,,
2023-07-03,15364.75,33650.0,0.21889434561658666,0,,,,,0,0,0.0,-2540666.99,0.0,47459333.00999999,,,,
2023-07-04,15364.75,33650.0,0.3363533430510046,0,,,,,0,0,0.0,-2540666.99,0.0,47459333.00999999,,,,
2023-07-05,15360.75,33150.0,-1.4865848642806456,0,,,,,0,0,0.0,-2540666.99,0.0,47459333.00999999,,,,
2023-07-06,15238.0,32470.0,-2.5545336183727203,0,,,,,0,0,0.0,-2540666.99,0.0,47459333.00999999,,,,
2023-07-07,15181.75,32440.0,-1.9754812478627775,0,,,,,0,0,0.0,-2540666.99,0.0,47459333.00999999,,,,
2023-07-08,15181.75,32440.0,-1.7151321162262732,0,,,,,0,0,0.0,-2540666.99,0.0,47459333.00999999,,,,
2023-07-09,15181.75,32440.0,-1.5173274070172993,0,,,,,0,0,0.0,-2540666.99,0.0,47459333.00999999,,,,
2023-07-10,15187.0,32250.0,-1.757598789092587,0,,,,,0,0,0.0,-2540666.99,0.0,47459333.00999999,,,,
2023-07-11,15260.0,32285.0,-1.8034053202976084,0,,,,,0,0,0.0,-2540666.99,0.0,47459333.00999999,,,,
2023-07-12,15444.75,32060.0,-2.4544120086816346,0,,,,,0,0,0.0,-2540666.99,0.0,47459333.00999999,,,,
2023-07-13,15711.5,32746.80078125,-1.7077131201632765,0,,,,,0,0,0.0,-2540666.99,0.0,47459333.00999999,,,,
2023-07-14,15694.25,32270.0,-2.0989465772356857,0,,,,,0,0,0.0,-2540666.99,0.0,47459333.00999999,,,,
2023-07-15,15694.25,32270.0,-1.797330517103878,0,,,,,0,0,0.0,-2540666.99,0.0,47459333.00999999,,,,
2023-07-16,15694.25,32270.0,-1.5762966757715546,0,,,,,0,0,0.0,-2540666.99,0.0,47459333.00999999,,,,
2023-07-17,15840.75,32290.0,-1.6490050716811562,0,,,,,0,0,0.0,-2540666.99,0.0,47459333.00999999,,,,
2023-07-18,15974.75,32730.0,-1.2400682136559666,0,,,,,0,0,0.0,-2540666.99,0.0,47459333.00999999,,,,
2023-07-19,15959.25,32925.0,-0.8613981616513926,0,,,,,0,0,0.0,-2540666.99,0.0,47459333.00999999,,,,
2023-07-20,15592.25,32355.0,-0.7134383416388063,0,,,,,0,0,0.0,-2540666.99,0.0,47459333.00999999,,,,
2023-07-21,15540.0,32655.0,-0.10082008849247466,0,,,,,0,0,0.0,-2540666.99,0.0,47459333.00999999,,,,
2023-07-22,15540.0,32655.0,-0.01917855317792043,0,,,,,0,0,0.0,-2540666.99,0.0,47459333.00999999,,,,
2023-07-23,15540.0,32655.0,0.09426773317058168,0,,,,,0,0,0.0,-2540666.99,0.0,47459333.00999999,,,,
2023-07-24,15561.25,32735.0,0.3461013936726125,0,,,,,0,0,0.0,-2540666.99,0.0,47459333.00999999,,,,
2023-07-25,15673.0,32630.0,-0.20328638690409517,0,,,,,0,0,0.0,-2540666.99,0.0,47459333.00999999,,,,
2023-07-26,15610.75,32555.0,-0.06458375742338077,0,,,,,0,0,0.0,-2540666.99,0.0,47459333.00999999,,,,
2023-07-27,15571.0,32485.0,0.0072925188180406175,0,,,,,0,0,0.0,-2540666.99,0.0,47459333.00999999,,,,
2023-07-28,15847.5,33115.0,0.5577042067525422,0,,,,,0,0,0.0,-2540666.99,0.0,47459333.00999999,,,,
2023-07-29,15847.5,33115.0,0.6882546563490914,0,,,,,0,0,0.0,-2540666.99,0.0,47459333.00999999,,,,
2023-07-30,15847.5,33115.0,0.7673449934481905,0,,,,,0,0,0.0,-2540666.99,0.0,47459333.00999999,,,,
2023-07-31,15857.5,33230.0,1.1323038953307967,0,,,,,0,0,0.0,-2540666.99,0.0,47459333.00999999,,,,
2023-08-01,15817.25,33215.0,1.1857436362326885,0,,,,,0,0,0.0,-2540666.99,0.0,47459333.00999999,,,,
2023-08-02,15473.0,32370.0,0.2915389759231416,0,,,,,0,0,0.0,-2540666.99,0.0,47459333.00999999,,,,
2023-08-03,15438.75,31920.0,-1.063440110345848,0,,,,,0,0,0.0,-2540666.99,0.0,47459333.00999999,,,,
2023-08-04,15354.0,32020.0,-0.2990329652348762,0,,,,,0,0,0.0,-2540666.99,0.0,47459333.00999999,,,,
2023-08-05,15354.0,32020.0,-0.3797521773016487,0,,,,,0,0,0.0,-2540666.99,0.0,47459333.00999999,,,,
2023-08-06,15354.0,32020.0,-0.5943004720235856,0,,,,,0,0,0.0,-2540666.99,0.0,47459333.00999999,,,,
2023-08-07,15485.5,32400.0,0.034264648238364094,0,,,,,0,0,0.0,-2540666.99,0.0,47459333.00999999,,,,
2023-08-08,15354.25,32350.0,0.8872838894098037,0,,,,,0,0,0.0,-2540666.99,0.0,47459333.00999999,,,,
2023-08-09,15178.25,32116.859375,1.1422139240014217,0,,,,,0,0,0.0,-2540666.99,0.0,47459333.00999999,,,,
2023-08-10,15201.25,32530.0,2.5716636193655993,0,,,,,0,0,0.0,-2540666.99,0.0,47459333.00999999,,,,
2023-08-11,15095.75,32455.0,2.4203776441503075,0,,,,,0,0,0.0,-2540666.99,0.0,47459333.00999999,,,,
2023-08-12,15095.75,32455.0,2.0354727240436996,0,,,,,0,0,0.0,-2540666.99,0.0,47459333.00999999,,,,
2023-08-13,15095.75,32455.0,1.7754415373245016,0,,,,,0,0,0.0,-2540666.99,0.0,47459333.00999999,,,,
2023-08-14,15270.25,32295.0,0.3126104706465748,0,,,,,0,0,0.0,-2540666.99,0.0,47459333.00999999,,,,
2023-08-15,15106.5,31940.0,0.029688727571629513,0,,,,,0,0,0.0,-2540666.99,0.0,47459333.00999999,,,,
2023-08-16,14942.25,31690.0,0.07586645493759521,0,,,,,0,0,0.0,-2540666.99,0.0,47459333.00999999,,,,
2023-08-17,14778.0,31380.0,-0.040767525110540666,0,,,,,0,0,0.0,-2540666.99,0.0,47459333.00999999,,,,
2023-08-18,14744.0,31460.0,0.3695502766645784,0,,,,,0,0,0.0,-2540666.99,0.0,47459333.00999999,,,,
2023-08-19,14744.0,31460.0,0.335533289765678,0,,,,,0,0,0.0,-2540666.99,0.0,47459333.00999999,,,,
2023-08-20,14744.0,31460.0,0.3166650489135879,0,,,,,0,0,0.0,-2540666.99,0.0,47459333.00999999,,,,
2023-08-21,14985.75,31800.0,0.09779751208657995,0,,,,,0,0,0.0,-2540666.99,0.0,47459333.00999999,,,,
2023-08-22,14958.5,31760.0,0.07658645382205759,0,,,,,0,0,0.0,-2540666.99,0.0,47459333.00999999,,,,
2023-08-23,15195.5,31995.0,-0.6140933536562843,0,,,,,0,0,0.0,-2540666.99,0.0,47459333.00999999,,,,
2023-08-24,14862.0,31690.0,0.2646706837670199,0,,,,,0,0,0.0,-2540666.99,0.0,47459333.00999999,,,,
2023-08-25,14979.25,31860.0,0.06613898738498097,0,,,,,0,0,0.0,-2540666.99,0.0,47459333.00999999,,,,
2023-08-26,14979.25,31860.0,-0.04039716261892097,0,,,,,0,0,0.0,-2540666.99,0.0,47459333.00999999,,,,
2023-08-27,14979.25,31860.0,-0.12600626383526733,0,,,,,0,0,0.0,-2540666.99,0.0,47459333.00999999,,,,
2023-08-28,15092.5,32280.0,0.968543356742705,0,,,,,0,0,0.0,-2540666.99,0.0,47459333.00999999,,,,
2023-08-29,15415.75,32420.0,-1.0958029021105193,0,,,,,0,0,0.0,-2540666.99,0.0,47459333.00999999,,,,
2023-08-30,15501.25,32390.0,-1.7436226552255394,0,,,,,0,0,0.0,-2540666.99,0.0,47459333.00999999,,,,
2023-08-31,15538.5,32500.0,-1.417921122391836,0,,,,,0,0,0.0,-2540666.99,0.0,47459333.00999999,,,,
2023-09-01,15516.25,32760.0,0.256609481740499,0,,,,,0,0,0.0,-2540666.99,0.0,47459333.00999999,,,,
2023-09-02,15516.25,32760.0,0.486616436682688,0,,,,,0,0,0.0,-2540666.99,0.0,47459333.00999999,,,,
2023-09-03,15516.25,32760.0,0.4648716062173964,0,,,,,0,0,0.0,-2540666.99,0.0,47459333.00999999,,,,
2023-09-04,15516.25,32760.0,0.4168801553284378,0,,,,,0,0,0.0,-2540666.99,0.0,47459333.00999999,,,,
2023-09-05,15534.5,33110.0,2.2938117803896425,0,,,,,0,0,0.0,-2540666.99,0.0,47459333.00999999,,,,
2023-09-06,15399.5,33125.0,2.787509779387856,0,,,,,0,0,0.0,-2540666.99,0.0,47459333.00999999,,,,
2023-09-07,15282.25,32895.0,2.1535658816187233,0,,,,,0,0,0.0,-2540666.99,0.0,47459333.00999999,,,,
2023-09-08,15297.5,32765.0,1.335736624879194,0,,,,,0,0,0.0,-2540666.99,0.0,47459333.00999999,,,,
2023-09-09,15297.5,32765.0,1.209308214408447,0,,,,,0,0,0.0,-2540666.99,0.0,47459333.00999999,,,,
2023-09-10,15297.5,32765.0,1.0935433660056082,0,,,,,0,0,0.0,-2540666.99,0.0,47459333.00999999,,,,
2023-09-11,15475.75,32660.0,-0.45588449209301307,0,,,,,0,0,0.0,-2540666.99,0.0,47459333.00999999,,,,
2023-09-12,15304.75,32795.0,1.0511973537884671,0,,,,,0,0,0.0,-2540666.99,0.0,47459333.00999999,,,,
2023-09-13,15356.25,32855.0,0.8677932991925665,0,,,,,0,0,0.0,-2540666.99,0.0,47459333.00999999,,,,
2023-09-14,15478.0,33365.0,1.737023180277348,0,,,,,0,0,0.0,-2540666.99,0.0,47459333.00999999,,,,
2023-09-15,15435.2001953125,33205.0,1.2824480795935476,0,,,,,0,0,0.0,-2540666.99,0.0,47459333.00999999,,,,
2023-09-16,15435.2001953125,33205.0,1.1548824503532937,0,,,,,0,0,0.0,-2540666.99,0.0,47459333.00999999,,,,
2023-09-17,15435.2001953125,33205.0,1.0637970453034218,0,,,,,0,0,0.0,-2540666.99,0.0,47459333.00999999,,,,
2023-09-18,15414.5,33550.0,1.9423344579021495,0,,,,,0,0,0.0,-2540666.99,0.0,47459333.00999999,,,,
2023-09-19,15375.25,33260.0,1.2069434417766944,0,,,,,0,0,0.0,-2540666.99,0.0,47459333.00999999,,,,
2023-09-20,15152.0,33015.0,1.5314692619977222,0,,,,,0,0,0.0,-2540666.99,0.0,47459333.00999999,,,,
2023-09-21,14862.75,32205.0,0.38485737970670514,0,,,,,0,0,0.0,-2540666.99,0.0,47459333.00999999,,,,
2023-09-22,14869.5,32490.0,1.2361051911398473,0,,,,,0,0,0.0,-2540666.99,0.0,47459333.00999999,,,,
2023-09-23,14869.5,32490.0,1.1475086505002579,0,,,,,0,0,0.0,-2540666.99,0.0,47459333.00999999,,,,
2023-09-24,14869.5,32490.0,1.0843822663461775,0,,,,,0,0,0.0,-2540666.99,0.0,47459333.00999999,,,,
2023-09-25,14935.25,32655.0,1.180685818283022,0,,,,,0,0,0.0,-2540666.99,0.0,47459333.00999999,,,,
2023-09-26,14715.0,32040.0,0.16163812829981095,0,,,,,0,0,0.0,-2540666.99,0.0,47459333.00999999,,,,
2023-09-27,14739.0,32365.0,1.2077586334690662,0,,,,,0,0,0.0,-2540666.99,0.0,47459333.00999999,,,,
2023-09-28,14859.75,32020.0,-0.9702175579906537,0,,,,,0,0,0.0,-2540666.99,0.0,47459333.00999999,,,,
2023-09-29,14866.5,31830.0,-1.6361468628770122,0,,,,,0,0,0.0,-2540666.99,0.0,47459333.00999999,,,,
2023-09-30,14866.5,31830.0,-1.5227004146623717,0,,,,,0,0,0.0,-2540666.99,0.0,47459333.00999999,,,,
2023-10-01,14866.5,31830.0,-1.6830032306397784,0,,,,,0,0,0.0,-2540666.99,0.0,47459333.00999999,,,,
2023-10-02,14984.75,31585.0,-2.62345194362409,0,,,,,0,0,0.0,-2540666.99,0.0,47459333.00999999,,,,
2023-10-03,14714.5,30790.0,-2.7285825643376977,0,,,,,0,0,0.0,-2540666.99,0.0,47459333.00999999,,,,
2023-10-04,14923.75,30710.0,-2.735996708668703,0,,,,,0,0,0.0,-2540666.99,0.0,47459333.00999999,,,,
2023-10-05,14861.75,31055.0,-1.6584396600658011,0,,,,,0,0,0.0,-2540666.99,0.0,47459333.00999999,,,,
2023-10-06,15112.0,31305.0,-1.6912420908627623,0,,,,,0,0,0.0,-2540666.99,0.0,47459333.00999999,,,,
2023-10-07,15112.0,31305.0,-1.491901612063259,0,,,,,0,0,0.0,-2540666.99,0.0,47459333.00999999,,,,
2023-10-08,15112.0,31305.0,-1.337366031228431,0,,,,,0,0,0.0,-2540666.99,0.0,47459333.00999999,,,,
2023-10-09,15187.0,31205.0,-1.4733659305462374,0,,,,,0,0,0.0,-2540666.99,0.0,47459333.00999999,,,,
2023-10-10,15270.75,31800.0,-0.7627513808385239,0,,,,,0,0,0.0,-2540666.99,0.0,47459333.00999999,,,,
2023-10-11,15380.0,31985.0,-0.6877278393840135,0,,,,,0,0,0.0,-2540666.99,0.0,47459333.00999999,,,,
2023-10-12,15315.0,32281.509765625,-0.046830914180223886,0,,,,,0,0,0.0,-2540666.99,0.0,47459333.00999999,,,,
2023-10-13,15120.25,31910.0,-0.03740147868873643,0,,,,,0,0,0.0,-2540666.99,0.0,47459333.00999999,,,,
2023-10-14,15120.25,31910.0,0.044069497284137504,0,,,,,0,0,0.0,-2540666.99,0.0,47459333.00999999,,,,
2023-10-15,15120.25,31910.0,0.14679701227510353,0,,,,,0,0,0.0,-2540666.99,0.0,47459333.00999999,,,,
2023-10-16,15289.5,31990.0,-0.1525442759315288,0,,,,,0,0,0.0,-2540666.99,0.0,47459333.00999999,,,,
2023-10-17,15240.75,32135.0,0.5052249915209283,0,,,,,0,0,0.0,-2540666.99,0.0,47459333.00999999,,,,
2023-10-18,15025.25,31610.0,0.21451378683328065,0,,,,,0,0,0.0,-2540666.99,0.0,47459333.00999999,,,,
2023-10-19,14890.0,31295.0,0.06208759674640556,0,,,,,0,0,0.0,-2540666.99,0.0,47459333.00999999,,,,
2023-10-20,14664.0,31045.0,0.5541770698667983,0,,,,,0,0,0.0,-2540666.99,0.0,47459333.00999999,,,,
2023-10-21,14664.0,31045.0,0.6934772427270433,0,,,,,0,0,0.0,-2540666.99,0.0,47459333.00999999,,,,
2023-10-22,14664.0,31045.0,0.6929619763162179,0,,,,,0,0,0.0,-2540666.99,0.0,47459333.00999999,,,,
2023-10-23,14712.0,30955.0,0.06298648142002433,0,,,,,0,0,0.0,-2540666.99,0.0,47459333.00999999,,,,
2023-10-24,14846.5,31220.0,0.0952167542287259,0,,,,,0,0,0.0,-2540666.99,0.0,47459333.00999999,,,,
2023-10-25,14478.25,31020.0,1.5792428070432625,0,,,,,0,0,0.0,-2540666.99,0.0,47459333.00999999,,,,
2023-10-26,14194.0,30615.0,1.6606321845111016,0,,,,,0,0,0.0,-2540666.99,0.0,47459333.00999999,,,,
2023-10-27,14265.25,30580.0,0.9935759140767773,0,,,,,0,0,0.0,-2540666.99,0.0,47459333.00999999,,,,
2023-10-28,14265.25,30580.0,0.9170602962434354,0,,,,,0,0,0.0,-2540666.99,0.0,47459333.00999999,,,,
2023-10-29,14265.25,30580.0,0.9776580605284485,0,,,,,0,0,0.0,-2540666.99,0.0,47459333.00999999,,,,
2023-10-30,14416.5,30610.0,-0.38604008817566254,0,,,,,0,0,0.0,-2540666.99,0.0,47459333.00999999,,,,
2023-10-31,14490.25,31330.0,2.6250743964690377,0,,,,,0,0,0.0,-2540666.99,0.0,47459333.00999999,,,,
2023-11-01,14744.5,31875.0,2.5042818464331837,0,,,,,0,0,0.0,-2540666.99,0.0,47459333.00999999,,,,
2023-11-02,14998.0,32290.0,2.0360580408506603,0,,,,,0,0,0.0,-2540666.99,0.0,47459333.00999999,,,,
2023-11-03,15178.75,32715.0,2.0629401081322105,0,,,,,0,0,0.0,-2540666.99,0.0,47459333.00999999,,,,
2023-11-04,15178.75,32715.0,1.7720966179275655,0,,,,,0,0,0.0,-2540666.99,0.0,47459333.00999999,,,,
2023-11-05,15178.75,32715.0,1.5628151153665786,0,,,,,0,0,0.0,-2540666.99,0.0,47459333.00999999,,,,
2023-11-06,15232.5,32610.0,0.9060427880675993,0,,,,,0,0,0.0,-2540666.99,0.0,47459333.00999999,,,,
2023-11-07,15374.25,32495.0,-0.15152867253952734,0,,,,,0,0,0.0,-2540666.99,0.0,47459333.00999999,,,,
2023-11-08,15386.5,32310.0,-0.8017092965257976,0,,,,,0,0,0.0,-2540666.99,0.0,47459333.00999999,,,,
2023-11-09,15256.0,32477.529296875,0.30819097728714906,0,,,,,0,0,0.0,-2540666.99,0.0,47459333.00999999,,,,
2023-11-10,15596.25,32885.0,-0.25498895631591084,0,,,,,0,0,0.0,-2540666.99,0.0,47459333.00999999,,,,
2023-11-11,15596.25,32885.0,-0.30645539179057746,0,,,,,0,0,0.0,-2540666.99,0.0,47459333.00999999,,,,
2023-11-12,15596.25,32885.0,-0.4116048152802326,0,,,,,0,0,0.0,-2540666.99,0.0,47459333.00999999,,,,
2023-11-13,15547.0,32780.0,-0.6098869343769362,0,,,,,0,0,0.0,-2540666.99,0.0,47459333.00999999,,,,
2023-11-14,15879.75,33210.0,-1.0622547288607578,0,,,,,0,0,0.0,-2540666.99,0.0,47459333.00999999,,,,
2023-11-15,15889.25,33385.0,-0.4380483034485978,0,,,,,0,0,0.0,-2540666.99,0.0,47459333.00999999,,,,
2023-11-16,15897.5,33405.0,-0.4309819881085861,0,,,,,0,0,0.0,-2540666.99,0.0,47459333.00999999,,,,
2023-11-17,15895.75,33530.0,0.01952345989483839,0,,,,,0,0,0.0,-2540666.99,0.0,47459333.00999999,,,,
2023-11-18,15895.75,33530.0,-0.018392710997866782,0,,,,,0,0,0.0,-2540666.99,0.0,47459333.00999999,,,,
2023-11-19,15895.75,33530.0,-0.10954462579660802,0,,,,,0,0,0.0,-2540666.99,0.0,47459333.00999999,,,,
2023-11-20,16086.5,33380.0,-1.8136411459557606,0,,,,,0,0,0.0,-2540666.99,0.0,47459333.00999999,,,,
2023-11-21,15990.25,33200.0,-1.655236069373573,0,,,,,0,0,0.0,-2540666.99,0.0,47459333.00999999,,,,
2023-11-22,16049.25,33770.0,0.15952744500377503,0,,,,,0,0,0.0,-2540666.99,0.0,47459333.00999999,,,,
2023-11-23,16062.5,33730.0,0.011110669696576096,0,,,,,0,0,0.0,-2540666.99,0.0,47459333.00999999,,,,
2023-11-24,16021.0,33740.0,0.49774999541676324,0,,,,,0,0,0.0,-2540666.99,0.0,47459333.00999999,,,,
2023-11-25,16021.0,33740.0,0.7139990879285504,0,,,,,0,0,0.0,-2540666.99,0.0,47459333.00999999,,,,
2023-11-26,16021.0,33740.0,0.8460522126813667,0,,,,,0,0,0.0,-2540666.99,0.0,47459333.00999999,,,,
2023-11-27,16008.75,33525.0,-0.3785147945538961,0,,,,,0,0,0.0,-2540666.99,0.0,47459333.00999999,,,,
2023-11-28,16048.0,33290.0,-2.0809197117564544,0,,,,,0,0,0.0,-2540666.99,0.0,47459333.00999999,,,,
2023-11-29,16023.75,33275.0,-1.6837117492129168,0,,,,,0,0,0.0,-2540666.99,0.0,47459333.00999999,,,,
2023-11-30,15985.5,33540.0,0.1485757842243564,0,,,,,0,0,0.0,-2540666.99,0.0,47459333.00999999,,,,
2023-12-01,16023.75,33470.0,-0.5569686553445333,0,,,,,0,0,0.0,-2540666.99,0.0,47459333.00999999,,,,
2023-12-02,16023.75,33470.0,-0.5158469483831749,0,,,,,0,0,0.0,-2540666.99,0.0,47459333.00999999,,,,
2023-12-03,16023.75,33470.0,-0.4812654062151776,0,,,,,0,0,0.0,-2540666.99,0.0,47459333.00999999,,,,
2023-12-04,15869.0,33050.0,-1.2587079840269086,0,,,,,0,0,0.0,-2540666.99,0.0,47459333.00999999,,,,
2023-12-05,15908.75,32905.0,-1.9842430325034035,0,,,,,0,0,0.0,-2540666.99,0.0,47459333.00999999,,,,
2023-12-06,15815.25,33160.0,-0.037670581412167746,0,,,,,0,0,0.0,-2540666.99,0.0,47459333.00999999,,,,
2023-12-07,16038.75,32445.0,-3.236496462570634,0,,,,,0,0,0.0,-2540666.99,0.0,47459333.00999999,,,,
2023-12-08,16098.25,32640.0,-2.346117864587373,0,,,,,0,0,0.0,-2540666.99,0.0,47459333.00999999,,,,
2023-12-09,16098.25,32640.0,-1.979824493067941,0,,,,,0,0,0.0,-2540666.99,0.0,47459333.00999999,,,,
2023-12-10,16098.25,32640.0,-1.7258562644620112,0,,,,,0,0,0.0,-2540666.99,0.0,47459333.00999999,,,,
2023-12-11,16237.0,33100.0,-1.1269755137407227,0,,,,,0,0,0.0,-2540666.99,0.0,47459333.00999999,,,,
2023-12-12,16362.75,32965.0,-1.637957859206301,0,,,,,0,0,0.0,-2540666.99,0.0,47459333.00999999,,,,
2023-12-13,16563.75,32925.0,-2.020684920142479,0,,,,,0,0,0.0,-2540666.99,0.0,47459333.00999999,,,,
2023-12-14,16541.5,32715.0,-1.9850079395561635,0,,,,,0,0,0.0,-2540666.99,0.0,47459333.00999999,,,,
2023-12-15,16530.23046875,32690.0,-1.7452869943978098,0,,,,,0,0,0.0,-2540666.99,0.0,47459333.00999999,,,,
2023-12-16,16530.23046875,32690.0,-1.5572867949781648,0,,,,,0,0,0.0,-2540666.99,0.0,47459333.00999999,,,,
2023-12-17,16530.23046875,32690.0,-1.394048897916802,0,,,,,0,0,0.0,-2540666.99,0.0,47459333.00999999,,,,
2023-12-18,16939.75,32810.0,-1.9202313952778063,0,,,,,0,0,0.0,-2540666.99,0.0,47459333.00999999,,,,
2023-12-19,17023.0,33445.0,-1.113266207158221,0,,,,,0,0,0.0,-2540666.99,0.0,47459333.00999999,,,,
2023-12-20,16766.25,33080.0,-0.9287321916754667,0,,,,,0,0,0.0,-2540666.99,0.0,47459333.00999999,,,,
2023-12-21,16956.5,33345.0,-0.9185291619346795,0,,,,,0,0,0.0,-2540666.99,0.0,47459333.00999999,,,,
2023-12-22,16980.0,33360.0,-0.872647954366153,0,,,,,0,0,0.0,-2540666.99,0.0,47459333.00999999,,,,
2023-12-23,16980.0,33360.0,-0.8007788145065031,0,,,,,0,0,0.0,-2540666.99,0.0,47459333.00999999,,,,
2023-12-24,16980.0,33360.0,-0.7300550032280733,0,,,,,0,0,0.0,-2540666.99,0.0,47459333.00999999,,,,
2023-12-25,16980.0,33360.0,-0.6567992262479467,0,,,,,0,0,0.0,-2540666.99,0.0,47459333.00999999,,,,
2023-12-26,17083.5,33550.0,-0.6024370498872164,0,,,,,0,0,0.0,-2540666.99,0.0,47459333.00999999,,,,
2023-12-27,17113.25,33525.0,-0.7184277454483325,0,,,,,0,0,0.0,-2540666.99,0.0,47459333.00999999,,,,
2023-12-28,17090.5,33465.0,-0.6981307408645732,0,,,,,0,0,0.0,-2540666.99,0.0,47459333.00999999,,,,
2023-12-29,17023.5,33365.0,-0.5867136348255331,0,,,,,0,0,0.0,-2540666.99,0.0,47459333.00999999,,,,
2023-12-30,17023.5,33365.0,-0.5140106448780247,0,,,,,0,0,0.0,-2540666.99,0.0,47459333.00999999,,,,
2023-12-31,17023.5,33365.0,-0.48506294704977015,0,,,,,0,0,0.0,-2540666.99,0.0,47459333.00999999,,,,
2024-01-01,17023.5,33365.0,-0.44200367954280123,0,,,,,0,0,0.0,-2540666.99,0.0,47459333.00999999,,,,
2024-01-02,16720.0,33110.0,1.502140928286945,0,,,,,0,0,0.0,-2540666.99,0.0,47459333.00999999,,,,
2024-01-03,16538.0,33165.0,2.961499763783701,0,,,,,0,0,0.0,-2540666.99,0.0,47459333.00999999,,,,
2024-01-04,16445.0,33325.0,3.0928934225842375,0,,,,,0,0,0.0,-2540666.99,0.0,47459333.00999999,,,,
2024-01-05,16460.25,33395.0,2.5075743903941468,0,,,,,0,0,0.0,-2540666.99,0.0,47459333.00999999,,,,
2024-01-06,16460.25,33395.0,2.0776006164148737,0,,,,,0,0,0.0,-2540666.99,0.0,47459333.00999999,,,,
2024-01-07,16460.25,33395.0,1.8468523807312278,0,,,,,0,0,0.0,-2540666.99,0.0,47459333.00999999,,,,
2024-01-08,16803.75,33875.0,1.4075181406273793,0,,,,,0,0,0.0,-2540666.99,0.0,47459333.00999999,,,,
2024-01-09,16830.25,33890.0,1.2016143160459958,0,,,,,0,0,0.0,-2540666.99,0.0,47459333.00999999,,,,
2024-01-10,16945.25,34845.0,2.3733478484361643,0,,,,,0,0,0.0,-2540666.99,0.0,47459333.00999999,,,,
2024-01-11,16966.25,35178.73828125,2.351937638360624,0,,,,,0,0,0.0,-2540666.99,0.0,47459333.00999999,,,,
2024-01-12,16969.25,35580.0,2.3819486133947274,0,,,,,0,0,0.0,-2540666.99,0.0,47459333.00999999,,,,
2024-01-13,16969.25,35580.0,1.997266995432083,0,,,,,0,0,0.0,-2540666.99,0.0,47459333.00999999,,,,
2024-01-14,16969.25,35580.0,1.729388934043189,0,,,,,0,0,0.0,-2540666.99,0.0,47459333.00999999,,,,
2024-01-15,16969.25,35580.0,1.526244474227133,0,,,,,0,0,0.0,-2540666.99,0.0,47459333.00999999,,,,
2024-01-16,16966.5,35830.0,1.6001610682501073,0,,,,,0,0,0.0,-2540666.99,0.0,47459333.00999999,,,,
2024-01-17,16869.75,35510.0,1.2896775559235487,0,,,,,0,0,0.0,-2540666.99,0.0,47459333.00999999,,,,
2024-01-18,17110.0,36095.0,1.3399479868616218,0,,,,,0,0,0.0,-2540666.99,0.0,47459333.00999999,,,,
2024-01-19,17438.5,36320.0,0.8969883664771017,0,,,,,0,0,0.0,-2540666.99,0.0,47459333.00999999,,,,
2024-01-20,17438.5,36320.0,0.8187059641558438,0,,,,,0,0,0.0,-2540666.99,0.0,47459333.00999999,,,,
2024-01-21,17438.5,36320.0,0.7496980303325964,0,,,,,0,0,0.0,-2540666.99,0.0,47459333.00999999,,,,
2024-01-22,17458.5,36650.0,1.0603567557118942,0,,,,,0,0,0.0,-2540666.99,0.0,47459333.00999999,,,,
2024-01-23,17531.25,36500.0,0.6035708798308623,0,,,,,0,0,0.0,-2540666.99,0.0,47459333.00999999,,,,
2024-01-24,17621.0,36265.0,-0.0515101575883697,0,,,,,0,0,0.0,-2540666.99,0.0,47459333.00999999,,,,
2024-01-25,17634.5,36050.0,-0.5127736355832924,0,,,,,0,0,0.0,-2540666.99,0.0,47459333.00999999,,,,
2024-01-26,17527.0,35950.0,-0.47264501757270183,0,,,,,0,0,0.0,-2540666.99,0.0,47459333.00999999,,,,
2024-01-27,17527.0,35950.0,-0.5946062012681012,0,,,,,0,0,0.0,-2540666.99,0.0,47459333.00999999,,,,
2024-01-28,17527.0,35950.0,-0.794417470254341,0,,,,,0,0,0.0,-2540666.99,0.0,47459333.00999999,,,,
2024-01-29,17706.0,36150.0,-1.4311225393178242,0,,,,,0,0,0.0,-2540666.99,0.0,47459333.00999999,,,,
2024-01-30,17588.5,35965.0,-1.4063795418603617,0,,,,,0,0,0.0,-2540666.99,0.0,47459333.00999999,,,,
2024-01-31,17242.25,35915.0,0.15717141970993262,0,,,,,0,0,0.0,-2540666.99,0.0,47459333.00999999,,,,
2024-02-01,17436.75,36185.0,0.007854153895277655,0,,,,,0,0,0.0,-2540666.99,0.0,47459333.00999999,,,,
2024-02-02,17732.75,36415.0,-0.7417352153990037,0,,,,,0,0,0.0,-2540666.99,0.0,47459333.00999999,,,,
2024-02-03,17732.75,36415.0,-0.6719265527872451,0,,,,,0,0,0.0,-2540666.99,0.0,47459333.00999999,,,,
2024-02-04,17732.75,36415.0,-0.6053195911614807,0,,,,,0,0,0.0,-2540666.99,0.0,47459333.00999999,,,,
2024-02-05,17700.0,36325.0,-0.6346106755996362,0,,,,,0,0,0.0,-2540666.99,0.0,47459333.00999999,,,,
2024-02-06,17660.0,36005.0,-1.308432668462293,0,,,,,0,0,0.0,-2540666.99,0.0,47459333.00999999,,,,
2024-02-07,17841.75,36285.0,-1.316584920232014,0,,,,,0,0,0.0,-2540666.99,0.0,47459333.00999999,,,,
2024-02-08,17868.25,37077.3984375,1.2467775583350271,0,,,,,0,0,0.0,-2540666.99,0.0,47459333.00999999,,,,
2024-02-09,18039.25,37155.0,0.5699130458374622,0,,,,,0,0,0.0,-2540666.99,0.0,47459333.00999999,,,,
2024-02-10,18039.25,37155.0,0.6206130342344112,0,,,,,0,0,0.0,-2540666.99,0.0,47459333.00999999,,,,
2024-02-11,18039.25,37155.0,0.8325022084275708,0,,,,,0,0,0.0,-2540666.99,0.0,47459333.00999999,,,,
2024-02-12,17965.0,37470.0,2.400579498729355,0,,,,,0,0,0.0,-2540666.99,0.0,47459333.00999999,,,,
2024-02-13,17676.75,37685.0,3.195609068650839,0,,,,,0,0,0.0,-2540666.99,0.0,47459333.00999999,,,,
2024-02-14,17881.0,38100.0,2.565956034010616,0,,,,,0,0,0.0,-2540666.99,0.0,47459333.00999999,,,,
2024-02-15,17912.75,38575.0,2.5891286392117556,0,,,,,0,0,0.0,-2540666.99,0.0,47459333.00999999,,,,
2024-02-16,17744.0,38300.0,2.1371425353188003,0,,,,,0,0,0.0,-2540666.99,0.0,47459333.00999999,,,,
2024-02-17,17744.0,38300.0,1.8270392417477488,0,,,,,0,0,0.0,-2540666.99,0.0,47459333.00999999,,,,
2024-02-18,17744.0,38300.0,1.6032238697607424,0,,,,,0,0,0.0,-2540666.99,0.0,47459333.00999999,,,,
2024-02-19,17744.0,38300.0,1.4274524059639624,0,,,,,0,0,0.0,-2540666.99,0.0,47459333.00999999,,,,
2024-02-20,17607.25,38295.0,1.5004927644656332,0,,,,,0,0,0.0,-2540666.99,0.0,47459333.00999999,,,,
2024-02-21,17536.75,38410.0,1.551430660546411,0,,,,,0,0,0.0,-2540666.99,0.0,47459333.00999999,,,,
2024-02-22,18047.5,39455.0,1.54142551362772,0,,,,,0,0,0.0,-2540666.99,0.0,47459333.00999999,,,,
2024-02-23,17991.0,39470.0,1.4708315517303123,0,,,,,0,0,0.0,-2540666.99,0.0,47459333.00999999,,,,
2024-02-24,17991.0,39470.0,1.3219681071270761,0,,,,,0,0,0.0,-2540666.99,0.0,47459333.00999999,,,,
2024-02-25,17991.0,39470.0,1.1991173467179046,0,,,,,0,0,0.0,-2540666.99,0.0,47459333.00999999,,,,
2024-02-26,17977.0,39340.0,1.0097450411933206,0,,,,,0,0,0.0,-2540666.99,0.0,47459333.00999999,,,,
2024-02-27,18021.0,39290.0,0.8151539580192899,0,,,,,0,0,0.0,-2540666.99,0.0,47459333.00999999,,,,
2024-02-28,17915.25,39045.0,0.6614385995357355,0,,,,,0,0,0.0,-2540666.99,0.0,47459333.00999999,,,,
2024-02-29,18082.75,39300.0,0.5551288936799903,0,,,,,0,0,0.0,-2540666.99,0.0,47459333.00999999,,,,
2024-03-01,18338.25,40220.0,1.1627621571833129,0,,,,,0,0,0.0,-2540666.99,0.0,47459333.00999999,,,,
2024-03-02,18338.25,40220.0,1.196603786804385,0,,,,,0,0,0.0,-2540666.99,0.0,47459333.00999999,,,,
2024-03-03,18338.25,40220.0,1.2423727901418447,0,,,,,0,0,0.0,-2540666.99,0.0,47459333.00999999,,,,
2024-03-04,18262.0,40105.0,1.2061561141826411,0,,,,,0,0,0.0,-2540666.99,0.0,47459333.00999999,,,,
2024-03-05,17930.25,39800.0,1.7403319360349154,0,,,,,0,0,0.0,-2540666.99,0.0,47459333.00999999,,,,
2024-03-06,18044.25,40330.0,2.200532402392407,0,,,,,0,0,0.0,-2540666.99,0.0,47459333.00999999,,,,
2024-03-07,18316.25,39765.0,-0.32376215495195154,0,,,,,0,0,0.0,-2540666.99,0.0,47459333.00999999,,,,
2024-03-08,18046.75,39035.0,-1.090365362605014,0,,,,,0,0,0.0,-2540666.99,0.0,47459333.00999999,,,,
2024-03-09,18046.75,39035.0,-1.1717823672988903,0,,,,,0,0,0.0,-2540666.99,0.0,47459333.00999999,,,,
2024-03-10,18046.75,39035.0,-1.2655214104077368,0,,,,,0,0,0.0,-2540666.99,0.0,47459333.00999999,,,,
2024-03-11,17971.0,38410.0,-2.313839921116919,0,,,,,0,0,0.0,-2540666.99,0.0,47459333.00999999,,,,
2024-03-12,18227.75,39090.0,-1.5246557737413837,0,,,,,0,0,0.0,-2540666.99,0.0,47459333.00999999,,,,
2024-03-13,18078.5,38590.0,-1.8153624762262395,0,,,,,0,0,0.0,-2540666.99,0.0,47459333.00999999,,,,
2024-03-14,18024.5,38490.0,-1.6024099429008507,0,,,,,0,0,0.0,-2540666.99,0.0,47459333.00999999,,,,
2024-03-15,17854.75,38845.0,-0.2726714154861366,0,,,,,0,0,0.0,-2540666.99,0.0,47459333.00999999,,,,
2024-03-16,17854.75,38845.0,-0.2342241027817542,0,,,,,0,0,0.0,-2540666.99,0.0,47459333.00999999,,,,
2024-03-17,17854.75,38845.0,-0.20536706935310892,0,,,,,0,0,0.0,-2540666.99,0.0,47459333.00999999,,,,
2024-03-18,18231.5,39665.0,0.1664307693247279,0,,,,,0,0,0.0,-2540666.99,0.0,47459333.00999999,,,,
2024-03-19,18270.0,40105.0,0.8649094466860479,0,,,,,0,0,0.0,-2540666.99,0.0,47459333.00999999,,,,
2024-03-20,18479.75,40390.0,0.6761638339305652,0,,,,,0,0,0.0,-2540666.99,0.0,47459333.00999999,,,,
2024-03-21,18561.75,41045.0,1.562656633156814,0,,,,,0,0,0.0,-2540666.99,0.0,47459333.00999999,,,,
2024-03-22,18574.75,40750.0,0.94876070770949,0,,,,,0,0,0.0,-2540666.99,0.0,47459333.00999999,,,,
2024-03-23,18574.75,40750.0,0.9271105360407152,0,,,,,0,0,0.0,-2540666.99,0.0,47459333.00999999,,,,
2024-03-24,18574.75,40750.0,0.9081959643121309,0,,,,,0,0,0.0,-2540666.99,0.0,47459333.00999999,,,,
2024-03-25,18513.5,40310.0,0.3541004064334967,0,,,,,0,0,0.0,-2540666.99,0.0,47459333.00999999,,,,
2024-03-26,18449.0,40435.0,0.9222276349594357,0,,,,,0,0,0.0,-2540666.99,0.0,47459333.00999999,,,,
2024-03-27,18503.75,40690.0,1.1476054715175725,0,,,,,0,0,0.0,-2540666.99,0.0,47459333.00999999,,,,
2024-03-28,18475.0,40370.0,0.554524875183795,0,,,,,0,0,0.0,-2540666.99,0.0,47459333.00999999,,,,
2024-03-29,18475.0,40370.0,0.49679676074281626,0,,,,,0,0,0.0,-2540666.99,0.0,47459333.00999999,,,,
2024-03-30,18475.0,40370.0,0.4402221183306477,0,,,,,0,0,0.0,-2540666.99,0.0,47459333.00999999,,,,
2024-03-31,18475.0,40370.0,0.36135455424765245,0,,,,,0,0,0.0,-2540666.99,0.0,47459333.00999999,,,,
2024-04-01,18497.25,39940.0,-0.7431707499178803,0,,,,,0,0,0.0,-2540666.99,0.0,47459333.00999999,,,,
2024-04-02,18330.0,39630.0,-1.0009679640553724,0,,,,,0,0,0.0,-2540666.99,0.0,47459333.00999999,,,,
2024-04-03,18373.25,39995.0,-0.4484508434820949,0,,,,,0,0,0.0,-2540666.99,0.0,47459333.00999999,,,,
2024-04-04,18076.75,39035.0,-1.854512751653128,0,,,,,0,0,0.0,-2540666.99,0.0,47459333.00999999,,,,
2024-04-05,18300.75,39310.0,-1.9808852920491538,0,,,,,0,0,0.0,-2540666.99,0.0,47459333.00999999,,,,
2024-04-06,18300.75,39310.0,-1.8176862903481987,0,,,,,0,0,0.0,-2540666.99,0.0,47459333.00999999,,,,
2024-04-07,18300.75,39310.0,-1.630378000387285,0,,,,,0,0,0.0,-2540666.99,0.0,47459333.00999999,,,,
2024-04-08,18295.0,39455.0,-1.1134080304991056,0,,,,,0,0,0.0,-2540666.99,0.0,47459333.00999999,,,,
2024-04-09,18359.75,39620.0,-0.88848414086322,0,,,,,0,0,0.0,-2540666.99,0.0,47459333.00999999,,,,
2024-04-10,18196.75,39235.0,-1.07647149828251,0,,,,,0,0,0.0,-2540666.99,0.0,47459333.00999999,,,,
2024-04-11,18485.0,39631.44921875,-1.1892307940045834,0,,,,,0,0,0.0,-2540666.99,0.0,47459333.00999999,,,,
2024-04-12,18179.25,38820.0,-1.72981328969747,0,,,,,0,0,0.0,-2540666.99,0.0,47459333.00999999,,,,
2024-04-13,18179.25,38820.0,-1.5554827937706865,0,,,,,0,0,0.0,-2540666.99,0.0,47459333.00999999,,,,
2024-04-14,18179.25,38820.0,-1.3835090487524573,0,,,,,0,0,0.0,-2540666.99,0.0,47459333.00999999,,,,
2024-04-15,17876.25,38725.0,-0.3097814640463587,0,,,,,0,0,0.0,-2540666.99,0.0,47459333.00999999,,,,
2024-04-16,17881.25,38435.0,-1.004596805427861,0,,,,,0,0,0.0,-2540666.99,0.0,47459333.00999999,,,,
2024-04-17,17658.5,37740.0,-1.6989217547927518,0,,,,,0,0,0.0,-2540666.99,0.0,47459333.00999999,,,,
2024-04-18,17547.25,37795.0,-0.9521256368581446,0,,,,,0,0,0.0,-2540666.99,0.0,47459333.00999999,,,,
2024-04-19,17180.75,37065.0,-1.2125194368384506,0,,,,,0,0,0.0,-2540666.99,0.0,47459333.00999999,,,,
2024-04-20,17180.75,37065.0,-1.1954945499078948,0,,,,,0,0,0.0,-2540666.99,0.0,47459333.00999999,,,,
2024-04-21,17180.75,37065.0,-1.08475711372761,0,,,,,0,0,0.0,-2540666.99,0.0,47459333.00999999,,,,
2024-04-22,17350.0,37665.0,0.1562249739747123,0,,,,,0,0,0.0,-2540666.99,0.0,47459333.00999999,,,,
2024-04-23,17606.75,37905.0,-0.5496293316728601,0,,,,,0,0,0.0,-2540666.99,0.0,47459333.00999999,,,,
2024-04-24,17664.5,38215.0,0.5154261795405287,0,,,,,0,0,0.0,-2540666.99,0.0,47459333.00999999,,,,
2024-04-25,17567.5,37635.0,-1.369027364036906,0,,,,,0,0,0.0,-2540666.99,0.0,47459333.00999999,,,,
2024-04-26,17845.75,38355.0,-0.14693985403239376,0,,,,,0,0,0.0,-2540666.99,0.0,47459333.00999999,,,,
2024-04-27,17845.75,38355.0,-0.10397859511786761,0,,,,,0,0,0.0,-2540666.99,0.0,47459333.00999999,,,,
2024-04-28,17845.75,38355.0,-0.022757086767945356,0,,,,,0,0,0.0,-2540666.99,0.0,47459333.00999999,,,,
2024-04-29,17904.25,37640.0,-3.0927041888928555,0,,,,,0,0,0.0,-2540666.99,0.0,47459333.00999999,,,,
2024-04-30,17571.25,38200.0,1.4752641914651445,0,,,,,0,0,0.0,-2540666.99,0.0,47459333.00999999,,,,
2024-05-01,17438.25,37985.0,1.4434451837071574,0,,,,,0,0,0.0,-2540666.99,0.0,47459333.00999999,,,,
2024-05-02,17649.75,37895.0,-0.3073070641044549,0,,,,,0,0,0.0,-2540666.99,0.0,47459333.00999999,,,,
2024-05-03,18000.75,38755.0,0.6847665114065891,0,,,,,0,0,0.0,-2540666.99,0.0,47459333.00999999,,,,
2024-05-04,18000.75,38755.0,0.6327508190425374,0,,,,,0,0,0.0,-2540666.99,0.0,47459333.00999999,,,,
2024-05-05,18000.75,38755.0,0.6929635262754711,0,,,,,0,0,0.0,-2540666.99,0.0,47459333.00999999,,,,
2024-05-06,18195.5,38525.0,-1.3710028069070666,0,,,,,0,0,0.0,-2540666.99,0.0,47459333.00999999,,,,
2024-05-07,18199.5,38765.0,-0.5193955235178461,0,,,,,0,0,0.0,-2540666.99,0.0,47459333.00999999,,,,
2024-05-08,18186.5,38410.0,-1.5846585467172125,0,,,,,0,0,0.0,-2540666.99,0.0,47459333.00999999,,,,
2024-05-09,18214.5,38423.609375,-1.5302188552674527,0,,,,,0,0,0.0,-2540666.99,0.0,47459333.00999999,,,,
2024-05-10,18255.0,38195.0,-2.095698879481008,0,,,,,0,0,0.0,-2540666.99,0.0,47459333.00999999,,,,
2024-05-11,18255.0,38195.0,-1.8072606792807537,0,,,,,0,0,0.0,-2540666.99,0.0,47459333.00999999,,,,
2024-05-12,18255.0,38195.0,-1.5846786044405088,0,,,,,0,0,0.0,-2540666.99,0.0,47459333.00999999,,,,
2024-05-13,18295.5,38185.0,-1.5604972439011102,0,,,,,0,0,0.0,-2540666.99,0.0,47459333.00999999,,,,
2024-05-14,18415.0,38590.0,-0.9853529712180739,0,,,,,0,0,0.0,-2540666.99,0.0,47459333.00999999,,,,
2024-05-15,18691.75,38705.0,-1.5848879641899771,0,,,,,0,0,0.0,-2540666.99,0.0,47459333.00999999,,,,
2024-05-16,18650.0,38560.0,-1.5350040361686357,0,,,,,0,0,0.0,-2540666.99,0.0,47459333.00999999,,,,
2024-05-17,18635.25,38745.0,-1.0007948225018097,0,,,,,0,0,0.0,-2540666.99,0.0,47459333.00999999,,,,
2024-05-18,18635.25,38745.0,-0.9054785550469894,0,,,,,0,0,0.0,-2540666.99,0.0,47459333.00999999,,,,
2024-05-19,18635.25,38745.0,-0.883002357452657,0,,,,,0,0,0.0,-2540666.99,0.0,47459333.00999999,,,,
2024-05-20,18763.0,39295.0,-0.13302457949941826,0,,,,,0,0,0.0,-2540666.99,0.0,47459333.00999999,,,,
2024-05-21,18799.25,38860.0,-1.1301086924299786,0,,,,,0,0,0.0,-2540666.99,0.0,47459333.00999999,,,,
2024-05-22,18786.75,38635.0,-1.4330856065456383,0,,,,,0,0,0.0,-2540666.99,0.0,47459333.00999999,,,,
2024-05-23,18696.25,38560.0,-1.175568551580496,0,,,,,0,0,0.0,-2540666.99,0.0,47459333.00999999,,,,
2024-05-24,18876.0,38800.0,-1.2776512922053502,0,,,,,0,0,0.0,-2540666.99,0.0,47459333.00999999,,,,
2024-05-25,18876.0,38800.0,-1.296358196205999,0,,,,,0,0,0.0,-2540666.99,0.0,47459333.00999999,,,,
2024-05-26,18876.0,38800.0,-1.1870376125470454,0,,,,,0,0,0.0,-2540666.99,0.0,47459333.00999999,,,,
2024-05-27,18876.0,38800.0,-1.1819956482825673,0,,,,,0,0,0.0,-2540666.99,0.0,47459333.00999999,,,,
2024-05-28,18940.5,38960.0,-0.9125057023646516,0,,,,,0,0,0.0,-2540666.99,0.0,47459333.00999999,,,,
2024-05-29,18802.75,38315.0,-2.2836919326717044,0,,,,,0,0,0.0,-2540666.99,0.0,47459333.00999999,,,,
2024-05-30,18606.5,38230.0,-1.1758652403478669,0,,,,,0,0,0.0,-2540666.99,0.0,47459333.00999999,,,,
2024-05-31,18591.0,38635.0,0.5417351379372131,0,,,,,0,0,0.0,-2540666.99,0.0,47459333.00999999,,,,
2024-06-01,18591.0,38635.0,0.5798447465763067,0,,,,,0,0,0.0,-2540666.99,0.0,47459333.00999999,,,,
2024-06-02,18591.0,38635.0,0.5941893528970572,0,,,,,0,0,0.0,-2540666.99,0.0,47459333.00999999,,,,
2024-06-03,18646.25,38650.0,0.3675641919477665,0,,,,,0,0,0.0,-2540666.99,0.0,47459333.00999999,,,,
2024-06-04,18701.0,38425.0,-0.9486267258196827,0,,,,,0,0,0.0,-2540666.99,0.0,47459333.00999999,,,,
2024-06-05,19074.25,38965.0,-1.2193336050016745,0,,,,,0,0,0.0,-2540666.99,0.0,47459333.00999999,,,,
2024-06-06,19060.25,38635.0,-2.07267451728423,0,,,,,0,0,0.0,-2540666.99,0.0,47459333.00999999,,,,
2024-06-07,19037.75,38650.0,-1.6435237315239835,0,,,,,0,0,0.0,-2540666.99,0.0,47459333.00999999,,,,
2024-06-08,19037.75,38650.0,-1.4631694448308035,0,,,,,0,0,0.0,-2540666.99,0.0,47459333.00999999,,,,
2024-06-09,19037.75,38650.0,-1.4316605855461377,0,,,,,0,0,0.0,-2540666.99,0.0,47459333.00999999,,,,
2024-06-10,19109.75,39185.0,0.19480799890004258,0,,,,,0,0,0.0,-2540666.99,0.0,47459333.00999999,,,,
2024-06-11,19242.25,38905.0,-1.565507989141257,0,,,,,0,0,0.0,-2540666.99,0.0,47459333.00999999,,,,
2024-06-12,19496.5,39170.0,-1.8442396861376764,0,,,,,0,0,0.0,-2540666.99,0.0,47459333.00999999,,,,
2024-06-13,19602.5,38585.0,-2.970706721428747,0,,,,,0,0,0.0,-2540666.99,0.0,47459333.00999999,,,,
2024-06-14,19685.5,38470.0,-2.6527208580574135,0,,,,,0,0,0.0,-2540666.99,0.0,47459333.00999999,,,,
2024-06-15,19685.5,38470.0,-2.1629522525689224,0,,,,,0,0,0.0,-2540666.99,0.0,47459333.00999999,,,,
2024-06-16,19685.5,38470.0,-1.8427308475046316,0,,,,,0,0,0.0,-2540666.99,0.0,47459333.00999999,,,,
2024-06-17,19921.25,38465.0,-2.032146006329563,0,,,,,0,0,0.0,-2540666.99,0.0,47459333.00999999,,,,
2024-06-18,19919.25,38700.0,-1.5159794988691035,0,,,,,0,0,0.0,-2540666.99,0.0,47459333.00999999,,,,
2024-06-19,19919.25,38700.0,-1.3505450127554457,0,,,,,0,0,0.0,-2540666.99,0.0,47459333.00999999,,,,
2024-06-20,19763.25,38580.0,-1.07187510283948,0,,,,,0,0,0.0,-2540666.99,0.0,47459333.00999999,,,,
2024-06-21,19747.2890625,38485.0,-1.0505963873852238,0,,,,,0,0,0.0,-2540666.99,0.0,47459333.00999999,,,,
2024-06-22,19747.2890625,38485.0,-0.961583155781207,0,,,,,0,0,0.0,-2540666.99,0.0,47459333.00999999,,,,
2024-06-23,19747.2890625,38485.0,-0.8807119092911875,0,,,,,0,0,0.0,-2540666.99,0.0,47459333.00999999,,,,
2024-06-24,19750.75,38725.0,-0.49182668572241556,0,,,,,0,0,0.0,-2540666.99,0.0,47459333.00999999,,,,
2024-06-25,19972.25,39300.0,-0.13187092672266126,0,,,,,0,0,0.0,-2540666.99,0.0,47459333.00999999,,,,
2024-06-26,20012.5,39400.0,-0.020807432057531532,0,,,,,0,0,0.0,-2540666.99,0.0,47459333.00999999,,,,
2024-06-27,20039.5,39645.0,0.366020898515286,0,,,,,0,0,0.0,-2540666.99,0.0,47459333.00999999,,,,
2024-06-28,19927.25,39810.0,1.0206968651309523,0,,,,,0,0,0.0,-2540666.99,0.0,47459333.00999999,,,,
2024-06-29,19927.25,39810.0,1.0965429583901336,0,,,,,0,0,0.0,-2540666.99,0.0,47459333.00999999,,,,
2024-06-30,19927.25,39810.0,1.3528858943756095,0,,,,,0,0,0.0,-2540666.99,0.0,47459333.00999999,,,,
2024-07-01,20052.0,39570.0,0.5363574620144241,0,,,,,0,0,0.0,-2540666.99,0.0,47459333.00999999,,,,
2024-07-02,20255.25,40290.0,1.4723273168890736,0,,,,,0,0,0.0,-2540666.99,0.0,47459333.00999999,,,,
2024-07-03,20411.5,40635.0,1.4843489912907126,0,,,,,0,0,0.0,-2540666.99,0.0,47459333.00999999,,,,
2024-07-04,20411.5,40635.0,1.3245808227079068,0,,,,,0,0,0.0,-2540666.99,0.0,47459333.00999999,,,,
2024-07-05,20620.75,41080.0,1.3547753173713886,0,,,,,0,0,0.0,-2540666.99,0.0,47459333.00999999,,,,
2024-07-06,20620.75,41080.0,1.2164106732591355,0,,,,,0,0,0.0,-2540666.99,0.0,47459333.00999999,,,,
2024-07-07,20620.75,41080.0,1.123968790142094,0,,,,,0,0,0.0,-2540666.99,0.0,47459333.00999999,,,,
2024-07-08,20659.75,40845.0,0.4171325730782741,0,,,,,0,0,0.0,-2540666.99,0.0,47459333.00999999,,,,
2024-07-09,20678.5,41435.0,1.5039984620048992,0,,,,,0,0,0.0,-2540666.99,0.0,47459333.00999999,,,,
2024-07-10,20899.75,42430.0,2.359837279864689,0,,,,,0,0,0.0,-2540666.99,0.0,47459333.00999999,,,,
2024-07-11,20441.75,41499.5703125,1.8195310594928038,0,,,,,0,0,0.0,-2540666.99,0.0,47459333.00999999,,,,
2024-07-12,20524.0,41175.0,0.855285682742673,0,,,,,0,0,0.0,-2540666.99,0.0,47459333.00999999,,,,
2024-07-13,20524.0,41175.0,0.7916769822845082,0,,,,,0,0,0.0,-2540666.99,0.0,47459333.00999999,,,,
2024-07-14,20524.0,41175.0,0.7205603563874095,0,,,,,0,0,0.0,-2540666.99,0.0,47459333.00999999,,,,
2024-07-15,20583.75,41045.0,0.06609656475478912,0,,,,,0,0,0.0,-2540666.99,0.0,47459333.00999999,,,,
2024-07-16,20598.0,41570.0,1.3031590843116214,0,,,,,0,0,0.0,-2540666.99,0.0,47459333.00999999,,,,
2024-07-17,19997.5,40225.0,0.30694008712238696,0,,,,,0,0,0.0,-2540666.99,0.0,47459333.00999999,,,,
2024-07-18,19899.25,40040.0,0.21132774945616525,0,,,,,0,0,0.0,-2540666.99,0.0,47459333.00999999,,,,
2024-07-19,19713.0,39680.0,0.04199781764808329,0,,,,,0,0,0.0,-2540666.99,0.0,47459333.00999999,,,,
2024-07-20,19713.0,39680.0,0.0071067780074395535,0,,,,,0,0,0.0,-2540666.99,0.0,47459333.00999999,,,,
2024-07-21,19713.0,39680.0,-0.11124692118229262,0,,,,,0,0,0.0,-2540666.99,0.0,47459333.00999999,,,,
2024-07-22,20001.0,39990.0,-0.7695160205660548,0,,,,,0,0,0.0,-2540666.99,0.0,47459333.00999999,,,,
2024-07-23,19925.0,39490.0,-1.8786385540636303,0,,,,,0,0,0.0,-2540666.99,0.0,47459333.00999999,,,,
2024-07-24,19203.25,38170.0,-1.9398497779564252,0,,,,,0,0,0.0,-2540666.99,0.0,47459333.00999999,,,,
2024-07-25,18992.25,37770.0,-1.806033660914951,0,,,,,0,0,0.0,-2540666.99,0.0,47459333.00999999,,,,
2024-07-26,19174.5,38270.0,-1.1883571159917128,0,,,,,0,0,0.0,-2540666.99,0.0,47459333.00999999,,,,
2024-07-27,19174.5,38270.0,-1.1030260989903482,0,,,,,0,0,0.0,-2540666.99,0.0,47459333.00999999,,,,
2024-07-28,19174.5,38270.0,-1.085197885815644,0,,,,,0,0,0.0,-2540666.99,0.0,47459333.00999999,,,,
2024-07-29,19209.25,38300.0,-1.0487607636627536,0,,,,,0,0,0.0,-2540666.99,0.0,47459333.00999999,,,,
2024-07-30,18936.25,38125.0,-0.26133043865070976,0,,,,,0,0,0.0,-2540666.99,0.0,47459333.00999999,,,,
2024-07-31,19505.25,38635.0,-1.4417143863946982,0,,,,,0,0,0.0,-2540666.99,0.0,47459333.00999999,,,,
2024-08-01,19023.25,36885.0,-2.9506632154863794,0,,,,,0,0,0.0,-2540666.99,0.0,47459333.00999999,,,,
2024-08-02,18556.25,34955.0,-3.313737347595552,0,,,,,0,0,0.0,-2540666.99,0.0,47459333.00999999,,,,
2024-08-03,18556.25,34955.0,-2.5385692723819875,0,,,,,0,0,0.0,-2540666.99,0.0,47459333.00999999,,,,
2024-08-04,18556.25,34955.0,-2.0927405752162027,0,,,,,0,0,0.0,-2540666.99,0.0,47459333.00999999,,,,
2024-08-05,18013.25,33625.0,-2.1033512284161926,0,,,,,0,0,0.0,-2540666.99,0.0,47459333.00999999,,,,
2024-08-06,18179.0,34055.0,-1.7067334920322386,0,,,,,0,0,0.0,-2540666.99,0.0,47459333.00999999,,,,
2024-08-07,17966.5,34400.0,-0.9937110181924685,0,,,,,0,0,0.0,-2540666.99,0.0,47459333.00999999,,,,
2024-08-08,18525.25,35609.1484375,-0.6872943615762397,0,,,,,0,0,0.0,-2540666.99,0.0,47459333.00999999,,,,
2024-08-09,18616.0,35275.0,-1.0094536281508042,0,,,,,0,0,0.0,-2540666.99,0.0,47459333.00999999,,,,
2024-08-10,18616.0,35275.0,-0.9157746505076694,0,,,,,0,0,0.0,-2540666.99,0.0,47459333.00999999,,,,
2024-08-11,18616.0,35275.0,-0.8283687895807582,0,,,,,0,0,0.0,-2540666.99,0.0,47459333.00999999,,,,
2024-08-12,18639.5,35545.0,-0.5458078066153563,0,,,,,0,0,0.0,-2540666.99,0.0,47459333.00999999,,,,
2024-08-13,19104.25,36415.0,-0.40144592332546397,0,,,,,0,0,0.0,-2540666.99,0.0,47459333.00999999,,,,
2024-08-14,19115.0,36275.0,-0.48520999770494205,0,,,,,0,0,0.0,-2540666.99,0.0,47459333.00999999,,,,
2024-08-15,19581.25,37625.0,0.1475339269434476,0,,,,,0,0,0.0,-2540666.99,0.0,47459333.00999999,,,,
2024-08-16,19605.75,37650.0,0.2157523887719588,0,,,,,0,0,0.0,-2540666.99,0.0,47459333.00999999,,,,
2024-08-17,19605.75,37650.0,0.3187755751820259,0,,,,,0,0,0.0,-2540666.99,0.0,47459333.00999999,,,,
2024-08-18,19605.75,37650.0,0.44744930742609607,0,,,,,0,0,0.0,-2540666.99,0.0,47459333.00999999,,,,
2024-08-19,19857.75,37820.0,0.28578281079970497,0,,,,,0,0,0.0,-2540666.99,0.0,47459333.00999999,,,,
2024-08-20,19809.5,37535.0,0.09153305190173404,0,,,,,0,0,0.0,-2540666.99,0.0,47459333.00999999,,,,
2024-08-21,19909.5,37885.0,0.6137640046708815,0,,,,,0,0,0.0,-2540666.99,0.0,47459333.00999999,,,,
2024-08-22,19578.25,38050.0,2.0367371644756482,0,,,,,0,0,0.0,-2540666.99,0.0,47459333.00999999,,,,
2024-08-23,19790.75,38330.0,1.6321639775562347,0,,,,,0,0,0.0,-2540666.99,0.0,47459333.00999999,,,,
2024-08-24,19790.75,38330.0,1.456618610230774,0,,,,,0,0,0.0,-2540666.99,0.0,47459333.00999999,,,,
2024-08-25,19790.75,38330.0,1.3925449862590429,0,,,,,0,0,0.0,-2540666.99,0.0,47459333.00999999,,,,
2024-08-26,19591.25,38035.0,1.4285212450166207,0,,,,,0,0,0.0,-2540666.99,0.0,47459333.00999999,,,,
2024-08-27,19653.75,38270.0,1.541499473892836,0,,,,,0,0,0.0,-2540666.99,0.0,47459333.00999999,,,,
2024-08-28,19415.75,38140.0,1.860343926955595,0,,,,,0,0,0.0,-2540666.99,0.0,47459333.00999999,,,,
2024-08-29,19393.25,38285.0,1.9453110936148543,0,,,,,0,0,0.0,-2540666.99,0.0,47459333.00999999,,,,
2024-08-30,19623.0,38990.0,2.1766528867600035,0,,,,,0,0,0.0,-2540666.99,0.0,47459333.00999999,,,,
2024-08-31,19623.0,38990.0,1.9066312400463064,0,,,,,0,0,0.0,-2540666.99,0.0,47459333.00999999,,,,
2024-09-01,19623.0,38990.0,1.6792642449611856,0,,,,,0,0,0.0,-2540666.99,0.0,47459333.00999999,,,,
2024-09-02,19623.0,38990.0,1.497121878037348,0,,,,,0,0,0.0,-2540666.99,0.0,47459333.00999999,,,,
2024-09-03,19006.5,37595.0,0.8346757226066438,0,,,,,0,0,0.0,-2540666.99,0.0,47459333.00999999,,,,
2024-09-04,18962.5,36725.0,-0.5631390900383042,0,,,,,0,0,0.0,-2540666.99,0.0,47459333.00999999,,,,
2024-09-05,18963.5,37010.0,-0.1083364399576747,0,,,,,0,0,0.0,-2540666.99,0.0,47459333.00999999,,,,
2024-09-06,18458.25,35255.0,-1.5913009773386373,0,,,,,0,0,0.0,-2540666.99,0.0,47459333.00999999,,,,
2024-09-07,18458.25,35255.0,-1.4827965634283038,0,,,,,0,0,0.0,-2540666.99,0.0,47459333.00999999,,,,
2024-09-08,18458.25,35255.0,-1.434804997295732,0,,,,,0,0,0.0,-2540666.99,0.0,47459333.00999999,,,,
2024-09-09,18692.25,36215.0,-0.6161763230584179,0,,,,,0,0,0.0,-2540666.99,0.0,47459333.00999999,,,,
2024-09-10,18864.0,36140.0,-1.2288406178015814,0,,,,,0,0,0.0,-2540666.99,0.0,47459333.00999999,,,,
2024-09-11,19271.0,36595.0,-1.4471352449882255,0,,,,,0,0,0.0,-2540666.99,0.0,47459333.00999999,,,,
2024-09-12,19447.25,36970.0,-1.2125799413292175,0,,,,,0,0,0.0,-2540666.99,0.0,47459333.00999999,,,,
2024-09-13,19530.25,36495.0,-1.8340327861761163,0,,,,,0,0,0.0,-2540666.99,0.0,47459333.00999999,,,,
2024-09-14,19530.25,36495.0,-1.6098437214966084,0,,,,,0,0,0.0,-2540666.99,0.0,47459333.00999999,,,,
2024-09-15,19530.25,36495.0,-1.4321748736834987,0,,,,,0,0,0.0,-2540666.99,0.0,47459333.00999999,,,,
2024-09-16,19433.0,36710.0,-0.896819726795632,0,,,,,0,0,0.0,-2540666.99,0.0,47459333.00999999,,,,
2024-09-17,19439.25,36630.0,-0.9072031878657995,0,,,,,0,0,0.0,-2540666.99,0.0,47459333.00999999,,,,
2024-09-18,19349.25,36640.0,-0.6434942087476044,0,,,,,0,0,0.0,-2540666.99,0.0,47459333.00999999,,,,
2024-09-19,19850.25,37790.0,-0.2053557167960074,0,,,,,0,0,0.0,-2540666.99,0.0,47459333.00999999,,,,
2024-09-20,19808.009765625,38180.0,0.4988026664449455,0,,,,,0,0,0.0,-2540666.99,0.0,47459333.00999999,,,,
2024-09-21,19808.009765625,38180.0,0.6532889934732864,0,,,,,0,0,0.0,-2540666.99,0.0,47459333.00999999,,,,
2024-09-22,19808.009765625,38180.0,0.885139547905417,0,,,,,0,0,0.0,-2540666.99,0.0,47459333.00999999,,,,
2024-09-23,20080.0,37660.0,-0.934505790892785,0,,,,,0,0,0.0,-2540666.99,0.0,47459333.00999999,,,,
2024-09-24,20167.75,37845.0,-0.7695823022843632,0,,,,,0,0,0.0,-2540666.99,0.0,47459333.00999999,,,,
2024-09-25,20192.0,38185.0,0.007949166647798763,0,,,,,0,0,0.0,-2540666.99,0.0,47459333.00999999,,,,
2024-09-26,20346.25,39630.0,2.373754143988022,0,,,,,0,0,0.0,-2540666.99,0.0,47459333.00999999,,,,
2024-09-27,20221.5,37520.0,-1.4540472997524578,0,,,,,0,0,0.0,-2540666.99,0.0,47459333.00999999,,,,
2024-09-28,20221.5,37520.0,-1.315495200216423,0,,,,,0,0,0.0,-2540666.99,0.0,47459333.00999999,,,,
2024-09-29,20221.5,37520.0,-1.1873253071163385,0,,,,,0,0,0.0,-2540666.99,0.0,47459333.00999999,,,,
2024-09-30,20261.25,38180.0,-0.05026878402805627,0,,,,,0,0,0.0,-2540666.99,0.0,47459333.00999999,,,,
2024-10-01,19975.0,38045.0,0.5762585286481616,0,,,,,0,0,0.0,-2540666.99,0.0,47459333.00999999,,,,
2024-10-02,20009.75,38660.0,1.453887893691131,0,,,,,0,0,0.0,-2540666.99,0.0,47459333.00999999,,,,
2024-10-03,19990.25,38615.0,1.2841391757656393,0,,,,,0,0,0.0,-2540666.99,0.0,47459333.00999999,,,,
2024-10-04,20227.25,39635.0,1.9838254589955575,0,,,,,0,0,0.0,-2540666.99,0.0,47459333.00999999,,,,
2024-10-05,20227.25,39635.0,1.7289974514061488,0,,,,,0,0,0.0,-2540666.99,0.0,47459333.00999999,,,,
2024-10-06,20227.25,39635.0,1.5209443599342185,0,,,,,0,0,0.0,-2540666.99,0.0,47459333.00999999,,,,
2024-10-07,19992.75,38835.0,0.8682960147521606,0,,,,,0,0,0.0,-2540666.99,0.0,47459333.00999999,,,,
2024-10-08,20298.5,39375.0,0.8171138035317433,0,,,,,0,0,0.0,-2540666.99,0.0,47459333.00999999,,,,
2024-10-09,20463.5,39610.0,0.6952753172110241,0,,,,,0,0,0.0,-2540666.99,0.0,47459333.00999999,,,,
2024-10-10,20429.75,39319.0,0.3694097146370288,0,,,,,0,0,0.0,-2540666.99,0.0,47459333.00999999,,,,
2024-10-11,20450.0,39880.0,1.0159910181127627,0,,,,,0,0,0.0,-2540666.99,0.0,47459333.00999999,,,,
2024-10-12,20450.0,39880.0,0.9515573380319727,0,,,,,0,0,0.0,-2540666.99,0.0,47459333.00999999,,,,
2024-10-13,20450.0,39880.0,0.8607714080748691,0,,,,,0,0,0.0,-2540666.99,0.0,47459333.00999999,,,,
2024-10-14,20619.25,40015.0,0.5884458039513918,0,,,,,0,0,0.0,-2540666.99,0.0,47459333.00999999,,,,
2024-10-15,20342.0,38880.0,-0.34874121674397224,0,,,,,0,0,0.0,-2540666.99,0.0,47459333.00999999,,,,
2024-10-16,20349.5,39390.0,0.35689523886044483,0,,,,,0,0,0.0,-2540666.99,0.0,47459333.00999999,,,,
2024-10-17,20368.0,39130.0,-0.16071728222279005,0,,,,,0,0,0.0,-2540666.99,0.0,47459333.00999999,,,,
2024-10-18,20483.5,39165.0,-0.593765694400257,0,,,,,0,0,0.0,-2540666.99,0.0,47459333.00999999,,,,
2024-10-19,20483.5,39165.0,-0.9152434542533151,0,,,,,0,0,0.0,-2540666.99,0.0,47459333.00999999,,,,
2024-10-20,20483.5,39165.0,-1.1465074186369153,0,,,,,0,0,0.0,-2540666.99,0.0,47459333.00999999,,,,
2024-10-21,20519.5,38935.0,-1.932306142408419,0,,,,,0,0,0.0,-2540666.99,0.0,47459333.00999999,,,,
2024-10-22,20542.0,38380.0,-2.6593303350298862,0,,,,,0,0,0.0,-2540666.99,0.0,47459333.00999999,,,,
2024-10-23,20220.5,37860.0,-2.146945531889657,0,,,,,0,0,0.0,-2540666.99,0.0,47459333.00999999,,,,
2024-10-24,20380.25,38025.0,-1.9875404862765007,0,,,,,0,0,0.0,-2540666.99,0.0,47459333.00999999,,,,
2024-10-25,20498.75,38095.0,-1.9000638154937384,0,,,,,0,0,0.0,-2540666.99,0.0,47459333.00999999,,,,
2024-10-26,20498.75,38095.0,-1.676769553835212,0,,,,,0,0,0.0,-2540666.99,0.0,47459333.00999999,,,,
2024-10-27,20498.75,38095.0,-1.4812244321508359,0,,,,,0,0,0.0,-2540666.99,0.0,47459333.00999999,,,,
2024-10-28,20497.0,38550.0,-0.7356099894087412,0,,,,,0,0,0.0,-2540666.99,0.0,47459333.00999999,,,,
2024-10-29,20696.5,39175.0,-0.2590943646658802,0,,,,,0,0,0.0,-2540666.99,0.0,47459333.00999999,,,,
2024-10-30,20534.75,39245.0,0.275121947867184,0,,,,,0,0,0.0,-2540666.99,0.0,47459333.00999999,,,,
2024-10-31,20021.75,38320.0,0.2658404572172268,0,,,,,0,0,0.0,-2540666.99,0.0,47459333.00999999,,,,
2024-11-01,20153.25,38610.0,0.4679072619086644,0,,,,,0,0,0.0,-2540666.99,0.0,47459333.00999999,,,,
2024-11-02,20153.25,38610.0,0.5830692656192853,0,,,,,0,0,0.0,-2540666.99,0.0,47459333.00999999,,,,
2024-11-03,20153.25,38610.0,0.6933788214779427,0,,,,,0,0,0.0,-2540666.99,0.0,47459333.00999999,,,,
2024-11-04,20086.0,38410.0,0.5230484205932091,0,,,,,0,0,0.0,-2540666.99,0.0,47459333.00999999,,,,
2024-11-05,20341.75,38900.0,0.7337064884749711,0,,,,,0,0,0.0,-2540666.99,0.0,47459333.00999999,,,,
2024-11-06,20894.0,40000.0,1.0997361418637268,0,,,,,0,0,0.0,-2540666.99,0.0,47459333.00999999,,,,
2024-11-07,21224.75,39670.21875,-0.7493331656692558,0,,,,,0,0,0.0,-2540666.99,0.0,47459333.00999999,,,,
2024-11-08,21231.25,39135.0,-1.6852742213430494,0,,,,,0,0,0.0,-2540666.99,0.0,47459333.00999999,,,,
2024-11-09,21231.25,39135.0,-1.4924095564988988,0,,,,,0,0,0.0,-2540666.99,0.0,47459333.00999999,,,,
2024-11-10,21231.25,39135.0,-1.3321211389099052,0,,,,,0,0,0.0,-2540666.99,0.0,47459333.00999999,,,,
2024-11-11,21217.75,39635.0,-0.36551830883102737,0,,,,,0,0,0.0,-2540666.99,0.0,47459333.00999999,,,,
2024-11-12,21189.5,39260.0,-0.942866920158151,0,,,,,0,0,0.0,-2540666.99,0.0,47459333.00999999,,,,
2024-11-13,21159.5,38970.0,-1.3038005636957668,0,,,,,0,0,0.0,-2540666.99,0.0,47459333.00999999,,,,
2024-11-14,21011.75,38970.0,-0.8594156207400816,0,,,,,0,0,0.0,-2540666.99,0.0,47459333.00999999,,,,
2024-11-15,20493.75,38015.0,-0.9893240430901279,0,,,,,0,0,0.0,-2540666.99,0.0,47459333.00999999,,,,
2024-11-16,20493.75,38015.0,-0.9769644707884483,0,,,,,0,0,0.0,-2540666.99,0.0,47459333.00999999,,,,
2024-11-17,20493.75,38015.0,-0.9087635215054705,0,,,,,0,0,0.0,-2540666.99,0.0,47459333.00999999,,,,
2024-11-18,20633.5,38340.0,-0.6884091777518494,0,,,,,0,0,0.0,-2540666.99,0.0,47459333.00999999,,,,
2024-11-19,20767.75,38275.0,-1.0765470032044233,0,,,,,0,0,0.0,-2540666.99,0.0,47459333.00999999,,,,
2024-11-20,20749.0,38280.0,-0.9183831707137844,0,,,,,0,0,0.0,-2540666.99,0.0,47459333.00999999,,,,
2024-11-21,20829.5,38230.0,-1.1351576806656152,0,,,,,0,0,0.0,-2540666.99,0.0,47459333.00999999,,,,
2024-11-22,20849.75,38595.0,-0.4688359499773463,0,,,,,0,0,0.0,-2540666.99,0.0,47459333.00999999,,,,
2024-11-23,20849.75,38595.0,-0.39059513256460726,0,,,,,0,0,0.0,-2540666.99,0.0,47459333.00999999,,,,
2024-11-24,20849.75,38595.0,-0.3072634645823835,0,,,,,0,0,0.0,-2540666.99,0.0,47459333.00999999,,,,
2024-11-25,20880.25,38795.0,0.19933707967687483,0,,,,,0,0,0.0,-2540666.99,0.0,47459333.00999999,,,,
2024-11-26,20993.5,38330.0,-2.2796009843995346,0,,,,,0,0,0.0,-2540666.99,0.0,47459333.00999999,,,,
2024-11-27,20813.0,37810.0,-2.6769600575542367,0,,,,,0,0,0.0,-2540666.99,0.0,47459333.00999999,,,,
2024-11-28,20813.0,37810.0,-2.1872941015283742,0,,,,,0,0,0.0,-2540666.99,0.0,47459333.00999999,,,,
2024-11-29,20993.5,38300.0,-1.3803460803792957,0,,,,,0,0,0.0,-2540666.99,0.0,47459333.00999999,,,,
2024-11-30,20993.5,38300.0,-1.2503948161466567,0,,,,,0,0,0.0,-2540666.99,0.0,47459333.00999999,,,,
2024-12-01,20993.5,38300.0,-1.164948823292362,0,,,,,0,0,0.0,-2540666.99,0.0,47459333.00999999,,,,
2024-12-02,21218.0,38615.0,-1.241859159358262,0,,,,,0,0,0.0,-2540666.99,0.0,47459333.00999999,,,,
2024-12-03,21281.5,39240.0,0.4615368886423943,0,,,,,0,0,0.0,-2540666.99,0.0,47459333.00999999,,,,
2024-12-04,21536.5,39625.0,0.35881784873894523,0,,,,,0,0,0.0,-2540666.99,0.0,47459333.00999999,,,,
2024-12-05,21473.25,39340.0,-0.19466389700270248,0,,,,,0,0,0.0,-2540666.99,0.0,47459333.00999999,,,,
2024-12-06,21656.75,39335.0,-1.160829790664606,0,,,,,0,0,0.0,-2540666.99,0.0,47459333.00999999,,,,
2024-12-07,21656.75,39335.0,-1.0502531330872862,0,,,,,0,0,0.0,-2540666.99,0.0,47459333.00999999,,,,
2024-12-08,21656.75,39335.0,-0.9594027877767273,0,,,,,0,0,0.0,-2540666.99,0.0,47459333.00999999,,,,
2024-12-09,21483.75,39320.0,0.05606289153813282,0,,,,,0,0,0.0,-2540666.99,0.0,47459333.00999999,,,,
2024-12-10,21405.25,39320.0,0.5495163481685116,0,,,,,0,0,0.0,-2540666.99,0.0,47459333.00999999,,,,
2024-12-11,21793.5,40065.0,0.819265106802287,0,,,,,0,0,0.0,-2540666.99,0.0,47459333.00999999,,,,
2024-12-12,21651.25,39660.0,0.29792576124049286,0,,,,,0,0,0.0,-2540666.99,0.0,47459333.00999999,,,,
2024-12-13,21795.75,39555.0,-0.9090202652399801,0,,,,,0,0,0.0,-2540666.99,0.0,47459333.00999999,,,,
2024-12-14,21795.75,39555.0,-0.8277669296919411,0,,,,,0,0,0.0,-2540666.99,0.0,47459333.00999999,,,,
2024-12-15,21795.75,39555.0,-0.7887164181012137,0,,,,,0,0,0.0,-2540666.99,0.0,47459333.00999999,,,,
2024-12-16,22110.25,39660.0,-2.270899073377269,0,,,,,0,0,0.0,-2540666.99,0.0,47459333.00999999,,,,
2024-12-17,22014.75,39250.0,-2.5687638765487146,0,,,,,0,0,0.0,-2540666.99,0.0,47459333.00999999,,,,
2024-12-18,21218.75,38415.0,-0.8743350481569253,0,,,,,0,0,0.0,-2540666.99,0.0,47459333.00999999,,,,
2024-12-19,21112.75,39035.0,1.523505292272325,0,,,,,0,0,0.0,-2540666.99,0.0,47459333.00999999,,,,
2024-12-20,20947.98046875,38865.0,1.6220973339953413,0,,,,,0,0,0.0,-2540666.99,0.0,47459333.00999999,,,,
2024-12-21,20947.98046875,38865.0,1.4424394092832615,0,,,,,0,0,0.0,-2540666.99,0.0,47459333.00999999,,,,
2024-12-22,20947.98046875,38865.0,1.2917745204009217,0,,,,,0,0,0.0,-2540666.99,0.0,47459333.00999999,,,,
2024-12-23,21753.25,39290.0,-0.9675124604210835,0,,,,,0,0,0.0,-2540666.99,0.0,47459333.00999999,,,,
2024-12-24,22028.5,39220.0,-1.9470016195234354,0,,,,,0,0,0.0,-2540666.99,0.0,47459333.00999999,,,,
2024-12-25,22028.5,39220.0,-1.6865109336233792,0,,,,,0,0,0.0,-2540666.99,0.0,47459333.00999999,,,,
2024-12-26,22008.0,39770.0,-0.44550002829778385,0,,,,,0,0,0.0,-2540666.99,0.0,47459333.00999999,,,,
2024-12-27,21698.5,40085.0,1.1790219477006376,0,,,,,0,0,0.0,-2540666.99,0.0,47459333.00999999,,,,
2024-12-28,21698.5,40085.0,1.075851187498211,0,,,,,0,0,0.0,-2540666.99,0.0,47459333.00999999,,,,
2024-12-29,21698.5,40085.0,1.009698897060667,0,,,,,0,0,0.0,-2540666.99,0.0,47459333.00999999,,,,
2024-12-30,21416.25,39360.0,0.539470068960403,0,,,,,0,0,0.0,-2540666.99,0.0,47459333.00999999,,,,
2024-12-31,21226.5,39315.0,1.0209874557279688,0,,,,,0,0,0.0,-2540666.99,0.0,47459333.00999999,,,,
2025-01-01,21226.5,39315.0,0.9637265481655596,0,,,,,0,0,0.0,-2540666.99,0.0,47459333.00999999,,,,
2025-01-02,21167.5,39300.0,1.0168643053700335,0,,,,,0,0,0.0,-2540666.99,0.0,47459333.00999999,,,,
2025-01-03,21516.5,40155.0,1.3262286386089155,0,,,,,0,0,0.0,-2540666.99,0.0,47459333.00999999,,,,
2025-01-04,21516.5,40155.0,1.1938443553243305,0,,,,,0,0,0.0,-2540666.99,0.0,47459333.00999999,,,,
2025-01-05,21516.5,40155.0,1.0838005871278322,0,,,,,0,0,0.0,-2540666.99,0.0,47459333.00999999,,,,
2025-01-06,21744.5,39700.0,-0.4044902593806012,0,,,,,0,0,0.0,-2540666.99,0.0,47459333.00999999,,,,
2025-01-07,21359.75,39745.0,0.7623527934296088,0,,,,,0,0,0.0,-2540666.99,0.0,47459333.00999999,,,,
2025-01-08,21360.75,39930.0,1.0252026503359342,0,,,,,0,0,0.0,-2540666.99,0.0,47459333.00999999,,,,
2025-01-09,21301.5,39538.0,0.49663108232068354,0,,,,,0,0,0.0,-2540666.99,0.0,47459333.00999999,,,,
2025-01-10,21016.0,38750.0,-0.02611485497732868,0,,,,,0,0,0.0,-2540666.99,0.0,47459333.00999999,,,,
2025-01-11,21016.0,38750.0,-0.005633888925773739,0,,,,,0,0,0.0,-2540666.99,0.0,47459333.00999999,,,,
2025-01-12,21016.0,38750.0,-0.07210646902674647,0,,,,,0,0,0.0,-2540666.99,0.0,47459333.00999999,,,,
2025-01-13,20947.25,38675.0,-0.13946070627520288,0,,,,,0,0,0.0,-2540666.99,0.0,47459333.00999999,,,,
2025-01-14,20919.5,38755.0,-0.01606760141059659,0,,,,,0,0,0.0,-2540666.99,0.0,47459333.00999999,,,,
2025-01-15,21400.25,38720.0,-2.7512969609387126,0,,,,,0,0,0.0,-2540666.99,0.0,47459333.00999999,,,,
2025-01-16,21249.75,38315.0,-2.4910252924333185,0,,,,,0,0,0.0,-2540666.99,0.0,47459333.00999999,,,,
2025-01-17,21594.75,38810.0,-2.2046627720157206,0,,,,,0,0,0.0,-2540666.99,0.0,47459333.00999999,,,,
2025-01-18,21594.75,38810.0,-1.8720089065064183,0,,,,,0,0,0.0,-2540666.99,0.0,47459333.00999999,,,,
2025-01-19,21594.75,38810.0,-1.6475542637497573,0,,,,,0,0,0.0,-2540666.99,0.0,47459333.00999999,,,,
2025-01-20,21594.75,38810.0,-1.4573091232571813,0,,,,,0,0,0.0,-2540666.99,0.0,47459333.00999999,,,,
2025-01-21,21709.5,39300.0,-0.8533985068199376,0,,,,,0,0,0.0,-2540666.99,0.0,47459333.00999999,,,,
2025-01-22,22000.5,39830.0,-0.7116286528941779,0,,,,,0,0,0.0,-2540666.99,0.0,47459333.00999999,,,,
2025-01-23,22038.25,39900.0,-0.6243126353501054,0,,,,,0,0,0.0,-2540666.99,0.0,47459333.00999999,,,,
2025-01-24,21911.25,40450.0,0.8158496561211115,0,,,,,0,0,0.0,-2540666.99,0.0,47459333.00999999,,,,
2025-01-25,21911.25,40450.0,0.8900647170611673,0,,,,,0,0,0.0,-2540666.99,0.0,47459333.00999999,,,,
2025-01-26,21911.25,40450.0,0.8280412894838052,0,,,,,0,0,0.0,-2540666.99,0.0,47459333.00999999,,,,
2025-01-27,21258.5,39010.0,0.24542486000019517,0,,,,,0,0,0.0,-2540666.99,0.0,47459333.00999999,,,,
2025-01-28,21581.75,39395.0,0.01417452703590731,0,,,,,0,0,0.0,-2540666.99,0.0,47459333.00999999,,,,
2025-01-29,21523.25,39280.0,0.05100833355194815,0,,,,,0,0,0.0,-2540666.99,0.0,47459333.00999999,,,,
2025-01-30,21624.75,39605.0,0.43432453769924745,0,,,,,0,0,0.0,-2540666.99,0.0,47459333.00999999,,,,
2025-01-31,21589.25,39295.0,-0.10768319628836755,0,,,,,0,0,0.0,-2540666.99,0.0,47459333.00999999,,,,
2025-02-01,21589.25,39295.0,-0.05806290414120427,0,,,,,0,0,0.0,-2540666.99,0.0,47459333.00999999,,,,
2025-02-02,21589.25,39295.0,-0.0008421616859703413,0,,,,,0,0,0.0,-2540666.99,0.0,47459333.00999999,,,,
2025-02-03,21405.0,38950.0,-0.007490399989126995,0,,,,,0,0,0.0,-2540666.99,0.0,47459333.00999999,,,,
2025-02-04,21670.25,39135.0,-0.7163923367008257,0,,,,,0,0,0.0,-2540666.99,0.0,47459333.00999999,,,,
2025-02-05,21763.0,38970.0,-1.5034493989367037,0,,,,,0,0,0.0,-2540666.99,0.0,47459333.00999999,,,,
2025-02-06,21871.75,38955.0,-1.8549225497932142,0,,,,,0,0,0.0,-2540666.99,0.0,47459333.00999999,,,,
2025-02-07,21590.75,38350.0,-1.9451819764263014,0,,,,,0,0,0.0,-2540666.99,0.0,47459333.00999999,,,,
2025-02-08,21590.75,38350.0,-1.7653995163894705,0,,,,,0,0,0.0,-2540666.99,0.0,47459333.00999999,,,,
2025-02-09,21590.75,38350.0,-1.6184762168379574,0,,,,,0,0,0.0,-2540666.99,0.0,47459333.00999999,,,,
2025-02-10,21846.5,38920.0,-1.2313793009669334,0,,,,,0,0,0.0,-2540666.99,0.0,47459333.00999999,,,,
2025-02-11,21786.75,39075.0,-0.7005377726038654,0,,,,,0,0,0.0,-2540666.99,0.0,47459333.00999999,,,,
2025-02-12,21804.75,39135.0,-0.6046465118398454,0,,,,,0,0,0.0,-2540666.99,0.0,47459333.00999999,,,,
2025-02-13,22113.25,39437.05859375,-0.9217671248884293,0,,,,,0,0,0.0,-2540666.99,0.0,47459333.00999999,,,,
2025-02-14,22196.25,39100.0,-1.6670226309941736,0,,,,,0,0,0.0,-2540666.99,0.0,47459333.00999999,,,,
2025-02-15,22196.25,39100.0,-1.5450110834630904,0,,,,,0,0,0.0,-2540666.99,0.0,47459333.00999999,,,,
2025-02-16,22196.25,39100.0,-1.4007166000186504,0,,,,,0,0,0.0,-2540666.99,0.0,47459333.00999999,,,,
2025-02-17,22196.25,39100.0,-1.2675628407767516,0,,,,,0,0,0.0,-2540666.99,0.0,47459333.00999999,,,,
2025-02-18,22232.25,39300.0,-0.8988619108254897,0,,,,,0,0,0.0,-2540666.99,0.0,47459333.00999999,,,,
2025-02-19,22250.5,38985.0,-1.500325699006936,0,,,,,0,0,0.0,-2540666.99,0.0,47459333.00999999,,,,
2025-02-20,22141.75,38555.0,-1.8046630683711915,0,,,,,0,0,0.0,-2540666.99,0.0,47459333.00999999,,,,
2025-02-21,21679.25,38130.0,-0.9751226574343795,0,,,,,0,0,0.0,-2540666.99,0.0,47459333.00999999,,,,
2025-02-22,21679.25,38130.0,-0.9126205789061884,0,,,,,0,0,0.0,-2540666.99,0.0,47459333.00999999,,,,
2025-02-23,21679.25,38130.0,-0.8707469591785346,0,,,,,0,0,0.0,-2540666.99,0.0,47459333.00999999,,,,
2025-02-24,21420.25,38020.0,0.18223406984326515,0,,,,,0,0,0.0,-2540666.99,0.0,47459333.00999999,,,,
2025-02-25,21149.0,37955.0,1.4443143203394182,0,,,,,0,0,0.0,-2540666.99,0.0,47459333.00999999,,,,
2025-02-26,21187.0,38055.0,1.4488621439140141,0,,,,,0,0,0.0,-2540666.99,0.0,47459333.00999999,,,,
2025-02-27,20605.75,37585.0,2.389521741833037,0,,,,,0,0,0.0,-2540666.99,0.0,47459333.00999999,,,,
2025-02-28,20919.5,37590.0,0.9782185540475005,0,,,,,0,0,0.0,-2540666.99,0.0,47459333.00999999,,,,
2025-03-01,20919.5,37590.0,0.9102795399939284,0,,,,,0,0,0.0,-2540666.99,0.0,47459333.00999999,,,,
2025-03-02,20919.5,37590.0,0.8659189441874958,0,,,,,0,0,0.0,-2540666.99,0.0,47459333.00999999,,,,
2025-03-03,20468.25,37310.0,1.8130563148910948,0,,,,,0,0,0.0,-2540666.99,0.0,47459333.00999999,,,,
2025-03-04,20399.0,36955.0,1.2381647850779893,0,,,,,0,0,0.0,-2540666.99,0.0,47459333.00999999,,,,
2025-03-05,20665.0,37695.0,1.6520650371131906,0,,,,,0,0,0.0,-2540666.99,0.0,47459333.00999999,,,,
2025-03-06,20089.25,36895.0,1.7242061865185814,0,,,,,0,0,0.0,-2540666.99,0.0,47459333.00999999,,,,
2025-03-07,20229.75,37270.0,1.712551326255787,0,,,,,0,0,0.0,-2540666.99,0.0,47459333.00999999,,,,
2025-03-08,20229.75,37270.0,1.5112492644993676,0,,,,,0,0,0.0,-2540666.99,0.0,47459333.00999999,,,,
2025-03-09,20229.75,37270.0,1.3499103080809345,0,,,,,0,0,0.0,-2540666.99,0.0,47459333.00999999,,,,
2025-03-10,19452.75,36475.0,1.8541335150769127,0,,,,,0,0,0.0,-2540666.99,0.0,47459333.00999999,,,,
2025-03-11,19399.0,36525.0,1.805379111148978,0,,,,,0,0,0.0,-2540666.99,0.0,47459333.00999999,,,,
2025-03-12,19618.5,37105.0,1.8849791051344724,0,,,,,0,0,0.0,-2540666.99,0.0,47459333.00999999,,,,
2025-03-13,19249.0,36700.0,1.9128430542462576,0,,,,,0,0,0.0,-2540666.99,0.0,47459333.00999999,,,,
2025-03-14,19712.0,37585.0,1.8216987171221128,0,,,,,0,0,0.0,-2540666.99,0.0,47459333.00999999,,,,
2025-03-15,19712.0,37585.0,1.6606817980962476,0,,,,,0,0,0.0,-2540666.99,0.0,47459333.00999999,,,,
2025-03-16,19712.0,37585.0,1.5048125538632262,0,,,,,0,0,0.0,-2540666.99,0.0,47459333.00999999,,,,
2025-03-17,19831.75,37920.0,1.4956441404696261,0,,,,,0,0,0.0,-2540666.99,0.0,47459333.00999999,,,,
2025-03-18,19496.75,37780.0,1.7790758986492334,0,,,,,0,0,0.0,-2540666.99,0.0,47459333.00999999,,,,
2025-03-19,19746.75,37845.0,1.2100944314767872,0,,,,,0,0,0.0,-2540666.99,0.0,47459333.00999999,,,,
2025-03-20,19678.5,37625.0,0.9921419876352232,0,,,,,0,0,0.0,-2540666.99,0.0,47459333.00999999,,,,
2025-03-21,19450.810546875,37625.0,1.3365704258284465,0,,,,,0,0,0.0,-2540666.99,0.0,47459333.00999999,,,,
2025-03-22,19450.810546875,37625.0,1.2437596281844316,0,,,,,0,0,0.0,-2540666.99,0.0,47459333.00999999,,,,
2025-03-23,19450.810546875,37625.0,1.1351695893701321,0,,,,,0,0,0.0,-2540666.99,0.0,47459333.00999999,,,,
2025-03-24,20374.25,37965.0,-0.6233996485987359,0,,,,,0,0,0.0,-2540666.99,0.0,47459333.00999999,,,,
2025-03-25,20488.5,38055.0,-0.8841822676929623,0,,,,,0,0,0.0,-2540666.99,0.0,47459333.00999999,,,,
2025-03-26,20116.5,37705.0,-0.5421923028582242,0,,,,,0,0,0.0,-2540666.99,0.0,47459333.00999999,,,,
2025-03-27,19990.25,37710.0,-0.26101238273368854,0,,,,,0,0,0.0,-2540666.99,0.0,47459333.00999999,,,,
2025-03-28,19457.0,36385.0,-1.1491108100194427,0,,,,,0,0,0.0,-2540666.99,0.0,47459333.00999999,,,,
2025-03-29,19457.0,36385.0,-1.2813549733478833,0,,,,,0,0,0.0,-2540666.99,0.0,47459333.00999999,,,,
2025-03-30,19457.0,36385.0,-1.2553306240973663,0,,,,,0,0,0.0,-2540666.99,0.0,47459333.00999999,,,,
2025-03-31,19439.5,35965.0,-1.83558164545518,0,,,,,0,0,0.0,-2540666.99,0.0,47459333.00999999,,,,
2025-04-01,19604.5,35730.0,-2.2733941522853955,0,,,,,0,0,0.0,-2540666.99,0.0,47459333.00999999,,,,
2025-04-02,19758.0,35970.0,-1.9398934458627348,0,,,,,0,0,0.0,-2540666.99,0.0,47459333.00999999,,,,
2025-04-03,18675.5,33845.0,-1.9800379945502065,0,,,,,0,0,0.0,-2540666.99,0.0,47459333.00999999,,,,
2025-04-04,17539.0,32170.0,-1.471050474875045,0,,,,,0,0,0.0,-2540666.99,0.0,47459333.00999999,,,,
2025-04-05,17539.0,32170.0,-1.3135798817456972,0,,,,,0,0,0.0,-2540666.99,0.0,47459333.00999999,,,,
2025-04-06,17539.0,32170.0,-1.1819694121502513,0,,,,,0,0,0.0,-2540666.99,0.0,47459333.00999999,,,,
2025-04-07,17563.25,32140.0,-1.1548457682702986,0,,,,,0,0,0.0,-2540666.99,0.0,47459333.00999999,,,,
2025-04-08,17243.75,32240.0,-0.33584161894051595,0,,,,,0,0,0.0,-2540666.99,0.0,47459333.00999999,,,,
2025-04-09,19288.75,34795.0,-1.2948131772558393,0,,,,,0,0,0.0,-2540666.99,0.0,47459333.00999999,,,,
2025-04-10,18484.5,33539.0,-1.0904761898757271,0,,,,,0,0,0.0,-2540666.99,0.0,47459333.00999999,,,,
2025-04-11,18807.5,33585.0,-1.639118368416811,0,,,,,0,0,0.0,-2540666.99,0.0,47459333.00999999,,,,
2025-04-12,18807.5,33585.0,-1.6153348382623087,0,,,,,0,0,0.0,-2540666.99,0.0,47459333.00999999,,,,
2025-04-13,18807.5,33585.0,-1.4395113853868835,0,,,,,0,0,0.0,-2540666.99,0.0,47459333.00999999,,,,
2025-04-14,18934.75,34245.0,-0.6932621696667087,0,,,,,0,0,0.0,-2540666.99,0.0,47459333.00999999,,,,
2025-04-15,18960.25,34470.0,-0.3403534600628217,0,,,,,0,0,0.0,-2540666.99,0.0,47459333.00999999,,,,
2025-04-16,18385.25,33840.0,0.3563253541956681,0,,,,,0,0,0.0,-2540666.99,0.0,47459333.00999999,,,,
2025-04-17,18380.75,34455.0,1.5587214728580507,0,,,,,0,0,0.0,-2540666.99,0.0,47459333.00999999,,,,
2025-04-18,18380.75,34455.0,1.5994708149412946,0,,,,,0,0,0.0,-2540666.99,0.0,47459333.00999999,,,,
2025-04-19,18380.75,34455.0,1.6426559388739543,0,,,,,0,0,0.0,-2540666.99,0.0,47459333.00999999,,,,
2025-04-20,18380.75,34455.0,1.5550881742423395,0,,,,,0,0,0.0,-2540666.99,0.0,47459333.00999999,,,,
2025-04-21,17922.25,34125.0,2.0122584449981007,0,,,,,0,0,0.0,-2540666.99,0.0,47459333.00999999,,,,
2025-04-22,18385.0,34780.0,1.5822600652002208,0,,,,,0,0,0.0,-2540666.99,0.0,47459333.00999999,,,,
2025-04-23,18804.0,35310.0,1.1740885820679678,0,,,,,0,0,0.0,-2540666.99,0.0,47459333.00999999,,,,
2025-04-24,19322.0,35550.0,0.18448065708077108,0,,,,,0,0,0.0,-2540666.99,0.0,47459333.00999999,,,,
2025-04-25,19535.25,35975.0,0.2504260959059832,0,,,,,0,0,0.0,-2540666.99,0.0,47459333.00999999,,,,
2025-04-26,19535.25,35975.0,0.21827256200541612,0,,,,,0,0,0.0,-2540666.99,0.0,47459333.00999999,,,,
2025-04-27,19535.25,35975.0,0.18123633538937833,0,,,,,0,0,0.0,-2540666.99,0.0,47459333.00999999,,,,
2025-04-28,19528.0,35935.0,0.1517590590264176,0,,,,,0,0,0.0,-2540666.99,0.0,47459333.00999999,,,,
2025-04-29,19642.0,35860.0,-0.30502569834930965,0,,,,,0,0,0.0,-2540666.99,0.0,47459333.00999999,,,,
2025-04-30,19658.5,36145.0,0.0538548823979211,0,,,,,0,0,0.0,-2540666.99,0.0,47459333.00999999,,,,
2025-05-01,19870.75,36830.0,0.5070642804302287,0,,,,,0,0,0.0,-2540666.99,0.0,47459333.00999999,,,,
2025-05-02,20195.25,37210.0,0.110685275461357,0,,,,,0,0,0.0,-2540666.99,0.0,47459333.00999999,,,,
2025-05-03,20195.25,37210.0,-0.022463130936985518,0,,,,,0,0,0.0,-2540666.99,0.0,47459333.00999999,,,,
2025-05-04,20195.25,37210.0,-0.14446178268922852,0,,,,,0,0,0.0,-2540666.99,0.0,47459333.00999999,,,,
2025-05-05,20055.5,36925.0,-0.4165470703866897,0,,,,,0,0,0.0,-2540666.99,0.0,47459333.00999999,,,,
2025-05-06,19876.5,36430.0,-1.059735300222472,0,,,,,0,0,0.0,-2540666.99,0.0,47459333.00999999,,,,
2025-05-07,19961.0,36925.0,0.11953159019897214,0,,,,,0,0,0.0,-2540666.99,0.0,47459333.00999999,,,,
2025-05-08,20148.0,37319.0,0.4021714205184255,0,,,,,0,0,0.0,-2540666.99,0.0,47459333.00999999,,,,
2025-05-09,20136.75,37470.0,0.9550699599736655,0,,,,,0,0,0.0,-2540666.99,0.0,47459333.00999999,,,,
2025-05-10,20136.75,37470.0,0.940272330111838,0,,,,,0,0,0.0,-2540666.99,0.0,47459333.00999999,,,,
2025-05-11,20136.75,37470.0,1.1412078444139109,0,,,,,0,0,0.0,-2540666.99,0.0,47459333.00999999,,,,
2025-05-12,20948.75,38760.0,1.0138923470532073,0,,,,,0,0,0.0,-2540666.99,0.0,47459333.00999999,,,,
2025-05-13,21278.0,38370.0,-2.4483625702992278,0,,,,,0,0,0.0,-2540666.99,0.0,47459333.00999999,,,,
2025-05-14,21392.5,37720.0,-3.3475937055414424,0,,,,,0,0,0.0,-2540666.99,0.0,47459333.00999999,,,,
2025-05-15,21400.25,37755.0,-2.522990839428003,0,,,,,0,0,0.0,-2540666.99,0.0,47459333.00999999,,,,
2025-05-16,21506.0,37995.0,-2.011560945765367,0,,,,,0,0,0.0,-2540666.99,0.0,47459333.00999999,,,,
2025-05-17,21506.0,37995.0,-1.7375579965376033,0,,,,,0,0,0.0,-2540666.99,0.0,47459333.00999999,,,,
2025-05-18,21506.0,37995.0,-1.5317304899392463,0,,,,,0,0,0.0,-2540666.99,0.0,47459333.00999999,,,,
2025-05-19,21527.0,37605.0,-1.83443913987107,0,,,,,0,0,0.0,-2540666.99,0.0,47459333.00999999,,,,
2025-05-20,21447.25,37620.0,-1.4549593445619888,0,,,,,0,0,0.0,-2540666.99,0.0,47459333.00999999,,,,
2025-05-21,21156.75,36920.0,-1.5062742501628994,0,,,,,0,0,0.0,-2540666.99,0.0,47459333.00999999,,,,
2025-05-22,21178.25,37040.0,-1.2628982447326096,0,,,,,0,0,0.0,-2540666.99,0.0,47459333.00999999,,,,
2025-05-23,20975.0,36855.0,-0.9831720041151257,0,,,,,0,0,0.0,-2540666.99,0.0,47459333.00999999,,,,
2025-05-24,20975.0,36855.0,-0.8896926350428207,0,,,,,0,0,0.0,-2540666.99,0.0,47459333.00999999,,,,
2025-05-25,20975.0,36855.0,-0.8040461316297093,0,,,,,0,0,0.0,-2540666.99,0.0,47459333.00999999,,,,
2025-05-26,20975.0,36855.0,-0.726605027884828,0,,,,,0,0,0.0,-2540666.99,0.0,47459333.00999999,,,,
2025-05-27,21460.5,38350.0,0.08427039403036579,0,,,,,0,0,0.0,-2540666.99,0.0,47459333.00999999,,,,
2025-05-28,21379.75,37870.0,-0.23856564070757377,0,,,,,0,0,0.0,-2540666.99,0.0,47459333.00999999,,,,
2025-05-29,21408.5,37915.0,-0.15352522400298133,0,,,,,0,0,0.0,-2540666.99,0.0,47459333.00999999,,,,
2025-05-30,21376.75,37705.0,-0.2785147244625705,0,,,,,0,0,0.0,-2540666.99,0.0,47459333.00999999,,,,
2025-05-31,21376.75,37705.0,-0.16846636035657303,0,,,,,0,0,0.0,-2540666.99,0.0,47459333.00999999,,,,
2025-06-01,21376.75,37705.0,0.02092769683745253,0,,,,,0,0,0.0,-2540666.99,0.0,47459333.00999999,,,,
2025-06-02,21534.5,37805.0,-0.5235579101403961,0,,,,,0,0,0.0,-2540666.99,0.0,47459333.00999999,,,,
2025-06-03,21706.0,37760.0,-1.8057171060821624,0,,,,,0,0,0.0,-2540666.99,0.0,47459333.00999999,,,,
2025-06-04,21766.5,37580.0,-2.371523274385265,0,,,,,0,0,0.0,-2540666.99,0.0,47459333.00999999,,,,
2025-06-05,21582.25,37485.0,-1.4175916872911944,0,,,,,0,0,0.0,-2540666.99,0.0,47459333.00999999,,,,
2025-06-06,21789.5,37990.0,-0.804818559847146,0,,,,,0,0,0.0,-2540666.99,0.0,47459333.00999999,,,,
2025-06-07,21789.5,37990.0,-0.7262082280901063,0,,,,,0,0,0.0,-2540666.99,0.0,47459333.00999999,,,,
2025-06-08,21789.5,37990.0,-0.7115320207390169,0,,,,,0,0,0.0,-2540666.99,0.0,47459333.00999999,,,,
2025-06-09,21821.5,38225.0,-0.09091154213011468,0,,,,,0,0,0.0,-2540666.99,0.0,47459333.00999999,,,,
2025-06-10,21962.5,38375.0,-0.4110250319652461,0,,,,,0,0,0.0,-2540666.99,0.0,47459333.00999999,,,,
2025-06-11,21887.5,38335.0,-0.13031404018601261,0,,,,,0,0,0.0,-2540666.99,0.0,47459333.00999999,,,,
2025-06-12,21932.5,38205.0,-0.7821022340049909,0,,,,,0,0,0.0,-2540666.99,0.0,47459333.00999999,,,,
2025-06-13,21644.25,37955.0,0.027847041395037964,0,,,,,0,0,0.0,-2540666.99,0.0,47459333.00999999,,,,
2025-06-14,21644.25,37955.0,0.033091071990176045,0,,,,,0,0,0.0,-2540666.99,0.0,47459333.00999999,,,,
2025-06-15,21644.25,37955.0,0.038340998580253485,0,,,,,0,0,0.0,-2540666.99,0.0,47459333.00999999,,,,
2025-06-16,21941.5,38550.0,0.5540726586697926,0,,,,,0,0,0.0,-2540666.99,0.0,47459333.00999999,,,,
2025-06-17,21730.5,38240.0,0.8426370813822031,0,,,,,0,0,0.0,-2540666.99,0.0,47459333.00999999,,,,
2025-06-18,21720.25,38695.0,2.532763336144054,0,,,,,0,0,0.0,-2540666.99,0.0,47459333.00999999,,,,
2025-06-19,21720.25,38695.0,2.1647059616827926,0,,,,,0,0,0.0,-2540666.99,0.0,47459333.00999999,,,,
2025-06-20,21889.890625,38315.0,-0.07765033976895175,0,,,,,0,0,0.0,-2540666.99,0.0,47459333.00999999,,,,
2025-06-21,21889.890625,38315.0,-0.033506995707250575,0,,,,,0,0,0.0,-2540666.99,0.0,47459333.00999999,,,,
2025-06-22,21889.890625,38315.0,-0.017486770078293155,0,,,,,0,0,0.0,-2540666.99,0.0,47459333.00999999,,,,
2025-06-23,22073.5,38600.0,-0.14944111267704535,0,,,,,0,0,0.0,-2540666.99,0.0,47459333.00999999,,,,
2025-06-24,22412.75,38825.0,-1.5214400038831404,0,,,,,0,0,0.0,-2540666.99,0.0,47459333.00999999,,,,
2025-06-25,22461.0,38970.0,-1.278280556091781,0,,,,,0,0,0.0,-2540666.99,0.0,47459333.00999999,,,,
2025-06-26,22669.25,39795.0,0.4773987406284469,0,,,,,0,0,0.0,-2540666.99,0.0,47459333.00999999,,,,
2025-06-27,22751.5,40580.0,2.354785164762261,0,,,,,0,0,0.0,-2540666.99,0.0,47459333.00999999,,,,
2025-06-28,22751.5,40580.0,1.9791882576381596,0,,,,,0,0,0.0,-2540666.99,0.0,47459333.00999999,,,,
2025-06-29,22751.5,40580.0,1.7111336586932688,0,,,,,0,0,0.0,-2540666.99,0.0,47459333.00999999,,,,
2025-06-30,22893.25,40340.0,0.36706514287455827,0,,,,,0,0,0.0,-2540666.99,0.0,47459333.00999999,,,,
2025-07-01,22692.75,39705.0,-0.4401217319750325,0,,,,,0,0,0.0,-2540666.99,0.0,47459333.00999999,,,,
2025-07-02,22843.0,39740.0,-1.0347466150930797,0,,,,,0,0,0.0,-2540666.99,0.0,47459333.00999999,,,,
2025-07-03,23062.5,40205.0,-0.7499351416527441,0,,,,,0,0,0.0,-2540666.99,0.0,47459333.00999999,,,,
2025-07-04,22906.75,40205.0,-0.05844494496126554,0,,,,,0,0,0.0,-2540666.99,0.0,47459333.00999999,,,,
2025-07-05,22906.75,40205.0,-0.0744781945701847,0,,,,,0,0,0.0,-2540666.99,0.0,47459333.00999999,,,,
2025-07-06,22906.75,40205.0,-0.07776610916896658,0,,,,,0,0,0.0,-2540666.99,0.0,47459333.00999999,,,,
2025-07-07,22884.75,39485.0,-1.6819886788635805,0,,,,,0,0,0.0,-2540666.99,0.0,47459333.00999999,,,,
2025-07-08,22896.75,39955.0,-0.4914158998329202,0,,,,,0,0,0.0,-2540666.99,0.0,47459333.00999999,,,,
2025-07-09,23052.75,39950.0,-1.081414079792876,0,,,,,0,0,0.0,-2540666.99,0.0,47459333.00999999,,,,
2025-07-10,23013.25,39703.0,-1.4081237489428369,0,,,,,0,0,0.0,-2540666.99,0.0,47459333.00999999,,,,
2025-07-11,22959.0,39530.0,-1.4463284276431843,0,,,,,0,0,0.0,-2540666.99,0.0,47459333.00999999,,,,
2025-07-12,22959.0,39530.0,-1.309878847449875,0,,,,,0,0,0.0,-2540666.99,0.0,47459333.00999999,,,,
2025-07-13,22959.0,39530.0,-1.1962183667315562,0,,,,,0,0,0.0,-2540666.99,0.0,47459333.00999999,,,,
2025-07-14,23035.5,39510.0,-1.413809614573774,0,,,,,0,0,0.0,-2540666.99,0.0,47459333.00999999,,,,
2025-07-15,23056.75,39650.0,-1.133084024053639,0,,,,,0,0,0.0,-2540666.99,0.0,47459333.00999999,,,,
2025-07-16,23076.5,39570.0,-1.2218345398009747,0,,,,,0,0,0.0,-2540666.99,0.0,47459333.00999999,,,,
2025-07-17,23251.0,40040.0,-0.812610124174153,0,,,,,0,0,0.0,-2540666.99,0.0,47459333.00999999,,,,
2025-07-18,23224.25,39690.0,-1.3743426072991072,0,,,,,0,0,0.0,-2540666.99,0.0,47459333.00999999,,,,
2025-07-19,23224.25,39690.0,-1.3648143464395357,0,,,,,0,0,0.0,-2540666.99,0.0,47459333.00999999,,,,
2025-07-20,23224.25,39690.0,-1.267855704841084,0,,,,,0,0,0.0,-2540666.99,0.0,47459333.00999999,,,,
2025-07-21,23342.0,39780.0,-1.4032870016176826,0,,,,,0,0,0.0,-2540666.99,0.0,47459333.00999999,,,,
2025-07-22,23226.25,39640.0,-1.1305567382875943,0,,,,,0,0,0.0,-2540666.99,0.0,47459333.00999999,,,,
2025-07-23,23310.75,41565.0,2.713966695882024,0,,,,,0,0,0.0,-2540666.99,0.0,47459333.00999999,,,,
2025-07-24,23377.5,41585.0,2.2080854813765227,0,,,,,0,0,0.0,-2540666.99,0.0,47459333.00999999,,,,
2025-07-25,23421.25,41390.0,1.6077381187458446,0,,,,,0,0,0.0,-2540666.99,0.0,47459333.00999999,,,,
2025-07-26,23421.25,41390.0,1.5211673369197496,0,,,,,0,0,0.0,-2540666.99,0.0,47459333.00999999,,,,
2025-07-27,23421.25,41390.0,1.3609025131285102,0,,,,,0,0,0.0,-2540666.99,0.0,47459333.00999999,,,,
2025-07-28,23491.25,40755.0,0.14482742742586416,0,,,,,0,0,0.0,-2540666.99,0.0,47459333.00999999,,,,
2025-07-29,23452.0,40660.0,0.09466964493253965,0,,,,,0,0,0.0,-2540666.99,0.0,47459333.00999999,,,,
2025-07-30,23480.5,40670.0,0.017283877449947506,0,,,,,0,0,0.0,-2540666.99,0.0,47459333.00999999,,,,
2025-07-31,23365.0,40725.0,0.38805327926458677,0,,,,,0,0,0.0,-2540666.99,0.0,47459333.00999999,,,,
2025-08-01,22883.75,39960.0,0.4218284731461623,0,,,,,0,0,0.0,-2540666.99,0.0,47459333.00999999,,,,
2025-08-02,22883.75,39960.0,0.37694796827675736,0,,,,,0,0,0.0,-2540666.99,0.0,47459333.00999999,,,,
2025-08-03,22883.75,39960.0,0.3232098204166535,0,,,,,0,0,0.0,-2540666.99,0.0,47459333.00999999,,,,
2025-08-04,23296.5,40570.0,0.1347471524118816,0,,,,,0,0,0.0,-2540666.99,0.0,47459333.00999999,,,,
2025-08-05,23132.0,40535.0,0.4829782177798435,0,,,,,0,0,0.0,-2540666.99,0.0,47459333.00999999,,,,
2025-08-06,23422.75,40835.0,0.10911425418773082,0,,,,,0,0,0.0,-2540666.99,0.0,47459333.00999999,,,,
2025-08-07,23496.25,41138.0,0.35290817858991497,0,,,,,0,0,0.0,-2540666.99,0.0,47459333.00999999,,,,
2025-08-08,23713.75,42280.0,1.5981012083368995,0,,,,,0,0,0.0,-2540666.99,0.0,47459333.00999999,,,,
2025-08-09,23713.75,42280.0,1.4592140260781286,0,,,,,0,0,0.0,-2540666.99,0.0,47459333.00999999,,,,
2025-08-10,23713.75,42280.0,1.3789635679707528,0,,,,,0,0,0.0,-2540666.99,0.0,47459333.00999999,,,,
2025-08-11,23637.5,42295.0,1.5972113063314701,0,,,,,0,0,0.0,-2540666.99,0.0,47459333.00999999,,,,
2025-08-12,23938.0,43275.0,2.2513391381992913,0,,,,,0,0,0.0,-2540666.99,0.0,47459333.00999999,,,,
2025-08-13,23946.5,43145.0,1.7778735266689878,0,,,,,0,0,0.0,-2540666.99,0.0,47459333.00999999,,,,
2025-08-14,23930.5,42845.0,1.1954098938837803,0,,,,,0,0,0.0,-2540666.99,0.0,47459333.00999999,,,,
2025-08-15,23804.0,43445.0,2.1281274129743135,0,,,,,0,0,0.0,-2540666.99,0.0,47459333.00999999,,,,
2025-08-16,23804.0,43445.0,1.8278490683705553,0,,,,,0,0,0.0,-2540666.99,0.0,47459333.00999999,,,,
2025-08-17,23804.0,43445.0,1.6080739413017215,0,,,,,0,0,0.0,-2540666.99,0.0,47459333.00999999,,,,
2025-08-18,23797.75,43805.0,1.803456167772995,0,,,,,0,0,0.0,-2540666.99,0.0,47459333.00999999,,,,
2025-08-19,23469.5,43390.0,1.7323009560979805,0,,,,,0,0,0.0,-2540666.99,0.0,47459333.00999999,,,,
2025-08-20,23324.0,42835.0,1.2427106736308837,0,,,,,0,0,0.0,-2540666.99,0.0,47459333.00999999,,,,
2025-08-21,23219.75,42650.0,1.1166706963515964,0,,,,,0,0,0.0,-2540666.99,0.0,47459333.00999999,,,,
2025-08-22,23569.75,42965.0,0.7216197936744765,0,,,,,0,0,0.0,-2540666.99,0.0,47459333.00999999,,,,
2025-08-23,23569.75,42965.0,0.6446574409762696,0,,,,,0,0,0.0,-2540666.99,0.0,47459333.00999999,,,,
2025-08-24,23569.75,42965.0,0.5708315480708851,0,,,,,0,0,0.0,-2540666.99,0.0,47459333.00999999,,,,
2025-08-25,23498.25,42540.0,0.0741641416293232,0,,,,,0,0,0.0,-2540666.99,0.0,47459333.00999999,,,,
2025-08-26,23591.5,42505.0,-0.3644983569527847,0,,,,,0,0,0.0,-2540666.99,0.0,47459333.00999999,,,,
2025-08-27,23628.75,42565.0,-0.5734163111973929,0,,,,,0,0,0.0,-2540666.99,0.0,47459333.00999999,,,,
2025-08-28,23769.0,42920.0,-0.40726741620920587,0,,,,,0,0,0.0,-2540666.99,0.0,47459333.00999999,,,,
2025-08-29,23461.75,42080.0,-1.187488233079012,0,,,,,0,0,0.0,-2540666.99,0.0,47459333.00999999,,,,
2025-08-30,23461.75,42080.0,-1.2650608813944426,0,,,,,0,0,0.0,-2540666.99,0.0,47459333.00999999,,,,
2025-08-31,23461.75,42080.0,-1.293343255913902,0,,,,,0,0,0.0,-2540666.99,0.0,47459333.00999999,,,,
2025-09-01,23461.75,42080.0,-1.199102517624177,0,,,,,0,0,0.0,-2540666.99,0.0,47459333.00999999,,,,
2025-09-02,23275.0,42085.0,-0.4590741805164104,0,,,,,0,0,0.0,-2540666.99,0.0,47459333.00999999,,,,
2025-09-03,23448.75,42110.0,-1.1138583161705549,0,,,,,0,0,0.0,-2540666.99,0.0,47459333.00999999,,,,
2025-09-04,23668.0,42880.0,-0.12326378859396407,0,,,,,0,0,0.0,-2540666.99,0.0,47459333.00999999,,,,
2025-09-05,23684.0,42890.0,-0.1234314765753502,0,,,,,0,0,0.0,-2540666.99,0.0,47459333.00999999,,,,
2025-09-06,23684.0,42890.0,-0.08168220421918257,0,,,,,0,0,0.0,-2540666.99,0.0,47459333.00999999,,,,
2025-09-07,23684.0,42890.0,0.008549420472618668,0,,,,,0,0,0.0,-2540666.99,0.0,47459333.00999999,,,,
2025-09-08,23799.75,43970.0,2.3804382278313403,0,,,,,0,0,0.0,-2540666.99,0.0,47459333.00999999,,,,
2025-09-09,23874.0,43495.0,0.8418314831290087,0,,,,,0,0,0.0,-2540666.99,0.0,47459333.00999999,,,,
2025-09-10,23877.75,43900.0,1.8766819887485144,0,,,,,0,0,0.0,-2540666.99,0.0,47459333.00999999,,,,
2025-09-11,24017.75,44750.0,2.681484106313967,0,,,,,0,0,0.0,-2540666.99,0.0,47459333.00999999,,,,
2025-09-12,24113.25,44675.0,1.8859424915736203,0,,,,,0,0,0.0,-2540666.99,0.0,47459333.00999999,,,,
2025-09-13,24113.25,44675.0,1.6698713615171743,0,,,,,0,0,0.0,-2540666.99,0.0,47459333.00999999,,,,
2025-09-14,24113.25,44675.0,1.4774180093910143,0,,,,,0,0,0.0,-2540666.99,0.0,47459333.00999999,,,,
2025-09-15,24309.25,44885.0,1.1479676922795448,0,,,,,0,0,0.0,-2540666.99,0.0,47459333.00999999,,,,
2025-09-16,24284.0,44750.0,0.9031802406750141,0,,,,,0,0,0.0,-2540666.99,0.0,47459333.00999999,,,,
2025-09-17,24222.5,44795.0,1.0351927298422858,0,,,,,0,0,0.0,-2540666.99,0.0,47459333.00999999,,,,
2025-09-18,24460.25,45805.0,1.7530403152727856,0,,,,,0,0,0.0,-2540666.99,0.0,47459333.00999999,,,,
2025-09-19,24568.0703125,45265.0,0.5834627798519229,0,,,,,0,0,0.0,-2540666.99,0.0,47459333.00999999,,,,
2025-09-20,24568.0703125,45265.0,0.5086145664767866,0,,,,,0,0,0.0,-2540666.99,0.0,47459333.00999999,,,,
2025-09-21,24568.0703125,45265.0,0.43224275008578206,0,,,,,0,0,0.0,-2540666.99,0.0,47459333.00999999,,,,
2025-09-22,25003.0,45715.0,-0.15925997455896299,0,,,,,0,0,0.0,-2540666.99,0.0,47459333.00999999,,,,
2025-09-23,24827.25,45245.0,-0.6417456246984911,0,,,,,0,0,0.0,-2540666.99,0.0,47459333.00999999,,,,
2025-09-24,24739.25,45595.0,0.36361751338272696,0,,,,,0,0,0.0,-2540666.99,0.0,47459333.00999999,,,,
2025-09-25,24629.25,45625.0,0.7901229689882062,0,,,,,0,0,0.0,-2540666.99,0.0,47459333.00999999,,,,
2025-09-26,24726.75,45295.0,-0.5953121626249089,0,,,,,0,0,0.0,-2540666.99,0.0,47459333.00999999,,,,
2025-09-27,24726.75,45295.0,-0.8180395350593772,0,,,,,0,0,0.0,-2540666.99,0.0,47459333.00999999,,,,
2025-09-28,24726.75,45295.0,-0.7646997567479201,0,,,,,0,0,0.0,-2540666.99,0.0,47459333.00999999,,,,
2025-09-29,24837.75,45165.0,-1.8494189051707024,0,,,,,0,0,0.0,-2540666.99,0.0,47459333.00999999,,,,
2025-09-30,24901.75,44815.0,-2.6015240446722454,0,,,,,0,0,0.0,-2540666.99,0.0,47459333.00999999,,,,
2025-10-01,25017.5,44725.0,-2.5969858480538535,0,,,,,0,0,0.0,-2540666.99,0.0,47459333.00999999,,,,
2025-10-02,25110.0,45010.0,-1.9464286608521186,0,,,,,0,0,0.0,-2540666.99,0.0,47459333.00999999,,,,
2025-10-03,24992.0,45975.0,0.4096794789835347,0,,,,,0,0,0.0,-2540666.99,0.0,47459333.00999999,,,,
2025-10-04,24992.0,45975.0,0.43361557215295937,0,,,,,0,0,0.0,-2540666.99,0.0,47459333.00999999,,,,
2025-10-05,24992.0,45975.0,0.4416644358589225,0,,,,,0,0,0.0,-2540666.99,0.0,47459333.00999999,,,,
2025-10-06,25184.75,48495.0,3.1663713458443543,0,,,,,0,0,0.0,-2540666.99,0.0,47459333.00999999,,,,
2025-10-07,25039.25,47905.0,2.205042154955165,0,,,,,0,0,0.0,-2540666.99,0.0,47459333.00999999,,,,
2025-10-08,25331.0,48035.0,1.6338744912290433,0,,,,,0,0,0.0,-2540666.99,0.0,47459333.00999999,,,,
2025-10-09,25289.25,48628.0,1.9910186654926931,0,,,,,0,0,0.0,-2540666.99,0.0,47459333.00999999,,,,
2025-10-10,24397.0,45945.0,0.7733751770699364,0,,,,,0,0,0.0,-2540666.99,0.0,47459333.00999999,,,,
2025-10-11,24397.0,45945.0,0.7165881795147294,0,,,,,0,0,0.0,-2540666.99,0.0,47459333.00999999,,,,
2025-10-12,24397.0,45945.0,0.6530964791417129,0,,,,,0,0,0.0,-2540666.99,0.0,47459333.00999999,,,,
2025-10-13,24922.25,48455.0,1.8668304876546449,0,,,,,0,0,0.0,-2540666.99,0.0,47459333.00999999,,,,
2025-10-14,24762.5,47025.0,0.7913796872993223,0,,,,,0,0,0.0,-2540666.99,0.0,47459333.00999999,,,,
2025-10-15,24924.5,47930.0,1.2029639546623434,0,,,,,0,0,0.0,-2540666.99,0.0,47459333.00999999,,,,
2025-10-16,24831.25,47975.0,1.2281720696381,0,,,,,0,0,0.0,-2540666.99,0.0,47459333.00999999,,,,
2025-10-17,24986.5,48260.0,1.1232252192492447,0,,,,,0,0,0.0,-2540666.99,0.0,47459333.00999999,,,,
2025-10-18,24986.5,48260.0,1.0154007442692308,0,,,,,0,0,0.0,-2540666.99,0.0,47459333.00999999,,,,
2025-10-19,24986.5,48260.0,0.9203114391417202,0,,,,,0,0,0.0,-2540666.99,0.0,47459333.00999999,,,,
2025-10-20,25305.25,49645.0,1.452128999826374,0,,,,,0,0,0.0,-2540666.99,0.0,47459333.00999999,,,,
2025-10-21,25294.75,49360.0,1.183326257104,0,,,,,0,0,0.0,-2540666.99,0.0,47459333.00999999,,,,
2025-10-22,25039.25,48810.0,1.0601116511566957,0,,,,,0,0,0.0,-2540666.99,0.0,47459333.00999999,,,,
2025-10-23,25254.0,48950.0,0.7577680369361677,0,,,,,0,0,0.0,-2540666.99,0.0,47459333.00999999,,,,
2025-10-24,25509.25,49500.0,0.8358270849140027,0,,,,,0,0,0.0,-2540666.99,0.0,47459333.00999999,,,,
2025-10-25,25509.25,49500.0,0.8145247973726949,0,,,,,0,0,0.0,-2540666.99,0.0,47459333.00999999,,,,
2025-10-26,25509.25,49500.0,0.7667204491912627,0,,,,,0,0,0.0,-2540666.99,0.0,47459333.00999999,,,,
2025-10-27,25963.75,50430.0,0.9225619148578371,0,,,,,0,0,0.0,-2540666.99,0.0,47459333.00999999,,,,
2025-10-28,26163.5,50655.0,0.6769876832064763,0,,,,,0,0,0.0,-2540666.99,0.0,47459333.00999999,,,,
2025-10-29,26262.5,50980.0,0.8462625169514354,0,,,,,0,0,0.0,-2540666.99,0.0,47459333.00999999,,,,
2025-10-30,25882.75,51320.0,2.0648430047318205,0,,,,,0,0,0.0,-2540666.99,0.0,47459333.00999999,,,,
2025-10-31,26004.0,52215.0,2.5873843692313856,0,,,,,0,0,0.0,-2540666.99,0.0,47459333.00999999,,,,
2025-11-01,26004.0,52215.0,2.307000463359221,0,,,,,0,0,0.0,-2540666.99,0.0,47459333.00999999,,,,
2025-11-02,26004.0,52215.0,1.9415808227480718,0,,,,,0,0,0.0,-2540666.99,0.0,47459333.00999999,,,,
2025-11-03,26103.25,52695.0,2.0255239316817493,0,,,,,0,0,0.0,-2540666.99,0.0,47459333.00999999,,,,
2025-11-04,25575.25,51025.0,1.035818455400805,0,,,,,0,0,0.0,-2540666.99,0.0,47459333.00999999,,,,
2025-11-05,25746.25,51110.0,0.7230161870435328,0,,,,,0,0,0.0,-2540666.99,0.0,47459333.00999999,,,,
2025-11-06,25244.25,50275.0,0.6611293984453398,0,,,,,0,0,0.0,-2540666.99,0.0,47459333.00999999,,,,
2025-11-07,25166.25,50330.0,0.7964530183155729,0,,,,,0,0,0.0,-2540666.99,0.0,47459333.00999999,,,,
2025-11-08,25166.25,50330.0,0.7163321481670293,0,,,,,0,0,0.0,-2540666.99,0.0,47459333.00999999,,,,
2025-11-09,25166.25,50330.0,0.6541646986982768,0,,,,,0,0,0.0,-2540666.99,0.0,47459333.00999999,,,,
2025-11-10,25714.5,51220.0,0.5429057080052788,0,,,,,0,0,0.0,-2540666.99,0.0,47459333.00999999,,,,
2025-11-11,25640.75,51090.0,0.4683142469748937,0,,,,,0,0,0.0,-2540666.99,0.0,47459333.00999999,,,,
2025-11-12,25623.75,51220.0,0.5982011416968028,0,,,,,0,0,0.0,-2540666.99,0.0,47459333.00999999,,,,
2025-11-13,25094.75,50068.0,0.16919501383808885,0,,,,,0,0,0.0,-2540666.99,0.0,47459333.00999999,,,,
2025-11-14,25094.0,50430.0,0.6246056520562423,0,,,,,0,0,0.0,-2540666.99,0.0,47459333.00999999,,,,
2025-11-15,25094.0,50430.0,0.5531495427345426,0,,,,,0,0,0.0,-2540666.99,0.0,47459333.00999999,,,,
2025-11-16,25094.0,50430.0,0.4794164801271583,0,,,,,0,0,0.0,-2540666.99,0.0,47459333.00999999,,,,
2025-11-17,24879.0,49785.0,-0.26239172900088803,0,,,,,0,0,0.0,-2540666.99,0.0,47459333.00999999,,,,
2025-11-18,24595.75,48850.0,-1.9731747918752038,0,,,,,0,0,0.0,-2540666.99,0.0,47459333.00999999,,,,
2025-11-19,24721.75,49280.0,-1.2214693935375074,0,,,,,0,0,0.0,-2540666.99,0.0,47459333.00999999,,,,
2025-11-20,24131.5,48455.0,-0.5832026067196995,0,,,,,0,0,0.0,-2540666.99,0.0,47459333.00999999,,,,
2025-11-21,24305.5,48785.0,-0.38721584093628864,0,,,,,0,0,0.0,-2540666.99,0.0,47459333.00999999,,,,
2025-11-22,24305.5,48785.0,-0.309318307451953,0,,,,,0,0,0.0,-2540666.99,0.0,47459333.00999999,,,,
2025-11-23,24305.5,48785.0,-0.20280733264850817,0,,,,,0,0,0.0,-2540666.99,0.0,47459333.00999999,,,,
2025-11-24,24948.25,49525.0,-1.8333757664838097,0,,,,,0,0,0.0,-2540666.99,0.0,47459333.00999999,,,,
2025-11-25,25085.5,49145.0,-3.177258377013688,0,,,,,0,0,0.0,-2540666.99,0.0,47459333.00999999,,,,
2025-11-26,25302.25,50110.0,-1.0532356391173712,0,,,,,0,0,0.0,-2540666.99,0.0,47459333.00999999,,,,
2025-11-27,25302.25,50110.0,-0.9585352229529872,0,,,,,0,0,0.0,-2540666.99,0.0,47459333.00999999,,,,
2025-11-28,25482.0,50230.0,-1.3830033062996954,0,,,,,0,0,0.0,-2540666.99,0.0,47459333.00999999,,,,
2025-11-29,25482.0,50230.0,-1.2405043122085893,0,,,,,0,0,0.0,-2540666.99,0.0,47459333.00999999,,,,
2025-11-30,25482.0,50230.0,-1.1198066596533571,0,,,,,0,0,0.0,-2540666.99,0.0,47459333.00999999,,,,
2025-12-01,25391.25,49475.0,-2.2913351338324204,0,,,,,0,0,0.0,-2540666.99,0.0,47459333.00999999,,,,
2025-12-02,25606.0,49555.0,-2.3822707495683937,0,,,,,0,0,0.0,-2540666.99,0.0,47459333.00999999,,,,
2025-12-03,25657.5,49870.0,-1.6523172648291689,0,,,,,0,0,0.0,-2540666.99,0.0,47459333.00999999,,,,
2025-12-04,25622.75,50570.0,-0.0965308130535067,0,,,,,0,0,0.0,-2540666.99,0.0,47459333.00999999,,,,
2025-12-05,25732.0,50680.0,-0.17535219388741,0,,,,,0,0,0.0,-2540666.99,0.0,47459333.00999999,,,,
2025-12-06,25732.0,50680.0,-0.09175929631104009,0,,,,,0,0,0.0,-2540666.99,0.0,47459333.00999999,,,,
2025-12-07,25732.0,50680.0,-0.028097573940811388,0,,,,,0,0,0.0,-2540666.99,0.0,47459333.00999999,,,,
2025-12-08,25664.0,50320.0,-0.5880655063251992,0,,,,,0,0,0.0,-2540666.99,0.0,47459333.00999999,,,,
2025-12-09,25699.75,50850.0,0.5782130544783036,0,,,,,0,0,0.0,-2540666.99,0.0,47459333.00999999,,,,
2025-12-10,25798.0,50860.0,0.25350815842460767,0,,,,,0,0,0.0,-2540666.99,0.0,47459333.00999999,,,,
2025-12-11,25713.5,50890.0,0.7641527494700301,0,,,,,0,0,0.0,-2540666.99,0.0,47459333.00999999,,,,
2025-12-12,25213.5,49930.0,0.5380246351907145,0,,,,,0,0,0.0,-2540666.99,0.0,47459333.00999999,,,,
2025-12-13,25213.5,49930.0,0.6362199987050311,0,,,,,0,0,0.0,-2540666.99,0.0,47459333.00999999,,,,
2025-12-14,25213.5,49930.0,0.6459627093281437,0,,,,,0,0,0.0,-2540666.99,0.0,47459333.00999999,,,,
2025-12-15,25093.25,50020.0,1.3818818435375109,0,,,,,0,0,0.0,-2540666.99,0.0,47459333.00999999,,,,
2025-12-16,25139.0,49580.0,-0.13190941971535391,0,,,,,0,0,0.0,-2540666.99,0.0,47459333.00999999,,,,
2025-12-17,24668.75,48880.0,0.18021366881474526,0,,,,,0,0,0.0,-2540666.99,0.0,47459333.00999999,,,,
2025-12-18,25028.25,49195.0,-0.6648143553817465,0,,,,,0,0,0.0,-2540666.99,0.0,47459333.00999999,,,,
2025-12-19,25132.7890625,50260.0,1.7544258204776713,0,,,,,0,0,0.0,-2540666.99,0.0,47459333.00999999,,,,
2025-12-20,25132.7890625,50260.0,1.553580392683388,0,,,,,0,0,0.0,-2540666.99,0.0,47459333.00999999,,,,
2025-12-21,25132.7890625,50260.0,1.418231053684885,0,,,,,0,0,0.0,-2540666.99,0.0,47459333.00999999,,,,
2025-12-22,25692.25,50315.0,-1.161837771404791,0,,,,,0,0,0.0,-2540666.99,0.0,47459333.00999999,,,,
2025-12-23,25812.25,50575.0,-1.2132124187095434,0,,,,,0,0,0.0,-2540666.99,0.0,47459333.00999999,,,,
2025-12-24,25880.5,50395.0,-1.9229887946129804,0,,,,,0,0,0.0,-2540666.99,0.0,47459333.00999999,,,,
2025-12-25,25880.5,50395.0,-1.688749417341861,0,,,,,0,0,0.0,-2540666.99,0.0,47459333.00999999,,,,
2025-12-26,25863.25,50725.0,-0.6088676861008564,0,,,,,0,0,0.0,-2540666.99,0.0,47459333.00999999,,,,
2025-12-27,25863.25,50725.0,-0.5780619032690282,0,,,,,0,0,0.0,-2540666.99,0.0,47459333.00999999,,,,
2025-12-28,25863.25,50725.0,-0.5920099016783158,0,,,,,0,0,0.0,-2540666.99,0.0,47459333.00999999,,,,
2025-12-29,25739.75,50400.0,-0.8433293932349905,0,,,,,0,0,0.0,-2540666.99,0.0,47459333.00999999,,,,
2025-12-30,25675.25,50545.0,-0.10388051462880514,0,,,,,0,0,0.0,-2540666.99,0.0,47459333.00999999,,,,
2025-12-31,25456.75,50435.0,0.6400225358756292,0,,,,,0,0,0.0,-2540666.99,0.0,47459333.00999999,,,,
2026-01-01,25456.75,50435.0,0.6222086927491485,0,,,,,0,0,0.0,-2540666.99,0.0,47459333.00999999,,,,
2026-01-02,25385.25,51030.0,2.185525268286307,0,,,,,0,0,0.0,-2540666.99,0.0,47459333.00999999,,,,
2026-01-03,25385.25,51030.0,1.874690494668269,0,,,,,0,0,0.0,-2540666.99,0.0,47459333.00999999,,,,
2026-01-04,25385.25,51030.0,1.693275632058339,0,,,,,0,0,0.0,-2540666.99,0.0,47459333.00999999,,,,
2026-01-05,25577.75,52105.0,2.4824419884899696,0,,,,,0,0,0.0,-2540666.99,0.0,47459333.00999999,,,,
2026-01-06,25822.0,52040.0,1.4889635412470126,0,,,,,0,0,0.0,-2540666.99,0.0,47459333.00999999,,,,
2026-01-07,25838.75,51970.0,1.2002280601701087,0,,,,,0,0,0.0,-2540666.99,0.0,47459333.00999999,,,,
2026-01-08,25687.5,51611.0,0.9865973490230536,0,,,,,0,0,0.0,-2540666.99,0.0,47459333.00999999,,,,
2026-01-09,25938.25,53620.0,2.56959964204591,0,,,,,0,0,0.0,-2540666.99,0.0,47459333.00999999,,,,
2026-01-10,25938.25,53620.0,2.123544420924439,0,,,,,0,0,0.0,-2540666.99,0.0,47459333.00999999,,,,
2026-01-11,25938.25,53620.0,1.8221491132515941,0,,,,,0,0,0.0,-2540666.99,0.0,47459333.00999999,,,,
2026-01-12,25956.75,52270.0,0.4344710566549771,0,,,,,0,0,0.0,-2540666.99,0.0,47459333.00999999,,,,
2026-01-13,25906.0,53950.0,1.8701697882302992,0,,,,,0,0,0.0,-2540666.99,0.0,47459333.00999999,,,,
2026-01-14,25631.0,54000.0,2.007242361048694,0,,,,,0,0,0.0,-2540666.99,0.0,47459333.00999999,,,,
2026-01-15,25705.75,53965.0,1.6444591264809538,0,,,,,0,0,0.0,-2540666.99,0.0,47459333.00999999,,,,
2026-01-16,25689.0,53670.0,1.2875627914887786,0,,,,,0,0,0.0,-2540666.99,0.0,47459333.00999999,,,,
2026-01-17,25689.0,53670.0,1.1714719734728793,0,,,,,0,0,0.0,-2540666.99,0.0,47459333.00999999,,,,
2026-01-18,25689.0,53670.0,1.0781810241357437,0,,,,,0,0,0.0,-2540666.99,0.0,47459333.00999999,,,,
2026-01-19,25689.0,53670.0,0.9907295022013386,0,,,,,0,0,0.0,-2540666.99,0.0,47459333.00999999,,,,
2026-01-20,25129.25,52095.0,0.3468497657519691,0,,,,,0,0,0.0,-2540666.99,0.0,47459333.00999999,,,,
2026-01-21,25471.0,53245.0,0.8291932988437132,0,,,,,0,0,0.0,-2540666.99,0.0,47459333.00999999,,,,
2026-01-22,25658.25,54035.0,1.2045659321980025,0,,,,,0,0,0.0,-2540666.99,0.0,47459333.00999999,,,,
2026-01-23,25738.25,52855.0,-0.26904759405865525,0,,,,,0,0,0.0,-2540666.99,0.0,47459333.00999999,,,,
2026-01-24,25738.25,52855.0,-0.3659584182097844,0,,,,,0,0,0.0,-2540666.99,0.0,47459333.00999999,,,,
2026-01-25,25738.25,52855.0,-0.40359639188775864,0,,,,,0,0,0.0,-2540666.99,0.0,47459333.00999999,,,,
2026-01-26,25848.5,52550.0,-1.0894654150132548,0,,,,,0,0,0.0,-2540666.99,0.0,47459333.00999999,,,,
2026-01-27,26073.0,52860.0,-1.2789771484946597,0,,,,,0,0,0.0,-2540666.99,0.0,47459333.00999999,,,,
2026-01-28,26156.25,53675.0,-0.5039950712972971,0,,,,,0,0,0.0,-2540666.99,0.0,47459333.00999999,,,,
2026-01-29,25999.25,53280.0,-0.6642191179597962,0,,,,,0,0,0.0,-2540666.99,0.0,47459333.00999999,,,,
2026-01-30,25670.0,53475.0,0.4713255509476165,0,,,,,0,0,0.0,-2540666.99,0.0,47459333.00999999,,,,
2026-01-31,25670.0,53475.0,0.44516508151882167,0,,,,,0,0,0.0,-2540666.99,0.0,47459333.00999999,,,,
2026-02-01,25670.0,53475.0,0.3643377227261603,0,,,,,0,0,0.0,-2540666.99,0.0,47459333.00999999,,,,
2026-02-02,25850.0,53830.0,0.45676020782373206,0,,,,,0,0,0.0,-2540666.99,0.0,47459333.00999999,,,,
2026-02-03,25452.0,54025.0,1.86564505960128,0,,,,,0,0,0.0,-2540666.99,0.0,47459333.00999999,,,,
2026-02-04,24999.25,54415.0,2.826125588553065,0,,,,,0,0,0.0,-2540666.99,0.0,47459333.00999999,,,,
2026-02-05,24651.0,53780.0,2.2510878697387273,0,,,,,0,0,0.0,-2540666.99,0.0,47459333.00999999,,,,
2026-02-06,25163.25,56415.0,2.914259609012949,0,,,,,0,0,0.0,-2540666.99,0.0,47459333.00999999,,,,
2026-02-07,25163.25,56415.0,2.3194608561328747,0,,,,,0,0,0.0,-2540666.99,0.0,47459333.00999999,,,,
2026-02-08,25163.25,56415.0,1.9523708373417956,0,,,,,0,0,0.0,-2540666.99,0.0,47459333.00999999,,,,
2026-02-09,25354.0,57070.0,1.8345146704921163,0,,,,,0,0,0.0,-2540666.99,0.0,47459333.00999999,,,,
2026-02-10,25218.25,57840.0,1.9881472719441773,0,,,,,0,0,0.0,-2540666.99,0.0,47459333.00999999,,,,
2026-02-11,25288.5,57820.0,1.6705715501285074,0,,,,,0,0,0.0,-2540666.99,0.0,47459333.00999999,,,,
2026-02-12,24768.0,56666.0,1.379586670418043,0,,,,,0,0,0.0,-2540666.99,0.0,47459333.00999999,,,,
2026-02-13,24803.25,57600.0,1.5481149625916766,0,,,,,0,0,0.0,-2540666.99,0.0,47459333.00999999,,,,
2026-02-14,24803.25,57600.0,1.3837576452162699,0,,,,,0,0,0.0,-2540666.99,0.0,47459333.00999999,,,,
2026-02-15,24803.25,57600.0,1.256244515912955,0,,,,,0,0,0.0,-2540666.99,0.0,47459333.00999999,,,,
2026-02-16,24803.25,57600.0,1.1519267001876823,0,,,,,0,0,0.0,-2540666.99,0.0,47459333.00999999,,,,
2026-02-17,24767.75,57085.0,0.8760612206417494,0,,,,,0,0,0.0,-2540666.99,0.0,47459333.00999999,,,,
2026-02-18,24956.0,57555.0,0.863679698245763,0,,,,,0,0,0.0,-2540666.99,0.0,47459333.00999999,,,,
2026-02-19,24858.75,57030.0,0.6220142512408288,0,,,,,0,0,0.0,-2540666.99,0.0,47459333.00999999,,,,
2026-02-20,25067.5,57145.0,0.4286720121376563,0,,,,,0,0,0.0,-2540666.99,0.0,47459333.00999999,,,,
2026-02-21,25067.5,57145.0,0.34655707243712425,0,,,,,0,0,0.0,-2540666.99,0.0,47459333.00999999,,,,
2026-02-22,25067.5,57145.0,0.2520796724578994,0,,,,,0,0,0.0,-2540666.99,0.0,47459333.00999999,,,,
2026-02-23,24762.75,56780.0,0.2749469084139555,0,,,,,0,0,0.0,-2540666.99,0.0,47459333.00999999,,,,
2026-02-24,25028.75,57955.0,0.9509318546863602,0,,,,,0,0,0.0,-2540666.99,0.0,47459333.00999999,,,,
2026-02-25,25382.0,59680.0,2.3664989176538462,0,,,,,0,0,0.0,-2540666.99,0.0,47459333.00999999,,,,
2026-02-26,25081.0,58715.0,1.5780252915547783,0,,,,,0,0,0.0,-2540666.99,0.0,47459333.00999999,,,,
2026-02-27,25004.75,58685.0,1.5717680551712598,0,,,,,0,0,0.0,-2540666.99,0.0,47459333.00999999,,,,
2026-02-28,25004.75,58685.0,1.4767703511695276,0,,,,,0,0,0.0,-2540666.99,0.0,47459333.00999999,,,,
2026-03-01,25004.75,58685.0,1.3705084663642582,0,,,,,0,0,0.0,-2540666.99,0.0,47459333.00999999,,,,
2026-03-02,25025.25,57690.0,-0.23441992976941817,0,,,,,0,0,0.0,-2540666.99,0.0,47459333.00999999,,,,
2026-03-03,24755.75,55335.0,-2.507258381430184,0,,,,,0,0,0.0,-2540666.99,0.0,47459333.00999999,,,,
2026-03-04,25128.25,56370.0,-1.7893712284965742,0,,,,,0,0,0.0,-2540666.99,0.0,47459333.00999999,,,,
2026-03-05,25049.5,54610.0,-2.7071309744676535,0,,,,,0,0,0.0,-2540666.99,0.0,47459333.00999999,,,,
2026-03-06,24670.25,54015.0,-2.1695500824972704,0,,,,,0,0,0.0,-2540666.99,0.0,47459333.00999999,,,,
2026-03-07,24670.25,54015.0,-1.8464138873227622,0,,,,,0,0,0.0,-2540666.99,0.0,47459333.00999999,,,,
2026-03-08,24670.25,54015.0,-1.6111625207037723,0,,,,,0,0,0.0,-2540666.99,0.0,47459333.00999999,,,,
2026-03-09,24991.0,54665.0,-1.3728393202531326,0,,,,,0,0,0.0,-2540666.99,0.0,47459333.00999999,,,,
2026-03-10,24982.5,54880.0,-1.11024901676689,0,,,,,0,0,0.0,-2540666.99,0.0,47459333.00999999,,,,
2026-03-11,24983.5,54775.0,-1.0680567807934922,0,,,,,0,0,0.0,-2540666.99,0.0,47459333.00999999,,,,
2026-03-12,24560.0,53790.0,-1.1154926931350924,0,,,,,0,0,0.0,-2540666.99,0.0,47459333.00999999,,,,
2026-03-13,24394.25,53305.0,-1.1180221786520328,0,,,,,0,0,0.0,-2540666.99,0.0,47459333.00999999,,,,
2026-03-14,24394.25,53305.0,-1.0167814315047685,0,,,,,0,0,0.0,-2540666.99,0.0,47459333.00999999,,,,
2026-03-15,24394.25,53305.0,-0.9241959273784898,0,,,,,0,0,0.0,-2540666.99,0.0,47459333.00999999,,,,
2026-03-16,24675.75,54565.0,-0.44136565910220255,0,,,,,0,0,0.0,-2540666.99,0.0,47459333.00999999,,,,
2026-03-17,24795.5,54315.0,-0.6136653572680519,0,,,,,0,0,0.0,-2540666.99,0.0,47459333.00999999,,,,
2026-03-18,24434.5,53635.0,-0.5804593107805346,0,,,,,0,0,0.0,-2540666.99,0.0,47459333.00999999,,,,
2026-03-19,24364.0,53135.0,-0.7602874989625923,0,,,,,0,0,0.0,-2540666.99,0.0,47459333.00999999,,,,
2026-03-20,24291.779296875,51280.0,-1.9169607677755398,0,,,,,0,0,0.0,-2540666.99,0.0,47459333.00999999,,,,
2026-03-21,24291.779296875,51280.0,-1.996496049614604,0,,,,,0,0,0.0,-2540666.99,0.0,47459333.00999999,,,,
2026-03-22,24291.779296875,51280.0,-2.0201775247558262,0,,,,,0,0,0.0,-2540666.99,0.0,47459333.00999999,,,,
2026-03-23,24408.25,53285.0,-0.04997639175560547,0,,,,,0,0,0.0,-2540666.99,0.0,47459333.00999999,,,,
2026-03-24,24213.75,52645.0,-0.3120216758835832,0,,,,,0,0,0.0,-2540666.99,0.0,47459333.00999999,,,,
2026-03-25,24367.75,53900.0,0.8981267383795503,0,,,,,0,0,0.0,-2540666.99,0.0,47459333.00999999,,,,
2026-03-26,23794.25,52495.0,0.36112850377900163,0,,,,,0,0,0.0,-2540666.99,0.0,47459333.00999999,,,,
2026-03-27,23328.5,51590.0,0.2253425946307277,0,,,,,0,0,0.0,-2540666.99,0.0,47459333.00999999,,,,
2026-03-28,23328.5,51590.0,0.23596371307833972,0,,,,,0,0,0.0,-2540666.99,0.0,47459333.00999999,,,,
2026-03-29,23328.5,51590.0,0.2543857293069815,0,,,,,0,0,0.0,-2540666.99,0.0,47459333.00999999,,,,
2026-03-30,23139.75,51100.0,0.08302809736227124,0,,,,,0,0,0.0,-2540666.99,0.0,47459333.00999999,,,,
2026-03-31,23915.0,52880.0,0.6956313458172593,0,,,,,0,0,0.0,-2540666.99,0.0,47459333.00999999,,,,
2026-04-01,24194.75,54100.0,1.5051167698570642,0,,,,,0,0,0.0,-2540666.99,0.0,47459333.00999999,,,,
2026-04-02,24218.0,53295.0,0.4605211936196486,0,,,,,0,0,0.0,-2540666.99,0.0,47459333.00999999,,,,
2026-04-03,24218.0,53295.0,0.4409155861612963,0,,,,,0,0,0.0,-2540666.99,0.0,47459333.00999999,,,,
2026-04-04,24218.0,53295.0,0.4216487613813667,0,,,,,0,0,0.0,-2540666.99,0.0,47459333.00999999,,,,
2026-04-05,24218.0,53295.0,0.4620339510540342,0,,,,,0,0,0.0,-2540666.99,0.0,47459333.00999999,,,,
2026-04-06,24358.5,53895.0,0.8737879255254926,0,,,,,0,0,0.0,-2540666.99,0.0,47459333.00999999,,,,
2026-04-07,24371.0,53795.0,0.704890911590397,0,,,,,0,0,0.0,-2540666.99,0.0,47459333.00999999,,,,
2026-04-08,25074.25,56875.0,2.346322347531091,0,,,,,0,0,0.0,-2540666.99,0.0,47459333.00999999,,,,
2026-04-09,25251.5,56507.0,1.5633705774980806,0,,,,,0,0,0.0,-2540666.99,0.0,47459333.00999999,,,,
2026-04-10,25281.25,57345.0,2.159174224744807,0,,,,,0,0,0.0,-2540666.99,0.0,47459333.00999999,,,,
2026-04-11,25281.25,57345.0,2.0532988289211382,0,,,,,0,0,0.0,-2540666.99,0.0,47459333.00999999,,,,
2026-04-12,25281.25,57345.0,1.7690354263695367,0,,,,,0,0,0.0,-2540666.99,0.0,47459333.00999999,,,,
2026-04-13,25543.5,57560.0,1.3788920438071757,0,,,,,0,0,0.0,-2540666.99,0.0,47459333.00999999,,,,
2026-04-14,25996.75,58790.0,1.613901842231079,0,,,,,0,0,0.0,-2540666.99,0.0,47459333.00999999,,,,
2026-04-15,26365.5,58440.0,0.6310673489264479,0,,,,,0,0,0.0,-2540666.99,0.0,47459333.00999999,,,,
2026-04-16,26487.25,59120.0,0.9760488654018328,0,,,,,0,0,0.0,-2540666.99,0.0,47459333.00999999,,,,
2026-04-17,26825.5,59575.0,0.781233132148366,0,,,,,0,0,0.0,-2540666.99,0.0,47459333.00999999,,,,
2026-04-18,26825.5,59575.0,0.7013644460839016,0,,,,,0,0,0.0,-2540666.99,0.0,47459333.00999999,,,,
2026-04-19,26825.5,59575.0,0.6252647848024135,0,,,,,0,0,0.0,-2540666.99,0.0,47459333.00999999,,,,
2026-04-20,26748.75,59200.0,0.30026206440114017,0,,,,,0,0,0.0,-2540666.99,0.0,47459333.00999999,,,,
2026-04-21,26634.75,58455.0,-0.31773035978896974,0,,,,,0,0,0.0,-2540666.99,0.0,47459333.00999999,,,,
2026-04-22,27083.0,59840.0,0.2967591527320702,0,,,,,0,0,0.0,-2540666.99,0.0,47459333.00999999,,,,
2026-04-23,26934.0,58910.0,-0.6027786222277842,0,,,,,0,0,0.0,-2540666.99,0.0,47459333.00999999,,,,
2026-04-24,27435.0,60070.0,-0.3242068228543277,0,,,,,0,0,0.0,-2540666.99,0.0,47459333.00999999,,,,
2026-04-25,27435.0,60070.0,-0.48737375401676486,0,,,,,0,0,0.0,-2540666.99,0.0,47459333.00999999,,,,
2026-04-26,27435.0,60070.0,-0.6445662740058297,0,,,,,0,0,0.0,-2540666.99,0.0,47459333.00999999,,,,
2026-04-27,27440.5,60110.0,-0.8760591288402247,0,,,,,0,0,0.0,-2540666.99,0.0,47459333.00999999,,,,
2026-04-28,27168.75,59080.0,-1.8942868906722445,0,,,,,0,0,0.0,-2540666.99,0.0,47459333.00999999,,,,
2026-04-29,27325.25,59440.0,-1.5259127520251685,0,,,,,0,0,0.0,-2540666.99,0.0,47459333.00999999,,,,
2026-04-30,27596.0,59840.0,-1.4696010609207177,0,,,,,0,0,0.0,-2540666.99,0.0,47459333.00999999,,,,
2026-05-01,27835.75,59455.0,-2.438429706415127,0,,,,,0,0,0.0,-2540666.99,0.0,47459333.00999999,,,,
2026-05-02,27835.75,59455.0,-2.0716154451278688,0,,,,,0,0,0.0,-2540666.99,0.0,47459333.00999999,,,,
2026-05-03,27835.75,59455.0,-1.7930033148688571,0,,,,,0,0,0.0,-2540666.99,0.0,47459333.00999999,,,,
2026-05-04,27776.0,59070.0,-1.9743179924945335,0,,,,,0,0,0.0,-2540666.99,0.0,47459333.00999999,,,,
2026-05-05,28136.0,60535.0,-0.6600357882372504,0,,,,,0,0,0.0,-2540666.99,0.0,47459333.00999999,,,,
2026-05-06,28716.75,62025.0,0.14833006367515023,0,,,,,0,0,0.0,-2540666.99,0.0,47459333.00999999,,,,
2026-05-07,28682.25,61967.0,0.21555229903435974,0,,,,,0,0,0.0,-2540666.99,0.0,47459333.00999999,,,,
2026-05-08,29332.5,63665.0,1.205867494551515,0,,,,,0,0,0.0,-2540666.99,0.0,47459333.00999999,,,,
2026-05-09,29332.5,63665.0,1.2384991487546357,0,,,,,0,0,0.0,-2540666.99,0.0,47459333.00999999,,,,
2026-05-10,29332.5,63665.0,1.2181897774423696,0,,,,,0,0,0.0,-2540666.99,0.0,47459333.00999999,,,,
2026-05-11,29424.0,62935.0,-0.21178149578171032,0,,,,,0,0,0.0,-2540666.99,0.0,47459333.00999999,,,,
2026-05-12,29170.0,62500.0,-0.15665778937487698,0,,,,,0,0,0.0,-2540666.99,0.0,47459333.00999999,,,,
2026-05-13,29479.25,63420.0,0.500127355955186,0,,,,,0,0,0.0,-2540666.99,0.0,47459333.00999999,,,,
2026-05-14,29687.75,63045.0,-0.6622403479908414,0,,,,,0,0,0.0,-2540666.99,0.0,47459333.00999999,,,,
2026-05-15,29231.75,61825.0,-1.2750435215450924,0,,,,,0,0,0.0,-2540666.99,0.0,47459333.00999999,,,,
2026-05-16,29231.75,61825.0,-1.1483716321550939,0,,,,,0,0,0.0,-2540666.99,0.0,47459333.00999999,,,,
2026-05-17,29231.75,61825.0,-1.0382422369152893,0,,,,,0,0,0.0,-2540666.99,0.0,47459333.00999999,,,,
2026-05-18,29096.0,61545.0,-1.025440862113764,0,,,,,0,0,0.0,-2540666.99,0.0,47459333.00999999,,,,
2026-05-19,28924.25,60670.0,-1.6801127624175762,0,,,,,0,0,0.0,-2540666.99,0.0,47459333.00999999,,,,
2026-05-20,29390.5,61525.0,-1.407579828723271,0,,,,,0,0,0.0,-2540666.99,0.0,47459333.00999999,,,,
2026-05-21,29447.25,62190.0,-0.6341572934308565,0,,,,,0,0,0.0,-2540666.99,0.0,47459333.00999999,,,,
2026-05-22,29558.75,63335.0,0.6036223015408833,0,,,,,0,0,0.0,-2540666.99,0.0,47459333.00999999,,,,
2026-05-23,29558.75,63335.0,0.5409509737897216,0,,,,,0,0,0.0,-2540666.99,0.0,47459333.00999999,,,,
2026-05-24,29558.75,63335.0,0.4706417911969192,0,,,,,0,0,0.0,-2540666.99,0.0,47459333.00999999,,,,
2026-05-25,29558.75,63335.0,0.44024079352162715,0,,,,,0,0,0.0,-2540666.99,0.0,47459333.00999999,,,,
2026-05-26,30073.5,65620.0,2.0706346613746827,0,,,,,0,0,0.0,-2540666.99,0.0,47459333.00999999,,,,
2026-05-27,30047.25,65195.0,1.4540720677859131,0,,,,,0,0,0.0,-2540666.99,0.0,47459333.00999999,,,,
2026-05-28,30307.0,65745.0,1.5069843812943657,0,,,,,0,0,0.0,-2540666.99,0.0,47459333.00999999,,,,
2026-05-29,30405.25,66225.0,1.716076553678192,0,,,,,0,0,0.0,-2540666.99,0.0,47459333.00999999,,,,
2026-05-30,30405.25,66225.0,1.5913486435532311,0,,,,,0,0,0.0,-2540666.99,0.0,47459333.00999999,,,,
2026-05-31,30405.25,66225.0,1.4215567926002737,0,,,,,0,0,0.0,-2540666.99,0.0,47459333.00999999,,,,
2026-06-01,30566.25,67300.0,1.8651898019929347,0,,,,,0,0,0.0,-2540666.99,0.0,47459333.00999999,,,,
2026-06-02,30712.75,67540.0,1.6350106584629447,0,,,,,0,0,0.0,-2540666.99,0.0,47459333.00999999,,,,
2026-06-03,30633.25,68240.0,1.936285475794829,0,,,,,0,0,0.0,-2540666.99,0.0,47459333.00999999,,,,
2026-06-04,30488.25,67775.0,1.5667229100489566,0,,,,,0,0,0.0,-2540666.99,0.0,47459333.00999999,,,,
2026-06-05,29026.5,64025.0,0.6191222565608104,0,,,,,0,0,0.0,-2540666.99,0.0,47459333.00999999,,,,
2026-06-06,29026.5,64025.0,0.5466090951948621,0,,,,,0,0,0.0,-2540666.99,0.0,47459333.00999999,,,,
2026-06-07,29026.5,64025.0,0.47394931540749435,0,,,,,0,0,0.0,-2540666.99,0.0,47459333.00999999,,,,
2026-06-08,29454.75,65570.0,1.0214822046005645,0,,,,,0,0,0.0,-2540666.99,0.0,47459333.00999999,,,,
2026-06-09,29117.0,64525.0,0.5707515156768415,0,,,,,0,0,0.0,-2540666.99,0.0,47459333.00999999,,,,
2026-06-10,28554.0,63340.0,0.2609412234026816,0,,,,,0,0,0.0,-2540666.99,0.0,47459333.00999999,,,,
2026-06-11,29464.75,66275.0,1.6123081237285997,0,,,,,0,0,0.0,-2540666.99,0.0,47459333.00999999,,,,
2026-06-12,29662.0,67055.0,1.8786184886813457,0,,,,,0,0,0.0,-2540666.99,0.0,47459333.00999999,,,,
2026-06-13,29662.0,67055.0,1.730320893553537,0,,,,,0,0,0.0,-2540666.99,0.0,47459333.00999999,,,,
2026-06-14,29662.0,67055.0,1.6464497637715731,0,,,,,0,0,0.0,-2540666.99,0.0,47459333.00999999,,,,
2026-06-15,30559.25,69565.0,2.2737500238911723,0,,,,,0,0,0.0,-2540666.99,0.0,47459333.00999999,,,,
2026-06-16,29995.0,69095.0,2.2733117754615213,0,,,,,0,0,0.0,-2540666.99,0.0,47459333.00999999,,,,
2026-06-17,29687.5,69705.0,2.5582433807984666,0,,,,,0,0,0.0,-2540666.99,0.0,47459333.00999999,,,,
2026-06-18,30263.349609375,71855.0,2.612300250827816,0,,,,,0,0,0.0,-2540666.99,0.0,47459333.00999999,,,,
2026-06-19,30263.349609375,71855.0,2.1541566503511276,0,,,,,0,0,0.0,-2540666.99,0.0,47459333.00999999,,,,
2026-06-20,30263.349609375,71855.0,1.8502540577980167,0,,,,,0,0,0.0,-2540666.99,0.0,47459333.00999999,,,,
2026-06-21,30263.349609375,71855.0,1.6152580713995792,0,,,,,0,0,0.0,-2540666.99,0.0,47459333.00999999,,,,
2026-06-22,30653.5,72780.0,1.5313595942975005,0,,,,,0,0,0.0,-2540666.99,0.0,47459333.00999999,,,,
2026-06-23,29666.0,68960.0,0.5200378042886795,0,,,,,0,0,0.0,-2540666.99,0.0,47459333.00999999,,,,
2026-06-24,29514.25,69330.0,0.7247187551383262,0,,,,,0,0,0.0,-2540666.99,0.0,47459333.00999999,,,,
2026-06-25,29724.75,71140.0,1.2396767110124143,0,,,,,0,0,0.0,-2540666.99,0.0,47459333.00999999,,,,
2026-06-26,29368.25,69605.0,0.7449110957188689,0,,,,,0,0,0.0,-2540666.99,0.0,47459333.00999999,,,,
2026-06-27,29368.25,69605.0,0.6686460503429541,0,,,,,0,0,0.0,-2540666.99,0.0,47459333.00999999,,,,
2026-06-28,29368.25,69605.0,0.5928089384099475,0,,,,,0,0,0.0,-2540666.99,0.0,47459333.00999999,,,,
2026-06-29,30052.75,70685.0,0.47797789134583146,0,,,,,0,0,0.0,-2540666.99,0.0,47459333.00999999,,,,
2026-06-30,30523.5,70975.0,0.08303123197797074,0,,,,,0,0,0.0,-2540666.99,0.0,47459333.00999999,,,,
2026-07-01,30094.25,69645.0,-0.4379101223347726,0,,,,,0,0,0.0,-2540666.99,0.0,47459333.00999999,,,,
2026-07-02,29556.0,68170.0,-0.9697372174567126,0,,,,,0,0,0.0,-2540666.99,0.0,47459333.00999999,,,,
2026-07-03,29556.0,68170.0,-1.1155794768106613,0,,,,,0,0,0.0,-2540666.99,0.0,47459333.00999999,,,,
2026-07-04,29556.0,68170.0,-1.310285251428028,0,,,,,0,0,0.0,-2540666.99,0.0,47459333.00999999,,,,
2026-07-05,29556.0,68170.0,-1.355428557256869,0,,,,,0,0,0.0,-2540666.99,0.0,47459333.00999999,,,,
2026-07-06,29941.0,70085.0,-0.1640949676647218,0,,,,,0,0,0.0,-2540666.99,0.0,47459333.00999999,,,,
2026-07-07,29391.5,67530.0,-1.6195771761566888,0,,,,,0,0,0.0,-2540666.99,0.0,47459333.00999999,,,,
2026-07-08,29468.5,67470.0,-1.5891081061195789,0,,,,,0,0,0.0,-2540666.99,0.0,47459333.00999999,,,,
2026-07-09,29937.0,68738.0,-1.04679345288995,0,,,,,0,0,0.0,-2540666.99,0.0,47459333.00999999,,,,
2026-07-10,30032.25,69030.0,-0.8391558988898211,0,,,,,0,0,0.0,-2540666.99,0.0,47459333.00999999,,,,
2026-07-11,30032.25,69030.0,-0.7590192802362526,0,,,,,0,0,0.0,-2540666.99,0.0,47459333.00999999,,,,
2026-07-12,30032.25,69030.0,-0.6918708059084633,0,,,,,0,0,0.0,-2540666.99,0.0,47459333.00999999,,,,
2026-07-13,29475.75,67350.0,-1.3624208001828164,0,,,,,0,0,0.0,-2540666.99,0.0,47459333.00999999,,,,
2026-07-14,29790.25,68145.0,-0.9841252416567978,0,,,,,0,0,0.0,-2540666.99,0.0,47459333.00999999,,,,
2026-07-15,29693.25,67790.0,-1.1415083271163755,0,,,,,0,0,0.0,-2540666.99,0.0,47459333.00999999,,,,
2026-07-16,29225.75,65890.0,-2.096133327146723,0,,,,,0,0,0.0,-2540666.99,0.0,47459333.00999999,,,,
2026-07-17,28773.25,64975.0,-1.9888927815353201,0,,,,,0,0,0.0,-2540666.99,0.0,47459333.00999999,,,,
2026-07-18,28773.25,64975.0,-1.8039622474127963,0,,,,,0,0,0.0,-2540666.99,0.0,47459333.00999999,,,,
2026-07-19,28773.25,64975.0,-1.6720785245046668,0,,,,,0,0,0.0,-2540666.99,0.0,47459333.00999999,,,,
2026-07-20,28778.75,64470.0,-1.964445944666133,0,,,,,0,0,0.0,-2540666.99,0.0,47459333.00999999,,,,
2026-07-21,29316.0,67185.0,-0.0004133049071313824,0,,,,,0,0,0.0,-2540666.99,0.0,47459333.00999999,,,,
2026-07-22,29181.25,66420.0,-0.5289193823029176,0,,,,,0,0,0.0,-2540666.99,0.0,47459333.00999999,,,,
2026-07-23,28620.75,65410.0,-0.5362749159773945,0,,,,,0,0,0.0,-2540666.99,0.0,47459333.00999999,,,,
2026-07-24,28282.25,64385.0,-0.9382701990702511,0,,,,,0,0,0.0,-2540666.99,0.0,47459333.00999999,,,,
2026-07-25,28282.25,64385.0,-0.8489113278087549,0,,,,,0,0,0.0,-2540666.99,0.0,47459333.00999999,,,,
2026-07-26,28282.25,64385.0,-0.8093117235385531,0,,,,,0,0,0.0,-2540666.99,0.0,47459333.00999999,,,,
2026-07-27,28190.0,63905.0,-1.1050802372339878,0,,,,,0,0,0.0,-2540666.99,0.0,47459333.00999999,,,,
2026-07-28,27922.0,62465.0,-1.973434026292752,0,,,,,0,0,0.0,-2540666.99,0.0,47459333.00999999,,,,
2026-07-29,27342.0,61160.0,-1.9987147958789764,0,,,,,0,0,0.0,-2540666.99,0.0,47459333.00999999,,,,
2026-07-30,28237.75,63605.0,-0.9344648993609806,0,,,,,0,0,0.0,-2540666.99,0.0,47459333.00999999,,,,
2026-07-31,28404.25,63190.0,-1.5460455701146862,0,,,,,0,0,0.0,-2540666.99,0.0,47459333.00999999,,,,
2026-08-01,28404.25,63190.0,-1.4406464626810744,0,,,,,0,0,0.0,-2540666.99,0.0,47459333.00999999,,,,
2026-08-02,28404.25,63190.0,-1.3023063898570808,0,,,,,0,0,0.0,-2540666.99,0.0,47459333.00999999,,,,
2026-08-03,28891.75,63420.0,-1.7883385078942156,0,,,,,0,0,0.0,-2540666.99,0.0,47459333.00999999,,,,
2026-08-04,29863.5,65405.0,-1.2869395457358286,0,,,,,0,0,0.0,-2540666.99,0.0,47459333.00999999,,,,
2026-08-05,29615.0,65710.0,-0.37807656513350135,0,,,,,0,0,0.0,-2540666.99,0.0,47459333.00999999,,,,
2026-08-06,29488.25,65555.0,-0.270874890446758,0,,,,,0,0,0.0,-2540666.99,0.0,47459333.00999999,,,,
2026-08-07,29834.75,66220.0,-0.143576508325481,0,,,,,0,0,0.0,-2540666.99,0.0,47459333.00999999,,,,
2026-08-08,29834.75,66220.0,-0.11131584617965347,0,,,,,0,0,0.0,-2540666.99,0.0,47459333.00999999,,,,
2026-08-09,29834.75,66220.0,-0.1092154149372764,0,,,,,0,0,0.0,-2540666.99,0.0,47459333.00999999,,,,
2026-08-10,29737.0,66600.0,0.7181881700190799,0,,,,,0,0,0.0,-2540666.99,0.0,47459333.00999999,,,,
2026-08-11,29626.0,67150.0,1.7431502789379483,0,,,,,0,0,0.0,-2540666.99,0.0,47459333.00999999,,,,
2026-08-12,29853.25,68330.0,2.470625628006968,0,,,,,0,0,0.0,-2540666.99,0.0,47459333.00999999,,,,
2026-08-13,30188.5,69061.0,2.2432247750715573,0,,,,,0,0,0.0,-2540666.99,0.0,47459333.00999999,,,,
2026-08-14,30141.75,68715.0,1.7503623158389294,0,,,,,0,0,0.0,-2540666.99,0.0,47459333.00999999,,,,
2026-08-15,30141.75,68715.0,1.5846663317368879,0,,,,,0,0,0.0,-2540666.99,0.0,47459333.00999999,,,,
2026-08-16,30141.75,68715.0,1.4282191735609102,0,,,,,0,0,0.0,-2540666.99,0.0,47459333.00999999,,,,
2026-08-17,30096.0,69085.0,1.590705057204629,0,,,,,0,0,0.0,-2540666.99,0.0,47459333.00999999,,,,
2026-08-18,29586.0,66285.0,-0.05240201224370077,0,,,,,0,0,0.0,-2540666.99,0.0,47459333.00999999,,,,
2026-08-19,29512.75,65960.0,-0.2319562338865328,0,,,,,0,0,0.0,-2540666.99,0.0,47459333.00999999,,,,
2026-08-20,29300.5,65585.0,-0.2906513478649617,0,,,,,0,0,0.0,-2540666.99,0.0,47459333.00999999,,,,
2026-08-21,29387.75,65915.0,-0.1834966284249676,0,,,,,0,0,0.0,-2540666.99,0.0,47459333.00999999,,,,
2026-08-22,29387.75,65915.0,-0.23969192356999494,0,,,,,0,0,0.0,-2540666.99,0.0,47459333.00999999,,,,
2026-08-23,29387.75,65915.0,-0.34793611412622205,0,,,,,0,0,0.0,-2540666.99,0.0,47459333.00999999,,,,
2026-08-24,29105.75,65365.0,-0.5263638965875652,0,,,,,0,0,0.0,-2540666.99,0.0,47459333.00999999,,,,
2026-08-25,29276.75,66060.0,-0.1324431801631014,0,,,,,0,0,0.0,-2540666.99,0.0,47459333.00999999,,,,
2026-08-26,29289.5,65970.0,-0.3133665109714327,0,,,,,0,0,0.0,-2540666.99,0.0,47459333.00999999,,,,
2026-08-27,29695.75,66230.0,-0.845128684665134,0,,,,,0,0,0.0,-2540666.99,0.0,47459333.00999999,,,,
2026-08-28,29491.75,65780.0,-0.9893326686598071,0,,,,,0,0,0.0,-2540666.99,0.0,47459333.00999999,,,,
2026-08-29,29491.75,65780.0,-1.0075182377543206,0,,,,,0,0,0.0,-2540666.99,0.0,47459333.00999999,,,,
2026-08-30,29491.75,65780.0,-0.9640411802891135,0,,,,,0,0,0.0,-2540666.99,0.0,47459333.00999999,,,,
2026-08-31,29513.0,65890.0,-0.8000201763276424,0,,,,,0,0,0.0,-2540666.99,0.0,47459333.00999999,,,,
2026-09-01,29125.5,64870.0,-1.1253706726947372,0,,,,,0,0,0.0,-2540666.99,0.0,47459333.00999999,,,,
2026-09-02,29186.25,64735.0,-1.3128337414332671,0,,,,,0,0,0.0,-2540666.99,0.0,47459333.00999999,,,,
2026-09-03,29524.75,64560.0,-1.987273142010004,0,,,,,0,0,0.0,-2540666.99,0.0,47459333.00999999,,,,
2026-09-04,29565.25,65830.0,-0.44220734176304843,0,,,,,0,0,0.0,-2540666.99,0.0,47459333.00999999,,,,
2026-09-05,29565.25,65830.0,-0.3611274230664882,0,,,,,0,0,0.0,-2540666.99,0.0,47459333.00999999,,,,
2026-09-06,29565.25,65830.0,-0.2815744674547677,0,,,,,0,0,0.0,-2540666.99,0.0,47459333.00999999,,,,
2026-09-07,29565.25,65830.0,-0.2335880828931606,0,,,,,0,0,0.0,-2540666.99,0.0,47459333.00999999,,,,
2026-09-08,29538.75,65145.0,-1.5913141516895066,0,,,,,0,0,0.0,-2540666.99,0.0,47459333.00999999,,,,
2026-09-09,29448.75,64175.0,-2.6027865641319194,0,,,,,0,0,0.0,-2540666.99,0.0,47459333.00999999,,,,
2026-09-10,29135.25,64015.0,-1.675485692103676,0,,,,,0,0,0.0,-2540666.99,0.0,47459333.00999999,,,,
2026-09-11,29387.0,64710.0,-1.0970856289073974,0,,,,,0,0,0.0,-2540666.99,0.0,47459333.00999999,,,,
2026-09-12,29387.0,64710.0,-0.9922375430944518,0,,,,,0,0,0.0,-2540666.99,0.0,47459333.00999999,,,,
2026-09-13,29069.0,63400.0,-1.9358587422513756,0,,,,,0,0,0.0,-2540666.99,0.0,47459333.00999999,,,,
2026-09-14,29069.0,63400.0,-1.731630458717784,0,,,,,0,0,0.0,-2540666.99,0.0,47459333.00999999,,,,
