日期,NIY=F價,0050.TW價,Z-Score,持倉,Upper_Bound,Lower_Bound,Exit_Upper,Exit_Lower,NIY=F口數,0050.TW口數,未實現損益,累計已實現損益,凍結保證金,帳戶淨值,動作,Beta,OU_HalfLife,OU_R2
2020-01-03,23275.0,19.819536209106445,4.248529157249597,-1,,,,,7,56,0.0,-8451.395761108399,44289421.38748169,49991548.60423889,[網格1] 開倉: 做多NIY=F(日經225) 7口 / 做空0050.TW(台灣50) 56口 ,,,
2020-01-04,23275.0,19.819536209106445,2.924038303442695,-1,,,,,7,56,0.0,-8451.395761108399,44289421.38748169,49991548.60423889,,,,
2020-01-05,23275.0,19.819536209106445,2.3202011407059806,-1,,,,,7,56,0.0,-8451.395761108399,44289421.38748169,49991548.60423889,,,,
2020-01-06,23360.0,19.565832138061523,0.6831164894992635,-1,,,,,7,56,1218414.8559570312,-8451.395761108399,44446235.38192749,51209963.46019592,,,,
2020-01-07,23390.0,19.504941940307617,0.20854405747895816,-1,,,,,7,56,1645234.5581054688,-8451.395761108399,44502014.72213745,51636783.16234436,,,,
2020-01-08,23560.0,19.41360664367676,-1.2289992841499846,-1,,,,,0,0,0.0,4018482.4290881343,0.0,54018482.42908813,"[網格1] 停利平倉: 做空配對, 損益=+4,026,934 ",,,
2020-01-09,23780.0,19.677461624145508,-1.5382315650202423,0,,,,,0,0,0.0,4018482.4290881343,0.0,54018482.42908813,,,,
2020-01-10,23670.0,19.748498916625977,-0.5892930722557763,0,,,,,0,0,0.0,4018482.4290881343,0.0,54018482.42908813,,,,
2020-01-11,23670.0,19.748498916625977,-0.5735247698242578,0,,,,,0,0,0.0,4018482.4290881343,0.0,54018482.42908813,,,,
2020-01-12,23670.0,19.748498916625977,-0.5580490137940814,0,,,,,0,0,0.0,4018482.4290881343,0.0,54018482.42908813,,,,
2020-01-13,23935.0,19.89057159423828,-1.517622442012107,0,,,,,0,0,0.0,4018482.4290881343,0.0,54018482.42908813,,,,
2020-01-14,23980.0,20.012353897094727,-1.2670008993829043,0,,,,,0,0,0.0,4018482.4290881343,0.0,54018482.42908813,,,,
2020-01-15,23930.0,19.80938720703125,-1.453206388965557,0,,,,,0,0,0.0,4018482.4290881343,0.0,54018482.42908813,,,,
2020-01-16,24030.0,19.748498916625977,-1.840030410039449,0,,,,,0,0,0.0,4018482.4290881343,0.0,54018482.42908813,,,,
2020-01-17,24020.0,19.748498916625977,-1.5809128420563114,0,,,,,0,0,0.0,4018482.4290881343,0.0,54018482.42908813,,,,
2020-01-18,24020.0,19.748498916625977,-1.4122242277296337,0,,,,,0,0,0.0,4018482.4290881343,0.0,54018482.42908813,,,,
2020-01-19,24020.0,19.748498916625977,-1.272841262037539,0,,,,,0,0,0.0,4018482.4290881343,0.0,54018482.42908813,,,,
2020-01-20,24020.0,19.82968139648437,-1.0015906341986394,0,,,,,0,0,0.0,4018482.4290881343,0.0,54018482.42908813,,,,
2020-01-21,23770.0,19.82968139648437,-0.040192281575617314,0,,,,,0,0,0.0,4018482.4290881343,0.0,54018482.42908813,,,,
2020-01-22,23845.0,19.82968139648437,-0.2920798515296195,0,,,,,0,0,0.0,4018482.4290881343,0.0,54018482.42908813,,,,
2020-01-23,23800.0,19.82968139648437,-0.026019866605302828,0,,,,,0,0,0.0,4018482.4290881343,0.0,54018482.42908813,,,,
2020-01-24,23645.0,19.82968139648437,0.799912347055516,0,,,,,0,0,0.0,4018482.4290881343,0.0,54018482.42908813,,,,
2020-01-25,23645.0,19.82968139648437,1.0719880178889105,0,,,,,0,0,0.0,4018482.4290881343,0.0,54018482.42908813,,,,
2020-01-26,23645.0,19.82968139648437,1.1874002882171057,0,,,,,0,0,0.0,4018482.4290881343,0.0,54018482.42908813,,,,
2020-01-27,23055.0,19.82968139648437,3.2549917138369717,-1,,,,,8,64,4035464.1113281245,4008894.0651037595,50141456.89453125,58044358.17643188,[網格1] 開倉: 做多NIY=F(日經225) 8口 / 做空0050.TW(台灣50) 64口 ,,,
2020-01-28,23345.0,19.82968139648437,1.7423073720134874,-1,,,,,8,64,4640000.0,4008894.0651037595,50767856.89453125,58648894.065103754,,,,
2020-01-29,23260.0,19.82968139648437,1.7813243671533137,-1,,,,,8,64,3280000.0,4008894.0651037595,50584256.89453125,57288894.065103754,,,,
2020-01-30,23220.0,18.70322799682617,-0.31463178538850206,-1,,,,,0,0,0.0,6783441.819996338,0.0,56783441.819996335,"[網格1] 停利平倉: 做空配對, 損益=+2,774,548 ",,,
2020-01-31,22720.0,18.84991836547852,1.5662249613787669,0,,,,,0,0,0.0,6783441.819996338,0.0,56783441.819996335,,,,
2020-02-01,22720.0,18.84991836547852,1.4083997692630528,0,,,,,0,0,0.0,6783441.819996338,0.0,56783441.819996335,,,,
2020-02-02,22720.0,18.84991836547852,1.2618506142954877,0,,,,,0,0,0.0,6783441.819996338,0.0,56783441.819996335,,,,
2020-02-03,22880.0,18.66131401062012,0.4097224895345888,0,,,,,0,0,0.0,6783441.819996338,0.0,56783441.819996335,,,,
2020-02-04,23390.0,18.98613166809082,-0.598656911089064,0,,,,,0,0,0.0,6783441.819996338,0.0,56783441.819996335,,,,
2020-02-05,23695.0,19.038524627685547,-1.4114223253014822,0,,,,,0,0,0.0,6783441.819996338,0.0,56783441.819996335,,,,
2020-02-06,23925.0,19.34238243103028,-1.5255700920907085,0,,,,,0,0,0.0,6783441.819996338,0.0,56783441.819996335,,,,
2020-02-07,23680.0,19.11186981201172,-1.1811215326608822,0,,,,,0,0,0.0,6783441.819996338,0.0,56783441.819996335,,,,
2020-02-08,23680.0,19.11186981201172,-1.1747241469163192,0,,,,,0,0,0.0,6783441.819996338,0.0,56783441.819996335,,,,
2020-02-09,23680.0,19.11186981201172,-1.1533748699830864,0,,,,,0,0,0.0,6783441.819996338,0.0,56783441.819996335,,,,
2020-02-10,23700.0,19.06995964050293,-1.1810962066201995,0,,,,,0,0,0.0,6783441.819996338,0.0,56783441.819996335,,,,
2020-02-11,23900.0,19.227128982543945,-1.3657078411567805,0,,,,,0,0,0.0,6783441.819996338,0.0,56783441.819996335,,,,
2020-02-12,23965.0,19.41573143005371,-1.1605040052665436,0,,,,,0,0,0.0,6783441.819996338,0.0,56783441.819996335,,,,
2020-02-13,23750.0,19.44716453552246,-0.5257087406637214,0,,,,,0,0,0.0,6783441.819996338,0.0,56783441.819996335,,,,
2020-02-14,23535.0,19.47859764099121,0.07284644606247662,0,,,,,0,0,0.0,6783441.819996338,0.0,56783441.819996335,,,,
2020-02-15,23535.0,19.47859764099121,0.0840944817307571,0,,,,,0,0,0.0,6783441.819996338,0.0,56783441.819996335,,,,
2020-02-16,23535.0,19.47859764099121,0.1874955363765284,0,,,,,0,0,0.0,6783441.819996338,0.0,56783441.819996335,,,,
2020-02-17,23535.0,19.34238243103028,0.03995818868352644,0,,,,,0,0,0.0,6783441.819996338,0.0,56783441.819996335,,,,
2020-02-18,23190.0,19.08043670654297,0.7173773843812958,0,,,,,0,0,0.0,6783441.819996338,0.0,56783441.819996335,,,,
2020-02-19,23585.0,19.30046844482422,-0.12819229732041543,0,,,,,0,0,0.0,6783441.819996338,0.0,56783441.819996335,,,,
2020-02-20,23525.0,19.216651916503903,0.0064880502915608245,0,,,,,0,0,0.0,6783441.819996338,0.0,56783441.819996335,,,,
2020-02-21,23190.0,19.122344970703125,1.1423417305014085,0,,,,,0,0,0.0,6783441.819996338,0.0,56783441.819996335,,,,
2020-02-22,23190.0,19.122344970703125,1.3668841408653774,0,,,,,0,0,0.0,6783441.819996338,0.0,56783441.819996335,,,,
2020-02-23,23190.0,19.122344970703125,1.4020951028657145,0,,,,,0,0,0.0,6783441.819996338,0.0,56783441.819996335,,,,
2020-02-24,22165.0,18.8813533782959,3.256595662263415,-1,,,,,9,72,2784186.03515625,6772978.041698609,54228003.50967407,59557164.076854855,[網格1] 開倉: 做多NIY=F(日經225) 9口 / 做空0050.TW(台灣50) 72口 ,,,
2020-02-25,22065.0,18.933746337890625,2.6863345385010264,-1,,,,,9,72,-1807544.5861816406,6772978.041698609,53986022.028808594,54965433.455516964,,,,
2020-02-26,22205.0,18.7451400756836,1.8342097637120263,-1,,,,,9,72,739614.7155761708,6772978.041698609,54322555.52307129,57512592.75727478,,,,
2020-02-27,21225.0,18.577491760253903,2.705531820739934,-1,,,,,9,72,-16876243.927001953,6772978.041698609,51937896.439819336,39896734.11469665,,,,
2020-02-28,21015.0,18.577491760253903,2.399054922657692,-1,,,,,9,72,-20656243.927001953,6772978.041698609,51427596.439819336,36116734.11469665,,,,
2020-02-29,21015.0,18.577491760253903,2.010210027612749,-1,,,,,9,72,-20656243.927001953,6772978.041698609,51427596.439819336,36116734.11469665,,,,
2020-03-01,21015.0,18.577491760253903,1.7424039094746548,-1,,,,,9,72,-20656243.927001953,6772978.041698609,51427596.439819336,36116734.11469665,,,,
2020-03-02,21425.0,18.305063247680664,0.9927108570331494,-1,,,,,9,72,-13237014.221191406,6772978.041698609,52418600.42953491,43535963.8205072,,,,
2020-03-03,20880.0,18.567014694213867,1.5935138278029444,-1,,,,,9,72,-23084735.229492188,6772978.041698609,51099342.76565552,33688242.81220642,,,,
2020-03-04,21390.0,18.692747116088867,0.9955869549560361,-1,,,,,9,72,-13922840.698242188,6772978.041698609,52341087.00393677,42850137.34345642,,,,
2020-03-05,20790.0,18.902305603027344,1.5876321749077336,-1,,,,,9,72,-24753017.120361328,6772978.041698609,50887160.82092285,32019960.921337277,,,,
2020-03-06,20430.0,18.514625549316406,1.5381611504080552,-1,,,,,9,72,-31177191.192626953,6772978.041698609,50004824.32067871,25595786.84907165,,,,
2020-03-07,20430.0,18.514625549316406,1.3774568534168372,-1,,,,,9,72,-31177191.192626953,6772978.041698609,50004824.32067871,25595786.84907165,,,,
2020-03-08,20430.0,18.514625549316406,1.2480861999969346,-1,,,,,9,72,-31177191.192626953,6772978.041698609,50004824.32067871,25595786.84907165,,,,
2020-03-09,18875.0,17.99072265625,2.1171728266834196,-1,,,,,9,72,-59091749.17602539,6772978.041698609,46215989.6484375,-2318771.134326786,,,,
2020-03-10,19975.0,18.08502578735352,1.0606712991211646,-1,,,,,9,72,-39305328.8269043,6772978.041698609,48890822.90130615,17467649.214794308,,,,
2020-03-11,19165.0,17.87546730041504,1.5722315801852917,-1,,,,,9,72,-53855152.404785156,6772978.041698609,46918449.08432007,2917825.6369134486,,,,
2020-03-12,17060.0,17.215349197387695,2.585581528901793,-1,,,,,9,72,-91650095.39794922,6772978.041698609,41790466.38839722,-34877117.356250614,,,,
2020-03-13,18080.0,16.9743595123291,1.4820633805495602,-1,,,,,9,72,-73255392.88330078,6772978.041698609,44264381.54891968,-16482414.841602176,,,,
2020-03-14,18080.0,16.9743595123291,1.377797473602297,-1,,,,,9,72,-73255392.88330078,6772978.041698609,44264381.54891968,-16482414.841602176,,,,
2020-03-15,18080.0,16.9743595123291,1.2480765724856404,-1,,,,,9,72,-73255392.88330078,6772978.041698609,44264381.54891968,-16482414.841602176,,,,
2020-03-16,16485.0,16.19898796081543,1.9547121580532727,-1,,,,,9,72,-101853739.37988281,6772978.041698609,40373458.32595825,-45080761.33818421,,,,
2020-03-17,17310.0,15.685562133789062,0.9495077246252329,-1,,,,,9,72,-86929806.06079102,6772978.041698609,42368227.32788086,-30156828.01909241,,,,
2020-03-18,16735.0,15.255967140197754,1.1191821719297779,-1,,,,,0,0,0.0,-90453464.87720063,0.0,-40453464.87720063,"[網格1] 結算平倉, 損益=-97,226,443 ",,,
2020-03-19,17170.0,14.365337371826172,0.25352435020372116,0,,,,,0,0,0.0,-90453464.87720063,0.0,-40453464.87720063,[網格1] 轉倉失敗 ,,,
2020-03-20,17210.0,15.507434844970703,0.7069770314615439,0,,,,,0,0,0.0,-90453464.87720063,0.0,-40453464.87720063,,,,
2020-03-21,17210.0,15.507434844970703,0.6307593537871892,0,,,,,0,0,0.0,-90453464.87720063,0.0,-40453464.87720063,,,,
2020-03-22,17210.0,15.507434844970703,0.5575188936607353,0,,,,,0,0,0.0,-90453464.87720063,0.0,-40453464.87720063,,,,
2020-03-23,17470.0,14.836849212646484,-0.16563124615007704,0,,,,,0,0,0.0,-90453464.87720063,0.0,-40453464.87720063,,,,
2020-03-24,19140.0,15.559826850891112,-1.6361040544591205,0,,,,,0,0,0.0,-90453464.87720063,0.0,-40453464.87720063,,,,
2020-03-25,19125.0,16.10468292236328,-1.28580729175268,0,,,,,0,0,0.0,-90453464.87720063,0.0,-40453464.87720063,,,,
2020-03-26,19275.0,16.178030014038086,-1.3837131503905333,0,,,,,0,0,0.0,-90453464.87720063,0.0,-40453464.87720063,,,,
2020-03-27,18990.0,16.05229377746582,-1.1492958222920902,0,,,,,0,0,0.0,-90453464.87720063,0.0,-40453464.87720063,,,,
2020-03-28,18990.0,16.05229377746582,-1.1569172836273802,0,,,,,0,0,0.0,-90453464.87720063,0.0,-40453464.87720063,,,,
2020-03-29,18990.0,16.05229377746582,-1.0555628414138225,0,,,,,0,0,0.0,-90453464.87720063,0.0,-40453464.87720063,,,,
2020-03-30,19150.0,15.895122528076172,-1.274735859449868,0,,,,,0,0,0.0,-90453464.87720063,0.0,-40453464.87720063,,,,
2020-03-31,18695.0,15.957989692687988,-0.7045492018736336,0,,,,,0,0,0.0,-90453464.87720063,0.0,-40453464.87720063,,,,
2020-04-01,17585.0,15.905601501464844,0.5563500668724991,0,,,,,0,0,0.0,-90453464.87720063,0.0,-40453464.87720063,,,,
2020-04-02,18090.0,15.905601501464844,0.0064216793942427205,0,,,,,0,0,0.0,-90453464.87720063,0.0,-40453464.87720063,,,,
2020-04-03,17710.0,15.905601501464844,0.4702755616396373,0,,,,,0,0,0.0,-90453464.87720063,0.0,-40453464.87720063,,,,
2020-04-04,17710.0,15.905601501464844,0.4883031398945134,0,,,,,0,0,0.0,-90453464.87720063,0.0,-40453464.87720063,,,,
2020-04-05,17710.0,15.905601501464844,0.6544962167288677,0,,,,,0,0,0.0,-90453464.87720063,0.0,-40453464.87720063,,,,
2020-04-06,18945.0,16.146595001220703,-0.767067681256364,0,,,,,0,0,0.0,-90453464.87720063,0.0,-40453464.87720063,,,,
2020-04-07,18995.0,16.450456619262695,-0.5241246760549237,0,,,,,0,0,0.0,-90453464.87720063,0.0,-40453464.87720063,,,,
2020-04-08,19160.0,16.68097686767578,-0.5244429394508443,0,,,,,0,0,0.0,-90453464.87720063,0.0,-40453464.87720063,,,,
2020-04-09,19510.0,16.607629776000977,-1.0080618560898256,0,,,,,0,0,0.0,-90453464.87720063,0.0,-40453464.87720063,,,,
2020-04-10,19510.0,16.618106842041016,-0.9145039907847973,0,,,,,0,0,0.0,-90453464.87720063,0.0,-40453464.87720063,,,,
2020-04-11,19510.0,16.618106842041016,-0.8413032111689119,0,,,,,0,0,0.0,-90453464.87720063,0.0,-40453464.87720063,,,,
2020-04-12,19510.0,16.618106842041016,-0.7588471293590398,0,,,,,0,0,0.0,-90453464.87720063,0.0,-40453464.87720063,,,,
2020-04-13,19150.0,16.513324737548828,-0.2898655637591543,0,,,,,0,0,0.0,-90453464.87720063,0.0,-40453464.87720063,,,,
2020-04-14,19540.0,16.963878631591797,-0.5450720527177988,0,,,,,0,0,0.0,-90453464.87720063,0.0,-40453464.87720063,,,,
2020-04-15,19320.0,17.016267776489258,-0.1337871168416353,0,,,,,0,0,0.0,-90453464.87720063,0.0,-40453464.87720063,,,,
2020-04-16,19180.0,16.932443618774414,0.01007077953723976,0,,,,,0,0,0.0,-90453464.87720063,0.0,-40453464.87720063,,,,
2020-04-17,19625.0,17.44586944580078,-0.29739247891775933,0,,,,,0,0,0.0,-90453464.87720063,0.0,-40453464.87720063,,,,
2020-04-18,19625.0,17.44586944580078,-0.31342966327828353,0,,,,,0,0,0.0,-90453464.87720063,0.0,-40453464.87720063,,,,
2020-04-19,19625.0,17.44586944580078,-0.36125215961310747,0,,,,,0,0,0.0,-90453464.87720063,0.0,-40453464.87720063,,,,
2020-04-20,19315.0,17.393478393554688,0.1666392326793806,0,,,,,0,0,0.0,-90453464.87720063,0.0,-40453464.87720063,,,,
2020-04-21,19040.0,16.89052963256836,0.26687967598022494,0,,,,,0,0,0.0,-90453464.87720063,0.0,-40453464.87720063,,,,
2020-04-22,19285.0,16.89052963256836,-0.20314148121637332,0,,,,,0,0,0.0,-90453464.87720063,0.0,-40453464.87720063,,,,
2020-04-23,19390.0,16.953401565551758,-0.2721168770254413,0,,,,,0,0,0.0,-90453464.87720063,0.0,-40453464.87720063,,,,
2020-04-24,19430.0,16.953401565551758,-0.2859230705957113,0,,,,,0,0,0.0,-90453464.87720063,0.0,-40453464.87720063,,,,
2020-04-25,19430.0,16.953401565551758,-0.16918342395918318,0,,,,,0,0,0.0,-90453464.87720063,0.0,-40453464.87720063,,,,
2020-04-26,19430.0,16.953401565551758,-0.1608758918833371,0,,,,,0,0,0.0,-90453464.87720063,0.0,-40453464.87720063,,,,
2020-04-27,19815.0,17.299177169799805,-1.0491282876034331,0,,,,,0,0,0.0,-90453464.87720063,0.0,-40453464.87720063,,,,
2020-04-28,19985.0,17.299177169799805,-1.6688296319807354,0,,,,,0,0,0.0,-90453464.87720063,0.0,-40453464.87720063,,,,
2020-04-29,20415.0,17.5401668548584,-2.5155549926414738,0,,,,,0,0,0.0,-90453464.87720063,0.0,-40453464.87720063,[網格1] 資金不足 ,,,
2020-04-30,19970.0,17.917377471923828,0.07430689497451412,0,,,,,0,0,0.0,-90453464.87720063,0.0,-40453464.87720063,,,,
2020-05-01,19510.0,17.917377471923828,1.7189613722163666,0,,,,,0,0,0.0,-90453464.87720063,0.0,-40453464.87720063,,,,
2020-05-02,19510.0,17.917377471923828,1.526083085353659,0,,,,,0,0,0.0,-90453464.87720063,0.0,-40453464.87720063,,,,
2020-05-03,19510.0,17.917377471923828,1.3684261221340879,0,,,,,0,0,0.0,-90453464.87720063,0.0,-40453464.87720063,,,,
2020-05-04,19390.0,17.393478393554688,0.6746280904407226,0,,,,,0,0,0.0,-90453464.87720063,0.0,-40453464.87720063,,,,
2020-05-05,19545.0,17.4773006439209,0.2835076068676953,0,,,,,0,0,0.0,-90453464.87720063,0.0,-40453464.87720063,,,,
2020-05-06,19360.0,17.49825668334961,0.9420402936191803,0,,,,,0,0,0.0,-90453464.87720063,0.0,-40453464.87720063,,,,
2020-05-07,19810.0,17.57159996032715,-0.4640923043322286,0,,,,,0,0,0.0,-90453464.87720063,0.0,-40453464.87720063,,,,
2020-05-08,20210.0,17.676382064819336,-1.473068603735195,0,,,,,0,0,0.0,-90453464.87720063,0.0,-40453464.87720063,,,,
2020-05-09,20210.0,17.676382064819336,-1.3286802365814854,0,,,,,0,0,0.0,-90453464.87720063,0.0,-40453464.87720063,,,,
2020-05-10,20210.0,17.676382064819336,-1.1959103620304166,0,,,,,0,0,0.0,-90453464.87720063,0.0,-40453464.87720063,,,,
2020-05-11,20500.0,17.823076248168945,-1.6078462971041916,0,,,,,0,0,0.0,-90453464.87720063,0.0,-40453464.87720063,,,,
2020-05-12,20145.0,17.61351776123047,-0.8393832719647852,0,,,,,0,0,0.0,-90453464.87720063,0.0,-40453464.87720063,,,,
2020-05-13,20165.0,17.66590690612793,-0.7482432455978876,0,,,,,0,0,0.0,-90453464.87720063,0.0,-40453464.87720063,,,,
2020-05-14,20060.0,17.456344604492188,-0.7255359659220654,0,,,,,0,0,0.0,-90453464.87720063,0.0,-40453464.87720063,,,,
2020-05-15,20020.0,17.57159996032715,-0.3987451759612034,0,,,,,0,0,0.0,-90453464.87720063,0.0,-40453464.87720063,,,,
2020-05-16,20020.0,17.57159996032715,-0.3645146847030212,0,,,,,0,0,0.0,-90453464.87720063,0.0,-40453464.87720063,,,,
2020-05-17,20020.0,17.57159996032715,-0.3565587971953346,0,,,,,0,0,0.0,-90453464.87720063,0.0,-40453464.87720063,,,,
2020-05-18,20640.0,17.424909591674805,-1.9874001959961471,0,,,,,0,0,0.0,-90453464.87720063,0.0,-40453464.87720063,,,,
2020-05-19,20385.0,17.582082748413086,-1.153007670042836,0,,,,,0,0,0.0,-90453464.87720063,0.0,-40453464.87720063,,,,
2020-05-20,20725.0,17.561124801635742,-1.7491521924942175,0,,,,,0,0,0.0,-90453464.87720063,0.0,-40453464.87720063,,,,
2020-05-21,20460.0,17.70781898498535,-0.8702968438836367,0,,,,,0,0,0.0,-90453464.87720063,0.0,-40453464.87720063,,,,
2020-05-22,20550.0,17.382999420166016,-1.3992140774373143,0,,,,,0,0,0.0,-90453464.87720063,0.0,-40453464.87720063,,,,
2020-05-23,20550.0,17.382999420166016,-1.3113897999117243,0,,,,,0,0,0.0,-90453464.87720063,0.0,-40453464.87720063,,,,
2020-05-24,20550.0,17.382999420166016,-1.2159622931334533,0,,,,,0,0,0.0,-90453464.87720063,0.0,-40453464.87720063,,,,
2020-05-25,20550.0,17.49825668334961,-0.957453429757133,0,,,,,0,0,0.0,-90453464.87720063,0.0,-40453464.87720063,,,,
2020-05-26,21275.0,17.69734001159668,-2.478775701395636,0,,,,,0,0,0.0,-90453464.87720063,0.0,-40453464.87720063,[網格1] 資金不足 ,,,
2020-05-27,21640.0,17.676382064819336,-2.7328312185453725,0,,,,,0,0,0.0,-90453464.87720063,0.0,-40453464.87720063,[網格1] 資金不足 ,,,
2020-05-28,21915.0,17.57159996032715,-2.638266888332629,0,,,,,0,0,0.0,-90453464.87720063,0.0,-40453464.87720063,[網格1] 資金不足 ,,,
2020-05-29,21950.0,17.69734001159668,-2.1164914689922605,0,,,,,0,0,0.0,-90453464.87720063,0.0,-40453464.87720063,[網格1] 資金不足 ,,,
2020-05-30,21950.0,17.69734001159668,-1.8136355307458973,0,,,,,0,0,0.0,-90453464.87720063,0.0,-40453464.87720063,,,,
2020-05-31,21950.0,17.69734001159668,-1.5861754342231074,0,,,,,0,0,0.0,-90453464.87720063,0.0,-40453464.87720063,,,,
2020-06-01,22220.0,17.79163932800293,-1.6582451100751439,0,,,,,0,0,0.0,-90453464.87720063,0.0,-40453464.87720063,,,,
2020-06-02,22650.0,17.87546730041504,-1.8684060787528731,0,,,,,0,0,0.0,-90453464.87720063,0.0,-40453464.87720063,,,,
2020-06-03,22915.0,18.189807891845703,-1.726314702567743,0,,,,,0,0,0.0,-90453464.87720063,0.0,-40453464.87720063,,,,
2020-06-04,22725.0,18.357452392578125,-1.2580530422051548,0,,,,,0,0,0.0,-90453464.87720063,0.0,-40453464.87720063,,,,
2020-06-05,23140.0,18.514625549316406,-1.4872439527373018,0,,,,,0,0,0.0,-90453464.87720063,0.0,-40453464.87720063,,,,
2020-06-06,23140.0,18.514625549316406,-1.3620644373665949,0,,,,,0,0,0.0,-90453464.87720063,0.0,-40453464.87720063,,,,
2020-06-07,23140.0,18.514625549316406,-1.2242304631722314,0,,,,,0,0,0.0,-90453464.87720063,0.0,-40453464.87720063,,,,
2020-06-08,23215.0,18.7556209564209,-1.0526482688613497,0,,,,,0,0,0.0,-90453464.87720063,0.0,-40453464.87720063,,,,
2020-06-09,22890.0,18.776573181152344,-0.5660235960197572,0,,,,,0,0,0.0,-90453464.87720063,0.0,-40453464.87720063,,,,
2020-06-10,22860.0,18.954700469970703,-0.3214959542538372,0,,,,,0,0,0.0,-90453464.87720063,0.0,-40453464.87720063,,,,
2020-06-11,21710.0,18.66131401062012,1.1224313748045038,0,,,,,0,0,0.0,-90453464.87720063,0.0,-40453464.87720063,,,,
2020-06-12,22200.0,18.49366950988769,0.38324348039639045,0,,,,,0,0,0.0,-90453464.87720063,0.0,-40453464.87720063,,,,
2020-06-13,22200.0,18.49366950988769,0.52317742627686,0,,,,,0,0,0.0,-90453464.87720063,0.0,-40453464.87720063,,,,
2020-06-14,22200.0,18.49366950988769,0.7506294171203175,0,,,,,0,0,0.0,-90453464.87720063,0.0,-40453464.87720063,,,,
2020-06-15,21960.0,18.23171806335449,1.058569406069654,0,,,,,0,0,0.0,-90453464.87720063,0.0,-40453464.87720063,,,,
2020-06-16,22415.0,18.6298828125,0.5671753542094161,0,,,,,0,0,0.0,-90453464.87720063,0.0,-40453464.87720063,,,,
2020-06-17,22485.0,18.650835037231445,0.4246227169147344,0,,,,,0,0,0.0,-90453464.87720063,0.0,-40453464.87720063,,,,
2020-06-18,22380.0,18.6298828125,0.6292826971052347,0,,,,,0,0,0.0,-90453464.87720063,0.0,-40453464.87720063,,,,
2020-06-19,22325.0,18.619403839111328,0.7202769185597491,0,,,,,0,0,0.0,-90453464.87720063,0.0,-40453464.87720063,,,,
2020-06-20,22325.0,18.619403839111328,0.6969925844253471,0,,,,,0,0,0.0,-90453464.87720063,0.0,-40453464.87720063,,,,
2020-06-21,22325.0,18.619403839111328,0.6482119893143096,0,,,,,0,0,0.0,-90453464.87720063,0.0,-40453464.87720063,,,,
2020-06-22,22580.0,18.66131401062012,0.0664302575288238,0,,,,,0,0,0.0,-90453464.87720063,0.0,-40453464.87720063,,,,
2020-06-23,22535.0,18.7451400756836,0.2117371964985678,0,,,,,0,0,0.0,-90453464.87720063,0.0,-40453464.87720063,,,,
2020-06-24,22260.0,18.860397338867188,0.949803793980802,0,,,,,0,0,0.0,-90453464.87720063,0.0,-40453464.87720063,,,,
2020-06-25,22475.0,18.860397338867188,0.34589588958244855,0,,,,,0,0,0.0,-90453464.87720063,0.0,-40453464.87720063,,,,
2020-06-26,22285.0,18.860397338867188,0.784702363399131,0,,,,,0,0,0.0,-90453464.87720063,0.0,-40453464.87720063,,,,
2020-06-27,22285.0,18.860397338867188,0.7376926236679111,0,,,,,0,0,0.0,-90453464.87720063,0.0,-40453464.87720063,,,,
2020-06-28,22285.0,18.860397338867188,0.7165720375530047,0,,,,,0,0,0.0,-90453464.87720063,0.0,-40453464.87720063,,,,
2020-06-29,22355.0,18.67179298400879,-0.1683785771680369,0,,,,,0,0,0.0,-90453464.87720063,0.0,-40453464.87720063,,,,
2020-06-30,22320.0,18.83944129943848,0.39479908707361955,0,,,,,0,0,0.0,-90453464.87720063,0.0,-40453464.87720063,,,,
2020-07-01,22230.0,18.965177536010746,1.8814850473520062,0,,,,,0,0,0.0,-90453464.87720063,0.0,-40453464.87720063,,,,
2020-07-02,22345.0,19.17473793029785,1.6683150798052038,0,,,,,0,0,0.0,-90453464.87720063,0.0,-40453464.87720063,,,,
2020-07-03,22345.0,19.394775390625,2.090030575341746,0,,,,,0,0,0.0,-90453464.87720063,0.0,-40453464.87720063,[網格1] 資金不足 ,,,
2020-07-04,22345.0,19.394775390625,1.795678964874708,0,,,,,0,0,0.0,-90453464.87720063,0.0,-40453464.87720063,,,,
2020-07-05,22345.0,19.394775390625,1.5999427681529557,0,,,,,0,0,0.0,-90453464.87720063,0.0,-40453464.87720063,,,,
2020-07-06,22685.0,19.730073928833008,0.7489616408169748,0,,,,,0,0,0.0,-90453464.87720063,0.0,-40453464.87720063,,,,
2020-07-07,22470.0,19.803417205810547,1.8057543952378312,0,,,,,0,0,0.0,-90453464.87720063,0.0,-40453464.87720063,,,,
2020-07-08,22505.0,19.93962860107422,1.7432621160418666,0,,,,,0,0,0.0,-90453464.87720063,0.0,-40453464.87720063,,,,
2020-07-09,22380.0,20.002498626708984,2.062470477848655,0,,,,,0,0,0.0,-90453464.87720063,0.0,-40453464.87720063,[網格1] 資金不足 ,,,
2020-07-10,22560.0,19.834850311279297,0.8508845540117048,0,,,,,0,0,0.0,-90453464.87720063,0.0,-40453464.87720063,,,,
2020-07-11,22560.0,19.834850311279297,0.7674970569801814,0,,,,,0,0,0.0,-90453464.87720063,0.0,-40453464.87720063,,,,
2020-07-12,22560.0,19.834850311279297,0.7055273321214942,0,,,,,0,0,0.0,-90453464.87720063,0.0,-40453464.87720063,,,,
2020-07-13,22560.0,20.12823867797852,1.3988869434347466,0,,,,,0,0,0.0,-90453464.87720063,0.0,-40453464.87720063,,,,
2020-07-14,22705.0,20.25397109985352,0.9298014271196466,0,,,,,0,0,0.0,-90453464.87720063,0.0,-40453464.87720063,,,,
2020-07-15,22880.0,20.337797164916992,0.2094548737998734,0,,,,,0,0,0.0,-90453464.87720063,0.0,-40453464.87720063,,,,
2020-07-16,22725.0,20.138715744018555,0.38007961099800713,0,,,,,0,0,0.0,-90453464.87720063,0.0,-40453464.87720063,,,,
2020-07-17,22675.0,20.36922645568848,1.259743668078337,0,,,,,0,0,0.0,-90453464.87720063,0.0,-40453464.87720063,,,,
2020-07-18,22675.0,20.36922645568848,1.1455631649297022,0,,,,,0,0,0.0,-90453464.87720063,0.0,-40453464.87720063,,,,
2020-07-19,22675.0,20.36922645568848,1.1422988513187013,0,,,,,0,0,0.0,-90453464.87720063,0.0,-40453464.87720063,,,,
2020-07-20,22795.0,20.337797164916992,0.10564826921452854,0,,,,,0,0,0.0,-90453464.87720063,0.0,-40453464.87720063,,,,
2020-07-21,22695.0,20.83383560180664,2.5082906506718317,0,,,,,0,0,0.0,-90453464.87720063,0.0,-40453464.87720063,[網格1] 資金不足 ,,,
2020-07-22,22745.0,20.88661193847656,2.0415147033670116,0,,,,,0,0,0.0,-90453464.87720063,0.0,-40453464.87720063,[網格1] 資金不足 ,,,
2020-07-23,22530.0,20.8655014038086,2.5613620251216167,0,,,,,0,0,0.0,-90453464.87720063,0.0,-40453464.87720063,[網格1] 資金不足 ,,,
2020-07-24,22330.0,20.791624069213867,2.580422296118935,0,,,,,0,0,0.0,-90453464.87720063,0.0,-40453464.87720063,[網格1] 資金不足 ,,,
2020-07-25,22330.0,20.791624069213867,2.1275595753730148,0,,,,,0,0,0.0,-90453464.87720063,0.0,-40453464.87720063,[網格1] 資金不足 ,,,
2020-07-26,22330.0,20.791624069213867,1.864622524575187,0,,,,,0,0,0.0,-90453464.87720063,0.0,-40453464.87720063,,,,
2020-07-27,22690.0,21.8048152923584,2.1470767950927616,0,,,,,0,0,0.0,-90453464.87720063,0.0,-40453464.87720063,[網格1] 資金不足 ,,,
2020-07-28,22520.0,21.86814308166504,2.249352253195309,0,,,,,0,0,0.0,-90453464.87720063,0.0,-40453464.87720063,[網格1] 資金不足 ,,,
2020-07-29,22540.0,21.6465072631836,1.6240717195637742,0,,,,,0,0,0.0,-90453464.87720063,0.0,-40453464.87720063,,,,
2020-07-30,22230.0,21.96313095092773,2.293634912647124,0,,,,,0,0,0.0,-90453464.87720063,0.0,-40453464.87720063,[網格1] 資金不足 ,,,
2020-07-31,21915.0,21.910362243652344,2.334118706946619,0,,,,,0,0,0.0,-90453464.87720063,0.0,-40453464.87720063,[網格1] 資金不足 ,,,
2020-08-01,21915.0,21.910362243652344,1.9764198814136733,0,,,,,0,0,0.0,-90453464.87720063,0.0,-40453464.87720063,,,,
2020-08-02,21915.0,21.910362243652344,1.7128073674355448,0,,,,,0,0,0.0,-90453464.87720063,0.0,-40453464.87720063,,,,
2020-08-03,22405.0,21.530412673950195,0.5310918223763124,0,,,,,0,0,0.0,-90453464.87720063,0.0,-40453464.87720063,,,,
2020-08-04,22495.0,21.8048152923584,0.5602605543589121,0,,,,,0,0,0.0,-90453464.87720063,0.0,-40453464.87720063,,,,
2020-08-05,22470.0,22.01590156555176,0.7224368116386305,0,,,,,0,0,0.0,-90453464.87720063,0.0,-40453464.87720063,,,,
2020-08-06,22445.0,22.24808883666992,0.903707492727954,0,,,,,0,0,0.0,-90453464.87720063,0.0,-40453464.87720063,,,,
2020-08-07,22455.0,22.08978080749512,0.6482217952162944,0,,,,,0,0,0.0,-90453464.87720063,0.0,-40453464.87720063,,,,
2020-08-08,22455.0,22.08978080749512,0.5730603620783004,0,,,,,0,0,0.0,-90453464.87720063,0.0,-40453464.87720063,,,,
2020-08-09,22455.0,22.08978080749512,0.5018843021727489,0,,,,,0,0,0.0,-90453464.87720063,0.0,-40453464.87720063,,,,
2020-08-10,22520.0,22.29030990600586,0.5369981684551701,0,,,,,0,0,0.0,-90453464.87720063,0.0,-40453464.87720063,,,,
2020-08-11,22700.0,22.121442794799805,-0.2683034985764056,0,,,,,0,0,0.0,-90453464.87720063,0.0,-40453464.87720063,,,,
2020-08-12,23215.0,21.794261932373047,-2.106371180969656,0,,,,,0,0,0.0,-90453464.87720063,0.0,-40453464.87720063,[網格1] 資金不足 ,,,
2020-08-13,23195.0,22.00535011291504,-1.648980933925866,0,,,,,0,0,0.0,-90453464.87720063,0.0,-40453464.87720063,,,,
2020-08-14,23140.0,22.058115005493164,-1.3939803887060542,0,,,,,0,0,0.0,-90453464.87720063,0.0,-40453464.87720063,,,,
2020-08-15,23140.0,22.058115005493164,-1.3593552307570185,0,,,,,0,0,0.0,-90453464.87720063,0.0,-40453464.87720063,,,,
2020-08-16,23140.0,22.058115005493164,-1.2726845457244256,0,,,,,0,0,0.0,-90453464.87720063,0.0,-40453464.87720063,,,,
2020-08-17,23150.0,22.29030990600586,-0.9134652563267875,0,,,,,0,0,0.0,-90453464.87720063,0.0,-40453464.87720063,,,,
2020-08-18,23060.0,22.16366004943848,-0.8287826316322012,0,,,,,0,0,0.0,-90453464.87720063,0.0,-40453464.87720063,,,,
2020-08-19,23115.0,22.00535011291504,-1.0494789864369223,0,,,,,0,0,0.0,-90453464.87720063,0.0,-40453464.87720063,,,,
2020-08-20,22970.0,21.234893798828125,-1.5475347125126058,0,,,,,0,0,0.0,-90453464.87720063,0.0,-40453464.87720063,,,,
2020-08-21,22890.0,21.699277877807617,-0.6933857285780627,0,,,,,0,0,0.0,-90453464.87720063,0.0,-40453464.87720063,,,,
2020-08-22,22890.0,21.699277877807617,-0.6267814365167955,0,,,,,0,0,0.0,-90453464.87720063,0.0,-40453464.87720063,,,,
2020-08-23,22890.0,21.699277877807617,-0.5707085977382524,0,,,,,0,0,0.0,-90453464.87720063,0.0,-40453464.87720063,,,,
2020-08-24,23170.0,21.762601852416992,-1.1246705685666754,0,,,,,0,0,0.0,-90453464.87720063,0.0,-40453464.87720063,,,,
2020-08-25,23300.0,21.93146705627441,-1.1045208086034608,0,,,,,0,0,0.0,-90453464.87720063,0.0,-40453464.87720063,,,,
2020-08-26,23280.0,22.01590156555176,-0.8450089550184127,0,,,,,0,0,0.0,-90453464.87720063,0.0,-40453464.87720063,,,,
2020-08-27,23215.0,22.06867408752441,-0.4946347169559267,0,,,,,0,0,0.0,-90453464.87720063,0.0,-40453464.87720063,,,,
2020-08-28,22935.0,21.847034454345703,0.1006882302792062,0,,,,,0,0,0.0,-90453464.87720063,0.0,-40453464.87720063,,,,
2020-08-29,22935.0,21.847034454345703,0.24721857671925584,0,,,,,0,0,0.0,-90453464.87720063,0.0,-40453464.87720063,,,,
2020-08-30,22935.0,21.847034454345703,0.5419077356417364,0,,,,,0,0,0.0,-90453464.87720063,0.0,-40453464.87720063,,,,
2020-08-31,23100.0,21.488195419311523,-1.6951626618830353,0,,,,,0,0,0.0,-90453464.87720063,0.0,-40453464.87720063,,,,
2020-09-01,23195.0,21.815372467041016,-1.0836646889755073,0,,,,,0,0,0.0,-90453464.87720063,0.0,-40453464.87720063,,,,
2020-09-02,23505.0,21.741493225097656,-2.693761112799991,0,,,,,0,0,0.0,-90453464.87720063,0.0,-40453464.87720063,[網格1] 資金不足 ,,,
2020-09-03,23095.0,21.8048152923584,-0.1533604803551891,0,,,,,0,0,0.0,-90453464.87720063,0.0,-40453464.87720063,,,,
2020-09-04,23175.0,21.6465072631836,-1.009231488070208,0,,,,,0,0,0.0,-90453464.87720063,0.0,-40453464.87720063,,,,
2020-09-05,23175.0,21.6465072631836,-0.9189689617700724,0,,,,,0,0,0.0,-90453464.87720063,0.0,-40453464.87720063,,,,
2020-09-06,23175.0,21.6465072631836,-0.8309914766671287,0,,,,,0,0,0.0,-90453464.87720063,0.0,-40453464.87720063,,,,
2020-09-07,23175.0,21.61484336853028,-0.8443464215346024,0,,,,,0,0,0.0,-90453464.87720063,0.0,-40453464.87720063,,,,
2020-09-08,23030.0,21.741493225097656,0.4227300491959437,0,,,,,0,0,0.0,-90453464.87720063,0.0,-40453464.87720063,,,,
2020-09-09,23185.0,21.593734741210938,-0.9555518101339742,0,,,,,0,0,0.0,-90453464.87720063,0.0,-40453464.87720063,,,,
2020-09-10,23100.0,21.783710479736328,0.21083589279716164,0,,,,,0,0,0.0,-90453464.87720063,0.0,-40453464.87720063,,,,
2020-09-11,23340.0,21.794261932373047,-1.0810592853339875,0,,,,,0,0,0.0,-90453464.87720063,0.0,-40453464.87720063,,,,
2020-09-12,23340.0,21.794261932373047,-0.9833929314268287,0,,,,,0,0,0.0,-90453464.87720063,0.0,-40453464.87720063,,,,
2020-09-13,23340.0,21.794261932373047,-0.9144966048189722,0,,,,,0,0,0.0,-90453464.87720063,0.0,-40453464.87720063,,,,
2020-09-14,23445.0,22.06867408752441,-0.5913480287416668,0,,,,,0,0,0.0,-90453464.87720063,0.0,-40453464.87720063,,,,
2020-09-15,23475.0,22.15310478210449,-0.44960302229589055,0,,,,,0,0,0.0,-90453464.87720063,0.0,-40453464.87720063,,,,
2020-09-16,23445.0,22.49083709716797,0.8561073001509076,0,,,,,0,0,0.0,-90453464.87720063,0.0,-40453464.87720063,,,,
2020-09-17,23340.0,22.24808883666992,0.777630000594066,0,,,,,0,0,0.0,-90453464.87720063,0.0,-40453464.87720063,,,,
2020-09-18,23235.0,22.22698402404785,1.4743640301260572,0,,,,,0,0,0.0,-90453464.87720063,0.0,-40453464.87720063,,,,
2020-09-19,23235.0,22.22698402404785,1.592588622458789,0,,,,,0,0,0.0,-90453464.87720063,0.0,-40453464.87720063,,,,
2020-09-20,23235.0,22.22698402404785,1.4139969969204103,0,,,,,0,0,0.0,-90453464.87720063,0.0,-40453464.87720063,,,,
2020-09-21,22950.0,22.047563552856445,2.175087941182915,0,,,,,0,0,0.0,-90453464.87720063,0.0,-40453464.87720063,[網格1] 資金不足 ,,,
2020-09-22,23025.0,21.762601852416992,0.7481775486661078,0,,,,,0,0,0.0,-90453464.87720063,0.0,-40453464.87720063,,,,
2020-09-23,23215.0,21.730939865112305,-0.553260554847135,0,,,,,0,0,0.0,-90453464.87720063,0.0,-40453464.87720063,,,,
2020-09-24,23165.0,21.20323181152344,-1.884064391608373,0,,,,,0,0,0.0,-90453464.87720063,0.0,-40453464.87720063,,,,
2020-09-25,23295.0,21.24545288085937,-2.1049250399487467,0,,,,,0,0,0.0,-90453464.87720063,0.0,-40453464.87720063,[網格1] 資金不足 ,,,
2020-09-26,23295.0,21.24545288085937,-1.8257166934017137,0,,,,,0,0,0.0,-90453464.87720063,0.0,-40453464.87720063,,,,
2020-09-27,23295.0,21.24545288085937,-1.6209641212695074,0,,,,,0,0,0.0,-90453464.87720063,0.0,-40453464.87720063,,,,
2020-09-28,23555.0,21.593734741210938,-1.6520565721043021,0,,,,,0,0,0.0,-90453464.87720063,0.0,-40453464.87720063,,,,
2020-09-29,23445.0,21.6465072631836,-1.0119219587124673,0,,,,,0,0,0.0,-90453464.87720063,0.0,-40453464.87720063,,,,
2020-09-30,23275.0,21.741493225097656,-0.09670796171581197,0,,,,,0,0,0.0,-90453464.87720063,0.0,-40453464.87720063,,,,
2020-10-01,23225.0,21.741493225097656,0.08504910277465365,0,,,,,0,0,0.0,-90453464.87720063,0.0,-40453464.87720063,,,,
2020-10-02,23180.0,21.741493225097656,0.23815616456085337,0,,,,,0,0,0.0,-90453464.87720063,0.0,-40453464.87720063,,,,
2020-10-03,23180.0,21.741493225097656,0.2124328591255215,0,,,,,0,0,0.0,-90453464.87720063,0.0,-40453464.87720063,,,,
2020-10-04,23180.0,21.741493225097656,0.19616804485573194,0,,,,,0,0,0.0,-90453464.87720063,0.0,-40453464.87720063,,,,
2020-10-05,23420.0,21.75205039978028,-0.6918756688574551,0,,,,,0,0,0.0,-90453464.87720063,0.0,-40453464.87720063,,,,
2020-10-06,23290.0,22.00535011291504,0.4072270318881413,0,,,,,0,0,0.0,-90453464.87720063,0.0,-40453464.87720063,,,,
2020-10-07,23520.0,22.121442794799805,-0.2023136950742328,0,,,,,0,0,0.0,-90453464.87720063,0.0,-40453464.87720063,,,,
2020-10-08,23640.0,22.416954040527344,0.04686272380663994,0,,,,,0,0,0.0,-90453464.87720063,0.0,-40453464.87720063,,,,
2020-10-09,23550.0,22.416954040527344,0.4906066648887998,0,,,,,0,0,0.0,-90453464.87720063,0.0,-40453464.87720063,,,,
2020-10-10,23550.0,22.416954040527344,0.5634123126273795,0,,,,,0,0,0.0,-90453464.87720063,0.0,-40453464.87720063,,,,
2020-10-11,23550.0,22.416954040527344,0.775654569545914,0,,,,,0,0,0.0,-90453464.87720063,0.0,-40453464.87720063,,,,
2020-10-12,23585.0,22.596378326416016,1.2069993736361153,0,,,,,0,0,0.0,-90453464.87720063,0.0,-40453464.87720063,,,,
2020-10-13,23500.0,22.606931686401367,1.5617345534311187,0,,,,,0,0,0.0,-90453464.87720063,0.0,-40453464.87720063,,,,
2020-10-14,23530.0,22.52249526977539,1.037446700827655,0,,,,,0,0,0.0,-90453464.87720063,0.0,-40453464.87720063,,,,
2020-10-15,23480.0,22.311418533325195,0.5983817490161982,0,,,,,0,0,0.0,-90453464.87720063,0.0,-40453464.87720063,,,,
2020-10-16,23475.0,22.216426849365234,0.24512923409044698,0,,,,,0,0,0.0,-90453464.87720063,0.0,-40453464.87720063,,,,
2020-10-17,23475.0,22.216426849365234,0.15063955889471836,0,,,,,0,0,0.0,-90453464.87720063,0.0,-40453464.87720063,,,,
2020-10-18,23475.0,22.216426849365234,0.0020687744907421863,0,,,,,0,0,0.0,-90453464.87720063,0.0,-40453464.87720063,,,,
2020-10-19,23480.0,22.50139045715332,1.5001558858550106,0,,,,,0,0,0.0,-90453464.87720063,0.0,-40453464.87720063,,,,
2020-10-20,23580.0,22.374740600585938,-0.46752127514776387,0,,,,,0,0,0.0,-90453464.87720063,0.0,-40453464.87720063,,,,
2020-10-21,23540.0,22.36418914794922,-0.09598048347721833,0,,,,,0,0,0.0,-90453464.87720063,0.0,-40453464.87720063,,,,
2020-10-22,23565.0,22.39584732055664,-0.16940582867504259,0,,,,,0,0,0.0,-90453464.87720063,0.0,-40453464.87720063,,,,
2020-10-23,23520.0,22.39584732055664,0.334525844515551,0,,,,,0,0,0.0,-90453464.87720063,0.0,-40453464.87720063,,,,
2020-10-24,23520.0,22.39584732055664,0.31744764336928566,0,,,,,0,0,0.0,-90453464.87720063,0.0,-40453464.87720063,,,,
2020-10-25,23520.0,22.39584732055664,0.2154629917776248,0,,,,,0,0,0.0,-90453464.87720063,0.0,-40453464.87720063,,,,
2020-10-26,23475.0,22.39584732055664,0.8459783140902485,0,,,,,0,0,0.0,-90453464.87720063,0.0,-40453464.87720063,,,,
2020-10-27,23465.0,22.269201278686523,-0.174573791974708,0,,,,,0,0,0.0,-90453464.87720063,0.0,-40453464.87720063,,,,
2020-10-28,23400.0,22.16366004943848,-0.17672036017383694,0,,,,,0,0,0.0,-90453464.87720063,0.0,-40453464.87720063,,,,
2020-10-29,23315.0,21.9209098815918,-1.050174804484579,0,,,,,0,0,0.0,-90453464.87720063,0.0,-40453464.87720063,,,,
2020-10-30,22960.0,21.741493225097656,2.6030174472359113,0,,,,,0,0,0.0,-90453464.87720063,0.0,-40453464.87720063,[網格1] 資金不足 ,,,
2020-10-31,22960.0,21.741493225097656,2.1312926725062233,0,,,,,0,0,0.0,-90453464.87720063,0.0,-40453464.87720063,[網格1] 資金不足 ,,,
2020-11-01,22960.0,21.741493225097656,1.8468064616830016,0,,,,,0,0,0.0,-90453464.87720063,0.0,-40453464.87720063,,,,
2020-11-02,23285.0,21.825927734375,-1.1115057538905389,0,,,,,0,0,0.0,-90453464.87720063,0.0,-40453464.87720063,,,,
2020-11-03,23285.0,22.07922744750977,0.48456859663147533,0,,,,,0,0,0.0,-90453464.87720063,0.0,-40453464.87720063,,,,
2020-11-04,23685.0,22.40640449523925,-1.6973822656491997,0,,,,,0,0,0.0,-90453464.87720063,0.0,-40453464.87720063,,,,
2020-11-05,24095.0,22.38529586791992,-3.4335804188317387,0,,,,,0,0,0.0,-90453464.87720063,0.0,-40453464.87720063,[網格1] 資金不足 ,,,
2020-11-06,24320.0,22.52249526977539,-2.9644176667252546,0,,,,,0,0,0.0,-90453464.87720063,0.0,-40453464.87720063,[網格1] 資金不足 ,,,
2020-11-07,24320.0,22.52249526977539,-2.3475972465620334,0,,,,,0,0,0.0,-90453464.87720063,0.0,-40453464.87720063,[網格1] 資金不足 ,,,
2020-11-08,24320.0,22.52249526977539,-1.9710847615307079,0,,,,,0,0,0.0,-90453464.87720063,0.0,-40453464.87720063,,,,
2020-11-09,24835.0,22.818012237548828,-2.425782744613768,0,,,,,0,0,0.0,-90453464.87720063,0.0,-40453464.87720063,[網格1] 資金不足 ,,,
2020-11-10,24905.0,22.606931686401367,-2.3266875021331153,0,,,,,0,0,0.0,-90453464.87720063,0.0,-40453464.87720063,[網格1] 資金不足 ,,,
2020-11-11,25350.0,22.95521545410156,-2.3026442058381504,0,,,,,0,0,0.0,-90453464.87720063,0.0,-40453464.87720063,[網格1] 資金不足 ,,,
2020-11-12,25520.0,22.96576881408692,-2.142580186901793,0,,,,,0,0,0.0,-90453464.87720063,0.0,-40453464.87720063,[網格1] 資金不足 ,,,
2020-11-13,25620.0,23.06075668334961,-1.884100009815397,0,,,,,0,0,0.0,-90453464.87720063,0.0,-40453464.87720063,,,,
2020-11-14,25620.0,23.06075668334961,-1.6417201347883925,0,,,,,0,0,0.0,-90453464.87720063,0.0,-40453464.87720063,,,,
2020-11-15,25620.0,23.06075668334961,-1.4553658924525366,0,,,,,0,0,0.0,-90453464.87720063,0.0,-40453464.87720063,,,,
2020-11-16,26175.0,23.81010055541992,-1.4520492510907657,0,,,,,0,0,0.0,-90453464.87720063,0.0,-40453464.87720063,,,,
2020-11-17,26000.0,23.978965759277344,-0.9935327453708114,0,,,,,0,0,0.0,-90453464.87720063,0.0,-40453464.87720063,,,,
2020-11-18,25640.0,24.13727760314941,-0.34401508244044815,0,,,,,0,0,0.0,-90453464.87720063,0.0,-40453464.87720063,,,,
2020-11-19,25600.0,24.095060348510746,-0.24824027739966018,0,,,,,0,0,0.0,-90453464.87720063,0.0,-40453464.87720063,,,,
2020-11-20,25740.0,24.063396453857425,-0.39675721504571415,0,,,,,0,0,0.0,-90453464.87720063,0.0,-40453464.87720063,,,,
2020-11-21,25740.0,24.063396453857425,-0.3148100607997792,0,,,,,0,0,0.0,-90453464.87720063,0.0,-40453464.87720063,,,,
2020-11-22,25740.0,24.063396453857425,-0.23250944558647388,0,,,,,0,0,0.0,-90453464.87720063,0.0,-40453464.87720063,,,,
2020-11-23,25935.0,24.36946678161621,-0.17495273015621982,0,,,,,0,0,0.0,-90453464.87720063,0.0,-40453464.87720063,,,,
2020-11-24,26470.0,24.25337600708008,-1.4671762496117782,0,,,,,0,0,0.0,-90453464.87720063,0.0,-40453464.87720063,,,,
2020-11-25,26305.0,24.052846908569336,-1.24751575866403,0,,,,,0,0,0.0,-90453464.87720063,0.0,-40453464.87720063,,,,
2020-11-26,26305.0,24.242822647094727,-0.8901083200863928,0,,,,,0,0,0.0,-90453464.87720063,0.0,-40453464.87720063,,,,
2020-11-27,26775.0,24.20060539245605,-2.032820267752354,0,,,,,0,0,0.0,-90453464.87720063,0.0,-40453464.87720063,[網格1] 資金不足 ,,,
2020-11-28,26775.0,24.20060539245605,-1.8898121854856684,0,,,,,0,0,0.0,-90453464.87720063,0.0,-40453464.87720063,,,,
2020-11-29,26775.0,24.20060539245605,-1.6812357901708488,0,,,,,0,0,0.0,-90453464.87720063,0.0,-40453464.87720063,,,,
2020-11-30,26310.0,23.9156436920166,-0.7499644967363168,0,,,,,0,0,0.0,-90453464.87720063,0.0,-40453464.87720063,,,,
2020-12-01,26915.0,24.12672615051269,-1.8147475223294154,0,,,,,0,0,0.0,-90453464.87720063,0.0,-40453464.87720063,,,,
2020-12-02,26825.0,24.35891532897949,-1.1380708157434032,0,,,,,0,0,0.0,-90453464.87720063,0.0,-40453464.87720063,,,,
2020-12-03,26710.0,24.35891532897949,-0.7945340672338318,0,,,,,0,0,0.0,-90453464.87720063,0.0,-40453464.87720063,,,,
2020-12-04,26860.0,24.759971618652344,-0.571002338435817,0,,,,,0,0,0.0,-90453464.87720063,0.0,-40453464.87720063,,,,
2020-12-05,26860.0,24.759971618652344,-0.5326922873235772,0,,,,,0,0,0.0,-90453464.87720063,0.0,-40453464.87720063,,,,
2020-12-06,26860.0,24.759971618652344,-0.5113360971996972,0,,,,,0,0,0.0,-90453464.87720063,0.0,-40453464.87720063,,,,
2020-12-07,26435.0,24.992164611816406,0.7849766616630235,0,,,,,0,0,0.0,-90453464.87720063,0.0,-40453464.87720063,,,,
2020-12-08,26570.0,25.340450286865234,0.9975756108647528,0,,,,,0,0,0.0,-90453464.87720063,0.0,-40453464.87720063,,,,
2020-12-09,26690.0,25.340450286865234,0.8014105934878453,0,,,,,0,0,0.0,-90453464.87720063,0.0,-40453464.87720063,,,,
2020-12-10,26710.0,25.034374237060547,0.3745723999151617,0,,,,,0,0,0.0,-90453464.87720063,0.0,-40453464.87720063,,,,
2020-12-11,26615.0,25.066041946411133,0.7690616625763654,0,,,,,0,0,0.0,-90453464.87720063,0.0,-40453464.87720063,,,,
2020-12-12,26615.0,25.066041946411133,0.8674013645163128,0,,,,,0,0,0.0,-90453464.87720063,0.0,-40453464.87720063,,,,
2020-12-13,26615.0,25.066041946411133,0.9754628390528414,0,,,,,0,0,0.0,-90453464.87720063,0.0,-40453464.87720063,,,,
2020-12-14,26700.0,24.960498809814453,0.4661481753599486,0,,,,,0,0,0.0,-90453464.87720063,0.0,-40453464.87720063,,,,
2020-12-15,26655.0,24.70720291137696,0.141836499528396,0,,,,,0,0,0.0,-90453464.87720063,0.0,-40453464.87720063,,,,
2020-12-16,26725.0,25.17158508300781,0.747138545944409,0,,,,,0,0,0.0,-90453464.87720063,0.0,-40453464.87720063,,,,
2020-12-17,26775.0,25.034374237060547,0.2662449193302793,0,,,,,0,0,0.0,-90453464.87720063,0.0,-40453464.87720063,,,,
2020-12-18,26735.0,24.949949264526367,0.17098204780909884,0,,,,,0,0,0.0,-90453464.87720063,0.0,-40453464.87720063,,,,
2020-12-19,26735.0,24.949949264526367,0.09453997665008486,0,,,,,0,0,0.0,-90453464.87720063,0.0,-40453464.87720063,,,,
2020-12-20,26735.0,24.949949264526367,0.06518634509716591,0,,,,,0,0,0.0,-90453464.87720063,0.0,-40453464.87720063,,,,
2020-12-21,26690.0,25.19269180297852,0.719058961174916,0,,,,,0,0,0.0,-90453464.87720063,0.0,-40453464.87720063,,,,
2020-12-22,26415.0,24.90772819519043,1.1819202310094414,0,,,,,0,0,0.0,-90453464.87720063,0.0,-40453464.87720063,,,,
2020-12-23,26505.0,24.939393997192383,0.7507747359508115,0,,,,,0,0,0.0,-90453464.87720063,0.0,-40453464.87720063,,,,
2020-12-24,26655.0,25.076595306396484,0.27130496214539906,0,,,,,0,0,0.0,-90453464.87720063,0.0,-40453464.87720063,,,,
2020-12-25,26655.0,25.10825538635254,0.29247326881734004,0,,,,,0,0,0.0,-90453464.87720063,0.0,-40453464.87720063,,,,
2020-12-26,26655.0,25.10825538635254,0.19050232658403352,0,,,,,0,0,0.0,-90453464.87720063,0.0,-40453464.87720063,,,,
2020-12-27,26655.0,25.10825538635254,0.27045960778976585,0,,,,,0,0,0.0,-90453464.87720063,0.0,-40453464.87720063,,,,
2020-12-28,26840.0,25.329896926879883,-0.16016055788814892,0,,,,,0,0,0.0,-90453464.87720063,0.0,-40453464.87720063,,,,
2020-12-29,27555.0,25.308788299560547,-3.7032111149511473,0,,,,,0,0,0.0,-90453464.87720063,0.0,-40453464.87720063,[網格1] 資金不足 ,,,
2020-12-30,27435.0,25.667625427246094,-1.7338358401705534,0,,,,,0,0,0.0,-90453464.87720063,0.0,-40453464.87720063,,,,
2020-12-31,27435.0,25.804826736450195,-1.2212567641003766,0,,,,,0,0,0.0,-90453464.87720063,0.0,-40453464.87720063,,,,
2021-01-01,27435.0,25.804826736450195,-1.1019077886883795,0,,,,,0,0,0.0,-90453464.87720063,0.0,-40453464.87720063,,,,
2021-01-02,27435.0,25.804826736450195,-0.9967894214847428,0,,,,,0,0,0.0,-90453464.87720063,0.0,-40453464.87720063,,,,
2021-01-03,27435.0,25.804826736450195,-0.9166846615455706,0,,,,,0,0,0.0,-90453464.87720063,0.0,-40453464.87720063,,,,
2021-01-04,27255.0,26.24810028076172,0.9023941267023532,0,,,,,0,0,0.0,-90453464.87720063,0.0,-40453464.87720063,,,,
2021-01-05,27155.0,26.300870895385746,1.3570878443355257,0,,,,,0,0,0.0,-90453464.87720063,0.0,-40453464.87720063,,,,
2021-01-06,27055.0,26.585838317871094,2.030238167628875,0,,,,,0,0,0.0,-90453464.87720063,0.0,-40453464.87720063,[網格1] 資金不足 ,,,
2021-01-07,27490.0,27.208526611328125,1.5215142659515697,0,,,,,0,0,0.0,-90453464.87720063,0.0,-40453464.87720063,,,,
2021-01-08,28090.0,27.69401931762696,0.3786733910053353,0,,,,,0,0,0.0,-90453464.87720063,0.0,-40453464.87720063,,,,
2021-01-09,28090.0,27.69401931762696,0.34626651111120954,0,,,,,0,0,0.0,-90453464.87720063,0.0,-40453464.87720063,,,,
2021-01-10,28090.0,27.69401931762696,0.3449637257221252,0,,,,,0,0,0.0,-90453464.87720063,0.0,-40453464.87720063,,,,
2021-01-11,28095.0,27.926210403442383,0.7646846145444607,0,,,,,0,0,0.0,-90453464.87720063,0.0,-40453464.87720063,,,,
2021-01-12,28120.0,27.883996963500977,0.5911018076258131,0,,,,,0,0,0.0,-90453464.87720063,0.0,-40453464.87720063,,,,
2021-01-13,28415.0,28.55945587158203,0.8277581012161604,0,,,,,0,0,0.0,-90453464.87720063,0.0,-40453464.87720063,,,,
2021-01-14,28655.0,28.29559898376465,-0.41786923247937874,0,,,,,0,0,0.0,-90453464.87720063,0.0,-40453464.87720063,,,,
2021-01-15,28480.0,28.39059257507324,0.32926467223348693,0,,,,,0,0,0.0,-90453464.87720063,0.0,-40453464.87720063,,,,
2021-01-16,28480.0,28.39059257507324,0.3254434468801243,0,,,,,0,0,0.0,-90453464.87720063,0.0,-40453464.87720063,,,,
2021-01-17,28480.0,28.39059257507324,0.31126777867944677,0,,,,,0,0,0.0,-90453464.87720063,0.0,-40453464.87720063,,,,
2021-01-18,28480.0,28.369483947753903,0.1699354218571828,0,,,,,0,0,0.0,-90453464.87720063,0.0,-40453464.87720063,,,,
2021-01-19,28600.0,29.118825912475582,1.2473574413220672,0,,,,,0,0,0.0,-90453464.87720063,0.0,-40453464.87720063,,,,
2021-01-20,28490.0,29.171592712402344,1.6390978457403336,0,,,,,0,0,0.0,-90453464.87720063,0.0,-40453464.87720063,,,,
2021-01-21,28725.0,30.184791564941406,2.4691896397944806,0,,,,,0,0,0.0,-90453464.87720063,0.0,-40453464.87720063,[網格1] 資金不足 ,,,
2021-01-22,28600.0,29.645580291748047,1.665203540627588,0,,,,,0,0,0.0,-90453464.87720063,0.0,-40453464.87720063,,,,
2021-01-23,28600.0,29.645580291748047,1.5622422471992596,0,,,,,0,0,0.0,-90453464.87720063,0.0,-40453464.87720063,,,,
2021-01-24,28600.0,29.645580291748047,1.388250395968955,0,,,,,0,0,0.0,-90453464.87720063,0.0,-40453464.87720063,,,,
2021-01-25,28795.0,29.24657440185547,-0.1720699915133575,0,,,,,0,0,0.0,-90453464.87720063,0.0,-40453464.87720063,,,,
2021-01-26,28520.0,28.6534481048584,-0.3376706264058148,0,,,,,0,0,0.0,-90453464.87720063,0.0,-40453464.87720063,,,,
2021-01-27,28610.0,28.69658660888672,-0.5308238952116766,0,,,,,0,0,0.0,-90453464.87720063,0.0,-40453464.87720063,,,,
2021-01-28,28175.0,28.114242553710938,-0.15785335849900187,0,,,,,0,0,0.0,-90453464.87720063,0.0,-40453464.87720063,,,,
2021-01-29,27645.0,27.65051651000977,0.7840581226095888,0,,,,,0,0,0.0,-90453464.87720063,0.0,-40453464.87720063,,,,
2021-01-30,27645.0,27.65051651000977,0.7074711470623876,0,,,,,0,0,0.0,-90453464.87720063,0.0,-40453464.87720063,,,,
2021-01-31,27645.0,27.65051651000977,0.646790241997133,0,,,,,0,0,0.0,-90453464.87720063,0.0,-40453464.87720063,,,,
2021-02-01,28075.0,28.20051002502441,0.14954413836258262,0,,,,,0,0,0.0,-90453464.87720063,0.0,-40453464.87720063,,,,
2021-02-02,28350.0,28.998533248901367,0.7466563378367551,0,,,,,0,0,0.0,-90453464.87720063,0.0,-40453464.87720063,,,,
2021-02-03,28635.0,28.976974487304688,-0.5042653884630349,0,,,,,0,0,0.0,-90453464.87720063,0.0,-40453464.87720063,,,,
2021-02-04,28330.0,28.804424285888672,0.3016857875750712,0,,,,,0,0,0.0,-90453464.87720063,0.0,-40453464.87720063,,,,
2021-02-05,28770.0,29.07402801513672,-1.009110704162246,0,,,,,0,0,0.0,-90453464.87720063,0.0,-40453464.87720063,,,,
2021-02-06,28770.0,29.07402801513672,-1.059962746060328,0,,,,,0,0,0.0,-90453464.87720063,0.0,-40453464.87720063,,,,
2021-02-07,28770.0,29.07402801513672,-1.1235898524424555,0,,,,,0,0,0.0,-90453464.87720063,0.0,-40453464.87720063,,,,
2021-02-08,29385.0,29.07402801513672,-2.8660495971091295,0,,,,,0,0,0.0,-90453464.87720063,0.0,-40453464.87720063,[網格1] 資金不足 ,,,
2021-02-09,29505.0,29.07402801513672,-2.5165359800562217,0,,,,,0,0,0.0,-90453464.87720063,0.0,-40453464.87720063,[網格1] 資金不足 ,,,
2021-02-10,29560.0,29.07402801513672,-2.2424168010789365,0,,,,,0,0,0.0,-90453464.87720063,0.0,-40453464.87720063,[網格1] 資金不足 ,,,
2021-02-11,29565.0,29.07402801513672,-1.927057231050087,0,,,,,0,0,0.0,-90453464.87720063,0.0,-40453464.87720063,,,,
2021-02-12,29615.0,29.07402801513672,-1.7824686781270715,0,,,,,0,0,0.0,-90453464.87720063,0.0,-40453464.87720063,,,,
2021-02-13,29615.0,29.07402801513672,-1.5845037263887778,0,,,,,0,0,0.0,-90453464.87720063,0.0,-40453464.87720063,,,,
2021-02-14,29615.0,29.07402801513672,-1.407021116416725,0,,,,,0,0,0.0,-90453464.87720063,0.0,-40453464.87720063,,,,
2021-02-15,29615.0,29.07402801513672,-1.2627773816900956,0,,,,,0,0,0.0,-90453464.87720063,0.0,-40453464.87720063,,,,
2021-02-16,30415.0,29.07402801513672,-2.294074857136595,0,,,,,0,0,0.0,-90453464.87720063,0.0,-40453464.87720063,[網格1] 資金不足 ,,,
2021-02-17,30345.0,30.3142032623291,-0.8950856393605765,0,,,,,0,0,0.0,-90453464.87720063,0.0,-40453464.87720063,,,,
2021-02-18,30120.0,30.27106475830078,-0.4872937987669094,0,,,,,0,0,0.0,-90453464.87720063,0.0,-40453464.87720063,,,,
2021-02-19,30200.0,29.947546005249023,-0.8528700757832547,0,,,,,0,0,0.0,-90453464.87720063,0.0,-40453464.87720063,,,,
2021-02-20,30200.0,29.947546005249023,-0.770890041097927,0,,,,,0,0,0.0,-90453464.87720063,0.0,-40453464.87720063,,,,
2021-02-21,30200.0,29.947546005249023,-0.6917907368745494,0,,,,,0,0,0.0,-90453464.87720063,0.0,-40453464.87720063,,,,
2021-02-22,29985.0,29.936756134033203,-0.2030367073420714,0,,,,,0,0,0.0,-90453464.87720063,0.0,-40453464.87720063,,,,
2021-02-23,29995.0,29.872051239013672,-0.2253607113122546,0,,,,,0,0,0.0,-90453464.87720063,0.0,-40453464.87720063,,,,
2021-02-24,30060.0,29.429903030395508,-0.8962667722025865,0,,,,,0,0,0.0,-90453464.87720063,0.0,-40453464.87720063,,,,
2021-02-25,29620.0,29.66715240478516,0.7391831859094012,0,,,,,0,0,0.0,-90453464.87720063,0.0,-40453464.87720063,,,,
2021-02-26,29285.0,28.772066116333008,0.4108870750877699,0,,,,,0,0,0.0,-90453464.87720063,0.0,-40453464.87720063,,,,
2021-02-27,29285.0,28.772066116333008,0.6779188075157419,0,,,,,0,0,0.0,-90453464.87720063,0.0,-40453464.87720063,,,,
2021-02-28,29285.0,28.772066116333008,0.7025933245376564,0,,,,,0,0,0.0,-90453464.87720063,0.0,-40453464.87720063,,,,
2021-03-01,29900.0,28.772066116333008,-1.7330990030474085,0,,,,,0,0,0.0,-90453464.87720063,0.0,-40453464.87720063,,,,
2021-03-02,29520.0,28.78285217285156,-0.14324769387429975,0,,,,,0,0,0.0,-90453464.87720063,0.0,-40453464.87720063,,,,
2021-03-03,29275.0,29.20343399047852,1.6147785906012486,0,,,,,0,0,0.0,-90453464.87720063,0.0,-40453464.87720063,,,,
2021-03-04,28900.0,28.63187789916992,1.601367105808597,0,,,,,0,0,0.0,-90453464.87720063,0.0,-40453464.87720063,,,,
2021-03-05,29180.0,28.45933151245117,0.26802408796431026,0,,,,,0,0,0.0,-90453464.87720063,0.0,-40453464.87720063,,,,
2021-03-06,29180.0,28.45933151245117,0.25203106759605715,0,,,,,0,0,0.0,-90453464.87720063,0.0,-40453464.87720063,,,,
2021-03-07,29180.0,28.45933151245117,0.23615311490667534,0,,,,,0,0,0.0,-90453464.87720063,0.0,-40453464.87720063,,,,
2021-03-08,28830.0,28.437763214111328,1.510781714228631,0,,,,,0,0,0.0,-90453464.87720063,0.0,-40453464.87720063,,,,
2021-03-09,29215.0,28.32991981506348,-0.4475959990441146,0,,,,,0,0,0.0,-90453464.87720063,0.0,-40453464.87720063,,,,
2021-03-10,29105.0,28.448545455932617,0.3311711231872251,0,,,,,0,0,0.0,-90453464.87720063,0.0,-40453464.87720063,,,,
2021-03-11,29285.0,29.052452087402344,0.9352689051355163,0,,,,,0,0,0.0,-90453464.87720063,0.0,-40453464.87720063,,,,
2021-03-12,29675.0,29.171085357666016,-0.5009881837846386,0,,,,,0,0,0.0,-90453464.87720063,0.0,-40453464.87720063,,,,
2021-03-13,29675.0,29.171085357666016,-0.5282311600358999,0,,,,,0,0,0.0,-90453464.87720063,0.0,-40453464.87720063,,,,
2021-03-14,29675.0,29.171085357666016,-0.49770518747382975,0,,,,,0,0,0.0,-90453464.87720063,0.0,-40453464.87720063,,,,
2021-03-15,29730.0,29.09559631347656,-0.8753681289775056,0,,,,,0,0,0.0,-90453464.87720063,0.0,-40453464.87720063,,,,
2021-03-16,29885.0,29.192651748657227,-1.340937164968986,0,,,,,0,0,0.0,-90453464.87720063,0.0,-40453464.87720063,,,,
2021-03-17,29880.0,28.944610595703125,-1.689878290335787,0,,,,,0,0,0.0,-90453464.87720063,0.0,-40453464.87720063,,,,
2021-03-18,30185.0,29.09559631347656,-2.135614149642956,0,,,,,0,0,0.0,-90453464.87720063,0.0,-40453464.87720063,[網格1] 資金不足 ,,,
2021-03-19,29760.0,28.642662048339844,-1.3527723485155285,0,,,,,0,0,0.0,-90453464.87720063,0.0,-40453464.87720063,,,,
2021-03-20,29760.0,28.642662048339844,-1.2153714992714824,0,,,,,0,0,0.0,-90453464.87720063,0.0,-40453464.87720063,,,,
2021-03-21,29760.0,28.642662048339844,-1.2464374820978008,0,,,,,0,0,0.0,-90453464.87720063,0.0,-40453464.87720063,,,,
2021-03-22,29150.0,28.772066116333008,0.9855436179930346,0,,,,,0,0,0.0,-90453464.87720063,0.0,-40453464.87720063,,,,
2021-03-23,28970.0,28.815210342407227,1.6107426680332642,0,,,,,0,0,0.0,-90453464.87720063,0.0,-40453464.87720063,,,,
2021-03-24,28385.0,28.36227226257324,2.3390095316788138,0,,,,,0,0,0.0,-90453464.87720063,0.0,-40453464.87720063,[網格1] 資金不足 ,,,
2021-03-25,28710.0,28.45933151245117,1.4075827405937051,0,,,,,0,0,0.0,-90453464.87720063,0.0,-40453464.87720063,,,,
2021-03-26,29155.0,28.976974487304688,0.922606876109042,0,,,,,0,0,0.0,-90453464.87720063,0.0,-40453464.87720063,,,,
2021-03-27,29155.0,28.976974487304688,0.8623215282523307,0,,,,,0,0,0.0,-90453464.87720063,0.0,-40453464.87720063,,,,
2021-03-28,29155.0,28.976974487304688,0.8674662581414994,0,,,,,0,0,0.0,-90453464.87720063,0.0,-40453464.87720063,,,,
2021-03-29,29370.0,29.214216232299805,0.6040946901970625,0,,,,,0,0,0.0,-90453464.87720063,0.0,-40453464.87720063,,,,
2021-03-30,29420.0,29.31127548217773,0.5886917280695314,0,,,,,0,0,0.0,-90453464.87720063,0.0,-40453464.87720063,,,,
2021-03-31,29165.0,29.06324577331543,0.8589853287021552,0,,,,,0,0,0.0,-90453464.87720063,0.0,-40453464.87720063,,,,
2021-04-01,29380.0,29.278926849365234,0.5718666280676251,0,,,,,0,0,0.0,-90453464.87720063,0.0,-40453464.87720063,,,,
2021-04-02,29380.0,29.278926849365234,0.5245177005183296,0,,,,,0,0,0.0,-90453464.87720063,0.0,-40453464.87720063,,,,
2021-04-03,29380.0,29.278926849365234,0.47862089996309465,0,,,,,0,0,0.0,-90453464.87720063,0.0,-40453464.87720063,,,,
2021-04-04,29380.0,29.278926849365234,0.4248710865841976,0,,,,,0,0,0.0,-90453464.87720063,0.0,-40453464.87720063,,,,
2021-04-05,30085.0,29.278926849365234,-1.3039486437501133,0,,,,,0,0,0.0,-90453464.87720063,0.0,-40453464.87720063,,,,
2021-04-06,29695.0,29.278926849365234,-0.40501051350214956,0,,,,,0,0,0.0,-90453464.87720063,0.0,-40453464.87720063,,,,
2021-04-07,29730.0,29.72107696533203,0.045448746516448105,0,,,,,0,0,0.0,-90453464.87720063,0.0,-40453464.87720063,,,,
2021-04-08,29710.0,29.81812858581543,0.17411501381688993,0,,,,,0,0,0.0,-90453464.87720063,0.0,-40453464.87720063,,,,
2021-04-09,29715.0,29.75341987609864,-0.07330254455955416,0,,,,,0,0,0.0,-90453464.87720063,0.0,-40453464.87720063,,,,
2021-04-10,29715.0,29.75341987609864,-0.24217227312434236,0,,,,,0,0,0.0,-90453464.87720063,0.0,-40453464.87720063,,,,
2021-04-11,29715.0,29.75341987609864,-0.23906961347336445,0,,,,,0,0,0.0,-90453464.87720063,0.0,-40453464.87720063,,,,
2021-04-12,29490.0,29.58087921142578,0.36329423567840713,0,,,,,0,0,0.0,-90453464.87720063,0.0,-40453464.87720063,,,,
2021-04-13,29705.0,29.58087921142578,-0.5573486286947172,0,,,,,0,0,0.0,-90453464.87720063,0.0,-40453464.87720063,,,,
2021-04-14,29575.0,29.74264144897461,0.6977018867437286,0,,,,,0,0,0.0,-90453464.87720063,0.0,-40453464.87720063,,,,
2021-04-15,29600.0,29.99067497253418,1.2605293843235208,0,,,,,0,0,0.0,-90453464.87720063,0.0,-40453464.87720063,,,,
2021-04-16,29640.0,30.0338134765625,1.115911958836736,0,,,,,0,0,0.0,-90453464.87720063,0.0,-40453464.87720063,,,,
2021-04-17,29640.0,30.0338134765625,1.0611341264271164,0,,,,,0,0,0.0,-90453464.87720063,0.0,-40453464.87720063,,,,
2021-04-18,29640.0,30.0338134765625,0.9845446453810116,0,,,,,0,0,0.0,-90453464.87720063,0.0,-40453464.87720063,,,,
2021-04-19,29650.0,30.087730407714844,1.0053140624075612,0,,,,,0,0,0.0,-90453464.87720063,0.0,-40453464.87720063,,,,
2021-04-20,29065.0,30.0338134765625,2.7382585867019205,0,,,,,0,0,0.0,-90453464.87720063,0.0,-40453464.87720063,[網格1] 資金不足 ,,,
2021-04-21,28475.0,29.76421356201172,2.973928565055517,0,,,,,0,0,0.0,-90453464.87720063,0.0,-40453464.87720063,[網格1] 資金不足 ,,,
2021-04-22,29155.0,29.74264144897461,1.0215365828686125,0,,,,,0,0,0.0,-90453464.87720063,0.0,-40453464.87720063,,,,
2021-04-23,28990.0,30.012237548828125,1.614467403867576,0,,,,,0,0,0.0,-90453464.87720063,0.0,-40453464.87720063,,,,
2021-04-24,28990.0,30.012237548828125,1.4328109361347356,0,,,,,0,0,0.0,-90453464.87720063,0.0,-40453464.87720063,,,,
2021-04-25,28990.0,30.012237548828125,1.3555241845598154,0,,,,,0,0,0.0,-90453464.87720063,0.0,-40453464.87720063,,,,
2021-04-26,29100.0,30.45439910888672,1.5223415681936023,0,,,,,0,0,0.0,-90453464.87720063,0.0,-40453464.87720063,,,,
2021-04-27,28965.0,30.465181350708008,1.6343187318051788,0,,,,,0,0,0.0,-90453464.87720063,0.0,-40453464.87720063,,,,
2021-04-28,29030.0,30.28184700012207,1.125249079252933,0,,,,,0,0,0.0,-90453464.87720063,0.0,-40453464.87720063,,,,
2021-04-29,29030.0,30.324989318847656,1.0686088447045408,0,,,,,0,0,0.0,-90453464.87720063,0.0,-40453464.87720063,,,,
2021-04-30,28795.0,30.324989318847656,1.4369348664059083,0,,,,,0,0,0.0,-90453464.87720063,0.0,-40453464.87720063,,,,
2021-05-01,28795.0,30.324989318847656,1.3021071347727753,0,,,,,0,0,0.0,-90453464.87720063,0.0,-40453464.87720063,,,,
2021-05-02,28795.0,30.324989318847656,1.1786852358471145,0,,,,,0,0,0.0,-90453464.87720063,0.0,-40453464.87720063,,,,
2021-05-03,28795.0,29.81812858581543,0.46222540073886736,0,,,,,0,0,0.0,-90453464.87720063,0.0,-40453464.87720063,,,,
2021-05-04,28800.0,29.55931663513184,0.008304386137205884,0,,,,,0,0,0.0,-90453464.87720063,0.0,-40453464.87720063,,,,
2021-05-05,29155.0,29.278926849365234,-1.371186081132439,0,,,,,0,0,0.0,-90453464.87720063,0.0,-40453464.87720063,,,,
2021-05-06,29320.0,29.53774642944336,-1.4411095846227449,0,,,,,0,0,0.0,-90453464.87720063,0.0,-40453464.87720063,,,,
2021-05-07,29350.0,30.066162109375,-0.802429984071622,0,,,,,0,0,0.0,-90453464.87720063,0.0,-40453464.87720063,,,,
2021-05-08,29350.0,30.066162109375,-0.9006168980219992,0,,,,,0,0,0.0,-90453464.87720063,0.0,-40453464.87720063,,,,
2021-05-09,29350.0,30.066162109375,-1.009430792077216,0,,,,,0,0,0.0,-90453464.87720063,0.0,-40453464.87720063,,,,
2021-05-10,29515.0,29.86126518249512,-1.6811320743838294,0,,,,,0,0,0.0,-90453464.87720063,0.0,-40453464.87720063,,,,
2021-05-11,28605.0,28.739715576171875,-0.7660120210542551,0,,,,,0,0,0.0,-90453464.87720063,0.0,-40453464.87720063,,,,
2021-05-12,28145.0,27.90933990478516,-0.7823723745786688,0,,,,,0,0,0.0,-90453464.87720063,0.0,-40453464.87720063,,,,
2021-05-13,27450.0,27.499542236328125,0.6141992995072533,0,,,,,0,0,0.0,-90453464.87720063,0.0,-40453464.87720063,,,,
2021-05-14,28310.0,27.812280654907227,-1.3110114979288345,0,,,,,0,0,0.0,-90453464.87720063,0.0,-40453464.87720063,,,,
2021-05-15,28310.0,27.812280654907227,-1.184633461524828,0,,,,,0,0,0.0,-90453464.87720063,0.0,-40453464.87720063,,,,
2021-05-16,28310.0,27.812280654907227,-1.0696512333400714,0,,,,,0,0,0.0,-90453464.87720063,0.0,-40453464.87720063,,,,
2021-05-17,27785.0,27.283859252929688,-0.3777359690491418,0,,,,,0,0,0.0,-90453464.87720063,0.0,-40453464.87720063,,,,
2021-05-18,28130.0,28.534814834594727,0.6602225741223915,0,,,,,0,0,0.0,-90453464.87720063,0.0,-40453464.87720063,,,,
2021-05-19,27935.0,28.340700149536133,0.9124100614763219,0,,,,,0,0,0.0,-90453464.87720063,0.0,-40453464.87720063,,,,
2021-05-20,28230.0,28.14658737182617,-0.1697990105392282,0,,,,,0,0,0.0,-90453464.87720063,0.0,-40453464.87720063,,,,
2021-05-21,28380.0,28.545604705810547,0.1719764989281063,0,,,,,0,0,0.0,-90453464.87720063,0.0,-40453464.87720063,,,,
2021-05-22,28380.0,28.545604705810547,0.320168963478444,0,,,,,0,0,0.0,-90453464.87720063,0.0,-40453464.87720063,,,,
2021-05-23,28380.0,28.545604705810547,0.40751690555967357,0,,,,,0,0,0.0,-90453464.87720063,0.0,-40453464.87720063,,,,
2021-05-24,28495.0,28.5024642944336,-0.13973192182078992,0,,,,,0,0,0.0,-90453464.87720063,0.0,-40453464.87720063,,,,
2021-05-25,28405.0,28.98775291442871,1.3385004065201882,0,,,,,0,0,0.0,-90453464.87720063,0.0,-40453464.87720063,,,,
2021-05-26,28610.0,29.009323120117188,0.41309669257134013,0,,,,,0,0,0.0,-90453464.87720063,0.0,-40453464.87720063,,,,
2021-05-27,28850.0,28.804424285888672,-1.1451555542951442,0,,,,,0,0,0.0,-90453464.87720063,0.0,-40453464.87720063,,,,
2021-05-28,29020.0,29.28971290588379,-0.6532067714790221,0,,,,,0,0,0.0,-90453464.87720063,0.0,-40453464.87720063,,,,
2021-05-29,29020.0,29.28971290588379,-0.6233216513822263,0,,,,,0,0,0.0,-90453464.87720063,0.0,-40453464.87720063,,,,
2021-05-30,29020.0,29.28971290588379,-0.6902589840579323,0,,,,,0,0,0.0,-90453464.87720063,0.0,-40453464.87720063,,,,
2021-05-31,29020.0,29.57009506225586,0.019682716561372472,0,,,,,0,0,0.0,-90453464.87720063,0.0,-40453464.87720063,,,,
2021-06-01,28745.0,29.69950485229492,1.4335641549507334,0,,,,,0,0,0.0,-90453464.87720063,0.0,-40453464.87720063,,,,
2021-06-02,28875.0,29.69950485229492,0.9674651224468428,0,,,,,0,0,0.0,-90453464.87720063,0.0,-40453464.87720063,,,,
2021-06-03,28995.0,29.67793846130371,0.2920087628627213,0,,,,,0,0,0.0,-90453464.87720063,0.0,-40453464.87720063,,,,
2021-06-04,29120.0,29.53774642944336,-0.7605470510035771,0,,,,,0,0,0.0,-90453464.87720063,0.0,-40453464.87720063,,,,
2021-06-05,29120.0,29.53774642944336,-0.8446036108676168,0,,,,,0,0,0.0,-90453464.87720063,0.0,-40453464.87720063,,,,
2021-06-06,29120.0,29.53774642944336,-0.8167154929334827,0,,,,,0,0,0.0,-90453464.87720063,0.0,-40453464.87720063,,,,
2021-06-07,29140.0,29.613231658935547,-0.6224067131287008,0,,,,,0,0,0.0,-90453464.87720063,0.0,-40453464.87720063,,,,
2021-06-08,28985.0,29.440683364868164,-0.2115027349321939,0,,,,,0,0,0.0,-90453464.87720063,0.0,-40453464.87720063,,,,
2021-06-09,28825.0,29.225004196166992,0.02828360575507885,0,,,,,0,0,0.0,-90453464.87720063,0.0,-40453464.87720063,,,,
2021-06-10,28975.0,29.67793846130371,0.6690899530568415,0,,,,,0,0,0.0,-90453464.87720063,0.0,-40453464.87720063,,,,
2021-06-11,28905.0,29.785778045654297,1.3618221735317557,0,,,,,0,0,0.0,-90453464.87720063,0.0,-40453464.87720063,,,,
2021-06-12,28905.0,29.785778045654297,1.2559354942899632,0,,,,,0,0,0.0,-90453464.87720063,0.0,-40453464.87720063,,,,
2021-06-13,28905.0,29.785778045654297,1.1333702579836962,0,,,,,0,0,0.0,-90453464.87720063,0.0,-40453464.87720063,,,,
2021-06-14,29125.0,29.785778045654297,-0.008663870444505043,0,,,,,0,0,0.0,-90453464.87720063,0.0,-40453464.87720063,,,,
2021-06-15,29405.0,29.947546005249023,-1.0145102554597043,0,,,,,0,0,0.0,-90453464.87720063,0.0,-40453464.87720063,,,,
2021-06-16,29255.0,29.915185928344727,-0.34421617750018524,0,,,,,0,0,0.0,-90453464.87720063,0.0,-40453464.87720063,,,,
2021-06-17,28985.0,29.828914642333984,0.9137441887467408,0,,,,,0,0,0.0,-90453464.87720063,0.0,-40453464.87720063,,,,
2021-06-18,28935.0,29.76421356201172,0.9038502553582971,0,,,,,0,0,0.0,-90453464.87720063,0.0,-40453464.87720063,,,,
2021-06-19,28935.0,29.76421356201172,0.8180541014726438,0,,,,,0,0,0.0,-90453464.87720063,0.0,-40453464.87720063,,,,
2021-06-20,28935.0,29.76421356201172,0.7475140686485023,0,,,,,0,0,0.0,-90453464.87720063,0.0,-40453464.87720063,,,,
2021-06-21,27985.0,29.052452087402344,3.0975614063732424,0,,,,,0,0,0.0,-90453464.87720063,0.0,-40453464.87720063,[網格1] 資金不足 ,,,
2021-06-22,28860.0,29.08481216430664,-0.9131859352589983,0,,,,,0,0,0.0,-90453464.87720063,0.0,-40453464.87720063,,,,
2021-06-23,28850.0,29.55931663513184,0.37402357020601346,0,,,,,0,0,0.0,-90453464.87720063,0.0,-40453464.87720063,,,,
2021-06-24,28855.0,29.48382377624512,0.09812792926734971,0,,,,,0,0,0.0,-90453464.87720063,0.0,-40453464.87720063,,,,
2021-06-25,29045.0,29.53774642944336,-0.7018723727995244,0,,,,,0,0,0.0,-90453464.87720063,0.0,-40453464.87720063,,,,
2021-06-26,29045.0,29.53774642944336,-0.7330847824592834,0,,,,,0,0,0.0,-90453464.87720063,0.0,-40453464.87720063,,,,
2021-06-27,29045.0,29.53774642944336,-0.7553384570172318,0,,,,,0,0,0.0,-90453464.87720063,0.0,-40453464.87720063,,,,
2021-06-28,29035.0,29.5916690826416,-0.5637301786375101,0,,,,,0,0,0.0,-90453464.87720063,0.0,-40453464.87720063,,,,
2021-06-29,28800.0,29.67793846130371,0.7988850102543084,0,,,,,0,0,0.0,-90453464.87720063,0.0,-40453464.87720063,,,,
2021-06-30,28780.0,29.9691104888916,1.5252452296610133,0,,,,,0,0,0.0,-90453464.87720063,0.0,-40453464.87720063,,,,
2021-07-01,28695.0,29.828914642333984,1.4208618608223644,0,,,,,0,0,0.0,-90453464.87720063,0.0,-40453464.87720063,,,,
2021-07-02,28775.0,29.828914642333984,1.0048282474038264,0,,,,,0,0,0.0,-90453464.87720063,0.0,-40453464.87720063,,,,
2021-07-03,28775.0,29.828914642333984,0.9496770831067087,0,,,,,0,0,0.0,-90453464.87720063,0.0,-40453464.87720063,,,,
2021-07-04,28775.0,29.828914642333984,0.8619217668762532,0,,,,,0,0,0.0,-90453464.87720063,0.0,-40453464.87720063,,,,
2021-07-05,28775.0,30.10930633544922,1.3890090335413945,0,,,,,0,0,0.0,-90453464.87720063,0.0,-40453464.87720063,,,,
2021-07-06,28640.0,30.14165496826172,1.7735100001644002,0,,,,,0,0,0.0,-90453464.87720063,0.0,-40453464.87720063,,,,
2021-07-07,28365.0,29.979894638061523,2.0739064053036853,0,,,,,0,0,0.0,-90453464.87720063,0.0,-40453464.87720063,[網格1] 資金不足 ,,,
2021-07-08,28120.0,29.947546005249023,2.2893611545533576,0,,,,,0,0,0.0,-90453464.87720063,0.0,-40453464.87720063,[網格1] 資金不足 ,,,
2021-07-09,27890.0,29.71029090881348,2.1144974002885846,0,,,,,0,0,0.0,-90453464.87720063,0.0,-40453464.87720063,[網格1] 資金不足 ,,,
2021-07-10,27890.0,29.71029090881348,1.807825040535958,0,,,,,0,0,0.0,-90453464.87720063,0.0,-40453464.87720063,,,,
2021-07-11,27890.0,29.71029090881348,1.6403258413307418,0,,,,,0,0,0.0,-90453464.87720063,0.0,-40453464.87720063,,,,
2021-07-12,28520.0,29.979894638061523,0.5127153281443536,0,,,,,0,0,0.0,-90453464.87720063,0.0,-40453464.87720063,,,,
2021-07-13,28675.0,30.227924346923828,0.41919363312351493,0,,,,,0,0,0.0,-90453464.87720063,0.0,-40453464.87720063,,,,
2021-07-14,28565.0,30.30341911315918,0.6953072254414445,0,,,,,0,0,0.0,-90453464.87720063,0.0,-40453464.87720063,,,,
2021-07-15,28235.0,30.58380699157715,1.6462891404031292,0,,,,,0,0,0.0,-90453464.87720063,0.0,-40453464.87720063,,,,
2021-07-16,27965.0,30.17400550842285,1.572938528211211,0,,,,,0,0,0.0,-90453464.87720063,0.0,-40453464.87720063,,,,
2021-07-17,27965.0,30.17400550842285,1.4509444959255935,0,,,,,0,0,0.0,-90453464.87720063,0.0,-40453464.87720063,,,,
2021-07-18,27965.0,30.17400550842285,1.3571437175900982,0,,,,,0,0,0.0,-90453464.87720063,0.0,-40453464.87720063,,,,
2021-07-19,27620.0,29.828914642333984,1.5609458280812498,0,,,,,0,0,0.0,-90453464.87720063,0.0,-40453464.87720063,,,,
2021-07-20,27355.0,29.5916690826416,1.6595735113000871,0,,,,,0,0,0.0,-90453464.87720063,0.0,-40453464.87720063,,,,
2021-07-21,27515.0,29.55923080444336,1.120265457806701,0,,,,,0,0,0.0,-90453464.87720063,0.0,-40453464.87720063,,,,
2021-07-22,27515.0,29.764652252197266,1.2785786106286403,0,,,,,0,0,0.0,-90453464.87720063,0.0,-40453464.87720063,,,,
2021-07-23,27520.0,29.764652252197266,1.173861639167058,0,,,,,0,0,0.0,-90453464.87720063,0.0,-40453464.87720063,,,,
2021-07-24,27520.0,29.764652252197266,1.1070158579938751,0,,,,,0,0,0.0,-90453464.87720063,0.0,-40453464.87720063,,,,
2021-07-25,27520.0,29.764652252197266,1.0345098407821303,0,,,,,0,0,0.0,-90453464.87720063,0.0,-40453464.87720063,,,,
2021-07-26,27810.0,29.505170822143555,-0.3853896109423304,0,,,,,0,0,0.0,-90453464.87720063,0.0,-40453464.87720063,,,,
2021-07-27,27945.0,29.494361877441406,-0.8988933972987192,0,,,,,0,0,0.0,-90453464.87720063,0.0,-40453464.87720063,,,,
2021-07-28,27560.0,29.029455184936523,-0.4904756446588554,0,,,,,0,0,0.0,-90453464.87720063,0.0,-40453464.87720063,,,,
2021-07-29,27760.0,29.515979766845703,-0.2439623336962159,0,,,,,0,0,0.0,-90453464.87720063,0.0,-40453464.87720063,,,,
2021-07-30,27265.0,29.418676376342773,1.1357478803219274,0,,,,,0,0,0.0,-90453464.87720063,0.0,-40453464.87720063,,,,
2021-07-31,27265.0,29.418676376342773,1.0323417984978107,0,,,,,0,0,0.0,-90453464.87720063,0.0,-40453464.87720063,,,,
2021-08-01,27265.0,29.418676376342773,0.9698437130065661,0,,,,,0,0,0.0,-90453464.87720063,0.0,-40453464.87720063,,,,
2021-08-02,27765.0,29.81871032714844,-0.14259990356855412,0,,,,,0,0,0.0,-90453464.87720063,0.0,-40453464.87720063,,,,
2021-08-03,27630.0,29.93763732910156,0.6704567771177729,0,,,,,0,0,0.0,-90453464.87720063,0.0,-40453464.87720063,,,,
2021-08-04,27570.0,30.110626220703125,1.3128495975356198,0,,,,,0,0,0.0,-90453464.87720063,0.0,-40453464.87720063,,,,
2021-08-05,27720.0,30.056570053100582,0.39013924383520926,0,,,,,0,0,0.0,-90453464.87720063,0.0,-40453464.87720063,,,,
2021-08-06,27810.0,30.01332092285156,-0.18466656748007315,0,,,,,0,0,0.0,-90453464.87720063,0.0,-40453464.87720063,,,,
2021-08-07,27810.0,30.01332092285156,-0.20171148687562118,0,,,,,0,0,0.0,-90453464.87720063,0.0,-40453464.87720063,,,,
2021-08-08,27810.0,30.01332092285156,-0.18050117349387915,0,,,,,0,0,0.0,-90453464.87720063,0.0,-40453464.87720063,,,,
2021-08-09,27815.0,29.92682647705078,-0.38555313313789474,0,,,,,0,0,0.0,-90453464.87720063,0.0,-40453464.87720063,,,,
2021-08-10,27885.0,29.764652252197266,-1.0947635517690728,0,,,,,0,0,0.0,-90453464.87720063,0.0,-40453464.87720063,,,,
2021-08-11,28070.0,29.66735076904297,-1.912679274152466,0,,,,,0,0,0.0,-90453464.87720063,0.0,-40453464.87720063,,,,
2021-08-12,28015.0,29.613290786743164,-1.581069043664822,0,,,,,0,0,0.0,-90453464.87720063,0.0,-40453464.87720063,,,,
2021-08-13,27900.0,29.33218574523925,-1.5482269536631397,0,,,,,0,0,0.0,-90453464.87720063,0.0,-40453464.87720063,,,,
2021-08-14,27900.0,29.33218574523925,-1.380029672074833,0,,,,,0,0,0.0,-90453464.87720063,0.0,-40453464.87720063,,,,
2021-08-15,27900.0,29.33218574523925,-1.296173966851206,0,,,,,0,0,0.0,-90453464.87720063,0.0,-40453464.87720063,,,,
2021-08-16,27660.0,29.26731300354004,-0.5916270723331514,0,,,,,0,0,0.0,-90453464.87720063,0.0,-40453464.87720063,,,,
2021-08-17,27455.0,29.051084518432617,-0.3022013367429636,0,,,,,0,0,0.0,-90453464.87720063,0.0,-40453464.87720063,,,,
2021-08-18,27415.0,29.17000961303711,0.07840517833366249,0,,,,,0,0,0.0,-90453464.87720063,0.0,-40453464.87720063,,,,
2021-08-19,27250.0,28.499679565429688,-0.6597962136173305,0,,,,,0,0,0.0,-90453464.87720063,0.0,-40453464.87720063,,,,
2021-08-20,27260.0,28.272634506225582,-1.0970186066655,0,,,,,0,0,0.0,-90453464.87720063,0.0,-40453464.87720063,,,,
2021-08-21,27260.0,28.272634506225582,-1.0036264407229518,0,,,,,0,0,0.0,-90453464.87720063,0.0,-40453464.87720063,,,,
2021-08-22,27260.0,28.272634506225582,-0.9126746108355303,0,,,,,0,0,0.0,-90453464.87720063,0.0,-40453464.87720063,,,,
2021-08-23,27600.0,29.051084518432617,-0.4370425173324006,0,,,,,0,0,0.0,-90453464.87720063,0.0,-40453464.87720063,,,,
2021-08-24,27765.0,29.13757705688477,-0.9034310250469402,0,,,,,0,0,0.0,-90453464.87720063,0.0,-40453464.87720063,,,,
2021-08-25,27800.0,29.418676376342773,-0.19653937332174515,0,,,,,0,0,0.0,-90453464.87720063,0.0,-40453464.87720063,,,,
2021-08-26,27650.0,29.62409782409668,1.3462250532856166,0,,,,,0,0,0.0,-90453464.87720063,0.0,-40453464.87720063,,,,
2021-08-27,27855.0,29.872766494750977,1.061674911204101,0,,,,,0,0,0.0,-90453464.87720063,0.0,-40453464.87720063,,,,
2021-08-28,27855.0,29.872766494750977,1.1691663691549459,0,,,,,0,0,0.0,-90453464.87720063,0.0,-40453464.87720063,,,,
2021-08-29,27855.0,29.872766494750977,1.234325731016865,0,,,,,0,0,0.0,-90453464.87720063,0.0,-40453464.87720063,,,,
2021-08-30,27695.0,30.164682388305664,2.6075733097236884,0,,,,,0,0,0.0,-90453464.87720063,0.0,-40453464.87720063,[網格1] 資金不足 ,,,
2021-08-31,28070.0,30.34848403930664,1.0439798579046453,0,,,,,0,0,0.0,-90453464.87720063,0.0,-40453464.87720063,,,,
2021-09-01,28535.0,30.48904228210449,-0.9876363445345092,0,,,,,0,0,0.0,-90453464.87720063,0.0,-40453464.87720063,,,,
2021-09-02,28610.0,30.251176834106445,-1.8852066160491205,0,,,,,0,0,0.0,-90453464.87720063,0.0,-40453464.87720063,,,,
2021-09-03,29595.0,30.68364715576172,-3.340906048384579,0,,,,,0,0,0.0,-90453464.87720063,0.0,-40453464.87720063,[網格1] 資金不足 ,,,
2021-09-04,29595.0,30.68364715576172,-2.5636554299969534,0,,,,,0,0,0.0,-90453464.87720063,0.0,-40453464.87720063,[網格1] 資金不足 ,,,
2021-09-05,29595.0,30.68364715576172,-2.107436564074522,0,,,,,0,0,0.0,-90453464.87720063,0.0,-40453464.87720063,[網格1] 資金不足 ,,,
2021-09-06,29595.0,30.824203491210938,-1.6791711337233375,0,,,,,0,0,0.0,-90453464.87720063,0.0,-40453464.87720063,,,,
2021-09-07,29965.0,30.68364715576172,-2.1228409686281893,0,,,,,0,0,0.0,-90453464.87720063,0.0,-40453464.87720063,[網格1] 資金不足 ,,,
2021-09-08,29960.0,30.4133529663086,-1.99053360813496,0,,,,,0,0,0.0,-90453464.87720063,0.0,-40453464.87720063,,,,
2021-09-09,30130.0,30.3376693725586,-1.9516009203299287,0,,,,,0,0,0.0,-90453464.87720063,0.0,-40453464.87720063,,,,
2021-09-10,30340.0,30.694459915161133,-1.6995491227852788,0,,,,,0,0,0.0,-90453464.87720063,0.0,-40453464.87720063,,,,
2021-09-11,30340.0,30.694459915161133,-1.4978705187019443,0,,,,,0,0,0.0,-90453464.87720063,0.0,-40453464.87720063,,,,
2021-09-12,30340.0,30.694459915161133,-1.3358503527791428,0,,,,,0,0,0.0,-90453464.87720063,0.0,-40453464.87720063,,,,
2021-09-13,30410.0,30.586339950561523,-1.3279213964593088,0,,,,,0,0,0.0,-90453464.87720063,0.0,-40453464.87720063,,,,
2021-09-14,30635.0,30.618783950805664,-1.388481619644936,0,,,,,0,0,0.0,-90453464.87720063,0.0,-40453464.87720063,,,,
2021-09-15,30475.0,30.43498039245605,-1.2020526417486053,0,,,,,0,0,0.0,-90453464.87720063,0.0,-40453464.87720063,,,,
2021-09-16,30290.0,30.2944278717041,-0.9885507616929754,0,,,,,0,0,0.0,-90453464.87720063,0.0,-40453464.87720063,,,,
2021-09-17,30470.0,30.38092041015625,-1.036558817230584,0,,,,,0,0,0.0,-90453464.87720063,0.0,-40453464.87720063,,,,
2021-09-18,30470.0,30.38092041015625,-0.9528914884541461,0,,,,,0,0,0.0,-90453464.87720063,0.0,-40453464.87720063,,,,
2021-09-19,30470.0,30.38092041015625,-0.9121774190095443,0,,,,,0,0,0.0,-90453464.87720063,0.0,-40453464.87720063,,,,
2021-09-20,30475.0,30.38092041015625,-0.8911310343268786,0,,,,,0,0,0.0,-90453464.87720063,0.0,-40453464.87720063,,,,
2021-09-21,29815.0,30.38092041015625,0.36151621459197947,0,,,,,0,0,0.0,-90453464.87720063,0.0,-40453464.87720063,,,,
2021-09-22,29615.0,29.66735076904297,0.12085429542310301,0,,,,,0,0,0.0,-90453464.87720063,0.0,-40453464.87720063,,,,
2021-09-23,29615.0,29.840335845947266,0.45579770560235544,0,,,,,0,0,0.0,-90453464.87720063,0.0,-40453464.87720063,,,,
2021-09-24,30230.0,30.197120666503903,-0.5784143568565749,0,,,,,0,0,0.0,-90453464.87720063,0.0,-40453464.87720063,,,,
2021-09-25,30230.0,30.197120666503903,-0.5070796248861611,0,,,,,0,0,0.0,-90453464.87720063,0.0,-40453464.87720063,,,,
2021-09-26,30230.0,30.197120666503903,-0.44998224207896415,0,,,,,0,0,0.0,-90453464.87720063,0.0,-40453464.87720063,,,,
2021-09-27,30225.0,30.27280616760254,-0.1524538466598899,0,,,,,0,0,0.0,-90453464.87720063,0.0,-40453464.87720063,,,,
2021-09-28,30170.0,30.056570053100582,-0.40059204125615944,0,,,,,0,0,0.0,-90453464.87720063,0.0,-40453464.87720063,,,,
2021-09-29,29530.0,29.40786933898925,0.9844718061432698,0,,,,,0,0,0.0,-90453464.87720063,0.0,-40453464.87720063,,,,
2021-09-30,29440.0,29.63491439819336,1.8317936846654554,0,,,,,0,0,0.0,-90453464.87720063,0.0,-40453464.87720063,,,,
2021-10-01,28760.0,28.96458625793457,2.5083082541524244,0,,,,,0,0,0.0,-90453464.87720063,0.0,-40453464.87720063,[網格1] 資金不足 ,,,
2021-10-02,28760.0,28.96458625793457,2.0883552835021835,0,,,,,0,0,0.0,-90453464.87720063,0.0,-40453464.87720063,[網格1] 資金不足 ,,,
2021-10-03,28760.0,28.96458625793457,1.7898057726873005,0,,,,,0,0,0.0,-90453464.87720063,0.0,-40453464.87720063,,,,
2021-10-04,28440.0,28.791597366333008,2.0546339951429133,0,,,,,0,0,0.0,-90453464.87720063,0.0,-40453464.87720063,[網格1] 資金不足 ,,,
2021-10-05,28000.0,28.748353958129883,2.4710702896854624,0,,,,,0,0,0.0,-90453464.87720063,0.0,-40453464.87720063,[網格1] 資金不足 ,,,
2021-10-06,27525.0,28.759164810180664,2.645434645012352,0,,,,,0,0,0.0,-90453464.87720063,0.0,-40453464.87720063,[網格1] 資金不足 ,,,
2021-10-07,27680.0,29.26731300354004,2.3126948155469,0,,,,,0,0,0.0,-90453464.87720063,0.0,-40453464.87720063,[網格1] 資金不足 ,,,
2021-10-08,28000.0,29.018638610839844,1.4329924832207583,0,,,,,0,0,0.0,-90453464.87720063,0.0,-40453464.87720063,,,,
2021-10-09,28000.0,29.018638610839844,1.2883287933547778,0,,,,,0,0,0.0,-90453464.87720063,0.0,-40453464.87720063,,,,
2021-10-10,28000.0,29.018638610839844,1.1667624137873547,0,,,,,0,0,0.0,-90453464.87720063,0.0,-40453464.87720063,,,,
2021-10-11,28450.0,29.018638610839844,0.46422236667836186,0,,,,,0,0,0.0,-90453464.87720063,0.0,-40453464.87720063,,,,
2021-10-12,28185.0,28.726730346679688,0.5485352335894857,0,,,,,0,0,0.0,-90453464.87720063,0.0,-40453464.87720063,,,,
2021-10-13,28095.0,28.6294174194336,0.5403367427797977,0,,,,,0,0,0.0,-90453464.87720063,0.0,-40453464.87720063,,,,
2021-10-14,28510.0,28.70510482788086,-0.07576442298133616,0,,,,,0,0,0.0,-90453464.87720063,0.0,-40453464.87720063,,,,
2021-10-15,29025.0,29.46192169189453,-0.29140386303082866,0,,,,,0,0,0.0,-90453464.87720063,0.0,-40453464.87720063,,,,
2021-10-16,29025.0,29.46192169189453,-0.38246825816001645,0,,,,,0,0,0.0,-90453464.87720063,0.0,-40453464.87720063,,,,
2021-10-17,29025.0,29.46192169189453,-0.4849881990401615,0,,,,,0,0,0.0,-90453464.87720063,0.0,-40453464.87720063,,,,
2021-10-18,28990.0,29.37543296813965,-0.659755309925319,0,,,,,0,0,0.0,-90453464.87720063,0.0,-40453464.87720063,,,,
2021-10-19,29180.0,29.613290786743164,-0.8932208997669442,0,,,,,0,0,0.0,-90453464.87720063,0.0,-40453464.87720063,,,,
2021-10-20,29220.0,29.537607192993164,-1.131983819641446,0,,,,,0,0,0.0,-90453464.87720063,0.0,-40453464.87720063,,,,
2021-10-21,28675.0,29.429487228393555,-0.02811663060343473,0,,,,,0,0,0.0,-90453464.87720063,0.0,-40453464.87720063,,,,
2021-10-22,28775.0,29.515979766845703,-0.19118432527837265,0,,,,,0,0,0.0,-90453464.87720063,0.0,-40453464.87720063,,,,
2021-10-23,28775.0,29.515979766845703,-0.23259349855599948,0,,,,,0,0,0.0,-90453464.87720063,0.0,-40453464.87720063,,,,
2021-10-24,28775.0,29.515979766845703,-0.2424598395127381,0,,,,,0,0,0.0,-90453464.87720063,0.0,-40453464.87720063,,,,
2021-10-25,28575.0,29.494361877441406,0.2530642944705381,0,,,,,0,0,0.0,-90453464.87720063,0.0,-40453464.87720063,,,,
2021-10-26,29080.0,29.74302864074707,-0.6049498960024936,0,,,,,0,0,0.0,-90453464.87720063,0.0,-40453464.87720063,,,,
2021-10-27,29075.0,29.74302864074707,-0.5393635392772285,0,,,,,0,0,0.0,-90453464.87720063,0.0,-40453464.87720063,,,,
2021-10-28,28800.0,29.656532287597656,0.36207687157374113,0,,,,,0,0,0.0,-90453464.87720063,0.0,-40453464.87720063,,,,
2021-10-29,28875.0,29.364622116088867,-0.4845577696053309,0,,,,,0,0,0.0,-90453464.87720063,0.0,-40453464.87720063,,,,
2021-10-30,28875.0,29.364622116088867,-0.4124212021594251,0,,,,,0,0,0.0,-90453464.87720063,0.0,-40453464.87720063,,,,
2021-10-31,28875.0,29.364622116088867,-0.35618870054380475,0,,,,,0,0,0.0,-90453464.87720063,0.0,-40453464.87720063,,,,
2021-11-01,29630.0,29.515979766845703,-2.8993658562246925,0,,,,,0,0,0.0,-90453464.87720063,0.0,-40453464.87720063,[網格1] 資金不足 ,,,
2021-11-02,29505.0,29.46192169189453,-2.125535614784486,0,,,,,0,0,0.0,-90453464.87720063,0.0,-40453464.87720063,[網格1] 資金不足 ,,,
2021-11-03,29510.0,29.537607192993164,-1.715518946907012,0,,,,,0,0,0.0,-90453464.87720063,0.0,-40453464.87720063,,,,
2021-11-04,29785.0,29.44029998779297,-2.3136577418515856,0,,,,,0,0,0.0,-90453464.87720063,0.0,-40453464.87720063,[網格1] 資金不足 ,,,
2021-11-05,29600.0,29.861955642700195,-0.9674158845942904,0,,,,,0,0,0.0,-90453464.87720063,0.0,-40453464.87720063,,,,
2021-11-06,29600.0,29.861955642700195,-0.8957319802650329,0,,,,,0,0,0.0,-90453464.87720063,0.0,-40453464.87720063,,,,
2021-11-07,29600.0,29.861955642700195,-0.8313732390986222,0,,,,,0,0,0.0,-90453464.87720063,0.0,-40453464.87720063,,,,
2021-11-08,29500.0,30.099815368652344,-0.16936809284277105,0,,,,,0,0,0.0,-90453464.87720063,0.0,-40453464.87720063,,,,
2021-11-09,29280.0,30.42416763305664,0.8789196748641033,0,,,,,0,0,0.0,-90453464.87720063,0.0,-40453464.87720063,,,,
2021-11-10,29105.0,30.38092041015625,1.2566755350258174,0,,,,,0,0,0.0,-90453464.87720063,0.0,-40453464.87720063,,,,
2021-11-11,29280.0,30.110626220703125,0.40282119172469244,0,,,,,0,0,0.0,-90453464.87720063,0.0,-40453464.87720063,,,,
2021-11-12,29710.0,30.207931518554688,-0.5580729497650115,0,,,,,0,0,0.0,-90453464.87720063,0.0,-40453464.87720063,,,,
2021-11-13,29710.0,30.207931518554688,-0.4917105220726078,0,,,,,0,0,0.0,-90453464.87720063,0.0,-40453464.87720063,,,,
2021-11-14,29710.0,30.207931518554688,-0.41605095325511054,0,,,,,0,0,0.0,-90453464.87720063,0.0,-40453464.87720063,,,,
2021-11-15,29720.0,30.478227615356445,0.0501825248641968,0,,,,,0,0,0.0,-90453464.87720063,0.0,-40453464.87720063,,,,
2021-11-16,29825.0,30.53228759765625,-0.13442751640862385,0,,,,,0,0,0.0,-90453464.87720063,0.0,-40453464.87720063,,,,
2021-11-17,29560.0,30.62959098815918,0.9395356058988149,0,,,,,0,0,0.0,-90453464.87720063,0.0,-40453464.87720063,,,,
2021-11-18,29610.0,30.802579879760746,1.0690556647269005,0,,,,,0,0,0.0,-90453464.87720063,0.0,-40453464.87720063,,,,
2021-11-19,29625.0,30.87825965881348,1.1228063623843698,0,,,,,0,0,0.0,-90453464.87720063,0.0,-40453464.87720063,,,,
2021-11-20,29625.0,30.87825965881348,1.0892482418768372,0,,,,,0,0,0.0,-90453464.87720063,0.0,-40453464.87720063,,,,
2021-11-21,29625.0,30.87825965881348,0.9911555841684851,0,,,,,0,0,0.0,-90453464.87720063,0.0,-40453464.87720063,,,,
2021-11-22,29675.0,30.802579879760746,0.6193006827447932,0,,,,,0,0,0.0,-90453464.87720063,0.0,-40453464.87720063,,,,
2021-11-23,29745.0,30.510662078857425,-0.21126852197129473,0,,,,,0,0,0.0,-90453464.87720063,0.0,-40453464.87720063,,,,
2021-11-24,29460.0,30.38092041015625,0.4447586660280366,0,,,,,0,0,0.0,-90453464.87720063,0.0,-40453464.87720063,,,,
2021-11-25,29460.0,30.37010955810547,0.3483002658454494,0,,,,,0,0,0.0,-90453464.87720063,0.0,-40453464.87720063,,,,
2021-11-26,28155.0,29.872766494750977,3.179202499401043,0,,,,,0,0,0.0,-90453464.87720063,0.0,-40453464.87720063,[網格1] 資金不足 ,,,
2021-11-27,28155.0,29.872766494750977,2.5050784513176745,0,,,,,0,0,0.0,-90453464.87720063,0.0,-40453464.87720063,[網格1] 資金不足 ,,,
2021-11-28,28155.0,29.872766494750977,2.073774810967399,0,,,,,0,0,0.0,-90453464.87720063,0.0,-40453464.87720063,[網格1] 資金不足 ,,,
2021-11-29,28330.0,29.872766494750977,1.4959128554090912,0,,,,,0,0,0.0,-90453464.87720063,0.0,-40453464.87720063,,,,
2021-11-30,27675.0,29.840335845947266,2.3171683728775547,0,,,,,0,0,0.0,-90453464.87720063,0.0,-40453464.87720063,[網格1] 資金不足 ,,,
2021-12-01,27420.0,30.3376693725586,2.5141498171125685,0,,,,,0,0,0.0,-90453464.87720063,0.0,-40453464.87720063,[網格1] 資金不足 ,,,
2021-12-02,27895.0,30.66202545166016,1.7968209431275497,0,,,,,0,0,0.0,-90453464.87720063,0.0,-40453464.87720063,,,,
2021-12-03,27790.0,30.65122032165528,1.6880738949391432,0,,,,,0,0,0.0,-90453464.87720063,0.0,-40453464.87720063,,,,
2021-12-04,27790.0,30.65122032165528,1.5010961034670887,0,,,,,0,0,0.0,-90453464.87720063,0.0,-40453464.87720063,,,,
2021-12-05,27790.0,30.65122032165528,1.344555827962404,0,,,,,0,0,0.0,-90453464.87720063,0.0,-40453464.87720063,,,,
2021-12-06,28095.0,30.564722061157227,0.8226453091875371,0,,,,,0,0,0.0,-90453464.87720063,0.0,-40453464.87720063,,,,
2021-12-07,28815.0,30.66202545166016,-0.06694103582414893,0,,,,,0,0,0.0,-90453464.87720063,0.0,-40453464.87720063,,,,
2021-12-08,28885.0,30.78095817565918,-0.12050140228070684,0,,,,,0,0,0.0,-90453464.87720063,0.0,-40453464.87720063,,,,
2021-12-09,28625.0,30.70527458190918,0.11260807016723623,0,,,,,0,0,0.0,-90453464.87720063,0.0,-40453464.87720063,,,,
2021-12-10,28385.0,30.694459915161133,0.3678621296340217,0,,,,,0,0,0.0,-90453464.87720063,0.0,-40453464.87720063,,,,
2021-12-11,28385.0,30.694459915161133,0.2996182385970825,0,,,,,0,0,0.0,-90453464.87720063,0.0,-40453464.87720063,,,,
2021-12-12,28385.0,30.694459915161133,0.22305750333837127,0,,,,,0,0,0.0,-90453464.87720063,0.0,-40453464.87720063,,,,
2021-12-13,28595.0,30.59715461730957,-0.3341496675723309,0,,,,,0,0,0.0,-90453464.87720063,0.0,-40453464.87720063,,,,
2021-12-14,28390.0,30.2944278717041,-0.41822060685270324,0,,,,,0,0,0.0,-90453464.87720063,0.0,-40453464.87720063,,,,
2021-12-15,28415.0,30.3376693725586,-0.6528595373621829,0,,,,,0,0,0.0,-90453464.87720063,0.0,-40453464.87720063,,,,
2021-12-16,29025.0,30.71608161926269,-1.537469446949488,0,,,,,0,0,0.0,-90453464.87720063,0.0,-40453464.87720063,,,,
2021-12-17,28505.0,30.68364715576172,-0.32727160292983154,0,,,,,0,0,0.0,-90453464.87720063,0.0,-40453464.87720063,,,,
2021-12-18,28505.0,30.68364715576172,-0.3424896393372724,0,,,,,0,0,0.0,-90453464.87720063,0.0,-40453464.87720063,,,,
2021-12-19,28505.0,30.68364715576172,-0.38739601508976573,0,,,,,0,0,0.0,-90453464.87720063,0.0,-40453464.87720063,,,,
2021-12-20,27900.0,30.4133529663086,0.744316917402875,0,,,,,0,0,0.0,-90453464.87720063,0.0,-40453464.87720063,,,,
2021-12-21,28485.0,30.672840118408203,-0.2781549662271271,0,,,,,0,0,0.0,-90453464.87720063,0.0,-40453464.87720063,,,,
2021-12-22,28530.0,30.672840118408203,-0.33225626762607485,0,,,,,0,0,0.0,-90453464.87720063,0.0,-40453464.87720063,,,,
2021-12-23,28765.0,30.8458194732666,-0.6646547443294348,0,,,,,0,0,0.0,-90453464.87720063,0.0,-40453464.87720063,,,,
2021-12-24,28765.0,30.932315826416016,-0.43319654922791845,0,,,,,0,0,0.0,-90453464.87720063,0.0,-40453464.87720063,,,,
2021-12-25,28765.0,30.932315826416016,-0.35406164621726105,0,,,,,0,0,0.0,-90453464.87720063,0.0,-40453464.87720063,,,,
2021-12-26,28765.0,30.932315826416016,-0.2721575152360454,0,,,,,0,0,0.0,-90453464.87720063,0.0,-40453464.87720063,,,,
2021-12-27,28650.0,31.17016792297364,0.8871283972750279,0,,,,,0,0,0.0,-90453464.87720063,0.0,-40453464.87720063,,,,
2021-12-28,29045.0,31.41884994506836,-0.5065985644213394,0,,,,,0,0,0.0,-90453464.87720063,0.0,-40453464.87720063,,,,
2021-12-29,28885.0,31.55939483642578,0.7280006575865796,0,,,,,0,0,0.0,-90453464.87720063,0.0,-40453464.87720063,,,,
2021-12-30,28770.0,31.46208572387696,1.0278500485478346,0,,,,,0,0,0.0,-90453464.87720063,0.0,-40453464.87720063,,,,
2021-12-31,28770.0,31.46208572387696,1.0036656989287953,0,,,,,0,0,0.0,-90453464.87720063,0.0,-40453464.87720063,,,,
2022-01-01,28770.0,31.46208572387696,0.9803145757511986,0,,,,,0,0,0.0,-90453464.87720063,0.0,-40453464.87720063,,,,
2022-01-02,28770.0,31.46208572387696,0.8894945803644607,0,,,,,0,0,0.0,-90453464.87720063,0.0,-40453464.87720063,,,,
2022-01-03,28775.0,31.656702041625977,1.2779627053227571,0,,,,,0,0,0.0,-90453464.87720063,0.0,-40453464.87720063,,,,
2022-01-04,29290.0,32.34865188598633,0.5920696342064506,0,,,,,0,0,0.0,-90453464.87720063,0.0,-40453464.87720063,,,,
2022-01-05,29320.0,32.28377914428711,0.14976565164375058,0,,,,,0,0,0.0,-90453464.87720063,0.0,-40453464.87720063,,,,
2022-01-06,28475.0,31.981050491333008,2.985323664433825,0,,,,,0,0,0.0,-90453464.87720063,0.0,-40453464.87720063,[網格1] 資金不足 ,,,
2022-01-07,28470.0,31.699949264526367,1.93128605439123,0,,,,,0,0,0.0,-90453464.87720063,0.0,-40453464.87720063,,,,
2022-01-08,28470.0,31.699949264526367,1.6748517512830672,0,,,,,0,0,0.0,-90453464.87720063,0.0,-40453464.87720063,,,,
2022-01-09,28470.0,31.699949264526367,1.581543476371999,0,,,,,0,0,0.0,-90453464.87720063,0.0,-40453464.87720063,,,,
2022-01-10,28475.0,31.90537643432617,1.7108391308629642,0,,,,,0,0,0.0,-90453464.87720063,0.0,-40453464.87720063,,,,
2022-01-11,28220.0,32.06754684448242,2.294630471314007,0,,,,,0,0,0.0,-90453464.87720063,0.0,-40453464.87720063,[網格1] 資金不足 ,,,
2022-01-12,28765.0,32.337833404541016,1.0667840778797364,0,,,,,0,0,0.0,-90453464.87720063,0.0,-40453464.87720063,,,,
2022-01-13,28490.0,32.5000114440918,1.8373027608286991,0,,,,,0,0,0.0,-90453464.87720063,0.0,-40453464.87720063,,,,
2022-01-14,28085.0,32.5000114440918,2.3706345246634646,0,,,,,0,0,0.0,-90453464.87720063,0.0,-40453464.87720063,[網格1] 資金不足 ,,,
2022-01-15,28085.0,32.5000114440918,2.0215794125929034,0,,,,,0,0,0.0,-90453464.87720063,0.0,-40453464.87720063,[網格1] 資金不足 ,,,
2022-01-16,28085.0,32.5000114440918,1.7467971037168137,0,,,,,0,0,0.0,-90453464.87720063,0.0,-40453464.87720063,,,,
2022-01-17,28085.0,32.86761474609375,1.8888514965997478,0,,,,,0,0,0.0,-90453464.87720063,0.0,-40453464.87720063,,,,
2022-01-18,28225.0,32.5000114440918,1.1038742506061643,0,,,,,0,0,0.0,-90453464.87720063,0.0,-40453464.87720063,,,,
2022-01-19,27435.0,32.11079025268555,1.8866153753286985,0,,,,,0,0,0.0,-90453464.87720063,0.0,-40453464.87720063,,,,
2022-01-20,27745.0,32.24053192138672,1.31710657671573,0,,,,,0,0,0.0,-90453464.87720063,0.0,-40453464.87720063,,,,
2022-01-21,27495.0,31.52235412597656,0.9504634269037384,0,,,,,0,0,0.0,-90453464.87720063,0.0,-40453464.87720063,,,,
2022-01-22,27495.0,31.52235412597656,0.8636400481637317,0,,,,,0,0,0.0,-90453464.87720063,0.0,-40453464.87720063,,,,
2022-01-23,27495.0,31.52235412597656,0.7808832041648868,0,,,,,0,0,0.0,-90453464.87720063,0.0,-40453464.87720063,,,,
2022-01-24,27565.0,31.820680618286133,0.8957720019206633,0,,,,,0,0,0.0,-90453464.87720063,0.0,-40453464.87720063,,,,
2022-01-25,27110.0,31.301380157470703,1.1927252603573668,0,,,,,0,0,0.0,-90453464.87720063,0.0,-40453464.87720063,,,,
2022-01-26,26990.0,31.279281616210938,1.2976433568638812,0,,,,,0,0,0.0,-90453464.87720063,0.0,-40453464.87720063,,,,
2022-01-27,26150.0,31.279281616210938,2.5627770482887455,0,,,,,0,0,0.0,-90453464.87720063,0.0,-40453464.87720063,[網格1] 資金不足 ,,,
2022-01-28,26700.0,31.279281616210938,1.3511269863632949,0,,,,,0,0,0.0,-90453464.87720063,0.0,-40453464.87720063,,,,
2022-01-29,26700.0,31.279281616210938,1.2518911964002442,0,,,,,0,0,0.0,-90453464.87720063,0.0,-40453464.87720063,,,,
2022-01-30,26700.0,31.279281616210938,1.161530245116903,0,,,,,0,0,0.0,-90453464.87720063,0.0,-40453464.87720063,,,,
2022-01-31,26990.0,31.279281616210938,0.45065752654364505,0,,,,,0,0,0.0,-90453464.87720063,0.0,-40453464.87720063,,,,
2022-02-01,27065.0,31.279281616210938,0.17935183713268504,0,,,,,0,0,0.0,-90453464.87720063,0.0,-40453464.87720063,,,,
2022-02-02,27525.0,31.279281616210938,-1.1700978068213477,0,,,,,0,0,0.0,-90453464.87720063,0.0,-40453464.87720063,,,,
2022-02-03,27235.0,31.279281616210938,-0.3661847027317788,0,,,,,0,0,0.0,-90453464.87720063,0.0,-40453464.87720063,,,,
2022-02-04,27435.0,31.279281616210938,-0.9388883655913001,0,,,,,0,0,0.0,-90453464.87720063,0.0,-40453464.87720063,,,,
2022-02-05,27435.0,31.279281616210938,-0.929012042227288,0,,,,,0,0,0.0,-90453464.87720063,0.0,-40453464.87720063,,,,
2022-02-06,27435.0,31.279281616210938,-0.8759525481226474,0,,,,,0,0,0.0,-90453464.87720063,0.0,-40453464.87720063,,,,
2022-02-07,27245.0,31.44501495361328,-0.1350864540771006,0,,,,,0,0,0.0,-90453464.87720063,0.0,-40453464.87720063,,,,
2022-02-08,27285.0,31.57761001586914,-0.011493456801902108,0,,,,,0,0,0.0,-90453464.87720063,0.0,-40453464.87720063,,,,
2022-02-09,27580.0,31.688087463378903,-0.6703498852241976,0,,,,,0,0,0.0,-90453464.87720063,0.0,-40453464.87720063,,,,
2022-02-10,27385.0,32.052703857421875,0.4423301056079746,0,,,,,0,0,0.0,-90453464.87720063,0.0,-40453464.87720063,,,,
2022-02-11,26930.0,32.03060531616211,1.5356457669350951,0,,,,,0,0,0.0,-90453464.87720063,0.0,-40453464.87720063,,,,
2022-02-12,26930.0,32.03060531616211,1.3683591315967496,0,,,,,0,0,0.0,-90453464.87720063,0.0,-40453464.87720063,,,,
2022-02-13,26930.0,32.03060531616211,1.2277853880799117,0,,,,,0,0,0.0,-90453464.87720063,0.0,-40453464.87720063,,,,
2022-02-14,27055.0,31.533403396606445,0.14685396045674629,0,,,,,0,0,0.0,-90453464.87720063,0.0,-40453464.87720063,,,,
2022-02-15,27445.0,31.3897705078125,-1.0048780181173567,0,,,,,0,0,0.0,-90453464.87720063,0.0,-40453464.87720063,,,,
2022-02-16,27460.0,31.90907096862793,-0.20609987181911602,0,,,,,0,0,0.0,-90453464.87720063,0.0,-40453464.87720063,,,,
2022-02-17,26880.0,31.93116950988769,1.4550203607947314,0,,,,,0,0,0.0,-90453464.87720063,0.0,-40453464.87720063,,,,
2022-02-18,26845.0,31.8427734375,1.3493753362403618,0,,,,,0,0,0.0,-90453464.87720063,0.0,-40453464.87720063,,,,
2022-02-19,26845.0,31.8427734375,1.2907262899936847,0,,,,,0,0,0.0,-90453464.87720063,0.0,-40453464.87720063,,,,
2022-02-20,26845.0,31.8427734375,1.1804521904811742,0,,,,,0,0,0.0,-90453464.87720063,0.0,-40453464.87720063,,,,
2022-02-21,26845.0,31.776487350463867,0.9928396529532669,0,,,,,0,0,0.0,-90453464.87720063,0.0,-40453464.87720063,,,,
2022-02-22,26655.0,31.3455810546875,0.7794329746592998,0,,,,,0,0,0.0,-90453464.87720063,0.0,-40453464.87720063,,,,
2022-02-23,26330.0,31.433969497680664,1.5481721025642279,0,,,,,0,0,0.0,-90453464.87720063,0.0,-40453464.87720063,,,,
2022-02-24,26260.0,30.671600341796875,0.5810020291309685,0,,,,,0,0,0.0,-90453464.87720063,0.0,-40453464.87720063,,,,
2022-02-25,26980.0,30.605302810668945,-1.4281983411540484,0,,,,,0,0,0.0,-90453464.87720063,0.0,-40453464.87720063,,,,
2022-02-26,26980.0,30.605302810668945,-1.4622317192081293,0,,,,,0,0,0.0,-90453464.87720063,0.0,-40453464.87720063,,,,
2022-02-27,26980.0,30.605302810668945,-1.387375128274932,0,,,,,0,0,0.0,-90453464.87720063,0.0,-40453464.87720063,,,,
2022-02-28,26650.0,30.605302810668945,-0.5424419055436042,0,,,,,0,0,0.0,-90453464.87720063,0.0,-40453464.87720063,,,,
2022-03-01,26425.0,31.03621292114257,0.609902390298961,0,,,,,0,0,0.0,-90453464.87720063,0.0,-40453464.87720063,,,,
2022-03-02,26670.0,30.85942840576172,-0.3449661030745212,0,,,,,0,0,0.0,-90453464.87720063,0.0,-40453464.87720063,,,,
2022-03-03,26370.0,30.925724029541016,0.5977872024219063,0,,,,,0,0,0.0,-90453464.87720063,0.0,-40453464.87720063,,,,
2022-03-04,25870.0,30.594253540039062,1.3784486768930884,0,,,,,0,0,0.0,-90453464.87720063,0.0,-40453464.87720063,,,,
2022-03-05,25870.0,30.594253540039062,1.2984634570307367,0,,,,,0,0,0.0,-90453464.87720063,0.0,-40453464.87720063,,,,
2022-03-06,25870.0,30.594253540039062,1.171793146614827,0,,,,,0,0,0.0,-90453464.87720063,0.0,-40453464.87720063,,,,
2022-03-07,25030.0,29.610912322998047,1.6979958876605556,0,,,,,0,0,0.0,-90453464.87720063,0.0,-40453464.87720063,,,,
2022-03-08,24805.0,28.981121063232425,1.2426018412103281,0,,,,,0,0,0.0,-90453464.87720063,0.0,-40453464.87720063,,,,
2022-03-09,25395.0,29.279443740844727,0.20948615459796824,0,,,,,0,0,0.0,-90453464.87720063,0.0,-40453464.87720063,,,,
2022-03-10,25305.0,30.130203247070312,1.4418715900893102,0,,,,,0,0,0.0,-90453464.87720063,0.0,-40453464.87720063,,,,
2022-03-11,25090.0,29.69929885864257,1.2569599760770302,0,,,,,0,0,0.0,-90453464.87720063,0.0,-40453464.87720063,,,,
2022-03-12,25090.0,29.69929885864257,1.151692243291248,0,,,,,0,0,0.0,-90453464.87720063,0.0,-40453464.87720063,,,,
2022-03-13,25090.0,29.69929885864257,1.0555545075340493,0,,,,,0,0,0.0,-90453464.87720063,0.0,-40453464.87720063,,,,
2022-03-14,25225.0,29.69929885864257,0.7171813354143451,0,,,,,0,0,0.0,-90453464.87720063,0.0,-40453464.87720063,,,,
2022-03-15,25595.0,29.091609954833984,-0.6639729998959734,0,,,,,0,0,0.0,-90453464.87720063,0.0,-40453464.87720063,,,,
2022-03-16,26335.0,29.21314811706543,-1.7574394791896948,0,,,,,0,0,0.0,-90453464.87720063,0.0,-40453464.87720063,,,,
2022-03-17,26685.0,30.141254425048828,-1.451461684691081,0,,,,,0,0,0.0,-90453464.87720063,0.0,-40453464.87720063,,,,
2022-03-18,27240.0,30.07495880126953,-2.2601034948976175,0,,,,,0,0,0.0,-90453464.87720063,0.0,-40453464.87720063,[網格1] 資金不足 ,,,
2022-03-19,27240.0,30.07495880126953,-2.0427271177243638,0,,,,,0,0,0.0,-90453464.87720063,0.0,-40453464.87720063,[網格1] 資金不足 ,,,
2022-03-20,27240.0,30.07495880126953,-1.8089086245923245,0,,,,,0,0,0.0,-90453464.87720063,0.0,-40453464.87720063,,,,
2022-03-21,27265.0,30.27383613586425,-1.494627097007875,0,,,,,0,0,0.0,-90453464.87720063,0.0,-40453464.87720063,,,,
2022-03-22,27685.0,30.22964668273925,-1.8077056912288936,0,,,,,0,0,0.0,-90453464.87720063,0.0,-40453464.87720063,,,,
2022-03-23,27610.0,30.51691627502441,-1.3615697470382038,0,,,,,0,0,0.0,-90453464.87720063,0.0,-40453464.87720063,,,,
2022-03-24,28330.0,30.49482154846192,-1.8678218929827515,0,,,,,0,0,0.0,-90453464.87720063,0.0,-40453464.87720063,,,,
2022-03-25,28265.0,30.53900909423828,-1.5578798125461522,0,,,,,0,0,0.0,-90453464.87720063,0.0,-40453464.87720063,,,,
2022-03-26,28265.0,30.53900909423828,-1.3862922539985674,0,,,,,0,0,0.0,-90453464.87720063,0.0,-40453464.87720063,,,,
2022-03-27,28265.0,30.53900909423828,-1.2512458250376508,0,,,,,0,0,0.0,-90453464.87720063,0.0,-40453464.87720063,,,,
2022-03-28,28200.0,30.20754623413086,-1.2330595355484324,0,,,,,0,0,0.0,-90453464.87720063,0.0,-40453464.87720063,,,,
2022-03-29,28625.0,30.240692138671875,-1.4328189035499739,0,,,,,0,0,0.0,-90453464.87720063,0.0,-40453464.87720063,,,,
2022-03-30,27790.0,30.616352081298828,-0.41562355496497505,0,,,,,0,0,0.0,-90453464.87720063,0.0,-40453464.87720063,,,,
2022-03-31,27515.0,30.51691627502441,-0.12130263422555745,0,,,,,0,0,0.0,-90453464.87720063,0.0,-40453464.87720063,,,,
2022-04-01,27770.0,30.26279258728028,-0.4607895988447259,0,,,,,0,0,0.0,-90453464.87720063,0.0,-40453464.87720063,,,,
2022-04-02,27770.0,30.26279258728028,-0.3821982131304041,0,,,,,0,0,0.0,-90453464.87720063,0.0,-40453464.87720063,,,,
2022-04-03,27770.0,30.26279258728028,-0.2945419573853389,0,,,,,0,0,0.0,-90453464.87720063,0.0,-40453464.87720063,,,,
2022-04-04,28005.0,30.26279258728028,-0.6630211196476292,0,,,,,0,0,0.0,-90453464.87720063,0.0,-40453464.87720063,,,,
2022-04-05,27540.0,30.26279258728028,0.4130409181117465,0,,,,,0,0,0.0,-90453464.87720063,0.0,-40453464.87720063,,,,
2022-04-06,27100.0,30.10810661315918,1.3962351190355151,0,,,,,0,0,0.0,-90453464.87720063,0.0,-40453464.87720063,,,,
2022-04-07,27035.19921875,29.56671142578125,0.8127933303481877,0,,,,,0,0,0.0,-90453464.87720063,0.0,-40453464.87720063,,,,
2022-04-08,26965.0,29.73244285583496,1.2017742000501963,0,,,,,0,0,0.0,-90453464.87720063,0.0,-40453464.87720063,,,,
2022-04-09,26965.0,29.73244285583496,1.1775762469751228,0,,,,,0,0,0.0,-90453464.87720063,0.0,-40453464.87720063,,,,
2022-04-10,26965.0,29.73244285583496,1.1789528655853547,0,,,,,0,0,0.0,-90453464.87720063,0.0,-40453464.87720063,,,,
2022-04-11,26695.0,29.268394470214844,1.1063184283005096,0,,,,,0,0,0.0,-90453464.87720063,0.0,-40453464.87720063,,,,
2022-04-12,26260.0,29.29049301147461,1.8956893250582818,0,,,,,0,0,0.0,-90453464.87720063,0.0,-40453464.87720063,,,,
2022-04-13,26895.0,29.842937469482425,1.0816802084328576,0,,,,,0,0,0.0,-90453464.87720063,0.0,-40453464.87720063,,,,
2022-04-14,26885.0,29.73244285583496,0.8762827926752113,0,,,,,0,0,0.0,-90453464.87720063,0.0,-40453464.87720063,,,,
2022-04-15,26885.0,29.22420120239257,0.18839798501355753,0,,,,,0,0,0.0,-90453464.87720063,0.0,-40453464.87720063,,,,
2022-04-16,26885.0,29.22420120239257,0.12121966119207066,0,,,,,0,0,0.0,-90453464.87720063,0.0,-40453464.87720063,,,,
2022-04-17,26885.0,29.22420120239257,0.03352843322434972,0,,,,,0,0,0.0,-90453464.87720063,0.0,-40453464.87720063,,,,
2022-04-18,26820.0,29.069515228271484,-0.24116837736028146,0,,,,,0,0,0.0,-90453464.87720063,0.0,-40453464.87720063,,,,
2022-04-19,27215.0,29.168954849243164,-1.3678208718205005,0,,,,,0,0,0.0,-90453464.87720063,0.0,-40453464.87720063,,,,
2022-04-20,27145.0,29.31258583068848,-0.7779522775401648,0,,,,,0,0,0.0,-90453464.87720063,0.0,-40453464.87720063,,,,
2022-04-21,27150.0,29.334686279296875,-0.7822165439848223,0,,,,,0,0,0.0,-90453464.87720063,0.0,-40453464.87720063,,,,
2022-04-22,26730.0,29.080564498901367,0.1209298045975816,0,,,,,0,0,0.0,-90453464.87720063,0.0,-40453464.87720063,,,,
2022-04-23,26730.0,29.080564498901367,0.05568088216653479,0,,,,,0,0,0.0,-90453464.87720063,0.0,-40453464.87720063,,,,
2022-04-24,26730.0,29.080564498901367,-0.06977179170435105,0,,,,,0,0,0.0,-90453464.87720063,0.0,-40453464.87720063,,,,
2022-04-25,26775.0,28.56127166748047,-1.4516102531760315,0,,,,,0,0,0.0,-90453464.87720063,0.0,-40453464.87720063,,,,
2022-04-26,26030.0,28.56127166748047,1.571648041518279,0,,,,,0,0,0.0,-90453464.87720063,0.0,-40453464.87720063,,,,
2022-04-27,26370.0,27.96463203430176,-1.0577630152327866,0,,,,,0,0,0.0,-90453464.87720063,0.0,-40453464.87720063,,,,
2022-04-28,27265.0,28.086166381835938,-2.9359554241449994,0,,,,,0,0,0.0,-90453464.87720063,0.0,-40453464.87720063,[網格1] 資金不足 ,,,
2022-04-29,26720.0,28.45078086853028,-0.7401360620874914,0,,,,,0,0,0.0,-90453464.87720063,0.0,-40453464.87720063,,,,
2022-04-30,26720.0,28.45078086853028,-0.6714867930622436,0,,,,,0,0,0.0,-90453464.87720063,0.0,-40453464.87720063,,,,
2022-05-01,26720.0,28.45078086853028,-0.6053712530786589,0,,,,,0,0,0.0,-90453464.87720063,0.0,-40453464.87720063,,,,
2022-05-02,26855.0,28.45078086853028,-0.9253774327089276,0,,,,,0,0,0.0,-90453464.87720063,0.0,-40453464.87720063,,,,
2022-05-03,27060.0,28.2408504486084,-1.7103618649795969,0,,,,,0,0,0.0,-90453464.87720063,0.0,-40453464.87720063,,,,
2022-05-04,27420.0,28.2408504486084,-2.2971179780973374,0,,,,,0,0,0.0,-90453464.87720063,0.0,-40453464.87720063,[網格1] 資金不足 ,,,
2022-05-05,26735.0,28.56127166748047,0.04932080697355338,0,,,,,0,0,0.0,-90453464.87720063,0.0,-40453464.87720063,,,,
2022-05-06,26890.0,27.98672676086425,-1.121880718686259,0,,,,,0,0,0.0,-90453464.87720063,0.0,-40453464.87720063,,,,
2022-05-07,26890.0,27.98672676086425,-1.01460031308284,0,,,,,0,0,0.0,-90453464.87720063,0.0,-40453464.87720063,,,,
2022-05-08,26890.0,27.98672676086425,-0.9188491654157398,0,,,,,0,0,0.0,-90453464.87720063,0.0,-40453464.87720063,,,,
2022-05-09,25970.0,27.522676467895508,0.7304705511806345,0,,,,,0,0,0.0,-90453464.87720063,0.0,-40453464.87720063,,,,
2022-05-10,26085.0,27.401138305664062,0.2661403462507048,0,,,,,0,0,0.0,-90453464.87720063,0.0,-40453464.87720063,,,,
2022-05-11,25810.0,27.44533348083496,0.9705534993343568,0,,,,,0,0,0.0,-90453464.87720063,0.0,-40453464.87720063,,,,
2022-05-12,25801.220703125,26.79345321655273,0.12901512904614473,0,,,,,0,0,0.0,-90453464.87720063,0.0,-40453464.87720063,,,,
2022-05-13,26675.0,27.036527633666992,-1.5481824797052255,0,,,,,0,0,0.0,-90453464.87720063,0.0,-40453464.87720063,,,,
2022-05-14,26675.0,27.036527633666992,-1.386937677836608,0,,,,,0,0,0.0,-90453464.87720063,0.0,-40453464.87720063,,,,
2022-05-15,26675.0,27.036527633666992,-1.2454715580609588,0,,,,,0,0,0.0,-90453464.87720063,0.0,-40453464.87720063,,,,
2022-05-16,26500.0,27.18016242980957,-0.5935217349186057,0,,,,,0,0,0.0,-90453464.87720063,0.0,-40453464.87720063,,,,
2022-05-17,26825.0,27.47848320007324,-0.9189519440220416,0,,,,,0,0,0.0,-90453464.87720063,0.0,-40453464.87720063,,,,
2022-05-18,26295.0,27.77680015563965,0.8664629793993287,0,,,,,0,0,0.0,-90453464.87720063,0.0,-40453464.87720063,,,,
2022-05-19,26370.0,27.246456146240234,-0.11334210675597801,0,,,,,0,0,0.0,-90453464.87720063,0.0,-40453464.87720063,,,,
2022-05-20,26715.0,27.54477500915528,-0.541406489687195,0,,,,,0,0,0.0,-90453464.87720063,0.0,-40453464.87720063,,,,
2022-05-21,26715.0,27.54477500915528,-0.47781556478865456,0,,,,,0,0,0.0,-90453464.87720063,0.0,-40453464.87720063,,,,
2022-05-22,26715.0,27.54477500915528,-0.42689638138530434,0,,,,,0,0,0.0,-90453464.87720063,0.0,-40453464.87720063,,,,
2022-05-23,27085.0,27.600021362304688,-1.2830265532990015,0,,,,,0,0,0.0,-90453464.87720063,0.0,-40453464.87720063,,,,
2022-05-24,26675.0,27.290651321411133,-0.6856205713267456,0,,,,,0,0,0.0,-90453464.87720063,0.0,-40453464.87720063,,,,
2022-05-25,26790.0,27.500577926635746,-0.6020806194346372,0,,,,,0,0,0.0,-90453464.87720063,0.0,-40453464.87720063,,,,
2022-05-26,26960.0,27.15806579589844,-1.4782321282524444,0,,,,,0,0,0.0,-90453464.87720063,0.0,-40453464.87720063,,,,
2022-05-27,27140.0,27.73260498046875,-1.005934823273755,0,,,,,0,0,0.0,-90453464.87720063,0.0,-40453464.87720063,,,,
2022-05-28,27140.0,27.73260498046875,-0.9308551040874581,0,,,,,0,0,0.0,-90453464.87720063,0.0,-40453464.87720063,,,,
2022-05-29,27140.0,27.73260498046875,-0.8579447723762175,0,,,,,0,0,0.0,-90453464.87720063,0.0,-40453464.87720063,,,,
2022-05-30,27140.0,28.40658187866211,0.28409896366208254,0,,,,,0,0,0.0,-90453464.87720063,0.0,-40453464.87720063,,,,
2022-05-31,27180.0,28.682804107666016,0.9087476336939673,0,,,,,0,0,0.0,-90453464.87720063,0.0,-40453464.87720063,,,,
2022-06-01,27430.0,28.539167404174805,-0.23100846224669472,0,,,,,0,0,0.0,-90453464.87720063,0.0,-40453464.87720063,,,,
2022-06-02,27775.0,28.2408504486084,-2.057724419091672,0,,,,,0,0,0.0,-90453464.87720063,0.0,-40453464.87720063,[網格1] 資金不足 ,,,
2022-06-03,27575.0,28.2408504486084,-1.216273365117115,0,,,,,0,0,0.0,-90453464.87720063,0.0,-40453464.87720063,,,,
2022-06-04,27575.0,28.2408504486084,-1.138091838864257,0,,,,,0,0,0.0,-90453464.87720063,0.0,-40453464.87720063,,,,
2022-06-05,27575.0,28.2408504486084,-1.0309603354509522,0,,,,,0,0,0.0,-90453464.87720063,0.0,-40453464.87720063,,,,
2022-06-06,28025.0,28.43973159790039,-1.8690091470677999,0,,,,,0,0,0.0,-90453464.87720063,0.0,-40453464.87720063,,,,
2022-06-07,28210.0,28.152462005615234,-2.5550356169078943,0,,,,,0,0,0.0,-90453464.87720063,0.0,-40453464.87720063,[網格1] 資金不足 ,,,
2022-06-08,28150.0,28.461828231811523,-1.6566823269566975,0,,,,,0,0,0.0,-90453464.87720063,0.0,-40453464.87720063,,,,
2022-06-09,27970.0,28.373437881469727,-1.1567365703900843,0,,,,,0,0,0.0,-90453464.87720063,0.0,-40453464.87720063,,,,
2022-06-10,27330.0,28.086166381835938,0.2527318640358699,0,,,,,0,0,0.0,-90453464.87720063,0.0,-40453464.87720063,,,,
2022-06-11,27330.0,28.086166381835938,0.3092064994599889,0,,,,,0,0,0.0,-90453464.87720063,0.0,-40453464.87720063,,,,
2022-06-12,27330.0,28.086166381835938,0.30452395190082115,0,,,,,0,0,0.0,-90453464.87720063,0.0,-40453464.87720063,,,,
2022-06-13,26365.0,27.301698684692383,1.7281331892526999,0,,,,,0,0,0.0,-90453464.87720063,0.0,-40453464.87720063,,,,
2022-06-14,26435.0,27.25750541687012,1.3776367133276917,0,,,,,0,0,0.0,-90453464.87720063,0.0,-40453464.87720063,,,,
2022-06-15,26505.0,27.12491798400879,0.9016972768247631,0,,,,,0,0,0.0,-90453464.87720063,0.0,-40453464.87720063,,,,
2022-06-16,25610.0,27.069673538208008,2.485554271286155,0,,,,,0,0,0.0,-90453464.87720063,0.0,-40453464.87720063,[網格1] 資金不足 ,,,
2022-06-17,25960.0,26.705062866210938,1.1657213273862175,0,,,,,0,0,0.0,-90453464.87720063,0.0,-40453464.87720063,,,,
2022-06-18,25960.0,26.705062866210938,1.0676075229304283,0,,,,,0,0,0.0,-90453464.87720063,0.0,-40453464.87720063,,,,
2022-06-19,25960.0,26.705062866210938,1.0249793346217095,0,,,,,0,0,0.0,-90453464.87720063,0.0,-40453464.87720063,,,,
2022-06-20,25960.0,26.46198463439941,0.7580138296522734,0,,,,,0,0,0.0,-90453464.87720063,0.0,-40453464.87720063,,,,
2022-06-21,26460.0,27.003379821777344,0.3570353619861876,0,,,,,0,0,0.0,-90453464.87720063,0.0,-40453464.87720063,,,,
2022-06-22,26205.0,26.4067440032959,0.1465696325885547,0,,,,,0,0,0.0,-90453464.87720063,0.0,-40453464.87720063,,,,
2022-06-23,26235.0,26.05318069458008,-0.33038384586729463,0,,,,,0,0,0.0,-90453464.87720063,0.0,-40453464.87720063,,,,
2022-06-24,26905.0,26.1084213256836,-1.4911645542085563,0,,,,,0,0,0.0,-90453464.87720063,0.0,-40453464.87720063,,,,
2022-06-25,26905.0,26.1084213256836,-1.3715782890576345,0,,,,,0,0,0.0,-90453464.87720063,0.0,-40453464.87720063,,,,
2022-06-26,26905.0,26.1084213256836,-1.325312362884333,0,,,,,0,0,0.0,-90453464.87720063,0.0,-40453464.87720063,,,,
2022-06-27,26735.0,26.72715950012207,-0.489290393771966,0,,,,,0,0,0.0,-90453464.87720063,0.0,-40453464.87720063,,,,
2022-06-28,26820.0,26.47303771972656,-0.9725229901539096,0,,,,,0,0,0.0,-90453464.87720063,0.0,-40453464.87720063,,,,
2022-06-29,26740.0,26.25206184387207,-1.0680817571402204,0,,,,,0,0,0.0,-90453464.87720063,0.0,-40453464.87720063,,,,
2022-06-30,26425.0,25.58913230895996,-1.0960514003440607,0,,,,,0,0,0.0,-90453464.87720063,0.0,-40453464.87720063,,,,
2022-07-01,26315.0,24.649974822998047,-1.6658744757391066,0,,,,,0,0,0.0,-90453464.87720063,0.0,-40453464.87720063,,,,
2022-07-02,26315.0,24.649974822998047,-1.4850213245863657,0,,,,,0,0,0.0,-90453464.87720063,0.0,-40453464.87720063,,,,
2022-07-03,26315.0,24.649974822998047,-1.3274829492902391,0,,,,,0,0,0.0,-90453464.87720063,0.0,-40453464.87720063,,,,
2022-07-04,26315.0,24.406902313232425,-1.3777935839263242,0,,,,,0,0,0.0,-90453464.87720063,0.0,-40453464.87720063,,,,
2022-07-05,26270.0,24.5284423828125,-1.0850595643540863,0,,,,,0,0,0.0,-90453464.87720063,0.0,-40453464.87720063,,,,
2022-07-06,26285.0,24.053340911865234,-1.4411337433158007,0,,,,,0,0,0.0,-90453464.87720063,0.0,-40453464.87720063,,,,
2022-07-07,26672.259765625,24.771509170532227,-1.294029121573563,0,,,,,0,0,0.0,-90453464.87720063,0.0,-40453464.87720063,,,,
2022-07-08,26675.0,25.025638580322266,-0.979220988503195,0,,,,,0,0,0.0,-90453464.87720063,0.0,-40453464.87720063,,,,
2022-07-09,26675.0,25.025638580322266,-0.9178877850906632,0,,,,,0,0,0.0,-90453464.87720063,0.0,-40453464.87720063,,,,
2022-07-10,26675.0,25.025638580322266,-0.8631071215254386,0,,,,,0,0,0.0,-90453464.87720063,0.0,-40453464.87720063,,,,
2022-07-11,26575.0,24.80466079711914,-0.8618955713981036,0,,,,,0,0,0.0,-90453464.87720063,0.0,-40453464.87720063,,,,
2022-07-12,26435.0,24.208023071289062,-1.321512052467207,0,,,,,0,0,0.0,-90453464.87720063,0.0,-40453464.87720063,,,,
2022-07-13,26475.0,25.069833755493164,0.05514105626018699,0,,,,,0,0,0.0,-90453464.87720063,0.0,-40453464.87720063,,,,
2022-07-14,26685.0,25.191370010375977,-0.3641237326936591,0,,,,,0,0,0.0,-90453464.87720063,0.0,-40453464.87720063,,,,
2022-07-15,26945.0,25.522836685180664,-0.5475509292082336,0,,,,,0,0,0.0,-90453464.87720063,0.0,-40453464.87720063,,,,
2022-07-16,26945.0,25.522836685180664,-0.48934729647234665,0,,,,,0,0,0.0,-90453464.87720063,0.0,-40453464.87720063,,,,
2022-07-17,26945.0,25.522836685180664,-0.41754746711009183,0,,,,,0,0,0.0,-90453464.87720063,0.0,-40453464.87720063,,,,
2022-07-18,26890.0,25.635072708129883,0.2065812969679032,0,,,,,0,0,0.0,-90453464.87720063,0.0,-40453464.87720063,,,,
2022-07-19,27350.0,25.657520294189453,-1.9399400961952313,0,,,,,0,0,0.0,-90453464.87720063,0.0,-40453464.87720063,,,,
2022-07-20,27575.0,25.825878143310547,-2.5658075283176403,0,,,,,0,0,0.0,-90453464.87720063,0.0,-40453464.87720063,[網格1] 資金不足 ,,,
2022-07-21,27880.0,26.117691040039062,-2.585712788244496,0,,,,,0,0,0.0,-90453464.87720063,0.0,-40453464.87720063,[網格1] 資金不足 ,,,
2022-07-22,27640.0,26.21870994567871,-1.0539572521703595,0,,,,,0,0,0.0,-90453464.87720063,0.0,-40453464.87720063,,,,
2022-07-23,27640.0,26.21870994567871,-0.9541244905437185,0,,,,,0,0,0.0,-90453464.87720063,0.0,-40453464.87720063,,,,
2022-07-24,27640.0,26.21870994567871,-0.8686295025131309,0,,,,,0,0,0.0,-90453464.87720063,0.0,-40453464.87720063,,,,
2022-07-25,27755.0,26.196260452270508,-1.3205100276775497,0,,,,,0,0,0.0,-90453464.87720063,0.0,-40453464.87720063,,,,
2022-07-26,27425.0,25.960559844970703,-0.3872413831956903,0,,,,,0,0,0.0,-90453464.87720063,0.0,-40453464.87720063,,,,
2022-07-27,28000.0,26.196260452270508,-2.0297754070064316,0,,,,,0,0,0.0,-90453464.87720063,0.0,-40453464.87720063,[網格1] 資金不足 ,,,
2022-07-28,27865.0,26.24115562438965,-1.2368079499817404,0,,,,,0,0,0.0,-90453464.87720063,0.0,-40453464.87720063,,,,
2022-07-29,27990.0,26.48807907104492,-1.0674962213755463,0,,,,,0,0,0.0,-90453464.87720063,0.0,-40453464.87720063,,,,
2022-07-30,27990.0,26.48807907104492,-0.9657420258745705,0,,,,,0,0,0.0,-90453464.87720063,0.0,-40453464.87720063,,,,
2022-07-31,27990.0,26.48807907104492,-0.8740271766539337,0,,,,,0,0,0.0,-90453464.87720063,0.0,-40453464.87720063,,,,
2022-08-01,27905.0,26.409513473510746,-0.6652148945568841,0,,,,,0,0,0.0,-90453464.87720063,0.0,-40453464.87720063,,,,
2022-08-02,27755.0,25.988922119140625,-0.9262522135225087,0,,,,,0,0,0.0,-90453464.87720063,0.0,-40453464.87720063,,,,
2022-08-03,27990.0,26.146364212036133,-1.4058369989764736,0,,,,,0,0,0.0,-90453464.87720063,0.0,-40453464.87720063,,,,
2022-08-04,27880.0,26.213836669921875,-0.7016624264225538,0,,,,,0,0,0.0,-90453464.87720063,0.0,-40453464.87720063,,,,
2022-08-05,28150.0,26.877338409423828,-0.15346301743789878,0,,,,,0,0,0.0,-90453464.87720063,0.0,-40453464.87720063,,,,
2022-08-06,28150.0,26.877338409423828,-0.05073490302166892,0,,,,,0,0,0.0,-90453464.87720063,0.0,-40453464.87720063,,,,
2022-08-07,28150.0,26.877338409423828,0.15412261976576067,0,,,,,0,0,0.0,-90453464.87720063,0.0,-40453464.87720063,,,,
2022-08-08,28140.0,26.82110595703125,0.03468110156504227,0,,,,,0,0,0.0,-90453464.87720063,0.0,-40453464.87720063,,,,
2022-08-09,27830.0,26.79861640930176,2.095236048237018,0,,,,,0,0,0.0,-90453464.87720063,0.0,-40453464.87720063,[網格1] 資金不足 ,,,
2022-08-10,28140.0,26.517473220825195,-1.2904029156834382,0,,,,,0,0,0.0,-90453464.87720063,0.0,-40453464.87720063,,,,
2022-08-11,28120.0,27.00104141235352,0.8352624359740001,0,,,,,0,0,0.0,-90453464.87720063,0.0,-40453464.87720063,,,,
2022-08-12,28710.0,27.16972923278809,-2.2653274288396976,0,,,,,0,0,0.0,-90453464.87720063,0.0,-40453464.87720063,[網格1] 資金不足 ,,,
2022-08-13,28710.0,27.16972923278809,-1.937294900772417,0,,,,,0,0,0.0,-90453464.87720063,0.0,-40453464.87720063,,,,
2022-08-14,28710.0,27.16972923278809,-1.6792738431018734,0,,,,,0,0,0.0,-90453464.87720063,0.0,-40453464.87720063,,,,
2022-08-15,28880.0,27.417131423950195,-1.667739158906195,0,,,,,0,0,0.0,-90453464.87720063,0.0,-40453464.87720063,,,,
2022-08-16,28950.0,27.462114334106445,-1.708598297264403,0,,,,,0,0,0.0,-90453464.87720063,0.0,-40453464.87720063,,,,
2022-08-17,29000.0,27.47336196899414,-1.6745504033602672,0,,,,,0,0,0.0,-90453464.87720063,0.0,-40453464.87720063,,,,
2022-08-18,29105.0,27.293428421020508,-2.1501652372414393,0,,,,,0,0,0.0,-90453464.87720063,0.0,-40453464.87720063,[網格1] 資金不足 ,,,
2022-08-19,28725.0,27.338409423828125,-0.4649802366532486,0,,,,,0,0,0.0,-90453464.87720063,0.0,-40453464.87720063,,,,
2022-08-20,28725.0,27.338409423828125,-0.4149456603958595,0,,,,,0,0,0.0,-90453464.87720063,0.0,-40453464.87720063,,,,
2022-08-21,28725.0,27.338409423828125,-0.3596387667243555,0,,,,,0,0,0.0,-90453464.87720063,0.0,-40453464.87720063,,,,
2022-08-22,28465.0,27.00104141235352,-0.04207047851009134,0,,,,,0,0,0.0,-90453464.87720063,0.0,-40453464.87720063,,,,
2022-08-23,28460.0,26.58494758605957,-0.9221768658731385,0,,,,,0,0,0.0,-90453464.87720063,0.0,-40453464.87720063,,,,
2022-08-24,28460.0,26.517473220825195,-0.9754950080212942,0,,,,,0,0,0.0,-90453464.87720063,0.0,-40453464.87720063,,,,
2022-08-25,28680.0,26.764881134033203,-1.17029572146249,0,,,,,0,0,0.0,-90453464.87720063,0.0,-40453464.87720063,,,,
2022-08-26,28220.0,26.89982986450196,0.9671611208904797,0,,,,,0,0,0.0,-90453464.87720063,0.0,-40453464.87720063,,,,
2022-08-27,28220.0,26.89982986450196,0.991709337666382,0,,,,,0,0,0.0,-90453464.87720063,0.0,-40453464.87720063,,,,
2022-08-28,28220.0,26.89982986450196,1.0071593451915952,0,,,,,0,0,0.0,-90453464.87720063,0.0,-40453464.87720063,,,,
2022-08-29,28035.0,26.213836669921875,0.35554365710525876,0,,,,,0,0,0.0,-90453464.87720063,0.0,-40453464.87720063,,,,
2022-08-30,27925.0,26.258819580078125,0.9865132398383234,0,,,,,0,0,0.0,-90453464.87720063,0.0,-40453464.87720063,,,,
2022-08-31,27855.0,26.449996948242188,1.8969859370157542,0,,,,,0,0,0.0,-90453464.87720063,0.0,-40453464.87720063,,,,
2022-09-01,27785.0,25.89895439147949,0.654408351945753,0,,,,,0,0,0.0,-90453464.87720063,0.0,-40453464.87720063,,,,
2022-09-02,27515.0,25.61781311035156,1.089679354302069,0,,,,,0,0,0.0,-90453464.87720063,0.0,-40453464.87720063,,,,
2022-09-03,27515.0,25.61781311035156,0.9906020639567668,0,,,,,0,0,0.0,-90453464.87720063,0.0,-40453464.87720063,,,,
2022-09-04,27515.0,25.61781311035156,0.898628589195161,0,,,,,0,0,0.0,-90453464.87720063,0.0,-40453464.87720063,,,,
2022-09-05,27515.0,25.67403984069824,0.9443732989717191,0,,,,,0,0,0.0,-90453464.87720063,0.0,-40453464.87720063,,,,
2022-09-06,27580.0,25.842729568481445,0.9816363078587589,0,,,,,0,0,0.0,-90453464.87720063,0.0,-40453464.87720063,,,,
2022-09-07,27710.0,25.235456466674805,-1.4296384171729597,0,,,,,0,0,0.0,-90453464.87720063,0.0,-40453464.87720063,,,,
2022-09-08,28095.0,25.41539192199707,-2.350911659288524,0,,,,,0,0,0.0,-90453464.87720063,0.0,-40453464.87720063,[網格1] 資金不足 ,,,
2022-09-09,28350.0,25.41539192199707,-2.6209499666042824,0,,,,,0,0,0.0,-90453464.87720063,0.0,-40453464.87720063,[網格1] 資金不足 ,,,
2022-09-10,28350.0,25.41539192199707,-2.1546076261497964,0,,,,,0,0,0.0,-90453464.87720063,0.0,-40453464.87720063,[網格1] 資金不足 ,,,
2022-09-11,28350.0,25.41539192199707,-1.8388734476113633,0,,,,,0,0,0.0,-90453464.87720063,0.0,-40453464.87720063,,,,
2022-09-12,28525.0,25.95518493652344,-1.3630996920684895,0,,,,,0,0,0.0,-90453464.87720063,0.0,-40453464.87720063,,,,
2022-09-13,27800.0,26.09013557434082,0.6383110160639712,0,,,,,0,0,0.0,-90453464.87720063,0.0,-40453464.87720063,,,,
2022-09-14,27890.0,25.561582565307617,-0.3678473057371738,0,,,,,0,0,0.0,-90453464.87720063,0.0,-40453464.87720063,,,,
2022-09-15,27655.0,25.606565475463867,0.32659590212063044,0,,,,,0,0,0.0,-90453464.87720063,0.0,-40453464.87720063,,,,
2022-09-16,27485.0,25.314180374145508,0.36584559955593915,0,,,,,0,0,0.0,-90453464.87720063,0.0,-40453464.87720063,,,,
2022-09-17,27485.0,25.314180374145508,0.3915033801948203,0,,,,,0,0,0.0,-90453464.87720063,0.0,-40453464.87720063,,,,
2022-09-18,27485.0,25.314180374145508,0.3848499765646316,0,,,,,0,0,0.0,-90453464.87720063,0.0,-40453464.87720063,,,,
2022-09-19,27670.0,25.20172119140625,-0.23334023329683232,0,,,,,0,0,0.0,-90453464.87720063,0.0,-40453464.87720063,,,,
2022-09-20,27415.0,25.4266357421875,0.8264745153151724,0,,,,,0,0,0.0,-90453464.87720063,0.0,-40453464.87720063,,,,
2022-09-21,27190.0,25.212963104248047,1.0594610224029268,0,,,,,0,0,0.0,-90453464.87720063,0.0,-40453464.87720063,,,,
2022-09-22,26990.0,24.909332275390625,1.1020472584520655,0,,,,,0,0,0.0,-90453464.87720063,0.0,-40453464.87720063,,,,
2022-09-23,26825.0,24.673168182373047,1.1417999161580097,0,,,,,0,0,0.0,-90453464.87720063,0.0,-40453464.87720063,,,,
2022-09-24,26825.0,24.673168182373047,1.0996201731396034,0,,,,,0,0,0.0,-90453464.87720063,0.0,-40453464.87720063,,,,
2022-09-25,26825.0,24.673168182373047,1.0669040400892882,0,,,,,0,0,0.0,-90453464.87720063,0.0,-40453464.87720063,,,,
2022-09-26,26540.0,24.212093353271484,1.098478714836709,0,,,,,0,0,0.0,-90453464.87720063,0.0,-40453464.87720063,,,,
2022-09-27,26380.0,24.178356170654297,1.294223774406921,0,,,,,0,0,0.0,-90453464.87720063,0.0,-40453464.87720063,,,,
2022-09-28,26725.0,23.672298431396484,-0.2338751569063314,0,,,,,0,0,0.0,-90453464.87720063,0.0,-40453464.87720063,,,,
2022-09-29,26125.0,23.593578338623047,1.0336498847436053,0,,,,,0,0,0.0,-90453464.87720063,0.0,-40453464.87720063,,,,
2022-09-30,25990.0,23.267452239990234,0.8521968855910437,0,,,,,0,0,0.0,-90453464.87720063,0.0,-40453464.87720063,,,,
2022-10-01,25990.0,23.267452239990234,0.8300770763808613,0,,,,,0,0,0.0,-90453464.87720063,0.0,-40453464.87720063,,,,
2022-10-02,25990.0,23.267452239990234,0.8415355223073588,0,,,,,0,0,0.0,-90453464.87720063,0.0,-40453464.87720063,,,,
2022-10-03,26620.0,22.98630714416504,-2.2363024849252016,0,,,,,0,0,0.0,-90453464.87720063,0.0,-40453464.87720063,[網格1] 資金不足 ,,,
2022-10-04,27175.0,23.57108688354492,-2.5856695704280885,0,,,,,0,0,0.0,-90453464.87720063,0.0,-40453464.87720063,[網格1] 資金不足 ,,,
2022-10-05,27020.0,24.122127532958984,-0.990279991474808,0,,,,,0,0,0.0,-90453464.87720063,0.0,-40453464.87720063,,,,
2022-10-06,27000.0,24.290817260742188,-0.6001567930887889,0,,,,,0,0,0.0,-90453464.87720063,0.0,-40453464.87720063,,,,
2022-10-07,26730.0,23.88596534729004,-0.455307107948939,0,,,,,0,0,0.0,-90453464.87720063,0.0,-40453464.87720063,,,,
2022-10-08,26730.0,23.88596534729004,-0.4462276382903478,0,,,,,0,0,0.0,-90453464.87720063,0.0,-40453464.87720063,,,,
2022-10-09,26730.0,23.88596534729004,-0.4911506151796714,0,,,,,0,0,0.0,-90453464.87720063,0.0,-40453464.87720063,,,,
2022-10-10,27240.0,23.88596534729004,-1.845616433605291,0,,,,,0,0,0.0,-90453464.87720063,0.0,-40453464.87720063,,,,
2022-10-11,26350.0,22.648935317993164,-1.1476588098120935,0,,,,,0,0,0.0,-90453464.87720063,0.0,-40453464.87720063,,,,
2022-10-12,26360.0,22.536476135253903,-1.2184450484380005,0,,,,,0,0,0.0,-90453464.87720063,0.0,-40453464.87720063,,,,
2022-10-13,26787.119140625,22.266578674316406,-2.2751199703493947,0,,,,,0,0,0.0,-90453464.87720063,0.0,-40453464.87720063,[網格1] 資金不足 ,,,
2022-10-14,26560.0,22.9075870513916,-0.7870708602563835,0,,,,,0,0,0.0,-90453464.87720063,0.0,-40453464.87720063,,,,
2022-10-15,26560.0,22.9075870513916,-0.7082515240094237,0,,,,,0,0,0.0,-90453464.87720063,0.0,-40453464.87720063,,,,
2022-10-16,26560.0,22.9075870513916,-0.6323220100173014,0,,,,,0,0,0.0,-90453464.87720063,0.0,-40453464.87720063,,,,
2022-10-17,27055.0,22.480249404907227,-2.1146295884775554,0,,,,,0,0,0.0,-90453464.87720063,0.0,-40453464.87720063,[網格1] 資金不足 ,,,
2022-10-18,27050.0,22.738901138305664,-1.5520609768234355,0,,,,,0,0,0.0,-90453464.87720063,0.0,-40453464.87720063,,,,
2022-10-19,26995.0,22.435264587402344,-1.6188814512054195,0,,,,,0,0,0.0,-90453464.87720063,0.0,-40453464.87720063,,,,
2022-10-20,26990.0,22.31156349182129,-1.5854500423750142,0,,,,,0,0,0.0,-90453464.87720063,0.0,-40453464.87720063,,,,
2022-10-21,27095.0,22.244091033935547,-1.7092593508549525,0,,,,,0,0,0.0,-90453464.87720063,0.0,-40453464.87720063,,,,
2022-10-22,27095.0,22.244091033935547,-1.5825202300118586,0,,,,,0,0,0.0,-90453464.87720063,0.0,-40453464.87720063,,,,
2022-10-23,27095.0,22.244091033935547,-1.406243392529113,0,,,,,0,0,0.0,-90453464.87720063,0.0,-40453464.87720063,,,,
2022-10-24,27115.0,22.176612854003903,-1.3737174984318001,0,,,,,0,0,0.0,-90453464.87720063,0.0,-40453464.87720063,,,,
2022-10-25,27555.0,21.74927520751953,-2.2207799988735433,0,,,,,0,0,0.0,-90453464.87720063,0.0,-40453464.87720063,[網格1] 資金不足 ,,,
2022-10-26,27370.0,21.95170021057129,-1.5177654032847825,0,,,,,0,0,0.0,-90453464.87720063,0.0,-40453464.87720063,,,,
2022-10-27,27070.0,22.266578674316406,-0.6345137430454141,0,,,,,0,0,0.0,-90453464.87720063,0.0,-40453464.87720063,,,,
2022-10-28,27495.0,21.98543357849121,-1.5143031493468728,0,,,,,0,0,0.0,-90453464.87720063,0.0,-40453464.87720063,,,,
2022-10-29,27495.0,21.98543357849121,-1.4002648628089076,0,,,,,0,0,0.0,-90453464.87720063,0.0,-40453464.87720063,,,,
2022-10-30,27495.0,21.98543357849121,-1.2592610806892608,0,,,,,0,0,0.0,-90453464.87720063,0.0,-40453464.87720063,,,,
2022-10-31,27555.0,22.2778263092041,-0.978572383724327,0,,,,,0,0,0.0,-90453464.87720063,0.0,-40453464.87720063,,,,
2022-11-01,27600.0,22.40152740478516,-0.8504898553087676,0,,,,,0,0,0.0,-90453464.87720063,0.0,-40453464.87720063,,,,
2022-11-02,27305.0,22.49149703979492,-0.12345044024020883,0,,,,,0,0,0.0,-90453464.87720063,0.0,-40453464.87720063,,,,
2022-11-03,27525.0,22.19910430908203,-0.8288213404065291,0,,,,,0,0,0.0,-90453464.87720063,0.0,-40453464.87720063,,,,
2022-11-04,27525.0,22.23284339904785,-0.7321505694545661,0,,,,,0,0,0.0,-90453464.87720063,0.0,-40453464.87720063,,,,
2022-11-05,27525.0,22.23284339904785,-0.7098594160717923,0,,,,,0,0,0.0,-90453464.87720063,0.0,-40453464.87720063,,,,
2022-11-06,27525.0,22.23284339904785,-0.6331861205224171,0,,,,,0,0,0.0,-90453464.87720063,0.0,-40453464.87720063,,,,
2022-11-07,27615.0,22.61520004272461,-0.1338683964671408,0,,,,,0,0,0.0,-90453464.87720063,0.0,-40453464.87720063,,,,
2022-11-08,27885.0,22.85136032104492,-0.5578460260663466,0,,,,,0,0,0.0,-90453464.87720063,0.0,-40453464.87720063,,,,
2022-11-09,27525.0,23.50361061096192,2.1655291210241154,0,,,,,0,0,0.0,-90453464.87720063,0.0,-40453464.87720063,[網格1] 資金不足 ,,,
2022-11-10,27981.060546875,23.278696060180664,0.04453790543081846,0,,,,,0,0,0.0,-90453464.87720063,0.0,-40453464.87720063,,,,
2022-11-11,28120.0,24.515729904174805,1.9891090529485318,0,,,,,0,0,0.0,-90453464.87720063,0.0,-40453464.87720063,,,,
2022-11-12,28120.0,24.515729904174805,1.817290452251848,0,,,,,0,0,0.0,-90453464.87720063,0.0,-40453464.87720063,,,,
2022-11-13,28120.0,24.515729904174805,1.6539927373099894,0,,,,,0,0,0.0,-90453464.87720063,0.0,-40453464.87720063,,,,
2022-11-14,27955.0,24.740642547607425,2.1666848340224196,0,,,,,0,0,0.0,-90453464.87720063,0.0,-40453464.87720063,[網格1] 資金不足 ,,,
2022-11-15,27985.0,25.797740936279297,2.7502326309324596,0,,,,,0,0,0.0,-90453464.87720063,0.0,-40453464.87720063,[網格1] 資金不足 ,,,
2022-11-16,27920.0,25.75275993347168,2.294327888064591,0,,,,,0,0,0.0,-90453464.87720063,0.0,-40453464.87720063,[網格1] 資金不足 ,,,
2022-11-17,27965.0,25.764009475708008,1.891506909311915,0,,,,,0,0,0.0,-90453464.87720063,0.0,-40453464.87720063,,,,
2022-11-18,27965.0,25.69652938842773,1.6032178021084957,0,,,,,0,0,0.0,-90453464.87720063,0.0,-40453464.87720063,,,,
2022-11-19,27965.0,25.69652938842773,1.4283837305621814,0,,,,,0,0,0.0,-90453464.87720063,0.0,-40453464.87720063,,,,
2022-11-20,27965.0,25.69652938842773,1.2811487312250773,0,,,,,0,0,0.0,-90453464.87720063,0.0,-40453464.87720063,,,,
2022-11-21,28045.0,25.606565475463867,0.9768958921201122,0,,,,,0,0,0.0,-90453464.87720063,0.0,-40453464.87720063,,,,
2022-11-22,28345.0,25.820236206054688,0.6331123175840104,0,,,,,0,0,0.0,-90453464.87720063,0.0,-40453464.87720063,,,,
2022-11-23,28345.0,26.000167846679688,0.7093312709145504,0,,,,,0,0,0.0,-90453464.87720063,0.0,-40453464.87720063,,,,
2022-11-24,28345.0,26.24757194519043,0.8448453846313095,0,,,,,0,0,0.0,-90453464.87720063,0.0,-40453464.87720063,,,,
2022-11-25,28340.0,26.24757194519043,0.7735256278001673,0,,,,,0,0,0.0,-90453464.87720063,0.0,-40453464.87720063,,,,
2022-11-26,28340.0,26.24757194519043,0.7002995905161401,0,,,,,0,0,0.0,-90453464.87720063,0.0,-40453464.87720063,,,,
2022-11-27,28340.0,26.24757194519043,0.6276243434866597,0,,,,,0,0,0.0,-90453464.87720063,0.0,-40453464.87720063,,,,
2022-11-28,28090.0,25.71902275085449,0.46159599094753007,0,,,,,0,0,0.0,-90453464.87720063,0.0,-40453464.87720063,,,,
2022-11-29,27990.0,25.95518493652344,0.9337521806861819,0,,,,,0,0,0.0,-90453464.87720063,0.0,-40453464.87720063,,,,
2022-11-30,28370.0,26.168853759765625,0.17919724566197937,0,,,,,0,0,0.0,-90453464.87720063,0.0,-40453464.87720063,,,,
2022-12-01,28010.0,26.618682861328125,1.9927083781965098,0,,,,,0,0,0.0,-90453464.87720063,0.0,-40453464.87720063,,,,
2022-12-02,27710.0,26.382524490356445,2.2967386599992423,0,,,,,0,0,0.0,-90453464.87720063,0.0,-40453464.87720063,[網格1] 資金不足 ,,,
2022-12-03,27710.0,26.382524490356445,2.186445532354887,0,,,,,0,0,0.0,-90453464.87720063,0.0,-40453464.87720063,[網格1] 資金不足 ,,,
2022-12-04,27710.0,26.382524490356445,1.965902435805105,0,,,,,0,0,0.0,-90453464.87720063,0.0,-40453464.87720063,,,,
2022-12-05,27685.0,26.416259765625,1.8147880627325301,0,,,,,0,0,0.0,-90453464.87720063,0.0,-40453464.87720063,,,,
2022-12-06,27660.0,25.932695388793945,0.9567429787527871,0,,,,,0,0,0.0,-90453464.87720063,0.0,-40453464.87720063,,,,
2022-12-07,27585.0,25.775251388549805,0.8407973212690512,0,,,,,0,0,0.0,-90453464.87720063,0.0,-40453464.87720063,,,,
2022-12-08,27755.0,25.47161865234375,-0.19788419557494627,0,,,,,0,0,0.0,-90453464.87720063,0.0,-40453464.87720063,,,,
2022-12-09,27780.0,25.865219116210938,0.35393282152523065,0,,,,,0,0,0.0,-90453464.87720063,0.0,-40453464.87720063,,,,
2022-12-10,27780.0,25.865219116210938,0.31283265481465455,0,,,,,0,0,0.0,-90453464.87720063,0.0,-40453464.87720063,,,,
2022-12-11,27780.0,25.865219116210938,0.25626333224539616,0,,,,,0,0,0.0,-90453464.87720063,0.0,-40453464.87720063,,,,
2022-12-12,28055.0,25.61781311035156,-1.1023637738515581,0,,,,,0,0,0.0,-90453464.87720063,0.0,-40453464.87720063,,,,
2022-12-13,27995.0,25.505355834960938,-1.1418404695051751,0,,,,,0,0,0.0,-90453464.87720063,0.0,-40453464.87720063,,,,
2022-12-14,27920.0,25.820236206054688,-0.35077060149293837,0,,,,,0,0,0.0,-90453464.87720063,0.0,-40453464.87720063,,,,
2022-12-15,27665.0,25.842729568481445,0.48140454109015124,0,,,,,0,0,0.0,-90453464.87720063,0.0,-40453464.87720063,,,,
2022-12-16,27340.0,25.41539192199707,0.6922934511117821,0,,,,,0,0,0.0,-90453464.87720063,0.0,-40453464.87720063,,,,
2022-12-17,27340.0,25.41539192199707,0.6167582850583312,0,,,,,0,0,0.0,-90453464.87720063,0.0,-40453464.87720063,,,,
2022-12-18,27340.0,25.41539192199707,0.5417318070303431,0,,,,,0,0,0.0,-90453464.87720063,0.0,-40453464.87720063,,,,
2022-12-19,27220.0,25.26919174194336,0.615635324495257,0,,,,,0,0,0.0,-90453464.87720063,0.0,-40453464.87720063,,,,
2022-12-20,26375.0,24.80811882019043,2.391897209680756,0,,,,,0,0,0.0,-90453464.87720063,0.0,-40453464.87720063,[網格1] 資金不足 ,,,
2022-12-21,26465.0,24.909332275390625,1.9384144872043536,0,,,,,0,0,0.0,-90453464.87720063,0.0,-40453464.87720063,,,,
2022-12-22,26185.0,25.325422286987305,2.6692867789353767,0,,,,,0,0,0.0,-90453464.87720063,0.0,-40453464.87720063,[網格1] 資金不足 ,,,
2022-12-23,26290.0,24.898082733154297,1.6263955338326317,0,,,,,0,0,0.0,-90453464.87720063,0.0,-40453464.87720063,,,,
2022-12-24,26290.0,24.898082733154297,1.4675998381355013,0,,,,,0,0,0.0,-90453464.87720063,0.0,-40453464.87720063,,,,
2022-12-25,26290.0,24.898082733154297,1.341352451961027,0,,,,,0,0,0.0,-90453464.87720063,0.0,-40453464.87720063,,,,
2022-12-26,26290.0,24.9880485534668,1.2965526267678402,0,,,,,0,0,0.0,-90453464.87720063,0.0,-40453464.87720063,,,,
2022-12-27,26255.0,25.10050773620605,1.3294704363579675,0,,,,,0,0,0.0,-90453464.87720063,0.0,-40453464.87720063,,,,
2022-12-28,26120.0,24.740642547607425,1.089578421027906,0,,,,,0,0,0.0,-90453464.87720063,0.0,-40453464.87720063,,,,
2022-12-29,26350.0,24.6281852722168,0.4869955229932115,0,,,,,0,0,0.0,-90453464.87720063,0.0,-40453464.87720063,,,,
2022-12-30,25755.0,24.785627365112305,1.550889679195107,0,,,,,0,0,0.0,-90453464.87720063,0.0,-40453464.87720063,,,,
2022-12-31,25755.0,24.785627365112305,1.3835850054259624,0,,,,,0,0,0.0,-90453464.87720063,0.0,-40453464.87720063,,,,
2023-01-01,25755.0,24.785627365112305,1.2856078231225196,0,,,,,0,0,0.0,-90453464.87720063,0.0,-40453464.87720063,,,,
2023-01-02,25755.0,24.785627365112305,1.2211213534233392,0,,,,,0,0,0.0,-90453464.87720063,0.0,-40453464.87720063,,,,
2023-01-03,26125.0,24.909332275390625,0.5570066977142968,0,,,,,0,0,0.0,-90453464.87720063,0.0,-40453464.87720063,,,,
2023-01-04,25855.0,24.85310173034668,0.9936986997528962,0,,,,,0,0,0.0,-90453464.87720063,0.0,-40453464.87720063,,,,
2023-01-05,25715.0,25.03303337097168,1.426560810912418,0,,,,,0,0,0.0,-90453464.87720063,0.0,-40453464.87720063,,,,
2023-01-06,26200.0,25.14549446105957,0.3451174455029139,0,,,,,0,0,0.0,-90453464.87720063,0.0,-40453464.87720063,,,,
2023-01-07,26200.0,25.14549446105957,0.2530993357283444,0,,,,,0,0,0.0,-90453464.87720063,0.0,-40453464.87720063,,,,
2023-01-08,26200.0,25.14549446105957,0.1358244528801421,0,,,,,0,0,0.0,-90453464.87720063,0.0,-40453464.87720063,,,,
2023-01-09,26235.0,26.04515266418457,1.8008118081272453,0,,,,,0,0,0.0,-90453464.87720063,0.0,-40453464.87720063,,,,
2023-01-10,26295.0,26.146364212036133,1.6148038037037682,0,,,,,0,0,0.0,-90453464.87720063,0.0,-40453464.87720063,,,,
2023-01-11,26570.0,26.168853759765625,0.5752116536958017,0,,,,,0,0,0.0,-90453464.87720063,0.0,-40453464.87720063,,,,
2023-01-12,26225.240234375,26.056396484375,1.4767598462294047,0,,,,,0,0,0.0,-90453464.87720063,0.0,-40453464.87720063,,,,
2023-01-13,25825.0,26.36003303527832,2.707742515162899,0,,,,,0,0,0.0,-90453464.87720063,0.0,-40453464.87720063,[網格1] 資金不足 ,,,
2023-01-14,25825.0,26.36003303527832,2.2259603881251455,0,,,,,0,0,0.0,-90453464.87720063,0.0,-40453464.87720063,[網格1] 資金不足 ,,,
2023-01-15,25825.0,26.36003303527832,1.9034675536113081,0,,,,,0,0,0.0,-90453464.87720063,0.0,-40453464.87720063,,,,
2023-01-16,25825.0,26.56245422363281,1.8647570222592191,0,,,,,0,0,0.0,-90453464.87720063,0.0,-40453464.87720063,,,,
2023-01-17,26270.0,26.56245422363281,0.7766379948591221,0,,,,,0,0,0.0,-90453464.87720063,0.0,-40453464.87720063,,,,
2023-01-18,26485.0,26.56245422363281,0.19360947540497295,0,,,,,0,0,0.0,-90453464.87720063,0.0,-40453464.87720063,,,,
2023-01-19,26345.0,26.56245422363281,0.5005741316379259,0,,,,,0,0,0.0,-90453464.87720063,0.0,-40453464.87720063,,,,
2023-01-20,26935.0,26.56245422363281,-0.9733029461948022,0,,,,,0,0,0.0,-90453464.87720063,0.0,-40453464.87720063,,,,
2023-01-21,26935.0,26.56245422363281,-0.9342359690176698,0,,,,,0,0,0.0,-90453464.87720063,0.0,-40453464.87720063,,,,
2023-01-22,26935.0,26.56245422363281,-0.8971984955837552,0,,,,,0,0,0.0,-90453464.87720063,0.0,-40453464.87720063,,,,
2023-01-23,27160.0,26.56245422363281,-1.408236148785088,0,,,,,0,0,0.0,-90453464.87720063,0.0,-40453464.87720063,,,,
2023-01-24,27185.0,26.56245422363281,-1.3618179088391307,0,,,,,0,0,0.0,-90453464.87720063,0.0,-40453464.87720063,,,,
2023-01-25,27420.0,26.56245422363281,-1.6601807050551924,0,,,,,0,0,0.0,-90453464.87720063,0.0,-40453464.87720063,,,,
2023-01-26,27530.0,26.56245422363281,-1.7090369158520384,0,,,,,0,0,0.0,-90453464.87720063,0.0,-40453464.87720063,,,,
2023-01-27,27425.0,26.56245422363281,-1.3967316986109652,0,,,,,0,0,0.0,-90453464.87720063,0.0,-40453464.87720063,,,,
2023-01-28,27425.0,26.56245422363281,-1.303862481618497,0,,,,,0,0,0.0,-90453464.87720063,0.0,-40453464.87720063,,,,
2023-01-29,27425.0,26.56245422363281,-1.1781120903955287,0,,,,,0,0,0.0,-90453464.87720063,0.0,-40453464.87720063,,,,
2023-01-30,27455.0,27.758338928222656,-0.0390363311058222,0,,,,,0,0,0.0,-90453464.87720063,0.0,-40453464.87720063,,,,
2023-01-31,27515.0,27.206392288208008,-0.6465044137248865,0,,,,,0,0,0.0,-90453464.87720063,0.0,-40453464.87720063,,,,
2023-02-01,27430.0,27.36737823486328,-0.30435954600656456,0,,,,,0,0,0.0,-90453464.87720063,0.0,-40453464.87720063,,,,
2023-02-02,27540.0,27.82733154296875,0.03211245097350485,0,,,,,0,0,0.0,-90453464.87720063,0.0,-40453464.87720063,,,,
2023-02-03,27635.0,27.82733154296875,-0.057142451438861895,0,,,,,0,0,0.0,-90453464.87720063,0.0,-40453464.87720063,,,,
2023-02-04,27635.0,27.82733154296875,0.04703321934512922,0,,,,,0,0,0.0,-90453464.87720063,0.0,-40453464.87720063,,,,
2023-02-05,27635.0,27.82733154296875,0.2124346871198655,0,,,,,0,0,0.0,-90453464.87720063,0.0,-40453464.87720063,,,,
2023-02-06,27725.0,27.42487144470215,-0.6081325555806525,0,,,,,0,0,0.0,-90453464.87720063,0.0,-40453464.87720063,,,,
2023-02-07,27690.0,27.36737823486328,-0.525375006231698,0,,,,,0,0,0.0,-90453464.87720063,0.0,-40453464.87720063,,,,
2023-02-08,27425.0,27.792837142944336,1.5081933270651136,0,,,,,0,0,0.0,-90453464.87720063,0.0,-40453464.87720063,,,,
2023-02-09,27545.0,27.80433464050293,1.0134774083635922,0,,,,,0,0,0.0,-90453464.87720063,0.0,-40453464.87720063,,,,
2023-02-10,27585.0,27.82733154296875,0.8843691721412903,0,,,,,0,0,0.0,-90453464.87720063,0.0,-40453464.87720063,,,,
2023-02-11,27585.0,27.82733154296875,0.8639153310666837,0,,,,,0,0,0.0,-90453464.87720063,0.0,-40453464.87720063,,,,
2023-02-12,27585.0,27.82733154296875,0.7950443672287738,0,,,,,0,0,0.0,-90453464.87720063,0.0,-40453464.87720063,,,,
2023-02-13,27700.0,27.769838333129883,0.19654965055532625,0,,,,,0,0,0.0,-90453464.87720063,0.0,-40453464.87720063,,,,
2023-02-14,27745.0,27.97681999206543,0.4006241705752207,0,,,,,0,0,0.0,-90453464.87720063,0.0,-40453464.87720063,,,,
2023-02-15,27620.0,27.332881927490234,-0.7013907938870203,0,,,,,0,0,0.0,-90453464.87720063,0.0,-40453464.87720063,,,,
2023-02-16,27515.0,27.666349411010746,0.5432443429650744,0,,,,,0,0,0.0,-90453464.87720063,0.0,-40453464.87720063,,,,
2023-02-17,27505.0,27.30988311767578,-0.54263841809896,0,,,,,0,0,0.0,-90453464.87720063,0.0,-40453464.87720063,,,,
2023-02-18,27505.0,27.30988311767578,-0.7669511842390438,0,,,,,0,0,0.0,-90453464.87720063,0.0,-40453464.87720063,,,,
2023-02-19,27505.0,27.30988311767578,-0.6877709554089086,0,,,,,0,0,0.0,-90453464.87720063,0.0,-40453464.87720063,,,,
2023-02-20,27505.0,27.36737823486328,-0.5140009577177187,0,,,,,0,0,0.0,-90453464.87720063,0.0,-40453464.87720063,,,,
2023-02-21,27255.0,27.355876922607425,1.129084137614469,0,,,,,0,0,0.0,-90453464.87720063,0.0,-40453464.87720063,,,,
2023-02-22,27030.0,27.0569076538086,1.4460845639090727,0,,,,,0,0,0.0,-90453464.87720063,0.0,-40453464.87720063,,,,
2023-02-23,27230.0,27.459367752075195,1.4643622295036982,0,,,,,0,0,0.0,-90453464.87720063,0.0,-40453464.87720063,,,,
2023-02-24,27330.0,27.321382522583008,0.3404154603737546,0,,,,,0,0,0.0,-90453464.87720063,0.0,-40453464.87720063,,,,
2023-02-25,27330.0,27.321382522583008,0.33339049210006505,0,,,,,0,0,0.0,-90453464.87720063,0.0,-40453464.87720063,,,,
2023-02-26,27330.0,27.321382522583008,0.2504426458390017,0,,,,,0,0,0.0,-90453464.87720063,0.0,-40453464.87720063,,,,
2023-02-27,27535.0,27.321382522583008,-1.309265570136796,0,,,,,0,0,0.0,-90453464.87720063,0.0,-40453464.87720063,,,,
2023-02-28,27425.0,27.321382522583008,-0.4121089285899487,0,,,,,0,0,0.0,-90453464.87720063,0.0,-40453464.87720063,,,,
2023-03-01,27485.0,27.4478702545166,-0.27187231959406405,0,,,,,0,0,0.0,-90453464.87720063,0.0,-40453464.87720063,,,,
2023-03-02,27705.0,27.42487144470215,-1.8369736646381327,0,,,,,0,0,0.0,-90453464.87720063,0.0,-40453464.87720063,,,,
2023-03-03,28205.0,27.4478702545166,-3.288372407444936,0,,,,,0,0,0.0,-90453464.87720063,0.0,-40453464.87720063,[網格1] 資金不足 ,,,
2023-03-04,28205.0,27.4478702545166,-2.5193031302081246,0,,,,,0,0,0.0,-90453464.87720063,0.0,-40453464.87720063,[網格1] 資金不足 ,,,
2023-03-05,28205.0,27.4478702545166,-2.0817200057092293,0,,,,,0,0,0.0,-90453464.87720063,0.0,-40453464.87720063,[網格1] 資金不足 ,,,
2023-03-06,28200.0,27.712345123291016,-1.390652970076331,0,,,,,0,0,0.0,-90453464.87720063,0.0,-40453464.87720063,,,,
2023-03-07,28205.0,27.89632797241211,-1.0047840837052584,0,,,,,0,0,0.0,-90453464.87720063,0.0,-40453464.87720063,,,,
2023-03-08,28620.0,27.666349411010746,-2.196562404550173,0,,,,,0,0,0.0,-90453464.87720063,0.0,-40453464.87720063,[網格1] 資金不足 ,,,
2023-03-09,28265.0,27.643348693847656,-1.1515377595847844,0,,,,,0,0,0.0,-90453464.87720063,0.0,-40453464.87720063,,,,
2023-03-10,27780.0,27.206392288208008,-0.4822103368845352,0,,,,,0,0,0.0,-90453464.87720063,0.0,-40453464.87720063,,,,
2023-03-11,27780.0,27.206392288208008,-0.4383310467297673,0,,,,,0,0,0.0,-90453464.87720063,0.0,-40453464.87720063,,,,
2023-03-12,27780.0,27.206392288208008,-0.3920301309603503,0,,,,,0,0,0.0,-90453464.87720063,0.0,-40453464.87720063,,,,
2023-03-13,27385.0,27.321382522583008,0.8428817153847182,0,,,,,0,0,0.0,-90453464.87720063,0.0,-40453464.87720063,,,,
2023-03-14,27465.0,27.022411346435547,0.25661077738811927,0,,,,,0,0,0.0,-90453464.87720063,0.0,-40453464.87720063,,,,
2023-03-15,26495.0,27.045408248901367,2.5494203455693265,0,,,,,0,0,0.0,-90453464.87720063,0.0,-40453464.87720063,[網格1] 資金不足 ,,,
2023-03-16,27290.0,26.918920516967773,0.4750183653110576,0,,,,,0,0,0.0,-90453464.87720063,0.0,-40453464.87720063,,,,
2023-03-17,26975.0,27.355876922607425,1.7037618353644848,0,,,,,0,0,0.0,-90453464.87720063,0.0,-40453464.87720063,,,,
2023-03-18,26975.0,27.355876922607425,1.5730166419746832,0,,,,,0,0,0.0,-90453464.87720063,0.0,-40453464.87720063,,,,
2023-03-19,26975.0,27.355876922607425,1.4253952201562052,0,,,,,0,0,0.0,-90453464.87720063,0.0,-40453464.87720063,,,,
2023-03-20,27060.0,27.16039657592773,0.9714077019669712,0,,,,,0,0,0.0,-90453464.87720063,0.0,-40453464.87720063,,,,
2023-03-21,27185.0,27.2868881225586,0.8288918643710194,0,,,,,0,0,0.0,-90453464.87720063,0.0,-40453464.87720063,,,,
2023-03-22,27215.0,27.80433464050293,1.2270255904014653,0,,,,,0,0,0.0,-90453464.87720063,0.0,-40453464.87720063,,,,
2023-03-23,27245.0,28.02281379699707,1.2638371334602394,0,,,,,0,0,0.0,-90453464.87720063,0.0,-40453464.87720063,,,,
2023-03-24,27380.0,28.103309631347656,0.9920511307461999,0,,,,,0,0,0.0,-90453464.87720063,0.0,-40453464.87720063,,,,
2023-03-25,27380.0,28.103309631347656,0.9005236556629691,0,,,,,0,0,0.0,-90453464.87720063,0.0,-40453464.87720063,,,,
2023-03-26,27380.0,28.103309631347656,0.8135523064375741,0,,,,,0,0,0.0,-90453464.87720063,0.0,-40453464.87720063,,,,
2023-03-27,27555.0,27.93082427978516,0.20957653397593365,0,,,,,0,0,0.0,-90453464.87720063,0.0,-40453464.87720063,,,,
2023-03-28,27475.0,27.689350128173828,-0.02958885046390485,0,,,,,0,0,0.0,-90453464.87720063,0.0,-40453464.87720063,,,,
2023-03-29,28095.0,27.73534202575684,-1.5949319796594685,0,,,,,0,0,0.0,-90453464.87720063,0.0,-40453464.87720063,,,,
2023-03-30,27970.0,27.87333106994629,-1.1337489394412033,0,,,,,0,0,0.0,-90453464.87720063,0.0,-40453464.87720063,,,,
2023-03-31,28195.0,27.96531867980957,-1.6030112974706654,0,,,,,0,0,0.0,-90453464.87720063,0.0,-40453464.87720063,,,,
2023-04-01,28195.0,27.96531867980957,-1.6089686798231624,0,,,,,0,0,0.0,-90453464.87720063,0.0,-40453464.87720063,,,,
2023-04-02,28195.0,27.96531867980957,-1.4609615736351296,0,,,,,0,0,0.0,-90453464.87720063,0.0,-40453464.87720063,,,,
2023-04-03,28190.0,27.96531867980957,-1.3815437197353992,0,,,,,0,0,0.0,-90453464.87720063,0.0,-40453464.87720063,,,,
2023-04-04,28095.0,27.96531867980957,-1.0522292518451464,0,,,,,0,0,0.0,-90453464.87720063,0.0,-40453464.87720063,,,,
2023-04-05,27675.0,27.96531867980957,-0.005947710918732429,0,,,,,0,0,0.0,-90453464.87720063,0.0,-40453464.87720063,,,,
2023-04-06,27620.0,27.82733154296875,-0.015617307736952583,0,,,,,0,0,0.0,-90453464.87720063,0.0,-40453464.87720063,,,,
2023-04-07,27620.0,27.82733154296875,0.035335147381260666,0,,,,,0,0,0.0,-90453464.87720063,0.0,-40453464.87720063,,,,
2023-04-08,27620.0,27.82733154296875,0.08955352382959128,0,,,,,0,0,0.0,-90453464.87720063,0.0,-40453464.87720063,,,,
2023-04-09,27620.0,27.82733154296875,0.11653179733301257,0,,,,,0,0,0.0,-90453464.87720063,0.0,-40453464.87720063,,,,
2023-04-10,27850.0,27.82733154296875,-0.48164427328084863,0,,,,,0,0,0.0,-90453464.87720063,0.0,-40453464.87720063,,,,
2023-04-11,28005.0,27.792837142944336,-0.8832959679607265,0,,,,,0,0,0.0,-90453464.87720063,0.0,-40453464.87720063,,,,
2023-04-12,27930.0,27.72384262084961,-0.7041846320236665,0,,,,,0,0,0.0,-90453464.87720063,0.0,-40453464.87720063,,,,
2023-04-13,28418.3203125,27.48236846923828,-2.2440008992665406,0,,,,,0,0,0.0,-90453464.87720063,0.0,-40453464.87720063,[網格1] 資金不足 ,,,
2023-04-14,28490.0,27.74683952331543,-1.817819801118589,0,,,,,0,0,0.0,-90453464.87720063,0.0,-40453464.87720063,,,,
2023-04-15,28490.0,27.74683952331543,-1.6783521771677172,0,,,,,0,0,0.0,-90453464.87720063,0.0,-40453464.87720063,,,,
2023-04-16,28490.0,27.74683952331543,-1.506743348567525,0,,,,,0,0,0.0,-90453464.87720063,0.0,-40453464.87720063,,,,
2023-04-17,28560.0,27.677846908569336,-1.6198906888530913,0,,,,,0,0,0.0,-90453464.87720063,0.0,-40453464.87720063,,,,
2023-04-18,28635.0,27.58585357666016,-1.7279168425190412,0,,,,,0,0,0.0,-90453464.87720063,0.0,-40453464.87720063,,,,
2023-04-19,28550.0,27.378875732421875,-1.58309383693711,0,,,,,0,0,0.0,-90453464.87720063,0.0,-40453464.87720063,,,,
2023-04-20,28605.0,27.34438133239746,-1.5548462382798962,0,,,,,0,0,0.0,-90453464.87720063,0.0,-40453464.87720063,,,,
2023-04-21,28660.0,27.2753849029541,-1.5543068060686325,0,,,,,0,0,0.0,-90453464.87720063,0.0,-40453464.87720063,,,,
2023-04-22,28660.0,27.2753849029541,-1.3871147702247877,0,,,,,0,0,0.0,-90453464.87720063,0.0,-40453464.87720063,,,,
2023-04-23,28660.0,27.2753849029541,-1.2482977956982022,0,,,,,0,0,0.0,-90453464.87720063,0.0,-40453464.87720063,,,,
2023-04-24,28720.0,27.17189598083496,-1.3141742839367103,0,,,,,0,0,0.0,-90453464.87720063,0.0,-40453464.87720063,,,,
2023-04-25,28340.0,26.815427780151367,-0.8999631068728232,0,,,,,0,0,0.0,-90453464.87720063,0.0,-40453464.87720063,,,,
2023-04-26,28295.0,26.700437545776367,-0.8536299744506085,0,,,,,0,0,0.0,-90453464.87720063,0.0,-40453464.87720063,,,,
2023-04-27,28710.0,26.67744445800781,-1.5494285432848691,0,,,,,0,0,0.0,-90453464.87720063,0.0,-40453464.87720063,,,,
2023-04-28,29050.0,26.999414443969727,-1.7189266916974384,0,,,,,0,0,0.0,-90453464.87720063,0.0,-40453464.87720063,,,,
2023-04-29,29050.0,26.999414443969727,-1.6343134083606539,0,,,,,0,0,0.0,-90453464.87720063,0.0,-40453464.87720063,,,,
2023-04-30,29050.0,26.999414443969727,-1.5375990450266361,0,,,,,0,0,0.0,-90453464.87720063,0.0,-40453464.87720063,,,,
2023-05-01,29305.0,26.999414443969727,-1.9263338773681273,0,,,,,0,0,0.0,-90453464.87720063,0.0,-40453464.87720063,,,,
2023-05-02,28825.0,27.068405151367188,-0.665756638007002,0,,,,,0,0,0.0,-90453464.87720063,0.0,-40453464.87720063,,,,
2023-05-03,29015.0,26.95341682434082,-1.215654974609185,0,,,,,0,0,0.0,-90453464.87720063,0.0,-40453464.87720063,,,,
2023-05-04,29030.0,27.022411346435547,-1.0503188101189003,0,,,,,0,0,0.0,-90453464.87720063,0.0,-40453464.87720063,,,,
2023-05-05,29515.0,27.09140396118164,-1.9675578777028673,0,,,,,0,0,0.0,-90453464.87720063,0.0,-40453464.87720063,,,,
2023-05-06,29515.0,27.09140396118164,-1.7609660366383553,0,,,,,0,0,0.0,-90453464.87720063,0.0,-40453464.87720063,,,,
2023-05-07,29515.0,27.09140396118164,-1.584725072747427,0,,,,,0,0,0.0,-90453464.87720063,0.0,-40453464.87720063,,,,
2023-05-08,29040.0,27.263887405395508,-0.07451018279162107,0,,,,,0,0,0.0,-90453464.87720063,0.0,-40453464.87720063,,,,
2023-05-09,29230.0,27.34438133239746,-0.3853354762764315,0,,,,,0,0,0.0,-90453464.87720063,0.0,-40453464.87720063,,,,
2023-05-10,29040.0,27.09140396118164,-0.18067475179561962,0,,,,,0,0,0.0,-90453464.87720063,0.0,-40453464.87720063,,,,
2023-05-11,29126.26953125,27.033906936645508,-0.4591418990019007,0,,,,,0,0,0.0,-90453464.87720063,0.0,-40453464.87720063,,,,
2023-05-12,29575.0,26.95341682434082,-1.7419919328591604,0,,,,,0,0,0.0,-90453464.87720063,0.0,-40453464.87720063,,,,
2023-05-13,29575.0,26.95341682434082,-1.5692154901894664,0,,,,,0,0,0.0,-90453464.87720063,0.0,-40453464.87720063,,,,
2023-05-14,29575.0,26.95341682434082,-1.4125971279218497,0,,,,,0,0,0.0,-90453464.87720063,0.0,-40453464.87720063,,,,
2023-05-15,29870.0,26.95341682434082,-2.0365801029072284,0,,,,,0,0,0.0,-90453464.87720063,0.0,-40453464.87720063,[網格1] 資金不足 ,,,
2023-05-16,29870.0,27.2753849029541,-1.4419480009203844,0,,,,,0,0,0.0,-90453464.87720063,0.0,-40453464.87720063,,,,
2023-05-17,30530.0,27.72384262084961,-2.223711780209515,0,,,,,0,0,0.0,-90453464.87720063,0.0,-40453464.87720063,[網格1] 資金不足 ,,,
2023-05-18,30905.0,28.0918083190918,-2.1874062201079,0,,,,,0,0,0.0,-90453464.87720063,0.0,-40453464.87720063,[網格1] 資金不足 ,,,
2023-05-19,30855.0,28.172298431396484,-1.6994773749647731,0,,,,,0,0,0.0,-90453464.87720063,0.0,-40453464.87720063,,,,
2023-05-20,30855.0,28.172298431396484,-1.5009611627927797,0,,,,,0,0,0.0,-90453464.87720063,0.0,-40453464.87720063,,,,
2023-05-21,30855.0,28.172298431396484,-1.3402441612839295,0,,,,,0,0,0.0,-90453464.87720063,0.0,-40453464.87720063,,,,
2023-05-22,31215.0,28.12630653381348,-1.8652091064854788,0,,,,,0,0,0.0,-90453464.87720063,0.0,-40453464.87720063,,,,
2023-05-23,30680.0,28.103309631347656,-0.7651219114496668,0,,,,,0,0,0.0,-90453464.87720063,0.0,-40453464.87720063,,,,
2023-05-24,30495.0,27.96531867980957,-0.47911153509864995,0,,,,,0,0,0.0,-90453464.87720063,0.0,-40453464.87720063,,,,
2023-05-25,31100.0,28.29878807067871,-1.209149904484883,0,,,,,0,0,0.0,-90453464.87720063,0.0,-40453464.87720063,,,,
2023-05-26,31500.0,28.965721130371094,-1.1350118457539833,0,,,,,0,0,0.0,-90453464.87720063,0.0,-40453464.87720063,,,,
2023-05-27,31500.0,28.965721130371094,-1.026534959500476,0,,,,,0,0,0.0,-90453464.87720063,0.0,-40453464.87720063,,,,
2023-05-28,31500.0,28.965721130371094,-0.955930794710918,0,,,,,0,0,0.0,-90453464.87720063,0.0,-40453464.87720063,,,,
2023-05-29,31500.0,29.14970588684082,-0.6709912493991963,0,,,,,0,0,0.0,-90453464.87720063,0.0,-40453464.87720063,,,,
2023-05-30,31145.0,29.14970588684082,0.2956335839539732,0,,,,,0,0,0.0,-90453464.87720063,0.0,-40453464.87720063,,,,
2023-05-31,30780.0,29.01172065734864,1.3603756283157455,0,,,,,0,0,0.0,-90453464.87720063,0.0,-40453464.87720063,,,,
2023-06-01,31400.0,28.78174018859864,-0.9588024717331625,0,,,,,0,0,0.0,-90453464.87720063,0.0,-40453464.87720063,,,,
2023-06-02,31965.0,29.14970588684082,-1.9158013932997118,0,,,,,0,0,0.0,-90453464.87720063,0.0,-40453464.87720063,,,,
2023-06-03,31965.0,29.14970588684082,-1.749724110652588,0,,,,,0,0,0.0,-90453464.87720063,0.0,-40453464.87720063,,,,
2023-06-04,31965.0,29.14970588684082,-1.5491555485603,0,,,,,0,0,0.0,-90453464.87720063,0.0,-40453464.87720063,,,,
2023-06-05,32100.0,29.057716369628903,-1.9139597379939826,0,,,,,0,0,0.0,-90453464.87720063,0.0,-40453464.87720063,,,,
2023-06-06,32645.0,29.138208389282227,-2.6119557954350103,0,,,,,0,0,0.0,-90453464.87720063,0.0,-40453464.87720063,[網格1] 資金不足 ,,,
2023-06-07,31885.0,29.46017837524414,-0.23329994799732043,0,,,,,0,0,0.0,-90453464.87720063,0.0,-40453464.87720063,,,,
2023-06-08,31890.0,29.17270469665528,-0.5900081999660477,0,,,,,0,0,0.0,-90453464.87720063,0.0,-40453464.87720063,,,,
2023-06-09,32355.0,29.391185760498047,-1.2913146617253315,0,,,,,0,0,0.0,-90453464.87720063,0.0,-40453464.87720063,,,,
2023-06-10,32355.0,29.391185760498047,-1.1622966155623125,0,,,,,0,0,0.0,-90453464.87720063,0.0,-40453464.87720063,,,,
2023-06-11,32355.0,29.391185760498047,-1.076646835687725,0,,,,,0,0,0.0,-90453464.87720063,0.0,-40453464.87720063,,,,
2023-06-12,32685.0,29.66715431213379,-1.321256974603761,0,,,,,0,0,0.0,-90453464.87720063,0.0,-40453464.87720063,,,,
2023-06-13,33425.0,30.25359916687012,-1.9366906268473716,0,,,,,0,0,0.0,-90453464.87720063,0.0,-40453464.87720063,,,,
2023-06-14,33510.0,30.242101669311523,-1.8193321587823463,0,,,,,0,0,0.0,-90453464.87720063,0.0,-40453464.87720063,,,,
2023-06-15,33510.0,30.33409118652344,-1.514258214015732,0,,,,,0,0,0.0,-90453464.87720063,0.0,-40453464.87720063,,,,
2023-06-16,33665.0,30.25359916687012,-1.637072603421469,0,,,,,0,0,0.0,-90453464.87720063,0.0,-40453464.87720063,,,,
2023-06-17,33665.0,30.25359916687012,-1.4503991476996925,0,,,,,0,0,0.0,-90453464.87720063,0.0,-40453464.87720063,,,,
2023-06-18,33665.0,30.25359916687012,-1.302447871090041,0,,,,,0,0,0.0,-90453464.87720063,0.0,-40453464.87720063,,,,
2023-06-19,33665.0,30.184608459472656,-1.265491326775424,0,,,,,0,0,0.0,-90453464.87720063,0.0,-40453464.87720063,,,,
2023-06-20,33170.0,30.023624420166016,-0.5297313927753321,0,,,,,0,0,0.0,-90453464.87720063,0.0,-40453464.87720063,,,,
2023-06-21,33570.0,30.023624420166016,-1.2426208558832357,0,,,,,0,0,0.0,-90453464.87720063,0.0,-40453464.87720063,,,,
2023-06-22,33455.0,30.023624420166016,-0.904276475990614,0,,,,,0,0,0.0,-90453464.87720063,0.0,-40453464.87720063,,,,
2023-06-23,32675.0,30.023624420166016,0.8157597230328606,0,,,,,0,0,0.0,-90453464.87720063,0.0,-40453464.87720063,,,,
2023-06-24,32675.0,30.023624420166016,0.8635588795907536,0,,,,,0,0,0.0,-90453464.87720063,0.0,-40453464.87720063,,,,
2023-06-25,32675.0,30.023624420166016,0.8701281814503745,0,,,,,0,0,0.0,-90453464.87720063,0.0,-40453464.87720063,,,,
2023-06-26,32590.0,29.83964157104492,0.7650652153815976,0,,,,,0,0,0.0,-90453464.87720063,0.0,-40453464.87720063,,,,
2023-06-27,32825.0,29.64415740966797,0.09584787578610618,0,,,,,0,0,0.0,-90453464.87720063,0.0,-40453464.87720063,,,,
2023-06-28,33315.0,29.690155029296875,-0.9836412436652973,0,,,,,0,0,0.0,-90453464.87720063,0.0,-40453464.87720063,,,,
2023-06-29,33185.0,29.67865753173828,-0.5807485829080694,0,,,,,0,0,0.0,-90453464.87720063,0.0,-40453464.87720063,,,,
2023-06-30,33440.0,29.690155029296875,-1.1445674763095808,0,,,,,0,0,0.0,-90453464.87720063,0.0,-40453464.87720063,,,,
2023-07-01,33440.0,29.690155029296875,-1.0439338615097546,0,,,,,0,0,0.0,-90453464.87720063,0.0,-40453464.87720063,,,,
2023-07-02,33440.0,29.690155029296875,-0.9450718678521227,0,,,,,0,0,0.0,-90453464.87720063,0.0,-40453464.87720063,,,,
2023-07-03,33650.0,30.058120727539062,-0.8860942748862881,0,,,,,0,0,0.0,-90453464.87720063,0.0,-40453464.87720063,,,,
2023-07-04,33650.0,30.12710952758789,-0.7389437231453385,0,,,,,0,0,0.0,-90453464.87720063,0.0,-40453464.87720063,,,,
2023-07-05,33150.0,30.08111953735352,0.5293305604760897,0,,,,,0,0,0.0,-90453464.87720063,0.0,-40453464.87720063,,,,
2023-07-06,32470.0,29.414182662963867,1.2211552798185639,0,,,,,0,0,0.0,-90453464.87720063,0.0,-40453464.87720063,,,,
2023-07-07,32440.0,29.36818504333496,1.1111788925838264,0,,,,,0,0,0.0,-90453464.87720063,0.0,-40453464.87720063,,,,
2023-07-08,32440.0,29.36818504333496,1.004929039100513,0,,,,,0,0,0.0,-90453464.87720063,0.0,-40453464.87720063,,,,
2023-07-09,32440.0,29.36818504333496,0.9091869745452413,0,,,,,0,0,0.0,-90453464.87720063,0.0,-40453464.87720063,,,,
2023-07-10,32250.0,29.31068992614746,1.1951806443691282,0,,,,,0,0,0.0,-90453464.87720063,0.0,-40453464.87720063,,,,
2023-07-11,32285.0,29.713150024414062,1.4789061868540174,0,,,,,0,0,0.0,-90453464.87720063,0.0,-40453464.87720063,,,,
2023-07-12,32060.0,29.770648956298828,1.797491458917283,0,,,,,0,0,0.0,-90453464.87720063,0.0,-40453464.87720063,,,,
2023-07-13,32746.80078125,30.10411071777344,0.705416593097502,0,,,,,0,0,0.0,-90453464.87720063,0.0,-40453464.87720063,,,,
2023-07-14,32270.0,30.41458511352539,1.8861702540888396,0,,,,,0,0,0.0,-90453464.87720063,0.0,-40453464.87720063,,,,
2023-07-15,32270.0,30.41458511352539,1.6916235368242436,0,,,,,0,0,0.0,-90453464.87720063,0.0,-40453464.87720063,,,,
2023-07-16,32270.0,30.41458511352539,1.5323734213228442,0,,,,,0,0,0.0,-90453464.87720063,0.0,-40453464.87720063,,,,
2023-07-17,32290.0,30.357091903686523,1.2957863901528388,0,,,,,0,0,0.0,-90453464.87720063,0.0,-40453464.87720063,,,,
2023-07-18,32730.0,30.29875946044922,0.44216666501500396,0,,,,,0,0,0.0,-90453464.87720063,0.0,-40453464.87720063,,,,
2023-07-19,32925.0,30.04208755493164,-0.18133178802597716,0,,,,,0,0,0.0,-90453464.87720063,0.0,-40453464.87720063,,,,
2023-07-20,32355.0,30.182090759277344,0.8670259014844641,0,,,,,0,0,0.0,-90453464.87720063,0.0,-40453464.87720063,,,,
2023-07-21,32655.0,29.68041229248047,-0.28251890742724056,0,,,,,0,0,0.0,-90453464.87720063,0.0,-40453464.87720063,,,,
2023-07-22,32655.0,29.68041229248047,-0.39498057510777634,0,,,,,0,0,0.0,-90453464.87720063,0.0,-40453464.87720063,,,,
2023-07-23,32655.0,29.68041229248047,-0.5454248887733018,0,,,,,0,0,0.0,-90453464.87720063,0.0,-40453464.87720063,,,,
2023-07-24,32735.0,29.692081451416016,-0.9488844553805396,0,,,,,0,0,0.0,-90453464.87720063,0.0,-40453464.87720063,,,,
2023-07-25,32630.0,30.06542205810547,-0.1227319787398529,0,,,,,0,0,0.0,-90453464.87720063,0.0,-40453464.87720063,,,,
2023-07-26,32555.0,29.983753204345703,-0.0705202721970925,0,,,,,0,0,0.0,-90453464.87720063,0.0,-40453464.87720063,,,,
2023-07-27,32485.0,30.21708869934082,0.4976922393065441,0,,,,,0,0,0.0,-90453464.87720063,0.0,-40453464.87720063,,,,
2023-07-28,33115.0,30.21708869934082,-1.4133017687288913,0,,,,,0,0,0.0,-90453464.87720063,0.0,-40453464.87720063,,,,
2023-07-29,33115.0,30.21708869934082,-1.3373896825904446,0,,,,,0,0,0.0,-90453464.87720063,0.0,-40453464.87720063,,,,
2023-07-30,33115.0,30.21708869934082,-1.2325648638859452,0,,,,,0,0,0.0,-90453464.87720063,0.0,-40453464.87720063,,,,
2023-07-31,33230.0,30.053754806518555,-1.591338410292282,0,,,,,0,0,0.0,-90453464.87720063,0.0,-40453464.87720063,,,,
2023-08-01,33215.0,30.205421447753903,-1.1970965241439486,0,,,,,0,0,0.0,-90453464.87720063,0.0,-40453464.87720063,,,,
2023-08-02,32370.0,29.83208274841309,0.42876420531573634,0,,,,,0,0,0.0,-90453464.87720063,0.0,-40453464.87720063,,,,
2023-08-03,31920.0,29.83208274841309,1.5870525461555387,0,,,,,0,0,0.0,-90453464.87720063,0.0,-40453464.87720063,,,,
2023-08-04,32020.0,29.692081451416016,1.1792620186696148,0,,,,,0,0,0.0,-90453464.87720063,0.0,-40453464.87720063,,,,
2023-08-05,32020.0,29.692081451416016,1.238599315882195,0,,,,,0,0,0.0,-90453464.87720063,0.0,-40453464.87720063,,,,
2023-08-06,32020.0,29.692081451416016,1.27991064230203,0,,,,,0,0,0.0,-90453464.87720063,0.0,-40453464.87720063,,,,
2023-08-07,32400.0,29.983753204345703,0.6459029668208343,0,,,,,0,0,0.0,-90453464.87720063,0.0,-40453464.87720063,,,,
2023-08-08,32350.0,29.63374710083008,0.19248254543504997,0,,,,,0,0,0.0,-90453464.87720063,0.0,-40453464.87720063,,,,
2023-08-09,32116.859375,29.68041229248047,0.9353094136030908,0,,,,,0,0,0.0,-90453464.87720063,0.0,-40453464.87720063,,,,
2023-08-10,32530.0,29.493745803833008,-0.5372713466455054,0,,,,,0,0,0.0,-90453464.87720063,0.0,-40453464.87720063,,,,
2023-08-11,32455.0,29.47041320800781,-0.37541800735592284,0,,,,,0,0,0.0,-90453464.87720063,0.0,-40453464.87720063,,,,
2023-08-12,32455.0,29.47041320800781,-0.3895104255679728,0,,,,,0,0,0.0,-90453464.87720063,0.0,-40453464.87720063,,,,
2023-08-13,32455.0,29.47041320800781,-0.4180060671564381,0,,,,,0,0,0.0,-90453464.87720063,0.0,-40453464.87720063,,,,
2023-08-14,32295.0,29.050405502319336,-0.5999637739994718,0,,,,,0,0,0.0,-90453464.87720063,0.0,-40453464.87720063,,,,
2023-08-15,31940.0,29.097070693969727,0.4816537178742024,0,,,,,0,0,0.0,-90453464.87720063,0.0,-40453464.87720063,,,,
2023-08-16,31690.0,28.945405960083008,0.9338473028005156,0,,,,,0,0,0.0,-90453464.87720063,0.0,-40453464.87720063,,,,
2023-08-17,31380.0,29.0737361907959,1.7565766915653012,0,,,,,0,0,0.0,-90453464.87720063,0.0,-40453464.87720063,,,,
2023-08-18,31460.0,28.89873695373535,1.157299990053651,0,,,,,0,0,0.0,-90453464.87720063,0.0,-40453464.87720063,,,,
2023-08-19,31460.0,28.89873695373535,1.0523796641087666,0,,,,,0,0,0.0,-90453464.87720063,0.0,-40453464.87720063,,,,
2023-08-20,31460.0,28.89873695373535,0.9916867104763931,0,,,,,0,0,0.0,-90453464.87720063,0.0,-40453464.87720063,,,,
2023-08-21,31800.0,28.70039939880371,-0.5114494782023333,0,,,,,0,0,0.0,-90453464.87720063,0.0,-40453464.87720063,,,,
2023-08-22,31760.0,28.93373680114746,0.05555814790644359,0,,,,,0,0,0.0,-90453464.87720063,0.0,-40453464.87720063,,,,
2023-08-23,31995.0,29.13207244873047,-0.2989489719616489,0,,,,,0,0,0.0,-90453464.87720063,0.0,-40453464.87720063,,,,
2023-08-24,31690.0,29.63374710083008,1.633913749627275,0,,,,,0,0,0.0,-90453464.87720063,0.0,-40453464.87720063,,,,
2023-08-25,31860.0,29.062074661254883,0.022706889388627256,0,,,,,0,0,0.0,-90453464.87720063,0.0,-40453464.87720063,,,,
2023-08-26,31860.0,29.062074661254883,0.056303064586878906,0,,,,,0,0,0.0,-90453464.87720063,0.0,-40453464.87720063,,,,
2023-08-27,31860.0,29.062074661254883,0.05259805155577518,0,,,,,0,0,0.0,-90453464.87720063,0.0,-40453464.87720063,,,,
2023-08-28,32280.0,29.248741149902344,-0.9821407573483396,0,,,,,0,0,0.0,-90453464.87720063,0.0,-40453464.87720063,,,,
2023-08-29,32420.0,29.41207695007324,-1.0393363469959076,0,,,,,0,0,0.0,-90453464.87720063,0.0,-40453464.87720063,,,,
2023-08-30,32390.0,29.54040908813477,-0.7539991564689266,0,,,,,0,0,0.0,-90453464.87720063,0.0,-40453464.87720063,,,,
2023-08-31,32500.0,29.33040809631348,-1.4602143206323632,0,,,,,0,0,0.0,-90453464.87720063,0.0,-40453464.87720063,,,,
2023-09-01,32760.0,29.37707901000977,-1.9796214702060906,0,,,,,0,0,0.0,-90453464.87720063,0.0,-40453464.87720063,,,,
2023-09-02,32760.0,29.37707901000977,-1.7886464575403245,0,,,,,0,0,0.0,-90453464.87720063,0.0,-40453464.87720063,,,,
2023-09-03,32760.0,29.37707901000977,-1.6581039920231155,0,,,,,0,0,0.0,-90453464.87720063,0.0,-40453464.87720063,,,,
2023-09-04,32760.0,29.57541275024414,-1.2362190712692485,0,,,,,0,0,0.0,-90453464.87720063,0.0,-40453464.87720063,,,,
2023-09-05,33110.0,29.50541114807129,-1.8802654397735863,0,,,,,0,0,0.0,-90453464.87720063,0.0,-40453464.87720063,,,,
2023-09-06,33125.0,29.400409698486328,-1.8109066261312439,0,,,,,0,0,0.0,-90453464.87720063,0.0,-40453464.87720063,,,,
2023-09-07,32895.0,29.13207244873047,-1.464877257288707,0,,,,,0,0,0.0,-90453464.87720063,0.0,-40453464.87720063,,,,
2023-09-08,32765.0,29.003740310668945,-1.2181255800860655,0,,,,,0,0,0.0,-90453464.87720063,0.0,-40453464.87720063,,,,
2023-09-09,32765.0,29.003740310668945,-1.1165776223576205,0,,,,,0,0,0.0,-90453464.87720063,0.0,-40453464.87720063,,,,
2023-09-10,32765.0,29.003740310668945,-1.0103329000102261,0,,,,,0,0,0.0,-90453464.87720063,0.0,-40453464.87720063,,,,
2023-09-11,32660.0,28.88707160949707,-0.8342508615168851,0,,,,,0,0,0.0,-90453464.87720063,0.0,-40453464.87720063,,,,
2023-09-12,32795.0,29.178741455078125,-0.6906329445175045,0,,,,,0,0,0.0,-90453464.87720063,0.0,-40453464.87720063,,,,
2023-09-13,32855.0,29.2137393951416,-0.7472688066327191,0,,,,,0,0,0.0,-90453464.87720063,0.0,-40453464.87720063,,,,
2023-09-14,33365.0,29.62207794189453,-1.4055636890378767,0,,,,,0,0,0.0,-90453464.87720063,0.0,-40453464.87720063,,,,
2023-09-15,33205.0,29.715415954589844,-0.7349427101893524,0,,,,,0,0,0.0,-90453464.87720063,0.0,-40453464.87720063,,,,
2023-09-16,33205.0,29.715415954589844,-0.6899073299955218,0,,,,,0,0,0.0,-90453464.87720063,0.0,-40453464.87720063,,,,
2023-09-17,33205.0,29.715415954589844,-0.6180807467331085,0,,,,,0,0,0.0,-90453464.87720063,0.0,-40453464.87720063,,,,
2023-09-18,33550.0,29.400409698486328,-2.377159376291393,0,,,,,0,0,0.0,-90453464.87720063,0.0,-40453464.87720063,[網格1] 資金不足 ,,,
2023-09-19,33260.0,29.27207374572754,-1.518047525473329,0,,,,,0,0,0.0,-90453464.87720063,0.0,-40453464.87720063,,,,
2023-09-20,33015.0,29.10873985290528,-0.78076428937108,0,,,,,0,0,0.0,-90453464.87720063,0.0,-40453464.87720063,,,,
2023-09-21,32205.0,28.642065048217773,1.7608425932717626,0,,,,,0,0,0.0,-90453464.87720063,0.0,-40453464.87720063,,,,
2023-09-22,32490.0,28.61873245239257,0.4298046124167957,0,,,,,0,0,0.0,-90453464.87720063,0.0,-40453464.87720063,,,,
2023-09-23,32490.0,28.61873245239257,0.4829862729903343,0,,,,,0,0,0.0,-90453464.87720063,0.0,-40453464.87720063,,,,
2023-09-24,32490.0,28.61873245239257,0.6004546271229019,0,,,,,0,0,0.0,-90453464.87720063,0.0,-40453464.87720063,,,,
2023-09-25,32655.0,28.828737258911133,0.3266368564745088,0,,,,,0,0,0.0,-90453464.87720063,0.0,-40453464.87720063,,,,
2023-09-26,32040.0,28.490398406982425,2.136256408564109,0,,,,,0,0,0.0,-90453464.87720063,0.0,-40453464.87720063,[網格1] 資金不足 ,,,
2023-09-27,32365.0,28.502063751220703,0.6003782632623408,0,,,,,0,0,0.0,-90453464.87720063,0.0,-40453464.87720063,,,,
2023-09-28,32020.0,28.61873245239257,2.0769279360684876,0,,,,,0,0,0.0,-90453464.87720063,0.0,-40453464.87720063,[網格1] 資金不足 ,,,
2023-09-29,31830.0,28.61873245239257,2.278796442270333,0,,,,,0,0,0.0,-90453464.87720063,0.0,-40453464.87720063,[網格1] 資金不足 ,,,
2023-09-30,31830.0,28.61873245239257,1.9240282248732352,0,,,,,0,0,0.0,-90453464.87720063,0.0,-40453464.87720063,,,,
2023-10-01,31830.0,28.61873245239257,1.6742693428585678,0,,,,,0,0,0.0,-90453464.87720063,0.0,-40453464.87720063,,,,
2023-10-02,31585.0,28.9920711517334,2.335094872114774,0,,,,,0,0,0.0,-90453464.87720063,0.0,-40453464.87720063,[網格1] 資金不足 ,,,
2023-10-03,30790.0,28.81706619262696,2.8166423810671057,0,,,,,0,0,0.0,-90453464.87720063,0.0,-40453464.87720063,[網格1] 資金不足 ,,,
2023-10-04,30710.0,28.4437313079834,2.135931529691639,0,,,,,0,0,0.0,-90453464.87720063,0.0,-40453464.87720063,[網格1] 資金不足 ,,,
2023-10-05,31055.0,28.85206794738769,1.694333125704516,0,,,,,0,0,0.0,-90453464.87720063,0.0,-40453464.87720063,,,,
2023-10-06,31305.0,28.957069396972656,1.2701662266628042,0,,,,,0,0,0.0,-90453464.87720063,0.0,-40453464.87720063,,,,
2023-10-07,31305.0,28.957069396972656,1.143994601051745,0,,,,,0,0,0.0,-90453464.87720063,0.0,-40453464.87720063,,,,
2023-10-08,31305.0,28.957069396972656,1.0522617422889653,0,,,,,0,0,0.0,-90453464.87720063,0.0,-40453464.87720063,,,,
2023-10-09,31205.0,28.957069396972656,1.0946665119701615,0,,,,,0,0,0.0,-90453464.87720063,0.0,-40453464.87720063,,,,
2023-10-10,31800.0,28.957069396972656,0.14207564457898006,0,,,,,0,0,0.0,-90453464.87720063,0.0,-40453464.87720063,,,,
2023-10-11,31985.0,29.458744049072266,0.2448663486103389,0,,,,,0,0,0.0,-90453464.87720063,0.0,-40453464.87720063,,,,
2023-10-12,32281.509765625,29.70374870300293,-0.07676005018749905,0,,,,,0,0,0.0,-90453464.87720063,0.0,-40453464.87720063,,,,
2023-10-13,31910.0,29.62207794189453,0.39438356135199093,0,,,,,0,0,0.0,-90453464.87720063,0.0,-40453464.87720063,,,,
2023-10-14,31910.0,29.62207794189453,0.31649479906455863,0,,,,,0,0,0.0,-90453464.87720063,0.0,-40453464.87720063,,,,
2023-10-15,31910.0,29.62207794189453,0.2279891115170507,0,,,,,0,0,0.0,-90453464.87720063,0.0,-40453464.87720063,,,,
2023-10-16,31990.0,29.458744049072266,-0.21919315971856437,0,,,,,0,0,0.0,-90453464.87720063,0.0,-40453464.87720063,,,,
2023-10-17,32135.0,29.528743743896484,-0.650697037665266,0,,,,,0,0,0.0,-90453464.87720063,0.0,-40453464.87720063,,,,
2023-10-18,31610.0,29.12040901184082,0.05541773397300837,0,,,,,0,0,0.0,-90453464.87720063,0.0,-40453464.87720063,,,,
2023-10-19,31295.0,29.13207244873047,0.912102937464021,0,,,,,0,0,0.0,-90453464.87720063,0.0,-40453464.87720063,,,,
2023-10-20,31045.0,29.26041030883789,1.7007997248692663,0,,,,,0,0,0.0,-90453464.87720063,0.0,-40453464.87720063,,,,
2023-10-21,31045.0,29.26041030883789,1.560470407566192,0,,,,,0,0,0.0,-90453464.87720063,0.0,-40453464.87720063,,,,
2023-10-22,31045.0,29.26041030883789,1.3868496062443816,0,,,,,0,0,0.0,-90453464.87720063,0.0,-40453464.87720063,,,,
2023-10-23,30955.0,28.89873695373535,1.0965100066214075,0,,,,,0,0,0.0,-90453464.87720063,0.0,-40453464.87720063,,,,
2023-10-24,31220.0,28.92207145690918,0.3863725360453502,0,,,,,0,0,0.0,-90453464.87720063,0.0,-40453464.87720063,,,,
2023-10-25,31020.0,28.980403900146484,1.0723224413338663,0,,,,,0,0,0.0,-90453464.87720063,0.0,-40453464.87720063,,,,
2023-10-26,30615.0,28.408729553222656,1.216080473663364,0,,,,,0,0,0.0,-90453464.87720063,0.0,-40453464.87720063,,,,
2023-10-27,30580.0,28.537065505981445,1.3789927978481555,0,,,,,0,0,0.0,-90453464.87720063,0.0,-40453464.87720063,,,,
2023-10-28,30580.0,28.537065505981445,1.2532045820306215,0,,,,,0,0,0.0,-90453464.87720063,0.0,-40453464.87720063,,,,
2023-10-29,30580.0,28.537065505981445,1.1580808100492797,0,,,,,0,0,0.0,-90453464.87720063,0.0,-40453464.87720063,,,,
2023-10-30,30610.0,28.46706199645996,0.8919582593848568,0,,,,,0,0,0.0,-90453464.87720063,0.0,-40453464.87720063,,,,
2023-10-31,31330.0,28.26872634887696,-1.2808181619321235,0,,,,,0,0,0.0,-90453464.87720063,0.0,-40453464.87720063,,,,
2023-11-01,31875.0,28.408729553222656,-2.2596998320520503,0,,,,,0,0,0.0,-90453464.87720063,0.0,-40453464.87720063,[網格1] 資金不足 ,,,
2023-11-02,32290.0,29.050405502319336,-2.0481242487023,0,,,,,0,0,0.0,-90453464.87720063,0.0,-40453464.87720063,[網格1] 資金不足 ,,,
2023-11-03,32715.0,29.27207374572754,-2.2203135383929578,0,,,,,0,0,0.0,-90453464.87720063,0.0,-40453464.87720063,[網格1] 資金不足 ,,,
2023-11-04,32715.0,29.27207374572754,-1.9090958105732785,0,,,,,0,0,0.0,-90453464.87720063,0.0,-40453464.87720063,,,,
2023-11-05,32715.0,29.27207374572754,-1.7007675625200973,0,,,,,0,0,0.0,-90453464.87720063,0.0,-40453464.87720063,,,,
2023-11-06,32610.0,29.528743743896484,-1.2416054205042542,0,,,,,0,0,0.0,-90453464.87720063,0.0,-40453464.87720063,,,,
2023-11-07,32495.0,29.51707649230957,-1.0046543738665419,0,,,,,0,0,0.0,-90453464.87720063,0.0,-40453464.87720063,,,,
2023-11-08,32310.0,29.68041229248047,-0.55642565244098,0,,,,,0,0,0.0,-90453464.87720063,0.0,-40453464.87720063,,,,
2023-11-09,32477.529296875,29.692081451416016,-0.7072694845039396,0,,,,,0,0,0.0,-90453464.87720063,0.0,-40453464.87720063,,,,
2023-11-10,32885.0,29.57541275024414,-1.2463362445430062,0,,,,,0,0,0.0,-90453464.87720063,0.0,-40453464.87720063,,,,
2023-11-11,32885.0,29.57541275024414,-1.1270373302513776,0,,,,,0,0,0.0,-90453464.87720063,0.0,-40453464.87720063,,,,
2023-11-12,32885.0,29.57541275024414,-1.0201351575569522,0,,,,,0,0,0.0,-90453464.87720063,0.0,-40453464.87720063,,,,
2023-11-13,32780.0,30.030418395996094,-0.4498743440078855,0,,,,,0,0,0.0,-90453464.87720063,0.0,-40453464.87720063,,,,
2023-11-14,33210.0,30.10042190551757,-0.9150808591368276,0,,,,,0,0,0.0,-90453464.87720063,0.0,-40453464.87720063,,,,
2023-11-15,33385.0,30.462093353271484,-0.7923616583879737,0,,,,,0,0,0.0,-90453464.87720063,0.0,-40453464.87720063,,,,
2023-11-16,33405.0,30.4737606048584,-0.743227565679831,0,,,,,0,0,0.0,-90453464.87720063,0.0,-40453464.87720063,,,,
2023-11-17,33530.0,30.56709098815918,-0.8129675759952972,0,,,,,0,0,0.0,-90453464.87720063,0.0,-40453464.87720063,,,,
2023-11-18,33530.0,30.56709098815918,-0.8017689455268462,0,,,,,0,0,0.0,-90453464.87720063,0.0,-40453464.87720063,,,,
2023-11-19,33530.0,30.56709098815918,-0.9407482834116214,0,,,,,0,0,0.0,-90453464.87720063,0.0,-40453464.87720063,,,,
2023-11-20,33380.0,30.5554256439209,-0.31344836111018354,0,,,,,0,0,0.0,-90453464.87720063,0.0,-40453464.87720063,,,,
2023-11-21,33200.0,30.92876434326172,1.4350286945479862,0,,,,,0,0,0.0,-90453464.87720063,0.0,-40453464.87720063,,,,
2023-11-22,33770.0,30.64876174926757,-1.616128011899835,0,,,,,0,0,0.0,-90453464.87720063,0.0,-40453464.87720063,,,,
2023-11-23,33730.0,30.637094497680664,-1.354253388992799,0,,,,,0,0,0.0,-90453464.87720063,0.0,-40453464.87720063,,,,
2023-11-24,33740.0,30.61376190185547,-1.3279295652847112,0,,,,,0,0,0.0,-90453464.87720063,0.0,-40453464.87720063,,,,
2023-11-25,33740.0,30.61376190185547,-1.2244380418475669,0,,,,,0,0,0.0,-90453464.87720063,0.0,-40453464.87720063,,,,
2023-11-26,33740.0,30.61376190185547,-1.1045227446219927,0,,,,,0,0,0.0,-90453464.87720063,0.0,-40453464.87720063,,,,
2023-11-27,33525.0,30.415428161621094,-0.6524674999932416,0,,,,,0,0,0.0,-90453464.87720063,0.0,-40453464.87720063,,,,
2023-11-28,33290.0,30.62542533874512,0.8735514551796032,0,,,,,0,0,0.0,-90453464.87720063,0.0,-40453464.87720063,,,,
2023-11-29,33275.0,30.602088928222656,1.0563053023831348,0,,,,,0,0,0.0,-90453464.87720063,0.0,-40453464.87720063,,,,
2023-11-30,33540.0,30.64876174926757,-0.09612986042589002,0,,,,,0,0,0.0,-90453464.87720063,0.0,-40453464.87720063,,,,
2023-12-01,33470.0,30.75376319885254,0.5113856175024019,0,,,,,0,0,0.0,-90453464.87720063,0.0,-40453464.87720063,,,,
2023-12-02,33470.0,30.75376319885254,0.48949876728291786,0,,,,,0,0,0.0,-90453464.87720063,0.0,-40453464.87720063,,,,
2023-12-03,33470.0,30.75376319885254,0.6133516547446206,0,,,,,0,0,0.0,-90453464.87720063,0.0,-40453464.87720063,,,,
2023-12-04,33050.0,30.637094497680664,2.0691039775146045,0,,,,,0,0,0.0,-90453464.87720063,0.0,-40453464.87720063,[網格1] 資金不足 ,,,
2023-12-05,32905.0,30.415428161621094,1.8524242833016822,0,,,,,0,0,0.0,-90453464.87720063,0.0,-40453464.87720063,,,,
2023-12-06,33160.0,30.52042961120605,0.9548276885655201,0,,,,,0,0,0.0,-90453464.87720063,0.0,-40453464.87720063,,,,
2023-12-07,32445.0,30.333755493164062,2.5841251576410955,0,,,,,0,0,0.0,-90453464.87720063,0.0,-40453464.87720063,[網格1] 資金不足 ,,,
2023-12-08,32640.0,30.578760147094727,2.0019341038560596,0,,,,,0,0,0.0,-90453464.87720063,0.0,-40453464.87720063,[網格1] 資金不足 ,,,
2023-12-09,32640.0,30.578760147094727,1.7272378841088005,0,,,,,0,0,0.0,-90453464.87720063,0.0,-40453464.87720063,,,,
2023-12-10,32640.0,30.578760147094727,1.5223422186078903,0,,,,,0,0,0.0,-90453464.87720063,0.0,-40453464.87720063,,,,
2023-12-11,33100.0,30.61376190185547,0.44074500830502267,0,,,,,0,0,0.0,-90453464.87720063,0.0,-40453464.87720063,,,,
2023-12-12,32965.0,30.68375968933105,0.7909417280022274,0,,,,,0,0,0.0,-90453464.87720063,0.0,-40453464.87720063,,,,
2023-12-13,32925.0,30.69542694091797,0.8229199718907353,0,,,,,0,0,0.0,-90453464.87720063,0.0,-40453464.87720063,,,,
2023-12-14,32715.0,31.068761825561523,1.706705261876658,0,,,,,0,0,0.0,-90453464.87720063,0.0,-40453464.87720063,,,,
2023-12-15,32690.0,31.197099685668945,1.743056905044999,0,,,,,0,0,0.0,-90453464.87720063,0.0,-40453464.87720063,,,,
2023-12-16,32690.0,31.197099685668945,1.5891367976764144,0,,,,,0,0,0.0,-90453464.87720063,0.0,-40453464.87720063,,,,
2023-12-17,32690.0,31.197099685668945,1.4530573289379405,0,,,,,0,0,0.0,-90453464.87720063,0.0,-40453464.87720063,,,,
2023-12-18,32810.0,31.2437686920166,1.0943150807530733,0,,,,,0,0,0.0,-90453464.87720063,0.0,-40453464.87720063,,,,
2023-12-19,33445.0,31.127098083496094,-0.7117157809166579,0,,,,,0,0,0.0,-90453464.87720063,0.0,-40453464.87720063,,,,
2023-12-20,33080.0,31.208770751953125,0.2681588369120391,0,,,,,0,0,0.0,-90453464.87720063,0.0,-40453464.87720063,,,,
2023-12-21,33345.0,30.940433502197266,-0.9660218920943505,0,,,,,0,0,0.0,-90453464.87720063,0.0,-40453464.87720063,,,,
2023-12-22,33360.0,31.02210235595703,-0.9644354731203516,0,,,,,0,0,0.0,-90453464.87720063,0.0,-40453464.87720063,,,,
2023-12-23,33360.0,31.02210235595703,-1.0691252945996232,0,,,,,0,0,0.0,-90453464.87720063,0.0,-40453464.87720063,,,,
2023-12-24,33360.0,31.02210235595703,-1.0387378202733224,0,,,,,0,0,0.0,-90453464.87720063,0.0,-40453464.87720063,,,,
2023-12-25,33360.0,31.150434494018555,-0.7949504069014959,0,,,,,0,0,0.0,-90453464.87720063,0.0,-40453464.87720063,,,,
2023-12-26,33550.0,31.32543563842773,-1.1132409133096233,0,,,,,0,0,0.0,-90453464.87720063,0.0,-40453464.87720063,,,,
2023-12-27,33525.0,31.675443649291992,-0.3419141593391281,0,,,,,0,0,0.0,-90453464.87720063,0.0,-40453464.87720063,,,,
2023-12-28,33465.0,31.675443649291992,-0.1116707154646826,0,,,,,0,0,0.0,-90453464.87720063,0.0,-40453464.87720063,,,,
2023-12-29,33365.0,31.605438232421875,0.11429121611893862,0,,,,,0,0,0.0,-90453464.87720063,0.0,-40453464.87720063,,,,
2023-12-30,33365.0,31.605438232421875,0.140275489182155,0,,,,,0,0,0.0,-90453464.87720063,0.0,-40453464.87720063,,,,
2023-12-31,33365.0,31.605438232421875,0.09277761023345761,0,,,,,0,0,0.0,-90453464.87720063,0.0,-40453464.87720063,,,,
2024-01-01,33365.0,31.605438232421875,0.0726106953269199,0,,,,,0,0,0.0,-90453464.87720063,0.0,-40453464.87720063,,,,
2024-01-02,33110.0,31.47710609436035,0.6517209915248126,0,,,,,0,0,0.0,-90453464.87720063,0.0,-40453464.87720063,,,,
2024-01-03,33165.0,30.92876434326172,-0.5150595526968148,0,,,,,0,0,0.0,-90453464.87720063,0.0,-40453464.87720063,,,,
2024-01-04,33325.0,30.91709518432617,-1.0199876275058057,0,,,,,0,0,0.0,-90453464.87720063,0.0,-40453464.87720063,,,,
2024-01-05,33395.0,30.835426330566406,-1.3668095187151943,0,,,,,0,0,0.0,-90453464.87720063,0.0,-40453464.87720063,,,,
2024-01-06,33395.0,30.835426330566406,-1.3280968842767027,0,,,,,0,0,0.0,-90453464.87720063,0.0,-40453464.87720063,,,,
2024-01-07,33395.0,30.835426330566406,-1.2992654349430681,0,,,,,0,0,0.0,-90453464.87720063,0.0,-40453464.87720063,,,,
2024-01-08,33875.0,30.97543334960937,-2.5782871914344523,0,,,,,0,0,0.0,-90453464.87720063,0.0,-40453464.87720063,[網格1] 資金不足 ,,,
2024-01-09,33890.0,31.033767700195312,-2.1018140707292,0,,,,,0,0,0.0,-90453464.87720063,0.0,-40453464.87720063,[網格1] 資金不足 ,,,
2024-01-10,34845.0,30.87042999267578,-3.4052943833964626,0,,,,,0,0,0.0,-90453464.87720063,0.0,-40453464.87720063,[網格1] 資金不足 ,,,
2024-01-11,35178.73828125,30.99877166748047,-2.8247849419787436,0,,,,,0,0,0.0,-90453464.87720063,0.0,-40453464.87720063,[網格1] 資金不足 ,,,
2024-01-12,35580.0,30.95209503173828,-2.629832555084411,0,,,,,0,0,0.0,-90453464.87720063,0.0,-40453464.87720063,[網格1] 資金不足 ,,,
2024-01-13,35580.0,30.95209503173828,-2.1479144657628924,0,,,,,0,0,0.0,-90453464.87720063,0.0,-40453464.87720063,[網格1] 資金不足 ,,,
2024-01-14,35580.0,30.95209503173828,-1.831274055253466,0,,,,,0,0,0.0,-90453464.87720063,0.0,-40453464.87720063,,,,
2024-01-15,35580.0,30.95209503173828,-1.599786437935208,0,,,,,0,0,0.0,-90453464.87720063,0.0,-40453464.87720063,,,,
2024-01-16,35830.0,30.718759536743164,-1.7005008054896171,0,,,,,0,0,0.0,-90453464.87720063,0.0,-40453464.87720063,,,,
2024-01-17,35510.0,30.43222618103028,-1.3888057404189504,0,,,,,0,0,0.0,-90453464.87720063,0.0,-40453464.87720063,,,,
2024-01-18,36095.0,30.63519096374512,-1.57810840312673,0,,,,,0,0,0.0,-90453464.87720063,0.0,-40453464.87720063,,,,
2024-01-19,36320.0,31.73356437683105,-1.1366195785329103,0,,,,,0,0,0.0,-90453464.87720063,0.0,-40453464.87720063,,,,
2024-01-20,36320.0,31.73356437683105,-1.0315476677485647,0,,,,,0,0,0.0,-90453464.87720063,0.0,-40453464.87720063,,,,
2024-01-21,36320.0,31.73356437683105,-0.938447913046728,0,,,,,0,0,0.0,-90453464.87720063,0.0,-40453464.87720063,,,,
2024-01-22,36650.0,31.948469161987305,-1.0296676436715315,0,,,,,0,0,0.0,-90453464.87720063,0.0,-40453464.87720063,,,,
2024-01-23,36500.0,32.00816345214844,-0.7867350360945087,0,,,,,0,0,0.0,-90453464.87720063,0.0,-40453464.87720063,,,,
2024-01-24,36265.0,31.996225357055664,-0.4957396856225528,0,,,,,0,0,0.0,-90453464.87720063,0.0,-40453464.87720063,,,,
2024-01-25,36050.0,32.39020538330078,0.04247497344842423,0,,,,,0,0,0.0,-90453464.87720063,0.0,-40453464.87720063,,,,
2024-01-26,35950.0,32.39020538330078,0.28172867053293166,0,,,,,0,0,0.0,-90453464.87720063,0.0,-40453464.87720063,,,,
2024-01-27,35950.0,32.39020538330078,0.4690122200313807,0,,,,,0,0,0.0,-90453464.87720063,0.0,-40453464.87720063,,,,
2024-01-28,35950.0,32.39020538330078,0.6821806434171221,0,,,,,0,0,0.0,-90453464.87720063,0.0,-40453464.87720063,,,,
2024-01-29,36150.0,32.59316635131836,0.9210119014572979,0,,,,,0,0,0.0,-90453464.87720063,0.0,-40453464.87720063,,,,
2024-01-30,35965.0,32.50959014892578,1.3653359292697218,0,,,,,0,0,0.0,-90453464.87720063,0.0,-40453464.87720063,,,,
2024-01-31,35915.0,32.07979965209961,0.8772456272219842,0,,,,,0,0,0.0,-90453464.87720063,0.0,-40453464.87720063,,,,
2024-02-01,36185.0,32.07979965209961,0.12339873156912425,0,,,,,0,0,0.0,-90453464.87720063,0.0,-40453464.87720063,,,,
2024-02-02,36415.0,32.25887680053711,-0.22128189285250086,0,,,,,0,0,0.0,-90453464.87720063,0.0,-40453464.87720063,,,,
2024-02-03,36415.0,32.25887680053711,-0.20719219140820255,0,,,,,0,0,0.0,-90453464.87720063,0.0,-40453464.87720063,,,,
2024-02-04,36415.0,32.25887680053711,-0.19317267857209877,0,,,,,0,0,0.0,-90453464.87720063,0.0,-40453464.87720063,,,,
2024-02-05,36325.0,32.46183776855469,0.31194086403159116,0,,,,,0,0,0.0,-90453464.87720063,0.0,-40453464.87720063,,,,
2024-02-06,36005.0,32.46183776855469,1.100335407143764,0,,,,,0,0,0.0,-90453464.87720063,0.0,-40453464.87720063,,,,
2024-02-07,36285.0,32.46183776855469,0.23721333731100394,0,,,,,0,0,0.0,-90453464.87720063,0.0,-40453464.87720063,,,,
2024-02-08,37077.3984375,32.46183776855469,-2.0030303337470334,0,,,,,0,0,0.0,-90453464.87720063,0.0,-40453464.87720063,[網格1] 資金不足 ,,,
2024-02-09,37155.0,32.46183776855469,-1.9730436392843065,0,,,,,0,0,0.0,-90453464.87720063,0.0,-40453464.87720063,,,,
2024-02-10,37155.0,32.46183776855469,-1.778415342592348,0,,,,,0,0,0.0,-90453464.87720063,0.0,-40453464.87720063,,,,
2024-02-11,37155.0,32.46183776855469,-1.6838222877885631,0,,,,,0,0,0.0,-90453464.87720063,0.0,-40453464.87720063,,,,
2024-02-12,37470.0,32.46183776855469,-2.070675887439037,0,,,,,0,0,0.0,-90453464.87720063,0.0,-40453464.87720063,[網格1] 資金不足 ,,,
2024-02-13,37685.0,32.46183776855469,-2.0870644880756064,0,,,,,0,0,0.0,-90453464.87720063,0.0,-40453464.87720063,[網格1] 資金不足 ,,,
2024-02-14,38100.0,32.46183776855469,-2.278322809224048,0,,,,,0,0,0.0,-90453464.87720063,0.0,-40453464.87720063,[網格1] 資金不足 ,,,
2024-02-15,38575.0,33.99001693725586,-1.4923652258876474,0,,,,,0,0,0.0,-90453464.87720063,0.0,-40453464.87720063,,,,
2024-02-16,38300.0,33.73929977416992,-1.167430409659906,0,,,,,0,0,0.0,-90453464.87720063,0.0,-40453464.87720063,,,,
2024-02-17,38300.0,33.73929977416992,-1.0586876243242822,0,,,,,0,0,0.0,-90453464.87720063,0.0,-40453464.87720063,,,,
2024-02-18,38300.0,33.73929977416992,-0.9601165079952991,0,,,,,0,0,0.0,-90453464.87720063,0.0,-40453464.87720063,,,,
2024-02-19,38300.0,33.69154739379883,-0.9148607675581126,0,,,,,0,0,0.0,-90453464.87720063,0.0,-40453464.87720063,,,,
2024-02-20,38295.0,33.822872161865234,-0.7109647367341538,0,,,,,0,0,0.0,-90453464.87720063,0.0,-40453464.87720063,,,,
2024-02-21,38410.0,33.715423583984375,-0.9070794415590805,0,,,,,0,0,0.0,-90453464.87720063,0.0,-40453464.87720063,,,,
2024-02-22,39455.0,34.097469329833984,-1.9566741142995456,0,,,,,0,0,0.0,-90453464.87720063,0.0,-40453464.87720063,,,,
2024-02-23,39470.0,34.32430648803711,-1.5775248726841968,0,,,,,0,0,0.0,-90453464.87720063,0.0,-40453464.87720063,,,,
2024-02-24,39470.0,34.32430648803711,-1.4158392208917667,0,,,,,0,0,0.0,-90453464.87720063,0.0,-40453464.87720063,,,,
2024-02-25,39470.0,34.32430648803711,-1.304203034558378,0,,,,,0,0,0.0,-90453464.87720063,0.0,-40453464.87720063,,,,
2024-02-26,39340.0,34.37206268310547,-1.0428753237246473,0,,,,,0,0,0.0,-90453464.87720063,0.0,-40453464.87720063,,,,
2024-02-27,39290.0,34.22879409790039,-1.086364472115366,0,,,,,0,0,0.0,-90453464.87720063,0.0,-40453464.87720063,,,,
2024-02-28,39045.0,34.22879409790039,-0.5029283141809932,0,,,,,0,0,0.0,-90453464.87720063,0.0,-40453464.87720063,,,,
2024-02-29,39300.0,34.216854095458984,-0.9843712308826398,0,,,,,0,0,0.0,-90453464.87720063,0.0,-40453464.87720063,,,,
2024-03-01,40220.0,34.097469329833984,-2.575091085473958,0,,,,,0,0,0.0,-90453464.87720063,0.0,-40453464.87720063,[網格1] 資金不足 ,,,
2024-03-02,40220.0,34.097469329833984,-2.193458930061096,0,,,,,0,0,0.0,-90453464.87720063,0.0,-40453464.87720063,[網格1] 資金不足 ,,,
2024-03-03,40220.0,34.097469329833984,-1.885136755219392,0,,,,,0,0,0.0,-90453464.87720063,0.0,-40453464.87720063,,,,
2024-03-04,40105.0,35.08839797973633,-0.6729561292434323,0,,,,,0,0,0.0,-90453464.87720063,0.0,-40453464.87720063,,,,
2024-03-05,39800.0,35.37492370605469,0.12709394494893567,0,,,,,0,0,0.0,-90453464.87720063,0.0,-40453464.87720063,,,,
2024-03-06,40330.0,35.54207992553711,-0.5492116746832972,0,,,,,0,0,0.0,-90453464.87720063,0.0,-40453464.87720063,,,,
2024-03-07,39765.0,36.36585998535156,1.2274176972938295,0,,,,,0,0,0.0,-90453464.87720063,0.0,-40453464.87720063,,,,
2024-03-08,39035.0,36.87923049926758,2.4631616583786258,0,,,,,0,0,0.0,-90453464.87720063,0.0,-40453464.87720063,[網格1] 資金不足 ,,,
2024-03-09,39035.0,36.87923049926758,2.1219846335750328,0,,,,,0,0,0.0,-90453464.87720063,0.0,-40453464.87720063,[網格1] 資金不足 ,,,
2024-03-10,39035.0,36.87923049926758,1.8717042108349469,0,,,,,0,0,0.0,-90453464.87720063,0.0,-40453464.87720063,,,,
2024-03-11,38410.0,36.50912094116211,2.0341007803427242,0,,,,,0,0,0.0,-90453464.87720063,0.0,-40453464.87720063,[網格1] 資金不足 ,,,
2024-03-12,39090.0,36.89117050170898,1.4047060597901242,0,,,,,0,0,0.0,-90453464.87720063,0.0,-40453464.87720063,,,,
2024-03-13,38590.0,37.07025146484375,1.7310857618337618,0,,,,,0,0,0.0,-90453464.87720063,0.0,-40453464.87720063,,,,
2024-03-14,38490.0,37.0344352722168,1.579479461384953,0,,,,,0,0,0.0,-90453464.87720063,0.0,-40453464.87720063,,,,
2024-03-15,38845.0,36.532997131347656,0.934108143608376,0,,,,,0,0,0.0,-90453464.87720063,0.0,-40453464.87720063,,,,
2024-03-16,38845.0,36.532997131347656,0.8476093857897236,0,,,,,0,0,0.0,-90453464.87720063,0.0,-40453464.87720063,,,,
2024-03-17,38845.0,36.532997131347656,0.7702019334964031,0,,,,,0,0,0.0,-90453464.87720063,0.0,-40453464.87720063,,,,
2024-03-18,39665.0,36.86729049682617,0.19641027583126897,0,,,,,0,0,0.0,-90453464.87720063,0.0,-40453464.87720063,,,,
2024-03-19,40105.0,36.78371810913086,-0.23433847557025195,0,,,,,0,0,0.0,-90453464.87720063,0.0,-40453464.87720063,,,,
2024-03-20,40390.0,36.580753326416016,-0.5898276560001324,0,,,,,0,0,0.0,-90453464.87720063,0.0,-40453464.87720063,,,,
2024-03-21,41045.0,37.5836181640625,-0.7649068391492615,0,,,,,0,0,0.0,-90453464.87720063,0.0,-40453464.87720063,,,,
2024-03-22,40750.0,37.53586959838867,-0.6371386631449547,0,,,,,0,0,0.0,-90453464.87720063,0.0,-40453464.87720063,,,,
2024-03-23,40750.0,37.53586959838867,-0.7930311321971608,0,,,,,0,0,0.0,-90453464.87720063,0.0,-40453464.87720063,,,,
2024-03-24,40750.0,37.53586959838867,-0.8822259152817179,0,,,,,0,0,0.0,-90453464.87720063,0.0,-40453464.87720063,,,,
2024-03-25,40310.0,37.60750198364258,-0.36918380796886335,0,,,,,0,0,0.0,-90453464.87720063,0.0,-40453464.87720063,,,,
2024-03-26,40435.0,37.63138198852539,-0.6277440391411192,0,,,,,0,0,0.0,-90453464.87720063,0.0,-40453464.87720063,,,,
2024-03-27,40690.0,37.643314361572266,-0.9383835790503923,0,,,,,0,0,0.0,-90453464.87720063,0.0,-40453464.87720063,,,,
2024-03-28,40370.0,37.46422958374024,-0.5805868009086497,0,,,,,0,0,0.0,-90453464.87720063,0.0,-40453464.87720063,,,,
2024-03-29,40370.0,37.67913436889648,-0.3636381551295224,0,,,,,0,0,0.0,-90453464.87720063,0.0,-40453464.87720063,,,,
2024-03-30,40370.0,37.67913436889648,-0.30874983706920767,0,,,,,0,0,0.0,-90453464.87720063,0.0,-40453464.87720063,,,,
2024-03-31,40370.0,37.67913436889648,-0.23322021221015224,0,,,,,0,0,0.0,-90453464.87720063,0.0,-40453464.87720063,,,,
2024-04-01,39940.0,37.5836181640625,0.3649407543091264,0,,,,,0,0,0.0,-90453464.87720063,0.0,-40453464.87720063,,,,
2024-04-02,39630.0,38.120872497558594,1.4106745720536185,0,,,,,0,0,0.0,-90453464.87720063,0.0,-40453464.87720063,,,,
2024-04-03,39995.0,37.85821533203125,0.7768097140875968,0,,,,,0,0,0.0,-90453464.87720063,0.0,-40453464.87720063,,,,
2024-04-04,39035.0,37.85821533203125,2.2806354045209054,0,,,,,0,0,0.0,-90453464.87720063,0.0,-40453464.87720063,[網格1] 資金不足 ,,,
2024-04-05,39310.0,37.85821533203125,1.7252503539208317,0,,,,,0,0,0.0,-90453464.87720063,0.0,-40453464.87720063,,,,
2024-04-06,39310.0,37.85821533203125,1.6446572733166587,0,,,,,0,0,0.0,-90453464.87720063,0.0,-40453464.87720063,,,,
2024-04-07,39310.0,37.85821533203125,1.4765501534498968,0,,,,,0,0,0.0,-90453464.87720063,0.0,-40453464.87720063,,,,
2024-04-08,39455.0,38.07311630249024,1.2887100966983425,0,,,,,0,0,0.0,-90453464.87720063,0.0,-40453464.87720063,,,,
2024-04-09,39620.0,38.98046875,1.5805630659090975,0,,,,,0,0,0.0,-90453464.87720063,0.0,-40453464.87720063,,,,
2024-04-10,39235.0,38.9207763671875,1.819256128631886,0,,,,,0,0,0.0,-90453464.87720063,0.0,-40453464.87720063,,,,
2024-04-11,39631.44921875,38.801387786865234,1.0917918891230776,0,,,,,0,0,0.0,-90453464.87720063,0.0,-40453464.87720063,,,,
2024-04-12,38820.0,38.70587539672852,1.841463826966382,0,,,,,0,0,0.0,-90453464.87720063,0.0,-40453464.87720063,,,,
2024-04-13,38820.0,38.70587539672852,1.6460837967311361,0,,,,,0,0,0.0,-90453464.87720063,0.0,-40453464.87720063,,,,
2024-04-14,38820.0,38.70587539672852,1.4622865487665604,0,,,,,0,0,0.0,-90453464.87720063,0.0,-40453464.87720063,,,,
2024-04-15,38725.0,38.20444488525391,1.1208930212239852,0,,,,,0,0,0.0,-90453464.87720063,0.0,-40453464.87720063,,,,
2024-04-16,38435.0,37.1657600402832,0.6869391059224274,0,,,,,0,0,0.0,-90453464.87720063,0.0,-40453464.87720063,,,,
2024-04-17,37740.0,37.5836181640625,1.7116058402277745,0,,,,,0,0,0.0,-90453464.87720063,0.0,-40453464.87720063,,,,
2024-04-18,37795.0,37.95372772216797,1.7166616373616135,0,,,,,0,0,0.0,-90453464.87720063,0.0,-40453464.87720063,,,,
2024-04-19,37065.0,36.03156661987305,1.17887449796229,0,,,,,0,0,0.0,-90453464.87720063,0.0,-40453464.87720063,,,,
2024-04-20,37065.0,36.03156661987305,1.121122427694959,0,,,,,0,0,0.0,-90453464.87720063,0.0,-40453464.87720063,,,,
2024-04-21,37065.0,36.03156661987305,1.0493551307458713,0,,,,,0,0,0.0,-90453464.87720063,0.0,-40453464.87720063,,,,
2024-04-22,37665.0,35.92411422729492,-0.08320851785965645,0,,,,,0,0,0.0,-90453464.87720063,0.0,-40453464.87720063,,,,
2024-04-23,37905.0,36.27034378051758,-0.3030688747573457,0,,,,,0,0,0.0,-90453464.87720063,0.0,-40453464.87720063,,,,
2024-04-24,38215.0,37.33290863037109,0.2133979916652229,0,,,,,0,0,0.0,-90453464.87720063,0.0,-40453464.87720063,,,,
2024-04-25,37635.0,36.65238952636719,0.5321471242485378,0,,,,,0,0,0.0,-90453464.87720063,0.0,-40453464.87720063,,,,
2024-04-26,38355.0,37.24933242797852,-0.3591708223797951,0,,,,,0,0,0.0,-90453464.87720063,0.0,-40453464.87720063,,,,
2024-04-27,38355.0,37.24933242797852,-0.4655282262570593,0,,,,,0,0,0.0,-90453464.87720063,0.0,-40453464.87720063,,,,
2024-04-28,38355.0,37.24933242797852,-0.6106411359847067,0,,,,,0,0,0.0,-90453464.87720063,0.0,-40453464.87720063,,,,
2024-04-29,37640.0,37.917911529541016,2.036405005813128,0,,,,,0,0,0.0,-90453464.87720063,0.0,-40453464.87720063,[網格1] 資金不足 ,,,
2024-04-30,38200.0,37.78658676147461,0.3725431909354542,0,,,,,0,0,0.0,-90453464.87720063,0.0,-40453464.87720063,,,,
2024-05-01,37985.0,37.78658676147461,0.8534460520372718,0,,,,,0,0,0.0,-90453464.87720063,0.0,-40453464.87720063,,,,
2024-05-02,37895.0,37.28514862060547,0.3005087091687846,0,,,,,0,0,0.0,-90453464.87720063,0.0,-40453464.87720063,,,,
2024-05-03,38755.0,37.476173400878906,-1.5804754608197211,0,,,,,0,0,0.0,-90453464.87720063,0.0,-40453464.87720063,,,,
2024-05-04,38755.0,37.476173400878906,-1.4142190999143511,0,,,,,0,0,0.0,-90453464.87720063,0.0,-40453464.87720063,,,,
2024-05-05,38755.0,37.476173400878906,-1.2998302211691706,0,,,,,0,0,0.0,-90453464.87720063,0.0,-40453464.87720063,,,,
2024-05-06,38525.0,38.01342391967773,-0.11171939130950657,0,,,,,0,0,0.0,-90453464.87720063,0.0,-40453464.87720063,,,,
2024-05-07,38765.0,38.22832489013672,-0.32877369229374226,0,,,,,0,0,0.0,-90453464.87720063,0.0,-40453464.87720063,,,,
2024-05-08,38410.0,38.3715934753418,0.8498941255427337,0,,,,,0,0,0.0,-90453464.87720063,0.0,-40453464.87720063,,,,
2024-05-09,38423.609375,38.32383346557617,0.7582865340681927,0,,,,,0,0,0.0,-90453464.87720063,0.0,-40453464.87720063,,,,
2024-05-10,38195.0,38.59843063354492,1.6426850367798003,0,,,,,0,0,0.0,-90453464.87720063,0.0,-40453464.87720063,,,,
2024-05-11,38195.0,38.59843063354492,1.5270724727961078,0,,,,,0,0,0.0,-90453464.87720063,0.0,-40453464.87720063,,,,
2024-05-12,38195.0,38.59843063354492,1.3608851085287736,0,,,,,0,0,0.0,-90453464.87720063,0.0,-40453464.87720063,,,,
2024-05-13,38185.0,38.99241256713867,1.6597171993073192,0,,,,,0,0,0.0,-90453464.87720063,0.0,-40453464.87720063,,,,
2024-05-14,38590.0,39.25506591796875,0.9953496737489191,0,,,,,0,0,0.0,-90453464.87720063,0.0,-40453464.87720063,,,,
2024-05-15,38705.0,39.79231643676758,1.2626996695988464,0,,,,,0,0,0.0,-90453464.87720063,0.0,-40453464.87720063,,,,
2024-05-16,38560.0,39.98333740234375,1.5670578276723344,0,,,,,0,0,0.0,-90453464.87720063,0.0,-40453464.87720063,,,,
2024-05-17,38745.0,39.935585021972656,1.0433288339526792,0,,,,,0,0,0.0,-90453464.87720063,0.0,-40453464.87720063,,,,
2024-05-18,38745.0,39.935585021972656,0.9454760998957047,0,,,,,0,0,0.0,-90453464.87720063,0.0,-40453464.87720063,,,,
2024-05-19,38745.0,39.935585021972656,0.9398627351433969,0,,,,,0,0,0.0,-90453464.87720063,0.0,-40453464.87720063,,,,
2024-05-20,39295.0,39.923641204833984,-0.16841302033680924,0,,,,,0,0,0.0,-90453464.87720063,0.0,-40453464.87720063,,,,
2024-05-21,38860.0,39.87588882446289,0.6026092465561541,0,,,,,0,0,0.0,-90453464.87720063,0.0,-40453464.87720063,,,,
2024-05-22,38635.0,40.59222030639648,1.600660319760261,0,,,,,0,0,0.0,-90453464.87720063,0.0,-40453464.87720063,,,,
2024-05-23,38560.0,40.90264129638672,1.8512781028935625,0,,,,,0,0,0.0,-90453464.87720063,0.0,-40453464.87720063,,,,
2024-05-24,38800.0,40.73548889160156,1.1797081455235823,0,,,,,0,0,0.0,-90453464.87720063,0.0,-40453464.87720063,,,,
2024-05-25,38800.0,40.73548889160156,1.1566416017875247,0,,,,,0,0,0.0,-90453464.87720063,0.0,-40453464.87720063,,,,
2024-05-26,38800.0,40.73548889160156,1.0698609470013807,0,,,,,0,0,0.0,-90453464.87720063,0.0,-40453464.87720063,,,,
2024-05-27,38800.0,41.2966194152832,1.7354417893859047,0,,,,,0,0,0.0,-90453464.87720063,0.0,-40453464.87720063,,,,
2024-05-28,38960.0,41.35631561279297,1.2882060390029606,0,,,,,0,0,0.0,-90453464.87720063,0.0,-40453464.87720063,,,,
2024-05-29,38315.0,40.79518127441406,1.9104590428647892,0,,,,,0,0,0.0,-90453464.87720063,0.0,-40453464.87720063,,,,
2024-05-30,38230.0,40.09078598022461,1.0110811620326414,0,,,,,0,0,0.0,-90453464.87720063,0.0,-40453464.87720063,,,,
2024-05-31,38635.0,39.63711166381836,-0.6917653438559944,0,,,,,0,0,0.0,-90453464.87720063,0.0,-40453464.87720063,,,,
2024-06-01,38635.0,39.63711166381836,-0.7229990481651839,0,,,,,0,0,0.0,-90453464.87720063,0.0,-40453464.87720063,,,,
2024-06-02,38635.0,39.63711166381836,-0.7064206823565324,0,,,,,0,0,0.0,-90453464.87720063,0.0,-40453464.87720063,,,,
2024-06-03,38650.0,40.48477935791016,0.42765874364080314,0,,,,,0,0,0.0,-90453464.87720063,0.0,-40453464.87720063,,,,
2024-06-04,38425.0,39.84007263183594,0.016298357381684957,0,,,,,0,0,0.0,-90453464.87720063,0.0,-40453464.87720063,,,,
2024-06-05,38965.0,40.22211837768555,-0.8209062335744384,0,,,,,0,0,0.0,-90453464.87720063,0.0,-40453464.87720063,,,,
2024-06-06,38635.0,41.5950927734375,1.8274768614166563,0,,,,,0,0,0.0,-90453464.87720063,0.0,-40453464.87720063,,,,
2024-06-07,38650.0,41.27273941040039,1.2084754275880722,0,,,,,0,0,0.0,-90453464.87720063,0.0,-40453464.87720063,,,,
2024-06-08,38650.0,41.27273941040039,1.0904597933760032,0,,,,,0,0,0.0,-90453464.87720063,0.0,-40453464.87720063,,,,
2024-06-09,38650.0,41.27273941040039,1.0502807488371368,0,,,,,0,0,0.0,-90453464.87720063,0.0,-40453464.87720063,,,,
2024-06-10,39185.0,41.27273941040039,-0.47266066571039445,0,,,,,0,0,0.0,-90453464.87720063,0.0,-40453464.87720063,,,,
2024-06-11,38905.0,41.38018798828125,0.47585367920374194,0,,,,,0,0,0.0,-90453464.87720063,0.0,-40453464.87720063,,,,
2024-06-12,39170.0,42.120399475097656,0.8885607971591629,0,,,,,0,0,0.0,-90453464.87720063,0.0,-40453464.87720063,,,,
2024-06-13,38585.0,42.729286193847656,2.6190655952730983,0,,,,,0,0,0.0,-90453464.87720063,0.0,-40453464.87720063,[網格1] 資金不足 ,,,
2024-06-14,38470.0,42.97999572753906,2.463109848948942,0,,,,,0,0,0.0,-90453464.87720063,0.0,-40453464.87720063,[網格1] 資金不足 ,,,
2024-06-15,38470.0,42.97999572753906,2.0432625370193365,0,,,,,0,0,0.0,-90453464.87720063,0.0,-40453464.87720063,[網格1] 資金不足 ,,,
2024-06-16,38470.0,42.97999572753906,1.7652605898811733,0,,,,,0,0,0.0,-90453464.87720063,0.0,-40453464.87720063,,,,
2024-06-17,38465.0,42.97999572753906,1.557023068885753,0,,,,,0,0,0.0,-90453464.87720063,0.0,-40453464.87720063,,,,
2024-06-18,38700.0,43.69633483886719,1.579312711612762,0,,,,,0,0,0.0,-90453464.87720063,0.0,-40453464.87720063,,,,
2024-06-19,38700.0,44.8782844543457,2.0155024188620225,0,,,,,0,0,0.0,-90453464.87720063,0.0,-40453464.87720063,[網格1] 資金不足 ,,,
2024-06-20,38580.0,45.308082580566406,2.0464537771716826,0,,,,,0,0,0.0,-90453464.87720063,0.0,-40453464.87720063,[網格1] 資金不足 ,,,
2024-06-21,38485.0,45.03348922729492,1.7423109050276209,0,,,,,0,0,0.0,-90453464.87720063,0.0,-40453464.87720063,,,,
2024-06-22,38485.0,45.03348922729492,1.5593093161358251,0,,,,,0,0,0.0,-90453464.87720063,0.0,-40453464.87720063,,,,
2024-06-23,38485.0,45.03348922729492,1.3932829278705106,0,,,,,0,0,0.0,-90453464.87720063,0.0,-40453464.87720063,,,,
2024-06-24,38725.0,43.93511199951172,0.516484116078484,0,,,,,0,0,0.0,-90453464.87720063,0.0,-40453464.87720063,,,,
2024-06-25,39300.0,43.91122817993164,-0.15638444279269798,0,,,,,0,0,0.0,-90453464.87720063,0.0,-40453464.87720063,,,,
2024-06-26,39400.0,44.25746536254883,-0.09602755317070959,0,,,,,0,0,0.0,-90453464.87720063,0.0,-40453464.87720063,,,,
2024-06-27,39645.0,44.24552536010742,-0.4204397168544437,0,,,,,0,0,0.0,-90453464.87720063,0.0,-40453464.87720063,,,,
2024-06-28,39810.0,44.520118713378906,-0.4859519589620902,0,,,,,0,0,0.0,-90453464.87720063,0.0,-40453464.87720063,,,,
2024-06-29,39810.0,44.520118713378906,-0.5450107310945858,0,,,,,0,0,0.0,-90453464.87720063,0.0,-40453464.87720063,,,,
2024-06-30,39810.0,44.520118713378906,-0.6905557044490199,0,,,,,0,0,0.0,-90453464.87720063,0.0,-40453464.87720063,,,,
2024-07-01,39570.0,44.555931091308594,-0.4581949693162464,0,,,,,0,0,0.0,-90453464.87720063,0.0,-40453464.87720063,,,,
2024-07-02,40290.0,44.25746536254883,-1.8124484827338032,0,,,,,0,0,0.0,-90453464.87720063,0.0,-40453464.87720063,,,,
2024-07-03,40635.0,44.794708251953125,-1.6764668353105863,0,,,,,0,0,0.0,-90453464.87720063,0.0,-40453464.87720063,,,,
2024-07-04,40635.0,45.9647216796875,-0.7107695270429033,0,,,,,0,0,0.0,-90453464.87720063,0.0,-40453464.87720063,,,,
2024-07-05,41080.0,45.79757690429688,-1.3162542954197745,0,,,,,0,0,0.0,-90453464.87720063,0.0,-40453464.87720063,,,,
2024-07-06,41080.0,45.79757690429688,-1.1982696873230265,0,,,,,0,0,0.0,-90453464.87720063,0.0,-40453464.87720063,,,,
2024-07-07,41080.0,45.79757690429688,-1.0953610880587352,0,,,,,0,0,0.0,-90453464.87720063,0.0,-40453464.87720063,,,,
2024-07-08,40845.0,47.242183685302734,0.1896700564899766,0,,,,,0,0,0.0,-90453464.87720063,0.0,-40453464.87720063,,,,
2024-07-09,41435.0,47.194427490234375,-0.492278731464962,0,,,,,0,0,0.0,-90453464.87720063,0.0,-40453464.87720063,,,,
2024-07-10,42430.0,47.36157989501953,-1.5025162245717103,0,,,,,0,0,0.0,-90453464.87720063,0.0,-40453464.87720063,,,,
2024-07-11,41499.5703125,48.41219329833984,0.6072022716124491,0,,,,,0,0,0.0,-90453464.87720063,0.0,-40453464.87720063,,,,
2024-07-12,41175.0,46.8840217590332,-0.053311492663270024,0,,,,,0,0,0.0,-90453464.87720063,0.0,-40453464.87720063,,,,
2024-07-13,41175.0,46.8840217590332,0.11237772009507103,0,,,,,0,0,0.0,-90453464.87720063,0.0,-40453464.87720063,,,,
2024-07-14,41175.0,46.8840217590332,0.22180533889334192,0,,,,,0,0,0.0,-90453464.87720063,0.0,-40453464.87720063,,,,
2024-07-15,41045.0,46.96759033203125,0.6604034892757581,0,,,,,0,0,0.0,-90453464.87720063,0.0,-40453464.87720063,,,,
2024-07-16,41570.0,47.24358749389648,-0.19261421743017274,0,,,,,0,0,0.0,-90453464.87720063,0.0,-40453464.87720063,,,,
2024-07-17,40225.0,46.58359146118164,1.9382111066845489,0,,,,,0,0,0.0,-90453464.87720063,0.0,-40453464.87720063,,,,
2024-07-18,40040.0,45.74360275268555,1.1916797141300735,0,,,,,0,0,0.0,-90453464.87720063,0.0,-40453464.87720063,,,,
2024-07-19,39680.0,44.69960784912109,0.6669702606398291,0,,,,,0,0,0.0,-90453464.87720063,0.0,-40453464.87720063,,,,
2024-07-20,39680.0,44.69960784912109,0.6355397385790793,0,,,,,0,0,0.0,-90453464.87720063,0.0,-40453464.87720063,,,,
2024-07-21,39680.0,44.69960784912109,0.6400256250076081,0,,,,,0,0,0.0,-90453464.87720063,0.0,-40453464.87720063,,,,
2024-07-22,39990.0,43.367618560791016,-1.540850840647684,0,,,,,0,0,0.0,-90453464.87720063,0.0,-40453464.87720063,,,,
2024-07-23,39490.0,44.711612701416016,0.950053014876301,0,,,,,0,0,0.0,-90453464.87720063,0.0,-40453464.87720063,,,,
2024-07-24,38170.0,44.711612701416016,2.716238221992391,0,,,,,0,0,0.0,-90453464.87720063,0.0,-40453464.87720063,[網格1] 資金不足 ,,,
2024-07-25,37770.0,44.711612701416016,2.5724520110443123,0,,,,,0,0,0.0,-90453464.87720063,0.0,-40453464.87720063,[網格1] 資金不足 ,,,
2024-07-26,38270.0,42.95962142944336,0.5436385037076983,0,,,,,0,0,0.0,-90453464.87720063,0.0,-40453464.87720063,,,,
2024-07-27,38270.0,42.95962142944336,0.47497971021932023,0,,,,,0,0,0.0,-90453464.87720063,0.0,-40453464.87720063,,,,
2024-07-28,38270.0,42.95962142944336,0.46150939558048887,0,,,,,0,0,0.0,-90453464.87720063,0.0,-40453464.87720063,,,,
2024-07-29,38300.0,43.34362411499024,0.6500937752379096,0,,,,,0,0,0.0,-90453464.87720063,0.0,-40453464.87720063,,,,
2024-07-30,38125.0,43.34362411499024,0.8250937224393331,0,,,,,0,0,0.0,-90453464.87720063,0.0,-40453464.87720063,,,,
2024-07-31,38635.0,43.403621673583984,0.10105231383511441,0,,,,,0,0,0.0,-90453464.87720063,0.0,-40453464.87720063,,,,
2024-08-01,36885.0,44.159610748291016,2.574853403367324,0,,,,,0,0,0.0,-90453464.87720063,0.0,-40453464.87720063,[網格1] 資金不足 ,,,
2024-08-02,34955.0,41.92762756347656,2.580557564867101,0,,,,,0,0,0.0,-90453464.87720063,0.0,-40453464.87720063,[網格1] 資金不足 ,,,
2024-08-03,34955.0,41.92762756347656,2.126614853471835,0,,,,,0,0,0.0,-90453464.87720063,0.0,-40453464.87720063,[網格1] 資金不足 ,,,
2024-08-04,34955.0,41.92762756347656,1.8193365481536372,0,,,,,0,0,0.0,-90453464.87720063,0.0,-40453464.87720063,,,,
2024-08-05,33625.0,38.09966659545898,1.050470493929551,0,,,,,0,0,0.0,-90453464.87720063,0.0,-40453464.87720063,,,,
2024-08-06,34055.0,40.199649810791016,1.461917098062323,0,,,,,0,0,0.0,-90453464.87720063,0.0,-40453464.87720063,,,,
2024-08-07,34400.0,41.795631408691406,1.638247711232979,0,,,,,0,0,0.0,-90453464.87720063,0.0,-40453464.87720063,,,,
2024-08-08,35609.1484375,40.93164443969727,0.37677001154324047,0,,,,,0,0,0.0,-90453464.87720063,0.0,-40453464.87720063,,,,
2024-08-09,35275.0,42.2036361694336,1.0279489568236153,0,,,,,0,0,0.0,-90453464.87720063,0.0,-40453464.87720063,,,,
2024-08-10,35275.0,42.2036361694336,0.9313894481767098,0,,,,,0,0,0.0,-90453464.87720063,0.0,-40453464.87720063,,,,
2024-08-11,35275.0,42.2036361694336,0.8737674251277695,0,,,,,0,0,0.0,-90453464.87720063,0.0,-40453464.87720063,,,,
2024-08-12,35545.0,42.73162460327149,0.812421342920612,0,,,,,0,0,0.0,-90453464.87720063,0.0,-40453464.87720063,,,,
2024-08-13,36415.0,42.83962631225586,0.09292596421216899,0,,,,,0,0,0.0,-90453464.87720063,0.0,-40453464.87720063,,,,
2024-08-14,36275.0,43.379615783691406,0.43960439278616426,0,,,,,0,0,0.0,-90453464.87720063,0.0,-40453464.87720063,,,,
2024-08-15,37625.0,43.04362487792969,-0.9396270391842375,0,,,,,0,0,0.0,-90453464.87720063,0.0,-40453464.87720063,,,,
2024-08-16,37650.0,44.0156135559082,-0.5649736195818766,0,,,,,0,0,0.0,-90453464.87720063,0.0,-40453464.87720063,,,,
2024-08-17,37650.0,44.0156135559082,-0.6714484303760754,0,,,,,0,0,0.0,-90453464.87720063,0.0,-40453464.87720063,,,,
2024-08-18,37650.0,44.0156135559082,-0.7781932789248845,0,,,,,0,0,0.0,-90453464.87720063,0.0,-40453464.87720063,,,,
2024-08-19,37820.0,44.07561111450195,-1.0252965328405483,0,,,,,0,0,0.0,-90453464.87720063,0.0,-40453464.87720063,,,,
2024-08-20,37535.0,44.09961318969727,-0.9078207358321305,0,,,,,0,0,0.0,-90453464.87720063,0.0,-40453464.87720063,,,,
2024-08-21,37885.0,43.63161849975586,-1.5496547603155761,0,,,,,0,0,0.0,-90453464.87720063,0.0,-40453464.87720063,,,,
2024-08-22,38050.0,43.403621673583984,-1.6810920228633506,0,,,,,0,0,0.0,-90453464.87720063,0.0,-40453464.87720063,,,,
2024-08-23,38330.0,43.42761993408203,-1.7434166360561874,0,,,,,0,0,0.0,-90453464.87720063,0.0,-40453464.87720063,,,,
2024-08-24,38330.0,43.42761993408203,-1.5466556734131842,0,,,,,0,0,0.0,-90453464.87720063,0.0,-40453464.87720063,,,,
2024-08-25,38330.0,43.42761993408203,-1.3781890841328173,0,,,,,0,0,0.0,-90453464.87720063,0.0,-40453464.87720063,,,,
2024-08-26,38035.0,43.4996223449707,-0.9307764584997437,0,,,,,0,0,0.0,-90453464.87720063,0.0,-40453464.87720063,,,,
2024-08-27,38270.0,43.30762100219727,-1.219967080169318,0,,,,,0,0,0.0,-90453464.87720063,0.0,-40453464.87720063,,,,
2024-08-28,38140.0,43.91961669921875,-0.6226641132179378,0,,,,,0,0,0.0,-90453464.87720063,0.0,-40453464.87720063,,,,
2024-08-29,38285.0,43.31962203979492,-1.0745064106650466,0,,,,,0,0,0.0,-90453464.87720063,0.0,-40453464.87720063,,,,
2024-08-30,38990.0,43.52362060546875,-1.6160386665693327,0,,,,,0,0,0.0,-90453464.87720063,0.0,-40453464.87720063,,,,
2024-08-31,38990.0,43.52362060546875,-1.5101867140840168,0,,,,,0,0,0.0,-90453464.87720063,0.0,-40453464.87720063,,,,
2024-09-01,38990.0,43.52362060546875,-1.463501561010279,0,,,,,0,0,0.0,-90453464.87720063,0.0,-40453464.87720063,,,,
2024-09-02,38990.0,43.403621673583984,-1.4212842733111248,0,,,,,0,0,0.0,-90453464.87720063,0.0,-40453464.87720063,,,,
2024-09-03,37595.0,43.21162414550781,0.5877363603704417,0,,,,,0,0,0.0,-90453464.87720063,0.0,-40453464.87720063,,,,
2024-09-04,36725.0,41.099639892578125,0.06853052960390414,0,,,,,0,0,0.0,-90453464.87720063,0.0,-40453464.87720063,,,,
2024-09-05,37010.0,41.35163879394531,-0.106129876770365,0,,,,,0,0,0.0,-90453464.87720063,0.0,-40453464.87720063,,,,
2024-09-06,35255.0,41.93963241577149,2.788290268936138,0,,,,,0,0,0.0,-90453464.87720063,0.0,-40453464.87720063,[網格1] 資金不足 ,,,
2024-09-07,35255.0,41.93963241577149,2.330353162133034,0,,,,,0,0,0.0,-90453464.87720063,0.0,-40453464.87720063,[網格1] 資金不足 ,,,
2024-09-08,35255.0,41.93963241577149,2.0052434934143033,0,,,,,0,0,0.0,-90453464.87720063,0.0,-40453464.87720063,[網格1] 資金不足 ,,,
2024-09-09,36215.0,41.29164123535156,0.5781683293557326,0,,,,,0,0,0.0,-90453464.87720063,0.0,-40453464.87720063,,,,
2024-09-10,36140.0,41.36363983154297,0.671910228911723,0,,,,,0,0,0.0,-90453464.87720063,0.0,-40453464.87720063,,,,
2024-09-11,36595.0,41.2436408996582,0.08845989573955781,0,,,,,0,0,0.0,-90453464.87720063,0.0,-40453464.87720063,,,,
2024-09-12,36970.0,42.7916259765625,0.5732768573344115,0,,,,,0,0,0.0,-90453464.87720063,0.0,-40453464.87720063,,,,
2024-09-13,36495.0,42.81562423706055,1.0025387199847653,0,,,,,0,0,0.0,-90453464.87720063,0.0,-40453464.87720063,,,,
2024-09-14,36495.0,42.81562423706055,0.9103609104614933,0,,,,,0,0,0.0,-90453464.87720063,0.0,-40453464.87720063,,,,
2024-09-15,36495.0,42.81562423706055,0.8351988854904678,0,,,,,0,0,0.0,-90453464.87720063,0.0,-40453464.87720063,,,,
2024-09-16,36710.0,42.89962387084961,0.5956842601747261,0,,,,,0,0,0.0,-90453464.87720063,0.0,-40453464.87720063,,,,
2024-09-17,36630.0,42.89962387084961,0.624765651474739,0,,,,,0,0,0.0,-90453464.87720063,0.0,-40453464.87720063,,,,
2024-09-18,36640.0,42.68362808227539,0.42943000623864275,0,,,,,0,0,0.0,-90453464.87720063,0.0,-40453464.87720063,,,,
2024-09-19,37790.0,43.235618591308594,-0.5332785547971702,0,,,,,0,0,0.0,-90453464.87720063,0.0,-40453464.87720063,,,,
2024-09-20,38180.0,43.7876205444336,-0.7244300869462575,0,,,,,0,0,0.0,-90453464.87720063,0.0,-40453464.87720063,,,,
2024-09-21,38180.0,43.7876205444336,-0.8524049522260186,0,,,,,0,0,0.0,-90453464.87720063,0.0,-40453464.87720063,,,,
2024-09-22,38180.0,43.7876205444336,-1.0393879315820782,0,,,,,0,0,0.0,-90453464.87720063,0.0,-40453464.87720063,,,,
2024-09-23,37660.0,43.979618072509766,-0.1445985034617831,0,,,,,0,0,0.0,-90453464.87720063,0.0,-40453464.87720063,,,,
2024-09-24,37845.0,44.39961242675781,-0.12798121937051396,0,,,,,0,0,0.0,-90453464.87720063,0.0,-40453464.87720063,,,,
2024-09-25,38185.0,45.05960464477539,-0.16013401221687984,0,,,,,0,0,0.0,-90453464.87720063,0.0,-40453464.87720063,,,,
2024-09-26,39630.0,45.431602478027344,-1.954411479975675,0,,,,,0,0,0.0,-90453464.87720063,0.0,-40453464.87720063,,,,
2024-09-27,37520.0,45.33559799194336,1.4638326533817076,0,,,,,0,0,0.0,-90453464.87720063,0.0,-40453464.87720063,,,,
2024-09-28,37520.0,45.33559799194336,1.5863414472190813,0,,,,,0,0,0.0,-90453464.87720063,0.0,-40453464.87720063,,,,
2024-09-29,37520.0,45.33559799194336,1.4144121569319401,0,,,,,0,0,0.0,-90453464.87720063,0.0,-40453464.87720063,,,,
2024-09-30,38180.0,44.14761352539063,-0.7925851379025316,0,,,,,0,0,0.0,-90453464.87720063,0.0,-40453464.87720063,,,,
2024-10-01,38045.0,44.06361770629883,-0.6632735331342455,0,,,,,0,0,0.0,-90453464.87720063,0.0,-40453464.87720063,,,,
2024-10-02,38660.0,44.06361770629883,-1.5133050944957875,0,,,,,0,0,0.0,-90453464.87720063,0.0,-40453464.87720063,,,,
2024-10-03,38615.0,44.06361770629883,-1.2903821192573472,0,,,,,0,0,0.0,-90453464.87720063,0.0,-40453464.87720063,,,,
2024-10-04,39635.0,44.06361770629883,-2.2930198758760723,0,,,,,0,0,0.0,-90453464.87720063,0.0,-40453464.87720063,[網格1] 資金不足 ,,,
2024-10-05,39635.0,44.06361770629883,-1.942405848805148,0,,,,,0,0,0.0,-90453464.87720063,0.0,-40453464.87720063,,,,
2024-10-06,39635.0,44.06361770629883,-1.6865520908447698,0,,,,,0,0,0.0,-90453464.87720063,0.0,-40453464.87720063,,,,
2024-10-07,38835.0,45.15560150146485,-0.05156241415198822,0,,,,,0,0,0.0,-90453464.87720063,0.0,-40453464.87720063,,,,
2024-10-08,39375.0,44.93960571289063,-0.7319524414202375,0,,,,,0,0,0.0,-90453464.87720063,0.0,-40453464.87720063,,,,
2024-10-09,39610.0,45.35960388183594,-0.6852886696579984,0,,,,,0,0,0.0,-90453464.87720063,0.0,-40453464.87720063,,,,
2024-10-10,39319.0,45.35960388183594,-0.33766560171726856,0,,,,,0,0,0.0,-90453464.87720063,0.0,-40453464.87720063,,,,
2024-10-11,39880.0,46.11559295654297,-0.46710319872184874,0,,,,,0,0,0.0,-90453464.87720063,0.0,-40453464.87720063,,,,
2024-10-12,39880.0,46.11559295654297,-0.44260429750509284,0,,,,,0,0,0.0,-90453464.87720063,0.0,-40453464.87720063,,,,
2024-10-13,39880.0,46.11559295654297,-0.3890698662647235,0,,,,,0,0,0.0,-90453464.87720063,0.0,-40453464.87720063,,,,
2024-10-14,40015.0,46.15159606933594,-0.4582171722923888,0,,,,,0,0,0.0,-90453464.87720063,0.0,-40453464.87720063,,,,
2024-10-15,38880.0,47.13558578491211,1.4101473330860337,0,,,,,0,0,0.0,-90453464.87720063,0.0,-40453464.87720063,,,,
2024-10-16,39390.0,46.31959915161133,0.29155078923165784,0,,,,,0,0,0.0,-90453464.87720063,0.0,-40453464.87720063,,,,
2024-10-17,39130.0,46.391597747802734,0.7407192649807779,0,,,,,0,0,0.0,-90453464.87720063,0.0,-40453464.87720063,,,,
2024-10-18,39165.0,47.54358673095703,1.5790639560272595,0,,,,,0,0,0.0,-90453464.87720063,0.0,-40453464.87720063,,,,
2024-10-19,39165.0,47.54358673095703,1.6908772912680083,0,,,,,0,0,0.0,-90453464.87720063,0.0,-40453464.87720063,,,,
2024-10-20,39165.0,47.54358673095703,1.5287295616340844,0,,,,,0,0,0.0,-90453464.87720063,0.0,-40453464.87720063,,,,
2024-10-21,38935.0,47.531585693359375,1.620762168366359,0,,,,,0,0,0.0,-90453464.87720063,0.0,-40453464.87720063,,,,
2024-10-22,38380.0,47.35158920288086,1.833283092508947,0,,,,,0,0,0.0,-90453464.87720063,0.0,-40453464.87720063,,,,
2024-10-23,37860.0,47.039588928222656,1.8656289049209795,0,,,,,0,0,0.0,-90453464.87720063,0.0,-40453464.87720063,,,,
2024-10-24,38025.0,46.75159454345703,1.4070521798203648,0,,,,,0,0,0.0,-90453464.87720063,0.0,-40453464.87720063,,,,
2024-10-25,38095.0,47.13558578491211,1.4111232242743168,0,,,,,0,0,0.0,-90453464.87720063,0.0,-40453464.87720063,,,,
2024-10-26,38095.0,47.13558578491211,1.3082436220635114,0,,,,,0,0,0.0,-90453464.87720063,0.0,-40453464.87720063,,,,
2024-10-27,38095.0,47.13558578491211,1.17747962935817,0,,,,,0,0,0.0,-90453464.87720063,0.0,-40453464.87720063,,,,
2024-10-28,38550.0,47.05158996582031,0.6098532546334092,0,,,,,0,0,0.0,-90453464.87720063,0.0,-40453464.87720063,,,,
2024-10-29,39175.0,45.959598541259766,-0.7209116197448111,0,,,,,0,0,0.0,-90453464.87720063,0.0,-40453464.87720063,,,,
2024-10-30,39245.0,46.03159713745117,-0.7968665165990421,0,,,,,0,0,0.0,-90453464.87720063,0.0,-40453464.87720063,,,,
2024-10-31,38320.0,46.03159713745117,0.13874631013795616,0,,,,,0,0,0.0,-90453464.87720063,0.0,-40453464.87720063,,,,
2024-11-01,38610.0,45.71960067749024,-0.4960389241171346,0,,,,,0,0,0.0,-90453464.87720063,0.0,-40453464.87720063,,,,
2024-11-02,38610.0,45.71960067749024,-0.6131761223975517,0,,,,,0,0,0.0,-90453464.87720063,0.0,-40453464.87720063,,,,
2024-11-03,38610.0,45.71960067749024,-0.794186985172786,0,,,,,0,0,0.0,-90453464.87720063,0.0,-40453464.87720063,,,,
2024-11-04,38410.0,46.307594299316406,0.03404663657332659,0,,,,,0,0,0.0,-90453464.87720063,0.0,-40453464.87720063,,,,
2024-11-05,38900.0,46.47558975219727,-0.6626551258763216,0,,,,,0,0,0.0,-90453464.87720063,0.0,-40453464.87720063,,,,
2024-11-06,40000.0,46.84758758544922,-1.92148662842321,0,,,,,0,0,0.0,-90453464.87720063,0.0,-40453464.87720063,,,,
2024-11-07,39670.21875,47.3875846862793,-0.8920741436415359,0,,,,,0,0,0.0,-90453464.87720063,0.0,-40453464.87720063,,,,
2024-11-08,39135.0,47.75958251953125,0.20412320338160328,0,,,,,0,0,0.0,-90453464.87720063,0.0,-40453464.87720063,,,,
2024-11-09,39135.0,47.75958251953125,0.19266987388887363,0,,,,,0,0,0.0,-90453464.87720063,0.0,-40453464.87720063,,,,
2024-11-10,39135.0,47.75958251953125,0.19827391364560243,0,,,,,0,0,0.0,-90453464.87720063,0.0,-40453464.87720063,,,,
2024-11-11,39635.0,47.78358459472656,-0.4595642996666711,0,,,,,0,0,0.0,-90453464.87720063,0.0,-40453464.87720063,,,,
2024-11-12,39260.0,46.5595932006836,-0.855334493612216,0,,,,,0,0,0.0,-90453464.87720063,0.0,-40453464.87720063,,,,
2024-11-13,38970.0,46.25959396362305,-0.58521286329144,0,,,,,0,0,0.0,-90453464.87720063,0.0,-40453464.87720063,,,,
2024-11-14,38970.0,45.839599609375,-0.9021581595369917,0,,,,,0,0,0.0,-90453464.87720063,0.0,-40453464.87720063,,,,
2024-11-15,38015.0,46.16360092163086,1.2553824588653217,0,,,,,0,0,0.0,-90453464.87720063,0.0,-40453464.87720063,,,,
2024-11-16,38015.0,46.16360092163086,1.4207766621053344,0,,,,,0,0,0.0,-90453464.87720063,0.0,-40453464.87720063,,,,
2024-11-17,38015.0,46.16360092163086,1.4094328236655678,0,,,,,0,0,0.0,-90453464.87720063,0.0,-40453464.87720063,,,,
2024-11-18,38340.0,45.51559829711914,-0.09325819044818238,0,,,,,0,0,0.0,-90453464.87720063,0.0,-40453464.87720063,,,,
2024-11-19,38275.0,46.13959884643555,0.7340341424462923,0,,,,,0,0,0.0,-90453464.87720063,0.0,-40453464.87720063,,,,
2024-11-20,38280.0,45.94759750366211,0.47722174359860337,0,,,,,0,0,0.0,-90453464.87720063,0.0,-40453464.87720063,,,,
2024-11-21,38230.0,45.443607330322266,-0.08215003728531024,0,,,,,0,0,0.0,-90453464.87720063,0.0,-40453464.87720063,,,,
2024-11-22,38595.0,46.33159255981445,0.18784560405779913,0,,,,,0,0,0.0,-90453464.87720063,0.0,-40453464.87720063,,,,
2024-11-23,38595.0,46.33159255981445,0.14773527884583126,0,,,,,0,0,0.0,-90453464.87720063,0.0,-40453464.87720063,,,,
2024-11-24,38595.0,46.33159255981445,0.16918385541430808,0,,,,,0,0,0.0,-90453464.87720063,0.0,-40453464.87720063,,,,
2024-11-25,38795.0,46.16360092163086,-0.5179314554418779,0,,,,,0,0,0.0,-90453464.87720063,0.0,-40453464.87720063,,,,
2024-11-26,38330.0,45.563602447509766,-0.40099890211103706,0,,,,,0,0,0.0,-90453464.87720063,0.0,-40453464.87720063,,,,
2024-11-27,37810.0,44.90360641479492,-0.041594149441326285,0,,,,,0,0,0.0,-90453464.87720063,0.0,-40453464.87720063,,,,
2024-11-28,37810.0,44.83160781860352,-0.1174677804671002,0,,,,,0,0,0.0,-90453464.87720063,0.0,-40453464.87720063,,,,
2024-11-29,38300.0,44.93960571289063,-1.2883343655698578,0,,,,,0,0,0.0,-90453464.87720063,0.0,-40453464.87720063,,,,
2024-11-30,38300.0,44.93960571289063,-1.161217283700934,0,,,,,0,0,0.0,-90453464.87720063,0.0,-40453464.87720063,,,,
2024-12-01,38300.0,44.93960571289063,-1.0888969717947898,0,,,,,0,0,0.0,-90453464.87720063,0.0,-40453464.87720063,,,,
2024-12-02,38615.0,46.00759506225586,-0.3294416294930832,0,,,,,0,0,0.0,-90453464.87720063,0.0,-40453464.87720063,,,,
2024-12-03,39240.0,46.631591796875,-1.1288678575270115,0,,,,,0,0,0.0,-90453464.87720063,0.0,-40453464.87720063,,,,
2024-12-04,39625.0,46.90758895874024,-1.7756544047434573,0,,,,,0,0,0.0,-90453464.87720063,0.0,-40453464.87720063,,,,
2024-12-05,39340.0,47.15958404541016,-0.45373018700978524,0,,,,,0,0,0.0,-90453464.87720063,0.0,-40453464.87720063,,,,
2024-12-06,39335.0,46.979583740234375,-0.692924593879397,0,,,,,0,0,0.0,-90453464.87720063,0.0,-40453464.87720063,,,,
2024-12-07,39335.0,46.979583740234375,-0.6414000035164553,0,,,,,0,0,0.0,-90453464.87720063,0.0,-40453464.87720063,,,,
2024-12-08,39335.0,46.979583740234375,-0.5995479939677348,0,,,,,0,0,0.0,-90453464.87720063,0.0,-40453464.87720063,,,,
2024-12-09,39320.0,47.039588928222656,-0.3162210368636521,0,,,,,0,0,0.0,-90453464.87720063,0.0,-40453464.87720063,,,,
2024-12-10,39320.0,46.703590393066406,-1.0898586469206228,0,,,,,0,0,0.0,-90453464.87720063,0.0,-40453464.87720063,,,,
2024-12-11,40065.0,46.29559326171875,-3.3671052148076726,0,,,,,0,0,0.0,-90453464.87720063,0.0,-40453464.87720063,[網格1] 資金不足 ,,,
2024-12-12,39660.0,46.83559036254883,-1.1405184990401478,0,,,,,0,0,0.0,-90453464.87720063,0.0,-40453464.87720063,,,,
2024-12-13,39555.0,46.8715934753418,-0.6913489362986651,0,,,,,0,0,0.0,-90453464.87720063,0.0,-40453464.87720063,,,,
2024-12-14,39555.0,46.8715934753418,-0.6150555755471605,0,,,,,0,0,0.0,-90453464.87720063,0.0,-40453464.87720063,,,,
2024-12-15,39555.0,46.8715934753418,-0.5575240220944208,0,,,,,0,0,0.0,-90453464.87720063,0.0,-40453464.87720063,,,,
2024-12-16,39660.0,47.0635871887207,-0.48162579421644447,0,,,,,0,0,0.0,-90453464.87720063,0.0,-40453464.87720063,,,,
2024-12-17,39250.0,47.3035888671875,1.3124612870900447,0,,,,,0,0,0.0,-90453464.87720063,0.0,-40453464.87720063,,,,
2024-12-18,38415.0,47.3035888671875,2.9820687005069013,0,,,,,0,0,0.0,-90453464.87720063,0.0,-40453464.87720063,[網格1] 資金不足 ,,,
2024-12-19,39035.0,46.65559387207031,0.4939717222346329,0,,,,,0,0,0.0,-90453464.87720063,0.0,-40453464.87720063,,,,
2024-12-20,38865.0,46.223594665527344,0.2930022207214643,0,,,,,0,0,0.0,-90453464.87720063,0.0,-40453464.87720063,,,,
2024-12-21,38865.0,46.223594665527344,0.2730740298658122,0,,,,,0,0,0.0,-90453464.87720063,0.0,-40453464.87720063,,,,
2024-12-22,38865.0,46.223594665527344,0.29107649406640446,0,,,,,0,0,0.0,-90453464.87720063,0.0,-40453464.87720063,,,,
2024-12-23,39290.0,47.3395881652832,0.7403516233782566,0,,,,,0,0,0.0,-90453464.87720063,0.0,-40453464.87720063,,,,
2024-12-24,39220.0,47.47158432006836,0.9900274773713145,0,,,,,0,0,0.0,-90453464.87720063,0.0,-40453464.87720063,,,,
2024-12-25,39220.0,47.61558532714844,1.1032217604065224,0,,,,,0,0,0.0,-90453464.87720063,0.0,-40453464.87720063,,,,
2024-12-26,39770.0,47.57958221435547,-0.2161498911266685,0,,,,,0,0,0.0,-90453464.87720063,0.0,-40453464.87720063,,,,
2024-12-27,40085.0,47.73558044433594,-0.6984265829701242,0,,,,,0,0,0.0,-90453464.87720063,0.0,-40453464.87720063,,,,
2024-12-28,40085.0,47.73558044433594,-0.6532662215067779,0,,,,,0,0,0.0,-90453464.87720063,0.0,-40453464.87720063,,,,
2024-12-29,40085.0,47.73558044433594,-0.6052395304312864,0,,,,,0,0,0.0,-90453464.87720063,0.0,-40453464.87720063,,,,
2024-12-30,39360.0,47.47158432006836,0.6418051057933241,0,,,,,0,0,0.0,-90453464.87720063,0.0,-40453464.87720063,,,,
2024-12-31,39315.0,46.979583740234375,-0.0010026855827513662,0,,,,,0,0,0.0,-90453464.87720063,0.0,-40453464.87720063,,,,
2025-01-01,39315.0,46.979583740234375,-0.06080439139389173,0,,,,,0,0,0.0,-90453464.87720063,0.0,-40453464.87720063,,,,
2025-01-02,39300.0,46.57159423828125,-0.6815766870734569,0,,,,,0,0,0.0,-90453464.87720063,0.0,-40453464.87720063,,,,
2025-01-03,40155.0,47.039588928222656,-2.05214188712449,0,,,,,0,0,0.0,-90453464.87720063,0.0,-40453464.87720063,[網格1] 資金不足 ,,,
2025-01-04,40155.0,47.039588928222656,-1.8250602673852074,0,,,,,0,0,0.0,-90453464.87720063,0.0,-40453464.87720063,,,,
2025-01-05,40155.0,47.039588928222656,-1.6463889551081892,0,,,,,0,0,0.0,-90453464.87720063,0.0,-40453464.87720063,,,,
2025-01-06,39700.0,48.51557540893555,1.1006234160233694,0,,,,,0,0,0.0,-90453464.87720063,0.0,-40453464.87720063,,,,
2025-01-07,39745.0,49.05556488037109,1.8382911232370216,0,,,,,0,0,0.0,-90453464.87720063,0.0,-40453464.87720063,,,,
2025-01-08,39930.0,48.323577880859375,0.4495625699448849,0,,,,,0,0,0.0,-90453464.87720063,0.0,-40453464.87720063,,,,
2025-01-09,39538.0,47.771583557128906,0.6094336600473726,0,,,,,0,0,0.0,-90453464.87720063,0.0,-40453464.87720063,,,,
2025-01-10,38750.0,47.75958251953125,2.01473490765552,0,,,,,0,0,0.0,-90453464.87720063,0.0,-40453464.87720063,[網格1] 資金不足 ,,,
2025-01-11,38750.0,47.75958251953125,1.7466324727991733,0,,,,,0,0,0.0,-90453464.87720063,0.0,-40453464.87720063,,,,
2025-01-12,38750.0,47.75958251953125,1.5622599545002984,0,,,,,0,0,0.0,-90453464.87720063,0.0,-40453464.87720063,,,,
2025-01-13,38675.0,46.65559387207031,0.6156336750722557,0,,,,,0,0,0.0,-90453464.87720063,0.0,-40453464.87720063,,,,
2025-01-14,38755.0,46.94358825683594,0.7443191024825204,0,,,,,0,0,0.0,-90453464.87720063,0.0,-40453464.87720063,,,,
2025-01-15,38720.0,46.58359146118164,0.417672423243243,0,,,,,0,0,0.0,-90453464.87720063,0.0,-40453464.87720063,,,,
2025-01-16,38315.0,47.531585693359375,1.73747571938158,0,,,,,0,0,0.0,-90453464.87720063,0.0,-40453464.87720063,,,,
2025-01-17,38810.0,47.762733459472656,1.0495373214505865,0,,,,,0,0,0.0,-90453464.87720063,0.0,-40453464.87720063,,,,
2025-01-18,38810.0,47.762733459472656,0.9496283740193316,0,,,,,0,0,0.0,-90453464.87720063,0.0,-40453464.87720063,,,,
2025-01-19,38810.0,47.762733459472656,0.8753298766018494,0,,,,,0,0,0.0,-90453464.87720063,0.0,-40453464.87720063,,,,
2025-01-20,38810.0,48.24936294555664,1.165569383103844,0,,,,,0,0,0.0,-90453464.87720063,0.0,-40453464.87720063,,,,
2025-01-21,39300.0,48.34668731689453,0.4632836668613491,0,,,,,0,0,0.0,-90453464.87720063,0.0,-40453464.87720063,,,,
2025-01-22,39830.0,48.97930908203125,0.1456829064112641,0,,,,,0,0,0.0,-90453464.87720063,0.0,-40453464.87720063,,,,
2025-01-23,39900.0,48.97930908203125,-0.0747558786019546,0,,,,,0,0,0.0,-90453464.87720063,0.0,-40453464.87720063,,,,
2025-01-24,40450.0,48.97930908203125,-1.2888007501992191,0,,,,,0,0,0.0,-90453464.87720063,0.0,-40453464.87720063,,,,
2025-01-25,40450.0,48.97930908203125,-1.7197330858263555,0,,,,,0,0,0.0,-90453464.87720063,0.0,-40453464.87720063,,,,
2025-01-26,40450.0,48.97930908203125,-1.5520815721005354,0,,,,,0,0,0.0,-90453464.87720063,0.0,-40453464.87720063,,,,
2025-01-27,39010.0,48.97930908203125,1.6714749463828122,0,,,,,0,0,0.0,-90453464.87720063,0.0,-40453464.87720063,,,,
2025-01-28,39395.0,48.97930908203125,0.7400322741960763,0,,,,,0,0,0.0,-90453464.87720063,0.0,-40453464.87720063,,,,
2025-01-29,39280.0,48.97930908203125,0.9054389686553989,0,,,,,0,0,0.0,-90453464.87720063,0.0,-40453464.87720063,,,,
2025-01-30,39605.0,48.97930908203125,0.1821875091515441,0,,,,,0,0,0.0,-90453464.87720063,0.0,-40453464.87720063,,,,
2025-01-31,39295.0,48.97930908203125,0.8701076420234757,0,,,,,0,0,0.0,-90453464.87720063,0.0,-40453464.87720063,,,,
2025-02-01,39295.0,48.97930908203125,0.8440897609748924,0,,,,,0,0,0.0,-90453464.87720063,0.0,-40453464.87720063,,,,
2025-02-02,39295.0,48.97930908203125,0.7647597079615044,0,,,,,0,0,0.0,-90453464.87720063,0.0,-40453464.87720063,,,,
2025-02-03,38950.0,46.88679504394531,-1.0546398016430283,0,,,,,0,0,0.0,-90453464.87720063,0.0,-40453464.87720063,,,,
2025-02-04,39135.0,47.16661071777344,-1.0946198924369845,0,,,,,0,0,0.0,-90453464.87720063,0.0,-40453464.87720063,,,,
2025-02-05,38970.0,47.88439178466797,0.19892756654274307,0,,,,,0,0,0.0,-90453464.87720063,0.0,-40453464.87720063,,,,
2025-02-06,38955.0,48.09120559692383,0.48947306246257505,0,,,,,0,0,0.0,-90453464.87720063,0.0,-40453464.87720063,,,,
2025-02-07,38350.0,48.3101921081543,1.8465681954515394,0,,,,,0,0,0.0,-90453464.87720063,0.0,-40453464.87720063,,,,
2025-02-08,38350.0,48.3101921081543,1.6357516441137245,0,,,,,0,0,0.0,-90453464.87720063,0.0,-40453464.87720063,,,,
2025-02-09,38350.0,48.3101921081543,1.5068360988604188,0,,,,,0,0,0.0,-90453464.87720063,0.0,-40453464.87720063,,,,
2025-02-10,38920.0,47.762733459472656,-0.0647461700860809,0,,,,,0,0,0.0,-90453464.87720063,0.0,-40453464.87720063,,,,
2025-02-11,39075.0,48.0547103881836,-0.06967049801578226,0,,,,,0,0,0.0,-90453464.87720063,0.0,-40453464.87720063,,,,
2025-02-12,39135.0,47.981712341308594,-0.2718674086623803,0,,,,,0,0,0.0,-90453464.87720063,0.0,-40453464.87720063,,,,
2025-02-13,39437.05859375,47.774898529052734,-1.1093586009810725,0,,,,,0,0,0.0,-90453464.87720063,0.0,-40453464.87720063,,,,
2025-02-14,39100.0,47.20310974121094,-1.1736198601275654,0,,,,,0,0,0.0,-90453464.87720063,0.0,-40453464.87720063,,,,
2025-02-15,39100.0,47.20310974121094,-1.283976811668515,0,,,,,0,0,0.0,-90453464.87720063,0.0,-40453464.87720063,,,,
2025-02-16,39100.0,47.20310974121094,-1.1585226194506175,0,,,,,0,0,0.0,-90453464.87720063,0.0,-40453464.87720063,,,,
2025-02-17,39100.0,47.9208869934082,-0.27733530484875724,0,,,,,0,0,0.0,-90453464.87720063,0.0,-40453464.87720063,,,,
2025-02-18,39300.0,48.09120559692383,-0.4441209895448887,0,,,,,0,0,0.0,-90453464.87720063,0.0,-40453464.87720063,,,,
2025-02-19,38985.0,48.006046295166016,0.11336497399249158,0,,,,,0,0,0.0,-90453464.87720063,0.0,-40453464.87720063,,,,
2025-02-20,38555.0,47.82356643676758,0.790774162017514,0,,,,,0,0,0.0,-90453464.87720063,0.0,-40453464.87720063,,,,
2025-02-21,38130.0,48.16419982910156,1.8333017793014907,0,,,,,0,0,0.0,-90453464.87720063,0.0,-40453464.87720063,,,,
2025-02-22,38130.0,48.16419982910156,1.6394516509892967,0,,,,,0,0,0.0,-90453464.87720063,0.0,-40453464.87720063,,,,
2025-02-23,38130.0,48.16419982910156,1.460490160527612,0,,,,,0,0,0.0,-90453464.87720063,0.0,-40453464.87720063,,,,
2025-02-24,38020.0,47.738399505615234,1.1224469020752954,0,,,,,0,0,0.0,-90453464.87720063,0.0,-40453464.87720063,,,,
2025-02-25,37955.0,47.11794662475586,0.5738750185837227,0,,,,,0,0,0.0,-90453464.87720063,0.0,-40453464.87720063,,,,
2025-02-26,38055.0,47.37342834472656,0.6012488886055153,0,,,,,0,0,0.0,-90453464.87720063,0.0,-40453464.87720063,,,,
2025-02-27,37585.0,46.838138580322266,0.9018491536879509,0,,,,,0,0,0.0,-90453464.87720063,0.0,-40453464.87720063,,,,
2025-02-28,37590.0,46.838138580322266,0.9044338424657496,0,,,,,0,0,0.0,-90453464.87720063,0.0,-40453464.87720063,,,,
2025-03-01,37590.0,46.838138580322266,0.9158593838606462,0,,,,,0,0,0.0,-90453464.87720063,0.0,-40453464.87720063,,,,
2025-03-02,37590.0,46.838138580322266,0.83439303964465,0,,,,,0,0,0.0,-90453464.87720063,0.0,-40453464.87720063,,,,
2025-03-03,37310.0,45.75538635253906,0.22716848769224007,0,,,,,0,0,0.0,-90453464.87720063,0.0,-40453464.87720063,,,,
2025-03-04,36955.0,45.45124435424805,0.48606378932686095,0,,,,,0,0,0.0,-90453464.87720063,0.0,-40453464.87720063,,,,
2025-03-05,37695.0,46.047359466552734,-0.3140713773209542,0,,,,,0,0,0.0,-90453464.87720063,0.0,-40453464.87720063,,,,
2025-03-06,36895.0,45.76754760742188,0.8239506368417234,0,,,,,0,0,0.0,-90453464.87720063,0.0,-40453464.87720063,,,,
2025-03-07,37270.0,45.34174728393555,-0.5645143215547236,0,,,,,0,0,0.0,-90453464.87720063,0.0,-40453464.87720063,,,,
2025-03-08,37270.0,45.34174728393555,-0.7719916456511018,0,,,,,0,0,0.0,-90453464.87720063,0.0,-40453464.87720063,,,,
2025-03-09,37270.0,45.34174728393555,-0.8879692043363393,0,,,,,0,0,0.0,-90453464.87720063,0.0,-40453464.87720063,,,,
2025-03-10,36475.0,45.074100494384766,0.9508298927485629,0,,,,,0,0,0.0,-90453464.87720063,0.0,-40453464.87720063,,,,
2025-03-11,36525.0,44.283329010009766,-0.8549033003362515,0,,,,,0,0,0.0,-90453464.87720063,0.0,-40453464.87720063,,,,
2025-03-12,37105.0,44.47797775268555,-2.212950705925782,0,,,,,0,0,0.0,-90453464.87720063,0.0,-40453464.87720063,[網格1] 資金不足 ,,,
2025-03-13,36700.0,44.0643424987793,-1.4752820909388287,0,,,,,0,0,0.0,-90453464.87720063,0.0,-40453464.87720063,,,,
2025-03-14,37585.0,43.91835403442383,-3.0830746486102547,0,,,,,0,0,0.0,-90453464.87720063,0.0,-40453464.87720063,[網格1] 資金不足 ,,,
2025-03-15,37585.0,43.91835403442383,-2.4423004639171007,0,,,,,0,0,0.0,-90453464.87720063,0.0,-40453464.87720063,[網格1] 資金不足 ,,,
2025-03-16,37585.0,43.91835403442383,-2.0423874724880835,0,,,,,0,0,0.0,-90453464.87720063,0.0,-40453464.87720063,[網格1] 資金不足 ,,,
2025-03-17,37920.0,44.29549026489258,-1.9079226552970454,0,,,,,0,0,0.0,-90453464.87720063,0.0,-40453464.87720063,,,,
2025-03-18,37780.0,44.47797775268555,-1.3570725086032778,0,,,,,0,0,0.0,-90453464.87720063,0.0,-40453464.87720063,,,,
2025-03-19,37845.0,43.93052291870117,-1.6767583782888316,0,,,,,0,0,0.0,-90453464.87720063,0.0,-40453464.87720063,,,,
2025-03-20,37625.0,44.87944793701172,-0.530200415557859,0,,,,,0,0,0.0,-90453464.87720063,0.0,-40453464.87720063,,,,
2025-03-21,37625.0,44.51447296142578,-0.7475641304190553,0,,,,,0,0,0.0,-90453464.87720063,0.0,-40453464.87720063,,,,
2025-03-22,37625.0,44.51447296142578,-0.6692179838043629,0,,,,,0,0,0.0,-90453464.87720063,0.0,-40453464.87720063,,,,
2025-03-23,37625.0,44.51447296142578,-0.5985916467818738,0,,,,,0,0,0.0,-90453464.87720063,0.0,-40453464.87720063,,,,
2025-03-24,37965.0,44.465816497802734,-1.0652049022539065,0,,,,,0,0,0.0,-90453464.87720063,0.0,-40453464.87720063,,,,
2025-03-25,38055.0,44.9281120300293,-0.7191626707189278,0,,,,,0,0,0.0,-90453464.87720063,0.0,-40453464.87720063,,,,
2025-03-26,37705.0,44.89161682128906,-0.1033306976901909,0,,,,,0,0,0.0,-90453464.87720063,0.0,-40453464.87720063,,,,
2025-03-27,37710.0,44.04001235961914,-0.8675187920322103,0,,,,,0,0,0.0,-90453464.87720063,0.0,-40453464.87720063,,,,
2025-03-28,36385.0,43.60204315185547,1.086034928455104,0,,,,,0,0,0.0,-90453464.87720063,0.0,-40453464.87720063,,,,
2025-03-29,36385.0,43.60204315185547,1.1061509818445132,0,,,,,0,0,0.0,-90453464.87720063,0.0,-40453464.87720063,,,,
2025-03-30,36385.0,43.60204315185547,1.3627423595038424,0,,,,,0,0,0.0,-90453464.87720063,0.0,-40453464.87720063,,,,
2025-03-31,35965.0,42.03266143798828,0.5029110339611458,0,,,,,0,0,0.0,-90453464.87720063,0.0,-40453464.87720063,,,,
2025-04-01,35730.0,42.89643478393555,1.9619309506655573,0,,,,,0,0,0.0,-90453464.87720063,0.0,-40453464.87720063,,,,
2025-04-02,35970.0,42.82344055175781,1.346235916736654,0,,,,,0,0,0.0,-90453464.87720063,0.0,-40453464.87720063,,,,
2025-04-03,33845.0,42.82344055175781,3.400030543657344,0,,,,,0,0,0.0,-90453464.87720063,0.0,-40453464.87720063,[網格1] 資金不足 ,,,
2025-04-04,32170.0,42.82344055175781,3.3272017927906488,0,,,,,0,0,0.0,-90453464.87720063,0.0,-40453464.87720063,[網格1] 資金不足 ,,,
2025-04-05,32170.0,42.82344055175781,2.5378924790271187,0,,,,,0,0,0.0,-90453464.87720063,0.0,-40453464.87720063,[網格1] 資金不足 ,,,
2025-04-06,32170.0,42.82344055175781,2.097361851051858,0,,,,,0,0,0.0,-90453464.87720063,0.0,-40453464.87720063,[網格1] 資金不足 ,,,
2025-04-07,32140.0,38.54109191894531,0.6232528385517723,0,,,,,0,0,0.0,-90453464.87720063,0.0,-40453464.87720063,,,,
2025-04-08,32240.0,37.28802108764648,0.09334093565847412,0,,,,,0,0,0.0,-90453464.87720063,0.0,-40453464.87720063,,,,
2025-04-09,34795.0,35.57265090942383,-1.8046528663998613,0,,,,,0,0,0.0,-90453464.87720063,0.0,-40453464.87720063,,,,
2025-04-10,33539.0,39.12504959106445,-0.025147837771892688,0,,,,,0,0,0.0,-90453464.87720063,0.0,-40453464.87720063,,,,
2025-04-11,33585.0,40.037479400634766,0.19621973502103973,0,,,,,0,0,0.0,-90453464.87720063,0.0,-40453464.87720063,,,,
2025-04-12,33585.0,40.037479400634766,0.1549158201570276,0,,,,,0,0,0.0,-90453464.87720063,0.0,-40453464.87720063,,,,
2025-04-13,33585.0,40.037479400634766,0.10321955012096343,0,,,,,0,0,0.0,-90453464.87720063,0.0,-40453464.87720063,,,,
2025-04-14,34245.0,39.830665588378906,-0.38780571426222166,0,,,,,0,0,0.0,-90453464.87720063,0.0,-40453464.87720063,,,,
2025-04-15,34470.0,40.23213577270508,-0.4103472874389119,0,,,,,0,0,0.0,-90453464.87720063,0.0,-40453464.87720063,,,,
2025-04-16,33840.0,39.50218963623047,-0.32707060000828664,0,,,,,0,0,0.0,-90453464.87720063,0.0,-40453464.87720063,,,,
2025-04-17,34455.0,39.06422424316406,-0.8340021606790303,0,,,,,0,0,0.0,-90453464.87720063,0.0,-40453464.87720063,,,,
2025-04-18,34455.0,39.14937973022461,-0.7779102675443987,0,,,,,0,0,0.0,-90453464.87720063,0.0,-40453464.87720063,,,,
2025-04-19,34455.0,39.14937973022461,-0.7522400740227214,0,,,,,0,0,0.0,-90453464.87720063,0.0,-40453464.87720063,,,,
2025-04-20,34455.0,39.14937973022461,-0.7469823683229792,0,,,,,0,0,0.0,-90453464.87720063,0.0,-40453464.87720063,,,,
2025-04-21,34125.0,38.58975982666016,-0.7045885330623666,0,,,,,0,0,0.0,-90453464.87720063,0.0,-40453464.87720063,,,,
2025-04-22,34780.0,37.94497299194336,-1.2147414107709562,0,,,,,0,0,0.0,-90453464.87720063,0.0,-40453464.87720063,,,,
2025-04-23,35310.0,39.62384796142578,-0.8850053960422043,0,,,,,0,0,0.0,-90453464.87720063,0.0,-40453464.87720063,,,,
2025-04-24,35550.0,39.392696380615234,-1.0296351138008177,0,,,,,0,0,0.0,-90453464.87720063,0.0,-40453464.87720063,,,,
2025-04-25,35975.0,40.3294563293457,-0.9291458242762644,0,,,,,0,0,0.0,-90453464.87720063,0.0,-40453464.87720063,,,,
2025-04-26,35975.0,40.3294563293457,-0.964911288644086,0,,,,,0,0,0.0,-90453464.87720063,0.0,-40453464.87720063,,,,
2025-04-27,35975.0,40.3294563293457,-0.8866506939645242,0,,,,,0,0,0.0,-90453464.87720063,0.0,-40453464.87720063,,,,
2025-04-28,35935.0,40.67009735107422,-0.582298580248761,0,,,,,0,0,0.0,-90453464.87720063,0.0,-40453464.87720063,,,,
2025-04-29,35860.0,40.82825469970703,-0.6073841633056262,0,,,,,0,0,0.0,-90453464.87720063,0.0,-40453464.87720063,,,,
2025-04-30,36145.0,41.02290725708008,-0.7391032671845564,0,,,,,0,0,0.0,-90453464.87720063,0.0,-40453464.87720063,,,,
2025-05-01,36830.0,41.02290725708008,-1.4608491619982704,0,,,,,0,0,0.0,-90453464.87720063,0.0,-40453464.87720063,,,,
2025-05-02,37210.0,42.21514892578125,-1.0267871468805656,0,,,,,0,0,0.0,-90453464.87720063,0.0,-40453464.87720063,,,,
2025-05-03,37210.0,42.21514892578125,-0.9963928833247665,0,,,,,0,0,0.0,-90453464.87720063,0.0,-40453464.87720063,,,,
2025-05-04,37210.0,42.21514892578125,-0.9144471493813979,0,,,,,0,0,0.0,-90453464.87720063,0.0,-40453464.87720063,,,,
2025-05-05,36925.0,41.8380126953125,-0.7207631229029684,0,,,,,0,0,0.0,-90453464.87720063,0.0,-40453464.87720063,,,,
2025-05-06,36430.0,41.60686111450195,0.11510129659090651,0,,,,,0,0,0.0,-90453464.87720063,0.0,-40453464.87720063,,,,
2025-05-07,36925.0,41.448707580566406,-1.1462118326940172,0,,,,,0,0,0.0,-90453464.87720063,0.0,-40453464.87720063,,,,
2025-05-08,37319.0,41.99617004394531,-1.2489248067266014,0,,,,,0,0,0.0,-90453464.87720063,0.0,-40453464.87720063,,,,
2025-05-09,37470.0,42.519290924072266,-0.8251961785528389,0,,,,,0,0,0.0,-90453464.87720063,0.0,-40453464.87720063,,,,
2025-05-10,37470.0,42.519290924072266,-0.7768048918043904,0,,,,,0,0,0.0,-90453464.87720063,0.0,-40453464.87720063,,,,
2025-05-11,37470.0,42.519290924072266,-0.7818917706544412,0,,,,,0,0,0.0,-90453464.87720063,0.0,-40453464.87720063,,,,
2025-05-12,38760.0,42.99375534057617,-3.175318147964179,0,,,,,0,0,0.0,-90453464.87720063,0.0,-40453464.87720063,[網格1] 資金不足 ,,,
2025-05-13,38370.0,43.51688766479492,-1.1698689445157984,0,,,,,0,0,0.0,-90453464.87720063,0.0,-40453464.87720063,,,,
2025-05-14,37720.0,44.5023078918457,1.830561507545368,0,,,,,0,0,0.0,-90453464.87720063,0.0,-40453464.87720063,,,,
2025-05-15,37755.0,44.40498352050781,1.4567269369421851,0,,,,,0,0,0.0,-90453464.87720063,0.0,-40453464.87720063,,,,
2025-05-16,37995.0,44.52664566040039,0.9915102913399662,0,,,,,0,0,0.0,-90453464.87720063,0.0,-40453464.87720063,,,,
2025-05-17,37995.0,44.52664566040039,0.9309535413480993,0,,,,,0,0,0.0,-90453464.87720063,0.0,-40453464.87720063,,,,
2025-05-18,37995.0,44.52664566040039,0.9096058693355353,0,,,,,0,0,0.0,-90453464.87720063,0.0,-40453464.87720063,,,,
2025-05-19,37605.0,43.906192779541016,1.0027317986650008,0,,,,,0,0,0.0,-90453464.87720063,0.0,-40453464.87720063,,,,
2025-05-20,37620.0,43.99135208129883,1.0340258627225456,0,,,,,0,0,0.0,-90453464.87720063,0.0,-40453464.87720063,,,,
2025-05-21,36920.0,44.67263412475586,2.5687571219454584,0,,,,,0,0,0.0,-90453464.87720063,0.0,-40453464.87720063,[網格1] 資金不足 ,,,
2025-05-22,37040.0,44.18600463867188,1.635968507220843,0,,,,,0,0,0.0,-90453464.87720063,0.0,-40453464.87720063,,,,
2025-05-23,36855.0,44.003517150878906,1.5528208531608068,0,,,,,0,0,0.0,-90453464.87720063,0.0,-40453464.87720063,,,,
2025-05-24,36855.0,44.003517150878906,1.380904167274811,0,,,,,0,0,0.0,-90453464.87720063,0.0,-40453464.87720063,,,,
2025-05-25,36855.0,44.003517150878906,1.239681279036422,0,,,,,0,0,0.0,-90453464.87720063,0.0,-40453464.87720063,,,,
2025-05-26,36855.0,43.95484924316406,1.1002598175259146,0,,,,,0,0,0.0,-90453464.87720063,0.0,-40453464.87720063,,,,
2025-05-27,38350.0,43.5655517578125,-1.1727799034702238,0,,,,,0,0,0.0,-90453464.87720063,0.0,-40453464.87720063,,,,
2025-05-28,37870.0,43.63854217529297,-0.5174518745228676,0,,,,,0,0,0.0,-90453464.87720063,0.0,-40453464.87720063,,,,
2025-05-29,37915.0,43.73586654663086,-0.5265253045998924,0,,,,,0,0,0.0,-90453464.87720063,0.0,-40453464.87720063,,,,
2025-05-30,37705.0,43.73586654663086,-0.27531003317024344,0,,,,,0,0,0.0,-90453464.87720063,0.0,-40453464.87720063,,,,
2025-05-31,37705.0,43.73586654663086,-0.3128562428933727,0,,,,,0,0,0.0,-90453464.87720063,0.0,-40453464.87720063,,,,
2025-06-01,37705.0,43.73586654663086,-0.5027513617629584,0,,,,,0,0,0.0,-90453464.87720063,0.0,-40453464.87720063,,,,
2025-06-02,37805.0,42.79910659790039,-1.6302561107998692,0,,,,,0,0,0.0,-90453464.87720063,0.0,-40453464.87720063,,,,
2025-06-03,37760.0,43.103248596191406,-1.1367494155335796,0,,,,,0,0,0.0,-90453464.87720063,0.0,-40453464.87720063,,,,
2025-06-04,37580.0,44.11300659179688,0.1286503224793522,0,,,,,0,0,0.0,-90453464.87720063,0.0,-40453464.87720063,,,,
2025-06-05,37485.0,44.19816207885742,0.3422202444036918,0,,,,,0,0,0.0,-90453464.87720063,0.0,-40453464.87720063,,,,
2025-06-06,37990.0,44.27116012573242,-0.42794779901839164,0,,,,,0,0,0.0,-90453464.87720063,0.0,-40453464.87720063,,,,
2025-06-07,37990.0,44.27116012573242,-0.41472829338206285,0,,,,,0,0,0.0,-90453464.87720063,0.0,-40453464.87720063,,,,
2025-06-08,37990.0,44.27116012573242,-0.3980510695691459,0,,,,,0,0,0.0,-90453464.87720063,0.0,-40453464.87720063,,,,
2025-06-09,38225.0,44.69696044921875,-0.37176988601545485,0,,,,,0,0,0.0,-90453464.87720063,0.0,-40453464.87720063,,,,
2025-06-10,38375.0,45.9013671875,0.6194335339661471,0,,,,,0,0,0.0,-90453464.87720063,0.0,-40453464.87720063,,,,
2025-06-11,38335.0,45.9013671875,0.7457605238398272,0,,,,,0,0,0.0,-90453464.87720063,0.0,-40453464.87720063,,,,
2025-06-12,38205.0,45.9013671875,1.0532391123352984,0,,,,,0,0,0.0,-90453464.87720063,0.0,-40453464.87720063,,,,
2025-06-13,37955.0,45.9013671875,1.549710956945347,0,,,,,0,0,0.0,-90453464.87720063,0.0,-40453464.87720063,,,,
2025-06-14,37955.0,45.9013671875,1.5611698348703342,0,,,,,0,0,0.0,-90453464.87720063,0.0,-40453464.87720063,,,,
2025-06-15,37955.0,45.9013671875,1.562987796314444,0,,,,,0,0,0.0,-90453464.87720063,0.0,-40453464.87720063,,,,
2025-06-16,38550.0,45.9013671875,0.3141676581284736,0,,,,,0,0,0.0,-90453464.87720063,0.0,-40453464.87720063,,,,
2025-06-17,38240.0,45.9013671875,0.8896404441862387,0,,,,,0,0,0.0,-90453464.87720063,0.0,-40453464.87720063,,,,
2025-06-18,38695.0,46.297977447509766,0.32427221181841304,0,,,,,0,0,0.0,-90453464.87720063,0.0,-40453464.87720063,,,,
2025-06-19,38695.0,45.84054183959961,-0.2741189268206451,0,,,,,0,0,0.0,-90453464.87720063,0.0,-40453464.87720063,,,,
2025-06-20,38315.0,45.77241516113281,0.4397890222834971,0,,,,,0,0,0.0,-90453464.87720063,0.0,-40453464.87720063,,,,
2025-06-21,38315.0,45.77241516113281,0.3838328546670133,0,,,,,0,0,0.0,-90453464.87720063,0.0,-40453464.87720063,,,,
2025-06-22,38315.0,45.77241516113281,0.2962225922527487,0,,,,,0,0,0.0,-90453464.87720063,0.0,-40453464.87720063,,,,
2025-06-23,38600.0,45.39284133911133,-1.2754623842319557,0,,,,,0,0,0.0,-90453464.87720063,0.0,-40453464.87720063,,,,
2025-06-24,38825.0,46.22011184692383,-0.5208741431223148,0,,,,,0,0,0.0,-90453464.87720063,0.0,-40453464.87720063,,,,
2025-06-25,38970.0,46.89166641235352,0.19102394683752413,0,,,,,0,0,0.0,-90453464.87720063,0.0,-40453464.87720063,,,,
2025-06-26,39795.0,46.9500617980957,-2.034187388155617,0,,,,,0,0,0.0,-90453464.87720063,0.0,-40453464.87720063,[網格1] 資金不足 ,,,
2025-06-27,40580.0,46.99872589111328,-2.9890697680432123,0,,,,,0,0,0.0,-90453464.87720063,0.0,-40453464.87720063,[網格1] 資金不足 ,,,
2025-06-28,40580.0,46.99872589111328,-2.4097574288798387,0,,,,,0,0,0.0,-90453464.87720063,0.0,-40453464.87720063,[網格1] 資金不足 ,,,
2025-06-29,40580.0,46.99872589111328,-2.0465151662531054,0,,,,,0,0,0.0,-90453464.87720063,0.0,-40453464.87720063,[網格1] 資金不足 ,,,
2025-06-30,40340.0,47.06684875488281,-1.4301673238536166,0,,,,,0,0,0.0,-90453464.87720063,0.0,-40453464.87720063,,,,
2025-07-01,39705.0,47.33936309814453,-0.22871613605802396,0,,,,,0,0,0.0,-90453464.87720063,0.0,-40453464.87720063,,,,
2025-07-02,39740.0,47.349098205566406,-0.22270588904911218,0,,,,,0,0,0.0,-90453464.87720063,0.0,-40453464.87720063,,,,
2025-07-03,40205.0,48.00117874145508,-0.3028063105629967,0,,,,,0,0,0.0,-90453464.87720063,0.0,-40453464.87720063,,,,
2025-07-04,40205.0,47.5534782409668,-0.6226038391505531,0,,,,,0,0,0.0,-90453464.87720063,0.0,-40453464.87720063,,,,
2025-07-05,40205.0,47.5534782409668,-0.547423355065028,0,,,,,0,0,0.0,-90453464.87720063,0.0,-40453464.87720063,,,,
2025-07-06,40205.0,47.5534782409668,-0.4877372946494924,0,,,,,0,0,0.0,-90453464.87720063,0.0,-40453464.87720063,,,,
2025-07-07,39485.0,47.27123641967773,0.5711901904009413,0,,,,,0,0,0.0,-90453464.87720063,0.0,-40453464.87720063,,,,
2025-07-08,39955.0,47.0571174621582,-0.45331853491056145,0,,,,,0,0,0.0,-90453464.87720063,0.0,-40453464.87720063,,,,
2025-07-09,39950.0,47.54374694824219,0.10324710751395752,0,,,,,0,0,0.0,-90453464.87720063,0.0,-40453464.87720063,,,,
2025-07-10,39703.0,48.08877182006836,1.183104885719656,0,,,,,0,0,0.0,-90453464.87720063,0.0,-40453464.87720063,,,,
2025-07-11,39530.0,48.293155670166016,1.6683520673711203,0,,,,,0,0,0.0,-90453464.87720063,0.0,-40453464.87720063,,,,
2025-07-12,39530.0,48.293155670166016,1.60288721257389,0,,,,,0,0,0.0,-90453464.87720063,0.0,-40453464.87720063,,,,
2025-07-13,39530.0,48.293155670166016,1.4507224590952508,0,,,,,0,0,0.0,-90453464.87720063,0.0,-40453464.87720063,,,,
2025-07-14,39510.0,48.01091384887695,1.1540746218864513,0,,,,,0,0,0.0,-90453464.87720063,0.0,-40453464.87720063,,,,
2025-07-15,39650.0,48.66299819946289,1.4570317369928585,0,,,,,0,0,0.0,-90453464.87720063,0.0,-40453464.87720063,,,,
2025-07-16,39570.0,49.05230331420898,1.6827809888311014,0,,,,,0,0,0.0,-90453464.87720063,0.0,-40453464.87720063,,,,
2025-07-17,40040.0,49.34428024291992,1.126559272430446,0,,,,,0,0,0.0,-90453464.87720063,0.0,-40453464.87720063,,,,
2025-07-18,39690.0,50.07422256469727,2.0224483033575376,0,,,,,0,0,0.0,-90453464.87720063,0.0,-40453464.87720063,[網格1] 資金不足 ,,,
2025-07-19,39690.0,50.07422256469727,1.8363405385637543,0,,,,,0,0,0.0,-90453464.87720063,0.0,-40453464.87720063,,,,
2025-07-20,39690.0,50.07422256469727,1.6615695618048691,0,,,,,0,0,0.0,-90453464.87720063,0.0,-40453464.87720063,,,,
2025-07-21,39780.0,49.88800430297852,1.2296330660903811,0,,,,,0,0,0.0,-90453464.87720063,0.0,-40453464.87720063,,,,
2025-07-22,39640.0,49.544960021972656,1.0417759434274574,0,,,,,0,0,0.0,-90453464.87720063,0.0,-40453464.87720063,,,,
2025-07-23,41565.0,49.69198226928711,-1.5019544236469575,0,,,,,0,0,0.0,-90453464.87720063,0.0,-40453464.87720063,,,,
2025-07-24,41585.0,49.98601531982422,-1.2998182299524228,0,,,,,0,0,0.0,-90453464.87720063,0.0,-40453464.87720063,,,,
2025-07-25,41390.0,49.88800430297852,-1.129120128929019,0,,,,,0,0,0.0,-90453464.87720063,0.0,-40453464.87720063,,,,
2025-07-26,41390.0,49.88800430297852,-1.1512642026480542,0,,,,,0,0,0.0,-90453464.87720063,0.0,-40453464.87720063,,,,
2025-07-27,41390.0,49.88800430297852,-1.0921086533826754,0,,,,,0,0,0.0,-90453464.87720063,0.0,-40453464.87720063,,,,
2025-07-28,40755.0,50.03501892089844,-0.17789975493569574,0,,,,,0,0,0.0,-90453464.87720063,0.0,-40453464.87720063,,,,
2025-07-29,40660.0,49.44694900512695,-0.5548222283198786,0,,,,,0,0,0.0,-90453464.87720063,0.0,-40453464.87720063,,,,
2025-07-30,40670.0,49.98601531982422,-0.13149109290563324,0,,,,,0,0,0.0,-90453464.87720063,0.0,-40453464.87720063,,,,
2025-07-31,40725.0,50.52508163452149,0.22919528482220627,0,,,,,0,0,0.0,-90453464.87720063,0.0,-40453464.87720063,,,,
2025-08-01,39960.0,50.084022521972656,0.924758134146559,0,,,,,0,0,0.0,-90453464.87720063,0.0,-40453464.87720063,,,,
2025-08-02,39960.0,50.084022521972656,0.865022243542226,0,,,,,0,0,0.0,-90453464.87720063,0.0,-40453464.87720063,,,,
2025-08-03,39960.0,50.084022521972656,0.8005252402295415,0,,,,,0,0,0.0,-90453464.87720063,0.0,-40453464.87720063,,,,
2025-08-04,40570.0,49.78998947143555,-0.25095657020841744,0,,,,,0,0,0.0,-90453464.87720063,0.0,-40453464.87720063,,,,
2025-08-05,40535.0,50.42706680297852,0.3069881641516909,0,,,,,0,0,0.0,-90453464.87720063,0.0,-40453464.87720063,,,,
2025-08-06,40835.0,49.98601531982422,-0.42206056142375076,0,,,,,0,0,0.0,-90453464.87720063,0.0,-40453464.87720063,,,,
2025-08-07,41138.0,51.407188415527344,0.32541952367285487,0,,,,,0,0,0.0,-90453464.87720063,0.0,-40453464.87720063,,,,
2025-08-08,42280.0,51.407188415527344,-1.1987859455297727,0,,,,,0,0,0.0,-90453464.87720063,0.0,-40453464.87720063,,,,
2025-08-09,42280.0,51.407188415527344,-1.0973759339227431,0,,,,,0,0,0.0,-90453464.87720063,0.0,-40453464.87720063,,,,
2025-08-10,42280.0,51.407188415527344,-1.000045062855867,0,,,,,0,0,0.0,-90453464.87720063,0.0,-40453464.87720063,,,,
2025-08-11,42295.0,51.79923248291016,-0.6076020065953441,0,,,,,0,0,0.0,-90453464.87720063,0.0,-40453464.87720063,,,,
2025-08-12,43275.0,51.84823989868164,-1.97148568574666,0,,,,,0,0,0.0,-90453464.87720063,0.0,-40453464.87720063,,,,
2025-08-13,43145.0,52.28928756713867,-1.3458786838432246,0,,,,,0,0,0.0,-90453464.87720063,0.0,-40453464.87720063,,,,
2025-08-14,42845.0,52.09326934814453,-1.0343367897796287,0,,,,,0,0,0.0,-90453464.87720063,0.0,-40453464.87720063,,,,
2025-08-15,43445.0,52.09326934814453,-1.7158328649618768,0,,,,,0,0,0.0,-90453464.87720063,0.0,-40453464.87720063,,,,
2025-08-16,43445.0,52.09326934814453,-1.561072082185662,0,,,,,0,0,0.0,-90453464.87720063,0.0,-40453464.87720063,,,,
2025-08-17,43445.0,52.09326934814453,-1.3890396209387854,0,,,,,0,0,0.0,-90453464.87720063,0.0,-40453464.87720063,,,,
2025-08-18,43805.0,52.24028778076172,-1.5216446938014456,0,,,,,0,0,0.0,-90453464.87720063,0.0,-40453464.87720063,,,,
2025-08-19,43390.0,52.142276763916016,-1.0113558671278113,0,,,,,0,0,0.0,-90453464.87720063,0.0,-40453464.87720063,,,,
2025-08-20,42835.0,50.672096252441406,-1.1808295627545318,0,,,,,0,0,0.0,-90453464.87720063,0.0,-40453464.87720063,,,,
2025-08-21,42650.0,50.96613311767578,-0.7230339625206939,0,,,,,0,0,0.0,-90453464.87720063,0.0,-40453464.87720063,,,,
2025-08-22,42965.0,50.72110366821289,-1.161883845747619,0,,,,,0,0,0.0,-90453464.87720063,0.0,-40453464.87720063,,,,
2025-08-23,42965.0,50.72110366821289,-1.1075911773520586,0,,,,,0,0,0.0,-90453464.87720063,0.0,-40453464.87720063,,,,
2025-08-24,42965.0,50.72110366821289,-1.0117816934849322,0,,,,,0,0,0.0,-90453464.87720063,0.0,-40453464.87720063,,,,
2025-08-25,42540.0,51.65221786499024,0.47573260949274637,0,,,,,0,0,0.0,-90453464.87720063,0.0,-40453464.87720063,,,,
2025-08-26,42505.0,51.70121765136719,0.6846547785483927,0,,,,,0,0,0.0,-90453464.87720063,0.0,-40453464.87720063,,,,
2025-08-27,42565.0,51.946250915527344,1.170634239546048,0,,,,,0,0,0.0,-90453464.87720063,0.0,-40453464.87720063,,,,
2025-08-28,42920.0,51.45619201660156,-0.1725185886856503,0,,,,,0,0,0.0,-90453464.87720063,0.0,-40453464.87720063,,,,
2025-08-29,42080.0,51.45619201660156,1.6737199073066085,0,,,,,0,0,0.0,-90453464.87720063,0.0,-40453464.87720063,,,,
2025-08-30,42080.0,51.45619201660156,1.5899903988402475,0,,,,,0,0,0.0,-90453464.87720063,0.0,-40453464.87720063,,,,
2025-08-31,42080.0,51.45619201660156,1.581487831617197,0,,,,,0,0,0.0,-90453464.87720063,0.0,-40453464.87720063,,,,
2025-09-01,42080.0,50.96613311767578,0.9041937939298494,0,,,,,0,0,0.0,-90453464.87720063,0.0,-40453464.87720063,,,,
2025-09-02,42085.0,50.96613311767578,0.8446380868818231,0,,,,,0,0,0.0,-90453464.87720063,0.0,-40453464.87720063,,,,
2025-09-03,42110.0,50.9171257019043,0.7250223661240176,0,,,,,0,0,0.0,-90453464.87720063,0.0,-40453464.87720063,,,,
2025-09-04,42880.0,51.26016616821289,-0.469980925515359,0,,,,,0,0,0.0,-90453464.87720063,0.0,-40453464.87720063,,,,
2025-09-05,42890.0,51.79923248291016,0.09532398854196256,0,,,,,0,0,0.0,-90453464.87720063,0.0,-40453464.87720063,,,,
2025-09-06,42890.0,51.79923248291016,0.055468892937166406,0,,,,,0,0,0.0,-90453464.87720063,0.0,-40453464.87720063,,,,
2025-09-07,42890.0,51.79923248291016,-0.01595205971850812,0,,,,,0,0,0.0,-90453464.87720063,0.0,-40453464.87720063,,,,
2025-09-08,43970.0,52.28928756713867,-1.6429362310607947,0,,,,,0,0,0.0,-90453464.87720063,0.0,-40453464.87720063,,,,
2025-09-09,43495.0,52.8283576965332,-0.07839222521459398,0,,,,,0,0,0.0,-90453464.87720063,0.0,-40453464.87720063,,,,
2025-09-10,43900.0,53.85748291015625,0.25984445371578285,0,,,,,0,0,0.0,-90453464.87720063,0.0,-40453464.87720063,,,,
2025-09-11,44750.0,54.34754180908203,-1.0637016589577504,0,,,,,0,0,0.0,-90453464.87720063,0.0,-40453464.87720063,,,,
2025-09-12,44675.0,54.88660430908203,-0.2988633965805428,0,,,,,0,0,0.0,-90453464.87720063,0.0,-40453464.87720063,,,,
2025-09-13,44675.0,54.88660430908203,-0.4165808201613584,0,,,,,0,0,0.0,-90453464.87720063,0.0,-40453464.87720063,,,,
2025-09-14,44675.0,54.88660430908203,-0.3742354912760586,0,,,,,0,0,0.0,-90453464.87720063,0.0,-40453464.87720063,,,,
2025-09-15,44885.0,54.88660430908203,-0.8582801711351724,0,,,,,0,0,0.0,-90453464.87720063,0.0,-40453464.87720063,,,,
2025-09-16,44750.0,55.62169647216797,0.6462345636854067,0,,,,,0,0,0.0,-90453464.87720063,0.0,-40453464.87720063,,,,
2025-09-17,44795.0,55.22964477539063,-0.11553865800007587,0,,,,,0,0,0.0,-90453464.87720063,0.0,-40453464.87720063,,,,
2025-09-18,45805.0,55.817718505859375,-1.7778463866297007,0,,,,,0,0,0.0,-90453464.87720063,0.0,-40453464.87720063,,,,
2025-09-19,45265.0,55.8667221069336,-0.1599542312247183,0,,,,,0,0,0.0,-90453464.87720063,0.0,-40453464.87720063,,,,
2025-09-20,45265.0,55.8667221069336,-0.06325171764848235,0,,,,,0,0,0.0,-90453464.87720063,0.0,-40453464.87720063,,,,
2025-09-21,45265.0,55.8667221069336,0.007603130325965871,0,,,,,0,0,0.0,-90453464.87720063,0.0,-40453464.87720063,,,,
2025-09-22,45715.0,56.25876998901367,-0.7093721716371195,0,,,,,0,0,0.0,-90453464.87720063,0.0,-40453464.87720063,,,,
2025-09-23,45245.0,57.28789520263672,2.573214077050835,0,,,,,0,0,0.0,-90453464.87720063,0.0,-40453464.87720063,[網格1] 資金不足 ,,,
2025-09-24,45595.0,57.2388916015625,1.2589364623858197,0,,,,,0,0,0.0,-90453464.87720063,0.0,-40453464.87720063,,,,
2025-09-25,45625.0,57.04286193847656,0.794979237532274,0,,,,,0,0,0.0,-90453464.87720063,0.0,-40453464.87720063,,,,
2025-09-26,45295.0,56.11175155639648,0.2232953660519861,0,,,,,0,0,0.0,-90453464.87720063,0.0,-40453464.87720063,,,,
2025-09-27,45295.0,56.11175155639648,0.22014346823136025,0,,,,,0,0,0.0,-90453464.87720063,0.0,-40453464.87720063,,,,
2025-09-28,45295.0,56.11175155639648,0.11591298333526245,0,,,,,0,0,0.0,-90453464.87720063,0.0,-40453464.87720063,,,,
2025-09-29,45165.0,56.11175155639648,0.5267424585660755,0,,,,,0,0,0.0,-90453464.87720063,0.0,-40453464.87720063,,,,
2025-09-30,44815.0,56.65081787109375,2.251261908636882,0,,,,,0,0,0.0,-90453464.87720063,0.0,-40453464.87720063,[網格1] 資金不足 ,,,
2025-10-01,44725.0,56.94485092163086,2.407493242012975,0,,,,,0,0,0.0,-90453464.87720063,0.0,-40453464.87720063,[網格1] 資金不足 ,,,
2025-10-02,45010.0,58.02298355102539,2.4770349294556926,0,,,,,0,0,0.0,-90453464.87720063,0.0,-40453464.87720063,[網格1] 資金不足 ,,,
2025-10-03,45975.0,58.856082916259766,1.3038801057586284,0,,,,,0,0,0.0,-90453464.87720063,0.0,-40453464.87720063,,,,
2025-10-04,45975.0,58.856082916259766,1.174156323753305,0,,,,,0,0,0.0,-90453464.87720063,0.0,-40453464.87720063,,,,
2025-10-05,45975.0,58.856082916259766,1.0614948367802983,0,,,,,0,0,0.0,-90453464.87720063,0.0,-40453464.87720063,,,,
2025-10-06,48495.0,58.856082916259766,-2.7179543413790905,0,,,,,0,0,0.0,-90453464.87720063,0.0,-40453464.87720063,[網格1] 資金不足 ,,,
2025-10-07,47905.0,60.4732780456543,-0.5171478304263206,0,,,,,0,0,0.0,-90453464.87720063,0.0,-40453464.87720063,,,,
2025-10-08,48035.0,59.93421173095703,-1.16099989986076,0,,,,,0,0,0.0,-90453464.87720063,0.0,-40453464.87720063,,,,
2025-10-09,48628.0,60.37526321411133,-1.5089922074218929,0,,,,,0,0,0.0,-90453464.87720063,0.0,-40453464.87720063,,,,
2025-10-10,45945.0,60.37526321411133,1.853798862538903,0,,,,,0,0,0.0,-90453464.87720063,0.0,-40453464.87720063,,,,
2025-10-11,45945.0,60.37526321411133,1.6168707611991435,0,,,,,0,0,0.0,-90453464.87720063,0.0,-40453464.87720063,,,,
2025-10-12,45945.0,60.37526321411133,1.4337660907021994,0,,,,,0,0,0.0,-90453464.87720063,0.0,-40453464.87720063,,,,
2025-10-13,48455.0,59.78719329833984,-1.5085227632526859,0,,,,,0,0,0.0,-90453464.87720063,0.0,-40453464.87720063,,,,
2025-10-14,47025.0,59.493160247802734,-0.18870427686875035,0,,,,,0,0,0.0,-90453464.87720063,0.0,-40453464.87720063,,,,
2025-10-15,47930.0,60.5712890625,-0.47872212893547106,0,,,,,0,0,0.0,-90453464.87720063,0.0,-40453464.87720063,,,,
2025-10-16,47975.0,61.74742889404297,0.13147899686338693,0,,,,,0,0,0.0,-90453464.87720063,0.0,-40453464.87720063,,,,
2025-10-17,48260.0,60.81631851196289,-0.6812217854002727,0,,,,,0,0,0.0,-90453464.87720063,0.0,-40453464.87720063,,,,
2025-10-18,48260.0,60.81631851196289,-0.6591498911597491,0,,,,,0,0,0.0,-90453464.87720063,0.0,-40453464.87720063,,,,
2025-10-19,48260.0,60.81631851196289,-0.6300590147043911,0,,,,,0,0,0.0,-90453464.87720063,0.0,-40453464.87720063,,,,
2025-10-20,49645.0,61.84543991088867,-1.2889802409844446,0,,,,,0,0,0.0,-90453464.87720063,0.0,-40453464.87720063,,,,
2025-10-21,49360.0,61.94345474243164,-0.8703051597249555,0,,,,,0,0,0.0,-90453464.87720063,0.0,-40453464.87720063,,,,
2025-10-22,48810.0,61.45339584350586,-0.5343586144436197,0,,,,,0,0,0.0,-90453464.87720063,0.0,-40453464.87720063,,,,
2025-10-23,48950.0,61.1103515625,-0.7816821077848257,0,,,,,0,0,0.0,-90453464.87720063,0.0,-40453464.87720063,,,,
2025-10-24,49500.0,61.1103515625,-1.1952493178860546,0,,,,,0,0,0.0,-90453464.87720063,0.0,-40453464.87720063,,,,
2025-10-25,49500.0,61.1103515625,-1.0802949516530065,0,,,,,0,0,0.0,-90453464.87720063,0.0,-40453464.87720063,,,,
2025-10-26,49500.0,61.1103515625,-1.1114042110916034,0,,,,,0,0,0.0,-90453464.87720063,0.0,-40453464.87720063,,,,
2025-10-27,50430.0,62.531524658203125,-1.1310752440367182,0,,,,,0,0,0.0,-90453464.87720063,0.0,-40453464.87720063,,,,
2025-10-28,50655.0,62.09047317504883,-1.4291347493930389,0,,,,,0,0,0.0,-90453464.87720063,0.0,-40453464.87720063,,,,
2025-10-29,50980.0,63.11959838867188,-1.129560012504593,0,,,,,0,0,0.0,-90453464.87720063,0.0,-40453464.87720063,,,,
2025-10-30,51320.0,63.11959838867188,-1.339002725458664,0,,,,,0,0,0.0,-90453464.87720063,0.0,-40453464.87720063,,,,
2025-10-31,52215.0,63.46263885498047,-1.8729866895963345,0,,,,,0,0,0.0,-90453464.87720063,0.0,-40453464.87720063,,,,
2025-11-01,52215.0,63.46263885498047,-1.858410949464593,0,,,,,0,0,0.0,-90453464.87720063,0.0,-40453464.87720063,,,,
2025-11-02,52215.0,63.46263885498047,-1.63027590302448,0,,,,,0,0,0.0,-90453464.87720063,0.0,-40453464.87720063,,,,
2025-11-03,52695.0,62.87456893920898,-2.0825744345513275,0,,,,,0,0,0.0,-90453464.87720063,0.0,-40453464.87720063,[網格1] 資金不足 ,,,
2025-11-04,51025.0,62.67853927612305,-0.5526592949737646,0,,,,,0,0,0.0,-90453464.87720063,0.0,-40453464.87720063,,,,
2025-11-05,51110.0,61.89444732666016,-0.9891403200039821,0,,,,,0,0,0.0,-90453464.87720063,0.0,-40453464.87720063,,,,
2025-11-06,50275.0,62.041465759277344,0.0402486573098162,0,,,,,0,0,0.0,-90453464.87720063,0.0,-40453464.87720063,,,,
2025-11-07,50330.0,61.306373596191406,-0.40102270963746184,0,,,,,0,0,0.0,-90453464.87720063,0.0,-40453464.87720063,,,,
2025-11-08,50330.0,61.306373596191406,-0.3219899536590921,0,,,,,0,0,0.0,-90453464.87720063,0.0,-40453464.87720063,,,,
2025-11-09,50330.0,61.306373596191406,-0.2650145231404146,0,,,,,0,0,0.0,-90453464.87720063,0.0,-40453464.87720063,,,,
2025-11-10,51220.0,62.09047317504883,-0.7703069307770448,0,,,,,0,0,0.0,-90453464.87720063,0.0,-40453464.87720063,,,,
2025-11-11,51090.0,61.64941787719727,-0.8735099763227279,0,,,,,0,0,0.0,-90453464.87720063,0.0,-40453464.87720063,,,,
2025-11-12,51220.0,61.94345474243164,-0.753395769168355,0,,,,,0,0,0.0,-90453464.87720063,0.0,-40453464.87720063,,,,
2025-11-13,50068.0,61.64941787719727,0.9566575422349078,0,,,,,0,0,0.0,-90453464.87720063,0.0,-40453464.87720063,,,,
2025-11-14,50430.0,60.4732780456543,-0.7352552941944109,0,,,,,0,0,0.0,-90453464.87720063,0.0,-40453464.87720063,,,,
2025-11-15,50430.0,60.4732780456543,-0.6594771645741465,0,,,,,0,0,0.0,-90453464.87720063,0.0,-40453464.87720063,,,,
2025-11-16,50430.0,60.4732780456543,-0.5841581866940762,0,,,,,0,0,0.0,-90453464.87720063,0.0,-40453464.87720063,,,,
2025-11-17,49785.0,60.66930389404297,0.9541811734060911,0,,,,,0,0,0.0,-90453464.87720063,0.0,-40453464.87720063,,,,
2025-11-18,48850.0,59.24813079833984,1.2441048183904608,0,,,,,0,0,0.0,-90453464.87720063,0.0,-40453464.87720063,,,,
2025-11-19,49280.0,58.856082916259766,-0.05633570783760742,0,,,,,0,0,0.0,-90453464.87720063,0.0,-40453464.87720063,,,,
2025-11-20,48455.0,60.66930389404297,2.7512685542794713,0,,,,,0,0,0.0,-90453464.87720063,0.0,-40453464.87720063,[網格1] 資金不足 ,,,
2025-11-21,48785.0,58.66005706787109,0.3456954133888055,0,,,,,0,0,0.0,-90453464.87720063,0.0,-40453464.87720063,,,,
2025-11-22,48785.0,58.66005706787109,0.29134153164657944,0,,,,,0,0,0.0,-90453464.87720063,0.0,-40453464.87720063,,,,
2025-11-23,48785.0,58.66005706787109,0.19303137329039738,0,,,,,0,0,0.0,-90453464.87720063,0.0,-40453464.87720063,,,,
2025-11-24,49525.0,58.366024017333984,-1.410688941100052,0,,,,,0,0,0.0,-90453464.87720063,0.0,-40453464.87720063,,,,
2025-11-25,49145.0,59.15011596679688,0.07356114912136334,0,,,,,0,0,0.0,-90453464.87720063,0.0,-40453464.87720063,,,,
2025-11-26,50110.0,60.13023376464844,-0.6288550595945329,0,,,,,0,0,0.0,-90453464.87720063,0.0,-40453464.87720063,,,,
2025-11-27,50110.0,60.66930389404297,-0.03623670489578833,0,,,,,0,0,0.0,-90453464.87720063,0.0,-40453464.87720063,,,,
2025-11-28,50230.0,61.1103515625,0.20984636686450184,0,,,,,0,0,0.0,-90453464.87720063,0.0,-40453464.87720063,,,,
2025-11-29,50230.0,61.1103515625,0.21087545304160005,0,,,,,0,0,0.0,-90453464.87720063,0.0,-40453464.87720063,,,,
2025-11-30,50230.0,61.1103515625,0.17062541691767882,0,,,,,0,0,0.0,-90453464.87720063,0.0,-40453464.87720063,,,,
2025-12-01,49475.0,60.277252197265625,0.6504479174281926,0,,,,,0,0,0.0,-90453464.87720063,0.0,-40453464.87720063,,,,
2025-12-02,49555.0,60.4732780456543,0.6360073900136486,0,,,,,0,0,0.0,-90453464.87720063,0.0,-40453464.87720063,,,,
2025-12-03,49870.0,61.06134414672852,0.6881253115141789,0,,,,,0,0,0.0,-90453464.87720063,0.0,-40453464.87720063,,,,
2025-12-04,50570.0,60.96333694458008,-0.8512832767114272,0,,,,,0,0,0.0,-90453464.87720063,0.0,-40453464.87720063,,,,
2025-12-05,50680.0,61.502403259277344,-0.5065321877887612,0,,,,,0,0,0.0,-90453464.87720063,0.0,-40453464.87720063,,,,
2025-12-06,50680.0,61.502403259277344,-0.5588193437628959,0,,,,,0,0,0.0,-90453464.87720063,0.0,-40453464.87720063,,,,
2025-12-07,50680.0,61.502403259277344,-0.510856908877539,0,,,,,0,0,0.0,-90453464.87720063,0.0,-40453464.87720063,,,,
2025-12-08,50320.0,62.43351364135742,1.3106289172648498,0,,,,,0,0,0.0,-90453464.87720063,0.0,-40453464.87720063,,,,
2025-12-09,50850.0,62.33549880981445,0.055017235637182436,0,,,,,0,0,0.0,-90453464.87720063,0.0,-40453464.87720063,,,,
2025-12-10,50860.0,62.77655792236328,0.985272562021959,0,,,,,0,0,0.0,-90453464.87720063,0.0,-40453464.87720063,,,,
2025-12-11,50890.0,62.09047317504883,-0.2483390785084593,0,,,,,0,0,0.0,-90453464.87720063,0.0,-40453464.87720063,,,,
2025-12-12,49930.0,62.18848419189453,2.282839601384774,0,,,,,0,0,0.0,-90453464.87720063,0.0,-40453464.87720063,[網格1] 資金不足 ,,,
2025-12-13,49930.0,62.18848419189453,1.937006358615615,0,,,,,0,0,0.0,-90453464.87720063,0.0,-40453464.87720063,,,,
2025-12-14,49930.0,62.18848419189453,1.7963473366013345,0,,,,,0,0,0.0,-90453464.87720063,0.0,-40453464.87720063,,,,
2025-12-15,50020.0,61.5514030456543,0.6773608553365753,0,,,,,0,0,0.0,-90453464.87720063,0.0,-40453464.87720063,,,,
2025-12-16,49580.0,61.0123405456543,0.9076559239018516,0,,,,,0,0,0.0,-90453464.87720063,0.0,-40453464.87720063,,,,
2025-12-17,48880.0,60.66930389404297,1.8280237767664305,0,,,,,0,0,0.0,-90453464.87720063,0.0,-40453464.87720063,,,,
2025-12-18,49195.0,60.66930389404297,1.0197197487400997,0,,,,,0,0,0.0,-90453464.87720063,0.0,-40453464.87720063,,,,
2025-12-19,50260.0,61.25737380981445,-0.593066765482241,0,,,,,0,0,0.0,-90453464.87720063,0.0,-40453464.87720063,,,,
2025-12-20,50260.0,61.25737380981445,-0.6012441149144406,0,,,,,0,0,0.0,-90453464.87720063,0.0,-40453464.87720063,,,,
2025-12-21,50260.0,61.25737380981445,-0.5704071087043202,0,,,,,0,0,0.0,-90453464.87720063,0.0,-40453464.87720063,,,,
2025-12-22,50315.0,62.13947677612305,0.37201000501029086,0,,,,,0,0,0.0,-90453464.87720063,0.0,-40453464.87720063,,,,
2025-12-23,50575.0,62.43351364135742,0.1588393939474527,0,,,,,0,0,0.0,-90453464.87720063,0.0,-40453464.87720063,,,,
2025-12-24,50395.0,62.580528259277344,0.6545646267854694,0,,,,,0,0,0.0,-90453464.87720063,0.0,-40453464.87720063,,,,
2025-12-25,50395.0,62.580528259277344,0.5789977194938998,0,,,,,0,0,0.0,-90453464.87720063,0.0,-40453464.87720063,,,,
2025-12-26,50725.0,63.11959838867188,0.43791728160512805,0,,,,,0,0,0.0,-90453464.87720063,0.0,-40453464.87720063,,,,
2025-12-27,50725.0,63.11959838867188,0.35830736209384845,0,,,,,0,0,0.0,-90453464.87720063,0.0,-40453464.87720063,,,,
2025-12-28,50725.0,63.11959838867188,0.36148323297652546,0,,,,,0,0,0.0,-90453464.87720063,0.0,-40453464.87720063,,,,
2025-12-29,50400.0,63.95269393920898,2.208687948465688,0,,,,,0,0,0.0,-90453464.87720063,0.0,-40453464.87720063,[網格1] 資金不足 ,,,
2025-12-30,50545.0,63.85468673706055,1.4901148804842788,0,,,,,0,0,0.0,-90453464.87720063,0.0,-40453464.87720063,,,,
2025-12-31,50435.0,64.29573822021484,2.084267047018184,0,,,,,0,0,0.0,-90453464.87720063,0.0,-40453464.87720063,[網格1] 資金不足 ,,,
2026-01-01,50435.0,64.29573822021484,1.8211672224324194,0,,,,,0,0,0.0,-90453464.87720063,0.0,-40453464.87720063,,,,
2026-01-02,51030.0,65.618896484375,1.8542676150164144,0,,,,,0,0,0.0,-90453464.87720063,0.0,-40453464.87720063,,,,
2026-01-03,51030.0,65.618896484375,1.638736479605742,0,,,,,0,0,0.0,-90453464.87720063,0.0,-40453464.87720063,,,,
2026-01-04,51030.0,65.618896484375,1.4499377493820091,0,,,,,0,0,0.0,-90453464.87720063,0.0,-40453464.87720063,,,,
2026-01-05,52105.0,68.11819458007812,1.7377652360267573,0,,,,,0,0,0.0,-90453464.87720063,0.0,-40453464.87720063,,,,
2026-01-06,52040.0,69.00030517578125,2.157858509854912,0,,,,,0,0,0.0,-90453464.87720063,0.0,-40453464.87720063,[網格1] 資金不足 ,,,
2026-01-07,51970.0,68.46123504638672,1.6081147035937138,0,,,,,0,0,0.0,-90453464.87720063,0.0,-40453464.87720063,,,,
2026-01-08,51611.0,68.70626831054688,1.931065343143758,0,,,,,0,0,0.0,-90453464.87720063,0.0,-40453464.87720063,,,,
2026-01-09,53620.0,68.46123504638672,-0.6864426914352101,0,,,,,0,0,0.0,-90453464.87720063,0.0,-40453464.87720063,,,,
2026-01-10,53620.0,68.46123504638672,-0.7701585003907757,0,,,,,0,0,0.0,-90453464.87720063,0.0,-40453464.87720063,,,,
2026-01-11,53620.0,68.46123504638672,-0.7997663318308731,0,,,,,0,0,0.0,-90453464.87720063,0.0,-40453464.87720063,,,,
2026-01-12,52270.0,68.95130157470703,1.2394634082181382,0,,,,,0,0,0.0,-90453464.87720063,0.0,-40453464.87720063,,,,
2026-01-13,53950.0,69.2943344116211,-0.7732614039156206,0,,,,,0,0,0.0,-90453464.87720063,0.0,-40453464.87720063,,,,
2026-01-14,54000.0,69.34334564208984,-0.8283102210289165,0,,,,,0,0,0.0,-90453464.87720063,0.0,-40453464.87720063,,,,
2026-01-15,53965.0,69.24533081054688,-0.883351481306063,0,,,,,0,0,0.0,-90453464.87720063,0.0,-40453464.87720063,,,,
2026-01-16,53670.0,70.56849670410156,0.49528693959076286,0,,,,,0,0,0.0,-90453464.87720063,0.0,-40453464.87720063,,,,
2026-01-17,53670.0,70.56849670410156,0.4238595801913253,0,,,,,0,0,0.0,-90453464.87720063,0.0,-40453464.87720063,,,,
2026-01-18,53670.0,70.56849670410156,0.3889626670964178,0,,,,,0,0,0.0,-90453464.87720063,0.0,-40453464.87720063,,,,
2026-01-19,53670.0,71.15656280517578,0.8051697078552427,0,,,,,0,0,0.0,-90453464.87720063,0.0,-40453464.87720063,,,,
2026-01-20,52095.0,71.15656280517578,2.4444043509442013,0,,,,,0,0,0.0,-90453464.87720063,0.0,-40453464.87720063,[網格1] 資金不足 ,,,
2026-01-21,53245.0,70.42147064208984,0.4975125969628889,0,,,,,0,0,0.0,-90453464.87720063,0.0,-40453464.87720063,,,,
2026-01-22,54035.0,71.36573028564453,0.1697858396542935,0,,,,,0,0,0.0,-90453464.87720063,0.0,-40453464.87720063,,,,
2026-01-23,52855.0,71.81300354003906,1.6607337411261287,0,,,,,0,0,0.0,-90453464.87720063,0.0,-40453464.87720063,,,,
2026-01-24,52855.0,71.81300354003906,1.4724782941698378,0,,,,,0,0,0.0,-90453464.87720063,0.0,-40453464.87720063,,,,
2026-01-25,52855.0,71.81300354003906,1.3323906337015008,0,,,,,0,0,0.0,-90453464.87720063,0.0,-40453464.87720063,,,,
2026-01-26,52550.0,71.81300354003906,1.4947788906909858,0,,,,,0,0,0.0,-90453464.87720063,0.0,-40453464.87720063,,,,
2026-01-27,52860.0,72.60816955566406,1.4636404698414718,0,,,,,0,0,0.0,-90453464.87720063,0.0,-40453464.87720063,,,,
2026-01-28,53675.0,73.75120544433594,1.235685868371748,0,,,,,0,0,0.0,-90453464.87720063,0.0,-40453464.87720063,,,,
2026-01-29,53280.0,73.3039321899414,1.2302315669355441,0,,,,,0,0,0.0,-90453464.87720063,0.0,-40453464.87720063,,,,
2026-01-30,53475.0,72.160888671875,0.4388286117180595,0,,,,,0,0,0.0,-90453464.87720063,0.0,-40453464.87720063,,,,
2026-01-31,53475.0,72.160888671875,0.3628311035548179,0,,,,,0,0,0.0,-90453464.87720063,0.0,-40453464.87720063,,,,
2026-02-01,53475.0,72.160888671875,0.33319708130423503,0,,,,,0,0,0.0,-90453464.87720063,0.0,-40453464.87720063,,,,
2026-02-02,53830.0,71.06754302978516,-0.7064954662522489,0,,,,,0,0,0.0,-90453464.87720063,0.0,-40453464.87720063,,,,
2026-02-03,54025.0,72.5087661743164,-0.17716665299380466,0,,,,,0,0,0.0,-90453464.87720063,0.0,-40453464.87720063,,,,
2026-02-04,54415.0,72.45907592773438,-0.8514061835847527,0,,,,,0,0,0.0,-90453464.87720063,0.0,-40453464.87720063,,,,
2026-02-05,53780.0,71.56451416015625,-0.7288642898997791,0,,,,,0,0,0.0,-90453464.87720063,0.0,-40453464.87720063,,,,
2026-02-06,56415.0,71.46512603759766,-3.092979220713532,0,,,,,0,0,0.0,-90453464.87720063,0.0,-40453464.87720063,[網格1] 資金不足 ,,,
2026-02-07,56415.0,71.46512603759766,-2.474993172584314,0,,,,,0,0,0.0,-90453464.87720063,0.0,-40453464.87720063,[網格1] 資金不足 ,,,
2026-02-08,56415.0,71.46512603759766,-2.0743461283867104,0,,,,,0,0,0.0,-90453464.87720063,0.0,-40453464.87720063,[網格1] 資金不足 ,,,
2026-02-09,57070.0,73.50271606445312,-1.518547801696784,0,,,,,0,0,0.0,-90453464.87720063,0.0,-40453464.87720063,,,,
2026-02-10,57840.0,75.04335021972656,-1.3149674042908457,0,,,,,0,0,0.0,-90453464.87720063,0.0,-40453464.87720063,,,,
2026-02-11,57820.0,76.73306274414062,-0.6440162614055679,0,,,,,0,0,0.0,-90453464.87720063,0.0,-40453464.87720063,,,,
2026-02-12,56666.0,76.73306274414062,0.14381760271887906,0,,,,,0,0,0.0,-90453464.87720063,0.0,-40453464.87720063,,,,
2026-02-13,57600.0,76.73306274414062,-0.4153821574690643,0,,,,,0,0,0.0,-90453464.87720063,0.0,-40453464.87720063,,,,
2026-02-14,57600.0,76.73306274414062,-0.3560215029413103,0,,,,,0,0,0.0,-90453464.87720063,0.0,-40453464.87720063,,,,
2026-02-15,57600.0,76.73306274414062,-0.28905793827406073,0,,,,,0,0,0.0,-90453464.87720063,0.0,-40453464.87720063,,,,
2026-02-16,57600.0,76.73306274414062,-0.21512927880650753,0,,,,,0,0,0.0,-90453464.87720063,0.0,-40453464.87720063,,,,
2026-02-17,57085.0,76.73306274414062,0.2565323874804808,0,,,,,0,0,0.0,-90453464.87720063,0.0,-40453464.87720063,,,,
2026-02-18,57555.0,76.73306274414062,-0.031069491475526945,0,,,,,0,0,0.0,-90453464.87720063,0.0,-40453464.87720063,,,,
2026-02-19,57030.0,76.73306274414062,0.49997072427807565,0,,,,,0,0,0.0,-90453464.87720063,0.0,-40453464.87720063,,,,
2026-02-20,57145.0,76.73306274414062,0.4681596317198215,0,,,,,0,0,0.0,-90453464.87720063,0.0,-40453464.87720063,,,,
2026-02-21,57145.0,76.73306274414062,0.5551776415325644,0,,,,,0,0,0.0,-90453464.87720063,0.0,-40453464.87720063,,,,
2026-02-22,57145.0,76.73306274414062,0.5643382748971895,0,,,,,0,0,0.0,-90453464.87720063,0.0,-40453464.87720063,,,,
2026-02-23,56780.0,76.93185424804688,1.095801618203341,0,,,,,0,0,0.0,-90453464.87720063,0.0,-40453464.87720063,,,,
2026-02-24,57955.0,78.91976165771484,1.0250390544373127,0,,,,,0,0,0.0,-90453464.87720063,0.0,-40453464.87720063,,,,
2026-02-25,59680.0,80.6094741821289,0.2563669516358762,0,,,,,0,0,0.0,-90453464.87720063,0.0,-40453464.87720063,,,,
2026-02-26,58715.0,80.65917205810547,1.2471024949157778,0,,,,,0,0,0.0,-90453464.87720063,0.0,-40453464.87720063,,,,
2026-02-27,58685.0,80.65917205810547,1.2200086150564848,0,,,,,0,0,0.0,-90453464.87720063,0.0,-40453464.87720063,,,,
2026-02-28,58685.0,80.65917205810547,1.2124587540799547,0,,,,,0,0,0.0,-90453464.87720063,0.0,-40453464.87720063,,,,
2026-03-01,58685.0,80.65917205810547,1.1890739674742687,0,,,,,0,0,0.0,-90453464.87720063,0.0,-40453464.87720063,,,,
2026-03-02,57690.0,79.864013671875,2.1144194548177913,0,,,,,0,0,0.0,-90453464.87720063,0.0,-40453464.87720063,[網格1] 資金不足 ,,,
2026-03-03,55335.0,78.27368927001953,3.2078557074434535,0,,,,,0,0,0.0,-90453464.87720063,0.0,-40453464.87720063,[網格1] 資金不足 ,,,
2026-03-04,56370.0,75.14273834228516,-0.4848871391706201,0,,,,,0,0,0.0,-90453464.87720063,0.0,-40453464.87720063,,,,
2026-03-05,54610.0,76.93185424804688,2.48403481770204,0,,,,,0,0,0.0,-90453464.87720063,0.0,-40453464.87720063,[網格1] 資金不足 ,,,
2026-03-06,54015.0,76.38517761230469,2.267816147375138,0,,,,,0,0,0.0,-90453464.87720063,0.0,-40453464.87720063,[網格1] 資金不足 ,,,
2026-03-07,54015.0,76.38517761230469,1.9282572142105026,0,,,,,0,0,0.0,-90453464.87720063,0.0,-40453464.87720063,,,,
2026-03-08,54015.0,76.38517761230469,1.6855492521244588,0,,,,,0,0,0.0,-90453464.87720063,0.0,-40453464.87720063,,,,
2026-03-09,54665.0,73.15483856201172,-0.38787066646235024,0,,,,,0,0,0.0,-90453464.87720063,0.0,-40453464.87720063,,,,
2026-03-10,54880.0,74.74515533447266,0.1219852046345956,0,,,,,0,0,0.0,-90453464.87720063,0.0,-40453464.87720063,,,,
2026-03-11,54775.0,77.72701263427734,1.4795780758579986,0,,,,,0,0,0.0,-90453464.87720063,0.0,-40453464.87720063,,,,
2026-03-12,53790.0,76.1366958618164,1.3864539950204093,0,,,,,0,0,0.0,-90453464.87720063,0.0,-40453464.87720063,,,,
2026-03-13,53305.0,75.4906234741211,1.3305546009153262,0,,,,,0,0,0.0,-90453464.87720063,0.0,-40453464.87720063,,,,
2026-03-14,53305.0,75.4906234741211,1.2020693416399566,0,,,,,0,0,0.0,-90453464.87720063,0.0,-40453464.87720063,,,,
2026-03-15,53305.0,75.4906234741211,1.085161633345119,0,,,,,0,0,0.0,-90453464.87720063,0.0,-40453464.87720063,,,,
2026-03-16,54565.0,75.14273834228516,-0.09909128091567014,0,,,,,0,0,0.0,-90453464.87720063,0.0,-40453464.87720063,,,,
2026-03-17,54315.0,76.18639373779297,0.49657467663528965,0,,,,,0,0,0.0,-90453464.87720063,0.0,-40453464.87720063,,,,
2026-03-18,53635.0,77.32943725585938,1.4713607968453903,0,,,,,0,0,0.0,-90453464.87720063,0.0,-40453464.87720063,,,,
2026-03-19,53135.0,75.54032135009766,0.9448967370957987,0,,,,,0,0,0.0,-90453464.87720063,0.0,-40453464.87720063,,,,
2026-03-20,51280.0,75.44092559814453,2.1141407497337052,0,,,,,0,0,0.0,-90453464.87720063,0.0,-40453464.87720063,[網格1] 資金不足 ,,,
2026-03-21,51280.0,75.44092559814453,1.8512022342369407,0,,,,,0,0,0.0,-90453464.87720063,0.0,-40453464.87720063,,,,
2026-03-22,51280.0,75.44092559814453,1.6299672320354035,0,,,,,0,0,0.0,-90453464.87720063,0.0,-40453464.87720063,,,,
2026-03-23,53285.0,73.80091094970703,-0.47292039911228057,0,,,,,0,0,0.0,-90453464.87720063,0.0,-40453464.87720063,,,,
2026-03-24,52645.0,73.95000457763672,-0.0709010381181988,0,,,,,0,0,0.0,-90453464.87720063,0.0,-40453464.87720063,,,,
2026-03-25,53900.0,75.7391128540039,-0.2806590884179483,0,,,,,0,0,0.0,-90453464.87720063,0.0,-40453464.87720063,,,,
2026-03-26,52495.0,75.34153747558594,0.6606628680013599,0,,,,,0,0,0.0,-90453464.87720063,0.0,-40453464.87720063,,,,
2026-03-27,51590.0,74.54637145996094,0.9566736127147097,0,,,,,0,0,0.0,-90453464.87720063,0.0,-40453464.87720063,,,,
2026-03-28,51590.0,74.54637145996094,0.881698704030249,0,,,,,0,0,0.0,-90453464.87720063,0.0,-40453464.87720063,,,,
2026-03-29,51590.0,74.54637145996094,0.8309815677957613,0,,,,,0,0,0.0,-90453464.87720063,0.0,-40453464.87720063,,,,
2026-03-30,51100.0,73.4530258178711,0.6536135061439865,0,,,,,0,0,0.0,-90453464.87720063,0.0,-40453464.87720063,,,,
2026-03-31,52880.0,71.91239929199219,-1.787518947290138,0,,,,,0,0,0.0,-90453464.87720063,0.0,-40453464.87720063,,,,
2026-04-01,54100.0,74.99364471435547,-1.221057622379396,0,,,,,0,0,0.0,-90453464.87720063,0.0,-40453464.87720063,,,,
2026-04-02,53295.0,73.50271606445312,-1.1582972469763095,0,,,,,0,0,0.0,-90453464.87720063,0.0,-40453464.87720063,,,,
2026-04-03,53295.0,73.50271606445312,-1.0757520358924457,0,,,,,0,0,0.0,-90453464.87720063,0.0,-40453464.87720063,,,,
2026-04-04,53295.0,73.50271606445312,-1.001282929646922,0,,,,,0,0,0.0,-90453464.87720063,0.0,-40453464.87720063,,,,
2026-04-05,53295.0,73.50271606445312,-1.033079049162618,0,,,,,0,0,0.0,-90453464.87720063,0.0,-40453464.87720063,,,,
2026-04-06,53895.0,73.50271606445312,-1.4135491800891606,0,,,,,0,0,0.0,-90453464.87720063,0.0,-40453464.87720063,,,,
2026-04-07,53795.0,74.84455871582031,-0.6767743297282237,0,,,,,0,0,0.0,-90453464.87720063,0.0,-40453464.87720063,,,,
2026-04-08,56875.0,78.72096252441406,-1.2461555716034514,0,,,,,0,0,0.0,-90453464.87720063,0.0,-40453464.87720063,,,,
2026-04-09,56507.0,78.67127227783203,-0.9079090794733006,0,,,,,0,0,0.0,-90453464.87720063,0.0,-40453464.87720063,,,,
2026-04-10,57345.0,80.2615966796875,-0.7908600459335177,0,,,,,0,0,0.0,-90453464.87720063,0.0,-40453464.87720063,,,,
2026-04-11,57345.0,80.2615966796875,-0.7295772711777235,0,,,,,0,0,0.0,-90453464.87720063,0.0,-40453464.87720063,,,,
2026-04-12,57345.0,80.2615966796875,-0.7016153953236761,0,,,,,0,0,0.0,-90453464.87720063,0.0,-40453464.87720063,,,,
2026-04-13,57560.0,80.11249542236328,-0.897598203821573,0,,,,,0,0,0.0,-90453464.87720063,0.0,-40453464.87720063,,,,
2026-04-14,58790.0,82.59738159179688,-0.6868569724469226,0,,,,,0,0,0.0,-90453464.87720063,0.0,-40453464.87720063,,,,
2026-04-15,58440.0,83.64102935791016,0.23786393264803632,0,,,,,0,0,0.0,-90453464.87720063,0.0,-40453464.87720063,,,,
2026-04-16,59120.0,84.48588562011719,0.15022950819121314,0,,,,,0,0,0.0,-90453464.87720063,0.0,-40453464.87720063,,,,
2026-04-17,59575.0,83.64102935791016,-0.7998217773474232,0,,,,,0,0,0.0,-90453464.87720063,0.0,-40453464.87720063,,,,
2026-04-18,59575.0,83.64102935791016,-0.8017696214415199,0,,,,,0,0,0.0,-90453464.87720063,0.0,-40453464.87720063,,,,
2026-04-19,59575.0,83.64102935791016,-1.0442227233783457,0,,,,,0,0,0.0,-90453464.87720063,0.0,-40453464.87720063,,,,
2026-04-20,59200.0,84.03861236572266,0.5967765922700574,0,,,,,0,0,0.0,-90453464.87720063,0.0,-40453464.87720063,,,,
2026-04-21,58455.0,85.4798355102539,3.20958215844584,0,,,,,0,0,0.0,-90453464.87720063,0.0,-40453464.87720063,[網格1] 資金不足 ,,,
2026-04-22,59840.0,85.82772064208984,0.8898375187477349,0,,,,,0,0,0.0,-90453464.87720063,0.0,-40453464.87720063,,,,
2026-04-23,58910.0,85.82772064208984,2.1559837679453473,0,,,,,0,0,0.0,-90453464.87720063,0.0,-40453464.87720063,[網格1] 資金不足 ,,,
2026-04-24,60070.0,89.40594482421875,2.6314813118124305,0,,,,,0,0,0.0,-90453464.87720063,0.0,-40453464.87720063,[網格1] 資金不足 ,,,
2026-04-25,60070.0,89.40594482421875,2.1516861127653786,0,,,,,0,0,0.0,-90453464.87720063,0.0,-40453464.87720063,[網格1] 資金不足 ,,,
2026-04-26,60070.0,89.40594482421875,1.8415705801440045,0,,,,,0,0,0.0,-90453464.87720063,0.0,-40453464.87720063,,,,
2026-04-27,60110.0,92.4375,2.621102857978793,0,,,,,0,0,0.0,-90453464.87720063,0.0,-40453464.87720063,[網格1] 資金不足 ,,,
2026-04-28,59080.0,91.44355010986328,2.374664420392798,0,,,,,0,0,0.0,-90453464.87720063,0.0,-40453464.87720063,[網格1] 資金不足 ,,,
2026-04-29,59440.0,90.20111083984376,1.4721186954051926,0,,,,,0,0,0.0,-90453464.87720063,0.0,-40453464.87720063,,,,
2026-04-30,59840.0,89.95262145996094,1.02022678543039,0,,,,,0,0,0.0,-90453464.87720063,0.0,-40453464.87720063,,,,
2026-05-01,59455.0,89.95262145996094,1.1371567181802966,0,,,,,0,0,0.0,-90453464.87720063,0.0,-40453464.87720063,,,,
2026-05-02,59455.0,89.95262145996094,1.0279829992202407,0,,,,,0,0,0.0,-90453464.87720063,0.0,-40453464.87720063,,,,
2026-05-03,59455.0,89.95262145996094,0.9322906646465785,0,,,,,0,0,0.0,-90453464.87720063,0.0,-40453464.87720063,,,,
2026-05-04,59070.0,94.02782440185548,2.1678226739108437,0,,,,,0,0,0.0,-90453464.87720063,0.0,-40453464.87720063,[網格1] 資金不足 ,,,
2026-05-05,60535.0,94.02782440185548,1.2086292122701516,0,,,,,0,0,0.0,-90453464.87720063,0.0,-40453464.87720063,,,,
2026-05-06,62025.0,95.17086791992188,0.6693723626915226,0,,,,,0,0,0.0,-90453464.87720063,0.0,-40453464.87720063,,,,
2026-05-07,61967.0,97.10906982421876,1.1990843077508588,0,,,,,0,0,0.0,-90453464.87720063,0.0,-40453464.87720063,,,,
2026-05-08,63665.0,96.4133071899414,-0.09225288511401893,0,,,,,0,0,0.0,-90453464.87720063,0.0,-40453464.87720063,,,,
2026-05-09,63665.0,96.4133071899414,-0.21558532688357662,0,,,,,0,0,0.0,-90453464.87720063,0.0,-40453464.87720063,,,,
2026-05-10,63665.0,96.4133071899414,-0.34431390363664116,0,,,,,0,0,0.0,-90453464.87720063,0.0,-40453464.87720063,,,,
2026-05-11,62935.0,96.31391143798828,0.13973964089702917,0,,,,,0,0,0.0,-90453464.87720063,0.0,-40453464.87720063,,,,
2026-05-12,62500.0,96.26421356201172,0.40269211857213855,0,,,,,0,0,0.0,-90453464.87720063,0.0,-40453464.87720063,,,,
2026-05-13,63420.0,94.92237854003906,-1.3214714556361233,0,,,,,0,0,0.0,-90453464.87720063,0.0,-40453464.87720063,,,,
2026-05-14,63045.0,95.46905517578124,-0.6586697241226508,0,,,,,0,0,0.0,-90453464.87720063,0.0,-40453464.87720063,,,,
2026-05-15,61825.0,94.82298278808594,0.17462110829368116,0,,,,,0,0,0.0,-90453464.87720063,0.0,-40453464.87720063,,,,
2026-05-16,61825.0,94.82298278808594,0.1093573419160809,0,,,,,0,0,0.0,-90453464.87720063,0.0,-40453464.87720063,,,,
2026-05-17,61825.0,94.82298278808594,0.1313936462099714,0,,,,,0,0,0.0,-90453464.87720063,0.0,-40453464.87720063,,,,
2026-05-18,61545.0,94.32601165771484,0.18598533315678817,0,,,,,0,0,0.0,-90453464.87720063,0.0,-40453464.87720063,,,,
2026-05-19,60670.0,92.53689575195312,0.026721128852485922,0,,,,,0,0,0.0,-90453464.87720063,0.0,-40453464.87720063,,,,
2026-05-20,61525.0,91.94052124023438,-1.2939415656106517,0,,,,,0,0,0.0,-90453464.87720063,0.0,-40453464.87720063,,,,
2026-05-21,62190.0,95.270263671875,0.06328506757294924,0,,,,,0,0,0.0,-90453464.87720063,0.0,-40453464.87720063,,,,
2026-05-22,63335.0,96.71149444580078,-0.31204045239082506,0,,,,,0,0,0.0,-90453464.87720063,0.0,-40453464.87720063,,,,
2026-05-23,63335.0,96.71149444580078,-0.30720324883594285,0,,,,,0,0,0.0,-90453464.87720063,0.0,-40453464.87720063,,,,
2026-05-24,63335.0,96.71149444580078,-0.2014708783310852,0,,,,,0,0,0.0,-90453464.87720063,0.0,-40453464.87720063,,,,
2026-05-25,63335.0,100.19032287597656,2.436827776557363,0,,,,,0,0,0.0,-90453464.87720063,0.0,-40453464.87720063,[網格1] 資金不足 ,,,
2026-05-26,65620.0,99.49455261230467,-1.0932749608637213,0,,,,,0,0,0.0,-90453464.87720063,0.0,-40453464.87720063,,,,
2026-05-27,65195.0,101.92974090576172,1.3951959803775875,0,,,,,0,0,0.0,-90453464.87720063,0.0,-40453464.87720063,,,,
2026-05-28,65745.0,99.8921356201172,-0.9721855335078642,0,,,,,0,0,0.0,-90453464.87720063,0.0,-40453464.87720063,,,,
2026-05-29,66225.0,104.76250457763672,1.8579171396904022,0,,,,,0,0,0.0,-90453464.87720063,0.0,-40453464.87720063,,,,
2026-05-30,66225.0,104.76250457763672,1.6250225457182708,0,,,,,0,0,0.0,-90453464.87720063,0.0,-40453464.87720063,,,,
2026-05-31,66225.0,104.76250457763672,1.4459337750447563,0,,,,,0,0,0.0,-90453464.87720063,0.0,-40453464.87720063,,,,
2026-06-01,67300.0,104.86189270019533,0.28833490432976017,0,,,,,0,0,0.0,-90453464.87720063,0.0,-40453464.87720063,,,,
2026-06-02,67540.0,105.06068420410156,0.05798362450403026,0,,,,,0,0,0.0,-90453464.87720063,0.0,-40453464.87720063,,,,
2026-06-03,68240.0,106.9491958618164,0.43696768146029386,0,,,,,0,0,0.0,-90453464.87720063,0.0,-40453464.87720063,,,,
2026-06-04,67775.0,105.45826721191406,-0.036487877727724584,0,,,,,0,0,0.0,-90453464.87720063,0.0,-40453464.87720063,,,,
2026-06-05,64025.0,103.5200653076172,2.531017266836438,0,,,,,0,0,0.0,-90453464.87720063,0.0,-40453464.87720063,[網格1] 資金不足 ,,,
2026-06-06,64025.0,103.5200653076172,2.0877652403491944,0,,,,,0,0,0.0,-90453464.87720063,0.0,-40453464.87720063,[網格1] 資金不足 ,,,
2026-06-07,64025.0,103.5200653076172,1.7897950029299594,0,,,,,0,0,0.0,-90453464.87720063,0.0,-40453464.87720063,,,,
2026-06-08,65570.0,100.33941650390624,-0.8564330143672212,0,,,,,0,0,0.0,-90453464.87720063,0.0,-40453464.87720063,,,,
2026-06-09,64525.0,102.87399291992188,1.003829254373565,0,,,,,0,0,0.0,-90453464.87720063,0.0,-40453464.87720063,,,,
2026-06-10,63340.0,99.64364624023438,0.43731712560420904,0,,,,,0,0,0.0,-90453464.87720063,0.0,-40453464.87720063,,,,
2026-06-11,66275.0,99.2460708618164,-1.9070850119480036,0,,,,,0,0,0.0,-90453464.87720063,0.0,-40453464.87720063,,,,
2026-06-12,67055.0,101.33336639404295,-1.4948913986295804,0,,,,,0,0,0.0,-90453464.87720063,0.0,-40453464.87720063,,,,
2026-06-13,67055.0,101.33336639404295,-1.3933673895566348,0,,,,,0,0,0.0,-90453464.87720063,0.0,-40453464.87720063,,,,
2026-06-14,67055.0,101.33336639404295,-1.2488432456126977,0,,,,,0,0,0.0,-90453464.87720063,0.0,-40453464.87720063,,,,
2026-06-15,69565.0,104.61341094970705,-1.5780583315070082,0,,,,,0,0,0.0,-90453464.87720063,0.0,-40453464.87720063,,,,
2026-06-16,69095.0,105.2594757080078,-0.9637258240398595,0,,,,,0,0,0.0,-90453464.87720063,0.0,-40453464.87720063,,,,
2026-06-17,69705.0,105.35887145996094,-1.2417995899852523,0,,,,,0,0,0.0,-90453464.87720063,0.0,-40453464.87720063,,,,
2026-06-18,71855.0,106.65100860595705,-1.7941447803059465,0,,,,,0,0,0.0,-90453464.87720063,0.0,-40453464.87720063,,,,
2026-06-19,71855.0,106.65100860595705,-1.5725485054277721,0,,,,,0,0,0.0,-90453464.87720063,0.0,-40453464.87720063,,,,
2026-06-20,71855.0,106.65100860595705,-1.3978092916842595,0,,,,,0,0,0.0,-90453464.87720063,0.0,-40453464.87720063,,,,
2026-06-21,71855.0,106.65100860595705,-1.2557861632731895,0,,,,,0,0,0.0,-90453464.87720063,0.0,-40453464.87720063,,,,
2026-06-22,72780.0,110.47772216796876,-0.6147220486760709,0,,,,,0,0,0.0,-90453464.87720063,0.0,-40453464.87720063,,,,
2026-06-23,68960.0,109.43407440185548,0.8880227791172887,0,,,,,0,0,0.0,-90453464.87720063,0.0,-40453464.87720063,,,,
2026-06-24,69330.0,106.50191497802734,-0.03319151642230332,0,,,,,0,0,0.0,-90453464.87720063,0.0,-40453464.87720063,,,,
2026-06-25,71140.0,106.5516128540039,-0.7934893278221947,0,,,,,0,0,0.0,-90453464.87720063,0.0,-40453464.87720063,,,,
2026-06-26,69605.0,102.47640991210938,-1.1025877697309308,0,,,,,0,0,0.0,-90453464.87720063,0.0,-40453464.87720063,,,,
2026-06-27,69605.0,102.47640991210938,-1.0663420002548598,0,,,,,0,0,0.0,-90453464.87720063,0.0,-40453464.87720063,,,,
2026-06-28,69605.0,102.47640991210938,-0.9657601914649171,0,,,,,0,0,0.0,-90453464.87720063,0.0,-40453464.87720063,,,,
2026-06-29,70685.0,103.81824493408205,-1.1324999764040198,0,,,,,0,0,0.0,-90453464.87720063,0.0,-40453464.87720063,,,,
2026-06-30,70975.0,107.14798736572266,0.1076253536598656,0,,,,,0,0,0.0,-90453464.87720063,0.0,-40453464.87720063,,,,
2026-07-01,69645.0,108.68860626220705,1.710781016479464,0,,,,,0,0,0.0,-90453464.87720063,0.0,-40453464.87720063,,,,
2026-07-02,68170.0,108.14193725585938,2.1687992295379743,0,,,,,0,0,0.0,-90453464.87720063,0.0,-40453464.87720063,[網格1] 資金不足 ,,,
2026-07-03,68170.0,107.69465637207033,1.75457756953254,0,,,,,0,0,0.0,-90453464.87720063,0.0,-40453464.87720063,,,,
2026-07-04,68170.0,107.69465637207033,1.5645148263338018,0,,,,,0,0,0.0,-90453464.87720063,0.0,-40453464.87720063,,,,
2026-07-05,68170.0,107.69465637207033,1.3956748840840858,0,,,,,0,0,0.0,-90453464.87720063,0.0,-40453464.87720063,,,,
2026-07-06,70085.0,107.5952606201172,0.3305835106198261,0,,,,,0,0,0.0,-90453464.87720063,0.0,-40453464.87720063,,,,
2026-07-07,67530.0,105.55765533447266,0.9945595362080245,0,,,,,0,0,0.0,-90453464.87720063,0.0,-40453464.87720063,,,,
2026-07-08,67470.0,105.4085693359375,0.888488746667211,0,,,,,0,0,0.0,-90453464.87720063,0.0,-40453464.87720063,,,,
2026-07-09,68738.0,105.16008758544922,0.0984716989329583,0,,,,,0,0,0.0,-90453464.87720063,0.0,-40453464.87720063,,,,
2026-07-10,69030.0,105.16008758544922,-0.11578174423355155,0,,,,,0,0,0.0,-90453464.87720063,0.0,-40453464.87720063,,,,
2026-07-11,69030.0,105.16008758544922,-0.17846407692779526,0,,,,,0,0,0.0,-90453464.87720063,0.0,-40453464.87720063,,,,
2026-07-12,69030.0,105.16008758544922,-0.2024418680075043,0,,,,,0,0,0.0,-90453464.87720063,0.0,-40453464.87720063,,,,
2026-07-13,67350.0,105.35887145996094,0.8882405021713161,0,,,,,0,0,0.0,-90453464.87720063,0.0,-40453464.87720063,,,,
2026-07-14,68145.0,103.76854705810548,-0.11467547336984392,0,,,,,0,0,0.0,-90453464.87720063,0.0,-40453464.87720063,,,,
2026-07-15,67790.0,105.65705871582033,0.6595954222917827,0,,,,,0,0,0.0,-90453464.87720063,0.0,-40453464.87720063,,,,
2026-07-16,65890.0,105.75645446777344,1.659334393004438,0,,,,,0,0,0.0,-90453464.87720063,0.0,-40453464.87720063,,,,
2026-07-17,64975.0,99.54425811767578,0.021905303361883247,0,,,,,0,0,0.0,-90453464.87720063,0.0,-40453464.87720063,,,,
2026-07-18,64975.0,99.54425811767578,-0.08483561039184792,0,,,,,0,0,0.0,-90453464.87720063,0.0,-40453464.87720063,,,,
2026-07-19,64975.0,99.54425811767578,-0.25520071634582586,0,,,,,0,0,0.0,-90453464.87720063,0.0,-40453464.87720063,,,,
2026-07-20,64470.0,98.5999984741211,-0.39236832647211695,0,,,,,0,0,0.0,-90453464.87720063,0.0,-40453464.87720063,,,,
2026-07-21,67185.0,102.5,-0.8463908128616641,0,,,,,0,0,0.0,-90453464.87720063,0.0,-40453464.87720063,,,,
2026-07-22,66420.0,103.8499984741211,0.7069970029257118,0,,,,,0,0,0.0,-90453464.87720063,0.0,-40453464.87720063,,,,
2026-07-23,65410.0,103.9000015258789,1.6535094728582564,0,,,,,0,0,0.0,-90453464.87720063,0.0,-40453464.87720063,,,,
2026-07-24,64385.0,101.6999969482422,1.3912214708527249,0,,,,,0,0,0.0,-90453464.87720063,0.0,-40453464.87720063,,,,
2026-07-25,64385.0,101.6999969482422,1.3393266023606274,0,,,,,0,0,0.0,-90453464.87720063,0.0,-40453464.87720063,,,,
2026-07-26,64385.0,101.6999969482422,1.2039476808285605,0,,,,,0,0,0.0,-90453464.87720063,0.0,-40453464.87720063,,,,
2026-07-27,63905.0,101.4499969482422,1.3773348794155629,0,,,,,0,0,0.0,-90453464.87720063,0.0,-40453464.87720063,,,,
2026-07-28,62465.0,97.1500015258789,0.5178621404416749,0,,,,,0,0,0.0,-90453464.87720063,0.0,-40453464.87720063,,,,
2026-07-29,61160.0,93.6999969482422,-0.0753205525673308,0,,,,,0,0,0.0,-90453464.87720063,0.0,-40453464.87720063,,,,
2026-07-30,63605.0,93.5,-2.083813811973056,0,,,,,0,0,0.0,-90453464.87720063,0.0,-40453464.87720063,[網格1] 資金不足 ,,,
2026-07-31,63190.0,102.8499984741211,2.087746945478735,0,,,,,0,0,0.0,-90453464.87720063,0.0,-40453464.87720063,[網格1] 漲跌停跳過開倉 ,,,
2026-08-01,63190.0,102.8499984741211,1.8150815563637441,0,,,,,0,0,0.0,-90453464.87720063,0.0,-40453464.87720063,,,,
2026-08-02,63190.0,102.8499984741211,1.594815609480451,0,,,,,0,0,0.0,-90453464.87720063,0.0,-40453464.87720063,,,,
2026-08-03,63420.0,102.0,1.0374638311325863,0,,,,,0,0,0.0,-90453464.87720063,0.0,-40453464.87720063,,,,
2026-08-04,65405.0,100.6500015258789,-0.7204035726958148,0,,,,,0,0,0.0,-90453464.87720063,0.0,-40453464.87720063,,,,
2026-08-05,65710.0,103.8000030517578,0.2555533903063893,0,,,,,0,0,0.0,-90453464.87720063,0.0,-40453464.87720063,,,,
2026-08-06,65555.0,103.3000030517578,0.12539571739796995,0,,,,,0,0,0.0,-90453464.87720063,0.0,-40453464.87720063,,,,
2026-08-07,66220.0,102.8499984741211,-0.5140678421893502,0,,,,,0,0,0.0,-90453464.87720063,0.0,-40453464.87720063,,,,
2026-08-08,66220.0,102.8499984741211,-0.5436003157304133,0,,,,,0,0,0.0,-90453464.87720063,0.0,-40453464.87720063,,,,
2026-08-09,66220.0,102.8499984741211,-0.5760287225784834,0,,,,,0,0,0.0,-90453464.87720063,0.0,-40453464.87720063,,,,
2026-08-10,66600.0,104.25,-0.36459674475726495,0,,,,,0,0,0.0,-90453464.87720063,0.0,-40453464.87720063,,,,
2026-08-11,67150.0,104.5999984741211,-0.610065240829862,0,,,,,0,0,0.0,-90453464.87720063,0.0,-40453464.87720063,,,,
2026-08-12,68330.0,105.1999969482422,-1.1120086433621024,0,,,,,0,0,0.0,-90453464.87720063,0.0,-40453464.87720063,,,,
2026-08-13,69061.0,106.6999969482422,-0.9438415433719282,0,,,,,0,0,0.0,-90453464.87720063,0.0,-40453464.87720063,,,,
2026-08-14,68715.0,106.4000015258789,-0.7526957215680098,0,,,,,0,0,0.0,-90453464.87720063,0.0,-40453464.87720063,,,,
2026-08-15,68715.0,106.4000015258789,-0.6887949515275262,0,,,,,0,0,0.0,-90453464.87720063,0.0,-40453464.87720063,,,,
2026-08-16,68715.0,106.4000015258789,-0.6214809948571887,0,,,,,0,0,0.0,-90453464.87720063,0.0,-40453464.87720063,,,,
2026-08-17,69085.0,106.4499969482422,-0.7931221197848835,0,,,,,0,0,0.0,-90453464.87720063,0.0,-40453464.87720063,,,,
2026-08-18,66285.0,104.9000015258789,0.45714647317360163,0,,,,,0,0,0.0,-90453464.87720063,0.0,-40453464.87720063,,,,
2026-08-19,65960.0,103.0999984741211,-0.11741372114095125,0,,,,,0,0,0.0,-90453464.87720063,0.0,-40453464.87720063,,,,
2026-08-20,65585.0,103.8000030517578,0.5932127695816845,0,,,,,0,0,0.0,-90453464.87720063,0.0,-40453464.87720063,,,,
2026-08-21,65915.0,104.6500015258789,0.8951129997522118,0,,,,,0,0,0.0,-90453464.87720063,0.0,-40453464.87720063,,,,
2026-08-22,65915.0,104.6500015258789,1.1674000364843151,0,,,,,0,0,0.0,-90453464.87720063,0.0,-40453464.87720063,,,,
2026-08-23,65915.0,104.6500015258789,1.3798690577649724,0,,,,,0,0,0.0,-90453464.87720063,0.0,-40453464.87720063,,,,
2026-08-24,65365.0,103.8000030517578,1.315855933215732,0,,,,,0,0,0.0,-90453464.87720063,0.0,-40453464.87720063,,,,
2026-08-25,66060.0,104.4000015258789,0.8726345706778678,0,,,,,0,0,0.0,-90453464.87720063,0.0,-40453464.87720063,,,,
2026-08-26,65970.0,105.9000015258789,1.8089749545734959,0,,,,,0,0,0.0,-90453464.87720063,0.0,-40453464.87720063,,,,
2026-08-27,66230.0,106.0500030517578,1.4261234778753697,0,,,,,0,0,0.0,-90453464.87720063,0.0,-40453464.87720063,,,,
2026-08-28,65780.0,106.9499969482422,2.042650396472669,0,,,,,0,0,0.0,-90453464.87720063,0.0,-40453464.87720063,[網格1] 資金不足 ,,,
2026-08-29,65780.0,106.9499969482422,1.7569016204517809,0,,,,,0,0,0.0,-90453464.87720063,0.0,-40453464.87720063,,,,
2026-08-30,65780.0,106.9499969482422,1.5447362612855418,0,,,,,0,0,0.0,-90453464.87720063,0.0,-40453464.87720063,,,,
2026-08-31,65890.0,106.25,1.023433137240366,0,,,,,0,0,0.0,-90453464.87720063,0.0,-40453464.87720063,,,,
2026-09-01,64870.0,108.4499969482422,2.333026960270009,0,,,,,0,0,0.0,-90453464.87720063,0.0,-40453464.87720063,[網格1] 資金不足 ,,,
2026-09-02,64735.0,106.8000030517578,1.578090487322231,0,,,,,0,0,0.0,-90453464.87720063,0.0,-40453464.87720063,,,,
2026-09-03,64560.0,106.1999969482422,1.3272192212434417,0,,,,,0,0,0.0,-90453464.87720063,0.0,-40453464.87720063,,,,
2026-09-04,65830.0,107.9000015258789,1.0138476700964794,0,,,,,0,0,0.0,-90453464.87720063,0.0,-40453464.87720063,,,,
2026-09-05,65830.0,107.9000015258789,0.9355173207806373,0,,,,,0,0,0.0,-90453464.87720063,0.0,-40453464.87720063,,,,
2026-09-06,65830.0,107.9000015258789,0.8938471711501599,0,,,,,0,0,0.0,-90453464.87720063,0.0,-40453464.87720063,,,,
2026-09-07,65830.0,109.9000015258789,1.666608860574011,0,,,,,0,0,0.0,-90453464.87720063,0.0,-40453464.87720063,,,,
2026-09-08,65145.0,109.6500015258789,1.8940538899423218,0,,,,,0,0,0.0,-90453464.87720063,0.0,-40453464.87720063,,,,
2026-09-09,64175.0,109.6500015258789,2.2263808374385476,0,,,,,0,0,0.0,-90453464.87720063,0.0,-40453464.87720063,[網格1] 資金不足 ,,,
2026-09-10,64015.0,109.1500015258789,1.8448332977034854,0,,,,,0,0,0.0,-90453464.87720063,0.0,-40453464.87720063,,,,
2026-09-11,64710.0,107.6999969482422,0.7195599725170643,0,,,,,0,0,0.0,-90453464.87720063,0.0,-40453464.87720063,,,,
2026-09-12,64710.0,107.6999969482422,0.6423009076352368,0,,,,,0,0,0.0,-90453464.87720063,0.0,-40453464.87720063,,,,
2026-09-13,63400.0,107.6999969482422,1.4615188288709429,0,,,,,0,0,0.0,-90453464.87720063,0.0,-40453464.87720063,,,,
2026-09-14,63400.0,106.0500030517578,0.7038108250143852,0,,,,,0,0,0.0,-90453464.87720063,0.0,-40453464.87720063,,,,
