日期,AUDUSD=X價,NZDUSD=X價,Z-Score,持倉,Upper_Bound,Lower_Bound,Exit_Upper,Exit_Lower,AUDUSD=X口數,NZDUSD=X口數,未實現損益,累計已實現損益,凍結保證金,帳戶淨值,動作,Beta,OU_HalfLife,OU_R2
2020-01-28,0.6761700510978699,0.6545788049697876,1.484375758903084,0,,,,,0,0,0.0,0.0,0.0,50000000.0,,,,
2020-01-29,0.6764206886291504,0.6540094017982483,1.157319325680925,0,,,,,0,0,0.0,0.0,0.0,50000000.0,,,,
2020-01-30,0.6752194762229919,0.6527202129364014,0.9892863053124104,0,,,,,0,0,0.0,0.0,0.0,50000000.0,,,,
2020-01-31,0.6708257794380188,0.6485421061515808,0.9010469070074477,0,,,,,0,0,0.0,0.0,0.0,50000000.0,,,,
2020-02-03,0.66936194896698,0.6459489464759827,0.28944140746419855,0,,,,,0,0,0.0,0.0,0.0,50000000.0,,,,
2020-02-04,0.6690497994422913,0.6461117267608643,0.45067968026153393,0,,,,,0,0,0.0,0.0,0.0,50000000.0,,,,
2020-02-05,0.6731785535812378,0.6493801474571228,0.1651879827689688,0,,,,,0,0,0.0,0.0,0.0,50000000.0,,,,
2020-02-06,0.6751797795295715,0.6481889486312866,-1.2445337277033792,0,,,,,0,0,0.0,0.0,0.0,50000000.0,,,,
2020-02-07,0.6733997464179993,0.6463000178337097,-1.211345602091895,0,,,,,0,0,0.0,0.0,0.0,50000000.0,,,,
2020-02-10,0.6672316193580627,0.6399590373039246,-1.3216899616883881,0,,,,,0,0,0.0,0.0,0.0,50000000.0,,,,
2020-02-11,0.6690099835395813,0.6388592720031738,-2.1947727529418235,1,,,,,141593,141593,0.0,-8502987.405260002,49999985.50501764,41497012.594739996,[網格1] 開倉: 做空AUDUSD=X(澳幣) 141593口 / 做多NZDUSD=X(紐幣) 141593口 ,,,
2020-02-12,0.6720998883247375,0.6406519412994385,-2.2788778368875686,1,,,,,141593,141593,-367358.9291572571,-8502987.405260002,50186646.84923351,41129653.66558274,,,,
2020-02-13,0.6713197827339172,0.6447120904922485,-0.6191239282597683,1,,,,,141593,141593,1003333.4619998932,-8502987.405260002,50312043.27694237,42500346.05673989,,,,
2020-02-14,0.6721997857093811,0.6443091630935669,-0.9957333971418783,1,,,,,141593,141593,640025.5410671234,-8502987.405260002,50330281.92872107,42137038.13580712,,,,
2020-02-17,0.6725989580154419,0.6446580290794373,-0.9404483142278365,1,,,,,141593,141593,625779.4954776764,-8502987.405260002,50358879.51490581,42122792.09021767,,,,
2020-02-18,0.6711999773979187,0.6438984274864197,-0.7125879619065646,1,,,,,141593,141593,806842.6839113235,-8502987.405260002,50276356.67955279,42303855.27865132,,,,
2020-02-19,0.6696000099182129,0.6394516229629517,-1.503415395391338,1,,,,,0,0,0.0,-17005323.218337707,0.0,32994676.781662293,"[網格1] 結算平倉, 損益=-8,502,336 ",,,
2020-02-20,0.6684000492095947,0.6389816999435425,-1.1631261689712333,0,,,,,93471,93471,658.288836479187,-22618471.309516713,32994615.45827508,27382186.979319766,[網格1] 轉倉開倉 ,,,
2020-02-21,0.6613800525665283,0.6332480907440186,-0.7835925694801474,1,,,,,93471,93471,240479.84147071838,-22618471.309516713,32672750.539512634,27622008.531954005,,,,
2020-02-24,0.6606900691986084,0.6323310732841492,-0.7801963071373179,1,,,,,93471,93471,198037.6342535019,-22618471.309516713,32632194.386431575,27579566.32473679,,,,
2020-02-25,0.6612007021903992,0.6344292163848877,-0.18460131098559981,1,,,,,93471,93471,494809.9490404129,-22618471.309516713,32698032.512170672,27876338.6395237,,,,
2020-02-26,0.6605198383331299,0.6321592330932617,-0.6681342428481825,1,,,,,93471,93471,197736.78374290466,-22618471.309516713,32623561.481029987,27579265.47422619,,,,
2020-02-27,0.6546516418457031,0.6286817193031311,0.20842376008125277,1,,,,,0,0,0.0,-27586873.69907987,0.0,22413126.30092013,"[網格1] 停利平倉: 做多配對, 損益=-4,968,402 ",,,
2020-02-28,0.6580203175544739,0.6311696767807007,0.023892955190942727,0,,,,,0,0,0.0,-27586873.69907987,0.0,22413126.30092013,,,,
2020-03-02,0.6516313552856445,0.6229403614997864,-0.8754901554895858,0,,,,,0,0,0.0,-27586873.69907987,0.0,22413126.30092013,,,,
2020-03-03,0.6547498106956482,0.6265585422515869,-0.49250722478502845,0,,,,,0,0,0.0,-27586873.69907987,0.0,22413126.30092013,,,,
2020-03-04,0.6582195162773132,0.6269199252128601,-2.154692969152756,1,,,,,64593,64593,644655.7885408401,-31465774.139557637,22412973.224927187,19178881.648983203,[網格1] 開倉: 做空AUDUSD=X(澳幣) 64593口 / 做多NZDUSD=X(紐幣) 64593口 ,,,
2020-03-05,0.6626901030540466,0.6300284266471863,-2.3301390072260935,1,,,,,64593,64593,-175962.35704421997,-31465774.139557637,22545153.35702777,18358263.503398143,,,,
2020-03-06,0.6615506410598755,0.6313091516494751,-0.9254828194016838,1,,,,,64593,64593,136691.92028045654,-31465774.139557637,22547616.999428272,18670917.78072282,,,,
2020-03-09,0.6613581776618958,0.6329394578933716,0.12332719982087156,1,,,,,0,0,0.0,-34972530.00300869,0.0,15027469.996991303,"[網格1] 停利平倉: 做多配對, 損益=-3,506,756 ",,,
2020-03-10,0.6597998738288879,0.6341515779495239,1.4611385818694107,0,,,,,0,0,0.0,-34972530.00300869,0.0,15027469.996991303,,,,
2020-03-11,0.6499098539352417,0.6268099546432495,2.168730914875021,-1,,,,,43593,43593,372168.239235878,-37590336.24487331,15027132.586147785,12781831.994362567,[網格1] 開倉: 做多AUDUSD=X(澳幣) 43593口 / 做空NZDUSD=X(紐幣) 43593口 ,,,
2020-03-12,0.647939920425415,0.6264290809631348,2.380427368931763,-1,,,,,43593,43593,-138543.77031326294,-37590336.24487331,14999463.326933384,12271119.984813426,,,,
2020-03-13,0.6274116039276123,0.6114487648010254,2.946122982429381,-1,,,,,43593,43593,-622251.7275810242,-37590336.24487331,14581522.814576626,11787412.027545664,,,,
2020-03-16,0.6177682876586914,0.6050997972488403,2.7502362244497314,-1,,,,,43593,43593,-909472.8147983551,-37590336.24487331,14393291.874850988,11500190.940328334,,,,
2020-03-17,0.6099420189857483,0.6044706702232361,2.9478708698299827,-1,,,,,43593,43593,-1536962.8064632416,-37590336.24487331,14293770.93738556,10872700.948663447,,,,
2020-03-18,0.5992200374603271,0.5949299931526184,2.4004653133579295,-1,,,,,0,0,0.0,-41847954.524824426,0.0,8152045.475175572,"[網格1] 結算平倉, 損益=-4,257,618 ",,,
2020-03-19,0.5809798836708069,0.5730692148208618,1.5663612407750236,0,,,,,26162,26162,-1639956.0166597366,-43418882.214125015,8151902.77897954,4941161.769215245,[網格1] 轉倉開倉 ,,,
2020-03-20,0.5742902159690857,0.5684757828712463,1.5732105539013714,-1,,,,,26162,26162,-109683.43949317932,-43418882.214125015,8072201.896648407,6471434.346381802,,,,
2020-03-23,0.5753309726715088,0.5626100301742554,0.6738750865131077,-1,,,,,26162,26162,251692.75832176208,-43418882.214125015,8038119.379441738,6832810.5441967435,,,,
2020-03-24,0.5876600742340088,0.574418842792511,0.6173801621454341,-1,,,,,26162,26162,278916.3570404053,-43418882.214125015,8208623.329356909,6860034.142915387,,,,
2020-03-25,0.597550094127655,0.5829713940620422,0.45149224294466084,-1,,,,,26162,26162,348898.065328598,-43418882.214125015,8338896.856985092,6930015.851203579,,,,
2020-03-26,0.5908098220825195,0.5812196135520935,0.9271272903507878,-1,,,,,26162,26162,87880.2342414856,-43418882.214125015,8278911.2056696415,6668998.020116467,,,,
2020-03-27,0.60791015625,0.5979001522064209,0.8801703642672909,-1,,,,,26162,26162,109845.61467170715,-43418882.214125015,8517530.508255959,6690963.400546689,,,,
2020-03-30,0.618058443069458,0.6058292984962463,0.5967004192504536,-1,,,,,26162,26162,225959.92374420166,-43418882.214125015,8645224.795607328,6807077.709619183,,,,
2020-03-31,0.6168993711471558,0.6009796261787415,0.07511662187680265,-1,,,,,26162,26162,419066.8988227844,-43418882.214125015,8602780.588570833,7000184.684697766,,,,
2020-04-01,0.6136998534202576,0.5951389074325562,-0.3768328989518099,-1,,,,,0,0,0.0,-44432602.13875551,0.0,5567397.861244488,"[網格1] 停利平倉: 做空配對, 損益=-1,013,720 ",,,
2020-04-02,0.6091395616531372,0.5936902165412903,-0.0892207250999694,0,,,,,0,0,0.0,-44432602.13875551,0.0,5567397.861244488,,,,
2020-04-03,0.6063215136528015,0.5914394855499268,-0.13750578592425228,0,,,,,0,0,0.0,-44432602.13875551,0.0,5567397.861244488,,,,
2020-04-06,0.5994700789451599,0.5854012370109558,-0.173766495521824,0,,,,,0,0,0.0,-44432602.13875551,0.0,5567397.861244488,,,,
2020-04-07,0.6117599606513977,0.5950610041618347,-0.735758607280534,0,,,,,0,0,0.0,-44432602.13875551,0.0,5567397.861244488,,,,
2020-04-08,0.6152199506759644,0.5962993502616882,-1.2928662487783995,0,,,,,0,0,0.0,-44432602.13875551,0.0,5567397.861244488,,,,
2020-04-09,0.6235308051109314,0.6016702651977539,-1.8254413887368595,0,,,,,0,0,0.0,-44432602.13875551,0.0,5567397.861244488,,,,
2020-04-10,0.6332600712776184,0.6077216863632202,-2.1381849940522817,1,,,,,16615,16615,557265.1009559631,-45430326.895231634,5567106.213864684,5126938.205724323,[網格1] 開倉: 做空AUDUSD=X(澳幣) 16615口 / 做多NZDUSD=X(紐幣) 16615口 ,,,
2020-04-13,0.6335208415985107,0.6075407862663269,-1.8849573193337195,1,,,,,16615,16615,-14676.707983016968,-45430326.895231634,5567464.515683055,4554996.396785343,,,,
2020-04-14,0.6401106119155884,0.6102696061134338,-2.157000124645613,1,,,,,16615,16615,-142976.09210014343,-45430326.895231634,5609268.177089095,4426697.012668217,,,,
2020-04-15,0.6434298753738403,0.6101199388504028,-2.305742070462178,1,,,,,0,0,0.0,-46686308.664406545,0.0,3313691.3355934503,"[網格1] 結算平倉, 損益=-1,255,982 ",,,
2020-04-16,0.6308901309967041,0.5995994806289673,-1.808524374203164,0,,,,,9974,9974,-258248.65996837616,-47285239.580542,3313683.9143157005,2456511.75948962,[網格1] 轉倉開倉 ,,,
2020-04-17,0.6358600854873657,0.5998692512512207,-2.1068863875561936,1,,,,,9974,9974,-93759.26780700684,-47285239.580542,3327794.3892502785,2621001.1516509894,,,,
2020-04-20,0.6340188980102539,0.601550817489624,-1.4500096294824045,1,,,,,9974,9974,-23487.37668991089,-47285239.580542,3327364.5324468613,2691273.0427680854,,,,
2020-04-21,0.6345701217651367,0.6045108437538147,-1.0253360484836795,1,,,,,9974,9974,24563.41576576233,-47285239.580542,3336820.258523226,2739323.8352237586,,,,
2020-04-22,0.6293998956680298,0.5964096188545227,-1.2805495028108682,1,,,,,9974,9974,-33904.14834022522,-47285239.580542,3301080.5064189434,2680856.271117771,,,,
2020-04-23,0.6298998594284058,0.5924205780029297,-1.6344483264480687,1,,,,,9974,9974,-123450.81233978271,-47285239.580542,3291684.4915938377,2591309.6071182135,,,,
2020-04-24,0.6376798748970032,0.6005717515945435,-1.4109042526070843,1,,,,,9974,9974,-116046.95010185242,-47285239.580542,3334586.8651092052,2598713.469356144,,,,
2020-04-27,0.6397543549537659,0.6021702289581299,-1.3319800279160925,1,,,,,9974,9974,-125542.25182533264,-47285239.580542,3344478.065983057,2589218.1676326636,,,,
2020-04-28,0.6449116468429565,0.6024604439735413,-1.6838393366353857,1,,,,,9974,9974,-222630.70130348206,-47285239.580542,3359148.0931270123,2492129.718154514,,,,
2020-04-29,0.6502699255943298,0.607810378074646,-1.4700419099969384,1,,,,,9974,9974,-222797.16038703918,-47285239.580542,3387985.0961744785,2491963.259070957,,,,
2020-04-30,0.6555013060569763,0.6142000555992126,-1.1938221011553078,1,,,,,9974,9974,-199691.4505958557,-47285239.580542,3419280.3729128838,2515068.9688621406,,,,
2020-05-01,0.6495501399040222,0.6120288372039795,-0.7036266391145756,1,,,,,9974,9974,-124289.05272483826,-47285239.580542,3397406.9537723064,2590471.366733158,,,,
2020-05-04,0.6376819014549255,0.6016412973403931,-0.5128648308605371,1,,,,,9974,9974,-94752.07734107971,-47285239.580542,3337472.587891817,2620008.3421169166,,,,
2020-05-05,0.642611563205719,0.605029821395874,-0.6359447410964826,1,,,,,9974,9974,-125494.69208717346,-47285239.580542,3359873.295904398,2589265.727370823,,,,
2020-05-06,0.6436000466346741,0.6053100228309631,-0.685856762713213,1,,,,,9974,9974,-139623.50130081177,-47285239.580542,3363289.8388695717,2575136.9181571845,,,,
2020-05-07,0.6390756368637085,0.6006998419761658,-0.684288857875529,1,,,,,9974,9974,-141334.46288108826,-47285239.580542,3338690.5690062046,2573425.956576908,,,,
2020-05-08,0.6503299474716187,0.6095698475837708,-1.0213989784989086,1,,,,,9974,9974,-188896.5790271759,-47285239.580542,3392884.9500882626,2525863.8404308204,,,,
2020-05-11,0.653710126876831,0.6143185496330261,-0.6044206994162606,1,,,,,9974,9974,-161597.28932380676,-47285239.580542,3414775.865267515,2553163.1301341895,,,,
2020-05-12,0.6484664082527161,0.6077697277069092,-0.9597300411910741,1,,,,,9974,9974,-187631.48999214172,-47285239.580542,3383018.7894165516,2527128.9294658545,,,,
2020-05-13,0.6455298662185669,0.6069986820220947,-0.2889034035323165,1,,,,,9974,9974,-144434.1688156128,-47285239.580542,3373034.329841137,2570326.2506423835,,,,
2020-05-14,0.6454944014549255,0.5999088287353516,-2.1416488383029986,1,,,,,9974,9974,-285155.11107444763,-47285239.580542,3353845.9908378124,2429605.3083835486,,,,
2020-05-15,0.6471235156059265,0.6013012528419495,-1.8603033407159317,1,,,,,9974,9974,-289876.6040802002,-47285239.580542,3361982.932934761,2424883.815377796,,,,
2020-05-18,0.6425785422325134,0.5936691164970398,-2.2807337735505544,1,,,,,9974,9974,-351459.331035614,-47285239.580542,3329190.2200055122,2363301.0884223823,,,,
2020-05-19,0.652600109577179,0.6040598750114441,-1.9316145751992977,1,,,,,9974,9974,-344094.70558166504,-47285239.580542,3384160.20529747,2370665.713876331,,,,
2020-05-20,0.6540094017982483,0.6086501479148865,-1.0394128431442156,1,,,,,0,0,0.0,-48164823.83412564,0.0,1835176.1658743552,"[網格1] 結算平倉, 損益=-879,584 ",,,
2020-05-21,0.65923011302948,0.614809513092041,-0.6596555551199507,0,,,,,5334,5334,-280640.5029296875,-48485135.663220264,1834846.388747692,1234223.8338500385,[網格1] 轉倉開倉 ,,,
2020-05-22,0.6566894054412842,0.6123398542404175,-0.5993206010960704,1,,,,,5334,5334,757.9479217529297,-48485135.663220264,1827630.559208393,1515622.284701479,,,,
2020-05-25,0.6545788049697876,0.6105006337165833,-0.4859358381068828,1,,,,,5334,5334,3653.029203414917,-48485135.663220264,1821942.1060073376,1518517.365983141,,,,
2020-05-26,0.6547399163246155,0.6106609106063843,-0.465664359793068,1,,,,,5334,5334,3644.127130508423,-48485135.663220264,1822404.9629294872,1518508.4639102344,,,,
2020-05-27,0.6646699905395508,0.6198398470878601,-0.5177416230242131,1,,,,,5334,5334,-4369.010210037231,-48485135.663220264,1849925.3779542446,1510495.3265696887,,,,
2020-05-28,0.6620806455612183,0.618739128112793,-0.125997847959128,1,,,,,5334,5334,11511.651992797852,-48485135.663220264,1844611.0216498375,1526375.9887725238,,,,
2020-05-29,0.6633498668670654,0.6199781894683838,-0.05027890131874114,1,,,,,5334,5334,11189.905643463135,-48485135.663220264,1848223.4001731873,1526054.242423189,,,,
2020-06-01,0.6659784913063049,0.6199012994766235,-0.7079373556689008,1,,,,,5334,5334,-17672.52230644226,-48485135.663220264,1851898.357089758,1497191.8144732837,,,,
2020-06-02,0.6786000728607178,0.6281801462173462,-1.662509440976772,1,,,,,5334,5334,-64000.81729888916,-48485135.663220264,1881998.7359118462,1450863.5194808368,,,,
2020-06-03,0.6914199590682983,0.6385492086410522,-1.9362778589168164,1,,,,,5334,5334,-90146.20542526245,-48485135.663220264,1915394.9959516525,1424718.1313544635,,,,
2020-06-04,0.6929046511650085,0.6428387761116028,-1.0206267861278782,1,,,,,5334,5334,-60223.79493713379,-48485135.663220264,1923710.96909523,1454640.5418425922,,,,
2020-06-05,0.6939899921417236,0.6463789939880371,-0.21102547083720807,1,,,,,5334,5334,-34035.168170928955,-48485135.663220264,1930372.6064443588,1480829.168608797,,,,
2020-06-08,0.700239896774292,0.6537613868713379,0.3333348586559518,1,,,,,0,0,0.0,-48827418.336446255,0.0,1172581.663553732,"[網格1] 停利平倉: 做多配對, 損益=-342,283 ",,,
2020-06-09,0.7024494409561157,0.6567497253417969,0.708397105398358,0,,,,,0,0,0.0,-48827418.336446255,0.0,1172581.663553732,,,,
2020-06-10,0.6942998170852661,0.6497303247451782,1.1950057719602698,0,,,,,0,0,0.0,-48827418.336446255,0.0,1172581.663553732,,,,
2020-06-11,0.6968300938606262,0.6510586142539978,0.6991853616989255,0,,,,,0,0,0.0,-48827418.336446255,0.0,1172581.663553732,,,,
2020-06-12,0.6830880641937256,0.6413010954856873,1.7600133762706918,0,,,,,0,0,0.0,-48827418.336446255,0.0,1172581.663553732,,,,
2020-06-15,0.6825007200241089,0.6417208313941956,1.8661354456792056,0,,,,,0,0,0.0,-48827418.336446255,0.0,1172581.663553732,,,,
2020-06-16,0.695820152759552,0.6499203443527222,0.2041251610590879,0,,,,,0,0,0.0,-48827418.336446255,0.0,1172581.663553732,,,,
2020-06-17,0.6895315051078796,0.6460198760032654,0.9018038221405448,0,,,,,0,0,0.0,-48827418.336446255,0.0,1172581.663553732,,,,
2020-06-18,0.6875702142715454,0.6446402072906494,1.0009030366152716,0,,,,,0,0,0.0,-48827418.336446255,0.0,1172581.663553732,,,,
2020-06-19,0.6857205629348755,0.642937958240509,0.9467179099242391,0,,,,,0,0,0.0,-48827418.336446255,0.0,1172581.663553732,,,,
2020-06-22,0.6822911500930786,0.6402007341384888,1.0418053976267427,0,,,,,0,0,0.0,-48827418.336446255,0.0,1172581.663553732,,,,
2020-06-23,0.6931601762771606,0.649599552154541,0.6706211007439158,0,,,,,0,0,0.0,-48827418.336446255,0.0,1172581.663553732,,,,
2020-06-24,0.6940299272537231,0.6500301957130432,0.49926408332694155,0,,,,,0,0,0.0,-48827418.336446255,0.0,1172581.663553732,,,,
2020-06-25,0.685678243637085,0.6404016613960266,-0.03467984160803493,0,,,,,0,0,0.0,-48827418.336446255,0.0,1172581.663553732,,,,
2020-06-26,0.6888190507888794,0.6430785655975342,-0.12021450690142775,0,,,,,0,0,0.0,-48827418.336446255,0.0,1172581.663553732,,,,
2020-06-29,0.6861910820007324,0.6419391632080078,0.28747423113397336,0,,,,,0,0,0.0,-48827418.336446255,0.0,1172581.663553732,,,,
2020-06-30,0.6871907711029053,0.6427395939826965,0.14574869261304152,0,,,,,0,0,0.0,-48827418.336446255,0.0,1172581.663553732,,,,
2020-07-01,0.69020015001297,0.6451113224029541,-0.2487715250310677,0,,,,,0,0,0.0,-48827418.336446255,0.0,1172581.663553732,,,,
2020-07-02,0.6913239359855652,0.6479201316833496,0.5961296927482321,0,,,,,0,0,0.0,-48827418.336446255,0.0,1172581.663553732,,,,
2020-07-03,0.6919199228286743,0.65091872215271,1.9862361054553075,0,,,,,0,0,0.0,-48827418.336446255,0.0,1172581.663553732,,,,
2020-07-06,0.694840133190155,0.6538383364677429,1.8161363233819308,0,,,,,0,0,0.0,-48827418.336446255,0.0,1172581.663553732,,,,
2020-07-07,0.6976999044418335,0.6558882594108582,1.2486873928464421,0,,,,,0,0,0.0,-48827418.336446255,0.0,1172581.663553732,,,,
2020-07-08,0.6942322850227356,0.6549388766288757,2.189714189357698,-1,,,,,3218,3218,-21953.78351211548,-49020672.00175818,1172240.855512619,957374.2147296887,[網格1] 開倉: 做多AUDUSD=X(澳幣) 3218口 / 做空NZDUSD=X(紐幣) 3218口 ,,,
2020-07-09,0.6989096999168396,0.6574016809463501,1.0247481270193588,-1,,,,,3218,3218,14253.233671188354,-49020672.00175818,1178444.706376791,993581.2319129925,,,,
2020-07-10,0.695894181728363,0.6569395661354065,1.982354258864712,-1,,,,,3218,3218,-2180.4704666137695,-49020672.00175818,1175423.1301689148,977147.5277751904,,,,
2020-07-13,0.6950284838676453,0.6574997901916504,2.218034920692839,-1,,,,,3218,3218,-11357.703924179077,-49020672.00175818,1175157.7161991596,967970.2943176251,,,,
2020-07-14,0.6940106749534607,0.6538383364677429,1.0008220629779414,-1,,,,,3218,3218,5656.79407119751,-49020672.00175818,1171092.092063427,984984.7923130017,,,,
2020-07-15,0.6988999247550964,0.654360294342041,-0.7255299130000488,-1,,,,,0,0,0.0,-49180161.50849804,0.0,819838.4915019446,"[網格1] 結算平倉, 損益=-159,490 ",,,
2020-07-16,0.7009181976318359,0.6573001742362976,-0.2996389639900491,0,,,,,0,0,0.0,-49180161.50849804,0.0,819838.4915019446,,,,
2020-07-17,0.6978002190589905,0.6542105078697205,-0.34244955419421774,0,,,,,0,0,0.0,-49180161.50849804,0.0,819838.4915019446,,,,
2020-07-20,0.7004998922348022,0.6562497615814209,-0.5340452581172813,0,,,,,0,0,0.0,-49180161.50849804,0.0,819838.4915019446,,,,
2020-07-21,0.7025925517082214,0.6581414937973022,-0.5650260504444667,0,,,,,0,0,0.0,-49180161.50849804,0.0,819838.4915019446,,,,
2020-07-22,0.7135599255561829,0.6646903157234192,-1.8907190576571091,0,,,,,0,0,0.0,-49180161.50849804,0.0,819838.4915019446,,,,
2020-07-23,0.7140816450119019,0.6657390594482422,-1.5819586003259496,0,,,,,0,0,0.0,-49180161.50849804,0.0,819838.4915019446,,,,
2020-07-24,0.7100104689598083,0.663561224937439,-0.9853354961018684,0,,,,,0,0,0.0,-49180161.50849804,0.0,819838.4915019446,,,,
2020-07-27,0.7098188996315002,0.6644695401191711,-0.5949507879264244,0,,,,,0,0,0.0,-49180161.50849804,0.0,819838.4915019446,,,,
2020-07-28,0.7159000635147095,0.6688382029533386,-1.0619394195303111,0,,,,,0,0,0.0,-49180161.50849804,0.0,819838.4915019446,,,,
2020-07-29,0.71602463722229,0.6660600900650024,-1.8450976228807943,0,,,,,0,0,0.0,-49180161.50849804,0.0,819838.4915019446,,,,
2020-07-30,0.7171697616577148,0.6656593084335327,-1.9636897319407507,0,,,,,0,0,0.0,-49180161.50849804,0.0,819838.4915019446,,,,
2020-07-31,0.7203676700592041,0.6696891784667969,-1.4865003441684066,0,,,,,0,0,0.0,-49180161.50849804,0.0,819838.4915019446,,,,
2020-08-03,0.7146890163421631,0.6637109518051147,-1.451758834276739,0,,,,,0,0,0.0,-49180161.50849804,0.0,819838.4915019446,,,,
2020-08-04,0.7117944359779358,0.6615402102470398,-1.1686698983243244,0,,,,,0,0,0.0,-49180161.50849804,0.0,819838.4915019446,,,,
2020-08-05,0.7177102565765381,0.664548933506012,-1.634838830485698,0,,,,,0,0,0.0,-49180161.50849804,0.0,819838.4915019446,,,,
2020-08-06,0.7199097275733948,0.664818525314331,-1.8020952226954061,0,,,,,0,0,0.0,-49180161.50849804,0.0,819838.4915019446,,,,
2020-08-07,0.7230997681617737,0.6684491634368896,-1.5218024047116447,0,,,,,0,0,0.0,-49180161.50849804,0.0,819838.4915019446,,,,
2020-08-10,0.7157120108604431,0.6601095795631409,-1.728764108039091,0,,,,,0,0,0.0,-49180161.50849804,0.0,819838.4915019446,,,,
2020-08-11,0.7158001661300659,0.6593479514122009,-1.7695354935748064,0,,,,,0,0,0.0,-49180161.50849804,0.0,819838.4915019446,,,,
2020-08-12,0.7145199775695801,0.6569395661354065,-1.7893608927981537,0,,,,,0,0,0.0,-49180161.50849804,0.0,819838.4915019446,,,,
2020-08-13,0.7164863348007202,0.6576480865478516,-1.8073936617302488,0,,,,,0,0,0.0,-49180161.50849804,0.0,819838.4915019446,,,,
2020-08-14,0.7148800492286682,0.6547288298606873,-1.8548994625767006,0,,,,,0,0,0.0,-49180161.50849804,0.0,819838.4915019446,,,,
2020-08-17,0.7192589044570923,0.6543817520141602,-2.3220922487313014,1,,,,,2210,2210,33764.6849155426,-49312882.93833207,819651.3797163963,720881.7465834551,[網格1] 開倉: 做空AUDUSD=X(澳幣) 2210口 / 做多NZDUSD=X(紐幣) 2210口 ,,,
2020-08-18,0.7218131422996521,0.6554712057113647,-2.1708636087635838,1,,,,,2210,2210,-6474.345922470093,-49312882.93833207,821825.5704581738,680642.7157454424,,,,
2020-08-19,0.7257947325706482,0.6610389947891235,-1.6268570526527366,1,,,,,0,0,0.0,-49445068.88163015,0.0,554931.118369835,"[網格1] 結算平倉, 損益=-132,186 ",,,
2020-08-20,0.7188039422035217,0.6561594009399414,-1.2009460683296864,0,,,,,1494,1494,536.6528034210205,-49534791.04943954,554632.7133572102,465745.6033638697,[網格1] 轉倉開倉 ,,,
2020-08-21,0.7206116914749146,0.6542105078697205,-1.5989362949039938,1,,,,,1494,1494,-11224.847316741943,-49534791.04943954,554575.7787716389,453984.10324370675,,,,
2020-08-24,0.7161374688148499,0.6538811326026917,-0.8976655028039092,1,,,,,1494,1494,1159.956693649292,-49534791.04943954,552638.1034398079,466368.907254098,,,,
2020-08-25,0.7168900370597839,0.6529998183250427,-1.0745722668036486,1,,,,,1494,1494,-3722.0842838287354,-49534791.04943954,552586.1698651314,461486.86627661996,,,,
2020-08-26,0.7199320793151855,0.6552993655204773,-1.0752472710511987,1,,,,,1494,1494,-5940.659523010254,-49534791.04943954,554740.8602178097,459268.29103743844,,,,
2020-08-27,0.7245011925697327,0.6633411049842834,-0.34691999759438114,1,,,,,1494,1494,4435.547590255737,-49534791.04943954,559827.825987339,469644.4981507044,,,,
2020-08-28,0.7269898653030396,0.6645312905311584,-0.4925665745500496,1,,,,,1494,1494,555.6678771972656,-49534791.04943954,561311.8038403988,465764.61843764596,,,,
2020-08-31,0.7373000383377075,0.6745316982269287,-0.3817508044278,1,,,,,1494,1494,-369.91095542907715,-49534791.04943954,569504.685895443,464839.0396050196,,,,
2020-09-01,0.738099992275238,0.6732601523399353,-0.7632846694722337,1,,,,,1494,1494,-6559.552431106567,-49534791.04943954,569314.4551348686,458649.3981293421,,,,
2020-09-02,0.7378494143486023,0.6768602132797241,0.2850821761108778,1,,,,,0,0,0.0,-49619569.43598512,0.0,380430.5640148716,"[網格1] 停利平倉: 做多配對, 損益=-84,778 ",,,
2020-09-03,0.7331109642982483,0.6767502427101135,1.5087888706809371,0,,,,,0,0,0.0,-49619569.43598512,0.0,380430.5640148716,,,,
2020-09-04,0.725584089756012,0.6689102053642273,1.4173255429880527,0,,,,,0,0,0.0,-49619569.43598512,0.0,380430.5640148716,,,,
2020-09-07,0.7282207608222961,0.6712896227836609,1.4133582070005508,0,,,,,0,0,0.0,-49619569.43598512,0.0,380430.5640148716,,,,
2020-09-08,0.7280998229980469,0.6691021919250488,0.8658975975694058,0,,,,,0,0,0.0,-49619569.43598512,0.0,380430.5640148716,,,,
2020-09-09,0.7209399938583374,0.6612619757652283,0.6013457790347146,0,,,,,0,0,0.0,-49619569.43598512,0.0,380430.5640148716,,,,
2020-09-10,0.727660059928894,0.6682080030441284,0.7706522579544796,0,,,,,0,0,0.0,-49619569.43598512,0.0,380430.5640148716,,,,
2020-09-11,0.7262997627258301,0.6646991968154907,0.09765245355286947,0,,,,,0,0,0.0,-49619569.43598512,0.0,380430.5640148716,,,,
2020-09-14,0.728151798248291,0.6685296297073364,0.6649947359626354,0,,,,,0,0,0.0,-49619569.43598512,0.0,380430.5640148716,,,,
2020-09-15,0.7286000847816467,0.6699718832969666,0.9034398170131291,0,,,,,0,0,0.0,-49619569.43598512,0.0,380430.5640148716,,,,
2020-09-16,0.7296819686889648,0.6710913777351379,0.8438472553344126,0,,,,,0,0,0.0,-49619569.43598512,0.0,380430.5640148716,,,,
2020-09-17,0.7295500040054321,0.6721695065498352,1.1299826202355026,0,,,,,0,0,0.0,-49619569.43598512,0.0,380430.5640148716,,,,
2020-09-18,0.7313095927238464,0.6762696504592896,1.7905396031868308,0,,,,,0,0,0.0,-49619569.43598512,0.0,380430.5640148716,,,,
2020-09-21,0.729341447353363,0.6758995056152344,1.9523686996036294,0,,,,,0,0,0.0,-49619569.43598512,0.0,380430.5640148716,,,,
2020-09-22,0.7231180667877197,0.6666000485420227,0.82044342180754,0,,,,,0,0,0.0,-49619569.43598512,0.0,380430.5640148716,,,,
2020-09-23,0.717442512512207,0.6632398962974548,1.3931885478064379,0,,,,,0,0,0.0,-49619569.43598512,0.0,380430.5640148716,,,,
2020-09-24,0.7069001197814941,0.6545187830924988,1.6210634948651115,0,,,,,0,0,0.0,-49619569.43598512,0.0,380430.5640148716,,,,
2020-09-25,0.7057162523269653,0.6549903750419617,1.8647895389009652,0,,,,,0,0,0.0,-49619569.43598512,0.0,380430.5640148716,,,,
2020-09-28,0.7041906118392944,0.6551792025566101,2.030893713176932,-1,,,,,1036,1036,4946.1565017700195,-49681785.768270224,380242.9244828224,323160.38823153306,[網格1] 開倉: 做多AUDUSD=X(澳幣) 1036口 / 做空NZDUSD=X(紐幣) 1036口 ,,,
2020-09-29,0.7095197439193726,0.6568015217781067,0.9825173097607043,-1,,,,,1036,1036,7680.516242980957,-49681785.768270224,382187.3844408989,325894.747972744,,,,
2020-09-30,0.714360237121582,0.6600921154022217,0.48758494619989956,-1,,,,,1036,1036,10891.908168792725,-49681785.768270224,384461.8120479584,329106.13989855576,,,,
2020-10-01,0.716650664806366,0.6622779369354248,0.46505339811701973,-1,,,,,1036,1036,11108.652114868164,-49681785.768270224,385713.9084792137,329322.8838446312,,,,
2020-10-02,0.7182875871658325,0.6651412844657898,0.8261390400528982,-1,,,,,1036,1036,8567.499160766602,-49681785.768270224,386972.7239727974,326781.73089052964,,,,
2020-10-05,0.7177205085754395,0.6639797687530518,0.5772314814323972,-1,,,,,1036,1036,9799.17287826538,-49681785.768270224,386489.20157432556,328013.4046080284,,,,
2020-10-06,0.7193209528923035,0.6653802394866943,0.471435116456021,-1,,,,,1036,1036,10213.518142700195,-49681785.768270224,387328.61753225327,328427.74987246323,,,,
2020-10-07,0.7110099792480469,0.6590003371238708,0.8889974090097156,-1,,,,,1036,1036,6212.338447570801,-49681785.768270224,383219.2856955528,324426.57017733384,,,,
2020-10-08,0.713820219039917,0.6574103236198425,-0.6244151172861053,-1,,,,,0,0,0.0,-49728672.92878724,0.0,271327.0712127476,"[網格1] 停利平倉: 做空配對, 損益=-46,887 ",,,
2020-10-09,0.7177998423576355,0.6589394807815552,-1.6040609330769136,0,,,,,0,0,0.0,-49728672.92878724,0.0,271327.0712127476,,,,
2020-10-12,0.7224597930908203,0.6664400696754456,-0.5276963511420574,0,,,,,0,0,0.0,-49728672.92878724,0.0,271327.0712127476,,,,
2020-10-13,0.721188485622406,0.6649290323257446,-0.7322677498477539,0,,,,,0,0,0.0,-49728672.92878724,0.0,271327.0712127476,,,,
2020-10-14,0.7164401412010193,0.6655396819114685,1.4047629327053208,0,,,,,0,0,0.0,-49728672.92878724,0.0,271327.0712127476,,,,
2020-10-15,0.7141479849815369,0.665619432926178,2.0501506770134883,-1,,,,,728,728,15329.663276672363,-49772393.10761445,271207.08366394043,242936.5556622105,[網格1] 開倉: 做多AUDUSD=X(澳幣) 728口 / 做空NZDUSD=X(紐幣) 728口 ,,,
2020-10-16,0.7088397741317749,0.6598917841911316,1.5597843484437999,-1,,,,,728,728,610.7015609741211,-49772393.10761445,269037.8751039505,228217.59394651226,,,,
2020-10-19,0.7095997929573059,0.6617783308029175,1.7474976854148065,-1,,,,,728,728,-1029.5228958129883,-49772393.10761445,269558.0840063095,226577.36948972516,,,,
2020-10-20,0.7056167125701904,0.6593087911605835,1.8949133014244142,-1,,,,,728,728,-3233.2382202148438,-49772393.10761445,268289.7570133209,224373.6541653233,,,,
2020-10-21,0.7049998641014099,0.6580809354782104,1.4888115192731346,-1,,,,,0,0,0.0,-49818456.41224456,0.0,181543.58775543026,"[網格1] 結算平倉, 損益=-46,063 ",,,
2020-10-22,0.7105603218078613,0.6646196842193604,1.6309334355630705,0,,,,,488,488,-2343.611717224121,-49847763.25575828,181193.71759414673,149893.1325244885,[網格1] 轉倉開倉 ,,,
2020-10-23,0.7126100659370422,0.667159914970398,1.5938305540198185,-1,,,,,488,488,-478.7149429321289,-49847763.25575828,181798.49268436432,151758.0292987805,,,,
2020-10-26,0.7132006287574768,0.6684402823448181,1.6066759342070038,-1,,,,,488,488,-1151.9641876220703,-49847763.25575828,182045.00644683838,151084.78005409054,,,,
2020-10-27,0.7117098569869995,0.6678001284599304,1.5748291123694356,-1,,,,,488,488,-1982.1672439575195,-49847763.25575828,181764.2356824875,150254.5769977551,,,,
2020-10-28,0.7123100757598877,0.6700795888900757,1.7020543636745935,-1,,,,,488,488,-3621.1071014404297,-49847763.25575828,182143.66221427917,148615.63714027219,,,,
2020-10-29,0.7055200934410095,0.6649687886238098,1.7245993179060404,-1,,,,,488,488,-5259.988784790039,-49847763.25575828,180575.6151008606,146976.75545692258,,,,
2020-10-30,0.7037599682807922,0.6629716753959656,1.4680601907710906,-1,,,,,488,488,-5028.688430786133,-49847763.25575828,180080.5613708496,147208.05581092648,,,,
2020-11-02,0.7008199691772461,0.6598482728004456,1.2620907340675394,-1,,,,,488,488,-4849.686622619629,-49847763.25575828,179281.64756298065,147387.057619093,,,,
2020-11-03,0.7053698301315308,0.6632398962974548,0.9848512671121843,-1,,,,,488,488,-3719.2468643188477,-49847763.25575828,180328.01755428314,148517.49737739377,,,,
2020-11-04,0.7196833491325378,0.6729022264480591,0.2080832387234842,-1,,,,,488,488,820.3134536743164,-49847763.25575828,183487.07543849945,153057.05769538693,,,,
2020-11-05,0.7180498242378235,0.6700077652931213,-0.12921383224064892,-1,,,,,0,0,0.0,-49875019.363398775,0.0,124980.63660121732,"[網格1] 停利平倉: 做空配對, 損益=-27,256 ",,,
2020-11-06,0.7262701988220215,0.6764892935752869,-0.5859391660352357,0,,,,,0,0,0.0,-49875019.363398775,0.0,124980.63660121732,,,,
2020-11-09,0.7286717891693115,0.6797495484352112,-0.5071721816473664,0,,,,,0,0,0.0,-49875019.363398775,0.0,124980.63660121732,,,,
2020-11-10,0.7282000184059143,0.6825193166732788,0.2723495497054464,0,,,,,0,0,0.0,-49875019.363398775,0.0,124980.63660121732,,,,
2020-11-11,0.7281697988510132,0.6828222870826721,0.30604469503388815,0,,,,,0,0,0.0,-49875019.363398775,0.0,124980.63660121732,,,,
2020-11-12,0.7284275889396667,0.6902502179145813,2.3721001062556932,-1,,,,,326,326,2050.9872436523438,-49894597.86295737,124872.02055931091,107453.12428626828,[網格1] 開倉: 做多AUDUSD=X(澳幣) 326口 / 做空NZDUSD=X(紐幣) 326口 ,,,
2020-11-13,0.7240185737609863,0.6839009523391724,1.5148943398481085,-1,,,,,326,326,1265.0432586669922,-49894597.86295737,123925.07668733597,106667.18030128293,,,,
2020-11-16,0.729080855846405,0.6871482729911804,0.9236662103808059,-1,,,,,326,326,2448.3981132507324,-49894597.86295737,124656.48792028427,107850.53515586667,,,,
2020-11-17,0.7320997714996338,0.690808117389679,1.0574942594059746,-1,,,,,326,326,2030.5125713348389,-49894597.86295737,125244.35238003731,107432.64961395078,,,,
2020-11-18,0.7296000123023987,0.6893000602722168,1.2009005432157138,-1,,,,,0,0,0.0,-49912792.442599,0.0,87207.55740099245,"[網格1] 結算平倉, 損益=-18,195 ",,,
2020-11-19,0.7301988005638123,0.6922091841697693,1.6750648492347369,0,,,,,227,227,1383.922815322876,-49926425.3580635,87179.38538432121,74958.56475181394,[網格1] 轉倉開倉 ,,,
2020-11-20,0.7269100546836853,0.6906601786613464,1.826267506005029,-1,,,,,227,227,-789.8421287536621,-49926425.3580635,86882.879601717,72784.7998077374,,,,
2020-11-23,0.7317001819610596,0.6946905255317688,1.4849414358305282,-1,,,,,227,227,-444.90182399749756,-49926425.3580635,87423.48646223545,73129.74011249357,,,,
2020-11-24,0.7298204302787781,0.6931111812591553,1.3696790443171731,-1,,,,,227,227,-581.2867879867554,-49926425.3580635,87211.47847115993,72993.35514850431,,,,
2020-11-25,0.7366699576377869,0.6979097723960876,0.8794668655501744,-1,,,,,227,227,349.8382568359375,-49926425.3580635,87925.39165377617,73924.480193327,,,,
2020-11-26,0.736485481262207,0.7004076242446899,1.362855744401531,-1,,,,,227,227,-867.938756942749,-49926425.3580635,88067.17843651772,72706.70317954832,,,,
2020-11-27,0.7357999682426453,0.7003389596939087,1.344474660107373,-1,,,,,227,227,-1147.987961769104,-49926425.3580635,88020.95489323139,72426.65397472196,,,,
2020-11-30,0.7400281429290771,0.7035019993782043,1.0608463596085276,-1,,,,,227,227,-664.4166707992554,-49926425.3580635,88473.96242201328,72910.22526569181,,,,
2020-12-01,0.7356798052787781,0.7018824815750122,1.4023064847039721,-1,,,,,227,227,-1903.3008813858032,-49926425.3580635,88108.1925612688,71671.34105510527,,,,
2020-12-02,0.7380890846252441,0.7069985866546631,1.7141627044050565,-1,,,,,227,227,-3132.199764251709,-49926425.3580635,88569.42337274551,70442.44217223936,,,,
2020-12-03,0.7418001294136047,0.7071500420570374,0.9972468346100601,-1,,,,,227,227,-1516.146183013916,-49926425.3580635,88806.15600943565,72058.49575347715,,,,
2020-12-04,0.7438998222351074,0.7073386311531067,0.5762936631093416,-1,,,,,227,227,-648.5050916671753,-49926425.3580635,88946.40480816364,72926.1368448239,,,,
2020-12-07,0.7431573867797852,0.7041400671005249,-0.11516020845925179,-1,,,,,0,0,0.0,-49939591.92223289,0.0,60408.07776709848,"[網格1] 停利平倉: 做空配對, 損益=-13,167 ",,,
2020-12-08,0.7417599558830261,0.7040518522262573,0.11671851028042614,0,,,,,0,0,0.0,-49939591.92223289,0.0,60408.07776709848,,,,
2020-12-09,0.7410997152328491,0.7040716409683228,0.2168024181266915,0,,,,,0,0,0.0,-49939591.92223289,0.0,60408.07776709848,,,,
2020-12-10,0.7434999346733093,0.7016411423683167,-1.3993900737765965,0,,,,,0,0,0.0,-49939591.92223289,0.0,60408.07776709848,,,,
2020-12-11,0.7524397969245911,0.70940101146698,-1.5772261121288496,0,,,,,0,0,0.0,-49939591.92223289,0.0,60408.07776709848,,,,
2020-12-14,0.7551102638244629,0.7098491191864014,-2.103678432648065,1,,,,,152,152,466.57729148864746,-49948720.82918594,60121.93307876587,51745.74810553843,[網格1] 開倉: 做空AUDUSD=X(澳幣) 152口 / 做多NZDUSD=X(紐幣) 152口 ,,,
2020-12-15,0.7539203763008118,0.7085816264152527,-1.9428384084638022,1,,,,,152,152,-23.591995239257812,-49948720.82918594,60021.082191467285,51255.57881881052,,,,
2020-12-16,0.7555609345436096,0.7086820602416992,-2.0456491941390382,1,,,,,0,0,0.0,-49958341.521601155,0.0,41658.47839883143,"[網格1] 結算平倉, 損益=-9,621 ",,,
2020-12-17,0.7569999694824219,0.7110403180122375,-1.5788357992763393,0,,,,,105,105,-491.7898178100586,-49964647.68737036,41618.942150473595,34860.52281181389,[網格1] 轉倉開倉 ,,,
2020-12-18,0.7615299224853516,0.7147911787033081,-1.51177327921899,1,,,,,105,105,-163.60938549041748,-49964647.68737036,41853.7032186985,35188.70324413353,,,,
2020-12-21,0.7587425708770752,0.7104896903038025,-1.641391907016053,1,,,,,105,105,-481.57811164855957,-49964647.68737036,41652.73460447788,34870.73451797539,,,,
2020-12-22,0.7575200796127319,0.7096678018569946,-1.393918906750724,1,,,,,105,105,-397.4515199661255,-49964647.68737036,41594.77643966675,34954.861109657824,,,,
2020-12-23,0.7551700472831726,0.7054275274276733,-1.5751556210378437,1,,,,,105,105,-794.4023609161377,-49964647.68737036,41407.94124305248,34557.91026870781,,,,
2020-12-24,0.7579599022865295,0.709679901599884,-1.1509545500450495,1,,,,,105,105,-487.27333545684814,-49964647.68737036,41607.588440179825,34865.0392941671,,,,
2020-12-25,0.7606801390647888,0.713749885559082,-0.7952404161237734,1,,,,,105,105,-203.8264274597168,-49964647.68737036,41800.09119808674,35148.48620216423,,,,
2020-12-28,0.7611914277076721,0.7115614414215088,-1.162902686361903,1,,,,,105,105,-770.7703113555908,-49964647.68737036,41752.54383981228,34581.54231826836,,,,
2020-12-29,0.758892297744751,0.7107997536659241,-0.8199086516107413,1,,,,,105,105,-447.9074478149414,-49964647.68737036,41665.76965749264,34904.40518180901,,,,
2020-12-30,0.7609898447990417,0.7148601412773132,-0.342079109344621,1,,,,,105,105,-35.710930824279785,-49964647.68737036,41840.347105264664,35316.60169879967,,,,
2020-12-31,0.7689290642738342,0.7215397357940674,-0.46925617417854865,1,,,,,105,105,-300.2321720123291,-49964647.68737036,42254.79048192501,35052.08045761162,,,,
2021-01-01,0.7702973484992981,0.7181999087333679,-1.5560623296696205,1,,,,,105,105,-1288.9355421066284,-49964647.68737036,42198.89724254608,34063.37708751732,,,,
2021-01-04,0.7712300419807434,0.7198387980461121,-1.247358026815627,1,,,,,105,105,-1140.6344175338745,-49964647.68737036,42271.80161476135,34211.678212090075,,,,
2021-01-05,0.7670999765396118,0.7178286910057068,-0.6497654359833817,1,,,,,105,105,-695.4431533813477,-49964647.68737036,42097.72772490978,34656.8694762426,,,,
2021-01-06,0.7766000628471375,0.7256894111633301,-1.11351387246902,1,,,,,105,105,-1039.7100448608398,-49964647.68737036,42589.906588196754,34312.60258476311,,,,
2021-01-07,0.781700074672699,0.7305775880813599,-1.0516541677144815,1,,,,,105,105,-1084.1953754425049,-49964647.68737036,42873.07173907757,34268.117254181445,,,,
2021-01-08,0.7768999934196472,0.7265488505363464,-0.7343605854532133,1,,,,,105,105,-922.2131967544556,-49964647.68737036,42622.77472615242,34430.099432869494,,,,
2021-01-11,0.7716525793075562,0.7199320793151855,-1.4652353175784383,1,,,,,105,105,-1209.7781896591187,-49964647.68737036,42286.42507195473,34142.53443996483,,,,
2021-01-12,0.7707497477531433,0.7174013257026672,-2.058528555835032,1,,,,,105,105,-1551.641821861267,-49964647.68737036,42189.08293247223,33800.67080776268,,,,
2021-01-13,0.7776049971580505,0.7229298949241638,-2.1317700889130977,1,,,,,105,105,-1830.2446603775024,-49964647.68737036,42540.16419053078,33522.06796924645,,,,
2021-01-14,0.774713397026062,0.7190313339233398,-2.2189460064463216,1,,,,,105,105,-2041.7064428329468,-49964647.68737036,42347.66312241554,33310.606186791,,,,
2021-01-15,0.777580201625824,0.7217714786529541,-1.9088472427320815,1,,,,,105,105,-2068.305015563965,-49964647.68737036,42506.62013590336,33284.007614059985,,,,
2021-01-18,0.7688876986503601,0.7122507095336914,-1.996775436092529,1,,,,,105,105,-2242.2409057617188,-49964647.68737036,41990.27387201786,33110.07172386223,,,,
2021-01-19,0.7686986327171326,0.7115817070007324,-1.8520826708814164,1,,,,,105,105,-2343.0275917053223,-49964647.68737036,41965.94763100147,33009.28503791863,,,,
2021-01-20,0.7711800932884216,0.7128803133964539,-1.8631433882091228,1,,,,,0,0,0.0,-49973545.34739264,0.0,26454.652607341348,"[網格1] 結算平倉, 損益=-8,898 ",,,
2021-01-21,0.7755701541900635,0.7186385989189148,-1.2651254161274852,0,,,,,65,65,-2591.426968574524,-49977449.232335396,26223.36361706257,19959.34069600874,[網格1] 轉倉開倉 ,,,
2021-01-22,0.7761022448539734,0.7216001749038696,-0.5050334253995136,1,,,,,65,65,315.83309173583984,-49977449.232335396,26284.677466750145,22866.600756319105,,,,
2021-01-25,0.7715799808502197,0.7183701395988464,-0.14479675300207107,1,,,,,65,65,483.8228225708008,-49977449.232335396,26148.62461388111,23034.590487154066,,,,
2021-01-26,0.7718997597694397,0.719990074634552,0.3048314846155331,1,,,,,0,0,0.0,-49980700.26813125,0.0,19299.731868727744,"[網格1] 停利平倉: 做多配對, 損益=-3,251 ",,,
2021-01-27,0.7753139734268188,0.7236900925636292,0.574500384367371,0,,,,,0,0,0.0,-49980700.26813125,0.0,19299.731868727744,,,,
2021-01-28,0.765099823474884,0.7142704129219055,0.8221808060239018,0,,,,,0,0,0.0,-49980700.26813125,0.0,19299.731868727744,,,,
2021-01-29,0.7669699192047119,0.717442512512207,1.2502610678329005,0,,,,,0,0,0.0,-49980700.26813125,0.0,19299.731868727744,,,,
2021-02-01,0.761997640132904,0.7163375020027161,2.1569254577310426,-1,,,,,48,48,652.8431177139282,-49983583.10653472,19159.223442077637,17069.73658296877,[網格1] 開倉: 做多AUDUSD=X(澳幣) 48口 / 做空NZDUSD=X(紐幣) 48口 ,,,
2021-02-02,0.7634601593017578,0.7165479063987732,1.6634667896850515,-1,,,,,48,48,120.20301818847656,-49983583.10653472,19180.904531478882,16537.096483443318,,,,
2021-02-03,0.760820746421814,0.7196678519248962,2.588017755504262,-1,,,,,48,48,-432.6953887939453,-49983583.10653472,19187.132234573364,15984.198076460896,,,,
2021-02-04,0.7636000514030457,0.7219695448875427,2.0965386443793506,-1,,,,,48,48,-386.8446350097656,-49983583.10653472,19252.981967926025,16030.048830245076,,,,
2021-02-05,0.7603002190589905,0.7160297632217407,1.3777770137970475,-1,,,,,48,48,-133.4095001220703,-49983583.10653472,19133.236570358276,16283.483965132771,,,,
2021-02-08,0.7679199576377869,0.7211625576019287,0.8819419856550056,-1,,,,,48,48,105.33714294433594,-49983583.10653472,19298.509397506714,16522.230608199177,,,,
2021-02-09,0.7710998058319092,0.7226702570915222,0.532229592946453,-1,,,,,48,48,265.86341857910156,-49983583.10653472,19359.26001548767,16682.756883833943,,,,
2021-02-10,0.7740501165390015,0.7243799567222595,0.2715110158435996,-1,,,,,48,48,384.9620819091797,-49983583.10653472,19419.653749465942,16801.85554716402,,,,
2021-02-11,0.7725348472595215,0.7218199968338013,0.00360298221226376,-1,,,,,48,48,485.25238037109375,-49983583.10653472,19366.838779449463,16902.145845625935,,,,
2021-02-12,0.7753999829292297,0.7231180667877197,-0.32857277541468843,-1,,,,,0,0,0.0,-49985830.29300029,0.0,14169.7069996863,"[網格1] 停利平倉: 做空配對, 損益=-2,247 ",,,
2021-02-15,0.7764095664024353,0.7219487428665161,-0.819801781308952,0,,,,,0,0,0.0,-49985830.29300029,0.0,14169.7069996863,,,,
2021-02-16,0.7786197066307068,0.723358690738678,-1.0264889256755765,0,,,,,0,0,0.0,-49985830.29300029,0.0,14169.7069996863,,,,
2021-02-17,0.773790180683136,0.718989908695221,-1.0792271311325834,0,,,,,0,0,0.0,-49985830.29300029,0.0,14169.7069996863,,,,
2021-02-18,0.7758697867393494,0.719398558139801,-1.466899417729153,0,,,,,0,0,0.0,-49985830.29300029,0.0,14169.7069996863,,,,
2021-02-19,0.7767997980117798,0.721870481967926,-1.0818149034737492,0,,,,,0,0,0.0,-49985830.29300029,0.0,14169.7069996863,,,,
2021-02-22,0.7888488173484802,0.7312721014022827,-1.4601340897042991,0,,,,,0,0,0.0,-49985830.29300029,0.0,14169.7069996863,,,,
2021-02-23,0.7915400266647339,0.7329819798469543,-1.492287946606271,0,,,,,0,0,0.0,-49985830.29300029,0.0,14169.7069996863,,,,
2021-02-24,0.7908827066421509,0.7338700890541077,-1.08731955372971,0,,,,,0,0,0.0,-49985830.29300029,0.0,14169.7069996863,,,,
2021-02-25,0.7977026104927063,0.7445295453071594,-0.2307055612956656,0,,,,,0,0,0.0,-49985830.29300029,0.0,14169.7069996863,,,,
2021-02-26,0.7870000004768372,0.7365506291389465,0.22313871321032608,0,,,,,0,0,0.0,-49985830.29300029,0.0,14169.7069996863,,,,
2021-03-01,0.7752419114112854,0.7271193265914917,0.6146744673565218,0,,,,,0,0,0.0,-49985830.29300029,0.0,14169.7069996863,,,,
2021-03-02,0.7772001028060913,0.7274197936058044,0.31756408077344805,0,,,,,0,0,0.0,-49985830.29300029,0.0,14169.7069996863,,,,
2021-03-03,0.7825197577476501,0.7292988300323486,-0.26610574703486917,0,,,,,0,0,0.0,-49985830.29300029,0.0,14169.7069996863,,,,
2021-03-04,0.7758102416992188,0.7231912612915039,-0.08777341156473188,0,,,,,0,0,0.0,-49985830.29300029,0.0,14169.7069996863,,,,
2021-03-05,0.7715603113174438,0.7178286910057068,-0.3730810810249696,0,,,,,0,0,0.0,-49985830.29300029,0.0,14169.7069996863,,,,
2021-03-08,0.7709101438522339,0.7178596258163452,-0.07626283978340598,0,,,,,0,0,0.0,-49985830.29300029,0.0,14169.7069996863,,,,
2021-03-09,0.7656674981117249,0.7132616639137268,0.14781028778821417,0,,,,,0,0,0.0,-49985830.29300029,0.0,14169.7069996863,,,,
2021-03-10,0.7717835903167725,0.7179575562477112,-0.20810011919512728,0,,,,,0,0,0.0,-49985830.29300029,0.0,14169.7069996863,,,,
2021-03-11,0.773200273513794,0.7192174792289734,-0.18563607950226632,0,,,,,0,0,0.0,-49985830.29300029,0.0,14169.7069996863,,,,
2021-03-12,0.7787615656852722,0.7227522134780884,-0.8209452472852345,0,,,,,0,0,0.0,-49985830.29300029,0.0,14169.7069996863,,,,
2021-03-15,0.7762998938560486,0.7187315821647644,-1.3564600650530447,0,,,,,0,0,0.0,-49985830.29300029,0.0,14169.7069996863,,,,
2021-03-16,0.7750135660171509,0.720352053642273,-0.2825228216680366,0,,,,,0,0,0.0,-49985830.29300029,0.0,14169.7069996863,,,,
2021-03-17,0.77455735206604,0.7193002700805664,-0.507948389277632,0,,,,,0,0,0.0,-49985830.29300029,0.0,14169.7069996863,,,,
2021-03-18,0.7813000679016113,0.7251210808753967,-0.7570333927178621,0,,,,,0,0,0.0,-49985830.29300029,0.0,14169.7069996863,,,,
2021-03-19,0.7753699421882629,0.7168099284172058,-1.587374882961683,0,,,,,0,0,0.0,-49985830.29300029,0.0,14169.7069996863,,,,
2021-03-22,0.7722502946853638,0.7152001261711121,-1.090100508195773,0,,,,,0,0,0.0,-49985830.29300029,0.0,14169.7069996863,,,,
2021-03-23,0.7745501399040222,0.7133176326751709,-2.2202542102171905,1,,,,,35,35,635.6906890869141,-49987932.37601517,14060.350450873375,12703.314673891602,[網格1] 開倉: 做空AUDUSD=X(澳幣) 35口 / 做多NZDUSD=X(紐幣) 35口 ,,,
2021-03-24,0.7604701519012451,0.6990220546722412,-2.1099694665015862,1,,,,,35,35,-15.091300010681152,-49987932.37601517,13792.201352119446,12052.532684794007,,,,
2021-03-25,0.7591003179550171,0.6969515085220337,-1.955095561735513,1,,,,,35,35,-64.1411542892456,-49987932.37601517,13759.68976020813,12003.482830515442,,,,
2021-03-26,0.7594000697135925,0.6967815160751343,-1.8084577666040738,1,,,,,35,35,-97.02324867248535,-49987932.37601517,13760.915985703468,11970.600736132203,,,,
2021-03-29,0.7637377381324768,0.6994082927703857,-1.942710301147075,1,,,,,35,35,-216.78566932678223,-49987932.37601517,13826.729992032051,11850.838315477906,,,,
2021-03-30,0.7641170620918274,0.7009722590446472,-1.513215534142533,1,,,,,35,35,-133.86070728302002,-49987932.37601517,13845.094084739685,11933.763277521668,,,,
2021-03-31,0.7608798146247864,0.6992420554161072,-1.0752265241828047,1,,,,,35,35,-28.36763858795166,-49987932.37601517,13798.151671886444,12039.256346216736,,,,
2021-04-01,0.7594098448753357,0.6983581781387329,-0.8619396642356387,1,,,,,35,35,12.658834457397461,-49987932.37601517,13775.907817482948,12080.282819262085,,,,
2021-04-02,0.7619001269340515,0.7024997472763062,-0.36495086689853573,1,,,,,35,35,128.248929977417,-49987932.37601517,13838.57881128788,12195.872914782105,,,,
2021-04-05,0.7620998620986938,0.7031112313270569,-0.18832839378700847,1,,,,,35,35,157.07135200500488,-49987932.37601517,13846.244832873344,12224.695336809693,,,,
2021-04-06,0.7658727169036865,0.7066688537597656,-0.11764212808280856,1,,,,,35,35,142.0050859451294,-49987932.37601517,13915.517842769623,12209.629070749817,,,,
2021-04-07,0.7666947841644287,0.7063693404197693,-0.3530918885750553,1,,,,,35,35,63.49444389343262,-49987932.37601517,13920.455977320671,12131.11842869812,,,,
2021-04-08,0.7613884806632996,0.7013409733772278,-0.2632816453522679,1,,,,,35,35,82.94999599456787,-49987932.37601517,13822.793340682983,12150.573980799256,,,,
2021-04-09,0.7659003138542175,0.7061498761177063,-0.025101894018248673,1,,,,,35,35,103.74486446380615,-49987932.37601517,13910.87429523468,12171.368849268494,,,,
2021-04-12,0.7626002430915833,0.703982412815094,0.35317604700097965,1,,,,,0,0,0.0,-49989851.401844226,0.0,10148.598155751763,"[網格1] 停利平倉: 做多配對, 損益=-1,919 ",,,
2021-04-13,0.7627707123756409,0.7032397985458374,0.1439654666331533,0,,,,,0,0,0.0,-49989851.401844226,0.0,10148.598155751763,,,,
2021-04-14,0.7647499442100525,0.706119954586029,0.7002976295689886,0,,,,,0,0,0.0,-49989851.401844226,0.0,10148.598155751763,,,,
2021-04-15,0.772509753704071,0.7140001058578491,1.0997695143392106,0,,,,,0,0,0.0,-49989851.401844226,0.0,10148.598155751763,,,,
2021-04-16,0.7751697301864624,0.7175711989402771,1.5489882261197878,0,,,,,0,0,0.0,-49989851.401844226,0.0,10148.598155751763,,,,
2021-04-19,0.7714025974273682,0.7127177715301514,1.0322837473336282,0,,,,,0,0,0.0,-49989851.401844226,0.0,10148.598155751763,,,,
2021-04-20,0.7767002582550049,0.7190881967544556,1.5203598358807315,0,,,,,0,0,0.0,-49989851.401844226,0.0,10148.598155751763,,,,
2021-04-21,0.7723796963691711,0.7165479063987732,1.936792716539416,0,,,,,0,0,0.0,-49989851.401844226,0.0,10148.598155751763,,,,
2021-04-22,0.7754402756690979,0.7204403877258301,2.005877670603775,-1,,,,,25,25,183.02738666534424,-49991352.89772489,10097.194477915764,8830.129661753712,[網格1] 開倉: 做多AUDUSD=X(澳幣) 25口 / 做空NZDUSD=X(紐幣) 25口 ,,,
2021-04-23,0.7705348134040833,0.7154299020767212,1.6627089172916198,-1,,,,,25,25,5.251169204711914,-49991352.89772489,10030.26182949543,8652.35344429308,,,,
2021-04-26,0.7743114233016968,0.7191709280014038,1.6227891075946443,-1,,,,,25,25,7.030367851257324,-49991352.89772489,10081.005871295929,8654.132642939625,,,,
2021-04-27,0.7799704074859619,0.7230082750320435,0.9041362239130966,-1,,,,,25,25,98.11222553253174,-49991352.89772489,10145.106106996536,8745.2145006209,,,,
2021-04-28,0.7770001888275146,0.7204195857048035,0.9346708406932127,-1,,,,,25,25,79.03575897216797,-49991352.89772489,10107.583478093147,8726.138034060536,,,,
2021-04-29,0.7801297307014465,0.727300226688385,2.3522069755412964,-1,,,,,25,25,-108.51919651031494,-49991352.89772489,10175.152212381363,8538.583078578053,,,,
2021-04-30,0.777762234210968,0.7247374653816223,1.8901281002525667,-1,,,,,25,25,-98.75595569610596,-49991352.89772489,10141.872972249985,8548.346319392262,,,,
2021-05-03,0.7722997665405273,0.7169898152351379,0.7859374089206066,-1,,,,,25,25,15.503168106079102,-49991352.89772489,10052.70467698574,8662.605443194447,,,,
2021-05-04,0.7758914828300476,0.7198076248168945,0.47709798840396567,-1,,,,,25,25,54.198503494262695,-49991352.89772489,10095.96897661686,8701.30077858263,,,,
2021-05-05,0.7713799476623535,0.7162697911262512,0.7110969408503429,-1,,,,,25,25,5.513429641723633,-49991352.89772489,10041.635736823082,8652.615704730091,,,,
2021-05-06,0.7751199007034302,0.7219278216362,1.4668341138391585,-1,,,,,25,25,-90.39044380187988,-49991352.89772489,10105.072125792503,8556.711831286488,,,,
2021-05-07,0.7787312865257263,0.7232906818389893,0.4872274198317176,-1,,,,,25,25,22.035837173461914,-49991352.89772489,10138.64828646183,8669.13811226183,,,,
2021-05-10,0.7858793139457703,0.7296074628829956,0.1845638255079186,-1,,,,,25,25,63.5981559753418,-49991352.89772489,10229.53574359417,8710.70043106371,,,,
2021-05-11,0.7838999032974243,0.7271299362182617,-0.21894444756469061,-1,,,,,0,0,0.0,-49992765.904797934,0.0,7234.095202043591,"[網格1] 停利平倉: 做空配對, 損益=-1,413 ",,,
2021-05-12,0.7838096022605896,0.7262691855430603,-0.7514770678549315,0,,,,,0,0,0.0,-49992765.904797934,0.0,7234.095202043591,,,,
2021-05-13,0.7732301950454712,0.7164093852043152,-0.7121018205025134,0,,,,,0,0,0.0,-49992765.904797934,0.0,7234.095202043591,,,,
2021-05-14,0.7726202011108398,0.7182979583740234,0.7622183709417814,0,,,,,0,0,0.0,-49992765.904797934,0.0,7234.095202043591,,,,
2021-05-17,0.7778711318969727,0.7243909239768982,1.3923322055843923,0,,,,,0,0,0.0,-49992765.904797934,0.0,7234.095202043591,,,,
2021-05-18,0.7773698568344116,0.7219122052192688,-0.08737845630567907,0,,,,,0,0,0.0,-49992765.904797934,0.0,7234.095202043591,,,,
2021-05-19,0.7789981961250305,0.7237984538078308,0.12805647615208818,0,,,,,0,0,0.0,-49992765.904797934,0.0,7234.095202043591,,,,
2021-05-20,0.772030234336853,0.7163118720054626,-0.4711696151264593,0,,,,,0,0,0.0,-49992765.904797934,0.0,7234.095202043591,,,,
2021-05-21,0.7770001888275146,0.7196574807167053,-1.367773232746148,0,,,,,0,0,0.0,-49992765.904797934,0.0,7234.095202043591,,,,
2021-05-24,0.7730000615119934,0.7173189520835876,-0.2968892515394494,0,,,,,0,0,0.0,-49992765.904797934,0.0,7234.095202043591,,,,
2021-05-25,0.7750802040100098,0.7214798927307129,1.1251279398585154,0,,,,,0,0,0.0,-49992765.904797934,0.0,7234.095202043591,,,,
2021-05-26,0.7753139734268188,0.7224389910697937,1.4565447110982213,0,,,,,0,0,0.0,-49992765.904797934,0.0,7234.095202043591,,,,
2021-05-27,0.7739902138710022,0.7278285026550293,3.5072342428715353,-1,,,,,17,17,88.50395679473877,-49993786.92603466,6893.347908854485,6301.5779221110915,[網格1] 開倉: 做多AUDUSD=X(澳幣) 17口 / 做空NZDUSD=X(紐幣) 17口 ,,,
2021-05-28,0.774250328540802,0.7284275889396667,2.7295308733851695,-1,,,,,17,17,-11.52503490447998,-49993786.92603466,6897.291641235352,6201.548930411873,,,,
2021-05-31,0.7710099816322327,0.7242912650108337,1.9977917313881726,-1,,,,,17,17,18.938183784484863,-49993786.92603466,6863.432722091675,6232.012149100838,,,,
2021-06-01,0.7743498086929321,0.7277278900146484,1.7764589977114156,-1,,,,,17,17,15.647053718566895,-49993786.92603466,6894.536637067795,6228.72101903492,,,,
2021-06-02,0.7755900025367737,0.7253314852714539,0.7672787869046792,-1,,,,,17,17,139.2914056777954,-49993786.92603466,6889.229629039764,6352.365370994148,,,,
2021-06-03,0.7744301557540894,0.7233482599258423,0.5097969622914086,-1,,,,,17,17,167.28627681732178,-49993786.92603466,6874.802927970886,6380.360242133675,,,,
2021-06-04,0.7665772438049316,0.7148601412773132,0.2142393786258867,-1,,,,,17,17,188.88330459594727,-49993786.92603466,6799.797597527504,6401.9572699123,,,,
2021-06-07,0.7744001746177673,0.7209701538085938,-0.16743040101533413,-1,,,,,0,0,0.0,-49994560.82036031,0.0,5439.1796396618465,"[網格1] 停利平倉: 做空配對, 損益=-774 ",,,
2021-06-08,0.7756296992301941,0.7225485444068909,-0.10684553148926024,0,,,,,0,0,0.0,-49994560.82036031,0.0,5439.1796396618465,,,,
2021-06-09,0.7736998200416565,0.7190313339233398,-0.6088668605675268,0,,,,,0,0,0.0,-49994560.82036031,0.0,5439.1796396618465,,,,
2021-06-10,0.7729498147964478,0.7171800136566162,-0.9541826617203641,0,,,,,0,0,0.0,-49994560.82036031,0.0,5439.1796396618465,,,,
2021-06-11,0.7747998237609863,0.7189486026763916,-0.9185003013711069,0,,,,,0,0,0.0,-49994560.82036031,0.0,5439.1796396618465,,,,
2021-06-14,0.7708911895751953,0.7138981223106384,-1.1853500409220536,0,,,,,0,0,0.0,-49994560.82036031,0.0,5439.1796396618465,,,,
2021-06-15,0.7712002992630005,0.7143775820732117,-1.0912998572349752,0,,,,,0,0,0.0,-49994560.82036031,0.0,5439.1796396618465,,,,
2021-06-16,0.7686217427253723,0.7122507095336914,-0.9658182439128783,0,,,,,0,0,0.0,-49994560.82036031,0.0,5439.1796396618465,,,,
2021-06-17,0.7616726756095886,0.7071185111999512,-0.5938989029711544,0,,,,,0,0,0.0,-49994560.82036031,0.0,5439.1796396618465,,,,
2021-06-18,0.7556899189949036,0.7015377879142761,-0.6059620345325007,0,,,,,0,0,0.0,-49994560.82036031,0.0,5439.1796396618465,,,,
2021-06-21,0.7503997683525085,0.6949077248573303,-1.004878065731667,0,,,,,0,0,0.0,-49994560.82036031,0.0,5439.1796396618465,,,,
2021-06-22,0.7534897923469543,0.6986313462257385,-0.7594696843880993,0,,,,,0,0,0.0,-49994560.82036031,0.0,5439.1796396618465,,,,
2021-06-23,0.7554810047149658,0.7017987370491028,-0.4067639646441168,0,,,,,0,0,0.0,-49994560.82036031,0.0,5439.1796396618465,,,,
2021-06-24,0.7574437856674194,0.7045577764511108,-0.0894672813722949,0,,,,,0,0,0.0,-49994560.82036031,0.0,5439.1796396618465,,,,
2021-06-25,0.7582076191902161,0.7063194513320923,0.34458993031895124,0,,,,,0,0,0.0,-49994560.82036031,0.0,5439.1796396618465,,,,
2021-06-28,0.7594998478889465,0.70689857006073,0.2766203254734245,0,,,,,0,0,0.0,-49994560.82036031,0.0,5439.1796396618465,,,,
2021-06-29,0.756840169429779,0.7048904895782471,0.782462266932912,0,,,,,0,0,0.0,-49994560.82036031,0.0,5439.1796396618465,,,,
2021-06-30,0.7513599991798401,0.6989800930023193,0.5901717632786221,0,,,,,0,0,0.0,-49994560.82036031,0.0,5439.1796396618465,,,,
2021-07-01,0.7497701644897461,0.6996676325798035,1.864590203531456,0,,,,,0,0,0.0,-49994560.82036031,0.0,5439.1796396618465,,,,
2021-07-02,0.7465806603431702,0.6963691115379333,1.6565646897409545,0,,,,,0,0,0.0,-49994560.82036031,0.0,5439.1796396618465,,,,
2021-07-05,0.7518599033355713,0.7025876045227051,1.9897990720478358,0,,,,,0,0,0.0,-49994560.82036031,0.0,5439.1796396618465,,,,
2021-07-06,0.7543002963066101,0.7052086591720581,1.8719108271111224,0,,,,,0,0,0.0,-49994560.82036031,0.0,5439.1796396618465,,,,
2021-07-07,0.7494998574256897,0.7017691731452942,1.994787698653275,0,,,,,0,0,0.0,-49994560.82036031,0.0,5439.1796396618465,,,,
2021-07-08,0.7484413981437683,0.7013409733772278,1.8921452030369776,0,,,,,0,0,0.0,-49994560.82036031,0.0,5439.1796396618465,,,,
2021-07-09,0.7433286309242249,0.6949077248573303,1.1908885409969359,0,,,,,0,0,0.0,-49994560.82036031,0.0,5439.1796396618465,,,,
2021-07-12,0.749007523059845,0.7006186246871948,1.1824738998276152,0,,,,,0,0,0.0,-49994560.82036031,0.0,5439.1796396618465,,,,
2021-07-13,0.7480998039245605,0.6986606121063232,0.7069419213230586,0,,,,,0,0,0.0,-49994560.82036031,0.0,5439.1796396618465,,,,
2021-07-14,0.7441999316215515,0.6944106817245483,0.42743081929072274,0,,,,,0,0,0.0,-49994560.82036031,0.0,5439.1796396618465,,,,
2021-07-15,0.7480382323265076,0.7038784027099609,2.297759125944002,-1,,,,,13,13,247.12252616882324,-49995341.57535696,5096.2273889780045,4905.5471691804505,[網格1] 開倉: 做多AUDUSD=X(澳幣) 13口 / 做空NZDUSD=X(紐幣) 13口 ,,,
2021-07-16,0.7423000931739807,0.7011492252349854,2.5522995010236964,-1,,,,,13,13,-78.23300361633301,-49995341.57535696,5066.507107615471,4580.191639395294,,,,
2021-07-19,0.7390999794006348,0.6994816660881042,2.4350141239255394,-1,,,,,13,13,-118.07942390441895,-49995341.57535696,5049.421575665474,4540.345219107208,,,,
2021-07-20,0.7339202165603638,0.693600058555603,1.9050735144319906,-1,,,,,13,13,-99.8314619064331,-49995341.57535696,5010.5961656570435,4558.593181105194,,,,
2021-07-21,0.7338911294937134,0.6923816800117493,1.4364442425072967,-1,,,,,0,0,0.0,-49996191.22690232,0.0,3808.773097651539,"[網格1] 結算平倉, 損益=-850 ",,,
2021-07-22,0.7352616786956787,0.696097731590271,1.7751855477589995,0,,,,,9,9,-68.90988349914551,-49996731.74219171,3478.203366994858,3199.3479247646906,[網格1] 轉倉開倉 ,,,
2021-07-23,0.7380498647689819,0.69810950756073,1.4423399904770924,-1,,,,,9,9,13.975381851196289,-49996731.74219171,3489.8672747612,3282.2331901150324,,,,
2021-07-26,0.7368219494819641,0.6983678936958313,1.5718760073978706,-1,,,,,9,9,-12.778043746948242,-49996731.74219171,3487.511318922043,3255.479764516888,,,,
2021-07-27,0.738825261592865,0.7004797458648682,1.447525604683856,-1,,,,,9,9,-14.731764793395996,-49996731.74219171,3497.5111681222916,3253.52604347044,,,,
2021-07-28,0.7366374135017395,0.6963497400283813,0.9147151996346439,-1,,,,,9,9,20.22707462310791,-49996731.74219171,3482.1587830781937,3288.484882886944,,,,
2021-07-29,0.7377101182937622,0.6960588693618774,0.5433328305969989,-1,,,,,9,9,44.771432876586914,-49996731.74219171,3484.0586400032043,3313.029241140423,,,,
2021-07-30,0.739609956741333,0.7011098861694336,1.1865165694831894,-1,,,,,9,9,-11.949777603149414,-49996731.74219171,3500.949218273163,3256.3080306606867,,,,
2021-08-02,0.7342305779457092,0.6974901556968689,1.3899252831705344,-1,,,,,9,9,-43.62344741821289,-49996731.74219171,3479.081382751465,3224.634360845623,,,,
2021-08-03,0.7360599637031555,0.6987192630767822,1.152621110902202,-1,,,,,9,9,-32.81843662261963,-49996731.74219171,3486.5135210752487,3235.4393716412164,,,,
2021-08-04,0.7396799921989441,0.7045776844024658,1.5326438609946744,-1,,,,,9,9,-73.10950756072998,-49996731.74219171,3509.546154141426,3195.148300703106,,,,
2021-08-05,0.7382999658584595,0.7044088840484619,1.5888739336141242,-1,,,,,9,9,-94.91157531738281,-49996731.74219171,3505.782505273819,3173.3462329464533,,,,
2021-08-06,0.7402998805046082,0.7048507928848267,1.1622807282392855,-1,,,,,9,9,-66.86747074127197,-49996731.74219171,3511.7161363363266,3201.390337522564,,,,
2021-08-09,0.7337833642959595,0.6993300318717957,1.2253087639127247,-1,,,,,9,9,-84.79106426239014,-49996731.74219171,3482.465552687645,3183.466744001446,,,,
2021-08-10,0.733100175857544,0.6991980075836182,1.309037022297485,-1,,,,,9,9,-94.7120189666748,-49996731.74219171,3480.484585762024,3173.5457892971613,,,,
2021-08-11,0.7343798875808716,0.7006480693817139,1.4619999905612937,-1,,,,,9,9,-97.7783203125,-49996731.74219171,3487.1179354190826,3170.479487951336,,,,
2021-08-12,0.7374087572097778,0.7041807174682617,1.5562308661210844,-1,,,,,9,9,-106.84633255004883,-49996731.74219171,3503.062423467636,3161.4114757137872,,,,
2021-08-13,0.734149694442749,0.7005204558372498,1.2295560976959292,-1,,,,,9,9,-99.62475299835205,-49996731.74219171,3486.248465180397,3168.633055265484,,,,
2021-08-16,0.736572265625,0.703982412815094,1.4454653836354576,-1,,,,,9,9,-118.33369731903076,-49996731.74219171,3500.5478686094284,3149.9241109448053,,,,
2021-08-17,0.7341066002845764,0.7028493285179138,1.6340363732750787,-1,,,,,9,9,-142.3201560974121,-49996731.74219171,3491.8029069900513,3125.937652166424,,,,
2021-08-18,0.7255598902702332,0.6927894949913025,0.9400919974231837,-1,,,,,0,0,0.0,-49997387.33673037,0.0,2612.6632696085553,"[網格1] 結算平倉, 損益=-656 ",,,
2021-08-19,0.7230997681617737,0.6874505877494812,-0.1314587562220639,0,,,,,0,0,0.0,-49998223.09772741,0.0,1776.9022725611312,"[網格1] 轉倉開倉 [網格1] 停利平倉: 做空配對, 損益=-475 ",,,
2021-08-20,0.714620053768158,0.6820305585861206,0.7252397379510667,0,,,,,0,0,0.0,-49998223.09772741,0.0,1776.9022725611312,,,,
2021-08-23,0.7139797210693359,0.6830880641937256,1.204505228023385,0,,,,,0,0,0.0,-49998223.09772741,0.0,1776.9022725611312,,,,
2021-08-24,0.7209597229957581,0.6894079446792603,0.9802209949089653,0,,,,,0,0,0.0,-49998223.09772741,0.0,1776.9022725611312,,,,
2021-08-25,0.724879801273346,0.6938084959983826,1.151005401546514,0,,,,,0,0,0.0,-49998223.09772741,0.0,1776.9022725611312,,,,
2021-08-26,0.727660059928894,0.6972820162773132,1.5575084062185867,0,,,,,0,0,0.0,-49998223.09772741,0.0,1776.9022725611312,,,,
2021-08-27,0.7238398790359497,0.694531261920929,1.8565550012321437,0,,,,,0,0,0.0,-49998223.09772741,0.0,1776.9022725611312,,,,
2021-08-30,0.731598436832428,0.7012377381324768,1.384309714023671,0,,,,,0,0,0.0,-49998223.09772741,0.0,1776.9022725611312,,,,
2021-08-31,0.7291233539581299,0.6998194456100464,1.7625320154556323,0,,,,,0,0,0.0,-49998223.09772741,0.0,1776.9022725611312,,,,
2021-09-01,0.7317901849746704,0.7051689028739929,2.5539272122202568,-1,,,,,4,4,-115.08393287658691,-49998463.32764086,1551.9158148765564,1421.5884262304885,[網格1] 開倉: 做多AUDUSD=X(澳幣) 4口 / 做空NZDUSD=X(紐幣) 4口 ,,,
2021-09-02,0.7368001937866211,0.7065889835357666,0.9321722603861937,-1,,,,,4,4,28.719425201416016,-49998463.32764086,1558.8603115081787,1565.3917843084914,,,,
2021-09-03,0.7399300932884216,0.7110706567764282,1.4431835719936084,-1,,,,,4,4,17.905235290527344,-49998463.32764086,1567.0808100700378,1554.5775943976028,,,,
2021-09-06,0.7445018887519836,0.7151899337768555,1.207630165535944,-1,,,,,4,4,21.52538299560547,-49998463.32764086,1576.4671683311462,1558.1977421026809,,,,
2021-09-07,0.7436713576316833,0.7136587500572205,0.7944122063248201,-1,,,,,4,4,27.130603790283203,-49998463.32764086,1573.916516304016,1563.8029628973586,,,,
2021-09-08,0.7386598587036133,0.7097585201263428,1.0762024387364504,-1,,,,,4,4,18.24045181274414,-49998463.32764086,1564.2918491363525,1554.9128109198195,,,,
2021-09-09,0.7363770008087158,0.7098290324211121,1.7958666116684219,-1,,,,,4,4,-0.5865097045898438,-49998463.32764086,1561.902515888214,1536.0858494024856,,,,
2021-09-10,0.7370826601982117,0.7105098962783813,1.5935025549498083,-1,,,,,4,4,-0.38814544677734375,-49998463.32764086,1563.3999609947205,1536.284213660298,,,,
2021-09-13,0.7368110418319702,0.711657702922821,1.8463936440580735,-1,,,,,4,4,-11.743545532226562,-49998463.32764086,1564.3462443351746,1524.9288135748488,,,,
2021-09-14,0.7365902066230774,0.7114601731300354,1.6149000426357802,-1,,,,,4,4,-11.929988861083984,-49998463.32764086,1563.8944101333618,1524.7423702459914,,,,
2021-09-15,0.7317097783088684,0.7095721364021301,2.140345672921129,-1,,,,,0,0,0.0,-49998739.427367516,0.0,1260.572632449208,"[網格1] 結算平倉, 損益=-276 ",,,
2021-09-16,0.7341200709342957,0.7132006287574768,2.27393041791833,0,,,,,3,3,-35.86912155151367,-49998919.601046,1172.3297667503357,1044.5298324137314,[網格1] 轉倉開倉 ,,,
2021-09-17,0.7291499972343445,0.7070900201797485,1.6663510482007196,-1,,,,,3,3,6.843209266662598,-49998919.601046,1163.3544141054153,1087.2421632319076,,,,
2021-09-20,0.7264010310173035,0.7033585906028748,1.2058951694570164,-1,,,,,3,3,12.73798942565918,-49998919.601046,1158.1052935123444,1093.1369433909042,,,,
2021-09-21,0.7259702086448669,0.7017691731452942,0.7709033824905869,-1,,,,,3,3,19.689559936523438,-49998919.601046,1156.4688992500305,1100.0885139017685,,,,
2021-09-22,0.7227997779846191,0.6997313499450684,0.9842733103195335,-1,,,,,3,3,12.893915176391602,-49998919.601046,1152.2502136230469,1093.2928691416366,,,,
2021-09-23,0.7233999967575073,0.6991002559661865,0.522782116453882,-1,,,,,3,3,20.28179168701172,-49998919.601046,1152.225204706192,1100.6807456522567,,,,
2021-09-24,0.7299802899360657,0.7065390348434448,0.8258723365433577,-1,,,,,3,3,15.130877494812012,-49998919.601046,1163.5806530714035,1095.529831460057,,,,
2021-09-27,0.7266121506690979,0.7016608715057373,0.17828633316892242,-1,,,,,3,3,24.19102191925049,-49998919.601046,1156.9011479616165,1104.5899758844955,,,,
2021-09-28,0.7280601263046265,0.700790524482727,-0.7113236837895546,-1,,,,,0,0,0.0,-49999061.671550214,0.0,938.328449757634,"[網格1] 停利平倉: 做空配對, 損益=-142 ",,,
2021-09-29,0.7244277596473694,0.6960008144378662,-1.1382877695136517,0,,,,,0,0,0.0,-49999061.671550214,0.0,938.328449757634,,,,
2021-09-30,0.7179998159408569,0.6872379779815674,-1.9860745298143376,0,,,,,0,0,0.0,-49999061.671550214,0.0,938.328449757634,,,,
2021-10-01,0.7231180667877197,0.6896799206733704,-2.351285949772044,1,,,,,2,2,38.1009578704834,-49999181.784574054,762.9109132289886,856.3163837891204,[網格1] 開倉: 做空AUDUSD=X(澳幣) 2口 / 做多NZDUSD=X(紐幣) 2口 ,,,
2021-10-04,0.7275214195251465,0.6941889524459839,-1.9723192130773317,1,,,,,2,2,0.4227161407470703,-49999181.784574054,767.7236008644104,818.6381420593841,,,,
2021-10-05,0.7289697527885437,0.6961801052093506,-1.655590519556173,1,,,,,2,2,2.593994140625,-49999181.784574054,769.5809233188629,820.809420059262,,,,
2021-10-06,0.7290754914283752,0.6956700682640076,-1.6284776116338948,1,,,,,2,2,0.1308917999267578,-49999181.784574054,769.3626022338867,818.3463177185638,,,,
2021-10-07,0.728141188621521,0.6915820240974426,-1.9992712762299119,1,,,,,2,2,-12.484073638916016,-49999181.784574054,766.6505348682404,805.731352279721,,,,
2021-10-08,0.7316797971725464,0.6938180923461914,-1.8963553448452521,1,,,,,2,2,-17.69423484802246,-49999181.784574054,769.7688603401184,800.5211910706146,,,,
2021-10-11,0.729490339756012,0.6921613216400146,-1.5874264491183991,1,,,,,2,2,-15.563488006591797,-49999181.784574054,767.6918971538544,802.6519379120452,,,,
2021-10-12,0.7348402738571167,0.6943287253379822,-1.800985969647777,1,,,,,2,2,-28.293609619140625,-49999181.784574054,771.7512595653534,789.9218162994964,,,,
2021-10-13,0.7335088849067688,0.6925591230392456,-1.654077862720466,1,,,,,2,2,-30.046463012695312,-49999181.784574054,770.0767242908478,788.1689629059417,,,,
2021-10-14,0.7386069893836975,0.6972284913063049,-1.5160012798661633,1,,,,,2,2,-31.76140785217285,-49999181.784574054,775.3511595726013,786.4540180664642,,,,
2021-10-15,0.741379976272583,0.7035713195800781,-0.8640634500053098,1,,,,,2,2,-17.48204231262207,-49999181.784574054,780.273699760437,800.733383606015,,,,
2021-10-18,0.7424786686897278,0.7084611654281616,-0.18660686446914096,1,,,,,2,2,-2.3174285888671875,-49999181.784574054,783.5075104236603,815.8979973297699,,,,
2021-10-19,0.7417000532150269,0.7091901898384094,0.12752983156275668,1,,,,,0,0,0.0,-49999298.18751432,0.0,701.8124856501205,"[網格1] 停利平倉: 做多配對, 損益=-116 ",,,
2021-10-20,0.7477194666862488,0.7155686020851135,0.3328738496662007,0,,,,,0,0,0.0,-49999298.18751432,0.0,701.8124856501205,,,,
2021-10-21,0.7515299320220947,0.71986985206604,0.5524461921843259,0,,,,,0,0,0.0,-49999298.18751432,0.0,701.8124856501205,,,,
2021-10-22,0.7463700175285339,0.7155993580818176,0.8352105190414159,0,,,,,0,0,0.0,-49999298.18751432,0.0,701.8124856501205,,,,
2021-10-25,0.7469096779823303,0.7150722742080688,0.7389478392808143,0,,,,,0,0,0.0,-49999298.18751432,0.0,701.8124856501205,,,,
2021-10-26,0.7491798400878906,0.7166198492050171,0.6849090691984238,0,,,,,0,0,0.0,-49999298.18751432,0.0,701.8124856501205,,,,
2021-10-27,0.7512978315353394,0.7168099284172058,0.2776669768162626,0,,,,,0,0,0.0,-49999298.18751432,0.0,701.8124856501205,,,,
2021-10-28,0.7500750422477722,0.7163888216018677,0.5177416512649627,0,,,,,0,0,0.0,-49999298.18751432,0.0,701.8124856501205,,,,
2021-10-29,0.7531600594520569,0.7195124626159668,0.5492330789185531,0,,,,,0,0,0.0,-49999298.18751432,0.0,701.8124856501205,,,,
2021-11-01,0.7518287897109985,0.7176483869552612,0.3743396985370341,0,,,,,0,0,0.0,-49999298.18751432,0.0,701.8124856501205,,,,
2021-11-02,0.7520498633384705,0.7179214954376221,0.3967149098591418,0,,,,,0,0,0.0,-49999298.18751432,0.0,701.8124856501205,,,,
2021-11-03,0.7438998222351074,0.7125806212425232,1.0254562013103374,0,,,,,0,0,0.0,-49999298.18751432,0.0,701.8124856501205,,,,
2021-11-04,0.746900200843811,0.7176278233528137,1.4469135148251724,0,,,,,0,0,0.0,-49999298.18751432,0.0,701.8124856501205,,,,
2021-11-05,0.740932822227478,0.7109695672988892,1.0760417554430908,0,,,,,0,0,0.0,-49999298.18751432,0.0,701.8124856501205,,,,
2021-11-08,0.7395902872085571,0.7109189629554749,1.2591220044582963,0,,,,,0,0,0.0,-49999298.18751432,0.0,701.8124856501205,,,,
2021-11-09,0.7414799928665161,0.7162498235702515,1.9533356218037368,0,,,,,0,0,0.0,-49999298.18751432,0.0,701.8124856501205,,,,
2021-11-10,0.7376197576522827,0.712520182132721,1.8262734131966927,0,,,,,0,0,0.0,-49999298.18751432,0.0,701.8124856501205,,,,
2021-11-11,0.7334120869636536,0.7066788077354431,1.3523973947231895,0,,,,,0,0,0.0,-49999298.18751432,0.0,701.8124856501205,,,,
2021-11-12,0.7291999459266663,0.7024001479148865,1.212302518704232,0,,,,,0,0,0.0,-49999298.18751432,0.0,701.8124856501205,,,,
2021-11-15,0.7332506775856018,0.7043195366859436,0.452571166496305,0,,,,,0,0,0.0,-49999298.18751432,0.0,701.8124856501205,,,,
2021-11-16,0.734489917755127,0.704170823097229,-0.07044126249825299,0,,,,,0,0,0.0,-49999298.18751432,0.0,701.8124856501205,,,,
2021-11-17,0.7301614880561829,0.6991999745368958,-0.39235343392814687,0,,,,,0,0,0.0,-49999298.18751432,0.0,701.8124856501205,,,,
2021-11-18,0.7268604040145874,0.7003781795501709,1.1099037307119246,0,,,,,0,0,0.0,-49999298.18751432,0.0,701.8124856501205,,,,
2021-11-19,0.7279000878334045,0.7042104601860046,1.8272895660624373,0,,,,,0,0,0.0,-49999298.18751432,0.0,701.8124856501205,,,,
2021-11-22,0.7231698036193848,0.6991393566131592,1.4544432484596472,0,,,,,0,0,0.0,-49999298.18751432,0.0,701.8124856501205,,,,
2021-11-23,0.7228044867515564,0.6949608325958252,0.22087992008383361,0,,,,,0,0,0.0,-49999298.18751432,0.0,701.8124856501205,,,,
2021-11-24,0.7222198247909546,0.6952894330024719,0.42540609075687585,0,,,,,0,0,0.0,-49999298.18751432,0.0,701.8124856501205,,,,
2021-11-25,0.7202001214027405,0.6875309348106384,-1.4952852527422014,0,,,,,0,0,0.0,-49999298.18751432,0.0,701.8124856501205,,,,
2021-11-26,0.7173703908920288,0.6844392418861389,-1.5722298046777754,0,,,,,0,0,0.0,-49999298.18751432,0.0,701.8124856501205,,,,
2021-11-29,0.7142806053161621,0.6826311349868774,-1.2407727559459851,0,,,,,0,0,0.0,-49999298.18751432,0.0,701.8124856501205,,,,
2021-11-30,0.714580237865448,0.6830694675445557,-1.2305887671014315,0,,,,,0,0,0.0,-49999298.18751432,0.0,701.8124856501205,,,,
2021-12-01,0.7124998569488525,0.6824913620948792,-0.7558778133774493,0,,,,,0,0,0.0,-49999298.18751432,0.0,701.8124856501205,,,,
2021-12-02,0.7107598185539246,0.6814100742340088,-0.5291700495045425,0,,,,,0,0,0.0,-49999298.18751432,0.0,701.8124856501205,,,,
2021-12-03,0.70878005027771,0.6812081933021545,0.015236573586792881,0,,,,,0,0,0.0,-49999298.18751432,0.0,701.8124856501205,,,,
2021-12-06,0.7017898559570312,0.6757396459579468,0.3973267234895278,0,,,,,0,0,0.0,-49999298.18751432,0.0,701.8124856501205,,,,
2021-12-07,0.7049203515052795,0.6749687790870667,-0.7633687243798498,0,,,,,0,0,0.0,-49999298.18751432,0.0,701.8124856501205,,,,
2021-12-08,0.712259829044342,0.6786198616027832,-1.6928103623232822,0,,,,,0,0,0.0,-49999298.18751432,0.0,701.8124856501205,,,,
2021-12-09,0.7170000672340393,0.6808279156684875,-2.0549166625631514,1,,,,,1,1,3.7131309509277344,-49999358.24342744,377.41355538368225,645.4697034817322,[網格1] 開倉: 做空AUDUSD=X(澳幣) 1口 / 做多NZDUSD=X(紐幣) 1口 ,,,
2021-12-10,0.7146124243736267,0.6795694231987,-1.5435678138328717,1,,,,,1,1,2.25830078125,-49999358.24342744,376.4290988445282,644.0148733120544,,,,
2021-12-13,0.7166095972061157,0.6795879006385803,-1.7825405036190576,1,,,,,1,1,-1.6990900039672852,-49999358.24342744,376.97332441806793,640.0574825268371,,,,
2021-12-14,0.7133176326751709,0.6752012372016907,-1.8047536473577843,1,,,,,1,1,-3.8884878158569336,-49999358.24342744,374.9000948667526,637.8680847149475,,,,
2021-12-15,0.7106002569198608,0.673632025718689,-1.4007864894025608,1,,,,,0,0,0.0,-49999419.890956,0.0,580.1090439682587,"[網格1] 結算平倉, 損益=-62 ",,,
2021-12-16,0.7166501879692078,0.6778098344802856,-1.552043239085412,0,,,,,1,1,-1.5921592712402344,-49999479.9467344,376.5042060613632,518.4611062961204,[網格1] 轉倉開倉 ,,,
2021-12-17,0.717560887336731,0.6796294450759888,-1.2560177227178824,1,,,,,1,1,1.8178224563598633,-49999479.9467344,377.2413897514343,521.8710880237205,,,,
2021-12-20,0.7116981744766235,0.6731604337692261,-1.3652327608681585,1,,,,,1,1,0.6052255630493164,-49999479.9467344,373.9118242263794,520.65849113041,,,,
2021-12-21,0.7109498381614685,0.671312153339386,-1.4692906899277667,1,,,,,1,1,-1.5946626663208008,-49999479.9467344,373.2107377052307,518.4586029010399,,,,
2021-12-22,0.7147799134254456,0.6765991449356079,-0.9989227567104574,1,,,,,1,1,1.3191699981689453,-49999479.9467344,375.67234575748444,521.3724355655296,,,,
2021-12-23,0.72139972448349,0.6805823445320129,-1.4027787625199775,1,,,,,1,1,-3.9540529251098633,-49999479.9467344,378.5351586341858,516.0992126422508,,,,
2021-12-24,0.7233200073242188,0.6822212934494019,-1.2965962612075879,1,,,,,1,1,-4.516720771789551,-49999479.9467344,379.49615120887756,515.5365447955711,,,,
2021-12-27,0.7231285572052002,0.6815192699432373,-1.2663358360275678,1,,,,,1,1,-5.537867546081543,-49999479.9467344,379.2549133300781,514.5153980212791,,,,
2021-12-28,0.7236999869346619,0.6817998886108398,-1.1910045881484919,1,,,,,1,1,-6.119489669799805,-49999479.9467344,379.48496639728546,513.9337758975608,,,,
2021-12-29,0.7233999967575073,0.6805600523948669,-1.2625452365332201,1,,,,,1,1,-7.999181747436523,-49999479.9467344,379.06921327114105,512.0540838199241,,,,
2021-12-30,0.7258790135383606,0.6839711666107178,-0.9492696768761624,1,,,,,1,1,-6.134986877441406,-49999479.9467344,380.65954864025116,513.9182786899192,,,,
2021-12-31,0.7249801754951477,0.6830414533615112,-0.9111533924259804,1,,,,,1,1,-6.196737289428711,-49999479.9467344,380.1658397912979,513.856528277932,,,,
2022-01-03,0.7268181443214417,0.6840693950653076,-1.1510057160186338,1,,,,,1,1,-7.816791534423828,-49999479.9467344,380.9396356344223,512.2364740329368,,,,
2022-01-04,0.7197999358177185,0.6789695620536804,-0.5997720540002789,1,,,,,1,1,-3.9800405502319336,-49999479.9467344,377.6677644252777,516.0732250171287,,,,
2022-01-05,0.7238802313804626,0.6813613176345825,-1.1638465125448718,1,,,,,1,1,-7.357120513916016,-49999479.9467344,379.4152182340622,512.6961450534446,,,,
2022-01-06,0.7220800518989563,0.6793201565742493,-1.2050462452525523,1,,,,,1,1,-7.839083671569824,-49999479.9467344,378.3780562877655,512.2141818957908,,,,
2022-01-07,0.7162600159645081,0.674040675163269,-1.0423563881668323,1,,,,,1,1,-6.757974624633789,-49999479.9467344,375.3811866044998,513.2952909427269,,,,
2022-01-10,0.7179111242294312,0.6775985956192017,0.12026133574760262,1,,,,,0,0,0.0,-49999542.94690503,0.0,457.05309493595195,"[網格1] 停利平倉: 做多配對, 損益=-63 ",,,
2022-01-11,0.71809983253479,0.6766495108604431,-0.4732529365905882,0,,,,,0,0,0.0,-49999542.94690503,0.0,457.05309493595195,,,,
2022-01-12,0.7209799885749817,0.678380012512207,-1.043235611537408,0,,,,,0,0,0.0,-49999542.94690503,0.0,457.05309493595195,,,,
2022-01-13,0.7282207608222961,0.6846923232078552,-1.3142052133796396,0,,,,,0,0,0.0,-49999542.94690503,0.0,457.05309493595195,,,,
2022-01-14,0.7282260060310364,0.6861910820007324,-0.1916323290976102,0,,,,,0,0,0.0,-49999542.94690503,0.0,457.05309493595195,,,,
2022-01-17,0.7216517329216003,0.6808279156684875,0.6790705078925818,0,,,,,0,0,0.0,-49999542.94690503,0.0,457.05309493595195,,,,
2022-01-18,0.7210798263549805,0.6797999143600464,0.3136469284470517,0,,,,,0,0,0.0,-49999542.94690503,0.0,457.05309493595195,,,,
2022-01-19,0.7187501788139343,0.6771718859672546,0.11558801795248612,0,,,,,0,0,0.0,-49999542.94690503,0.0,457.05309493595195,,,,
2022-01-20,0.721700131893158,0.6780300140380859,-2.0562207348769634,1,,,,,1,1,-2.944350242614746,-49999603.00289424,377.92713940143585,394.05275548749995,[網格1] 開倉: 做空AUDUSD=X(澳幣) 1口 / 做多NZDUSD=X(紐幣) 1口 ,,,
2022-01-21,0.7217090129852295,0.6750781536102295,-3.347743319695665,1,,,,,0,0,0.0,-49999668.980248764,0.0,331.0197512035949,"[網格1] 停損平倉: 做多配對, 損益=-66 ",,,
2022-01-24,0.7187884449958801,0.6722598671913147,-2.557211445416424,0,,,,,0,0,0.0,-49999668.980248764,0.0,331.0197512035949,,,,
2022-01-25,0.715449869632721,0.6704614758491516,-1.5066401692484857,0,,,,,0,0,0.0,-49999668.980248764,0.0,331.0197512035949,,,,
2022-01-26,0.7158800363540649,0.6690887808799744,-2.0947347668529646,0,,,,,0,0,0.0,-49999668.980248764,0.0,331.0197512035949,,,,
2022-01-27,0.7122999429702759,0.666058361530304,-1.6538859247870727,0,,,,,0,0,0.0,-49999668.980248764,0.0,331.0197512035949,,,,
2022-01-28,0.7035500407218933,0.6584405303001404,-1.1837198572615835,0,,,,,0,0,0.0,-49999668.980248764,0.0,331.0197512035949,,,,
2022-01-31,0.6997998356819153,0.6551920771598816,-0.9449097267804649,0,,,,,0,0,0.0,-49999668.980248764,0.0,331.0197512035949,,,,
2022-02-01,0.7068301439285278,0.657799482345581,-2.2520010743865684,0,,,,,0,0,0.0,-49999668.980248764,0.0,331.0197512035949,,,,
2022-02-02,0.7133991122245789,0.6637285947799683,-1.9921253090090631,0,,,,,0,0,0.0,-49999668.980248764,0.0,331.0197512035949,,,,
2022-02-03,0.7120797634124756,0.66118985414505,-2.0264689962206743,0,,,,,0,0,0.0,-49999668.980248764,0.0,331.0197512035949,,,,
2022-02-04,0.7145000696182251,0.666640043258667,-0.9617901016634129,0,,,,,0,0,0.0,-49999668.980248764,0.0,331.0197512035949,,,,
2022-02-07,0.7080298066139221,0.6619886159896851,-0.4285864034706089,0,,,,,0,0,0.0,-49999668.980248764,0.0,331.0197512035949,,,,
2022-02-08,0.7129998207092285,0.663790225982666,-1.2329246409766443,0,,,,,0,0,0.0,-49999668.980248764,0.0,331.0197512035949,,,,
2022-02-09,0.7145919799804688,0.6649501919746399,-1.2119991389930223,0,,,,,0,0,0.0,-49999668.980248764,0.0,331.0197512035949,,,,
2022-02-10,0.7177411317825317,0.667931318283081,-1.0999686266480617,0,,,,,0,0,0.0,-49999668.980248764,0.0,331.0197512035949,,,,
2022-02-11,0.7161697745323181,0.6667110919952393,-0.9250162470675125,0,,,,,0,0,0.0,-49999668.980248764,0.0,331.0197512035949,,,,
2022-02-14,0.7144796252250671,0.6646682024002075,-0.9969319250468531,0,,,,,0,0,0.0,-49999668.980248764,0.0,331.0197512035949,,,,
2022-02-15,0.7132098078727722,0.6618002653121948,-1.4994836568509755,0,,,,,0,0,0.0,-49999668.980248764,0.0,331.0197512035949,,,,
2022-02-16,0.7149087190628052,0.6640812158584595,-1.2225460846963236,0,,,,,0,0,0.0,-49999668.980248764,0.0,331.0197512035949,,,,
2022-02-17,0.7194502949714661,0.6681097745895386,-1.279008906751336,0,,,,,0,0,0.0,-49999668.980248764,0.0,331.0197512035949,,,,
2022-02-18,0.71893310546875,0.6691021919250488,-0.5228911064238527,0,,,,,0,0,0.0,-49999668.980248764,0.0,331.0197512035949,,,,
2022-02-21,0.7171697616577148,0.6689589619636536,0.25153444825896626,0,,,,,0,0,0.0,-49999668.980248764,0.0,331.0197512035949,,,,
2022-02-22,0.718450129032135,0.6695995330810547,0.06613643640549137,0,,,,,0,0,0.0,-49999668.980248764,0.0,331.0197512035949,,,,
2022-02-23,0.7226895689964294,0.6741815805435181,0.4037785496405044,0,,,,,0,0,0.0,-49999668.980248764,0.0,331.0197512035949,,,,
2022-02-24,0.7227997779846191,0.6770801544189453,1.8288978125172277,0,,,,,0,0,0.0,-49999668.980248764,0.0,331.0197512035949,,,,
2022-02-25,0.7160200476646423,0.6687889695167542,0.9638768204340019,0,,,,,0,0,0.0,-49999668.980248764,0.0,331.0197512035949,,,,
2022-02-28,0.7186489701271057,0.6693216562271118,-0.034588028595353766,0,,,,,0,0,0.0,-49999668.980248764,0.0,331.0197512035949,,,,
2022-03-01,0.7262001037597656,0.6769197583198547,0.1961466441363866,0,,,,,0,0,0.0,-49999668.980248764,0.0,331.0197512035949,,,,
2022-03-02,0.7261425852775574,0.6767502427101135,0.09651665538254435,0,,,,,0,0,0.0,-49999668.980248764,0.0,331.0197512035949,,,,
2022-03-03,0.729341447353363,0.6783018112182617,-0.8991196175466835,0,,,,,0,0,0.0,-49999668.980248764,0.0,331.0197512035949,,,,
2022-03-04,0.7336999773979187,0.680971622467041,-1.629250539366916,0,,,,,0,0,0.0,-49999668.980248764,0.0,331.0197512035949,,,,
2022-03-07,0.7394808530807495,0.6874505877494812,-0.960706458063714,0,,,,,0,0,0.0,-49999668.980248764,0.0,331.0197512035949,,,,
2022-03-08,0.7328498363494873,0.683821439743042,0.7466263236326478,0,,,,,0,0,0.0,-49999668.980248764,0.0,331.0197512035949,,,,
2022-03-09,0.7267916798591614,0.6804294586181641,1.9219657732578583,0,,,,,0,0,0.0,-49999668.980248764,0.0,331.0197512035949,,,,
2022-03-10,0.731689989566803,0.6838401556015015,1.090598318361103,0,,,,,0,0,0.0,-49999668.980248764,0.0,331.0197512035949,,,,
2022-03-11,0.7365999817848206,0.6874411702156067,0.4541997774324494,0,,,,,0,0,0.0,-49999668.980248764,0.0,331.0197512035949,,,,
2022-03-14,0.72965008020401,0.6812685132026672,0.6431489981551204,0,,,,,0,0,0.0,-49999668.980248764,0.0,331.0197512035949,,,,
2022-03-15,0.71986985206604,0.674900472164154,1.9626587569298417,0,,,,,0,0,0.0,-49999668.980248764,0.0,331.0197512035949,,,,
2022-03-16,0.7191000580787659,0.6762194037437439,2.4126691560592692,0,,,,,0,0,0.0,-49999668.980248764,0.0,331.0197512035949,,,,
2022-03-17,0.7288799285888672,0.6830694675445557,1.1943515374929317,0,,,,,0,0,0.0,-49999668.980248764,0.0,331.0197512035949,,,,
2022-03-18,0.738099992275238,0.6892321705818176,-0.026802776066012945,0,,,,,0,0,0.0,-49999668.980248764,0.0,331.0197512035949,,,,
2022-03-21,0.7409987449645996,0.689869225025177,-0.9344325101783311,0,,,,,0,0,0.0,-49999668.980248764,0.0,331.0197512035949,,,,
2022-03-22,0.7395793199539185,0.6879708170890808,-1.1031910163344314,0,,,,,0,0,0.0,-49999668.980248764,0.0,331.0197512035949,,,,
2022-03-23,0.7462301850318909,0.6964321732521057,-0.18259965817006044,0,,,,,0,0,0.0,-49999668.980248764,0.0,331.0197512035949,,,,
2022-03-24,0.7499175071716309,0.6976322531700134,-1.071632226032496,0,,,,,0,0,0.0,-49999668.980248764,0.0,331.0197512035949,,,,
2022-03-25,0.7514277100563049,0.696548581123352,-1.8432758745091062,0,,,,,0,0,0.0,-49999668.980248764,0.0,331.0197512035949,,,,
2022-03-28,0.7518231272697449,0.6957489848136902,-1.9584953072587554,0,,,,,0,0,0.0,-49999668.980248764,0.0,331.0197512035949,,,,
2022-03-29,0.7499501705169678,0.6907795071601868,-2.4040956458769043,0,,,,,0,0,0.0,-49999668.980248764,0.0,331.0197512035949,,,,
2022-03-30,0.7514672875404358,0.6943190693855286,-1.5845591135982862,0,,,,,0,0,0.0,-49999668.980248764,0.0,331.0197512035949,,,,
2022-03-31,0.7503001093864441,0.6970681548118591,-0.5336438796213442,0,,,,,0,0,0.0,-49999668.980248764,0.0,331.0197512035949,,,,
2022-04-01,0.7491927742958069,0.6934000253677368,-1.1616210649111474,0,,,,,0,0,0.0,-49999668.980248764,0.0,331.0197512035949,,,,
2022-04-04,0.7486487030982971,0.6907699704170227,-1.5301338614891802,0,,,,,0,0,0.0,-49999668.980248764,0.0,331.0197512035949,,,,
2022-04-05,0.7543901801109314,0.6948497891426086,-1.6266697519094184,0,,,,,0,0,0.0,-49999668.980248764,0.0,331.0197512035949,,,,
2022-04-06,0.7585699558258057,0.6947677135467529,-2.110792284080109,0,,,,,0,0,0.0,-49999668.980248764,0.0,331.0197512035949,,,,
2022-04-07,0.7505084872245789,0.6911519169807434,-1.1656330005306421,0,,,,,0,0,0.0,-49999668.980248764,0.0,331.0197512035949,,,,
2022-04-08,0.7478480935096741,0.6884918212890625,-1.0743226587170527,0,,,,,0,0,0.0,-49999668.980248764,0.0,331.0197512035949,,,,
2022-04-11,0.7446514964103699,0.6835409998893738,-1.2904418350551954,0,,,,,0,0,0.0,-49999668.980248764,0.0,331.0197512035949,,,,
2022-04-12,0.7415317296981812,0.6817794442176819,-0.9732065744960512,0,,,,,0,0,0.0,-49999668.980248764,0.0,331.0197512035949,,,,
2022-04-13,0.7454997897148132,0.6856500506401062,-0.9053485581276669,0,,,,,0,0,0.0,-49999668.980248764,0.0,331.0197512035949,,,,
2022-04-14,0.7451497912406921,0.6800777912139893,-1.8934407850147954,0,,,,,0,0,0.0,-49999668.980248764,0.0,331.0197512035949,,,,
2022-04-15,0.7410151958465576,0.6783432364463806,-1.288992632353763,0,,,,,0,0,0.0,-49999668.980248764,0.0,331.0197512035949,,,,
2022-04-18,0.7393824458122253,0.6760411262512207,-1.3283852147974509,0,,,,,0,0,0.0,-49999668.980248764,0.0,331.0197512035949,,,,
2022-04-19,0.7357593774795532,0.673632025718689,-0.9882556554468609,0,,,,,0,0,0.0,-49999668.980248764,0.0,331.0197512035949,,,,
2022-04-20,0.7393988370895386,0.6746591329574585,-1.508072171983179,0,,,,,0,0,0.0,-49999668.980248764,0.0,331.0197512035949,,,,
2022-04-21,0.7446997761726379,0.6783478260040283,-1.7146518115474312,0,,,,,0,0,0.0,-49999668.980248764,0.0,331.0197512035949,,,,
2022-04-22,0.7361114025115967,0.6724497079849243,-1.0053563986513878,0,,,,,0,0,0.0,-49999668.980248764,0.0,331.0197512035949,,,,
2022-04-25,0.7236937284469604,0.6625105142593384,-0.40743868944009354,0,,,,,0,0,0.0,-49999668.980248764,0.0,331.0197512035949,,,,
2022-04-26,0.717849850654602,0.6618615388870239,0.9738265553221104,0,,,,,0,0,0.0,-49999668.980248764,0.0,331.0197512035949,,,,
2022-04-27,0.714600145816803,0.6575616598129272,0.6697994992453745,0,,,,,0,0,0.0,-49999668.980248764,0.0,331.0197512035949,,,,
2022-04-28,0.7125704288482666,0.6542190313339233,0.424202444729265,0,,,,,0,0,0.0,-49999668.980248764,0.0,331.0197512035949,,,,
2022-04-29,0.710883617401123,0.6493085026741028,-0.6286951659297503,0,,,,,0,0,0.0,-49999668.980248764,0.0,331.0197512035949,,,,
2022-05-02,0.7065390348434448,0.6456194519996643,-0.38528896709769433,0,,,,,0,0,0.0,-49999668.980248764,0.0,331.0197512035949,,,,
2022-05-03,0.7050997614860535,0.6441307067871094,-0.3675961601393552,0,,,,,0,0,0.0,-49999668.980248764,0.0,331.0197512035949,,,,
2022-05-04,0.7103786468505859,0.643430233001709,-2.223508585831989,0,,,,,0,0,0.0,-49999668.980248764,0.0,331.0197512035949,,,,
2022-05-05,0.7252898812294006,0.6551019549369812,-2.451450838218922,0,,,,,0,0,0.0,-49999668.980248764,0.0,331.0197512035949,,,,
2022-05-06,0.712100088596344,0.6430289149284363,-1.9557423822315751,0,,,,,0,0,0.0,-49999668.980248764,0.0,331.0197512035949,,,,
2022-05-09,0.7046997547149658,0.6389204859733582,-1.0489341475713638,0,,,,,0,0,0.0,-49999668.980248764,0.0,331.0197512035949,,,,
2022-05-10,0.6957392692565918,0.6323590874671936,-0.458800282557976,0,,,,,0,0,0.0,-49999668.980248764,0.0,331.0197512035949,,,,
2022-05-11,0.693600058555603,0.6289980411529541,-0.734136407197524,0,,,,,0,0,0.0,-49999668.980248764,0.0,331.0197512035949,,,,
2022-05-12,0.692750096321106,0.6284801959991455,-0.6248110289429238,0,,,,,0,0,0.0,-49999668.980248764,0.0,331.0197512035949,,,,
2022-05-13,0.6871907711029053,0.6247188448905945,-0.17332810360087983,0,,,,,0,0,0.0,-49999668.980248764,0.0,331.0197512035949,,,,
2022-05-16,0.6946181058883667,0.6288912296295166,-0.8920103381923674,0,,,,,0,0,0.0,-49999668.980248764,0.0,331.0197512035949,,,,
2022-05-17,0.6972820162773132,0.6311417818069458,-0.8811193091210732,0,,,,,0,0,0.0,-49999668.980248764,0.0,331.0197512035949,,,,
2022-05-18,0.7032843232154846,0.6359097957611084,-1.0446517467018248,0,,,,,0,0,0.0,-49999668.980248764,0.0,331.0197512035949,,,,
2022-05-19,0.695900022983551,0.6295603513717651,-0.8235186097746726,0,,,,,0,0,0.0,-49999668.980248764,0.0,331.0197512035949,,,,
2022-05-20,0.7041500210762024,0.6381499171257019,-0.5886303739834915,0,,,,,0,0,0.0,-49999668.980248764,0.0,331.0197512035949,,,,
2022-05-23,0.7062894701957703,0.6421493887901306,-0.05009216978376059,0,,,,,0,0,0.0,-49999668.980248764,0.0,331.0197512035949,,,,
2022-05-24,0.7088980674743652,0.6447494626045227,0.10321792368409463,0,,,,,0,0,0.0,-49999668.980248764,0.0,331.0197512035949,,,,
2022-05-25,0.7103200554847717,0.6448908448219299,-0.15609659656706623,0,,,,,0,0,0.0,-49999668.980248764,0.0,331.0197512035949,,,,
2022-05-26,0.708939790725708,0.6479789614677429,1.6294373813687342,0,,,,,0,0,0.0,-49999668.980248764,0.0,331.0197512035949,,,,
2022-05-27,0.7098793983459473,0.6482393741607666,1.3837750862524323,0,,,,,0,0,0.0,-49999668.980248764,0.0,331.0197512035949,,,,
2022-05-30,0.7162810564041138,0.6534098386764526,1.0876795269358819,0,,,,,0,0,0.0,-49999668.980248764,0.0,331.0197512035949,,,,
2022-05-31,0.7195202112197876,0.6558279991149902,0.9039652234484092,0,,,,,0,0,0.0,-49999668.980248764,0.0,331.0197512035949,,,,
2022-06-01,0.7182618379592896,0.6518607139587402,-0.3427221846624663,0,,,,,0,0,0.0,-49999668.980248764,0.0,331.0197512035949,,,,
2022-06-02,0.7173600792884827,0.6480587720870972,-1.7065580807187501,0,,,,,0,0,0.0,-49999668.980248764,0.0,331.0197512035949,,,,
2022-06-03,0.726900041103363,0.6560388207435608,-2.0866076154467725,0,,,,,0,0,0.0,-49999668.980248764,0.0,331.0197512035949,,,,
2022-06-06,0.7204922437667847,0.6509103178977966,-1.4950249445719366,0,,,,,0,0,0.0,-49999668.980248764,0.0,331.0197512035949,,,,
2022-06-07,0.7188607454299927,0.6485589146614075,-1.5909900580362264,0,,,,,0,0,0.0,-49999668.980248764,0.0,331.0197512035949,,,,
2022-06-08,0.7220602631568909,0.6480713486671448,-2.332287820582847,0,,,,,0,0,0.0,-49999668.980248764,0.0,331.0197512035949,,,,
2022-06-09,0.7186489701271057,0.6443713903427124,-2.050864121760508,0,,,,,0,0,0.0,-49999668.980248764,0.0,331.0197512035949,,,,
2022-06-10,0.7098188996315002,0.6385695934295654,-1.1835526483843637,0,,,,,0,0,0.0,-49999668.980248764,0.0,331.0197512035949,,,,
2022-06-13,0.7018282413482666,0.6337296366691589,-0.38890043287285675,0,,,,,0,0,0.0,-49999668.980248764,0.0,331.0197512035949,,,,
2022-06-14,0.6941600441932678,0.6275415420532227,-0.07193880753902959,0,,,,,0,0,0.0,-49999668.980248764,0.0,331.0197512035949,,,,
2022-06-15,0.6889899373054504,0.6226804852485657,-0.05843728407149318,0,,,,,0,0,0.0,-49999668.980248764,0.0,331.0197512035949,,,,
2022-06-16,0.7016903758049011,0.6292592883110046,-1.411808943192872,0,,,,,0,0,0.0,-49999668.980248764,0.0,331.0197512035949,,,,
2022-06-17,0.704049825668335,0.6360716223716736,-0.20562448239478318,0,,,,,0,0,0.0,-49999668.980248764,0.0,331.0197512035949,,,,
2022-06-20,0.6953000426292419,0.632559061050415,1.0232437325697468,0,,,,,0,0,0.0,-49999668.980248764,0.0,331.0197512035949,,,,
2022-06-21,0.6969500780105591,0.6337416768074036,0.9139753891766229,0,,,,,0,0,0.0,-49999668.980248764,0.0,331.0197512035949,,,,
2022-06-22,0.6961801052093506,0.631780207157135,0.5945564835639514,0,,,,,0,0,0.0,-49999668.980248764,0.0,331.0197512035949,,,,
2022-06-23,0.6905218958854675,0.6271007657051086,0.8672269827321006,0,,,,,0,0,0.0,-49999668.980248764,0.0,331.0197512035949,,,,
2022-06-24,0.6903502941131592,0.6286184787750244,1.3619217840327138,0,,,,,0,0,0.0,-49999668.980248764,0.0,331.0197512035949,,,,
2022-06-27,0.6943383812904358,0.6314287781715393,1.1248015233384212,0,,,,,0,0,0.0,-49999668.980248764,0.0,331.0197512035949,,,,
2022-06-28,0.6922522783279419,0.6294097900390625,1.1304740766613117,0,,,,,0,0,0.0,-49999668.980248764,0.0,331.0197512035949,,,,
2022-06-29,0.6904398798942566,0.6237096786499023,0.031564653411495495,0,,,,,0,0,0.0,-49999668.980248764,0.0,331.0197512035949,,,,
2022-06-30,0.6880465745925903,0.6225099563598633,0.3052804731270182,0,,,,,0,0,0.0,-49999668.980248764,0.0,331.0197512035949,,,,
2022-07-01,0.6897598505020142,0.6240288615226746,0.22684963577573897,0,,,,,0,0,0.0,-49999668.980248764,0.0,331.0197512035949,,,,
2022-07-04,0.6815796494483948,0.6208789348602295,1.3918386652723105,0,,,,,0,0,0.0,-49999668.980248764,0.0,331.0197512035949,,,,
2022-07-05,0.6873797178268433,0.6215696930885315,0.025896926806642257,0,,,,,0,0,0.0,-49999668.980248764,0.0,331.0197512035949,,,,
2022-07-06,0.6793201565742493,0.6165912747383118,0.7079349529037491,0,,,,,0,0,0.0,-49999668.980248764,0.0,331.0197512035949,,,,
2022-07-07,0.6786000728607178,0.6155001521110535,0.5187549125871418,0,,,,,0,0,0.0,-49999668.980248764,0.0,331.0197512035949,,,,
2022-07-08,0.6849000453948975,0.6179094910621643,-0.8798393191337719,0,,,,,0,0,0.0,-49999668.980248764,0.0,331.0197512035949,,,,
2022-07-11,0.6845798492431641,0.6186090111732483,-0.529874270250401,0,,,,,0,0,0.0,-49999668.980248764,0.0,331.0197512035949,,,,
2022-07-12,0.6743316054344177,0.6122311353683472,0.7296617267796848,0,,,,,0,0,0.0,-49999668.980248764,0.0,331.0197512035949,,,,
2022-07-13,0.674700140953064,0.612321138381958,0.5652084011648066,0,,,,,0,0,0.0,-49999668.980248764,0.0,331.0197512035949,,,,
2022-07-14,0.6732302308082581,0.6108586192131042,0.5006978473775001,0,,,,,0,0,0.0,-49999668.980248764,0.0,331.0197512035949,,,,
2022-07-15,0.6754885315895081,0.6130305528640747,0.4339513114751126,0,,,,,0,0,0.0,-49999668.980248764,0.0,331.0197512035949,,,,
2022-07-18,0.6814774870872498,0.6189689040184021,0.5815914313502487,0,,,,,0,0,0.0,-49999668.980248764,0.0,331.0197512035949,,,,
2022-07-19,0.6810198426246643,0.6153202652931213,-1.1596415401106712,0,,,,,0,0,0.0,-49999668.980248764,0.0,331.0197512035949,,,,
2022-07-20,0.6897978782653809,0.6233597993850708,-1.226704981152392,0,,,,,0,0,0.0,-49999668.980248764,0.0,331.0197512035949,,,,
2022-07-21,0.6887384057044983,0.6225215792655945,-1.0293215948824705,0,,,,,0,0,0.0,-49999668.980248764,0.0,331.0197512035949,,,,
2022-07-22,0.692290186882019,0.6243990063667297,-1.6268441355772096,0,,,,,0,0,0.0,-49999668.980248764,0.0,331.0197512035949,,,,
2022-07-25,0.6904694437980652,0.6233908534049988,-1.1295333996782206,0,,,,,0,0,0.0,-49999668.980248764,0.0,331.0197512035949,,,,
2022-07-26,0.6951202750205994,0.625840961933136,-1.8460351979408451,0,,,,,0,0,0.0,-49999668.980248764,0.0,331.0197512035949,,,,
2022-07-27,0.6947387456893921,0.624130129814148,-2.113352614760159,0,,,,,0,0,0.0,-49999668.980248764,0.0,331.0197512035949,,,,
2022-07-28,0.6994900107383728,0.6260290145874023,-2.484333235185241,0,,,,,0,0,0.0,-49999668.980248764,0.0,331.0197512035949,,,,
2022-07-29,0.7000839710235596,0.6295682787895203,-1.3299496941139428,0,,,,,0,0,0.0,-49999668.980248764,0.0,331.0197512035949,,,,
2022-08-01,0.6971215605735779,0.6279119849205017,-0.8702116600255277,0,,,,,0,0,0.0,-49999668.980248764,0.0,331.0197512035949,,,,
2022-08-02,0.7023902535438538,0.6331799030303955,-0.730830880017353,0,,,,,0,0,0.0,-49999668.980248764,0.0,331.0197512035949,,,,
2022-08-03,0.6890298128128052,0.6221303939819336,-0.10515109537500288,0,,,,,0,0,0.0,-49999668.980248764,0.0,331.0197512035949,,,,
2022-08-04,0.693899929523468,0.6267392039299011,-0.06133278576878446,0,,,,,0,0,0.0,-49999668.980248764,0.0,331.0197512035949,,,,
2022-08-05,0.6959198713302612,0.6297110319137573,0.28857068267525493,0,,,,,0,0,0.0,-49999668.980248764,0.0,331.0197512035949,,,,
2022-08-08,0.6902502179145813,0.6239704489707947,0.17044668196709906,0,,,,,0,0,0.0,-49999668.980248764,0.0,331.0197512035949,,,,
2022-08-09,0.6987700462341309,0.6289387345314026,-0.868525992012807,0,,,,,0,0,0.0,-49999668.980248764,0.0,331.0197512035949,,,,
2022-08-10,0.6957005858421326,0.6285789608955383,0.1603236170565407,0,,,,,0,0,0.0,-49999668.980248764,0.0,331.0197512035949,,,,
2022-08-11,0.7078142762184143,0.64063960313797,0.4556337397310116,0,,,,,0,0,0.0,-49999668.980248764,0.0,331.0197512035949,,,,
2022-08-12,0.7102898359298706,0.6434219479560852,0.7552673783195396,0,,,,,0,0,0.0,-49999668.980248764,0.0,331.0197512035949,,,,
2022-08-15,0.7116677761077881,0.6449490785598755,1.0330863087046704,0,,,,,0,0,0.0,-49999668.980248764,0.0,331.0197512035949,,,,
2022-08-16,0.7020002603530884,0.6362901926040649,1.2644011391085432,0,,,,,0,0,0.0,-49999668.980248764,0.0,331.0197512035949,,,,
2022-08-17,0.7019400596618652,0.6343407034873962,0.3260837476701115,0,,,,,0,0,0.0,-49999668.980248764,0.0,331.0197512035949,,,,
2022-08-18,0.693040132522583,0.6276084780693054,1.1654676981327485,0,,,,,0,0,0.0,-49999668.980248764,0.0,331.0197512035949,,,,
2022-08-19,0.691119909286499,0.6245003938674927,0.49775374868783273,0,,,,,0,0,0.0,-49999668.980248764,0.0,331.0197512035949,,,,
2022-08-22,0.6877105832099915,0.6176198124885559,-1.1701570102314336,0,,,,,0,0,0.0,-49999668.980248764,0.0,331.0197512035949,,,,
2022-08-23,0.6878700256347656,0.6176690459251404,-1.1566607849337154,0,,,,,0,0,0.0,-49999668.980248764,0.0,331.0197512035949,,,,
2022-08-24,0.6923002004623413,0.620728611946106,-1.6109416135576073,0,,,,,0,0,0.0,-49999668.980248764,0.0,331.0197512035949,,,,
2022-08-25,0.6907985806465149,0.6181692481040955,-2.171842319673387,0,,,,,0,0,0.0,-49999668.980248764,0.0,331.0197512035949,,,,
2022-08-26,0.6963981986045837,0.6216701865196228,-2.448858829613882,0,,,,,0,0,0.0,-49999668.980248764,0.0,331.0197512035949,,,,
2022-08-29,0.6866905689239502,0.6112992763519287,-2.3120020805834987,0,,,,,0,0,0.0,-49999668.980248764,0.0,331.0197512035949,,,,
2022-08-30,0.6907508373260498,0.6160708069801331,-1.7534940864614803,0,,,,,0,0,0.0,-49999668.980248764,0.0,331.0197512035949,,,,
2022-08-31,0.6857398152351379,0.6132185459136963,-1.0740967448852792,0,,,,,0,0,0.0,-49999668.980248764,0.0,331.0197512035949,,,,
2022-09-01,0.6828502416610718,0.6111199259757996,-0.8055365291361156,0,,,,,0,0,0.0,-49999668.980248764,0.0,331.0197512035949,,,,
2022-09-02,0.6795302033424377,0.6084908843040466,-0.5824906925402448,0,,,,,0,0,0.0,-49999668.980248764,0.0,331.0197512035949,,,,
2022-09-05,0.6790295243263245,0.6086316108703613,-0.3446937468745447,0,,,,,0,0,0.0,-49999668.980248764,0.0,331.0197512035949,,,,
2022-09-06,0.6813998818397522,0.6105490922927856,-0.41694932786495476,0,,,,,0,0,0.0,-49999668.980248764,0.0,331.0197512035949,,,,
2022-09-07,0.6730109453201294,0.6033000349998474,-0.14634659348153903,0,,,,,0,0,0.0,-49999668.980248764,0.0,331.0197512035949,,,,
2022-09-08,0.6751401424407959,0.6062516570091248,0.1837688434007899,0,,,,,0,0,0.0,-49999668.980248764,0.0,331.0197512035949,,,,
2022-09-09,0.6765899658203125,0.6070399284362793,0.06881127828412904,0,,,,,0,0,0.0,-49999668.980248764,0.0,331.0197512035949,,,,
2022-09-12,0.6846998333930969,0.611291766166687,-0.9749016812852451,0,,,,,0,0,0.0,-49999668.980248764,0.0,331.0197512035949,,,,
2022-09-13,0.689398467540741,0.6146697402000427,-1.2672195722480537,0,,,,,0,0,0.0,-49999668.980248764,0.0,331.0197512035949,,,,
2022-09-14,0.6743001937866211,0.6005104780197144,-1.0829038526968287,0,,,,,0,0,0.0,-49999668.980248764,0.0,331.0197512035949,,,,
2022-09-15,0.6751797795295715,0.6016883254051208,-0.929408904808984,0,,,,,0,0,0.0,-49999668.980248764,0.0,331.0197512035949,,,,
2022-09-16,0.6687299013137817,0.595770001411438,-0.7955126145850289,0,,,,,0,0,0.0,-49999668.980248764,0.0,331.0197512035949,,,,
2022-09-19,0.6726998686790466,0.5995599627494812,-0.7129487441258802,0,,,,,0,0,0.0,-49999668.980248764,0.0,331.0197512035949,,,,
2022-09-20,0.6733698844909668,0.5966800451278687,-2.1887025086042904,0,,,,,0,0,0.0,-49999668.980248764,0.0,331.0197512035949,,,,
2022-09-21,0.6694202423095703,0.5901898741722107,-2.636237796774396,0,,,,,0,0,0.0,-49999668.980248764,0.0,331.0197512035949,,,,
2022-09-22,0.661010205745697,0.5829408168792725,-1.9597026278896645,0,,,,,0,0,0.0,-49999668.980248764,0.0,331.0197512035949,,,,
2022-09-23,0.66454017162323,0.5848295092582703,-2.065850213623025,0,,,,,0,0,0.0,-49999668.980248764,0.0,331.0197512035949,,,,
2022-09-26,0.653069794178009,0.5741912722587585,-1.7406520976044606,0,,,,,0,0,0.0,-49999668.980248764,0.0,331.0197512035949,,,,
2022-09-27,0.6476000547409058,0.5665497779846191,-2.022884114832236,0,,,,,0,0,0.0,-49999668.980248764,0.0,331.0197512035949,,,,
2022-09-28,0.6438001394271851,0.5631391406059265,-1.703875985451351,0,,,,,0,0,0.0,-49999668.980248764,0.0,331.0197512035949,,,,
2022-09-29,0.6504995822906494,0.5718501210212708,-1.0646626620750999,0,,,,,0,0,0.0,-49999668.980248764,0.0,331.0197512035949,,,,
2022-09-30,0.6512998938560486,0.5742308497428894,-0.6320044787952774,0,,,,,0,0,0.0,-49999668.980248764,0.0,331.0197512035949,,,,
2022-10-03,0.6420958042144775,0.5618608593940735,-1.2972655465126877,0,,,,,0,0,0.0,-49999668.980248764,0.0,331.0197512035949,,,,
2022-10-04,0.6501798629760742,0.5719612836837769,-0.6855272245910824,0,,,,,0,0,0.0,-49999668.980248764,0.0,331.0197512035949,,,,
2022-10-05,0.6514102220535278,0.5737300515174866,-0.47430816710207696,0,,,,,0,0,0.0,-49999668.980248764,0.0,331.0197512035949,,,,
2022-10-06,0.651269793510437,0.5776006579399109,0.6362967545843734,0,,,,,0,0,0.0,-49999668.980248764,0.0,331.0197512035949,,,,
2022-10-07,0.6414409279823303,0.566068708896637,0.1751231248488103,0,,,,,0,0,0.0,-49999668.980248764,0.0,331.0197512035949,,,,
2022-10-10,0.6369832158088684,0.56067955493927,-0.1038258789978901,0,,,,,0,0,0.0,-49999668.980248764,0.0,331.0197512035949,,,,
2022-10-11,0.6294810771942139,0.5572396516799927,1.124985490070099,0,,,,,0,0,0.0,-49999668.980248764,0.0,331.0197512035949,,,,
2022-10-12,0.6266409754753113,0.5584813952445984,2.148353370506003,0,,,,,0,0,0.0,-49999668.980248764,0.0,331.0197512035949,,,,
2022-10-13,0.6277306079864502,0.561138927936554,2.2640859019904647,0,,,,,0,0,0.0,-49999668.980248764,0.0,331.0197512035949,,,,
2022-10-14,0.630099892616272,0.5639108419418335,2.098545324178724,0,,,,,0,0,0.0,-49999668.980248764,0.0,331.0197512035949,,,,
2022-10-17,0.6223937273025513,0.5576000809669495,2.041954601172159,0,,,,,0,0,0.0,-49999668.980248764,0.0,331.0197512035949,,,,
2022-10-18,0.6298815608024597,0.5656684637069702,1.9028067111126277,0,,,,,0,0,0.0,-49999668.980248764,0.0,331.0197512035949,,,,
2022-10-19,0.6316401362419128,0.5694792866706848,1.9440153656897081,0,,,,,0,0,0.0,-49999668.980248764,0.0,331.0197512035949,,,,
2022-10-20,0.6263701915740967,0.566270649433136,1.9062193487218275,0,,,,,0,0,0.0,-49999668.980248764,0.0,331.0197512035949,,,,
2022-10-21,0.6274706721305847,0.5669191479682922,1.614008786381527,0,,,,,0,0,0.0,-49999668.980248764,0.0,331.0197512035949,,,,
2022-10-24,0.6371902227401733,0.5763987898826599,1.4579630927792286,0,,,,,0,0,0.0,-49999668.980248764,0.0,331.0197512035949,,,,
2022-10-25,0.6329598426818848,0.5704994797706604,1.0888550267452415,0,,,,,0,0,0.0,-49999668.980248764,0.0,331.0197512035949,,,,
2022-10-26,0.6385700106620789,0.5743198990821838,0.7890695850435053,0,,,,,0,0,0.0,-49999668.980248764,0.0,331.0197512035949,,,,
2022-10-27,0.6493498086929321,0.5839995741844177,0.6234531376450229,0,,,,,0,0,0.0,-49999668.980248764,0.0,331.0197512035949,,,,
2022-10-28,0.6450905799865723,0.5828015208244324,0.9644460929135613,0,,,,,0,0,0.0,-49999668.980248764,0.0,331.0197512035949,,,,
2022-10-31,0.6401310563087463,0.5801911354064941,1.211012540279897,0,,,,,0,0,0.0,-49999668.980248764,0.0,331.0197512035949,,,,
2022-11-01,0.6409898996353149,0.5825197100639343,1.352454017653872,0,,,,,0,0,0.0,-49999668.980248764,0.0,331.0197512035949,,,,
2022-11-02,0.6396700143814087,0.5847885012626648,1.788042806902623,0,,,,,0,0,0.0,-49999668.980248764,0.0,331.0197512035949,,,,
2022-11-03,0.6338501572608948,0.5813412666320801,1.877300637833917,0,,,,,0,0,0.0,-49999668.980248764,0.0,331.0197512035949,,,,
2022-11-04,0.6288517117500305,0.5769208669662476,1.763470462207643,0,,,,,0,0,0.0,-49999668.980248764,0.0,331.0197512035949,,,,
2022-11-07,0.6439315676689148,0.5894210338592529,1.4058240572730467,0,,,,,0,0,0.0,-49999668.980248764,0.0,331.0197512035949,,,,
2022-11-08,0.6474796533584595,0.5940182209014893,1.5346937391385858,0,,,,,0,0,0.0,-49999668.980248764,0.0,331.0197512035949,,,,
2022-11-09,0.65091872215271,0.5963206887245178,1.2310869583472663,0,,,,,0,0,0.0,-49999668.980248764,0.0,331.0197512035949,,,,
2022-11-10,0.6434178352355957,0.5886300206184387,1.0245447282734281,0,,,,,0,0,0.0,-49999668.980248764,0.0,331.0197512035949,,,,
2022-11-11,0.6606900691986084,0.6017788648605347,0.25777871893007387,0,,,,,0,0,0.0,-49999668.980248764,0.0,331.0197512035949,,,,
2022-11-14,0.6698821187019348,0.610530436038971,0.18035771857499353,0,,,,,0,0,0.0,-49999668.980248764,0.0,331.0197512035949,,,,
2022-11-15,0.669189989566803,0.6089985370635986,-0.0991371255758812,0,,,,,0,0,0.0,-49999668.980248764,0.0,331.0197512035949,,,,
2022-11-16,0.6769499778747559,0.6165608167648315,-0.1102567405051217,0,,,,,0,0,0.0,-49999668.980248764,0.0,331.0197512035949,,,,
2022-11-17,0.6739497780799866,0.6150288581848145,0.18952323772370622,0,,,,,0,0,0.0,-49999668.980248764,0.0,331.0197512035949,,,,
2022-11-18,0.6689200401306152,0.6128915548324585,0.7956801414547636,0,,,,,0,0,0.0,-49999668.980248764,0.0,331.0197512035949,,,,
2022-11-21,0.6682080030441284,0.6167814135551453,1.7161042216819846,0,,,,,0,0,0.0,-49999668.980248764,0.0,331.0197512035949,,,,
2022-11-22,0.6607800126075745,0.6098490357398987,1.5660334594837293,0,,,,,0,0,0.0,-49999668.980248764,0.0,331.0197512035949,,,,
2022-11-23,0.66498202085495,0.6156498193740845,1.8061878059985386,0,,,,,0,0,0.0,-49999668.980248764,0.0,331.0197512035949,,,,
2022-11-24,0.6743502020835876,0.6252813935279846,1.8496958837868183,0,,,,,0,0,0.0,-49999668.980248764,0.0,331.0197512035949,,,,
2022-11-25,0.6765598058700562,0.6259702444076538,1.3873157704020473,0,,,,,0,0,0.0,-49999668.980248764,0.0,331.0197512035949,,,,
2022-11-28,0.6711905002593994,0.6216701865196228,1.4502232520482494,0,,,,,0,0,0.0,-49999668.980248764,0.0,331.0197512035949,,,,
2022-11-29,0.665198802947998,0.616401195526123,1.4068400284006883,0,,,,,0,0,0.0,-49999668.980248764,0.0,331.0197512035949,,,,
2022-11-30,0.668408989906311,0.6196900010108948,1.309986431162657,0,,,,,0,0,0.0,-49999668.980248764,0.0,331.0197512035949,,,,
2022-12-01,0.6799598932266235,0.6314406991004944,1.3428252495575952,0,,,,,0,0,0.0,-49999668.980248764,0.0,331.0197512035949,,,,
2022-12-02,0.6811015009880066,0.6369791626930237,1.9962486010698641,0,,,,,0,0,0.0,-49999668.980248764,0.0,331.0197512035949,,,,
2022-12-05,0.6813009977340698,0.6404590606689453,2.175310782342288,0,,,,,0,0,0.0,-49999668.980248764,0.0,331.0197512035949,,,,
2022-12-06,0.6707807779312134,0.6322599649429321,2.067955116403625,0,,,,,0,0,0.0,-49999668.980248764,0.0,331.0197512035949,,,,
2022-12-07,0.6698821187019348,0.6324390769004822,1.8890947766538322,0,,,,,0,0,0.0,-49999668.980248764,0.0,331.0197512035949,,,,
2022-12-08,0.6726998686790466,0.6354088187217712,1.6754485441757807,0,,,,,0,0,0.0,-49999668.980248764,0.0,331.0197512035949,,,,
2022-12-09,0.6776500344276428,0.637860894203186,1.245534466908668,0,,,,,0,0,0.0,-49999668.980248764,0.0,331.0197512035949,,,,
2022-12-12,0.6781408190727234,0.6393207907676697,1.251172502631063,0,,,,,0,0,0.0,-49999668.980248764,0.0,331.0197512035949,,,,
2022-12-13,0.6754000186920166,0.638781726360321,1.4015300456990807,0,,,,,0,0,0.0,-49999668.980248764,0.0,331.0197512035949,,,,
2022-12-14,0.6842299699783325,0.6453902721405029,1.0773961427747691,0,,,,,0,0,0.0,-49999668.980248764,0.0,331.0197512035949,,,,
2022-12-15,0.6857798099517822,0.6453902721405029,0.7958166598046892,0,,,,,0,0,0.0,-49999668.980248764,0.0,331.0197512035949,,,,
2022-12-16,0.6705918908119202,0.6343004107475281,1.2543171579680892,0,,,,,0,0,0.0,-49999668.980248764,0.0,331.0197512035949,,,,
2022-12-19,0.6687487363815308,0.6371496915817261,1.7893702985396698,0,,,,,0,0,0.0,-49999668.980248764,0.0,331.0197512035949,,,,
2022-12-20,0.6707807779312134,0.6361606121063232,1.1966717820461588,0,,,,,0,0,0.0,-49999668.980248764,0.0,331.0197512035949,,,,
2022-12-21,0.6688498258590698,0.6344292163848877,1.1045158298326423,0,,,,,0,0,0.0,-49999668.980248764,0.0,331.0197512035949,,,,
2022-12-22,0.6716818809509277,0.6289505958557129,-0.3419654501023976,0,,,,,0,0,0.0,-49999668.980248764,0.0,331.0197512035949,,,,
2022-12-23,0.6678001284599304,0.6251992583274841,-0.4527090873082799,0,,,,,0,0,0.0,-49999668.980248764,0.0,331.0197512035949,,,,
2022-12-26,0.6712490320205688,0.6292901635169983,-0.4058176266206243,0,,,,,0,0,0.0,-49999668.980248764,0.0,331.0197512035949,,,,
2022-12-27,0.674458920955658,0.6306999325752258,-0.8834849945887195,0,,,,,0,0,0.0,-49999668.980248764,0.0,331.0197512035949,,,,
2022-12-28,0.6729927659034729,0.6273289918899536,-1.4755783422411195,0,,,,,0,0,0.0,-49999668.980248764,0.0,331.0197512035949,,,,
2022-12-29,0.6747100949287415,0.6318396925926208,-0.9373282211722456,0,,,,,0,0,0.0,-49999668.980248764,0.0,331.0197512035949,,,,
2022-12-30,0.6766000390052795,0.6345902681350708,-0.7212848604011057,0,,,,,0,0,0.0,-49999668.980248764,0.0,331.0197512035949,,,,
2023-01-02,0.6823097467422485,0.6374799013137817,-1.324334879637705,0,,,,,0,0,0.0,-49999668.980248764,0.0,331.0197512035949,,,,
2023-01-03,0.6805600523948669,0.6326391100883484,-1.8560447422627009,0,,,,,0,0,0.0,-49999668.980248764,0.0,331.0197512035949,,,,
2023-01-04,0.6727999448776245,0.6247110962867737,-1.7143163569072195,0,,,,,0,0,0.0,-49999668.980248764,0.0,331.0197512035949,,,,
2023-01-05,0.6829108595848083,0.6285117864608765,-2.3841510654823383,0,,,,,0,0,0.0,-49999668.980248764,0.0,331.0197512035949,,,,
2023-01-06,0.6755697727203369,0.6230801343917847,-1.7896620077377146,0,,,,,0,0,0.0,-49999668.980248764,0.0,331.0197512035949,,,,
2023-01-09,0.689398467540741,0.6359097957611084,-1.6148644323259427,0,,,,,0,0,0.0,-49999668.980248764,0.0,331.0197512035949,,,,
2023-01-10,0.6909699440002441,0.6369507908821106,-1.4956842471453207,0,,,,,0,0,0.0,-49999668.980248764,0.0,331.0197512035949,,,,
2023-01-11,0.6895001530647278,0.6371902227401733,-1.1203113509697749,0,,,,,0,0,0.0,-49999668.980248764,0.0,331.0197512035949,,,,
2023-01-12,0.6910998225212097,0.6367682814598083,-1.2669718633341613,0,,,,,0,0,0.0,-49999668.980248764,0.0,331.0197512035949,,,,
2023-01-13,0.6967815160751343,0.638781726360321,-1.5682258627689853,0,,,,,0,0,0.0,-49999668.980248764,0.0,331.0197512035949,,,,
2023-01-16,0.6973500847816467,0.6385084390640259,-1.577595867294302,0,,,,,0,0,0.0,-49999668.980248764,0.0,331.0197512035949,,,,
2023-01-17,0.6966398358345032,0.6389898657798767,-1.3125876457745853,0,,,,,0,0,0.0,-49999668.980248764,0.0,331.0197512035949,,,,
2023-01-18,0.6988413333892822,0.6432895064353943,-0.9165717692627652,0,,,,,0,0,0.0,-49999668.980248764,0.0,331.0197512035949,,,,
2023-01-19,0.6944000720977783,0.6445499658584595,0.12441890417916703,0,,,,,0,0,0.0,-49999668.980248764,0.0,331.0197512035949,,,,
2023-01-20,0.691399872303009,0.6395497918128967,-0.20555187648293363,0,,,,,0,0,0.0,-49999668.980248764,0.0,331.0197512035949,,,,
2023-01-23,0.6982703804969788,0.648908257484436,0.42438615916286404,0,,,,,0,0,0.0,-49999668.980248764,0.0,331.0197512035949,,,,
2023-01-24,0.702928364276886,0.6490219235420227,-0.3981801832539515,0,,,,,0,0,0.0,-49999668.980248764,0.0,331.0197512035949,,,,
2023-01-25,0.7046719789505005,0.6493295431137085,-0.6175610171940918,0,,,,,0,0,0.0,-49999668.980248764,0.0,331.0197512035949,,,,
2023-01-26,0.7108199596405029,0.6484116911888123,-1.910203705590148,0,,,,,0,0,0.0,-49999668.980248764,0.0,331.0197512035949,,,,
2023-01-27,0.7113898396492004,0.6490893363952637,-1.787064304651906,0,,,,,0,0,0.0,-49999668.980248764,0.0,331.0197512035949,,,,
2023-01-30,0.7107977271080017,0.6492199301719666,-1.5265014409826299,0,,,,,0,0,0.0,-49999668.980248764,0.0,331.0197512035949,,,,
2023-01-31,0.7058099508285522,0.6468890905380249,-0.84037394853937,0,,,,,0,0,0.0,-49999668.980248764,0.0,331.0197512035949,,,,
2023-02-01,0.7051399946212769,0.6438201069831848,-1.352096040253114,0,,,,,0,0,0.0,-49999668.980248764,0.0,331.0197512035949,,,,
2023-02-02,0.7145000696182251,0.6516398787498474,-1.461544974037971,0,,,,,0,0,0.0,-49999668.980248764,0.0,331.0197512035949,,,,
2023-02-03,0.7074687480926514,0.6477187275886536,-0.6890399680118579,0,,,,,0,0,0.0,-49999668.980248764,0.0,331.0197512035949,,,,
2023-02-06,0.6920798420906067,0.6327711939811707,-0.6854397633972489,0,,,,,0,0,0.0,-49999668.980248764,0.0,331.0197512035949,,,,
2023-02-07,0.6887801885604858,0.6308802366256714,-0.32248322077069,0,,,,,0,0,0.0,-49999668.980248764,0.0,331.0197512035949,,,,
2023-02-08,0.6964598298072815,0.6321991682052612,-1.6234859080007285,0,,,,,0,0,0.0,-49999668.980248764,0.0,331.0197512035949,,,,
2023-02-09,0.6930001974105835,0.6314606666564941,-0.908389105306611,0,,,,,0,0,0.0,-49999668.980248764,0.0,331.0197512035949,,,,
2023-02-10,0.6939384341239929,0.6327512264251709,-0.7608730398600172,0,,,,,0,0,0.0,-49999668.980248764,0.0,331.0197512035949,,,,
2023-02-13,0.6913477778434753,0.6312298774719238,-0.5146138795660296,0,,,,,0,0,0.0,-49999668.980248764,0.0,331.0197512035949,,,,
2023-02-14,0.6970000863075256,0.6361404061317444,-0.5844801911053592,0,,,,,0,0,0.0,-49999668.980248764,0.0,331.0197512035949,,,,
2023-02-15,0.6987583041191101,0.6335489153862,-1.4011614056221238,0,,,,,0,0,0.0,-49999668.980248764,0.0,331.0197512035949,,,,
2023-02-16,0.690689742565155,0.6279789805412292,-0.8657618214361902,0,,,,,0,0,0.0,-49999668.980248764,0.0,331.0197512035949,,,,
2023-02-17,0.6862400770187378,0.6245394349098206,-0.5955456091028862,0,,,,,0,0,0.0,-49999668.980248764,0.0,331.0197512035949,,,,
2023-02-20,0.686940610408783,0.6236202716827393,-1.0879699893326225,0,,,,,0,0,0.0,-49999668.980248764,0.0,331.0197512035949,,,,
2023-02-21,0.6909002065658569,0.6257705092430115,-1.6586286222284028,0,,,,,0,0,0.0,-49999668.980248764,0.0,331.0197512035949,,,,
2023-02-22,0.686190128326416,0.6216199398040771,-1.535061186960203,0,,,,,0,0,0.0,-49999668.980248764,0.0,331.0197512035949,,,,
2023-02-23,0.6812916994094849,0.6224014759063721,0.9527409354465544,0,,,,,0,0,0.0,-49999668.980248764,0.0,331.0197512035949,,,,
2023-02-24,0.6810133457183838,0.6230801343917847,1.258351614216849,0,,,,,0,0,0.0,-49999668.980248764,0.0,331.0197512035949,,,,
2023-02-27,0.6735684871673584,0.6165608167648315,1.374846830558585,0,,,,,0,0,0.0,-49999668.980248764,0.0,331.0197512035949,,,,
2023-02-28,0.6743001937866211,0.6164202094078064,1.0465050938931724,0,,,,,0,0,0.0,-49999668.980248764,0.0,331.0197512035949,,,,
2023-03-01,0.6730788350105286,0.6186893582344055,2.072669437863615,0,,,,,0,0,0.0,-49999668.980248764,0.0,331.0197512035949,,,,
2023-03-02,0.6759798526763916,0.6256999969482422,2.6733721870248863,0,,,,,0,0,0.0,-49999668.980248764,0.0,331.0197512035949,,,,
2023-03-03,0.6735000014305115,0.6221303939819336,1.9824957982723213,0,,,,,0,0,0.0,-49999668.980248764,0.0,331.0197512035949,,,,
2023-03-06,0.6754611730575562,0.6209598779678345,1.1202215141647358,0,,,,,0,0,0.0,-49999668.980248764,0.0,331.0197512035949,,,,
2023-03-07,0.6733099818229675,0.6198398470878601,1.2517185814732403,0,,,,,0,0,0.0,-49999668.980248764,0.0,331.0197512035949,,,,
2023-03-08,0.6591001749038696,0.6111199259757996,2.0130629112557923,0,,,,,0,0,0.0,-49999668.980248764,0.0,331.0197512035949,,,,
2023-03-09,0.6594000458717346,0.6114711761474609,1.7452681213972063,0,,,,,0,0,0.0,-49999668.980248764,0.0,331.0197512035949,,,,
2023-03-10,0.6591001749038696,0.6101207137107849,1.3672804510718928,0,,,,,0,0,0.0,-49999668.980248764,0.0,331.0197512035949,,,,
2023-03-13,0.6634203791618347,0.6160799264907837,1.5080822866072163,0,,,,,0,0,0.0,-49999668.980248764,0.0,331.0197512035949,,,,
2023-03-14,0.6659198999404907,0.6216315627098083,1.7741620922597547,0,,,,,0,0,0.0,-49999668.980248764,0.0,331.0197512035949,,,,
2023-03-15,0.6689097881317139,0.6230685114860535,1.3960620830633685,0,,,,,0,0,0.0,-49999668.980248764,0.0,331.0197512035949,,,,
2023-03-16,0.6618300080299377,0.6164582371711731,1.2787801761616218,0,,,,,0,0,0.0,-49999668.980248764,0.0,331.0197512035949,,,,
2023-03-17,0.6663401126861572,0.6203396916389465,1.0974746057474356,0,,,,,0,0,0.0,-49999668.980248764,0.0,331.0197512035949,,,,
2023-03-20,0.6713212132453918,0.6273211240768433,1.3297429437096304,0,,,,,0,0,0.0,-49999668.980248764,0.0,331.0197512035949,,,,
2023-03-21,0.6716899871826172,0.6242586970329285,0.7067932027413761,0,,,,,0,0,0.0,-49999668.980248764,0.0,331.0197512035949,,,,
2023-03-22,0.667789876461029,0.6192985773086548,0.4048177441833849,0,,,,,0,0,0.0,-49999668.980248764,0.0,331.0197512035949,,,,
2023-03-23,0.6699314713478088,0.6232509613037109,0.7407629280628423,0,,,,,0,0,0.0,-49999668.980248764,0.0,331.0197512035949,,,,
2023-03-24,0.6681597828865051,0.6246915459632874,1.3537064500622542,0,,,,,0,0,0.0,-49999668.980248764,0.0,331.0197512035949,,,,
2023-03-27,0.665530800819397,0.6211102604866028,1.0217981979870676,0,,,,,0,0,0.0,-49999668.980248764,0.0,331.0197512035949,,,,
2023-03-28,0.6660095453262329,0.620351254940033,0.6582375726112841,0,,,,,0,0,0.0,-49999668.980248764,0.0,331.0197512035949,,,,
2023-03-29,0.6706907749176025,0.6253712773323059,0.7612379424236667,0,,,,,0,0,0.0,-49999668.980248764,0.0,331.0197512035949,,,,
2023-03-30,0.6682482361793518,0.6221303939819336,0.3962629765195067,0,,,,,0,0,0.0,-49999668.980248764,0.0,331.0197512035949,,,,
2023-03-31,0.6716818809509277,0.6269789338111877,0.8466613125105225,0,,,,,0,0,0.0,-49999668.980248764,0.0,331.0197512035949,,,,
2023-04-03,0.6658897995948792,0.6224905848503113,1.223238854030328,0,,,,,0,0,0.0,-49999668.980248764,0.0,331.0197512035949,,,,
2023-04-04,0.6788502335548401,0.6302706599235535,-1.0660828111207024,0,,,,,0,0,0.0,-49999668.980248764,0.0,331.0197512035949,,,,
2023-04-05,0.6758081316947937,0.6315284371376038,1.1172140711773326,0,,,,,0,0,0.0,-49999668.980248764,0.0,331.0197512035949,,,,
2023-04-06,0.6716683506965637,0.6318516731262207,2.668906211199615,0,,,,,0,0,0.0,-49999668.980248764,0.0,331.0197512035949,,,,
2023-04-07,0.6676012873649597,0.6245706081390381,1.0360814603167383,0,,,,,0,0,0.0,-49999668.980248764,0.0,331.0197512035949,,,,
2023-04-10,0.6673500537872314,0.6255004405975342,1.4366976441840882,0,,,,,0,0,0.0,-49999668.980248764,0.0,331.0197512035949,,,,
2023-04-11,0.6648299694061279,0.6227386593818665,1.1692489685586096,0,,,,,0,0,0.0,-49999668.980248764,0.0,331.0197512035949,,,,
2023-04-12,0.6654002070426941,0.6195096373558044,-0.559313336781343,0,,,,,0,0,0.0,-49999668.980248764,0.0,331.0197512035949,,,,
2023-04-13,0.6699000597000122,0.6218286752700806,-1.3440039328263549,0,,,,,0,0,0.0,-49999668.980248764,0.0,331.0197512035949,,,,
2023-04-14,0.6783998608589172,0.6303500533103943,-1.0994107362826562,0,,,,,0,0,0.0,-49999668.980248764,0.0,331.0197512035949,,,,
2023-04-17,0.6705199480056763,0.6201512217521667,-1.8956505670141441,0,,,,,0,0,0.0,-49999668.980248764,0.0,331.0197512035949,,,,
2023-04-18,0.6700401306152344,0.618268609046936,-2.0859697286756855,0,,,,,0,0,0.0,-49999668.980248764,0.0,331.0197512035949,,,,
2023-04-19,0.6735698580741882,0.6215118169784546,-1.9061077759553005,0,,,,,0,0,0.0,-49999668.980248764,0.0,331.0197512035949,,,,
2023-04-20,0.6705514192581177,0.6161999106407166,-2.18732137937954,0,,,,,0,0,0.0,-49999668.980248764,0.0,331.0197512035949,,,,
2023-04-21,0.6743178963661194,0.6179285645484924,-2.187750588301341,0,,,,,0,0,0.0,-49999668.980248764,0.0,331.0197512035949,,,,
2023-04-24,0.6693485379219055,0.614341139793396,-1.6660811607298411,0,,,,,0,0,0.0,-49999668.980248764,0.0,331.0197512035949,,,,
2023-04-25,0.6703805327415466,0.6175889372825623,-1.0703496738295606,0,,,,,0,0,0.0,-49999668.980248764,0.0,331.0197512035949,,,,
2023-04-26,0.663640022277832,0.6147415041923523,-0.2810321423798885,0,,,,,0,0,0.0,-49999668.980248764,0.0,331.0197512035949,,,,
2023-04-27,0.6608380675315857,0.6120887398719788,-0.24608513072253296,0,,,,,0,0,0.0,-49999668.980248764,0.0,331.0197512035949,,,,
2023-04-28,0.6630398035049438,0.6146394610404968,-0.1093866539692175,0,,,,,0,0,0.0,-49999668.980248764,0.0,331.0197512035949,,,,
2023-05-01,0.6612401008605957,0.6172115802764893,0.8230831214938644,0,,,,,0,0,0.0,-49999668.980248764,0.0,331.0197512035949,,,,
2023-05-02,0.6622801423072815,0.6164810061454773,0.42796179750321267,0,,,,,0,0,0.0,-49999668.980248764,0.0,331.0197512035949,,,,
2023-05-03,0.6673001646995544,0.6226611733436584,0.7398234322291531,0,,,,,0,0,0.0,-49999668.980248764,0.0,331.0197512035949,,,,
2023-05-04,0.6641517877578735,0.6208904981613159,1.118271937066406,0,,,,,0,0,0.0,-49999668.980248764,0.0,331.0197512035949,,,,
2023-05-05,0.6696098446846008,0.6290218234062195,1.6884807968850106,0,,,,,0,0,0.0,-49999668.980248764,0.0,331.0197512035949,,,,
2023-05-08,0.6747683882713318,0.6299212574958801,0.86004198630003,0,,,,,0,0,0.0,-49999668.980248764,0.0,331.0197512035949,,,,
2023-05-09,0.6780994534492493,0.6338581442832947,1.0760080945790136,0,,,,,0,0,0.0,-49999668.980248764,0.0,331.0197512035949,,,,
2023-05-10,0.6766906976699829,0.6338782906532288,1.2992725358909214,0,,,,,0,0,0.0,-49999668.980248764,0.0,331.0197512035949,,,,
2023-05-11,0.6781914234161377,0.6371212005615234,1.5166375587824974,0,,,,,0,0,0.0,-49999668.980248764,0.0,331.0197512035949,,,,
2023-05-12,0.669989824295044,0.6294216513633728,1.3874397777200378,0,,,,,0,0,0.0,-49999668.980248764,0.0,331.0197512035949,,,,
2023-05-15,0.6646903157234192,0.6195594668388367,0.38544395163587536,0,,,,,0,0,0.0,-49999668.980248764,0.0,331.0197512035949,,,,
2023-05-16,0.6703001260757446,0.6243288516998291,0.21628146672198637,0,,,,,0,0,0.0,-49999668.980248764,0.0,331.0197512035949,,,,
2023-05-17,0.6657789945602417,0.6237408518791199,0.8814664804902186,0,,,,,0,0,0.0,-49999668.980248764,0.0,331.0197512035949,,,,
2023-05-18,0.6655617952346802,0.624609649181366,1.0132763951383867,0,,,,,0,0,0.0,-49999668.980248764,0.0,331.0197512035949,,,,
2023-05-19,0.6629980802536011,0.6235813498497009,1.2749348981016098,0,,,,,0,0,0.0,-49999668.980248764,0.0,331.0197512035949,,,,
2023-05-22,0.666100025177002,0.6284209489822388,1.688741052375395,0,,,,,0,0,0.0,-49999668.980248764,0.0,331.0197512035949,,,,
2023-05-23,0.6649687886238098,0.6286303400993347,1.9215426692654782,0,,,,,0,0,0.0,-49999668.980248764,0.0,331.0197512035949,,,,
2023-05-24,0.6613581776618958,0.6250195503234863,1.689159705620986,0,,,,,0,0,0.0,-49999668.980248764,0.0,331.0197512035949,,,,
2023-05-25,0.6545102000236511,0.610608696937561,-0.6371273600099594,0,,,,,0,0,0.0,-49999668.980248764,0.0,331.0197512035949,,,,
2023-05-26,0.6498485803604126,0.6053400635719299,-1.0182792251303399,0,,,,,0,0,0.0,-49999668.980248764,0.0,331.0197512035949,,,,
2023-05-29,0.6526989340782166,0.6057815551757812,-1.6115751110077408,0,,,,,0,0,0.0,-49999668.980248764,0.0,331.0197512035949,,,,
2023-05-30,0.6528502106666565,0.6044487357139587,-1.8816200823944582,0,,,,,0,0,0.0,-49999668.980248764,0.0,331.0197512035949,,,,
2023-05-31,0.6517800092697144,0.6046789884567261,-1.4050944099143539,0,,,,,0,0,0.0,-49999668.980248764,0.0,331.0197512035949,,,,
2023-06-01,0.6506401300430298,0.6025112867355347,-1.5209058881454423,0,,,,,0,0,0.0,-49999668.980248764,0.0,331.0197512035949,,,,
2023-06-02,0.657799482345581,0.6065789461135864,-1.8916929539726635,0,,,,,0,0,0.0,-49999668.980248764,0.0,331.0197512035949,,,,
2023-06-05,0.6599997878074646,0.6058182716369629,-2.1193923235557013,0,,,,,0,0,0.0,-49999668.980248764,0.0,331.0197512035949,,,,
2023-06-06,0.6613494157791138,0.6070613265037537,-1.8235050013992826,0,,,,,0,0,0.0,-49999668.980248764,0.0,331.0197512035949,,,,
2023-06-07,0.6679089665412903,0.6078399419784546,-2.2644962652630545,0,,,,,0,0,0.0,-49999668.980248764,0.0,331.0197512035949,,,,
2023-06-08,0.665860116481781,0.6042296290397644,-2.087599778257743,0,,,,,0,0,0.0,-49999668.980248764,0.0,331.0197512035949,,,,
2023-06-09,0.671259880065918,0.609440267086029,-1.7888053865465245,0,,,,,0,0,0.0,-49999668.980248764,0.0,331.0197512035949,,,,
2023-06-12,0.6744998693466187,0.6130606532096863,-1.5171369940560278,0,,,,,0,0,0.0,-49999668.980248764,0.0,331.0197512035949,,,,
2023-06-13,0.6753101944923401,0.6129103302955627,-1.4433447866468492,0,,,,,0,0,0.0,-49999668.980248764,0.0,331.0197512035949,,,,
2023-06-14,0.6769289374351501,0.6159418225288391,-1.149025127573622,0,,,,,0,0,0.0,-49999668.980248764,0.0,331.0197512035949,,,,
2023-06-15,0.6796895265579224,0.6196900010108948,-0.9284537422380316,0,,,,,0,0,0.0,-49999668.980248764,0.0,331.0197512035949,,,,
2023-06-16,0.688029944896698,0.623538613319397,-1.2519365370919693,0,,,,,0,0,0.0,-49999668.980248764,0.0,331.0197512035949,,,,
2023-06-19,0.6875999569892883,0.6232001185417175,-1.145806381264925,0,,,,,0,0,0.0,-49999668.980248764,0.0,331.0197512035949,,,,
2023-06-20,0.6851379871368408,0.6202396750450134,-1.1486337957535526,0,,,,,0,0,0.0,-49999668.980248764,0.0,331.0197512035949,,,,
2023-06-21,0.6788820624351501,0.6166787147521973,-0.8049828042366546,0,,,,,0,0,0.0,-49999668.980248764,0.0,331.0197512035949,,,,
2023-06-22,0.6798702478408813,0.6207093596458435,-0.27330081310507826,0,,,,,0,0,0.0,-49999668.980248764,0.0,331.0197512035949,,,,
2023-06-23,0.6760699152946472,0.6182800531387329,0.014342480172678695,0,,,,,0,0,0.0,-49999668.980248764,0.0,331.0197512035949,,,,
2023-06-26,0.6680517792701721,0.614870011806488,0.8706561997059188,0,,,,,0,0,0.0,-49999668.980248764,0.0,331.0197512035949,,,,
2023-06-27,0.6674498319625854,0.6163100004196167,1.3116762791488745,0,,,,,0,0,0.0,-49999668.980248764,0.0,331.0197512035949,,,,
2023-06-28,0.668140172958374,0.6157407760620117,1.2061135563424128,0,,,,,0,0,0.0,-49999668.980248764,0.0,331.0197512035949,,,,
2023-06-29,0.6600616574287415,0.6074300408363342,1.207499690811301,0,,,,,0,0,0.0,-49999668.980248764,0.0,331.0197512035949,,,,
2023-06-30,0.6619710922241211,0.606678307056427,0.7028236956772563,0,,,,,0,0,0.0,-49999668.980248764,0.0,331.0197512035949,,,,
2023-07-03,0.6658321619033813,0.6132185459136963,1.3310479804090307,0,,,,,0,0,0.0,-49999668.980248764,0.0,331.0197512035949,,,,
2023-07-04,0.6674097180366516,0.6156005859375,1.4462324552949972,0,,,,,0,0,0.0,-49999668.980248764,0.0,331.0197512035949,,,,
2023-07-05,0.6692701578140259,0.619809091091156,1.7206573125136264,0,,,,,0,0,0.0,-49999668.980248764,0.0,331.0197512035949,,,,
2023-07-06,0.6656903028488159,0.6176995635032654,1.7230092849640986,0,,,,,0,0,0.0,-49999668.980248764,0.0,331.0197512035949,,,,
2023-07-07,0.6628398895263672,0.616351842880249,1.7225911925709139,0,,,,,0,0,0.0,-49999668.980248764,0.0,331.0197512035949,,,,
2023-07-10,0.6688382029533386,0.6205899715423584,1.3028568710963104,0,,,,,0,0,0.0,-49999668.980248764,0.0,331.0197512035949,,,,
2023-07-11,0.667900025844574,0.6206515431404114,1.3207276828532821,0,,,,,0,0,0.0,-49999668.980248764,0.0,331.0197512035949,,,,
2023-07-12,0.6693798899650574,0.6199589371681213,0.8667932232853497,0,,,,,0,0,0.0,-49999668.980248764,0.0,331.0197512035949,,,,
2023-07-13,0.6792786121368408,0.6305209994316101,0.9599150250522872,0,,,,,0,0,0.0,-49999668.980248764,0.0,331.0197512035949,,,,
2023-07-14,0.6888617873191833,0.6391900181770325,0.8029159222394525,0,,,,,0,0,0.0,-49999668.980248764,0.0,331.0197512035949,,,,
2023-07-17,0.6837793588638306,0.6365818381309509,1.1437936837687404,0,,,,,0,0,0.0,-49999668.980248764,0.0,331.0197512035949,,,,
2023-07-18,0.6810500025749207,0.6321192383766174,0.7312888111224444,0,,,,,0,0,0.0,-49999668.980248764,0.0,331.0197512035949,,,,
2023-07-19,0.6814821362495422,0.6296991109848022,-0.07703685437395234,0,,,,,0,0,0.0,-49999668.980248764,0.0,331.0197512035949,,,,
2023-07-20,0.6769999265670776,0.6262878179550171,0.0610327139751611,0,,,,,0,0,0.0,-49999668.980248764,0.0,331.0197512035949,,,,
2023-07-21,0.6778190732002258,0.6230296492576599,-1.5222159860777205,0,,,,,0,0,0.0,-49999668.980248764,0.0,331.0197512035949,,,,
2023-07-24,0.6725800037384033,0.6169000864028931,-1.790200369478465,0,,,,,0,0,0.0,-49999668.980248764,0.0,331.0197512035949,,,,
2023-07-25,0.6733009219169617,0.6200205087661743,-0.8739657438765633,0,,,,,0,0,0.0,-49999668.980248764,0.0,331.0197512035949,,,,
2023-07-26,0.6787599325180054,0.6216585636138916,-1.8604926958029573,0,,,,,0,0,0.0,-49999668.980248764,0.0,331.0197512035949,,,,
2023-07-27,0.6759999394416809,0.6212299466133118,-1.1151214336124549,0,,,,,0,0,0.0,-49999668.980248764,0.0,331.0197512035949,,,,
2023-07-28,0.6711859703063965,0.6187467575073242,-0.540997608871732,0,,,,,0,0,0.0,-49999668.980248764,0.0,331.0197512035949,,,,
2023-07-31,0.6660805344581604,0.6160100698471069,0.11935896902968685,0,,,,,0,0,0.0,-49999668.980248764,0.0,331.0197512035949,,,,
2023-08-01,0.6716818809509277,0.6204898357391357,-0.18195618569834993,0,,,,,0,0,0.0,-49999668.980248764,0.0,331.0197512035949,,,,
2023-08-02,0.6617608070373535,0.614148736000061,0.8232982314213112,0,,,,,0,0,0.0,-49999668.980248764,0.0,331.0197512035949,,,,
2023-08-03,0.6544999480247498,0.6086301207542419,1.22582527972055,0,,,,,0,0,0.0,-49999668.980248764,0.0,331.0197512035949,,,,
2023-08-04,0.6561206579208374,0.6082391738891602,0.6496668208001153,0,,,,,0,0,0.0,-49999668.980248764,0.0,331.0197512035949,,,,
2023-08-07,0.657371461391449,0.6100090146064758,0.8296413106454433,0,,,,,0,0,0.0,-49999668.980248764,0.0,331.0197512035949,,,,
2023-08-08,0.6572591066360474,0.6106571555137634,1.0713738616640718,0,,,,,0,0,0.0,-49999668.980248764,0.0,331.0197512035949,,,,
2023-08-09,0.6531601548194885,0.6056678295135498,0.6923462564151386,0,,,,,0,0,0.0,-49999668.980248764,0.0,331.0197512035949,,,,
2023-08-10,0.6536802053451538,0.606207549571991,0.7040693415779802,0,,,,,0,0,0.0,-49999668.980248764,0.0,331.0197512035949,,,,
2023-08-11,0.6512498259544373,0.6013337969779968,-0.08927627443128366,0,,,,,0,0,0.0,-49999668.980248764,0.0,331.0197512035949,,,,
2023-08-14,0.6495404839515686,0.5984584093093872,-0.42290029802352275,0,,,,,0,0,0.0,-49999668.980248764,0.0,331.0197512035949,,,,
2023-08-15,0.6488400101661682,0.5974786281585693,-0.46773833722236396,0,,,,,0,0,0.0,-49999668.980248764,0.0,331.0197512035949,,,,
2023-08-16,0.6457903981208801,0.5957380533218384,-0.06803103802560895,0,,,,,0,0,0.0,-49999668.980248764,0.0,331.0197512035949,,,,
2023-08-17,0.6414697170257568,0.5931304097175598,0.43726970180884445,0,,,,,0,0,0.0,-49999668.980248764,0.0,331.0197512035949,,,,
2023-08-18,0.6406888961791992,0.5925890803337097,0.43717246234190954,0,,,,,0,0,0.0,-49999668.980248764,0.0,331.0197512035949,,,,
2023-08-21,0.6414697170257568,0.5926803946495056,0.11924526493718737,0,,,,,0,0,0.0,-49999668.980248764,0.0,331.0197512035949,,,,
2023-08-22,0.6414080262184143,0.5929685831069946,0.1944398634237158,0,,,,,0,0,0.0,-49999668.980248764,0.0,331.0197512035949,,,,
2023-08-23,0.6427999138832092,0.5940676331520081,-0.038782960310345345,0,,,,,0,0,0.0,-49999668.980248764,0.0,331.0197512035949,,,,
2023-08-24,0.6480587720870972,0.5974286794662476,-1.0835305969271907,0,,,,,0,0,0.0,-49999668.980248764,0.0,331.0197512035949,,,,
2023-08-25,0.6413956880569458,0.591957688331604,-0.654881294911801,0,,,,,0,0,0.0,-49999668.980248764,0.0,331.0197512035949,,,,
2023-08-28,0.6416714191436768,0.5910863876342773,-1.2450559600781321,0,,,,,0,0,0.0,-49999668.980248764,0.0,331.0197512035949,,,,
2023-08-29,0.6428180932998657,0.5907477140426636,-1.8502456234035178,0,,,,,0,0,0.0,-49999668.980248764,0.0,331.0197512035949,,,,
2023-08-30,0.647659957408905,0.5967476963996887,-1.0023116523973126,0,,,,,0,0,0.0,-49999668.980248764,0.0,331.0197512035949,,,,
2023-08-31,0.6478782296180725,0.5952983498573303,-1.7349536376680057,0,,,,,0,0,0.0,-49999668.980248764,0.0,331.0197512035949,,,,
2023-09-01,0.6488408446311951,0.5976964831352234,-0.8361949218768071,0,,,,,0,0,0.0,-49999668.980248764,0.0,331.0197512035949,,,,
2023-09-04,0.6452862024307251,0.5942582488059998,-0.7819172252338583,0,,,,,0,0,0.0,-49999668.980248764,0.0,331.0197512035949,,,,
2023-09-05,0.6458100080490112,0.5937396287918091,-1.3126584608398177,0,,,,,0,0,0.0,-49999668.980248764,0.0,331.0197512035949,,,,
2023-09-06,0.6375396251678467,0.58841872215271,0.43154307503398254,0,,,,,0,0,0.0,-49999668.980248764,0.0,331.0197512035949,,,,
2023-09-07,0.6383001804351807,0.5870990753173828,-0.9453348311460107,0,,,,,0,0,0.0,-49999668.980248764,0.0,331.0197512035949,,,,
2023-09-08,0.6377400159835815,0.588200032711029,0.3485428185276644,0,,,,,0,0,0.0,-49999668.980248764,0.0,331.0197512035949,,,,
2023-09-11,0.6397993564605713,0.5901411175727844,0.2930806557194199,0,,,,,0,0,0.0,-49999668.980248764,0.0,331.0197512035949,,,,
2023-09-12,0.643200159072876,0.5916810035705566,-1.0208167937695103,0,,,,,0,0,0.0,-49999668.980248764,0.0,331.0197512035949,,,,
2023-09-13,0.6428180932998657,0.5909885764122009,-1.1576481988913476,0,,,,,0,0,0.0,-49999668.980248764,0.0,331.0197512035949,,,,
2023-09-14,0.6421617865562439,0.5920312404632568,0.1689851604999543,0,,,,,0,0,0.0,-49999668.980248764,0.0,331.0197512035949,,,,
2023-09-15,0.6432398557662964,0.5906001329421997,-1.6271501092370826,0,,,,,0,0,0.0,-49999668.980248764,0.0,331.0197512035949,,,,
2023-09-18,0.6440501809120178,0.5905383825302124,-1.9798742300152243,0,,,,,0,0,0.0,-49999668.980248764,0.0,331.0197512035949,,,,
2023-09-19,0.643960177898407,0.5921399593353271,-0.6363414830291172,0,,,,,0,0,0.0,-49999668.980248764,0.0,331.0197512035949,,,,
2023-09-20,0.646600067615509,0.5951495170593262,-0.14507240458435572,0,,,,,0,0,0.0,-49999668.980248764,0.0,331.0197512035949,,,,
2023-09-21,0.6436100006103516,0.5925294160842896,0.09536197176072012,0,,,,,0,0,0.0,-49999668.980248764,0.0,331.0197512035949,,,,
2023-09-22,0.6409598588943481,0.5931796431541443,2.523166784916843,0,,,,,0,0,0.0,-49999668.980248764,0.0,331.0197512035949,,,,
2023-09-25,0.6440999507904053,0.595710039138794,1.8628182155814899,0,,,,,0,0,0.0,-49999668.980248764,0.0,331.0197512035949,,,,
2023-09-26,0.6422001123428345,0.5967299342155457,2.7936787656586364,0,,,,,0,0,0.0,-49999668.980248764,0.0,331.0197512035949,,,,
2023-09-27,0.6393861770629883,0.5947707891464233,2.4655827743089325,0,,,,,0,0,0.0,-49999668.980248764,0.0,331.0197512035949,,,,
2023-09-28,0.634759783744812,0.591621458530426,2.3926065476059035,0,,,,,0,0,0.0,-49999668.980248764,0.0,331.0197512035949,,,,
2023-09-29,0.6427974700927734,0.5964398384094238,1.1937747214221042,0,,,,,0,0,0.0,-49999668.980248764,0.0,331.0197512035949,,,,
2023-10-02,0.6437202095985413,0.5995886921882629,1.735827877906172,0,,,,,0,0,0.0,-49999668.980248764,0.0,331.0197512035949,,,,
2023-10-03,0.6362699270248413,0.5941911935806274,1.9468720125466323,0,,,,,0,0,0.0,-49999668.980248764,0.0,331.0197512035949,,,,
2023-10-04,0.6308901309967041,0.5913485288619995,2.1536977347500783,0,,,,,0,0,0.0,-49999668.980248764,0.0,331.0197512035949,,,,
2023-10-05,0.6329101920127869,0.5918700695037842,1.5694361946369453,0,,,,,0,0,0.0,-49999668.980248764,0.0,331.0197512035949,,,,
2023-10-06,0.6371049880981445,0.596640944480896,1.544262951291967,0,,,,,0,0,0.0,-49999668.980248764,0.0,331.0197512035949,,,,
2023-10-09,0.6371999979019165,0.5972787737846375,1.4748103109536257,0,,,,,0,0,0.0,-49999668.980248764,0.0,331.0197512035949,,,,
2023-10-10,0.6420900225639343,0.6031108498573303,1.528941405904951,0,,,,,0,0,0.0,-49999668.980248764,0.0,331.0197512035949,,,,
2023-10-11,0.643347442150116,0.6041894555091858,1.3504095654299964,0,,,,,0,0,0.0,-49999668.980248764,0.0,331.0197512035949,,,,
2023-10-12,0.6418097615242004,0.6019490957260132,1.0756093192363219,0,,,,,0,0,0.0,-49999668.980248764,0.0,331.0197512035949,,,,
2023-10-13,0.6316800117492676,0.5921609997749329,0.9607843535188447,0,,,,,0,0,0.0,-49999668.980248764,0.0,331.0197512035949,,,,
2023-10-16,0.6312999725341797,0.5906604528427124,0.6490609780230823,0,,,,,0,0,0.0,-49999668.980248764,0.0,331.0197512035949,,,,
2023-10-17,0.6337798237800598,0.5901515483856201,-0.1303816164193763,0,,,,,0,0,0.0,-49999668.980248764,0.0,331.0197512035949,,,,
2023-10-18,0.6362699270248413,0.5894801616668701,-1.0764513977361823,0,,,,,0,0,0.0,-49999668.980248764,0.0,331.0197512035949,,,,
2023-10-19,0.6332400441169739,0.5853909850120544,-1.585494400334525,0,,,,,0,0,0.0,-49999668.980248764,0.0,331.0197512035949,,,,
2023-10-20,0.6326999664306641,0.5842998623847961,-1.7049757981234486,0,,,,,0,0,0.0,-49999668.980248764,0.0,331.0197512035949,,,,
2023-10-23,0.6320393085479736,0.5829306244850159,-1.846013250892229,0,,,,,0,0,0.0,-49999668.980248764,0.0,331.0197512035949,,,,
2023-10-24,0.6336702108383179,0.5851101279258728,-1.5222197451576747,0,,,,,0,0,0.0,-49999668.980248764,0.0,331.0197512035949,,,,
2023-10-25,0.6360999345779419,0.5846996307373047,-1.946203549747784,0,,,,,0,0,0.0,-49999668.980248764,0.0,331.0197512035949,,,,
2023-10-26,0.6296999454498291,0.5792199373245239,-1.5773412954739758,0,,,,,0,0,0.0,-49999668.980248764,0.0,331.0197512035949,,,,
2023-10-27,0.6335999369621277,0.5828898549079895,-1.4513365766122455,0,,,,,0,0,0.0,-49999668.980248764,0.0,331.0197512035949,,,,
2023-10-30,0.6338903307914734,0.5808415412902832,-1.6998726708324516,0,,,,,0,0,0.0,-49999668.980248764,0.0,331.0197512035949,,,,
2023-10-31,0.637100100517273,0.584030270576477,-1.47815812703675,0,,,,,0,0,0.0,-49999668.980248764,0.0,331.0197512035949,,,,
2023-11-01,0.6339948177337646,0.5807403326034546,-1.3757533293546775,0,,,,,0,0,0.0,-49999668.980248764,0.0,331.0197512035949,,,,
2023-11-02,0.642259955406189,0.5879793763160706,-1.3337246176186888,0,,,,,0,0,0.0,-49999668.980248764,0.0,331.0197512035949,,,,
2023-11-03,0.6427900195121765,0.5895808935165405,-1.0313667063930307,0,,,,,0,0,0.0,-49999668.980248764,0.0,331.0197512035949,,,,
2023-11-06,0.6516865491867065,0.5996102690696716,-0.6778147915916163,0,,,,,0,0,0.0,-49999668.980248764,0.0,331.0197512035949,,,,
2023-11-07,0.6489419341087341,0.5963000655174255,-0.7299116871581973,0,,,,,0,0,0.0,-49999668.980248764,0.0,331.0197512035949,,,,
2023-11-08,0.6430099010467529,0.5936000347137451,-0.05129822422261325,0,,,,,0,0,0.0,-49999668.980248764,0.0,331.0197512035949,,,,
2023-11-09,0.6405698657035828,0.5912017226219177,0.0433524502700274,0,,,,,0,0,0.0,-49999668.980248764,0.0,331.0197512035949,,,,
2023-11-10,0.6361699104309082,0.5889298915863037,0.7387786147321987,0,,,,,0,0,0.0,-49999668.980248764,0.0,331.0197512035949,,,,
2023-11-13,0.6364598870277405,0.5894210338592529,1.1037387479478207,0,,,,,0,0,0.0,-49999668.980248764,0.0,331.0197512035949,,,,
2023-11-14,0.6381002068519592,0.5882906913757324,0.26320881018878556,0,,,,,0,0,0.0,-49999668.980248764,0.0,331.0197512035949,,,,
2023-11-15,0.6499837636947632,0.6004491448402405,0.7109744964498749,0,,,,,0,0,0.0,-49999668.980248764,0.0,331.0197512035949,,,,
2023-11-16,0.6511502265930176,0.6028890609741211,1.3014851105694494,0,,,,,0,0,0.0,-49999668.980248764,0.0,331.0197512035949,,,,
2023-11-17,0.6470816731452942,0.596530556678772,0.20268780661582578,0,,,,,0,0,0.0,-49999668.980248764,0.0,331.0197512035949,,,,
2023-11-20,0.6513597369194031,0.599621057510376,-0.22081290972686213,0,,,,,0,0,0.0,-49999668.980248764,0.0,331.0197512035949,,,,
2023-11-21,0.6564001441001892,0.6039800047874451,-0.3724775703087438,0,,,,,0,0,0.0,-49999668.980248764,0.0,331.0197512035949,,,,
2023-11-22,0.6559097170829773,0.6054185032844543,0.4961102411558881,0,,,,,0,0,0.0,-49999668.980248764,0.0,331.0197512035949,,,,
2023-11-23,0.6542789936065674,0.6021299958229065,-0.31861537143349816,0,,,,,0,0,0.0,-49999668.980248764,0.0,331.0197512035949,,,,
2023-11-24,0.6560100317001343,0.604880154132843,0.1903957575775181,0,,,,,0,0,0.0,-49999668.980248764,0.0,331.0197512035949,,,,
2023-11-27,0.658129870891571,0.6077501177787781,0.5219277261951756,0,,,,,0,0,0.0,-49999668.980248764,0.0,331.0197512035949,,,,
2023-11-28,0.661250114440918,0.6103999614715576,0.2919813674534242,0,,,,,0,0,0.0,-49999668.980248764,0.0,331.0197512035949,,,,
2023-11-29,0.6658999919891357,0.614601731300354,0.0898971803685679,0,,,,,0,0,0.0,-49999668.980248764,0.0,331.0197512035949,,,,
2023-11-30,0.6619009971618652,0.6155892014503479,2.413535101919472,0,,,,,0,0,0.0,-49999668.980248764,0.0,331.0197512035949,,,,
2023-12-01,0.6606799960136414,0.6157673001289368,2.538508399602297,0,,,,,0,0,0.0,-49999668.980248764,0.0,331.0197512035949,,,,
2023-12-04,0.6682884097099304,0.6215388178825378,1.6177346119736884,0,,,,,0,0,0.0,-49999668.980248764,0.0,331.0197512035949,,,,
2023-12-05,0.6617100238800049,0.6165000200271606,1.8912878412759029,0,,,,,0,0,0.0,-49999668.980248764,0.0,331.0197512035949,,,,
2023-12-06,0.6554699540138245,0.613399088382721,2.4176457188908835,0,,,,,0,0,0.0,-49999668.980248764,0.0,331.0197512035949,,,,
2023-12-07,0.6551401019096375,0.6140506863594055,2.2236619061294074,0,,,,,0,0,0.0,-49999668.980248764,0.0,331.0197512035949,,,,
2023-12-08,0.6594479084014893,0.616158127784729,1.4556952421726073,0,,,,,0,0,0.0,-49999668.980248764,0.0,331.0197512035949,,,,
2023-12-11,0.6579799652099609,0.6124711632728577,0.7637164882356023,0,,,,,0,0,0.0,-49999668.980248764,0.0,331.0197512035949,,,,
2023-12-12,0.6565001010894775,0.612291157245636,0.9999495465469979,0,,,,,0,0,0.0,-49999668.980248764,0.0,331.0197512035949,,,,
2023-12-13,0.6564600467681885,0.6137492060661316,1.261889782342233,0,,,,,0,0,0.0,-49999668.980248764,0.0,331.0197512035949,,,,
2023-12-14,0.6665000319480896,0.6190800070762634,0.12715955669479825,0,,,,,0,0,0.0,-49999668.980248764,0.0,331.0197512035949,,,,
2023-12-15,0.6702682375907898,0.6213298439979553,-0.2675828160553216,0,,,,,0,0,0.0,-49999668.980248764,0.0,331.0197512035949,,,,
2023-12-18,0.6698910593986511,0.6209907531738281,-0.32541177279480626,0,,,,,0,0,0.0,-49999668.980248764,0.0,331.0197512035949,,,,
2023-12-19,0.6703715920448303,0.6213804483413696,-0.42695865007519535,0,,,,,0,0,0.0,-49999668.980248764,0.0,331.0197512035949,,,,
2023-12-20,0.6762998700141907,0.6270418167114258,-0.4695905036627163,0,,,,,0,0,0.0,-49999668.980248764,0.0,331.0197512035949,,,,
2023-12-21,0.6739816665649414,0.6253986954689026,-0.3943525928579195,0,,,,,0,0,0.0,-49999668.980248764,0.0,331.0197512035949,,,,
2023-12-22,0.6796802878379822,0.6294692158699036,-0.9199817353042051,0,,,,,0,0,0.0,-49999668.980248764,0.0,331.0197512035949,,,,
2023-12-25,0.6808788776397705,0.6319299340248108,-0.5286333653734595,0,,,,,0,0,0.0,-49999668.980248764,0.0,331.0197512035949,,,,
2023-12-26,0.6806008219718933,0.6306001543998718,-0.9875161073841018,0,,,,,0,0,0.0,-49999668.980248764,0.0,331.0197512035949,,,,
2023-12-27,0.6823800802230835,0.6328513026237488,-0.8849219786499882,0,,,,,0,0,0.0,-49999668.980248764,0.0,331.0197512035949,,,,
2023-12-28,0.6854700446128845,0.6349488496780396,-1.1243037042776034,0,,,,,0,0,0.0,-49999668.980248764,0.0,331.0197512035949,,,,
2023-12-29,0.6826302409172058,0.6334887742996216,-0.5747527002167327,0,,,,,0,0,0.0,-49999668.980248764,0.0,331.0197512035949,,,,
2024-01-01,0.6820491552352905,0.6319698691368103,-0.8802864351749801,0,,,,,0,0,0.0,-49999668.980248764,0.0,331.0197512035949,,,,
2024-01-02,0.6810504198074341,0.6315284371376038,-0.6193110765249871,0,,,,,0,0,0.0,-49999668.980248764,0.0,331.0197512035949,,,,
2024-01-03,0.6765698194503784,0.625,-1.3753303959590752,0,,,,,0,0,0.0,-49999668.980248764,0.0,331.0197512035949,,,,
2024-01-04,0.6736002564430237,0.6251289248466492,-0.07722068265904312,0,,,,,0,0,0.0,-49999668.980248764,0.0,331.0197512035949,,,,
2024-01-05,0.6706593036651611,0.6231298446655273,0.46222527213262976,0,,,,,0,0,0.0,-49999668.980248764,0.0,331.0197512035949,,,,
2024-01-08,0.6716412901878357,0.6248789429664612,0.9498263378043773,0,,,,,0,0,0.0,-49999668.980248764,0.0,331.0197512035949,,,,
2024-01-09,0.6720001101493835,0.6251797676086426,1.0745999926209204,0,,,,,0,0,0.0,-49999668.980248764,0.0,331.0197512035949,,,,
2024-01-10,0.6684702038764954,0.6238303184509277,2.736022638832359,0,,,,,0,0,0.0,-49999668.980248764,0.0,331.0197512035949,,,,
2024-01-11,0.6703999042510986,0.6229597926139832,0.7825270876411469,0,,,,,0,0,0.0,-49999668.980248764,0.0,331.0197512035949,,,,
2024-01-12,0.6698498129844666,0.6242314577102661,1.7737031003922419,0,,,,,0,0,0.0,-49999668.980248764,0.0,331.0197512035949,,,,
2024-01-15,0.6689097881317139,0.6232999563217163,1.5391460528101881,0,,,,,0,0,0.0,-49999668.980248764,0.0,331.0197512035949,,,,
2024-01-16,0.6650399565696716,0.6190685629844666,1.094651717697017,0,,,,,0,0,0.0,-49999668.980248764,0.0,331.0197512035949,,,,
2024-01-17,0.6588900089263916,0.6140884160995483,1.4333096421127927,0,,,,,0,0,0.0,-49999668.980248764,0.0,331.0197512035949,,,,
2024-01-18,0.6551997661590576,0.611340343952179,1.6279440243778542,0,,,,,0,0,0.0,-49999668.980248764,0.0,331.0197512035949,,,,
2024-01-19,0.6582845449447632,0.6120250821113586,0.38880442689445005,0,,,,,0,0,0.0,-49999668.980248764,0.0,331.0197512035949,,,,
2024-01-22,0.6595479249954224,0.6118303537368774,-0.3682113992824661,0,,,,,0,0,0.0,-49999668.980248764,0.0,331.0197512035949,,,,
2024-01-23,0.6570599675178528,0.607389509677887,-1.4203908029900094,0,,,,,0,0,0.0,-49999668.980248764,0.0,331.0197512035949,,,,
2024-01-24,0.6586300730705261,0.610340416431427,-0.6655654905135512,0,,,,,0,0,0.0,-49999668.980248764,0.0,331.0197512035949,,,,
2024-01-25,0.6576697826385498,0.6108586192131042,0.023890382394166496,0,,,,,0,0,0.0,-49999668.980248764,0.0,331.0197512035949,,,,
2024-01-26,0.6585879921913147,0.6108884811401367,-0.4491611251216645,0,,,,,0,0,0.0,-49999668.980248764,0.0,331.0197512035949,,,,
2024-01-29,0.6578601002693176,0.609289824962616,-0.9677369115983189,0,,,,,0,0,0.0,-49999668.980248764,0.0,331.0197512035949,,,,
2024-01-30,0.6614194512367249,0.613481879234314,-0.5513765139044466,0,,,,,0,0,0.0,-49999668.980248764,0.0,331.0197512035949,,,,
2024-01-31,0.659480094909668,0.613180935382843,0.22775849460720152,0,,,,,0,0,0.0,-49999668.980248764,0.0,331.0197512035949,,,,
2024-02-01,0.656150758266449,0.611190915107727,0.9123478010788666,0,,,,,0,0,0.0,-49999668.980248764,0.0,331.0197512035949,,,,
2024-02-02,0.6574898362159729,0.6145714521408081,1.9273866203367374,0,,,,,0,0,0.0,-49999668.980248764,0.0,331.0197512035949,,,,
2024-02-05,0.6505080461502075,0.6064502000808716,0.9941541426131901,0,,,,,0,0,0.0,-49999668.980248764,0.0,331.0197512035949,,,,
2024-02-06,0.6480293273925781,0.6053085327148438,1.500189281109734,0,,,,,0,0,0.0,-49999668.980248764,0.0,331.0197512035949,,,,
2024-02-07,0.6529674530029297,0.6099792718887329,1.4106655540824657,0,,,,,0,0,0.0,-49999668.980248764,0.0,331.0197512035949,,,,
2024-02-08,0.6521880626678467,0.6109594106674194,1.9350278697355028,0,,,,,0,0,0.0,-49999668.980248764,0.0,331.0197512035949,,,,
2024-02-09,0.6497599482536316,0.6107914447784424,2.3382795746743175,0,,,,,0,0,0.0,-49999668.980248764,0.0,331.0197512035949,,,,
2024-02-12,0.6525583267211914,0.6147717237472534,2.284392140780235,0,,,,,0,0,0.0,-49999668.980248764,0.0,331.0197512035949,,,,
2024-02-13,0.6528898477554321,0.6127901673316956,1.3730882750852942,0,,,,,0,0,0.0,-49999668.980248764,0.0,331.0197512035949,,,,
2024-02-14,0.6453399062156677,0.6057815551757812,1.296103020300178,0,,,,,0,0,0.0,-49999668.980248764,0.0,331.0197512035949,,,,
2024-02-15,0.6498798131942749,0.609061598777771,0.9246279882607712,0,,,,,0,0,0.0,-49999668.980248764,0.0,331.0197512035949,,,,
2024-02-16,0.6525498628616333,0.6111199259757996,0.7142897714067813,0,,,,,0,0,0.0,-49999668.980248764,0.0,331.0197512035949,,,,
2024-02-19,0.6537913680076599,0.6136400103569031,0.9909392493438655,0,,,,,0,0,0.0,-49999668.980248764,0.0,331.0197512035949,,,,
2024-02-20,0.6530783176422119,0.6142581701278687,1.2572558446961954,0,,,,,0,0,0.0,-49999668.980248764,0.0,331.0197512035949,,,,
2024-02-21,0.6553500890731812,0.616819441318512,1.2548423722545599,0,,,,,0,0,0.0,-49999668.980248764,0.0,331.0197512035949,,,,
2024-02-22,0.6553199887275696,0.6180316805839539,1.457844012307008,0,,,,,0,0,0.0,-49999668.980248764,0.0,331.0197512035949,,,,
2024-02-23,0.6559101939201355,0.6195287704467773,1.5700781863147824,0,,,,,0,0,0.0,-49999668.980248764,0.0,331.0197512035949,,,,
2024-02-26,0.6565384864807129,0.6186893582344055,1.082849226755279,0,,,,,0,0,0.0,-49999668.980248764,0.0,331.0197512035949,,,,
2024-02-27,0.6539598107337952,0.6167091131210327,1.1870742610669007,0,,,,,0,0,0.0,-49999668.980248764,0.0,331.0197512035949,,,,
2024-02-28,0.6543898582458496,0.6170287728309631,1.0903918790456517,0,,,,,0,0,0.0,-49999668.980248764,0.0,331.0197512035949,,,,
2024-02-29,0.6494700312614441,0.6097100377082825,-0.046816012016992245,0,,,,,0,0,0.0,-49999668.980248764,0.0,331.0197512035949,,,,
2024-03-01,0.6498401165008545,0.6085797548294067,-0.7501768656238726,0,,,,,0,0,0.0,-49999668.980248764,0.0,331.0197512035949,,,,
2024-03-04,0.6527883410453796,0.6103813648223877,-1.3426654266415912,0,,,,,0,0,0.0,-49999668.980248764,0.0,331.0197512035949,,,,
2024-03-05,0.6507620811462402,0.6096594333648682,-0.8412857712637997,0,,,,,0,0,0.0,-49999668.980248764,0.0,331.0197512035949,,,,
2024-03-06,0.6503900289535522,0.6087798476219177,-1.2062105923734285,0,,,,,0,0,0.0,-49999668.980248764,0.0,331.0197512035949,,,,
2024-03-07,0.6566298604011536,0.6127901673316956,-1.9910339065337666,0,,,,,0,0,0.0,-49999668.980248764,0.0,331.0197512035949,,,,
2024-03-08,0.6621301770210266,0.6178789138793945,-1.776519006738334,0,,,,,0,0,0.0,-49999668.980248764,0.0,331.0197512035949,,,,
2024-03-11,0.6624314785003662,0.6179400086402893,-1.6422341724445044,0,,,,,0,0,0.0,-49999668.980248764,0.0,331.0197512035949,,,,
2024-03-12,0.6615506410598755,0.6170782446861267,-1.470426247120681,0,,,,,0,0,0.0,-49999668.980248764,0.0,331.0197512035949,,,,
2024-03-13,0.6607297658920288,0.614960789680481,-1.7297947269755076,0,,,,,0,0,0.0,-49999668.980248764,0.0,331.0197512035949,,,,
2024-03-14,0.6627599000930786,0.6165000200271606,-1.6469446154404235,0,,,,,0,0,0.0,-49999668.980248764,0.0,331.0197512035949,,,,
2024-03-15,0.6579297780990601,0.6124786734580994,-1.320053229106213,0,,,,,0,0,0.0,-49999668.980248764,0.0,331.0197512035949,,,,
2024-03-18,0.6557978987693787,0.608698308467865,-1.6362283896058956,0,,,,,0,0,0.0,-49999668.980248764,0.0,331.0197512035949,,,,
2024-03-19,0.655750572681427,0.6082687973976135,-1.5389868529087234,0,,,,,0,0,0.0,-49999668.980248764,0.0,331.0197512035949,,,,
2024-03-20,0.6526401042938232,0.6048984527587891,-1.465969438921355,0,,,,,0,0,0.0,-49999668.980248764,0.0,331.0197512035949,,,,
2024-03-21,0.6597799062728882,0.6089614629745483,-1.9143244632038663,0,,,,,0,0,0.0,-49999668.980248764,0.0,331.0197512035949,,,,
2024-03-22,0.657418966293335,0.6046388149261475,-2.1174067538904775,0,,,,,0,0,0.0,-49999668.980248764,0.0,331.0197512035949,,,,
2024-03-25,0.6515804529190063,0.5990211963653564,-1.867269404708704,0,,,,,0,0,0.0,-49999668.980248764,0.0,331.0197512035949,,,,
2024-03-26,0.6538896560668945,0.6001608371734619,-1.8807778950477194,0,,,,,0,0,0.0,-49999668.980248764,0.0,331.0197512035949,,,,
2024-03-27,0.6538982391357422,0.6007593870162964,-1.6082394190806752,0,,,,,0,0,0.0,-49999668.980248764,0.0,331.0197512035949,,,,
2024-03-28,0.6521999835968018,0.5992509126663208,-1.4329313064768585,0,,,,,0,0,0.0,-49999668.980248764,0.0,331.0197512035949,,,,
2024-03-29,0.6516780853271484,0.5974700450897217,-1.5428386960131517,0,,,,,0,0,0.0,-49999668.980248764,0.0,331.0197512035949,,,,
2024-04-01,0.6533001661300659,0.5986589789390564,-1.4499347464247436,0,,,,,0,0,0.0,-49999668.980248764,0.0,331.0197512035949,,,,
2024-04-02,0.6487903594970703,0.5952416062355042,-1.1501764859405528,0,,,,,0,0,0.0,-49999668.980248764,0.0,331.0197512035949,,,,
2024-04-03,0.651439905166626,0.5969401001930237,-1.2308556934555885,0,,,,,0,0,0.0,-49999668.980248764,0.0,331.0197512035949,,,,
2024-04-04,0.6568998694419861,0.6014711856842041,-1.2610369031086068,0,,,,,0,0,0.0,-49999668.980248764,0.0,331.0197512035949,,,,
2024-04-05,0.6587702035903931,0.6027800440788269,-1.2522572635232,0,,,,,0,0,0.0,-49999668.980248764,0.0,331.0197512035949,,,,
2024-04-08,0.6570215821266174,0.6004491448402405,-1.2931326351873949,0,,,,,0,0,0.0,-49999668.980248764,0.0,331.0197512035949,,,,
2024-04-09,0.6604998111724854,0.6034383773803711,-1.2735390101443502,0,,,,,0,0,0.0,-49999668.980248764,0.0,331.0197512035949,,,,
2024-04-10,0.662850022315979,0.6067924499511719,-0.9062035253195734,0,,,,,0,0,0.0,-49999668.980248764,0.0,331.0197512035949,,,,
2024-04-11,0.6507201194763184,0.5974607467651367,-0.21323596717154292,0,,,,,0,0,0.0,-49999668.980248764,0.0,331.0197512035949,,,,
2024-04-12,0.6540607213973999,0.600121259689331,-0.2817124202838548,0,,,,,0,0,0.0,-49999668.980248764,0.0,331.0197512035949,,,,
2024-04-15,0.6475803256034851,0.594558596611023,0.05149961682067006,0,,,,,0,0,0.0,-49999668.980248764,0.0,331.0197512035949,,,,
2024-04-16,0.644250214099884,0.5902804136276245,-0.30823256622638856,0,,,,,0,0,0.0,-49999668.980248764,0.0,331.0197512035949,,,,
2024-04-17,0.6412801146507263,0.5892091989517212,0.9271277190423324,0,,,,,0,0,0.0,-49999668.980248764,0.0,331.0197512035949,,,,
2024-04-18,0.6439813375473022,0.5912995934486389,0.8098621619015671,0,,,,,0,0,0.0,-49999668.980248764,0.0,331.0197512035949,,,,
2024-04-19,0.6424699425697327,0.5903501510620117,1.2021321346549685,0,,,,,0,0,0.0,-49999668.980248764,0.0,331.0197512035949,,,,
2024-04-22,0.6425991654396057,0.5900297164916992,0.8838700374570926,0,,,,,0,0,0.0,-49999668.980248764,0.0,331.0197512035949,,,,
2024-04-23,0.6452862024307251,0.5921199917793274,0.49463508389508176,0,,,,,0,0,0.0,-49999668.980248764,0.0,331.0197512035949,,,,
2024-04-24,0.6488901376724243,0.5936902165412903,-0.9116512197867075,0,,,,,0,0,0.0,-49999668.980248764,0.0,331.0197512035949,,,,
2024-04-25,0.6496999263763428,0.593591570854187,-1.4333620927405508,0,,,,,0,0,0.0,-49999668.980248764,0.0,331.0197512035949,,,,
2024-04-26,0.6523199677467346,0.5958410501480103,-1.4482158368823208,0,,,,,0,0,0.0,-49999668.980248764,0.0,331.0197512035949,,,,
2024-04-29,0.6541398763656616,0.5947707891464233,-2.6198819452271267,0,,,,,0,0,0.0,-49999668.980248764,0.0,331.0197512035949,,,,
2024-04-30,0.6561899185180664,0.5971611142158508,-1.9836094140066582,0,,,,,0,0,0.0,-49999668.980248764,0.0,331.0197512035949,,,,
2024-05-01,0.6478001475334167,0.5879517197608948,-2.1329634715737003,0,,,,,0,0,0.0,-49999668.980248764,0.0,331.0197512035949,,,,
2024-05-02,0.653190016746521,0.5930107831954956,-1.8532719332912075,0,,,,,0,0,0.0,-49999668.980248764,0.0,331.0197512035949,,,,
2024-05-03,0.6571398973464966,0.5963882803916931,-1.7440422233350332,0,,,,,0,0,0.0,-49999668.980248764,0.0,331.0197512035949,,,,
2024-05-06,0.6609079837799072,0.6007593870162964,-1.3296199119364291,0,,,,,0,0,0.0,-49999668.980248764,0.0,331.0197512035949,,,,
2024-05-07,0.6623920202255249,0.6009507179260254,-1.5650381806726332,0,,,,,0,0,0.0,-49999668.980248764,0.0,331.0197512035949,,,,
2024-05-08,0.6589199900627136,0.5997199416160583,-0.8231319581781269,0,,,,,0,0,0.0,-49999668.980248764,0.0,331.0197512035949,,,,
2024-05-09,0.657680094242096,0.6004202961921692,-0.170727783069099,0,,,,,0,0,0.0,-49999668.980248764,0.0,331.0197512035949,,,,
2024-05-10,0.6620998978614807,0.6036205291748047,-0.43993608770172915,0,,,,,0,0,0.0,-49999668.980248764,0.0,331.0197512035949,,,,
2024-05-13,0.6601008772850037,0.6018512845039368,-0.32892438264554297,0,,,,,0,0,0.0,-49999668.980248764,0.0,331.0197512035949,,,,
2024-05-14,0.6612882018089294,0.6023406982421875,-0.48474220003340324,0,,,,,0,0,0.0,-49999668.980248764,0.0,331.0197512035949,,,,
2024-05-15,0.6626027226448059,0.6043282151222229,-0.14975164893625845,0,,,,,0,0,0.0,-49999668.980248764,0.0,331.0197512035949,,,,
2024-05-16,0.6701065301895142,0.6130606532096863,0.5357362167154356,0,,,,,0,0,0.0,-49999668.980248764,0.0,331.0197512035949,,,,
2024-05-17,0.6683151721954346,0.6124201416969299,1.1118807904712606,0,,,,,0,0,0.0,-49999668.980248764,0.0,331.0197512035949,,,,
2024-05-20,0.6700705885887146,0.6136701107025146,1.0837032589409301,0,,,,,0,0,0.0,-49999668.980248764,0.0,331.0197512035949,,,,
2024-05-21,0.6672093272209167,0.6108101606369019,1.1853763270524482,0,,,,,0,0,0.0,-49999668.980248764,0.0,331.0197512035949,,,,
2024-05-22,0.6667097806930542,0.6093807816505432,0.7388750593852568,0,,,,,0,0,0.0,-49999668.980248764,0.0,331.0197512035949,,,,
2024-05-23,0.6619185209274292,0.6100090146064758,2.7460773128860527,0,,,,,0,0,0.0,-49999668.980248764,0.0,331.0197512035949,,,,
2024-05-24,0.6601487994194031,0.609730064868927,2.5809044733185287,0,,,,,0,0,0.0,-49999668.980248764,0.0,331.0197512035949,,,,
2024-05-27,0.6624007821083069,0.6121711730957031,2.184460186223364,0,,,,,0,0,0.0,-49999668.980248764,0.0,331.0197512035949,,,,
2024-05-28,0.6655617952346802,0.6152294278144836,1.866852964447228,0,,,,,0,0,0.0,-49999668.980248764,0.0,331.0197512035949,,,,
2024-05-29,0.6647999286651611,0.6140695810317993,1.5427944556669593,0,,,,,0,0,0.0,-49999668.980248764,0.0,331.0197512035949,,,,
2024-05-30,0.6613699793815613,0.6113590598106384,1.5017726458877019,0,,,,,0,0,0.0,-49999668.980248764,0.0,331.0197512035949,,,,
2024-05-31,0.6630301475524902,0.6116507053375244,1.0657064594916688,0,,,,,0,0,0.0,-49999668.980248764,0.0,331.0197512035949,,,,
2024-06-03,0.6656903028488159,0.6148586869239807,1.1247779049206414,0,,,,,0,0,0.0,-49999668.980248764,0.0,331.0197512035949,,,,
2024-06-04,0.669008195400238,0.6193599700927734,1.359005403898547,0,,,,,0,0,0.0,-49999668.980248764,0.0,331.0197512035949,,,,
2024-06-05,0.6646201014518738,0.6174706816673279,1.7426472244356495,0,,,,,0,0,0.0,-49999668.980248764,0.0,331.0197512035949,,,,
2024-06-06,0.6657789945602417,0.6196286082267761,1.747299762965948,0,,,,,0,0,0.0,-49999668.980248764,0.0,331.0197512035949,,,,
2024-06-07,0.6669601202011108,0.6197015643119812,1.3461517061968007,0,,,,,0,0,0.0,-49999668.980248764,0.0,331.0197512035949,,,,
2024-06-10,0.6582714915275574,0.6106199026107788,1.0524505369225468,0,,,,,0,0,0.0,-49999668.980248764,0.0,331.0197512035949,,,,
2024-06-11,0.6608948111534119,0.6128314733505249,0.9031685973581501,0,,,,,0,0,0.0,-49999668.980248764,0.0,331.0197512035949,,,,
2024-06-12,0.6607699394226074,0.614601731300354,1.303849952212715,0,,,,,0,0,0.0,-49999668.980248764,0.0,331.0197512035949,,,,
2024-06-13,0.6662899851799011,0.6186816692352295,0.8931685792799036,0,,,,,0,0,0.0,-49999668.980248764,0.0,331.0197512035949,,,,
2024-06-14,0.6633102893829346,0.6161011457443237,0.8846063795537527,0,,,,,0,0,0.0,-49999668.980248764,0.0,331.0197512035949,,,,
2024-06-17,0.6612882018089294,0.6137416958808899,0.6820702823670597,0,,,,,0,0,0.0,-49999668.980248764,0.0,331.0197512035949,,,,
2024-06-18,0.6622077822685242,0.613800048828125,0.3237495690607777,0,,,,,0,0,0.0,-49999668.980248764,0.0,331.0197512035949,,,,
2024-06-19,0.6661200523376465,0.614058256149292,-1.5248413595678516,0,,,,,0,0,0.0,-49999668.980248764,0.0,331.0197512035949,,,,
2024-06-20,0.6675300002098083,0.6139414310455322,-2.1037375494342014,0,,,,,0,0,0.0,-49999668.980248764,0.0,331.0197512035949,,,,
2024-06-21,0.6660698652267456,0.6122798919677734,-1.9474637669220167,0,,,,,0,0,0.0,-49999668.980248764,0.0,331.0197512035949,,,,
2024-06-24,0.6635000109672546,0.6111199259757996,-1.2764555863731355,0,,,,,0,0,0.0,-49999668.980248764,0.0,331.0197512035949,,,,
2024-06-25,0.6654599905014038,0.6120513081550598,-1.5093367660604602,0,,,,,0,0,0.0,-49999668.980248764,0.0,331.0197512035949,,,,
2024-06-26,0.6644800901412964,0.6119089722633362,-1.1227996904766246,0,,,,,0,0,0.0,-49999668.980248764,0.0,331.0197512035949,,,,
2024-06-27,0.6644783020019531,0.6080284118652344,-2.154714787886172,0,,,,,0,0,0.0,-49999668.980248764,0.0,331.0197512035949,,,,
2024-06-28,0.6650599241256714,0.6084686517715454,-1.8982246754909204,0,,,,,0,0,0.0,-49999668.980248764,0.0,331.0197512035949,,,,
2024-07-01,0.6674007773399353,0.6099197268486023,-1.8356463985204483,0,,,,,0,0,0.0,-49999668.980248764,0.0,331.0197512035949,,,,
2024-07-02,0.6654599905014038,0.6064796447753906,-1.9130462658552851,0,,,,,0,0,0.0,-49999668.980248764,0.0,331.0197512035949,,,,
2024-07-03,0.6668298244476318,0.6082206964492798,-1.588682127042868,0,,,,,0,0,0.0,-49999668.980248764,0.0,331.0197512035949,,,,
2024-07-04,0.6710900068283081,0.6107205748558044,-1.7140765882192561,0,,,,,0,0,0.0,-49999668.980248764,0.0,331.0197512035949,,,,
2024-07-05,0.6725085377693176,0.611340343952179,-1.650144096077514,0,,,,,0,0,0.0,-49999668.980248764,0.0,331.0197512035949,,,,
2024-07-08,0.6746591329574585,0.6141110062599182,-1.3426492481002692,0,,,,,0,0,0.0,-49999668.980248764,0.0,331.0197512035949,,,,
2024-07-09,0.6743202209472656,0.6131207942962646,-1.3294871132087995,0,,,,,0,0,0.0,-49999668.980248764,0.0,331.0197512035949,,,,
2024-07-10,0.6741496920585632,0.6127113103866577,-1.2683349281207625,0,,,,,0,0,0.0,-49999668.980248764,0.0,331.0197512035949,,,,
2024-07-11,0.6751797795295715,0.6087983250617981,-1.995859900215718,0,,,,,0,0,0.0,-49999668.980248764,0.0,331.0197512035949,,,,
2024-07-12,0.6768500804901123,0.6094588041305542,-1.9334547378367948,0,,,,,0,0,0.0,-49999668.980248764,0.0,331.0197512035949,,,,
2024-07-15,0.6771998405456543,0.6095516681671143,-1.78912000096844,0,,,,,0,0,0.0,-49999668.980248764,0.0,331.0197512035949,,,,
2024-07-16,0.6763300895690918,0.6076810956001282,-1.8007728809455943,0,,,,,0,0,0.0,-49999668.980248764,0.0,331.0197512035949,,,,
2024-07-17,0.6731998324394226,0.6069099307060242,-1.2449329295170208,0,,,,,0,0,0.0,-49999668.980248764,0.0,331.0197512035949,,,,
2024-07-18,0.6730697751045227,0.608061671257019,-0.9030734882464114,0,,,,,0,0,0.0,-49999668.980248764,0.0,331.0197512035949,,,,
2024-07-19,0.6705500483512878,0.6043793559074402,-1.0502346476686761,0,,,,,0,0,0.0,-49999668.980248764,0.0,331.0197512035949,,,,
2024-07-22,0.6696308851242065,0.6024205088615417,-1.1699664794793998,0,,,,,0,0,0.0,-49999668.980248764,0.0,331.0197512035949,,,,
2024-07-23,0.6640105843544006,0.5978501439094543,-0.9249128832678271,0,,,,,0,0,0.0,-49999668.980248764,0.0,331.0197512035949,,,,
2024-07-24,0.6612094640731812,0.595291256904602,-0.8454954120000457,0,,,,,0,0,0.0,-49999668.980248764,0.0,331.0197512035949,,,,
2024-07-25,0.6574798822402954,0.5927295684814453,-0.5209461855497812,0,,,,,0,0,0.0,-49999668.980248764,0.0,331.0197512035949,,,,
2024-07-26,0.6542999744415283,0.5889801979064941,-0.6398384050341537,0,,,,,0,0,0.0,-49999668.980248764,0.0,331.0197512035949,,,,
2024-07-29,0.6554999947547913,0.5889000296592712,-0.9231445715802499,0,,,,,0,0,0.0,-49999668.980248764,0.0,331.0197512035949,,,,
2024-07-30,0.6551405787467957,0.5877305269241333,-1.0893194375953978,0,,,,,0,0,0.0,-49999668.980248764,0.0,331.0197512035949,,,,
2024-07-31,0.6541501879692078,0.5902003049850464,0.14281498435179948,0,,,,,0,0,0.0,-49999668.980248764,0.0,331.0197512035949,,,,
2024-08-01,0.6547001004219055,0.595181405544281,1.7832567045338152,0,,,,,0,0,0.0,-49999668.980248764,0.0,331.0197512035949,,,,
2024-08-02,0.6494898200035095,0.5936197638511658,2.534900615878872,0,,,,,0,0,0.0,-49999668.980248764,0.0,331.0197512035949,,,,
2024-08-05,0.6497219204902649,0.594700038433075,2.3984178360446147,0,,,,,0,0,0.0,-49999668.980248764,0.0,331.0197512035949,,,,
2024-08-06,0.6515498757362366,0.5950503945350647,1.8245107224380848,0,,,,,0,0,0.0,-49999668.980248764,0.0,331.0197512035949,,,,
2024-08-07,0.6515001654624939,0.5974107980728149,2.0949931627367553,0,,,,,0,0,0.0,-49999668.980248764,0.0,331.0197512035949,,,,
2024-08-08,0.6515973806381226,0.5986088514328003,1.9672941074177752,0,,,,,0,0,0.0,-49999668.980248764,0.0,331.0197512035949,,,,
2024-08-09,0.659200131893158,0.6007015705108643,0.8331291344156986,0,,,,,0,0,0.0,-49999668.980248764,0.0,331.0197512035949,,,,
2024-08-12,0.6569784283638,0.5994916558265686,0.9202216295930622,0,,,,,0,0,0.0,-49999668.980248764,0.0,331.0197512035949,,,,
2024-08-13,0.6585316061973572,0.6023406982421875,1.0831918982390305,0,,,,,0,0,0.0,-49999668.980248764,0.0,331.0197512035949,,,,
2024-08-14,0.6638598442077637,0.6079211831092834,1.069169901101839,0,,,,,0,0,0.0,-49999668.980248764,0.0,331.0197512035949,,,,
2024-08-15,0.6600006818771362,0.6000707745552063,0.19452801970949368,0,,,,,0,0,0.0,-49999668.980248764,0.0,331.0197512035949,,,,
2024-08-16,0.6612488627433777,0.5980896949768066,-0.48093658158884006,0,,,,,0,0,0.0,-49999668.980248764,0.0,331.0197512035949,,,,
2024-08-19,0.6672983765602112,0.6057485342025757,-0.1557274650079972,0,,,,,0,0,0.0,-49999668.980248764,0.0,331.0197512035949,,,,
2024-08-20,0.6735321879386902,0.6117704510688782,-0.19882664991260202,0,,,,,0,0,0.0,-49999668.980248764,0.0,331.0197512035949,,,,
2024-08-21,0.6747274398803711,0.6157407760620117,0.3644488455598476,0,,,,,0,0,0.0,-49999668.980248764,0.0,331.0197512035949,,,,
2024-08-22,0.6749701499938965,0.6162492632865906,0.36192056862278416,0,,,,,0,0,0.0,-49999668.980248764,0.0,331.0197512035949,,,,
2024-08-23,0.6708199381828308,0.6143600344657898,0.7804791090771143,0,,,,,0,0,0.0,-49999668.980248764,0.0,331.0197512035949,,,,
2024-08-26,0.6787806153297424,0.6224092245101929,0.8328640467090868,0,,,,,0,0,0.0,-49999668.980248764,0.0,331.0197512035949,,,,
2024-08-27,0.6772910952568054,0.6205514073371887,0.6767690156583138,0,,,,,0,0,0.0,-49999668.980248764,0.0,331.0197512035949,,,,
2024-08-28,0.6787898540496826,0.6244106888771057,1.4600815559003535,0,,,,,0,0,0.0,-49999668.980248764,0.0,331.0197512035949,,,,
2024-08-29,0.6783100962638855,0.6247500777244568,1.5522156286308337,0,,,,,0,0,0.0,-49999668.980248764,0.0,331.0197512035949,,,,
2024-08-30,0.67958003282547,0.6263309121131897,1.5102321130270728,0,,,,,0,0,0.0,-49999668.980248764,0.0,331.0197512035949,,,,
2024-09-02,0.6768001914024353,0.625,1.7279689040144655,0,,,,,0,0,0.0,-49999668.980248764,0.0,331.0197512035949,,,,
2024-09-03,0.6787299513816833,0.6230490803718567,0.5136199953730758,0,,,,,0,0,0.0,-49999668.980248764,0.0,331.0197512035949,,,,
2024-09-04,0.6714000701904297,0.618739128112793,1.259211847762215,0,,,,,0,0,0.0,-49999668.980248764,0.0,331.0197512035949,,,,
2024-09-05,0.6716187596321106,0.6186702251434326,1.144482005900329,0,,,,,0,0,0.0,-49999668.980248764,0.0,331.0197512035949,,,,
2024-09-06,0.6740502119064331,0.6224402189254761,1.3947557696290813,0,,,,,0,0,0.0,-49999668.980248764,0.0,331.0197512035949,,,,
2024-09-09,0.6670802235603333,0.6171315908432007,1.5528677326740037,0,,,,,0,0,0.0,-49999668.980248764,0.0,331.0197512035949,,,,
2024-09-10,0.6657878756523132,0.6142317652702332,1.0199403093607389,0,,,,,0,0,0.0,-49999668.980248764,0.0,331.0197512035949,,,,
2024-09-11,0.6653298139572144,0.6150099039077759,1.2062331756039388,0,,,,,0,0,0.0,-49999668.980248764,0.0,331.0197512035949,,,,
2024-09-12,0.6676998138427734,0.6132185459136963,0.14920706168475123,0,,,,,0,0,0.0,-49999668.980248764,0.0,331.0197512035949,,,,
2024-09-13,0.6726899147033691,0.6187008619308472,0.24282296899955558,0,,,,,0,0,0.0,-49999668.980248764,0.0,331.0197512035949,,,,
2024-09-16,0.6713797450065613,0.6164087653160095,-0.1880962336143253,0,,,,,0,0,0.0,-49999668.980248764,0.0,331.0197512035949,,,,
2024-09-17,0.6751897931098938,0.6196094155311584,-0.5330070581938481,0,,,,,0,0,0.0,-49999668.980248764,0.0,331.0197512035949,,,,
2024-09-18,0.6762696504592896,0.619398295879364,-1.171421787405449,0,,,,,0,0,0.0,-49999668.980248764,0.0,331.0197512035949,,,,
2024-09-19,0.676369845867157,0.6208904981613159,-0.7033663337597509,0,,,,,0,0,0.0,-49999668.980248764,0.0,331.0197512035949,,,,
2024-09-20,0.6809576749801636,0.6237019300460815,-1.4513866068030967,0,,,,,0,0,0.0,-49999668.980248764,0.0,331.0197512035949,,,,
2024-09-23,0.6809993982315063,0.6236202716827393,-1.4462095073771197,0,,,,,0,0,0.0,-49999668.980248764,0.0,331.0197512035949,,,,
2024-09-24,0.6834102272987366,0.6267195343971252,-1.0846718266306399,0,,,,,0,0,0.0,-49999668.980248764,0.0,331.0197512035949,,,,
2024-09-25,0.6905400156974792,0.6352190971374512,-0.259819854260975,0,,,,,0,0,0.0,-49999668.980248764,0.0,331.0197512035949,,,,
2024-09-26,0.6821599006652832,0.6257195472717285,-0.898306496142991,0,,,,,0,0,0.0,-49999668.980248764,0.0,331.0197512035949,,,,
2024-09-27,0.689280092716217,0.6331197619438171,-0.5543599218158864,0,,,,,0,0,0.0,-49999668.980248764,0.0,331.0197512035949,,,,
2024-09-30,0.6918787360191345,0.634981095790863,-0.7604364096644415,0,,,,,0,0,0.0,-49999668.980248764,0.0,331.0197512035949,,,,
2024-10-01,0.6915801763534546,0.6345298290252686,-0.8117737651087867,0,,,,,0,0,0.0,-49999668.980248764,0.0,331.0197512035949,,,,
2024-10-02,0.6879992485046387,0.6282985806465149,-1.8397675723433655,0,,,,,0,0,0.0,-49999668.980248764,0.0,331.0197512035949,,,,
2024-10-03,0.6887099742889404,0.6261191964149475,-2.4203144764261997,0,,,,,0,0,0.0,-49999668.980248764,0.0,331.0197512035949,,,,
2024-10-04,0.6850300431251526,0.6217281222343445,-2.2639040453787205,0,,,,,0,0,0.0,-49999668.980248764,0.0,331.0197512035949,,,,
2024-10-07,0.6800592541694641,0.6160784363746643,-2.2114889259489487,0,,,,,0,0,0.0,-49999668.980248764,0.0,331.0197512035949,,,,
2024-10-08,0.6755999326705933,0.6128502488136292,-1.6843939899694096,0,,,,,0,0,0.0,-49999668.980248764,0.0,331.0197512035949,,,,
2024-10-09,0.6739597916603088,0.6131395697593689,-1.0583797560507306,0,,,,,0,0,0.0,-49999668.980248764,0.0,331.0197512035949,,,,
2024-10-10,0.6717401146888733,0.6070908308029175,-1.968909358938442,0,,,,,0,0,0.0,-49999668.980248764,0.0,331.0197512035949,,,,
2024-10-11,0.6740997433662415,0.6096000075340271,-1.6653591068616636,0,,,,,0,0,0.0,-49999668.980248764,0.0,331.0197512035949,,,,
2024-10-14,0.6731105446815491,0.6091692447662354,-1.3593306859795848,0,,,,,0,0,0.0,-49999668.980248764,0.0,331.0197512035949,,,,
2024-10-15,0.6725999116897583,0.6089614629745483,-1.156358825637836,0,,,,,0,0,0.0,-49999668.980248764,0.0,331.0197512035949,,,,
2024-10-16,0.6682080030441284,0.6056311726570129,-0.8374146614255911,0,,,,,0,0,0.0,-49999668.980248764,0.0,331.0197512035949,,,,
2024-10-17,0.6664889454841614,0.6058696508407593,-0.26617168662865454,0,,,,,0,0,0.0,-49999668.980248764,0.0,331.0197512035949,,,,
2024-10-18,0.6699718832969666,0.6060715913772583,-1.029226800161475,0,,,,,0,0,0.0,-49999668.980248764,0.0,331.0197512035949,,,,
2024-10-21,0.6716818809509277,0.6076700091362,-0.9393028008238337,0,,,,,0,0,0.0,-49999668.980248764,0.0,331.0197512035949,,,,
2024-10-22,0.6653094291687012,0.6023297905921936,-0.6574563306510642,0,,,,,0,0,0.0,-49999668.980248764,0.0,331.0197512035949,,,,
2024-10-23,0.6685997843742371,0.604580283164978,-0.842664276071642,0,,,,,0,0,0.0,-49999668.980248764,0.0,331.0197512035949,,,,
2024-10-24,0.663599967956543,0.6006186604499817,-0.5161373513726633,0,,,,,0,0,0.0,-49999668.980248764,0.0,331.0197512035949,,,,
2024-10-25,0.663702130317688,0.6008387804031372,-0.3966764960748681,0,,,,,0,0,0.0,-49999668.980248764,0.0,331.0197512035949,,,,
2024-10-28,0.6603406071662903,0.5979001522064209,-0.18841349585342138,0,,,,,0,0,0.0,-49999668.980248764,0.0,331.0197512035949,,,,
2024-10-29,0.6582671999931335,0.5986300110816956,1.6526743350459532,0,,,,,0,0,0.0,-49999668.980248764,0.0,331.0197512035949,,,,
2024-10-30,0.6563001871109009,0.5971183180809021,2.0791151433500237,0,,,,,0,0,0.0,-49999668.980248764,0.0,331.0197512035949,,,,
2024-10-31,0.6572798490524292,0.5971112251281738,1.3287006980003964,0,,,,,0,0,0.0,-49999668.980248764,0.0,331.0197512035949,,,,
2024-11-01,0.657680094242096,0.5971503853797913,1.0134198594953425,0,,,,,0,0,0.0,-49999668.980248764,0.0,331.0197512035949,,,,
2024-11-04,0.6591914296150208,0.5987414717674255,1.0080702866147588,0,,,,,0,0,0.0,-49999668.980248764,0.0,331.0197512035949,,,,
2024-11-05,0.6584101915359497,0.5973715782165527,0.5667250150315454,0,,,,,0,0,0.0,-49999668.980248764,0.0,331.0197512035949,,,,
2024-11-06,0.6641499996185303,0.60165935754776,-0.13463358926771513,0,,,,,0,0,0.0,-49999668.980248764,0.0,331.0197512035949,,,,
2024-11-07,0.6567001342773438,0.5938806533813477,-0.6506182389163175,0,,,,,0,0,0.0,-49999668.980248764,0.0,331.0197512035949,,,,
2024-11-08,0.6676815152168274,0.6022282242774963,-1.9465592354250154,0,,,,,0,0,0.0,-49999668.980248764,0.0,331.0197512035949,,,,
2024-11-11,0.65845787525177,0.5966302156448364,0.08775965773105761,0,,,,,0,0,0.0,-49999668.980248764,0.0,331.0197512035949,,,,
2024-11-12,0.6577605605125427,0.596911609172821,0.6453547453630886,0,,,,,0,0,0.0,-49999668.980248764,0.0,331.0197512035949,,,,
2024-11-13,0.6529401540756226,0.5923293828964233,0.6077186056708143,0,,,,,0,0,0.0,-49999668.980248764,0.0,331.0197512035949,,,,
2024-11-14,0.6492705345153809,0.5882906913757324,0.2998056882561203,0,,,,,0,0,0.0,-49999668.980248764,0.0,331.0197512035949,,,,
2024-11-15,0.6455498337745667,0.5849800705909729,0.39590218814578293,0,,,,,0,0,0.0,-49999668.980248764,0.0,331.0197512035949,,,,
2024-11-18,0.6463413834571838,0.5863211154937744,0.7204832352651853,0,,,,,0,0,0.0,-49999668.980248764,0.0,331.0197512035949,,,,
2024-11-19,0.650590181350708,0.5890703797340393,-0.23265224766542447,0,,,,,0,0,0.0,-49999668.980248764,0.0,331.0197512035949,,,,
2024-11-20,0.6541501879692078,0.5919612050056458,-0.6675040889172168,0,,,,,0,0,0.0,-49999668.980248764,0.0,331.0197512035949,,,,
2024-11-21,0.6513999700546265,0.5884000062942505,-1.3179041302826822,0,,,,,0,0,0.0,-49999668.980248764,0.0,331.0197512035949,,,,
2024-11-22,0.6510289311408997,0.5857407450675964,-2.424434644914865,0,,,,,0,0,0.0,-49999668.980248764,0.0,331.0197512035949,,,,
2024-11-25,0.6539880037307739,0.5862111449241638,-2.7955159121672746,0,,,,,0,0,0.0,-49999668.980248764,0.0,331.0197512035949,,,,
2024-11-26,0.646379828453064,0.5811284184455872,-1.5773533891721387,0,,,,,0,0,0.0,-49999668.980248764,0.0,331.0197512035949,,,,
2024-11-27,0.6475173830986023,0.5837098360061646,-0.8246252431979274,0,,,,,0,0,0.0,-49999668.980248764,0.0,331.0197512035949,,,,
2024-11-28,0.6497219204902649,0.5893411636352539,0.8238402388769227,0,,,,,0,0,0.0,-49999668.980248764,0.0,331.0197512035949,,,,
2024-11-29,0.6507400274276733,0.5896400213241577,0.5398304677170885,0,,,,,0,0,0.0,-49999668.980248764,0.0,331.0197512035949,,,,
2024-12-02,0.6502415537834167,0.5906500220298767,1.2183005217498915,0,,,,,0,0,0.0,-49999668.980248764,0.0,331.0197512035949,,,,
2024-12-03,0.6475300192832947,0.5884602665901184,1.32064694620019,0,,,,,0,0,0.0,-49999668.980248764,0.0,331.0197512035949,,,,
2024-12-04,0.6485504508018494,0.5882110595703125,0.7259354620895958,0,,,,,0,0,0.0,-49999668.980248764,0.0,331.0197512035949,,,,
2024-12-05,0.6432936787605286,0.5857201814651489,1.6163640456263668,0,,,,,0,0,0.0,-49999668.980248764,0.0,331.0197512035949,,,,
2024-12-06,0.6449898481369019,0.5882214307785034,1.7313812811603206,0,,,,,0,0,0.0,-49999668.980248764,0.0,331.0197512035949,,,,
2024-12-09,0.639991819858551,0.5838802456855774,1.6594969921109373,0,,,,,0,0,0.0,-49999668.980248764,0.0,331.0197512035949,,,,
2024-12-10,0.643790602684021,0.5858985781669617,1.011700316350684,0,,,,,0,0,0.0,-49999668.980248764,0.0,331.0197512035949,,,,
2024-12-11,0.6376001834869385,0.58022141456604,1.0176230394990857,0,,,,,0,0,0.0,-49999668.980248764,0.0,331.0197512035949,,,,
2024-12-12,0.6383902430534363,0.5794212818145752,0.4599259129352014,0,,,,,0,0,0.0,-49999668.980248764,0.0,331.0197512035949,,,,
2024-12-13,0.6375001668930054,0.5770307183265686,-0.05765121225270649,0,,,,,0,0,0.0,-49999668.980248764,0.0,331.0197512035949,,,,
2024-12-16,0.6367115378379822,0.5770706534385681,0.21178507363401788,0,,,,,0,0,0.0,-49999668.980248764,0.0,331.0197512035949,,,,
2024-12-17,0.6376400589942932,0.5791997909545898,0.5861430365715988,0,,,,,0,0,0.0,-49999668.980248764,0.0,331.0197512035949,,,,
2024-12-18,0.6341153979301453,0.5758113265037537,0.5258491043251277,0,,,,,0,0,0.0,-49999668.980248764,0.0,331.0197512035949,,,,
2024-12-19,0.6206199526786804,0.5617314577102661,0.07696459146602294,0,,,,,0,0,0.0,-49999668.980248764,0.0,331.0197512035949,,,,
2024-12-20,0.6233997941017151,0.562749981880188,-0.5751137450691536,0,,,,,0,0,0.0,-49999668.980248764,0.0,331.0197512035949,,,,
2024-12-23,0.6252892017364502,0.5651601552963257,-0.5947853216982139,0,,,,,0,0,0.0,-49999668.980248764,0.0,331.0197512035949,,,,
2024-12-24,0.6244925856590271,0.5646591186523438,-0.7062944296834979,0,,,,,0,0,0.0,-49999668.980248764,0.0,331.0197512035949,,,,
2024-12-25,0.6239081621170044,0.5648000836372375,-0.4920141673216997,0,,,,,0,0,0.0,-49999668.980248764,0.0,331.0197512035949,,,,
2024-12-26,0.6244574785232544,0.5650898814201355,-0.6432458426863932,0,,,,,0,0,0.0,-49999668.980248764,0.0,331.0197512035949,,,,
2024-12-27,0.6223007440567017,0.5625594258308411,-0.9661059456084742,0,,,,,0,0,0.0,-49999668.980248764,0.0,331.0197512035949,,,,
2024-12-30,0.6225099563598633,0.5639394521713257,-0.15813545822847624,0,,,,,0,0,0.0,-49999668.980248764,0.0,331.0197512035949,,,,
2024-12-31,0.621999979019165,0.5639712810516357,0.19734774842667996,0,,,,,0,0,0.0,-49999668.980248764,0.0,331.0197512035949,,,,
2025-01-02,0.6194201707839966,0.5598414540290833,-0.8996539306668515,0,,,,,0,0,0.0,-49999668.980248764,0.0,331.0197512035949,,,,
2025-01-03,0.6200800538063049,0.5592997670173645,-1.497734139006931,0,,,,,0,0,0.0,-49999668.980248764,0.0,331.0197512035949,,,,
2025-01-06,0.6220104694366455,0.5616084337234497,-1.1171837095793382,0,,,,,0,0,0.0,-49999668.980248764,0.0,331.0197512035949,,,,
2025-01-07,0.623910129070282,0.5639108419418335,-0.7402537202622254,0,,,,,0,0,0.0,-49999668.980248764,0.0,331.0197512035949,,,,
2025-01-08,0.6234919428825378,0.5635485649108887,-0.6376209011726683,0,,,,,0,0,0.0,-49999668.980248764,0.0,331.0197512035949,,,,
2025-01-09,0.6211604475975037,0.5605400204658508,-1.3310184461020864,0,,,,,0,0,0.0,-49999668.980248764,0.0,331.0197512035949,,,,
2025-01-10,0.6189700961112976,0.5593501329421997,-0.3278412124800635,0,,,,,0,0,0.0,-49999668.980248764,0.0,331.0197512035949,,,,
2025-01-13,0.6154982447624207,0.5564799308776855,0.12635329763153516,0,,,,,0,0,0.0,-49999668.980248764,0.0,331.0197512035949,,,,
2025-01-14,0.6192100048065186,0.5604187846183777,0.5566960427170161,0,,,,,0,0,0.0,-49999668.980248764,0.0,331.0197512035949,,,,
2025-01-15,0.619160532951355,0.5602993965148926,0.6031576553537419,0,,,,,0,0,0.0,-49999668.980248764,0.0,331.0197512035949,,,,
2025-01-16,0.6235401034355164,0.562828540802002,-1.3030158187327612,0,,,,,0,0,0.0,-49999668.980248764,0.0,331.0197512035949,,,,
2025-01-17,0.6210300922393799,0.5608084797859192,-0.7348127721731734,0,,,,,0,0,0.0,-49999668.980248764,0.0,331.0197512035949,,,,
2025-01-20,0.6195403337478638,0.5587310194969177,-1.5290259852973893,0,,,,,0,0,0.0,-49999668.980248764,0.0,331.0197512035949,,,,
2025-01-21,0.6281000375747681,0.5681785941123962,0.08915323550399205,0,,,,,0,0,0.0,-49999668.980248764,0.0,331.0197512035949,,,,
2025-01-22,0.6262015104293823,0.5660911202430725,-0.25213399869033265,0,,,,,0,0,0.0,-49999668.980248764,0.0,331.0197512035949,,,,
2025-01-23,0.6275002360343933,0.5663604140281677,-1.3318616732563866,0,,,,,0,0,0.0,-49999668.980248764,0.0,331.0197512035949,,,,
2025-01-24,0.6283262372016907,0.5675497651100159,-0.7552587215006816,0,,,,,0,0,0.0,-49999668.980248764,0.0,331.0197512035949,,,,
2025-01-27,0.6292909979820251,0.5692297220230103,0.1849504793324043,0,,,,,0,0,0.0,-49999668.980248764,0.0,331.0197512035949,,,,
2025-01-28,0.6263799667358398,0.5668194890022278,0.7346231604215772,0,,,,,0,0,0.0,-49999668.980248764,0.0,331.0197512035949,,,,
2025-01-29,0.6254573464393616,0.566559374332428,1.7913708606667869,0,,,,,0,0,0.0,-49999668.980248764,0.0,331.0197512035949,,,,
2025-01-30,0.6239782571792603,0.5665208697319031,2.7739141981652313,0,,,,,0,0,0.0,-49999668.980248764,0.0,331.0197512035949,,,,
2025-01-31,0.6215001940727234,0.5636406540870667,1.8865125735249557,0,,,,,0,0,0.0,-49999668.980248764,0.0,331.0197512035949,,,,
2025-02-03,0.614420473575592,0.5569603443145752,1.7000075776842885,0,,,,,0,0,0.0,-49999668.980248764,0.0,331.0197512035949,,,,
2025-02-04,0.6217397451400757,0.5626797080039978,0.4280493745829929,0,,,,,0,0,0.0,-49999668.980248764,0.0,331.0197512035949,,,,
2025-02-05,0.6251093745231628,0.5648409128189087,-0.5813646542662135,0,,,,,0,0,0.0,-49999668.980248764,0.0,331.0197512035949,,,,
2025-02-06,0.6285473704338074,0.5689285397529602,0.1416128211493903,0,,,,,0,0,0.0,-49999668.980248764,0.0,331.0197512035949,,,,
2025-02-07,0.6281801462173462,0.5674885511398315,-0.8994388076213395,0,,,,,0,0,0.0,-49999668.980248764,0.0,331.0197512035949,,,,
2025-02-10,0.6258898973464966,0.5647388100624084,-1.3079340422592747,0,,,,,0,0,0.0,-49999668.980248764,0.0,331.0197512035949,,,,
2025-02-11,0.6271283030509949,0.5635008811950684,-2.652311553890742,0,,,,,0,0,0.0,-49999668.980248764,0.0,331.0197512035949,,,,
2025-02-12,0.629830002784729,0.565930962562561,-2.228996394089087,0,,,,,0,0,0.0,-49999668.980248764,0.0,331.0197512035949,,,,
2025-02-13,0.6282985806465149,0.5641399025917053,-2.05394596617985,0,,,,,0,0,0.0,-49999668.980248764,0.0,331.0197512035949,,,,
2025-02-14,0.6316919922828674,0.5680010914802551,-1.5157750154864809,0,,,,,0,0,0.0,-49999668.980248764,0.0,331.0197512035949,,,,
2025-02-17,0.6356511116027832,0.5732991695404053,-0.6942920889041827,0,,,,,0,0,0.0,-49999668.980248764,0.0,331.0197512035949,,,,
2025-02-18,0.6356107592582703,0.5732301473617554,-0.6504806348766436,0,,,,,0,0,0.0,-49999668.980248764,0.0,331.0197512035949,,,,
2025-02-19,0.6353119015693665,0.5705190300941467,-1.646497247507887,0,,,,,0,0,0.0,-49999668.980248764,0.0,331.0197512035949,,,,
2025-02-20,0.6341274976730347,0.5701189637184143,-1.1918197001070596,0,,,,,0,0,0.0,-49999668.980248764,0.0,331.0197512035949,,,,
2025-02-21,0.6404098868370056,0.5764286518096924,-0.9623956602083081,0,,,,,0,0,0.0,-49999668.980248764,0.0,331.0197512035949,,,,
2025-02-24,0.6370319724082947,0.5751191973686218,-0.08492414875743233,0,,,,,0,0,0.0,-49999668.980248764,0.0,331.0197512035949,,,,
2025-02-25,0.6338099837303162,0.5726589560508728,0.21884793123504762,0,,,,,0,0,0.0,-49999668.980248764,0.0,331.0197512035949,,,,
2025-02-26,0.6352877020835876,0.5731086134910583,-0.15586107450043796,0,,,,,0,0,0.0,-49999668.980248764,0.0,331.0197512035949,,,,
2025-02-27,0.6310780644416809,0.5699889063835144,0.3725132915175565,0,,,,,0,0,0.0,-49999668.980248764,0.0,331.0197512035949,,,,
2025-02-28,0.623219907283783,0.5627208352088928,0.6057007735811302,0,,,,,0,0,0.0,-49999668.980248764,0.0,331.0197512035949,,,,
2025-03-03,0.6220685243606567,0.560519278049469,0.10493049616599945,0,,,,,0,0,0.0,-49999668.980248764,0.0,331.0197512035949,,,,
2025-03-04,0.6215812563896179,0.5613404512405396,1.0268090685849798,0,,,,,0,0,0.0,-49999668.980248764,0.0,331.0197512035949,,,,
2025-03-05,0.6269985437393188,0.5661584734916687,0.8200144638186706,0,,,,,0,0,0.0,-49999668.980248764,0.0,331.0197512035949,,,,
2025-03-06,0.6338099837303162,0.5729608535766602,1.1240765737884804,0,,,,,0,0,0.0,-49999668.980248764,0.0,331.0197512035949,,,,
2025-03-07,0.6332280039787292,0.5736609101295471,1.8492647262801274,0,,,,,0,0,0.0,-49999668.980248764,0.0,331.0197512035949,,,,
2025-03-10,0.6303898096084595,0.5710598230361938,1.7096093154341916,0,,,,,0,0,0.0,-49999668.980248764,0.0,331.0197512035949,,,,
2025-03-11,0.6279513835906982,0.5695084929466248,1.8818207833751373,0,,,,,0,0,0.0,-49999668.980248764,0.0,331.0197512035949,,,,
2025-03-12,0.6295286417007446,0.5712099075317383,1.7475200920611618,0,,,,,0,0,0.0,-49999668.980248764,0.0,331.0197512035949,,,,
2025-03-13,0.6327592134475708,0.5737004280090332,1.2985971826926064,0,,,,,0,0,0.0,-49999668.980248764,0.0,331.0197512035949,,,,
2025-03-14,0.6287410259246826,0.5703107714653015,1.3962263465559415,0,,,,,0,0,0.0,-49999668.980248764,0.0,331.0197512035949,,,,
2025-03-17,0.6326191425323486,0.5752515196800232,1.7926908480832728,0,,,,,0,0,0.0,-49999668.980248764,0.0,331.0197512035949,,,,
2025-03-18,0.638198733329773,0.5824688673019409,2.2354230552446754,0,,,,,0,0,0.0,-49999668.980248764,0.0,331.0197512035949,,,,
2025-03-19,0.6361202001571655,0.5818588137626648,2.390808719909822,0,,,,,0,0,0.0,-49999668.980248764,0.0,331.0197512035949,,,,
2025-03-20,0.6364116668701172,0.582160234451294,2.0731182913121633,0,,,,,0,0,0.0,-49999668.980248764,0.0,331.0197512035949,,,,
2025-03-21,0.6303898096084595,0.5761895179748535,1.7696396197792503,0,,,,,0,0,0.0,-49999668.980248764,0.0,331.0197512035949,,,,
2025-03-24,0.6288319230079651,0.574540913105011,1.5126658351375786,0,,,,,0,0,0.0,-49999668.980248764,0.0,331.0197512035949,,,,
2025-03-25,0.6285908222198486,0.5726786255836487,0.8372972118316362,0,,,,,0,0,0.0,-49999668.980248764,0.0,331.0197512035949,,,,
2025-03-26,0.6309000849723816,0.573309063911438,0.20182387603329438,0,,,,,0,0,0.0,-49999668.980248764,0.0,331.0197512035949,,,,
2025-03-27,0.6287015080451965,0.5718991756439209,0.3948105011056835,0,,,,,0,0,0.0,-49999668.980248764,0.0,331.0197512035949,,,,
2025-03-28,0.6301594376564026,0.5736411809921265,0.46258686566508417,0,,,,,0,0,0.0,-49999668.980248764,0.0,331.0197512035949,,,,
2025-03-31,0.6282907128334045,0.570711076259613,-0.09358809935803304,0,,,,,0,0,0.0,-49999668.980248764,0.0,331.0197512035949,,,,
2025-04-01,0.6241885423660278,0.5670509338378906,-0.0568056403924681,0,,,,,0,0,0.0,-49999668.980248764,0.0,331.0197512035949,,,,
2025-04-02,0.6289584636688232,0.571389377117157,-0.2548012888970142,0,,,,,0,0,0.0,-49999668.980248764,0.0,331.0197512035949,,,,
2025-04-03,0.6264698505401611,0.5727606415748596,1.5256637789930936,0,,,,,0,0,0.0,-49999668.980248764,0.0,331.0197512035949,,,,
2025-04-04,0.6323510408401489,0.5786601901054382,1.5084694678513626,0,,,,,0,0,0.0,-49999668.980248764,0.0,331.0197512035949,,,,
2025-04-07,0.5987701416015625,0.5541394352912903,3.3381523981709376,0,,,,,0,0,0.0,-49999668.980248764,0.0,331.0197512035949,,,,
2025-04-08,0.5997613072395325,0.553709864616394,2.3049740884572203,0,,,,,0,0,0.0,-49999668.980248764,0.0,331.0197512035949,,,,
2025-04-09,0.595528781414032,0.5518489480018616,2.3487555666588347,0,,,,,0,0,0.0,-49999668.980248764,0.0,331.0197512035949,,,,
2025-04-10,0.6133614778518677,0.5637201070785522,0.9574325518834773,0,,,,,0,0,0.0,-49999668.980248764,0.0,331.0197512035949,,,,
2025-04-11,0.6223394870758057,0.5747886300086975,1.4219777971895846,0,,,,,0,0,0.0,-49999668.980248764,0.0,331.0197512035949,,,,
2025-04-14,0.6301316618919373,0.5836314558982849,1.5580661846605808,0,,,,,0,0,0.0,-49999668.980248764,0.0,331.0197512035949,,,,
2025-04-15,0.631991446018219,0.5866995453834534,1.6231606109434074,0,,,,,0,0,0.0,-49999668.980248764,0.0,331.0197512035949,,,,
2025-04-16,0.6337898373603821,0.5895496606826782,1.6318754740587589,0,,,,,0,0,0.0,-49999668.980248764,0.0,331.0197512035949,,,,
2025-04-17,0.6372998952865601,0.5935387015342712,1.547417078788097,0,,,,,0,0,0.0,-49999668.980248764,0.0,331.0197512035949,,,,
2025-04-22,0.6421988606452942,0.600009560585022,1.6425810638560596,0,,,,,0,0,0.0,-49999668.980248764,0.0,331.0197512035949,,,,
2025-04-23,0.6376200914382935,0.5960683226585388,1.5118149709987927,0,,,,,0,0,0.0,-49999668.980248764,0.0,331.0197512035949,,,,
2025-04-24,0.6365291476249695,0.5952416062355042,1.3799829892213558,0,,,,,0,0,0.0,-49999668.980248764,0.0,331.0197512035949,,,,
2025-04-25,0.6403483152389526,0.5987988114356995,1.2382194313365262,0,,,,,0,0,0.0,-49999668.980248764,0.0,331.0197512035949,,,,
2025-04-28,0.63840651512146,0.5949406027793884,0.8278787354444134,0,,,,,0,0,0.0,-49999668.980248764,0.0,331.0197512035949,,,,
2025-04-29,0.6428800821304321,0.597200334072113,0.42024976624244237,0,,,,,0,0,0.0,-49999668.980248764,0.0,331.0197512035949,,,,
2025-04-30,0.6386919617652893,0.5936691164970398,0.4246100210231069,0,,,,,0,0,0.0,-49999668.980248764,0.0,331.0197512035949,,,,
2025-05-01,0.6413093209266663,0.5938313007354736,-0.14382923152958102,0,,,,,0,0,0.0,-49999668.980248764,0.0,331.0197512035949,,,,
2025-05-02,0.6386797428131104,0.5913485288619995,-0.3146024245634609,0,,,,,0,0,0.0,-49999668.980248764,0.0,331.0197512035949,,,,
2025-05-05,0.644558310508728,0.5952097177505493,-0.9731657043021522,0,,,,,0,0,0.0,-49999668.980248764,0.0,331.0197512035949,,,,
2025-05-06,0.6461409330368042,0.5961394309997559,-1.414201485565808,0,,,,,0,0,0.0,-49999668.980248764,0.0,331.0197512035949,,,,
2025-05-07,0.6506688594818115,0.6015110015869141,-0.9759955318931204,0,,,,,0,0,0.0,-49999668.980248764,0.0,331.0197512035949,,,,
2025-05-08,0.6434799432754517,0.5940182209014893,-1.1463615621605003,0,,,,,0,0,0.0,-49999668.980248764,0.0,331.0197512035949,,,,
2025-05-09,0.6392595171928406,0.589918315410614,-1.0741387247725325,0,,,,,0,0,0.0,-49999668.980248764,0.0,331.0197512035949,,,,
2025-05-12,0.642091691493988,0.5920698046684265,-1.3012026198901034,0,,,,,0,0,0.0,-49999668.980248764,0.0,331.0197512035949,,,,
2025-05-13,0.6371780633926392,0.5861286520957947,-1.5826488541893535,0,,,,,0,0,0.0,-49999668.980248764,0.0,331.0197512035949,,,,
2025-05-14,0.6472617387771606,0.593591570854187,-1.9321202874253112,0,,,,,0,0,0.0,-49999668.980248764,0.0,331.0197512035949,,,,
2025-05-15,0.6428800821304321,0.5896400213241577,-1.6299866844082056,0,,,,,0,0,0.0,-49999668.980248764,0.0,331.0197512035949,,,,
2025-05-16,0.640578031539917,0.5873715281486511,-1.4580471020118595,0,,,,,0,0,0.0,-49999668.980248764,0.0,331.0197512035949,,,,
2025-05-19,0.6410001516342163,0.5886993408203125,-1.1072989034136056,0,,,,,0,0,0.0,-49999668.980248764,0.0,331.0197512035949,,,,
2025-05-20,0.6455819606781006,0.5930987000465393,-1.0030625590534052,0,,,,,0,0,0.0,-49999668.980248764,0.0,331.0197512035949,,,,
2025-05-21,0.6425999999046326,0.5927401185035706,-0.29678126527122806,0,,,,,0,0,0.0,-49999668.980248764,0.0,331.0197512035949,,,,
2025-05-22,0.6433101892471313,0.5933485627174377,-0.22686831464677162,0,,,,,0,0,0.0,-49999668.980248764,0.0,331.0197512035949,,,,
2025-05-23,0.6409804821014404,0.5897617340087891,-0.5908985322550179,0,,,,,0,0,0.0,-49999668.980248764,0.0,331.0197512035949,,,,
2025-05-26,0.6501189470291138,0.5991683602333069,-0.246853924617031,0,,,,,0,0,0.0,-49999668.980248764,0.0,331.0197512035949,,,,
2025-05-27,0.6481007933616638,0.5994700789451599,0.8272829924896933,0,,,,,0,0,0.0,-49999668.980248764,0.0,331.0197512035949,,,,
2025-05-28,0.6447120904922485,0.5948100686073303,0.3213882410055664,0,,,,,0,0,0.0,-49999668.980248764,0.0,331.0197512035949,,,,
2025-05-29,0.6425207257270813,0.5959084630012512,1.9586838384799024,0,,,,,0,0,0.0,-49999668.980248764,0.0,331.0197512035949,,,,
2025-05-30,0.6445998549461365,0.5978608727455139,1.8460156806044041,0,,,,,0,0,0.0,-49999668.980248764,0.0,331.0197512035949,,,,
2025-06-02,0.644321620464325,0.5973109006881714,1.5430022643009917,0,,,,,0,0,0.0,-49999668.980248764,0.0,331.0197512035949,,,,
2025-06-03,0.6498401165008545,0.6047887206077576,2.13827067382578,0,,,,,0,0,0.0,-49999668.980248764,0.0,331.0197512035949,,,,
2025-06-04,0.646608829498291,0.6006113886833191,1.5279965824165591,0,,,,,0,0,0.0,-49999668.980248764,0.0,331.0197512035949,,,,
2025-06-05,0.6490682363510132,0.6027400493621826,1.3123527316136656,0,,,,,0,0,0.0,-49999668.980248764,0.0,331.0197512035949,,,,
2025-06-06,0.6510501503944397,0.6042296290397644,1.0733496124116144,0,,,,,0,0,0.0,-49999668.980248764,0.0,331.0197512035949,,,,
2025-06-09,0.6500217914581299,0.6024205088615417,0.7203132353542515,0,,,,,0,0,0.0,-49999668.980248764,0.0,331.0197512035949,,,,
2025-06-10,0.6518101692199707,0.6050887703895569,0.9576547293910254,0,,,,,0,0,0.0,-49999668.980248764,0.0,331.0197512035949,,,,
2025-06-11,0.6527202129364014,0.6059100031852722,0.858314853699762,0,,,,,0,0,0.0,-49999668.980248764,0.0,331.0197512035949,,,,
2025-06-12,0.6509501338005066,0.6036598682403564,0.5797110027628715,0,,,,,0,0,0.0,-49999668.980248764,0.0,331.0197512035949,,,,
2025-06-13,0.6527999043464661,0.6065201163291931,0.9394680157973684,0,,,,,0,0,0.0,-49999668.980248764,0.0,331.0197512035949,,,,
2025-06-16,0.6499997973442078,0.603900134563446,0.8910570689400575,0,,,,,0,0,0.0,-49999668.980248764,0.0,331.0197512035949,,,,
2025-06-17,0.6511001586914062,0.6049203872680664,0.8259214929482025,0,,,,,0,0,0.0,-49999668.980248764,0.0,331.0197512035949,,,,
2025-06-18,0.6479797959327698,0.6019382476806641,0.7411113858705388,0,,,,,0,0,0.0,-49999668.980248764,0.0,331.0197512035949,,,,
2025-06-19,0.6507408618927002,0.6029508709907532,-0.22199749994351078,0,,,,,0,0,0.0,-49999668.980248764,0.0,331.0197512035949,,,,
2025-06-20,0.6488786935806274,0.6000816226005554,-1.1129852297466347,0,,,,,0,0,0.0,-49999668.980248764,0.0,331.0197512035949,,,,
2025-06-23,0.6446704864501953,0.5962104797363281,-1.3019033644953004,0,,,,,0,0,0.0,-49999668.980248764,0.0,331.0197512035949,,,,
2025-06-24,0.6477800011634827,0.5995383262634277,-1.0393933019269301,0,,,,,0,0,0.0,-49999668.980248764,0.0,331.0197512035949,,,,
2025-06-25,0.6495999097824097,0.6011313199996948,-1.4438150154277412,0,,,,,0,0,0.0,-49999668.980248764,0.0,331.0197512035949,,,,
2025-06-26,0.6523114442825317,0.6055908203125,0.3817300395401236,0,,,,,0,0,0.0,-49999668.980248764,0.0,331.0197512035949,,,,
2025-06-27,0.654630184173584,0.6058990359306335,-1.3374563271865045,0,,,,,0,0,0.0,-49999668.980248764,0.0,331.0197512035949,,,,
2025-06-30,0.6533215045928955,0.6063987016677856,0.26503820949051005,0,,,,,0,0,0.0,-49999668.980248764,0.0,331.0197512035949,,,,
2025-07-01,0.6578081846237183,0.6092397570610046,-0.9994012755924466,0,,,,,0,0,0.0,-49999668.980248764,0.0,331.0197512035949,,,,
2025-07-02,0.6583105325698853,0.6100797653198242,-0.5650509129737696,0,,,,,0,0,0.0,-49999668.980248764,0.0,331.0197512035949,,,,
2025-07-03,0.6582901477813721,0.6089392304420471,-1.5179078911696713,0,,,,,0,0,0.0,-49999668.980248764,0.0,331.0197512035949,,,,
2025-07-04,0.6577298641204834,0.608009934425354,-1.657541657989777,0,,,,,0,0,0.0,-49999668.980248764,0.0,331.0197512035949,,,,
2025-07-07,0.6551792025566101,0.6051217317581177,-1.7902350231780986,0,,,,,0,0,0.0,-49999668.980248764,0.0,331.0197512035949,,,,
2025-07-08,0.6506096124649048,0.6007810235023499,-1.5613068912402235,0,,,,,0,0,0.0,-49999668.980248764,0.0,331.0197512035949,,,,
2025-07-09,0.6524518728256226,0.5993586778640747,-2.8784347887113944,0,,,,,0,0,0.0,-49999668.980248764,0.0,331.0197512035949,,,,
2025-07-10,0.6535905003547668,0.5998404622077942,-2.4901011067042456,0,,,,,0,0,0.0,-49999668.980248764,0.0,331.0197512035949,,,,
2025-07-11,0.6594000458717346,0.6041712164878845,-2.4357025376451236,0,,,,,0,0,0.0,-49999668.980248764,0.0,331.0197512035949,,,,
2025-07-14,0.6578081846237183,0.6006907820701599,-2.5265657430054618,0,,,,,0,0,0.0,-49999668.980248764,0.0,331.0197512035949,,,,
2025-07-15,0.6544716358184814,0.5971896052360535,-2.1801912323923336,0,,,,,0,0,0.0,-49999668.980248764,0.0,331.0197512035949,,,,
2025-07-16,0.651898980140686,0.5954294800758362,-1.7221940632832524,0,,,,,0,0,0.0,-49999668.980248764,0.0,331.0197512035949,,,,
2025-07-17,0.6525000333786011,0.594590425491333,-1.8269787839544644,0,,,,,0,0,0.0,-49999668.980248764,0.0,331.0197512035949,,,,
2025-07-18,0.649819016456604,0.5944314002990723,-1.0704284922237761,0,,,,,0,0,0.0,-49999668.980248764,0.0,331.0197512035949,,,,
2025-07-21,0.6512112617492676,0.5952805876731873,-1.0797251440864564,0,,,,,0,0,0.0,-49999668.980248764,0.0,331.0197512035949,,,,
2025-07-22,0.6528096795082092,0.5969614386558533,-0.9406316066423669,0,,,,,0,0,0.0,-49999668.980248764,0.0,331.0197512035949,,,,
2025-07-23,0.6554712057113647,0.600009560585022,-0.7305246387099651,0,,,,,0,0,0.0,-49999668.980248764,0.0,331.0197512035949,,,,
2025-07-24,0.6603999137878418,0.604781448841095,-0.635543285913012,0,,,,,0,0,0.0,-49999668.980248764,0.0,331.0197512035949,,,,
2025-07-25,0.6597176194190979,0.6037116050720215,-0.6713000726830586,0,,,,,0,0,0.0,-49999668.980248764,0.0,331.0197512035949,,,,
2025-07-28,0.6572980284690857,0.6019309759140015,-0.4479462073116079,0,,,,,0,0,0.0,-49999668.980248764,0.0,331.0197512035949,,,,
2025-07-29,0.6524008512496948,0.5971896052360535,-0.39312687624327364,0,,,,,0,0,0.0,-49999668.980248764,0.0,331.0197512035949,,,,
2025-07-30,0.651321530342102,0.595461368560791,-0.5535530243480694,0,,,,,0,0,0.0,-49999668.980248764,0.0,331.0197512035949,,,,
2025-07-31,0.6447120904922485,0.5907686352729797,0.1587237278873738,0,,,,,0,0,0.0,-49999668.980248764,0.0,331.0197512035949,,,,
2025-08-01,0.6429089903831482,0.5888692140579224,0.21903864597094674,0,,,,,0,0,0.0,-49999668.980248764,0.0,331.0197512035949,,,,
2025-08-04,0.6469100117683411,0.5914185047149658,-0.3122162268650975,0,,,,,0,0,0.0,-49999668.980248764,0.0,331.0197512035949,,,,
2025-08-05,0.6474796533584595,0.5916984677314758,-0.4263548173381396,0,,,,,0,0,0.0,-49999668.980248764,0.0,331.0197512035949,,,,
2025-08-06,0.6472994685173035,0.5909292101860046,-0.9022106528590601,0,,,,,0,0,0.0,-49999668.980248764,0.0,331.0197512035949,,,,
2025-08-07,0.6500217914581299,0.59284907579422,-1.4831195884146022,0,,,,,0,0,0.0,-49999668.980248764,0.0,331.0197512035949,,,,
2025-08-08,0.6525711417198181,0.597011387348175,0.3909962740526104,0,,,,,0,0,0.0,-49999668.980248764,0.0,331.0197512035949,,,,
2025-08-11,0.6517715454101562,0.5949299931526184,-1.0394971539960858,0,,,,,0,0,0.0,-49999668.980248764,0.0,331.0197512035949,,,,
2025-08-12,0.6514403223991394,0.5940499901771545,-1.6039115903686527,0,,,,,0,0,0.0,-49999668.980248764,0.0,331.0197512035949,,,,
2025-08-13,0.6529802083969116,0.5957806706428528,-1.2453341375985307,0,,,,,0,0,0.0,-49999668.980248764,0.0,331.0197512035949,,,,
2025-08-14,0.6551706194877625,0.5981004238128662,-1.1535082380674193,0,,,,,0,0,0.0,-49999668.980248764,0.0,331.0197512035949,,,,
2025-08-15,0.6497514843940735,0.5921083688735962,-1.7797560316502128,0,,,,,0,0,0.0,-49999668.980248764,0.0,331.0197512035949,,,,
2025-08-18,0.651296079158783,0.5928595662117004,-2.082656820145701,0,,,,,0,0,0.0,-49999668.980248764,0.0,331.0197512035949,,,,
2025-08-19,0.6494801044464111,0.5923784375190735,-0.8882943544719594,0,,,,,0,0,0.0,-49999668.980248764,0.0,331.0197512035949,,,,
2025-08-20,0.6454598307609558,0.5897687077522278,0.21379616107068591,0,,,,,0,0,0.0,-49999668.980248764,0.0,331.0197512035949,,,,
2025-08-21,0.6436100006103516,0.5828185081481934,-2.9924741363713014,0,,,,,0,0,0.0,-49999668.980248764,0.0,331.0197512035949,,,,
2025-08-22,0.6425496339797974,0.5822314620018005,-2.2040799469279384,0,,,,,0,0,0.0,-49999668.980248764,0.0,331.0197512035949,,,,
2025-08-25,0.6484898924827576,0.5865412354469299,-2.355758209392321,0,,,,,0,0,0.0,-49999668.980248764,0.0,331.0197512035949,,,,
2025-08-26,0.6481099724769592,0.5849184393882751,-2.3531812701608303,0,,,,,0,0,0.0,-49999668.980248764,0.0,331.0197512035949,,,,
2025-08-27,0.6495801210403442,0.5858402848243713,-2.1004858031471376,0,,,,,0,0,0.0,-49999668.980248764,0.0,331.0197512035949,,,,
2025-08-28,0.6511399745941162,0.5861183404922485,-2.127094364350835,0,,,,,0,0,0.0,-49999668.980248764,0.0,331.0197512035949,,,,
2025-08-29,0.6532399654388428,0.5885087847709656,-1.75660867311112,0,,,,,0,0,0.0,-49999668.980248764,0.0,331.0197512035949,,,,
2025-09-01,0.6543598771095276,0.5896887183189392,-1.5236356063542145,0,,,,,0,0,0.0,-49999668.980248764,0.0,331.0197512035949,,,,
2025-09-02,0.6556801199913025,0.5906291007995605,-1.4406652319355289,0,,,,,0,0,0.0,-49999668.980248764,0.0,331.0197512035949,,,,
2025-09-03,0.6518301367759705,0.5861698985099792,-1.4780961067473253,0,,,,,0,0,0.0,-49999668.980248764,0.0,331.0197512035949,,,,
2025-09-04,0.6544399857521057,0.5881107449531555,-1.4453943980484616,0,,,,,0,0,0.0,-49999668.980248764,0.0,331.0197512035949,,,,
2025-09-05,0.6521999835968018,0.5851101279258728,-1.5065171911591309,0,,,,,0,0,0.0,-49999668.980248764,0.0,331.0197512035949,,,,
2025-09-08,0.655450165271759,0.5888698697090149,-1.2051238650375522,0,,,,,0,0,0.0,-49999668.980248764,0.0,331.0197512035949,,,,
2025-09-09,0.6598090529441833,0.5945091247558594,-0.733652400062653,0,,,,,0,0,0.0,-49999668.980248764,0.0,331.0197512035949,,,,
2025-09-10,0.6584700345993042,0.5925999879837036,-0.8190114324453368,0,,,,,0,0,0.0,-49999668.980248764,0.0,331.0197512035949,,,,
2025-09-11,0.6619316339492798,0.5943783521652222,-1.1448288038362369,0,,,,,0,0,0.0,-49999668.980248764,0.0,331.0197512035949,,,,
2025-09-12,0.6668000221252441,0.5977801084518433,-1.3749501201941188,0,,,,,0,0,0.0,-49999668.980248764,0.0,331.0197512035949,,,,
2025-09-15,0.6648998260498047,0.5953408479690552,-1.4202479850138154,0,,,,,0,0,0.0,-49999668.980248764,0.0,331.0197512035949,,,,
2025-09-16,0.6673001646995544,0.596911609172821,-1.5473822102788775,0,,,,,0,0,0.0,-49999668.980248764,0.0,331.0197512035949,,,,
2025-09-17,0.6688998937606812,0.5989401340484619,-1.4726282594942313,0,,,,,0,0,0.0,-49999668.980248764,0.0,331.0197512035949,,,,
2025-09-18,0.6652501225471497,0.5934189558029175,-2.0081166734397367,0,,,,,0,0,0.0,-49999668.980248764,0.0,331.0197512035949,,,,
2025-09-19,0.6617901921272278,0.5891293883323669,-2.1281737798455644,0,,,,,0,0,0.0,-49999668.980248764,0.0,331.0197512035949,,,,
2025-09-22,0.6589308381080627,0.5851306319236755,-2.2196308107374834,0,,,,,0,0,0.0,-49999668.980248764,0.0,331.0197512035949,,,,
2025-09-23,0.660199761390686,0.5868799686431885,-1.779535034561637,0,,,,,0,0,0.0,-49999668.980248764,0.0,331.0197512035949,,,,
2025-09-24,0.6597799062728882,0.5856995582580566,-1.7810889338648186,0,,,,,0,0,0.0,-49999668.980248764,0.0,331.0197512035949,,,,
2025-09-25,0.6586921215057373,0.5816601514816284,-2.2266812886941345,0,,,,,0,0,0.0,-49999668.980248764,0.0,331.0197512035949,,,,
2025-09-26,0.6537314653396606,0.5763190388679504,-2.022638905558896,0,,,,,0,0,0.0,-49999668.980248764,0.0,331.0197512035949,,,,
2025-09-29,0.6553998589515686,0.577820897102356,-1.7816430151545093,0,,,,,0,0,0.0,-49999668.980248764,0.0,331.0197512035949,,,,
2025-09-30,0.6581978797912598,0.5781516432762146,-1.991981140452606,0,,,,,0,0,0.0,-49999668.980248764,0.0,331.0197512035949,,,,
2025-10-01,0.6610700488090515,0.5795992612838745,-1.9409370229240974,0,,,,,0,0,0.0,-49999668.980248764,0.0,331.0197512035949,,,,
2025-10-02,0.6615498065948486,0.5821806192398071,-1.3532170161197765,0,,,,,0,0,0.0,-49999668.980248764,0.0,331.0197512035949,,,,
2025-10-03,0.6598090529441833,0.5819502472877502,-0.9680142524875625,0,,,,,0,0,0.0,-49999668.980248764,0.0,331.0197512035949,,,,
2025-10-06,0.6593101024627686,0.5824688673019409,-0.6911764978258709,0,,,,,0,0,0.0,-49999668.980248764,0.0,331.0197512035949,,,,
2025-10-07,0.6616500020027161,0.5840998888015747,-0.7390321472993776,0,,,,,0,0,0.0,-49999668.980248764,0.0,331.0197512035949,,,,
2025-10-08,0.6580505967140198,0.5797706246376038,-0.8632065175076817,0,,,,,0,0,0.0,-49999668.980248764,0.0,331.0197512035949,,,,
2025-10-09,0.6584500670433044,0.5783489346504211,-1.1961277994077706,0,,,,,0,0,0.0,-49999668.980248764,0.0,331.0197512035949,,,,
2025-10-10,0.6561291813850403,0.5752912163734436,-1.2956964297022866,0,,,,,0,0,0.0,-49999668.980248764,0.0,331.0197512035949,,,,
2025-10-13,0.6498401165008545,0.5726786255836487,-0.3468754856753483,0,,,,,0,0,0.0,-49999668.980248764,0.0,331.0197512035949,,,,
2025-10-14,0.651159942150116,0.5717487335205078,-0.8856416775754693,0,,,,,0,0,0.0,-49999668.980248764,0.0,331.0197512035949,,,,
2025-10-15,0.6491301655769348,0.5715000629425049,-0.2896588203098569,0,,,,,0,0,0.0,-49999668.980248764,0.0,331.0197512035949,,,,
2025-10-16,0.6508001685142517,0.5716115236282349,-0.7487088775038029,0,,,,,0,0,0.0,-49999668.980248764,0.0,331.0197512035949,,,,
2025-10-17,0.64823979139328,0.572701632976532,0.7928321752355446,0,,,,,0,0,0.0,-49999668.980248764,0.0,331.0197512035949,,,,
2025-10-20,0.6501701474189758,0.5731808543205261,0.30021255844264577,0,,,,,0,0,0.0,-49999668.980248764,0.0,331.0197512035949,,,,
2025-10-21,0.6516313552856445,0.5744485259056091,0.404817423942138,0,,,,,0,0,0.0,-49999668.980248764,0.0,331.0197512035949,,,,
2025-10-22,0.6491904854774475,0.5742605328559875,1.8189337571062518,0,,,,,0,0,0.0,-49999668.980248764,0.0,331.0197512035949,,,,
2025-10-23,0.6489999890327454,0.5736905336380005,1.467513556449969,0,,,,,0,0,0.0,-49999668.980248764,0.0,331.0197512035949,,,,
2025-10-24,0.6514798402786255,0.5755196809768677,1.0757500850092654,0,,,,,0,0,0.0,-49999668.980248764,0.0,331.0197512035949,,,,
2025-10-27,0.653398334980011,0.5760199427604675,0.30397227202068156,0,,,,,0,0,0.0,-49999668.980248764,0.0,331.0197512035949,,,,
2025-10-28,0.6558598279953003,0.5775506496429443,-0.22212210973337,0,,,,,0,0,0.0,-49999668.980248764,0.0,331.0197512035949,,,,
2025-10-29,0.6585099697113037,0.5783589482307434,-1.3719512022498297,0,,,,,0,0,0.0,-49999668.980248764,0.0,331.0197512035949,,,,
2025-10-30,0.657680094242096,0.5764286518096924,-1.8594830489758887,0,,,,,0,0,0.0,-49999668.980248764,0.0,331.0197512035949,,,,
2025-10-31,0.6559299826622009,0.5745310187339783,-1.7237835895214253,0,,,,,0,0,0.0,-49999668.980248764,0.0,331.0197512035949,,,,
2025-11-03,0.6545702219009399,0.5722787976264954,-1.896727214506475,0,,,,,0,0,0.0,-49999668.980248764,0.0,331.0197512035949,,,,
2025-11-04,0.6541078090667725,0.5707013010978699,-2.0356652056285154,0,,,,,0,0,0.0,-49999668.980248764,0.0,331.0197512035949,,,,
2025-11-05,0.6485601663589478,0.5642401576042175,-2.0925142156048553,0,,,,,0,0,0.0,-49999668.980248764,0.0,331.0197512035949,,,,
2025-11-06,0.6509907841682434,0.566899836063385,-1.725933632614328,0,,,,,0,0,0.0,-49999668.980248764,0.0,331.0197512035949,,,,
2025-11-07,0.6483898758888245,0.5639013051986694,-1.6957066066852018,0,,,,,0,0,0.0,-49999668.980248764,0.0,331.0197512035949,,,,
2025-11-10,0.650239884853363,0.5627208352088928,-2.1530488918176403,0,,,,,0,0,0.0,-49999668.980248764,0.0,331.0197512035949,,,,
2025-11-11,0.653488039970398,0.5643786787986755,-2.1029487576916637,0,,,,,0,0,0.0,-49999668.980248764,0.0,331.0197512035949,,,,
2025-11-12,0.6529499292373657,0.5657292604446411,-1.461522390279984,0,,,,,0,0,0.0,-49999668.980248764,0.0,331.0197512035949,,,,
2025-11-13,0.6536400318145752,0.566228985786438,-1.3383051735210065,0,,,,,0,0,0.0,-49999668.980248764,0.0,331.0197512035949,,,,
2025-11-14,0.6529000401496887,0.5650898814201355,-1.291889695041547,0,,,,,0,0,0.0,-49999668.980248764,0.0,331.0197512035949,,,,
2025-11-17,0.6533001661300659,0.5676302909851074,-0.7430272685322917,0,,,,,0,0,0.0,-49999668.980248764,0.0,331.0197512035949,,,,
2025-11-18,0.6492701172828674,0.5654797554016113,-0.3075928451872308,0,,,,,0,0,0.0,-49999668.980248764,0.0,331.0197512035949,,,,
2025-11-19,0.6509018540382385,0.5659213662147522,-0.48475889479620365,0,,,,,0,0,0.0,-49999668.980248764,0.0,331.0197512035949,,,,
2025-11-20,0.649000883102417,0.5614413619041443,-1.0666623079855961,0,,,,,0,0,0.0,-49999668.980248764,0.0,331.0197512035949,,,,
2025-11-21,0.6449499130249023,0.5591809153556824,-0.5737887199312584,0,,,,,0,0,0.0,-49999668.980248764,0.0,331.0197512035949,,,,
2025-11-24,0.6462398767471313,0.5613183975219727,-0.21083190647503483,0,,,,,0,0,0.0,-49999668.980248764,0.0,331.0197512035949,,,,
2025-11-25,0.6465799808502197,0.561381459236145,-0.20434338393525178,0,,,,,0,0,0.0,-49999668.980248764,0.0,331.0197512035949,,,,
2025-11-26,0.6470301151275635,0.5624499320983887,0.16890046686527924,0,,,,,0,0,0.0,-49999668.980248764,0.0,331.0197512035949,,,,
2025-11-27,0.6524859666824341,0.5707000494003296,1.6163969729553607,0,,,,,0,0,0.0,-49999668.980248764,0.0,331.0197512035949,,,,
2025-11-28,0.653579831123352,0.5731000304222107,2.1454433150825523,0,,,,,0,0,0.0,-49999668.980248764,0.0,331.0197512035949,,,,
2025-12-01,0.6551298499107361,0.5736411809921265,1.6569448584272035,0,,,,,0,0,0.0,-49999668.980248764,0.0,331.0197512035949,,,,
2025-12-02,0.6544001698493958,0.572619616985321,1.4194208088058389,0,,,,,0,0,0.0,-49999668.980248764,0.0,331.0197512035949,,,,
2025-12-03,0.6573700904846191,0.574079155921936,0.8011481879877438,0,,,,,0,0,0.0,-49999668.980248764,0.0,331.0197512035949,,,,
2025-12-04,0.6605019569396973,0.5774205327033997,0.8996083672839525,0,,,,,0,0,0.0,-49999668.980248764,0.0,331.0197512035949,,,,
2025-12-05,0.660641610622406,0.5759804248809814,0.25569945908826824,0,,,,,0,0,0.0,-49999668.980248764,0.0,331.0197512035949,,,,
2025-12-08,0.6635400652885437,0.5775999426841736,-0.2584723029357675,0,,,,,0,0,0.0,-49999668.980248764,0.0,331.0197512035949,,,,
2025-12-09,0.6627300977706909,0.5776100158691406,-0.026962785751947122,0,,,,,0,0,0.0,-49999668.980248764,0.0,331.0197512035949,,,,
2025-12-10,0.6640987992286682,0.5779501795768738,-0.523129942846039,0,,,,,0,0,0.0,-49999668.980248764,0.0,331.0197512035949,,,,
2025-12-11,0.6674498319625854,0.5817199945449829,-0.32182594360280836,0,,,,,0,0,0.0,-49999668.980248764,0.0,331.0197512035949,,,,
2025-12-12,0.6665000319480896,0.5809191465377808,-0.3702444562768971,0,,,,,0,0,0.0,-49999668.980248764,0.0,331.0197512035949,,,,
2025-12-15,0.6647300720214844,0.5802315473556519,0.12758071554208786,0,,,,,0,0,0.0,-49999668.980248764,0.0,331.0197512035949,,,,
2025-12-16,0.6641799807548523,0.5786099433898926,-0.4437293834718373,0,,,,,0,0,0.0,-49999668.980248764,0.0,331.0197512035949,,,,
2025-12-17,0.6634001135826111,0.5785999298095703,-0.06325458632658885,0,,,,,0,0,0.0,-49999668.980248764,0.0,331.0197512035949,,,,
2025-12-18,0.6601501107215881,0.5772998332977295,0.8633841946969645,0,,,,,0,0,0.0,-49999668.980248764,0.0,331.0197512035949,,,,
2025-12-19,0.6613800525665283,0.5776106715202332,0.2697472936793959,0,,,,,0,0,0.0,-49999668.980248764,0.0,331.0197512035949,,,,
2025-12-22,0.6610198020935059,0.57548987865448,-0.8680669775429962,0,,,,,0,0,0.0,-49999668.980248764,0.0,331.0197512035949,,,,
2025-12-23,0.6658400893211365,0.5797706246376038,-1.0717021740624366,0,,,,,0,0,0.0,-49999668.980248764,0.0,331.0197512035949,,,,
2025-12-24,0.6701900959014893,0.5842998623847961,-0.8156882809965877,0,,,,,0,0,0.0,-49999668.980248764,0.0,331.0197512035949,,,,
2025-12-26,0.6705604195594788,0.5836417078971863,-1.3175296832660721,0,,,,,0,0,0.0,-49999668.980248764,0.0,331.0197512035949,,,,
2025-12-29,0.6714099645614624,0.582610011100769,-2.251921765774421,0,,,,,0,0,0.0,-49999668.980248764,0.0,331.0197512035949,,,,
2025-12-30,0.6695501804351807,0.5808698534965515,-1.9993127575170848,0,,,,,0,0,0.0,-49999668.980248764,0.0,331.0197512035949,,,,
2025-12-31,0.6697999835014343,0.5791494250297546,-2.615164570335486,0,,,,,0,0,0.0,-49999668.980248764,0.0,331.0197512035949,,,,
2026-01-02,0.6678299903869629,0.5757914185523987,-2.617577857801118,0,,,,,0,0,0.0,-49999668.980248764,0.0,331.0197512035949,,,,
2026-01-05,0.6683902144432068,0.5755594372749329,-2.3857011243279773,0,,,,,0,0,0.0,-49999668.980248764,0.0,331.0197512035949,,,,
2026-01-06,0.6713401079177856,0.5786300301551819,-1.928515637428838,0,,,,,0,0,0.0,-49999668.980248764,0.0,331.0197512035949,,,,
2026-01-07,0.6737000942230225,0.5781984925270081,-2.2924551127910897,0,,,,,0,0,0.0,-49999668.980248764,0.0,331.0197512035949,,,,
2026-01-08,0.672210156917572,0.5773905515670776,-1.8060378097764485,0,,,,,0,0,0.0,-49999668.980248764,0.0,331.0197512035949,,,,
2026-01-09,0.6701065301895142,0.5750893950462341,-1.6414902562141682,0,,,,,0,0,0.0,-49999668.980248764,0.0,331.0197512035949,,,,
2026-01-12,0.6685801148414612,0.572980523109436,-1.5819256042362124,0,,,,,0,0,0.0,-49999668.980248764,0.0,331.0197512035949,,,,
2026-01-13,0.6707807779312134,0.5773205757141113,-0.9489022089784188,0,,,,,0,0,0.0,-49999668.980248764,0.0,331.0197512035949,,,,
2026-01-14,0.6683598756790161,0.5739309191703796,-1.0895968135004328,0,,,,,0,0,0.0,-49999668.980248764,0.0,331.0197512035949,,,,
2026-01-15,0.6682798862457275,0.5744815468788147,-0.8512920760906976,0,,,,,0,0,0.0,-49999668.980248764,0.0,331.0197512035949,,,,
2026-01-16,0.6704210042953491,0.5743601322174072,-1.2350392054139623,0,,,,,0,0,0.0,-49999668.980248764,0.0,331.0197512035949,,,,
2026-01-19,0.6687598824501038,0.5763389468193054,-0.3078624951744568,0,,,,,0,0,0.0,-49999668.980248764,0.0,331.0197512035949,,,,
2026-01-20,0.6709878444671631,0.5793507695198059,0.02305999801647196,0,,,,,0,0,0.0,-49999668.980248764,0.0,331.0197512035949,,,,
2026-01-21,0.6731699109077454,0.5827301740646362,0.5001744610273218,0,,,,,0,0,0.0,-49999668.980248764,0.0,331.0197512035949,,,,
2026-01-22,0.6754794120788574,0.5838188529014587,0.2541047065294239,0,,,,,0,0,0.0,-49999668.980248764,0.0,331.0197512035949,,,,
2026-01-23,0.6840506792068481,0.5916704535484314,0.2821912773075946,0,,,,,0,0,0.0,-49999668.980248764,0.0,331.0197512035949,,,,
2026-01-26,0.691399872303009,0.596039891242981,-0.7157427214769871,0,,,,,0,0,0.0,-49999668.980248764,0.0,331.0197512035949,,,,
2026-01-27,0.691472053527832,0.5970701575279236,-0.18525000840752354,0,,,,,0,0,0.0,-49999668.980248764,0.0,331.0197512035949,,,,
2026-01-28,0.6995800137519836,0.6027800440788269,-1.1812231441232564,0,,,,,0,0,0.0,-49999668.980248764,0.0,331.0197512035949,,,,
2026-01-29,0.7039799094200134,0.6065311431884766,-1.3172331081528321,0,,,,,0,0,0.0,-49999668.980248764,0.0,331.0197512035949,,,,
2026-01-30,0.7047300934791565,0.6075703501701355,-1.0180705831620458,0,,,,,0,0,0.0,-49999668.980248764,0.0,331.0197512035949,,,,
2026-02-02,0.6946277618408203,0.6014494895935059,0.9943237240356233,0,,,,,0,0,0.0,-49999668.980248764,0.0,331.0197512035949,,,,
2026-02-03,0.6955500841140747,0.6010915637016296,0.3046580882436236,0,,,,,0,0,0.0,-49999668.980248764,0.0,331.0197512035949,,,,
2026-02-04,0.7022520899772644,0.6042186617851257,-1.48595047518721,0,,,,,0,0,0.0,-49999668.980248764,0.0,331.0197512035949,,,,
2026-02-05,0.699440062046051,0.5998188257217407,-2.0602842581122345,0,,,,,0,0,0.0,-49999668.980248764,0.0,331.0197512035949,,,,
2026-02-06,0.6916399002075195,0.5938912630081177,-1.2326802174293057,0,,,,,0,0,0.0,-49999668.980248764,0.0,331.0197512035949,,,,
2026-02-09,0.7033699154853821,0.6032381653785706,-1.8530986439376564,0,,,,,0,0,0.0,-49999668.980248764,0.0,331.0197512035949,,,,
2026-02-10,0.7083597779273987,0.605279266834259,-2.373387520719903,0,,,,,0,0,0.0,-49999668.980248764,0.0,331.0197512035949,,,,
2026-02-11,0.7074797749519348,0.6041712164878845,-2.0519381774950007,0,,,,,0,0,0.0,-49999668.980248764,0.0,331.0197512035949,,,,
2026-02-12,0.7125298380851746,0.6048911213874817,-2.5360618146551226,0,,,,,0,0,0.0,-49999668.980248764,0.0,331.0197512035949,,,,
2026-02-13,0.7087101936340332,0.6032600402832031,-1.759930554600994,0,,,,,0,0,0.0,-49999668.980248764,0.0,331.0197512035949,,,,
2026-02-16,0.7070400714874268,0.6033801436424255,-1.2268509887043415,0,,,,,0,0,0.0,-49999668.980248764,0.0,331.0197512035949,,,,
2026-02-17,0.7072985768318176,0.6032018065452576,-1.192934504963199,0,,,,,0,0,0.0,-49999668.980248764,0.0,331.0197512035949,,,,
2026-02-18,0.708320140838623,0.6048911213874817,-0.9451271116603543,0,,,,,0,0,0.0,-49999668.980248764,0.0,331.0197512035949,,,,
2026-02-19,0.704379141330719,0.5967797636985779,-1.72922332227338,0,,,,,0,0,0.0,-49999668.980248764,0.0,331.0197512035949,,,,
2026-02-20,0.7056102752685547,0.5971004962921143,-1.7091436274541623,0,,,,,0,0,0.0,-49999668.980248764,0.0,331.0197512035949,,,,
2026-02-23,0.7111399173736572,0.6003986597061157,-1.8417966417136513,0,,,,,0,0,0.0,-49999668.980248764,0.0,331.0197512035949,,,,
2026-02-24,0.706070065498352,0.596039891242981,-1.5563402687242376,0,,,,,0,0,0.0,-49999668.980248764,0.0,331.0197512035949,,,,
2026-02-25,0.7060999870300293,0.5965590476989746,-1.3081151088090857,0,,,,,0,0,0.0,-49999668.980248764,0.0,331.0197512035949,,,,
2026-02-26,0.7120498418807983,0.6000888347625732,-1.5270468479317543,0,,,,,0,0,0.0,-49999668.980248764,0.0,331.0197512035949,,,,
2026-02-27,0.71017986536026,0.5980217456817627,-1.4154564666794773,0,,,,,0,0,0.0,-49999668.980248764,0.0,331.0197512035949,,,,
2026-03-02,0.7058109045028687,0.595770001411438,-0.9979834138705782,0,,,,,0,0,0.0,-49999668.980248764,0.0,331.0197512035949,,,,
2026-03-03,0.710580050945282,0.5948804616928101,-1.9148321306423863,0,,,,,0,0,0.0,-49999668.980248764,0.0,331.0197512035949,,,,
2026-03-04,0.7040701508522034,0.5889108180999756,-1.6799040014940645,0,,,,,0,0,0.0,-49999668.980248764,0.0,331.0197512035949,,,,
2026-03-05,0.7075998783111572,0.5937607288360596,-1.2564295321610461,0,,,,,0,0,0.0,-49999668.980248764,0.0,331.0197512035949,,,,
2026-03-06,0.7011299729347229,0.5897687077522278,-0.741365169043244,0,,,,,0,0,0.0,-49999668.980248764,0.0,331.0197512035949,,,,
2026-03-09,0.6966199278831482,0.5850211381912231,-0.7718068829916297,0,,,,,0,0,0.0,-49999668.980248764,0.0,331.0197512035949,,,,
2026-03-10,0.7068586349487305,0.5927084684371948,-1.1724686047216892,0,,,,,0,0,0.0,-49999668.980248764,0.0,331.0197512035949,,,,
2026-03-11,0.712100088596344,0.5924416184425354,-2.134305303792787,0,,,,,0,0,0.0,-49999668.980248764,0.0,331.0197512035949,,,,
2026-03-12,0.7129209637641907,0.5895600914955139,-2.364274740683253,0,,,,,0,0,0.0,-49999668.980248764,0.0,331.0197512035949,,,,
2026-03-13,0.7075298428535461,0.5852998495101929,-1.8825838276938716,0,,,,,0,0,0.0,-49999668.980248764,0.0,331.0197512035949,,,,
2026-03-16,0.7005700469017029,0.5797303318977356,-1.5254107899148652,0,,,,,0,0,0.0,-49999668.980248764,0.0,331.0197512035949,,,,
2026-03-17,0.706848680973053,0.5853704214096069,-1.4502966168847364,0,,,,,0,0,0.0,-49999668.980248764,0.0,331.0197512035949,,,,
2026-03-18,0.710909903049469,0.585919201374054,-1.877785722487733,0,,,,,0,0,0.0,-49999668.980248764,0.0,331.0197512035949,,,,
2026-03-19,0.7029501795768738,0.5795589685440063,-1.4785555781153492,0,,,,,0,0,0.0,-49999668.980248764,0.0,331.0197512035949,,,,
2026-03-20,0.708109974861145,0.5868303775787354,-0.9504125190271122,0,,,,,0,0,0.0,-49999668.980248764,0.0,331.0197512035949,,,,
2026-03-23,0.7007802128791809,0.5831209421157837,-0.27179982574406436,0,,,,,0,0,0.0,-49999668.980248764,0.0,331.0197512035949,,,,
2026-03-24,0.7006098031997681,0.5853601694107056,0.25774395527351546,0,,,,,0,0,0.0,-49999668.980248764,0.0,331.0197512035949,,,,
2026-03-25,0.6996901631355286,0.5838086605072021,0.20046269142964887,0,,,,,0,0,0.0,-49999668.980248764,0.0,331.0197512035949,,,,
2026-03-26,0.6942901611328125,0.5806391835212708,0.6719200694265078,0,,,,,0,0,0.0,-49999668.980248764,0.0,331.0197512035949,,,,
2026-03-27,0.6887398958206177,0.5761796236038208,0.8866218560316629,0,,,,,0,0,0.0,-49999668.980248764,0.0,331.0197512035949,,,,
2026-03-30,0.6850901246070862,0.5727902054786682,0.9934074191398042,0,,,,,0,0,0.0,-49999668.980248764,0.0,331.0197512035949,,,,
2026-03-31,0.6845901012420654,0.5717389583587646,0.8268071477611214,0,,,,,0,0,0.0,-49999668.980248764,0.0,331.0197512035949,,,,
2026-04-01,0.692051112651825,0.5756091475486755,0.0899614091702551,0,,,,,0,0,0.0,-49999668.980248764,0.0,331.0197512035949,,,,
2026-04-02,0.6923999190330505,0.5750100612640381,-0.08103271708020433,0,,,,,0,0,0.0,-49999668.980248764,0.0,331.0197512035949,,,,
2026-04-03,0.6911499500274658,0.5717801451683044,-0.49661825565922774,0,,,,,0,0,0.0,-49999668.980248764,0.0,331.0197512035949,,,,
2026-04-06,0.6885501742362976,0.5686697363853455,-0.5818114497873221,0,,,,,0,0,0.0,-49999668.980248764,0.0,331.0197512035949,,,,
2026-04-07,0.6916901469230652,0.5714514255523682,-0.5656109723323692,0,,,,,0,0,0.0,-49999668.980248764,0.0,331.0197512035949,,,,
2026-04-08,0.707679033279419,0.5809292793273926,-1.8668355968965333,0,,,,,0,0,0.0,-49999668.980248764,0.0,331.0197512035949,,,,
2026-04-09,0.703937828540802,0.5825400948524475,-0.5942102383006432,0,,,,,0,0,0.0,-49999668.980248764,0.0,331.0197512035949,,,,
2026-04-10,0.7075698375701904,0.585048496723175,-0.8318937441107598,0,,,,,0,0,0.0,-49999668.980248764,0.0,331.0197512035949,,,,
2026-04-13,0.7019898295402527,0.5804302096366882,-0.6413780949171008,0,,,,,0,0,0.0,-49999668.980248764,0.0,331.0197512035949,,,,
2026-04-14,0.7099298238754272,0.5871990919113159,-0.822364467546287,0,,,,,0,0,0.0,-49999668.980248764,0.0,331.0197512035949,,,,
2026-04-15,0.7129300832748413,0.5903501510620117,-0.8105451917289649,0,,,,,0,0,0.0,-49999668.980248764,0.0,331.0197512035949,,,,
2026-04-16,0.7175799012184143,0.5912192463874817,-1.6368036914612054,0,,,,,0,0,0.0,-49999668.980248764,0.0,331.0197512035949,,,,
2026-04-17,0.7159000635147095,0.5886092185974121,-1.6802164544028748,0,,,,,0,0,0.0,-49999668.980248764,0.0,331.0197512035949,,,,
2026-04-20,0.7134998440742493,0.5865206122398376,-1.4474367123918457,0,,,,,0,0,0.0,-49999668.980248764,0.0,331.0197512035949,,,,
2026-04-21,0.7174198627471924,0.590639591217041,-1.2272198018493505,0,,,,,0,0,0.0,-49999668.980248764,0.0,331.0197512035949,,,,
2026-04-22,0.7156198024749756,0.5898104310035706,-0.9385375189560186,0,,,,,0,0,0.0,-49999668.980248764,0.0,331.0197512035949,,,,
2026-04-23,0.7158001661300659,0.5905802845954895,-0.7311552944211074,0,,,,,0,0,0.0,-49999668.980248764,0.0,331.0197512035949,,,,
2026-04-24,0.7129616141319275,0.5853807330131531,-1.2042391613349965,0,,,,,0,0,0.0,-49999668.980248764,0.0,331.0197512035949,,,,
2026-04-27,0.7143500447273254,0.5870887637138367,-1.063275828218361,0,,,,,0,0,0.0,-49999668.980248764,0.0,331.0197512035949,,,,
2026-04-28,0.7190897464752197,0.5912611484527588,-1.1422801067746673,0,,,,,0,0,0.0,-49999668.980248764,0.0,331.0197512035949,,,,
2026-04-29,0.7187212109565735,0.588841438293457,-1.6655368592189548,0,,,,,0,0,0.0,-49999668.980248764,0.0,331.0197512035949,,,,
2026-04-30,0.7131141424179077,0.584050714969635,-1.401238202105629,0,,,,,0,0,0.0,-49999668.980248764,0.0,331.0197512035949,,,,
2026-05-01,0.720079779624939,0.5906988978385925,-1.286070332222885,0,,,,,0,0,0.0,-49999668.980248764,0.0,331.0197512035949,,,,
2026-05-04,0.7212925553321838,0.5906500220298767,-1.5559186697863254,0,,,,,0,0,0.0,-49999668.980248764,0.0,331.0197512035949,,,,
2026-05-05,0.7167482376098633,0.58724045753479,-1.1328583897616382,0,,,,,0,0,0.0,-49999668.980248764,0.0,331.0197512035949,,,,
2026-05-06,0.7203900218009949,0.5903292298316956,-1.1799766711120296,0,,,,,0,0,0.0,-49999668.980248764,0.0,331.0197512035949,,,,
2026-05-07,0.7235099673271179,0.5953586101531982,-0.3596528622390918,0,,,,,0,0,0.0,-49999668.980248764,0.0,331.0197512035949,,,,
2026-05-08,0.7208600044250488,0.5938488841056824,0.12379232490214462,0,,,,,0,0,0.0,-49999668.980248764,0.0,331.0197512035949,,,,
2026-05-11,0.7236999869346619,0.5950397253036499,-0.4397414135678702,0,,,,,0,0,0.0,-49999668.980248764,0.0,331.0197512035949,,,,
2026-05-12,0.7246218919754028,0.5965298414230347,-0.040689719456866856,0,,,,,0,0,0.0,-49999668.980248764,0.0,331.0197512035949,,,,
2026-05-13,0.7237801551818848,0.5952416062355042,-0.20352209803643345,0,,,,,0,0,0.0,-49999668.980248764,0.0,331.0197512035949,,,,
2026-05-14,0.7254998683929443,0.5931690335273743,-2.302828988422025,0,,,,,0,0,0.0,-49999668.980248764,0.0,331.0197512035949,,,,
2026-05-15,0.7214298844337463,0.5903501510620117,-1.4546530753365239,0,,,,,0,0,0.0,-49999668.980248764,0.0,331.0197512035949,,,,
2026-05-18,0.7130200862884521,0.5832604169845581,-0.8234485542565807,0,,,,,0,0,0.0,-49999668.980248764,0.0,331.0197512035949,,,,
2026-05-19,0.7172901630401611,0.5874301791191101,-0.6881869481221957,0,,,,,0,0,0.0,-49999668.980248764,0.0,331.0197512035949,,,,
2026-05-20,0.7106598019599915,0.5833386778831482,0.7395499259271416,0,,,,,0,0,0.0,-49999668.980248764,0.0,331.0197512035949,,,,
2026-05-21,0.7150007486343384,0.5868303775787354,0.49227682338232914,0,,,,,0,0,0.0,-49999668.980248764,0.0,331.0197512035949,,,,
2026-05-22,0.7148299813270569,0.5878514647483826,1.308241697466084,0,,,,,0,0,0.0,-49999668.980248764,0.0,331.0197512035949,,,,
2026-05-25,0.7157202363014221,0.5873000621795654,0.34708751819063816,0,,,,,0,0,0.0,-49999668.980248764,0.0,331.0197512035949,,,,
2026-05-26,0.717029869556427,0.5862111449241638,-1.2504748333279192,0,,,,,0,0,0.0,-49999668.980248764,0.0,331.0197512035949,,,,
2026-05-27,0.717079758644104,0.5842486619949341,-2.2317779652150955,0,,,,,0,0,0.0,-49999668.980248764,0.0,331.0197512035949,,,,
2026-05-28,0.7133201360702515,0.5892404317855835,2.431628038826238,0,,,,,0,0,0.0,-49999668.980248764,0.0,331.0197512035949,,,,
2026-05-29,0.7164201736450195,0.594569206237793,2.682289540545663,0,,,,,0,0,0.0,-49999668.980248764,0.0,331.0197512035949,,,,
2026-06-01,0.7180498242378235,0.5981684327125549,2.621662077766843,0,,,,,0,0,0.0,-49999668.980248764,0.0,331.0197512035949,,,,
2026-06-02,0.7164298892021179,0.5935704112052917,1.4622612121602545,0,,,,,0,0,0.0,-49999668.980248764,0.0,331.0197512035949,,,,
2026-06-03,0.7174115777015686,0.5922486186027527,0.7131474827487837,0,,,,,0,0,0.0,-49999668.980248764,0.0,331.0197512035949,,,,
2026-06-04,0.7134499549865723,0.5871197581291199,0.2891942062914721,0,,,,,0,0,0.0,-49999668.980248764,0.0,331.0197512035949,,,,
2026-06-05,0.7132158875465393,0.5869888067245483,0.3097532136511506,0,,,,,0,0,0.0,-49999668.980248764,0.0,331.0197512035949,,,,
2026-06-08,0.7043498158454895,0.5796698331832886,0.5969957859281457,0,,,,,0,0,0.0,-49999668.980248764,0.0,331.0197512035949,,,,
2026-06-09,0.704049825668335,0.5803594589233398,0.8187074388908083,0,,,,,0,0,0.0,-49999668.980248764,0.0,331.0197512035949,,,,
2026-06-10,0.7023113369941711,0.5807504653930664,1.2685659756382075,0,,,,,0,0,0.0,-49999668.980248764,0.0,331.0197512035949,,,,
2026-06-11,0.6994200348854065,0.5794313549995422,1.5014484548940783,0,,,,,0,0,0.0,-49999668.980248764,0.0,331.0197512035949,,,,
2026-06-12,0.7047901749610901,0.5832808613777161,1.0465965220682076,0,,,,,0,0,0.0,-49999668.980248764,0.0,331.0197512035949,,,,
2026-06-15,0.7075197696685791,0.585538387298584,0.8596787217304273,0,,,,,0,0,0.0,-49999668.980248764,0.0,331.0197512035949,,,,
2026-06-16,0.7073001265525818,0.5827913284301758,0.07224382365878212,0,,,,,0,0,0.0,-49999668.980248764,0.0,331.0197512035949,,,,
2026-06-17,0.7065500020980835,0.5831209421157837,0.3316813701192522,0,,,,,0,0,0.0,-49999668.980248764,0.0,331.0197512035949,,,,
2026-06-18,0.7018499374389648,0.5774805545806885,-0.06636452670107841,0,,,,,0,0,0.0,-49999668.980248764,0.0,331.0197512035949,,,,
2026-06-19,0.7013099789619446,0.57548987865448,-0.5333667089564859,0,,,,,0,0,0.0,-49999668.980248764,0.0,331.0197512035949,,,,
2026-06-22,0.7002899646759033,0.5734602212905884,-0.8881166966121538,0,,,,,0,0,0.0,-49999668.980248764,0.0,331.0197512035949,,,,
2026-06-23,0.6994621157646179,0.5711707472801208,-1.4576852037427277,0,,,,,0,0,0.0,-49999668.980248764,0.0,331.0197512035949,,,,
2026-06-24,0.6915600895881653,0.5664695501327515,-0.7968157237584954,0,,,,,0,0,0.0,-49999668.980248764,0.0,331.0197512035949,,,,
2026-06-25,0.6900001764297485,0.5644615292549133,-0.9384016987148743,0,,,,,0,0,0.0,-49999668.980248764,0.0,331.0197512035949,,,,
2026-06-26,0.6900501847267151,0.5643309354782104,-0.9156083333079876,0,,,,,0,0,0.0,-49999668.980248764,0.0,331.0197512035949,,,,
2026-06-29,0.6896218657493591,0.5640698671340942,-0.7947460014885448,0,,,,,0,0,0.0,-49999668.980248764,0.0,331.0197512035949,,,,
2026-06-30,0.6882398128509521,0.5651313662528992,0.3518633554580047,0,,,,,0,0,0.0,-49999668.980248764,0.0,331.0197512035949,,,,
2026-07-01,0.6912999749183655,0.5675304532051086,0.10062634469830385,0,,,,,0,0,0.0,-49999668.980248764,0.0,331.0197512035949,,,,
2026-07-02,0.6892097592353821,0.5675497651100159,0.9582830854253157,0,,,,,0,0,0.0,-49999668.980248764,0.0,331.0197512035949,,,,
2026-07-03,0.6916002035140991,0.5692912936210632,0.6385683430027089,0,,,,,0,0,0.0,-49999668.980248764,0.0,331.0197512035949,,,,
2026-07-06,0.6937001347541809,0.5706000924110413,0.28771447926453714,0,,,,,0,0,0.0,-49999668.980248764,0.0,331.0197512035949,,,,
2026-07-07,0.6955297589302063,0.5701611638069153,-0.677834205093752,0,,,,,0,0,0.0,-49999668.980248764,0.0,331.0197512035949,,,,
2026-07-08,0.6922600269317627,0.567659318447113,-0.3245611777054343,0,,,,,0,0,0.0,-49999668.980248764,0.0,331.0197512035949,,,,
2026-07-09,0.6936299204826355,0.5715788006782532,1.0942130258725147,0,,,,,0,0,0.0,-49999668.980248764,0.0,331.0197512035949,,,,
2026-07-10,0.6944401264190674,0.5762293934822083,2.6298285916640682,0,,,,,0,0,0.0,-49999668.980248764,0.0,331.0197512035949,,,,
2026-07-13,0.6942197680473328,0.5758709907531738,2.216839240901379,0,,,,,0,0,0.0,-49999668.980248764,0.0,331.0197512035949,,,,
2026-07-14,0.6918213367462158,0.5763389468193054,2.53606623537905,0,,,,,0,0,0.0,-49999668.980248764,0.0,331.0197512035949,,,,
2026-07-15,0.6976497769355774,0.5813513994216919,1.9902322642678978,0,,,,,0,0,0.0,-49999668.980248764,0.0,331.0197512035949,,,,
2026-07-16,0.7008101344108582,0.5847799181938171,1.805162278545197,0,,,,,0,0,0.0,-49999668.980248764,0.0,331.0197512035949,,,,
2026-07-17,0.6999399662017822,0.5841804146766663,1.6271390804737458,0,,,,,0,0,0.0,-49999668.980248764,0.0,331.0197512035949,,,,
2026-07-20,0.6979097723960876,0.5839995741844177,1.7805964595775257,0,,,,,0,0,0.0,-49999668.980248764,0.0,331.0197512035949,,,,
2026-07-21,0.700079083442688,0.5852916240692139,1.4532445551726043,0,,,,,0,0,0.0,-49999668.980248764,0.0,331.0197512035949,,,,
2026-07-22,0.7000800967216492,0.5826215744018555,0.7585897650323885,0,,,,,0,0,0.0,-49999668.980248764,0.0,331.0197512035949,,,,
2026-07-23,0.6989697813987732,0.581429123878479,0.6501835932065971,0,,,,,0,0,0.0,-49999668.980248764,0.0,331.0197512035949,,,,
2026-07-24,0.6967198848724365,0.5774105191230774,0.1288393760671025,0,,,,,0,0,0.0,-49999668.980248764,0.0,331.0197512035949,,,,
2026-07-27,0.699440062046051,0.5798513293266296,0.00927220362667145,0,,,,,0,0,0.0,-49999668.980248764,0.0,331.0197512035949,,,,
2026-07-28,0.6987192630767822,0.5770406723022461,-0.6081533349957887,0,,,,,0,0,0.0,-49999668.980248764,0.0,331.0197512035949,,,,
2026-07-29,0.6974599957466125,0.5782185196876526,-0.013671863407640128,0,,,,,0,0,0.0,-49999668.980248764,0.0,331.0197512035949,,,,
2026-07-30,0.695928156375885,0.5802584886550903,0.9129315855279079,0,,,,,0,0,0.0,-49999668.980248764,0.0,331.0197512035949,,,,
2026-07-31,0.7025185227394104,0.5875406265258789,1.0881446032511004,0,,,,,0,0,0.0,-49999668.980248764,0.0,331.0197512035949,,,,
2026-08-03,0.7045875787734985,0.5898382663726807,1.0786890471018564,0,,,,,0,0,0.0,-49999668.980248764,0.0,331.0197512035949,,,,
2026-08-04,0.6997601389884949,0.5866995453834534,1.459730107729568,0,,,,,0,0,0.0,-49999668.980248764,0.0,331.0197512035949,,,,
2026-08-05,0.7046700119972229,0.5876303911209106,0.12234820881089106,0,,,,,0,0,0.0,-49999668.980248764,0.0,331.0197512035949,,,,
2026-08-06,0.7057301998138428,0.5887513160705566,0.06185717268833563,0,,,,,0,0,0.0,-49999668.980248764,0.0,331.0197512035949,,,,
2026-08-07,0.7033402323722839,0.5868303775787354,0.1796658955311051,0,,,,,0,0,0.0,-49999668.980248764,0.0,331.0197512035949,,,,
2026-08-10,0.7063493728637695,0.5887998342514038,-0.2736282613258193,0,,,,,0,0,0.0,-49999668.980248764,0.0,331.0197512035949,,,,
2026-08-11,0.7055301070213318,0.5888206362724304,0.11914058435614452,0,,,,,0,0,0.0,-49999668.980248764,0.0,331.0197512035949,,,,
2026-08-12,0.7063997387886047,0.5880000591278076,-0.6156661850641165,0,,,,,0,0,0.0,-49999668.980248764,0.0,331.0197512035949,,,,
2026-08-13,0.7063897848129272,0.5861115455627441,-1.3368307527580714,0,,,,,0,0,0.0,-49999668.980248764,0.0,331.0197512035949,,,,
2026-08-14,0.7063698172569275,0.5854492783546448,-1.4380727909467577,0,,,,,0,0,0.0,-49999668.980248764,0.0,331.0197512035949,,,,
2026-08-17,0.7085198760032654,0.5890911817550659,-0.6848747757451056,0,,,,,0,0,0.0,-49999668.980248764,0.0,331.0197512035949,,,,
2026-08-18,0.7108199596405029,0.5905907154083252,-0.898425737068711,0,,,,,0,0,0.0,-49999668.980248764,0.0,331.0197512035949,,,,
2026-08-19,0.7081500887870789,0.5872901082038879,-1.1282079412493542,0,,,,,0,0,0.0,-49999668.980248764,0.0,331.0197512035949,,,,
2026-08-20,0.7125044465065002,0.5935810208320618,-0.18390722818983732,0,,,,,0,0,0.0,-49999668.980248764,0.0,331.0197512035949,,,,
2026-08-21,0.7119398713111877,0.5954011082649231,0.7607234270961662,0,,,,,0,0,0.0,-49999668.980248764,0.0,331.0197512035949,,,,
2026-08-24,0.7171398997306824,0.5977500677108765,-0.39454973420371275,0,,,,,0,0,0.0,-49999668.980248764,0.0,331.0197512035949,,,,
2026-08-25,0.7154815793037415,0.5966017842292786,-0.31058887701363486,0,,,,,0,0,0.0,-49999668.980248764,0.0,331.0197512035949,,,,
2026-08-26,0.7165325880050659,0.5976000428199768,-0.3477072821225339,0,,,,,0,0,0.0,-49999668.980248764,0.0,331.0197512035949,,,,
2026-08-27,0.7181498408317566,0.5948415398597717,-2.044951779771539,0,,,,,0,0,0.0,-49999668.980248764,0.0,331.0197512035949,,,,
2026-08-28,0.7195098996162415,0.5954897403717041,-1.9901232203667456,0,,,,,0,0,0.0,-49999668.980248764,0.0,331.0197512035949,,,,
2026-08-31,0.7163000702857971,0.5919997096061707,-1.8929387708288197,0,,,,,0,0,0.0,-49999668.980248764,0.0,331.0197512035949,,,,
2026-09-01,0.7172999382019043,0.5922310948371887,-2.002317300334704,0,,,,,0,0,0.0,-49999668.980248764,0.0,331.0197512035949,,,,
2026-09-02,0.7147099375724792,0.5895600914955139,-1.7947990613773714,0,,,,,0,0,0.0,-49999668.980248764,0.0,331.0197512035949,,,,
2026-09-03,0.7163600921630859,0.5851101279258728,-2.8655231845620825,0,,,,,0,0,0.0,-49999668.980248764,0.0,331.0197512035949,,,,
2026-09-04,0.7201300859451294,0.5885607600212097,-2.338856700002707,0,,,,,0,0,0.0,-49999668.980248764,0.0,331.0197512035949,,,,
2026-09-07,0.7206376194953918,0.5882906913757324,-2.093486008748462,0,,,,,0,0,0.0,-49999668.980248764,0.0,331.0197512035949,,,,
2026-09-08,0.722089946269989,0.5882802605628967,-2.0240646585979962,0,,,,,0,0,0.0,-49999668.980248764,0.0,331.0197512035949,,,,
2026-09-09,0.7220399379730225,0.585871160030365,-2.071012214382227,0,,,,,0,0,0.0,-49999668.980248764,0.0,331.0197512035949,,,,
2026-09-10,0.722089946269989,0.584480881690979,-1.9533681304047221,0,,,,,0,0,0.0,-49999668.980248764,0.0,331.0197512035949,,,,
2026-09-11,0.7155998945236206,0.580561637878418,-1.4149498235221192,0,,,,,0,0,0.0,-49999668.980248764,0.0,331.0197512035949,,,,
2026-09-14,0.7157683968544006,0.5791394114494324,-1.4640869278357331,0,,,,,0,0,0.0,-49999668.980248764,0.0,331.0197512035949,,,,
