日期,GC=F價,SI=F價,Z-Score,持倉,Upper_Bound,Lower_Bound,Exit_Upper,Exit_Lower,GC=F口數,SI=F口數,未實現損益,累計已實現損益,凍結保證金,帳戶淨值,動作,Beta,OU_HalfLife,OU_R2
2020-01-03,1549.199951171875,18.06800079345703,-4.248529157249613,1,,,,,109,872,0.0,-36814.72365478516,49846884.669799805,49963185.276345216,[網格1] 開倉: 做空GC=F(黃金) 109口 / 做多SI=F(白銀) 872口 ,,,
2020-01-04,1549.199951171875,18.06800079345703,-2.924038303442696,1,,,,,109,872,0.0,-36814.72365478516,49846884.669799805,49963185.276345216,,,,
2020-01-05,1549.199951171875,18.06800079345703,-2.3202011407059864,1,,,,,109,872,0.0,-36814.72365478516,49846884.669799805,49963185.276345216,,,,
2020-01-06,1566.199951171875,18.097000122070312,-3.0396261644651106,1,,,,,0,0,0.0,-3729129.74970459,0.0,46270870.25029541,"[網格1] 停損平倉: 做多配對, 損益=-3,692,315 ",,,
2020-01-07,1571.800048828125,18.31599998474121,-1.869559253367587,0,,,,,0,0,0.0,-3729129.74970459,0.0,46270870.25029541,,,,
2020-01-08,1557.4000244140625,18.08799934387207,-1.612745028797152,0,,,,,0,0,0.0,-3729129.74970459,0.0,46270870.25029541,,,,
2020-01-09,1551.699951171875,17.860000610351562,-1.9765767968721006,0,,,,,0,0,0.0,-3729129.74970459,0.0,46270870.25029541,,,,
2020-01-10,1557.5,18.033000946044922,-1.4081992094232527,0,,,,,0,0,0.0,-3729129.74970459,0.0,46270870.25029541,,,,
2020-01-11,1557.5,18.033000946044922,-1.2615149625258333,0,,,,,0,0,0.0,-3729129.74970459,0.0,46270870.25029541,,,,
2020-01-12,1557.5,18.033000946044922,-1.1367323157185885,0,,,,,0,0,0.0,-3729129.74970459,0.0,46270870.25029541,,,,
2020-01-13,1548.4000244140625,17.926000595092773,-0.869380940707804,0,,,,,0,0,0.0,-3729129.74970459,0.0,46270870.25029541,,,,
2020-01-14,1542.4000244140625,17.673999786376953,-1.397349887594222,0,,,,,0,0,0.0,-3729129.74970459,0.0,46270870.25029541,,,,
2020-01-15,1552.0999755859375,17.92300033569336,-0.8984256123924829,0,,,,,0,0,0.0,-3729129.74970459,0.0,46270870.25029541,,,,
2020-01-16,1549.0,17.875,-0.8046769544033981,0,,,,,0,0,0.0,-3729129.74970459,0.0,46270870.25029541,,,,
2020-01-17,1558.800048828125,18.01300048828125,-0.8098661274154332,0,,,,,0,0,0.0,-3729129.74970459,0.0,46270870.25029541,,,,
2020-01-18,1558.800048828125,18.01300048828125,-0.7323777695425332,0,,,,,0,0,0.0,-3729129.74970459,0.0,46270870.25029541,,,,
2020-01-19,1558.800048828125,18.01300048828125,-0.6603840718013385,0,,,,,0,0,0.0,-3729129.74970459,0.0,46270870.25029541,,,,
2020-01-20,1558.800048828125,18.01300048828125,-0.5945897870794496,0,,,,,0,0,0.0,-3729129.74970459,0.0,46270870.25029541,,,,
2020-01-21,1556.4000244140625,17.750999450683594,-1.9409962904470952,0,,,,,0,0,0.0,-3729129.74970459,0.0,46270870.25029541,,,,
2020-01-22,1555.300048828125,17.770999908447266,-1.8669507575721869,0,,,,,0,0,0.0,-3729129.74970459,0.0,46270870.25029541,,,,
2020-01-23,1564.5999755859375,17.773000717163086,-2.544518000732477,0,,,,,0,0,0.0,-3729129.74970459,0.0,46270870.25029541,,,,
2020-01-24,1571.0999755859375,18.05699920654297,-1.0746566287390347,0,,,,,0,0,0.0,-3729129.74970459,0.0,46270870.25029541,,,,
2020-01-25,1571.0999755859375,18.05699920654297,-1.0020016795931257,0,,,,,0,0,0.0,-3729129.74970459,0.0,46270870.25029541,,,,
2020-01-26,1571.0999755859375,18.05699920654297,-0.9275400752989084,0,,,,,0,0,0.0,-3729129.74970459,0.0,46270870.25029541,,,,
2020-01-27,1576.800048828125,18.0,-1.8827268063184563,0,,,,,0,0,0.0,-3729129.74970459,0.0,46270870.25029541,,,,
2020-01-28,1569.199951171875,17.402000427246094,-3.3738684594789135,0,,,,,0,0,0.0,-3729129.74970459,0.0,46270870.25029541,,,,
2020-01-29,1569.800048828125,17.430999755859375,-2.507230725225123,0,,,,,0,0,0.0,-3729129.74970459,0.0,46270870.25029541,,,,
2020-01-30,1583.5,17.95199966430664,-1.1536605852172366,0,,,,,0,0,0.0,-3729129.74970459,0.0,46270870.25029541,,,,
2020-01-31,1582.9000244140625,17.972000122070312,-0.9370033235283848,0,,,,,0,0,0.0,-3729129.74970459,0.0,46270870.25029541,,,,
2020-02-01,1582.9000244140625,17.972000122070312,-0.8472758996351005,0,,,,,0,0,0.0,-3729129.74970459,0.0,46270870.25029541,,,,
2020-02-02,1582.9000244140625,17.972000122070312,-0.7638078172780306,0,,,,,0,0,0.0,-3729129.74970459,0.0,46270870.25029541,,,,
2020-02-03,1577.199951171875,17.639999389648438,-1.532985566474505,0,,,,,0,0,0.0,-3729129.74970459,0.0,46270870.25029541,,,,
2020-02-04,1550.4000244140625,17.527999877929688,-0.24135763212070901,0,,,,,0,0,0.0,-3729129.74970459,0.0,46270870.25029541,,,,
2020-02-05,1557.800048828125,17.569000244140625,-0.48069990496829074,0,,,,,0,0,0.0,-3729129.74970459,0.0,46270870.25029541,,,,
2020-02-06,1565.0999755859375,17.788999557495117,0.01154119562147134,0,,,,,0,0,0.0,-3729129.74970459,0.0,46270870.25029541,,,,
2020-02-07,1568.5999755859375,17.665000915527344,-0.6926206362982442,0,,,,,0,0,0.0,-3729129.74970459,0.0,46270870.25029541,,,,
2020-02-08,1568.5999755859375,17.665000915527344,-0.6173664409573534,0,,,,,0,0,0.0,-3729129.74970459,0.0,46270870.25029541,,,,
2020-02-09,1568.5999755859375,17.665000915527344,-0.5440905025118977,0,,,,,0,0,0.0,-3729129.74970459,0.0,46270870.25029541,,,,
2020-02-10,1574.699951171875,17.757999420166016,-0.5042571488015015,0,,,,,0,0,0.0,-3729129.74970459,0.0,46270870.25029541,,,,
2020-02-11,1565.5999755859375,17.572999954223633,-0.6378315512499788,0,,,,,0,0,0.0,-3729129.74970459,0.0,46270870.25029541,,,,
2020-02-12,1567.4000244140625,17.47800064086914,-1.2021275684422597,0,,,,,0,0,0.0,-3729129.74970459,0.0,46270870.25029541,,,,
2020-02-13,1575.0999755859375,17.600000381469727,-1.118343840379582,0,,,,,0,0,0.0,-3729129.74970459,0.0,46270870.25029541,,,,
2020-02-14,1582.699951171875,17.71500015258789,-1.084764746365021,0,,,,,0,0,0.0,-3729129.74970459,0.0,46270870.25029541,,,,
2020-02-15,1582.699951171875,17.71500015258789,-1.0391730468183074,0,,,,,0,0,0.0,-3729129.74970459,0.0,46270870.25029541,,,,
2020-02-16,1582.699951171875,17.71500015258789,-0.9539093587860034,0,,,,,0,0,0.0,-3729129.74970459,0.0,46270870.25029541,,,,
2020-02-17,1582.699951171875,17.71500015258789,-1.0405304230505408,0,,,,,0,0,0.0,-3729129.74970459,0.0,46270870.25029541,,,,
2020-02-18,1600.0,18.131000518798828,-0.07315425506651024,0,,,,,0,0,0.0,-3729129.74970459,0.0,46270870.25029541,,,,
2020-02-19,1607.5,18.29199981689453,0.283202436212014,0,,,,,0,0,0.0,-3729129.74970459,0.0,46270870.25029541,,,,
2020-02-20,1616.5999755859375,18.30900001525879,-0.719800223892945,0,,,,,0,0,0.0,-3729129.74970459,0.0,46270870.25029541,,,,
2020-02-21,1644.5999755859375,18.520999908447266,-2.2301089075581433,0,,,,,0,0,0.0,-3729129.74970459,0.0,46270870.25029541,,,,
2020-02-22,1644.5999755859375,18.520999908447266,-1.905702879928035,0,,,,,0,0,0.0,-3729129.74970459,0.0,46270870.25029541,,,,
2020-02-23,1644.5999755859375,18.520999908447266,-1.6964623418611176,0,,,,,0,0,0.0,-3729129.74970459,0.0,46270870.25029541,,,,
2020-02-24,1672.4000244140625,18.868000030517578,-2.022291703977692,0,,,,,0,0,0.0,-3729129.74970459,0.0,46270870.25029541,,,,
2020-02-25,1646.9000244140625,18.183000564575195,-2.7355756783889866,0,,,,,0,0,0.0,-3729129.74970459,0.0,46270870.25029541,,,,
2020-02-26,1640.0,17.826000213623047,-2.8935203881560145,0,,,,,0,0,0.0,-3729129.74970459,0.0,46270870.25029541,,,,
2020-02-27,1640.0,17.658000946044922,-2.6472547706334493,0,,,,,0,0,0.0,-3729129.74970459,0.0,46270870.25029541,,,,
2020-02-28,1564.0999755859375,16.386999130249023,-2.2627202113839173,0,,,,,0,0,0.0,-3729129.74970459,0.0,46270870.25029541,,,,
2020-02-29,1564.0999755859375,16.386999130249023,-1.9212213614167235,0,,,,,0,0,0.0,-3729129.74970459,0.0,46270870.25029541,,,,
2020-03-01,1564.0999755859375,16.386999130249023,-1.6764504809827177,0,,,,,0,0,0.0,-3729129.74970459,0.0,46270870.25029541,,,,
2020-03-02,1592.300048828125,16.679000854492188,-1.7666105421070808,0,,,,,0,0,0.0,-3729129.74970459,0.0,46270870.25029541,,,,
2020-03-03,1642.0999755859375,17.128999710083008,-2.0794643281732963,0,,,,,0,0,0.0,-3729129.74970459,0.0,46270870.25029541,,,,
2020-03-04,1641.0999755859375,17.187000274658203,-1.686287912710006,0,,,,,0,0,0.0,-3729129.74970459,0.0,46270870.25029541,,,,
2020-03-05,1666.4000244140625,17.341999053955078,-1.8260554578232953,0,,,,,0,0,0.0,-3729129.74970459,0.0,46270870.25029541,,,,
2020-03-06,1670.800048828125,17.214000701904297,-1.8432125190577422,0,,,,,0,0,0.0,-3729129.74970459,0.0,46270870.25029541,,,,
2020-03-07,1670.800048828125,17.214000701904297,-1.6196345457725383,0,,,,,0,0,0.0,-3729129.74970459,0.0,46270870.25029541,,,,
2020-03-08,1670.800048828125,17.214000701904297,-1.4453768918667647,0,,,,,0,0,0.0,-3729129.74970459,0.0,46270870.25029541,,,,
2020-03-09,1674.5,17.000999450683594,-1.6291419654659371,0,,,,,0,0,0.0,-3729129.74970459,0.0,46270870.25029541,,,,
2020-03-10,1659.0999755859375,16.9060001373291,-1.3047021146215791,0,,,,,0,0,0.0,-3729129.74970459,0.0,46270870.25029541,,,,
2020-03-11,1641.4000244140625,16.729000091552734,-1.0631406788633821,0,,,,,0,0,0.0,-3729129.74970459,0.0,46270870.25029541,,,,
2020-03-12,1589.300048828125,15.961000442504883,-0.8756588506347598,0,,,,,0,0,0.0,-3729129.74970459,0.0,46270870.25029541,,,,
2020-03-13,1515.699951171875,14.456000328063965,-1.2653667240528643,0,,,,,0,0,0.0,-3729129.74970459,0.0,46270870.25029541,,,,
2020-03-14,1515.699951171875,14.456000328063965,-1.1900345456199473,0,,,,,0,0,0.0,-3729129.74970459,0.0,46270870.25029541,,,,
2020-03-15,1515.699951171875,14.456000328063965,-1.1325751684467997,0,,,,,0,0,0.0,-3729129.74970459,0.0,46270870.25029541,,,,
2020-03-16,1485.9000244140625,12.772000312805176,-2.716997690084812,0,,,,,0,0,0.0,-3729129.74970459,0.0,46270870.25029541,,,,
2020-03-17,1524.9000244140625,12.468999862670898,-2.994619780574967,0,,,,,0,0,0.0,-3729129.74970459,0.0,46270870.25029541,,,,
2020-03-18,1477.300048828125,11.734999656677246,-2.370106962313291,0,,,,,0,0,0.0,-3729129.74970459,0.0,46270870.25029541,,,,
2020-03-19,1478.5999755859375,12.097000122070312,-1.7469118291657442,0,,,,,0,0,0.0,-3729129.74970459,0.0,46270870.25029541,,,,
2020-03-20,1484.0,12.348999977111816,-1.4162029128478535,0,,,,,0,0,0.0,-3729129.74970459,0.0,46270870.25029541,,,,
2020-03-21,1484.0,12.348999977111816,-1.2825263259869766,0,,,,,0,0,0.0,-3729129.74970459,0.0,46270870.25029541,,,,
2020-03-22,1484.0,12.348999977111816,-1.1645199520024938,0,,,,,0,0,0.0,-3729129.74970459,0.0,46270870.25029541,,,,
2020-03-23,1567.0,13.225000381469727,-1.4470764693114826,0,,,,,0,0,0.0,-3729129.74970459,0.0,46270870.25029541,,,,
2020-03-24,1660.199951171875,14.229000091552734,-1.6973614020815488,0,,,,,0,0,0.0,-3729129.74970459,0.0,46270870.25029541,,,,
2020-03-25,1632.300048828125,14.836999893188477,-0.6351874307824485,0,,,,,0,0,0.0,-3729129.74970459,0.0,46270870.25029541,,,,
2020-03-26,1650.0999755859375,14.640000343322754,-0.9932845437647655,0,,,,,0,0,0.0,-3729129.74970459,0.0,46270870.25029541,,,,
2020-03-27,1623.9000244140625,14.498000144958496,-0.6482975399294889,0,,,,,0,0,0.0,-3729129.74970459,0.0,46270870.25029541,,,,
2020-03-28,1623.9000244140625,14.498000144958496,-0.5734466981012202,0,,,,,0,0,0.0,-3729129.74970459,0.0,46270870.25029541,,,,
2020-03-29,1623.9000244140625,14.498000144958496,-0.5025057864746958,0,,,,,0,0,0.0,-3729129.74970459,0.0,46270870.25029541,,,,
2020-03-30,1622.0,14.074000358581543,-0.8343052696128049,0,,,,,0,0,0.0,-3729129.74970459,0.0,46270870.25029541,,,,
2020-03-31,1583.4000244140625,14.097999572753906,-0.03316529332887487,0,,,,,0,0,0.0,-3729129.74970459,0.0,46270870.25029541,,,,
2020-04-01,1578.199951171875,13.925999641418457,-0.031976789436981616,0,,,,,0,0,0.0,-3729129.74970459,0.0,46270870.25029541,,,,
2020-04-02,1625.699951171875,14.595999717712402,-0.05677770377878731,0,,,,,0,0,0.0,-3729129.74970459,0.0,46270870.25029541,,,,
2020-04-03,1633.699951171875,14.435999870300293,-0.45463396418241403,0,,,,,0,0,0.0,-3729129.74970459,0.0,46270870.25029541,,,,
2020-04-04,1633.699951171875,14.435999870300293,-0.4297546274104101,0,,,,,0,0,0.0,-3729129.74970459,0.0,46270870.25029541,,,,
2020-04-05,1633.699951171875,14.435999870300293,-0.34920042418991254,0,,,,,0,0,0.0,-3729129.74970459,0.0,46270870.25029541,,,,
2020-04-06,1677.0,15.111000061035156,-0.4761332936999457,0,,,,,0,0,0.0,-3729129.74970459,0.0,46270870.25029541,,,,
2020-04-07,1664.800048828125,15.42199993133545,1.2710930901737993,0,,,,,0,0,0.0,-3729129.74970459,0.0,46270870.25029541,,,,
2020-04-08,1665.4000244140625,15.147000312805176,0.21603860063255723,0,,,,,0,0,0.0,-3729129.74970459,0.0,46270870.25029541,,,,
2020-04-09,1736.199951171875,15.994999885559082,-0.7721284804951873,0,,,,,0,0,0.0,-3729129.74970459,0.0,46270870.25029541,,,,
2020-04-10,1736.199951171875,15.994999885559082,-0.6980110149916166,0,,,,,0,0,0.0,-3729129.74970459,0.0,46270870.25029541,,,,
2020-04-11,1736.199951171875,15.994999885559082,-0.6274595610514375,0,,,,,0,0,0.0,-3729129.74970459,0.0,46270870.25029541,,,,
2020-04-12,1736.199951171875,15.994999885559082,-0.6408484106245169,0,,,,,0,0,0.0,-3729129.74970459,0.0,46270870.25029541,,,,
2020-04-13,1744.800048828125,15.479000091552734,-2.8757068631284546,0,,,,,0,0,0.0,-3729129.74970459,0.0,46270870.25029541,,,,
2020-04-14,1756.699951171875,16.07200050354004,-1.3241812617464839,0,,,,,0,0,0.0,-3729129.74970459,0.0,46270870.25029541,,,,
2020-04-15,1727.199951171875,15.446999549865723,-1.6396480743803972,0,,,,,0,0,0.0,-3729129.74970459,0.0,46270870.25029541,,,,
2020-04-16,1720.4000244140625,15.564000129699707,-0.8283064095679351,0,,,,,0,0,0.0,-3729129.74970459,0.0,46270870.25029541,,,,
2020-04-17,1689.199951171875,15.237000465393066,-0.22458911954009814,0,,,,,0,0,0.0,-3729129.74970459,0.0,46270870.25029541,,,,
2020-04-18,1689.199951171875,15.237000465393066,-0.17720118895736756,0,,,,,0,0,0.0,-3729129.74970459,0.0,46270870.25029541,,,,
2020-04-19,1689.199951171875,15.237000465393066,-0.19157128705078139,0,,,,,0,0,0.0,-3729129.74970459,0.0,46270870.25029541,,,,
2020-04-20,1701.5999755859375,15.555999755859375,0.2989657831541139,0,,,,,0,0,0.0,-3729129.74970459,0.0,46270870.25029541,,,,
2020-04-21,1678.199951171875,14.817999839782715,-0.9099517572801328,0,,,,,0,0,0.0,-3729129.74970459,0.0,46270870.25029541,,,,
2020-04-22,1728.699951171875,15.277000427246094,-1.9397802478630761,0,,,,,0,0,0.0,-3729129.74970459,0.0,46270870.25029541,,,,
2020-04-23,1733.300048828125,15.347999572753906,-1.6889414984128053,0,,,,,0,0,0.0,-3729129.74970459,0.0,46270870.25029541,,,,
2020-04-24,1723.5,15.253999710083008,-1.3214446089720533,0,,,,,0,0,0.0,-3729129.74970459,0.0,46270870.25029541,,,,
2020-04-25,1723.5,15.253999710083008,-1.1880809398504453,0,,,,,0,0,0.0,-3729129.74970459,0.0,46270870.25029541,,,,
2020-04-26,1723.5,15.253999710083008,-1.0731754300709344,0,,,,,0,0,0.0,-3729129.74970459,0.0,46270870.25029541,,,,
2020-04-27,1711.9000244140625,15.201000213623047,-0.6153444686621442,0,,,,,0,0,0.0,-3729129.74970459,0.0,46270870.25029541,,,,
2020-04-28,1710.5,15.161999702453613,-0.6004650187060784,0,,,,,0,0,0.0,-3729129.74970459,0.0,46270870.25029541,,,,
2020-04-29,1703.4000244140625,15.15999984741211,-0.11621608103255648,0,,,,,0,0,0.0,-3729129.74970459,0.0,46270870.25029541,,,,
2020-04-30,1684.199951171875,14.89799976348877,0.12306275654771988,0,,,,,0,0,0.0,-3729129.74970459,0.0,46270870.25029541,,,,
2020-05-01,1694.5,14.86299991607666,-0.617162122286737,0,,,,,0,0,0.0,-3729129.74970459,0.0,46270870.25029541,,,,
2020-05-02,1694.5,14.86299991607666,-0.542943492412435,0,,,,,0,0,0.0,-3729129.74970459,0.0,46270870.25029541,,,,
2020-05-03,1694.5,14.86299991607666,-0.6125025948399573,0,,,,,0,0,0.0,-3729129.74970459,0.0,46270870.25029541,,,,
2020-05-04,1706.9000244140625,14.722000122070312,-1.8468622805022799,0,,,,,0,0,0.0,-3729129.74970459,0.0,46270870.25029541,,,,
2020-05-05,1704.4000244140625,15.057000160217285,-0.2910035329557825,0,,,,,0,0,0.0,-3729129.74970459,0.0,46270870.25029541,,,,
2020-05-06,1684.199951171875,14.987000465393066,0.7593178357753384,0,,,,,0,0,0.0,-3729129.74970459,0.0,46270870.25029541,,,,
2020-05-07,1721.800048828125,15.562000274658203,0.7115746507439902,0,,,,,0,0,0.0,-3729129.74970459,0.0,46270870.25029541,,,,
2020-05-08,1709.9000244140625,15.739999771118164,2.1211974301710077,0,,,,,0,0,0.0,-3729129.74970459,0.0,46270870.25029541,,,,
2020-05-09,1709.9000244140625,15.739999771118164,1.9654966645673175,0,,,,,0,0,0.0,-3729129.74970459,0.0,46270870.25029541,,,,
2020-05-10,1709.9000244140625,15.739999771118164,1.9200214432430742,0,,,,,0,0,0.0,-3729129.74970459,0.0,46270870.25029541,,,,
2020-05-11,1695.300048828125,15.63599967956543,2.033750815692831,0,,,,,0,0,0.0,-3729129.74970459,0.0,46270870.25029541,,,,
2020-05-12,1704.4000244140625,15.687000274658203,1.5188710651563515,0,,,,,0,0,0.0,-3729129.74970459,0.0,46270870.25029541,,,,
2020-05-13,1713.9000244140625,15.663000106811523,0.8703625287307035,0,,,,,0,0,0.0,-3729129.74970459,0.0,46270870.25029541,,,,
2020-05-14,1738.0999755859375,16.13599967956543,1.0271116685344988,0,,,,,0,0,0.0,-3729129.74970459,0.0,46270870.25029541,,,,
2020-05-15,1753.4000244140625,17.04599952697754,2.4507325871626096,0,,,,,0,0,0.0,-3729129.74970459,0.0,46270870.25029541,,,,
2020-05-16,1753.4000244140625,17.04599952697754,2.0539393061788016,0,,,,,0,0,0.0,-3729129.74970459,0.0,46270870.25029541,,,,
2020-05-17,1753.4000244140625,17.04599952697754,1.7682673594909515,0,,,,,0,0,0.0,-3729129.74970459,0.0,46270870.25029541,,,,
2020-05-18,1731.800048828125,17.464000701904297,2.6133053316826023,0,,,,,0,0,0.0,-3729129.74970459,0.0,46270870.25029541,,,,
2020-05-19,1744.199951171875,17.892000198364258,2.379511630686223,0,,,,,0,0,0.0,-3729129.74970459,0.0,46270870.25029541,,,,
2020-05-20,1750.5999755859375,18.00200080871582,1.998599865081896,0,,,,,0,0,0.0,-3729129.74970459,0.0,46270870.25029541,,,,
2020-05-21,1720.5,17.334999084472656,1.5484790908460089,0,,,,,0,0,0.0,-3729129.74970459,0.0,46270870.25029541,,,,
2020-05-22,1734.5999755859375,17.663999557495117,1.4918872931240006,0,,,,,0,0,0.0,-3729129.74970459,0.0,46270870.25029541,,,,
2020-05-23,1734.5999755859375,17.663999557495117,1.3413850750444212,0,,,,,0,0,0.0,-3729129.74970459,0.0,46270870.25029541,,,,
2020-05-24,1734.5999755859375,17.663999557495117,1.2417591800005718,0,,,,,0,0,0.0,-3729129.74970459,0.0,46270870.25029541,,,,
2020-05-25,1734.5999755859375,17.663999557495117,1.1357826667834805,0,,,,,0,0,0.0,-3729129.74970459,0.0,46270870.25029541,,,,
2020-05-26,1704.800048828125,17.565000534057617,1.4665349656795503,0,,,,,0,0,0.0,-3729129.74970459,0.0,46270870.25029541,,,,
2020-05-27,1710.300048828125,17.68600082397461,1.3718505807167776,0,,,,,0,0,0.0,-3729129.74970459,0.0,46270870.25029541,,,,
2020-05-28,1713.300048828125,17.895000457763672,1.4154425275500064,0,,,,,0,0,0.0,-3729129.74970459,0.0,46270870.25029541,,,,
2020-05-29,1736.9000244140625,18.440000534057617,1.4584256923843044,0,,,,,0,0,0.0,-3729129.74970459,0.0,46270870.25029541,,,,
2020-05-30,1736.9000244140625,18.440000534057617,1.323344183180096,0,,,,,0,0,0.0,-3729129.74970459,0.0,46270870.25029541,,,,
2020-05-31,1736.9000244140625,18.440000534057617,1.2045025036661594,0,,,,,0,0,0.0,-3729129.74970459,0.0,46270870.25029541,,,,
2020-06-01,1737.800048828125,18.76799964904785,1.4698683239241401,0,,,,,0,0,0.0,-3729129.74970459,0.0,46270870.25029541,,,,
2020-06-02,1725.199951171875,18.207000732421875,0.9481908847741506,0,,,,,0,0,0.0,-3729129.74970459,0.0,46270870.25029541,,,,
2020-06-03,1697.800048828125,17.92099952697754,1.15629602316782,0,,,,,0,0,0.0,-3729129.74970459,0.0,46270870.25029541,,,,
2020-06-04,1718.9000244140625,18.02400016784668,0.6858099692267976,0,,,,,0,0,0.0,-3729129.74970459,0.0,46270870.25029541,,,,
2020-06-05,1676.199951171875,17.44300079345703,0.8305710276835215,0,,,,,0,0,0.0,-3729129.74970459,0.0,46270870.25029541,,,,
2020-06-06,1676.199951171875,17.44300079345703,0.8207646341488402,0,,,,,0,0,0.0,-3729129.74970459,0.0,46270870.25029541,,,,
2020-06-07,1676.199951171875,17.44300079345703,0.7412800264768027,0,,,,,0,0,0.0,-3729129.74970459,0.0,46270870.25029541,,,,
2020-06-08,1698.300048828125,17.868000030517578,0.8438609007767812,0,,,,,0,0,0.0,-3729129.74970459,0.0,46270870.25029541,,,,
2020-06-09,1714.699951171875,17.77400016784668,-0.21139389954773194,0,,,,,0,0,0.0,-3729129.74970459,0.0,46270870.25029541,,,,
2020-06-10,1713.300048828125,17.775999069213867,-0.24220409205871665,0,,,,,0,0,0.0,-3729129.74970459,0.0,46270870.25029541,,,,
2020-06-11,1732.0,17.868999481201172,-0.9954150521646095,0,,,,,0,0,0.0,-3729129.74970459,0.0,46270870.25029541,,,,
2020-06-12,1729.300048828125,17.461999893188477,-2.1107499538846004,0,,,,,0,0,0.0,-3729129.74970459,0.0,46270870.25029541,,,,
2020-06-13,1729.300048828125,17.461999893188477,-2.016814119663211,0,,,,,0,0,0.0,-3729129.74970459,0.0,46270870.25029541,,,,
2020-06-14,1729.300048828125,17.461999893188477,-1.9323372615286825,0,,,,,0,0,0.0,-3729129.74970459,0.0,46270870.25029541,,,,
2020-06-15,1720.300048828125,17.378999710083008,-1.570471988844963,0,,,,,0,0,0.0,-3729129.74970459,0.0,46270870.25029541,,,,
2020-06-16,1729.5999755859375,17.631999969482422,-1.1823236555607046,0,,,,,0,0,0.0,-3729129.74970459,0.0,46270870.25029541,,,,
2020-06-17,1729.199951171875,17.756999969482422,-0.7624361300347133,0,,,,,0,0,0.0,-3729129.74970459,0.0,46270870.25029541,,,,
2020-06-18,1724.800048828125,17.493000030517578,-1.1499551570907856,0,,,,,0,0,0.0,-3729129.74970459,0.0,46270870.25029541,,,,
2020-06-19,1745.9000244140625,17.832000732421875,-1.0398571510071237,0,,,,,0,0,0.0,-3729129.74970459,0.0,46270870.25029541,,,,
2020-06-20,1745.9000244140625,17.832000732421875,-0.9408123709555738,0,,,,,0,0,0.0,-3729129.74970459,0.0,46270870.25029541,,,,
2020-06-21,1745.9000244140625,17.832000732421875,-0.8682643443893641,0,,,,,0,0,0.0,-3729129.74970459,0.0,46270870.25029541,,,,
2020-06-22,1756.699951171875,17.886999130249023,-1.0830400739204518,0,,,,,0,0,0.0,-3729129.74970459,0.0,46270870.25029541,,,,
2020-06-23,1772.0999755859375,18.051000595092773,-1.2121643704470828,0,,,,,0,0,0.0,-3729129.74970459,0.0,46270870.25029541,,,,
2020-06-24,1765.800048828125,17.658000946044922,-1.7844093181094856,0,,,,,0,0,0.0,-3729129.74970459,0.0,46270870.25029541,,,,
2020-06-25,1762.0999755859375,17.882999420166016,-0.9260947172425964,0,,,,,0,0,0.0,-3729129.74970459,0.0,46270870.25029541,,,,
2020-06-26,1772.5,18.023000717163086,-0.9275520893403498,0,,,,,0,0,0.0,-3729129.74970459,0.0,46270870.25029541,,,,
2020-06-27,1772.5,18.023000717163086,-0.8684656732885412,0,,,,,0,0,0.0,-3729129.74970459,0.0,46270870.25029541,,,,
2020-06-28,1772.5,18.023000717163086,-0.8681631225489802,0,,,,,0,0,0.0,-3729129.74970459,0.0,46270870.25029541,,,,
2020-06-29,1774.800048828125,17.979999542236328,-1.147134429410324,0,,,,,0,0,0.0,-3729129.74970459,0.0,46270870.25029541,,,,
2020-06-30,1793.0,18.541000366210938,0.2784307701870496,0,,,,,0,0,0.0,-3729129.74970459,0.0,46270870.25029541,,,,
2020-07-01,1773.199951171875,18.132999420166016,-0.1414409636048658,0,,,,,0,0,0.0,-3729129.74970459,0.0,46270870.25029541,,,,
2020-07-02,1784.0,18.243999481201172,-0.5193150362517667,0,,,,,0,0,0.0,-3729129.74970459,0.0,46270870.25029541,,,,
2020-07-03,1784.0,18.243999481201172,-0.48431022655714795,0,,,,,0,0,0.0,-3729129.74970459,0.0,46270870.25029541,,,,
2020-07-04,1784.0,18.243999481201172,-0.45022208276251446,0,,,,,0,0,0.0,-3729129.74970459,0.0,46270870.25029541,,,,
2020-07-05,1784.0,18.243999481201172,-0.4005596427012267,0,,,,,0,0,0.0,-3729129.74970459,0.0,46270870.25029541,,,,
2020-07-06,1788.5,18.503999710083008,0.8709404282709198,0,,,,,0,0,0.0,-3729129.74970459,0.0,46270870.25029541,,,,
2020-07-07,1804.199951171875,18.628000259399414,0.1437111479770227,0,,,,,0,0,0.0,-3729129.74970459,0.0,46270870.25029541,,,,
2020-07-08,1815.5,19.08099937438965,2.0526325123430285,0,,,,,0,0,0.0,-3729129.74970459,0.0,46270870.25029541,,,,
2020-07-09,1799.199951171875,18.881999969482422,2.1731026563110634,0,,,,,0,0,0.0,-3729129.74970459,0.0,46270870.25029541,,,,
2020-07-10,1798.199951171875,18.982999801635742,2.3947464107762544,0,,,,,0,0,0.0,-3729129.74970459,0.0,46270870.25029541,,,,
2020-07-11,1798.199951171875,18.982999801635742,2.0510990624066396,0,,,,,0,0,0.0,-3729129.74970459,0.0,46270870.25029541,,,,
2020-07-12,1798.199951171875,18.982999801635742,1.7700882534211646,0,,,,,0,0,0.0,-3729129.74970459,0.0,46270870.25029541,,,,
2020-07-13,1811.0,19.708999633789062,2.8582702374305553,0,,,,,0,0,0.0,-3729129.74970459,0.0,46270870.25029541,,,,
2020-07-14,1810.5999755859375,19.451000213623047,1.7959303942562355,0,,,,,0,0,0.0,-3729129.74970459,0.0,46270870.25029541,,,,
2020-07-15,1811.4000244140625,19.684999465942383,2.0713544367236083,0,,,,,0,0,0.0,-3729129.74970459,0.0,46270870.25029541,,,,
2020-07-16,1798.699951171875,19.496999740600586,1.8164414599736334,0,,,,,0,0,0.0,-3729129.74970459,0.0,46270870.25029541,,,,
2020-07-17,1808.300048828125,19.684999465942383,1.6616279436048569,0,,,,,0,0,0.0,-3729129.74970459,0.0,46270870.25029541,,,,
2020-07-18,1808.300048828125,19.684999465942383,1.4749271695716384,0,,,,,0,0,0.0,-3729129.74970459,0.0,46270870.25029541,,,,
2020-07-19,1808.300048828125,19.684999465942383,1.3318060829347067,0,,,,,0,0,0.0,-3729129.74970459,0.0,46270870.25029541,,,,
2020-07-20,1815.9000244140625,20.124000549316406,1.7861659030901484,0,,,,,0,0,0.0,-3729129.74970459,0.0,46270870.25029541,,,,
2020-07-21,1842.4000244140625,21.496999740600586,2.7967579974718695,0,,,,,0,0,0.0,-3729129.74970459,0.0,46270870.25029541,,,,
2020-07-22,1864.0999755859375,23.08300018310547,3.167214887852258,0,,,,,0,0,0.0,-3729129.74970459,0.0,46270870.25029541,,,,
2020-07-23,1889.0999755859375,22.94499969482422,2.1069638800330197,0,,,,,0,0,0.0,-3729129.74970459,0.0,46270870.25029541,,,,
2020-07-24,1897.300048828125,22.808000564575195,1.6069249464204352,0,,,,,0,0,0.0,-3729129.74970459,0.0,46270870.25029541,,,,
2020-07-25,1897.300048828125,22.808000564575195,1.4347187607122176,0,,,,,0,0,0.0,-3729129.74970459,0.0,46270870.25029541,,,,
2020-07-26,1897.300048828125,22.808000564575195,1.2884089117879383,0,,,,,0,0,0.0,-3729129.74970459,0.0,46270870.25029541,,,,
2020-07-27,1931.0,24.47599983215332,2.0105145174204275,0,,,,,0,0,0.0,-3729129.74970459,0.0,46270870.25029541,,,,
2020-07-28,1944.699951171875,24.266000747680664,1.454953406660384,0,,,,,0,0,0.0,-3729129.74970459,0.0,46270870.25029541,,,,
2020-07-29,1953.5,24.292999267578125,1.2250250892912058,0,,,,,0,0,0.0,-3729129.74970459,0.0,46270870.25029541,,,,
2020-07-30,1942.300048828125,23.34000015258789,0.49787872443733605,0,,,,,0,0,0.0,-3729129.74970459,0.0,46270870.25029541,,,,
2020-07-31,1962.800048828125,24.18899917602539,0.8642388232404195,0,,,,,0,0,0.0,-3729129.74970459,0.0,46270870.25029541,,,,
2020-08-01,1962.800048828125,24.18899917602539,0.7825518497999698,0,,,,,0,0,0.0,-3729129.74970459,0.0,46270870.25029541,,,,
2020-08-02,1962.800048828125,24.18899917602539,0.7027516215000816,0,,,,,0,0,0.0,-3729129.74970459,0.0,46270870.25029541,,,,
2020-08-03,1966.0,24.389999389648438,0.7669726804070993,0,,,,,0,0,0.0,-3729129.74970459,0.0,46270870.25029541,,,,
2020-08-04,2001.199951171875,26.011999130249023,1.643964678117285,0,,,,,0,0,0.0,-3729129.74970459,0.0,46270870.25029541,,,,
2020-08-05,2031.0999755859375,26.87700080871582,1.8042417506177362,0,,,,,0,0,0.0,-3729129.74970459,0.0,46270870.25029541,,,,
2020-08-06,2051.5,28.386999130249023,2.4371630619839326,0,,,,,0,0,0.0,-3729129.74970459,0.0,46270870.25029541,,,,
2020-08-07,2010.0999755859375,27.533000946044922,2.003580728864027,0,,,,,0,0,0.0,-3729129.74970459,0.0,46270870.25029541,,,,
2020-08-08,2010.0999755859375,27.533000946044922,1.8224339907086566,0,,,,,0,0,0.0,-3729129.74970459,0.0,46270870.25029541,,,,
2020-08-09,2010.0999755859375,27.533000946044922,1.669154067038438,0,,,,,0,0,0.0,-3729129.74970459,0.0,46270870.25029541,,,,
2020-08-10,2024.4000244140625,29.249000549316406,2.3756102516734576,0,,,,,0,0,0.0,-3729129.74970459,0.0,46270870.25029541,,,,
2020-08-11,1932.5999755859375,26.03700065612793,0.9831453309561944,0,,,,,0,0,0.0,-3729129.74970459,0.0,46270870.25029541,,,,
2020-08-12,1934.9000244140625,25.954999923706055,0.8115714261524626,0,,,,,0,0,0.0,-3729129.74970459,0.0,46270870.25029541,,,,
2020-08-13,1956.699951171875,27.694000244140625,1.6038661115462283,0,,,,,0,0,0.0,-3729129.74970459,0.0,46270870.25029541,,,,
2020-08-14,1937.0,26.065000534057617,0.6162011885260315,0,,,,,0,0,0.0,-3729129.74970459,0.0,46270870.25029541,,,,
2020-08-15,1937.0,26.065000534057617,0.5425987908166854,0,,,,,0,0,0.0,-3729129.74970459,0.0,46270870.25029541,,,,
2020-08-16,1937.0,26.065000534057617,0.4883945737127042,0,,,,,0,0,0.0,-3729129.74970459,0.0,46270870.25029541,,,,
2020-08-17,1985.0,27.64299964904785,0.9830862415922327,0,,,,,0,0,0.0,-3729129.74970459,0.0,46270870.25029541,,,,
2020-08-18,1999.4000244140625,28.048999786376953,1.0077747351036506,0,,,,,0,0,0.0,-3729129.74970459,0.0,46270870.25029541,,,,
2020-08-19,1958.699951171875,27.315000534057617,0.8772001632914033,0,,,,,0,0,0.0,-3729129.74970459,0.0,46270870.25029541,,,,
2020-08-20,1933.800048828125,27.121999740600586,0.9644786629061636,0,,,,,0,0,0.0,-3729129.74970459,0.0,46270870.25029541,,,,
2020-08-21,1934.5999755859375,26.707000732421875,0.5247984939375032,0,,,,,0,0,0.0,-3729129.74970459,0.0,46270870.25029541,,,,
2020-08-22,1934.5999755859375,26.707000732421875,0.45418672341581784,0,,,,,0,0,0.0,-3729129.74970459,0.0,46270870.25029541,,,,
2020-08-23,1934.5999755859375,26.707000732421875,0.3845474529864026,0,,,,,0,0,0.0,-3729129.74970459,0.0,46270870.25029541,,,,
2020-08-24,1927.699951171875,26.58799934387207,0.2839255376570896,0,,,,,0,0,0.0,-3729129.74970459,0.0,46270870.25029541,,,,
2020-08-25,1911.800048828125,26.253999710083008,0.03725743432866268,0,,,,,0,0,0.0,-3729129.74970459,0.0,46270870.25029541,,,,
2020-08-26,1940.699951171875,27.43000030517578,1.331049293853386,0,,,,,0,0,0.0,-3729129.74970459,0.0,46270870.25029541,,,,
2020-08-27,1921.5999755859375,27.010000228881836,1.0076191850489002,0,,,,,0,0,0.0,-3729129.74970459,0.0,46270870.25029541,,,,
2020-08-28,1964.5999755859375,27.610000610351562,0.7552378024030186,0,,,,,0,0,0.0,-3729129.74970459,0.0,46270870.25029541,,,,
2020-08-29,1964.5999755859375,27.610000610351562,0.6813203632080556,0,,,,,0,0,0.0,-3729129.74970459,0.0,46270870.25029541,,,,
2020-08-30,1964.5999755859375,27.610000610351562,0.8256920519837361,0,,,,,0,0,0.0,-3729129.74970459,0.0,46270870.25029541,,,,
2020-08-31,1967.5999755859375,28.437000274658203,2.0951383867608246,0,,,,,0,0,0.0,-3729129.74970459,0.0,46270870.25029541,,,,
2020-09-01,1968.199951171875,28.486000061035156,1.9247553473183623,0,,,,,0,0,0.0,-3729129.74970459,0.0,46270870.25029541,,,,
2020-09-02,1934.4000244140625,27.249000549316406,0.6261044054278869,0,,,,,0,0,0.0,-3729129.74970459,0.0,46270870.25029541,,,,
2020-09-03,1927.5999755859375,26.735000610351562,-0.24132591905149925,0,,,,,0,0,0.0,-3729129.74970459,0.0,46270870.25029541,,,,
2020-09-04,1923.9000244140625,26.576000213623047,-0.5818517281250734,0,,,,,0,0,0.0,-3729129.74970459,0.0,46270870.25029541,,,,
2020-09-05,1923.9000244140625,26.576000213623047,-0.7708863272444662,0,,,,,0,0,0.0,-3729129.74970459,0.0,46270870.25029541,,,,
2020-09-06,1923.9000244140625,26.576000213623047,-0.7537815694088742,0,,,,,0,0,0.0,-3729129.74970459,0.0,46270870.25029541,,,,
2020-09-07,1923.9000244140625,26.576000213623047,-0.7094141627892727,0,,,,,0,0,0.0,-3729129.74970459,0.0,46270870.25029541,,,,
2020-09-08,1933.0,26.86400032043457,-0.33310262690960923,0,,,,,0,0,0.0,-3729129.74970459,0.0,46270870.25029541,,,,
2020-09-09,1944.699951171875,26.954999923706055,-0.5394197752855355,0,,,,,0,0,0.0,-3729129.74970459,0.0,46270870.25029541,,,,
2020-09-10,1954.199951171875,27.163000106811523,-0.41892885733129925,0,,,,,0,0,0.0,-3729129.74970459,0.0,46270870.25029541,,,,
2020-09-11,1937.800048828125,26.73900032043457,-0.8359997915245346,0,,,,,0,0,0.0,-3729129.74970459,0.0,46270870.25029541,,,,
2020-09-12,1937.800048828125,26.73900032043457,-0.8316381534463673,0,,,,,0,0,0.0,-3729129.74970459,0.0,46270870.25029541,,,,
2020-09-13,1937.800048828125,26.73900032043457,-0.8290755277160692,0,,,,,0,0,0.0,-3729129.74970459,0.0,46270870.25029541,,,,
2020-09-14,1953.0999755859375,27.229000091552734,-0.23813074527395048,0,,,,,0,0,0.0,-3729129.74970459,0.0,46270870.25029541,,,,
2020-09-15,1956.300048828125,27.34600067138672,-0.017364087766902923,0,,,,,0,0,0.0,-3729129.74970459,0.0,46270870.25029541,,,,
2020-09-16,1960.199951171875,27.354999542236328,-0.12801060240164777,0,,,,,0,0,0.0,-3729129.74970459,0.0,46270870.25029541,,,,
2020-09-17,1940.0,26.985000610351562,-0.221742817025515,0,,,,,0,0,0.0,-3729129.74970459,0.0,46270870.25029541,,,,
2020-09-18,1952.0999755859375,27.027999877929688,-0.5866244453729349,0,,,,,0,0,0.0,-3729129.74970459,0.0,46270870.25029541,,,,
2020-09-19,1952.0999755859375,27.027999877929688,-0.5330199160865935,0,,,,,0,0,0.0,-3729129.74970459,0.0,46270870.25029541,,,,
2020-09-20,1952.0999755859375,27.027999877929688,-0.4759601253520345,0,,,,,0,0,0.0,-3729129.74970459,0.0,46270870.25029541,,,,
2020-09-21,1901.199951171875,24.298999786376953,-4.064743113730439,0,,,,,0,0,0.0,-3729129.74970459,0.0,46270870.25029541,,,,
2020-09-22,1898.5999755859375,24.441999435424805,-2.7267052744521405,0,,,,,0,0,0.0,-3729129.74970459,0.0,46270870.25029541,,,,
2020-09-23,1859.9000244140625,23.013999938964844,-2.8717529414842566,0,,,,,0,0,0.0,-3729129.74970459,0.0,46270870.25029541,,,,
2020-09-24,1868.300048828125,23.118000030517578,-2.3129573000813184,0,,,,,0,0,0.0,-3729129.74970459,0.0,46270870.25029541,,,,
2020-09-25,1857.699951171875,23.017000198364258,-1.8943333494435943,0,,,,,0,0,0.0,-3729129.74970459,0.0,46270870.25029541,,,,
2020-09-26,1857.699951171875,23.017000198364258,-1.6472482708266993,0,,,,,0,0,0.0,-3729129.74970459,0.0,46270870.25029541,,,,
2020-09-27,1857.699951171875,23.017000198364258,-1.45645315384321,0,,,,,0,0,0.0,-3729129.74970459,0.0,46270870.25029541,,,,
2020-09-28,1872.800048828125,23.527999877929688,-1.1094796207372328,0,,,,,0,0,0.0,-3729129.74970459,0.0,46270870.25029541,,,,
2020-09-29,1894.300048828125,24.3799991607666,-0.6211997226597885,0,,,,,0,0,0.0,-3729129.74970459,0.0,46270870.25029541,,,,
2020-09-30,1887.5,23.433000564575195,-1.1863384494878106,0,,,,,0,0,0.0,-3729129.74970459,0.0,46270870.25029541,,,,
2020-10-01,1908.4000244140625,24.19300079345703,-0.7584371740259646,0,,,,,0,0,0.0,-3729129.74970459,0.0,46270870.25029541,,,,
2020-10-02,1900.199951171875,23.97100067138672,-0.7506908062375971,0,,,,,0,0,0.0,-3729129.74970459,0.0,46270870.25029541,,,,
2020-10-03,1900.199951171875,23.97100067138672,-0.6732590095553739,0,,,,,0,0,0.0,-3729129.74970459,0.0,46270870.25029541,,,,
2020-10-04,1900.199951171875,23.97100067138672,-0.5973516249197455,0,,,,,0,0,0.0,-3729129.74970459,0.0,46270870.25029541,,,,
2020-10-05,1912.5,24.50200080871582,-0.22487823390236353,0,,,,,0,0,0.0,-3729129.74970459,0.0,46270870.25029541,,,,
2020-10-06,1901.0999755859375,23.8700008392334,-0.5773304058887133,0,,,,,0,0,0.0,-3729129.74970459,0.0,46270870.25029541,,,,
2020-10-07,1883.5999755859375,23.847999572753906,-0.2194723614334304,0,,,,,0,0,0.0,-3729129.74970459,0.0,46270870.25029541,,,,
2020-10-08,1888.5999755859375,23.836999893188477,-0.23324536547888855,0,,,,,0,0,0.0,-3729129.74970459,0.0,46270870.25029541,,,,
2020-10-09,1919.5,25.069000244140625,1.0963555189141405,0,,,,,0,0,0.0,-3729129.74970459,0.0,46270870.25029541,,,,
2020-10-10,1919.5,25.069000244140625,1.98780156153586,0,,,,,0,0,0.0,-3729129.74970459,0.0,46270870.25029541,,,,
2020-10-11,1919.5,25.069000244140625,1.767754350951417,0,,,,,0,0,0.0,-3729129.74970459,0.0,46270870.25029541,,,,
2020-10-12,1922.5,25.22599983215332,1.8513029064003663,0,,,,,0,0,0.0,-3729129.74970459,0.0,46270870.25029541,,,,
2020-10-13,1888.5,24.086000442504883,0.3667050497181524,0,,,,,0,0,0.0,-3729129.74970459,0.0,46270870.25029541,,,,
2020-10-14,1901.300048828125,24.36400032043457,0.4731836073340858,0,,,,,0,0,0.0,-3729129.74970459,0.0,46270870.25029541,,,,
2020-10-15,1903.199951171875,24.19300079345703,-0.10189641447166607,0,,,,,0,0,0.0,-3729129.74970459,0.0,46270870.25029541,,,,
2020-10-16,1900.800048828125,24.368999481201172,0.39726662522059214,0,,,,,0,0,0.0,-3729129.74970459,0.0,46270870.25029541,,,,
2020-10-17,1900.800048828125,24.368999481201172,0.32392449606490964,0,,,,,0,0,0.0,-3729129.74970459,0.0,46270870.25029541,,,,
2020-10-18,1900.800048828125,24.368999481201172,0.2711690829055899,0,,,,,0,0,0.0,-3729129.74970459,0.0,46270870.25029541,,,,
2020-10-19,1906.4000244140625,24.656999588012695,0.8420292558771949,0,,,,,0,0,0.0,-3729129.74970459,0.0,46270870.25029541,,,,
2020-10-20,1910.4000244140625,24.937000274658203,1.383364392423415,0,,,,,0,0,0.0,-3729129.74970459,0.0,46270870.25029541,,,,
2020-10-21,1924.5999755859375,25.19700050354004,1.3239867373490466,0,,,,,0,0,0.0,-3729129.74970459,0.0,46270870.25029541,,,,
2020-10-22,1901.0999755859375,24.665000915527344,0.7742022297489138,0,,,,,0,0,0.0,-3729129.74970459,0.0,46270870.25029541,,,,
2020-10-23,1902.0,24.62700080871582,0.5374394487107247,0,,,,,0,0,0.0,-3729129.74970459,0.0,46270870.25029541,,,,
2020-10-24,1902.0,24.62700080871582,0.4628572339863831,0,,,,,0,0,0.0,-3729129.74970459,0.0,46270870.25029541,,,,
2020-10-25,1902.0,24.62700080871582,0.41386261012155706,0,,,,,0,0,0.0,-3729129.74970459,0.0,46270870.25029541,,,,
2020-10-26,1902.699951171875,24.375999450683594,-0.6559835262925228,0,,,,,0,0,0.0,-3729129.74970459,0.0,46270870.25029541,,,,
2020-10-27,1908.800048828125,24.525999069213867,-0.5368467270187179,0,,,,,0,0,0.0,-3729129.74970459,0.0,46270870.25029541,,,,
2020-10-28,1876.199951171875,23.323999404907227,-2.82907352983852,0,,,,,0,0,0.0,-3729129.74970459,0.0,46270870.25029541,,,,
2020-10-29,1865.5999755859375,23.339000701904297,-1.853485487660127,0,,,,,0,0,0.0,-3729129.74970459,0.0,46270870.25029541,,,,
2020-10-30,1877.4000244140625,23.617000579833984,-1.3937568923763917,0,,,,,0,0,0.0,-3729129.74970459,0.0,46270870.25029541,,,,
2020-10-31,1877.4000244140625,23.617000579833984,-1.2550021641608453,0,,,,,0,0,0.0,-3729129.74970459,0.0,46270870.25029541,,,,
2020-11-01,1877.4000244140625,23.617000579833984,-1.1522809417874273,0,,,,,0,0,0.0,-3729129.74970459,0.0,46270870.25029541,,,,
2020-11-02,1890.4000244140625,24.006000518798828,-0.5404281764723896,0,,,,,0,0,0.0,-3729129.74970459,0.0,46270870.25029541,,,,
2020-11-03,1908.5,24.30500030517578,-0.4831258759359324,0,,,,,0,0,0.0,-3729129.74970459,0.0,46270870.25029541,,,,
2020-11-04,1894.5999755859375,23.86400032043457,-1.124611809074871,0,,,,,0,0,0.0,-3729129.74970459,0.0,46270870.25029541,,,,
2020-11-05,1945.300048828125,25.17099952697754,0.4076442043485078,0,,,,,0,0,0.0,-3729129.74970459,0.0,46270870.25029541,,,,
2020-11-06,1950.300048828125,25.645999908447266,1.4728237523142036,0,,,,,0,0,0.0,-3729129.74970459,0.0,46270870.25029541,,,,
2020-11-07,1950.300048828125,25.645999908447266,1.331554962317486,0,,,,,0,0,0.0,-3729129.74970459,0.0,46270870.25029541,,,,
2020-11-08,1950.300048828125,25.645999908447266,1.2453934083241038,0,,,,,0,0,0.0,-3729129.74970459,0.0,46270870.25029541,,,,
2020-11-09,1853.199951171875,23.684999465942383,0.22114745623474988,0,,,,,0,0,0.0,-3729129.74970459,0.0,46270870.25029541,,,,
2020-11-10,1875.4000244140625,24.445999145507812,1.327929851968196,0,,,,,0,0,0.0,-3729129.74970459,0.0,46270870.25029541,,,,
2020-11-11,1860.699951171875,24.250999450683594,1.359365089162049,0,,,,,0,0,0.0,-3729129.74970459,0.0,46270870.25029541,,,,
2020-11-12,1872.5999755859375,24.290000915527344,0.9227606133464659,0,,,,,0,0,0.0,-3729129.74970459,0.0,46270870.25029541,,,,
2020-11-13,1885.699951171875,24.759000778198242,1.4662453909489435,0,,,,,0,0,0.0,-3729129.74970459,0.0,46270870.25029541,,,,
2020-11-14,1885.699951171875,24.759000778198242,1.3525235262014939,0,,,,,0,0,0.0,-3729129.74970459,0.0,46270870.25029541,,,,
2020-11-15,1885.699951171875,24.759000778198242,1.2222660934929623,0,,,,,0,0,0.0,-3729129.74970459,0.0,46270870.25029541,,,,
2020-11-16,1887.300048828125,24.785999298095703,1.1164050618477768,0,,,,,0,0,0.0,-3729129.74970459,0.0,46270870.25029541,,,,
2020-11-17,1884.5,24.635000228881836,0.8085090379498756,0,,,,,0,0,0.0,-3729129.74970459,0.0,46270870.25029541,,,,
2020-11-18,1873.5,24.433000564575195,0.6726127916762764,0,,,,,0,0,0.0,-3729129.74970459,0.0,46270870.25029541,,,,
2020-11-19,1861.0999755859375,24.033000946044922,0.09643665600645089,0,,,,,0,0,0.0,-3729129.74970459,0.0,46270870.25029541,,,,
2020-11-20,1872.5999755859375,24.347999572753906,0.36396942457485043,0,,,,,0,0,0.0,-3729129.74970459,0.0,46270870.25029541,,,,
2020-11-21,1872.5999755859375,24.347999572753906,0.2784557786722942,0,,,,,0,0,0.0,-3729129.74970459,0.0,46270870.25029541,,,,
2020-11-22,1872.5999755859375,24.347999572753906,0.19353103126277968,0,,,,,0,0,0.0,-3729129.74970459,0.0,46270870.25029541,,,,
2020-11-23,1837.800048828125,23.624000549316406,-0.5368165652626137,0,,,,,0,0,0.0,-3729129.74970459,0.0,46270870.25029541,,,,
2020-11-24,1804.800048828125,23.29199981689453,0.13870259419107384,0,,,,,0,0,0.0,-3729129.74970459,0.0,46270870.25029541,,,,
2020-11-25,1805.699951171875,23.356000900268555,0.36943919802952946,0,,,,,0,0,0.0,-3729129.74970459,0.0,46270870.25029541,,,,
2020-11-26,1805.699951171875,23.356000900268555,0.3552040738569155,0,,,,,0,0,0.0,-3729129.74970459,0.0,46270870.25029541,,,,
2020-11-27,1781.9000244140625,22.55299949645996,-2.2125489527034294,0,,,,,0,0,0.0,-3729129.74970459,0.0,46270870.25029541,,,,
2020-11-28,1781.9000244140625,22.55299949645996,-1.878408991717069,0,,,,,0,0,0.0,-3729129.74970459,0.0,46270870.25029541,,,,
2020-11-29,1781.9000244140625,22.55299949645996,-1.8985054947907463,0,,,,,0,0,0.0,-3729129.74970459,0.0,46270870.25029541,,,,
2020-11-30,1775.699951171875,22.534000396728516,-1.2917676325148237,0,,,,,0,0,0.0,-3729129.74970459,0.0,46270870.25029541,,,,
2020-12-01,1814.0999755859375,24.033000946044922,2.6462484128088466,0,,,,,0,0,0.0,-3729129.74970459,0.0,46270870.25029541,,,,
2020-12-02,1825.699951171875,24.024999618530273,1.5867724376065615,0,,,,,0,0,0.0,-3729129.74970459,0.0,46270870.25029541,,,,
2020-12-03,1836.800048828125,24.086999893188477,1.0766077972310872,0,,,,,0,0,0.0,-3729129.74970459,0.0,46270870.25029541,,,,
2020-12-04,1835.9000244140625,24.202999114990234,1.460816720628624,0,,,,,0,0,0.0,-3729129.74970459,0.0,46270870.25029541,,,,
2020-12-05,1835.9000244140625,24.202999114990234,1.3531648676277812,0,,,,,0,0,0.0,-3729129.74970459,0.0,46270870.25029541,,,,
2020-12-06,1835.9000244140625,24.202999114990234,1.2594523418327463,0,,,,,0,0,0.0,-3729129.74970459,0.0,46270870.25029541,,,,
2020-12-07,1861.800048828125,24.740999221801758,1.4919897725655167,0,,,,,0,0,0.0,-3729129.74970459,0.0,46270870.25029541,,,,
2020-12-08,1870.800048828125,24.68400001525879,0.7871621856070142,0,,,,,0,0,0.0,-3729129.74970459,0.0,46270870.25029541,,,,
2020-12-09,1834.5999755859375,23.93000030517578,0.20031960103220434,0,,,,,0,0,0.0,-3729129.74970459,0.0,46270870.25029541,,,,
2020-12-10,1833.5999755859375,24.0310001373291,0.5225644867797625,0,,,,,0,0,0.0,-3729129.74970459,0.0,46270870.25029541,,,,
2020-12-11,1839.800048828125,24.031999588012695,0.17612585979204204,0,,,,,0,0,0.0,-3729129.74970459,0.0,46270870.25029541,,,,
2020-12-12,1839.800048828125,24.031999588012695,0.1432555881422966,0,,,,,0,0,0.0,-3729129.74970459,0.0,46270870.25029541,,,,
2020-12-13,1839.800048828125,24.031999588012695,0.08555605219916614,0,,,,,0,0,0.0,-3729129.74970459,0.0,46270870.25029541,,,,
2020-12-14,1828.699951171875,23.985000610351562,0.4714082318841539,0,,,,,0,0,0.0,-3729129.74970459,0.0,46270870.25029541,,,,
2020-12-15,1852.300048828125,24.58099937438965,1.0797315102358462,0,,,,,0,0,0.0,-3729129.74970459,0.0,46270870.25029541,,,,
2020-12-16,1856.0999755859375,24.985000610351562,1.8581601494629925,0,,,,,0,0,0.0,-3729129.74970459,0.0,46270870.25029541,,,,
2020-12-17,1887.199951171875,26.100000381469727,2.7968559340637107,0,,,,,0,0,0.0,-3729129.74970459,0.0,46270870.25029541,,,,
2020-12-18,1885.699951171875,25.948999404907227,2.144356322918678,0,,,,,0,0,0.0,-3729129.74970459,0.0,46270870.25029541,,,,
2020-12-19,1885.699951171875,25.948999404907227,1.9139983500774844,0,,,,,0,0,0.0,-3729129.74970459,0.0,46270870.25029541,,,,
2020-12-20,1885.699951171875,25.948999404907227,1.7343819566992957,0,,,,,0,0,0.0,-3729129.74970459,0.0,46270870.25029541,,,,
2020-12-21,1879.199951171875,26.277999877929688,2.198128153394476,0,,,,,0,0,0.0,-3729129.74970459,0.0,46270870.25029541,,,,
2020-12-22,1866.5999755859375,25.43400001525879,0.8863807764151781,0,,,,,0,0,0.0,-3729129.74970459,0.0,46270870.25029541,,,,
2020-12-23,1874.699951171875,25.823999404907227,1.2331340979600751,0,,,,,0,0,0.0,-3729129.74970459,0.0,46270870.25029541,,,,
2020-12-24,1879.9000244140625,25.81100082397461,0.9584436837699245,0,,,,,0,0,0.0,-3729129.74970459,0.0,46270870.25029541,,,,
2020-12-25,1879.9000244140625,25.81100082397461,0.8695050630841243,0,,,,,0,0,0.0,-3729129.74970459,0.0,46270870.25029541,,,,
2020-12-26,1879.9000244140625,25.81100082397461,0.7874929884197109,0,,,,,0,0,0.0,-3729129.74970459,0.0,46270870.25029541,,,,
2020-12-27,1879.9000244140625,25.81100082397461,0.7151284147269662,0,,,,,0,0,0.0,-3729129.74970459,0.0,46270870.25029541,,,,
2020-12-28,1877.199951171875,26.459999084472656,1.6930772573598585,0,,,,,0,0,0.0,-3729129.74970459,0.0,46270870.25029541,,,,
2020-12-29,1879.699951171875,26.13800048828125,0.9917971062994061,0,,,,,0,0,0.0,-3729129.74970459,0.0,46270870.25029541,,,,
2020-12-30,1891.0,26.488000869750977,1.1662072663159795,0,,,,,0,0,0.0,-3729129.74970459,0.0,46270870.25029541,,,,
2020-12-31,1893.0999755859375,26.332000732421875,0.7598495649598034,0,,,,,0,0,0.0,-3729129.74970459,0.0,46270870.25029541,,,,
2021-01-01,1893.0999755859375,26.332000732421875,0.6928810530813153,0,,,,,0,0,0.0,-3729129.74970459,0.0,46270870.25029541,,,,
2021-01-02,1893.0999755859375,26.332000732421875,0.6386692233793481,0,,,,,0,0,0.0,-3729129.74970459,0.0,46270870.25029541,,,,
2021-01-03,1893.0999755859375,26.332000732421875,0.5937665488055688,0,,,,,0,0,0.0,-3729129.74970459,0.0,46270870.25029541,,,,
2021-01-04,1944.699951171875,27.284000396728516,0.9850006795226117,0,,,,,0,0,0.0,-3729129.74970459,0.0,46270870.25029541,,,,
2021-01-05,1952.699951171875,27.570999145507812,1.5568965471825378,0,,,,,0,0,0.0,-3729129.74970459,0.0,46270870.25029541,,,,
2021-01-06,1906.9000244140625,26.972999572753906,1.8338076423792575,0,,,,,0,0,0.0,-3729129.74970459,0.0,46270870.25029541,,,,
2021-01-07,1912.300048828125,27.200000762939453,1.9927102556600875,0,,,,,0,0,0.0,-3729129.74970459,0.0,46270870.25029541,,,,
2021-01-08,1834.0999755859375,24.582000732421875,-2.2730977206459357,0,,,,,0,0,0.0,-3729129.74970459,0.0,46270870.25029541,,,,
2021-01-09,1834.0999755859375,24.582000732421875,-1.9676057232750026,0,,,,,0,0,0.0,-3729129.74970459,0.0,46270870.25029541,,,,
2021-01-10,1834.0999755859375,24.582000732421875,-1.702664774429881,0,,,,,0,0,0.0,-3729129.74970459,0.0,46270870.25029541,,,,
2021-01-11,1849.5999755859375,25.23900032043457,-0.7029537554101017,0,,,,,0,0,0.0,-3729129.74970459,0.0,46270870.25029541,,,,
2021-01-12,1842.9000244140625,25.384000778198242,-0.07752362309042679,0,,,,,0,0,0.0,-3729129.74970459,0.0,46270870.25029541,,,,
2021-01-13,1853.5999755859375,25.520000457763672,-0.18595367622092068,0,,,,,0,0,0.0,-3729129.74970459,0.0,46270870.25029541,,,,
2021-01-14,1850.300048828125,25.746000289916992,0.4686212556393049,0,,,,,0,0,0.0,-3729129.74970459,0.0,46270870.25029541,,,,
2021-01-15,1829.300048828125,24.825000762939453,-0.9697891421717907,0,,,,,0,0,0.0,-3729129.74970459,0.0,46270870.25029541,,,,
2021-01-16,1829.300048828125,24.825000762939453,-0.9328142880448616,0,,,,,0,0,0.0,-3729129.74970459,0.0,46270870.25029541,,,,
2021-01-17,1829.300048828125,24.825000762939453,-0.8439273939462294,0,,,,,0,0,0.0,-3729129.74970459,0.0,46270870.25029541,,,,
2021-01-18,1829.300048828125,24.825000762939453,-0.771793866065664,0,,,,,0,0,0.0,-3729129.74970459,0.0,46270870.25029541,,,,
2021-01-19,1839.5,25.27899932861328,-0.00931429278674353,0,,,,,0,0,0.0,-3729129.74970459,0.0,46270870.25029541,,,,
2021-01-20,1865.9000244140625,25.733999252319336,0.08823219856101128,0,,,,,0,0,0.0,-3729129.74970459,0.0,46270870.25029541,,,,
2021-01-21,1865.300048828125,25.82200050354004,0.34534072690795853,0,,,,,0,0,0.0,-3729129.74970459,0.0,46270870.25029541,,,,
2021-01-22,1855.699951171875,25.52400016784668,0.005826512442481765,0,,,,,0,0,0.0,-3729129.74970459,0.0,46270870.25029541,,,,
2021-01-23,1855.699951171875,25.52400016784668,0.03258002382444017,0,,,,,0,0,0.0,-3729129.74970459,0.0,46270870.25029541,,,,
2021-01-24,1855.699951171875,25.52400016784668,0.07674425147289272,0,,,,,0,0,0.0,-3729129.74970459,0.0,46270870.25029541,,,,
2021-01-25,1854.9000244140625,25.454999923706055,0.00013776147359251918,0,,,,,0,0,0.0,-3729129.74970459,0.0,46270870.25029541,,,,
2021-01-26,1850.699951171875,25.52899932861328,0.522450890863582,0,,,,,0,0,0.0,-3729129.74970459,0.0,46270870.25029541,,,,
2021-01-27,1844.9000244140625,25.375999450683594,0.5704496485753341,0,,,,,0,0,0.0,-3729129.74970459,0.0,46270870.25029541,,,,
2021-01-28,1837.9000244140625,25.909000396728516,2.5381318140303155,0,,,,,0,0,0.0,-3729129.74970459,0.0,46270870.25029541,,,,
2021-01-29,1847.300048828125,26.899999618530273,3.4023729215456022,0,,,,,0,0,0.0,-3729129.74970459,0.0,46270870.25029541,,,,
2021-01-30,1847.300048828125,26.899999618530273,2.6418897229081737,0,,,,,0,0,0.0,-3729129.74970459,0.0,46270870.25029541,,,,
2021-01-31,1847.300048828125,26.899999618530273,2.1593481041346942,0,,,,,0,0,0.0,-3729129.74970459,0.0,46270870.25029541,,,,
2021-02-01,1860.800048828125,29.398000717163086,3.4122002581904396,0,,,,,0,0,0.0,-3729129.74970459,0.0,46270870.25029541,,,,
2021-02-02,1830.5,26.384000778198242,0.7791442662475679,0,,,,,0,0,0.0,-3729129.74970459,0.0,46270870.25029541,,,,
2021-02-03,1832.199951171875,26.878000259399414,1.1333301010968022,0,,,,,0,0,0.0,-3729129.74970459,0.0,46270870.25029541,,,,
2021-02-04,1788.9000244140625,26.222999572753906,1.0595991838580772,0,,,,,0,0,0.0,-3729129.74970459,0.0,46270870.25029541,,,,
2021-02-05,1810.9000244140625,27.013999938964844,1.3196045702073853,0,,,,,0,0,0.0,-3729129.74970459,0.0,46270870.25029541,,,,
2021-02-06,1810.9000244140625,27.013999938964844,1.1885727566680817,0,,,,,0,0,0.0,-3729129.74970459,0.0,46270870.25029541,,,,
2021-02-07,1810.9000244140625,27.013999938964844,1.075459270851615,0,,,,,0,0,0.0,-3729129.74970459,0.0,46270870.25029541,,,,
2021-02-08,1831.9000244140625,27.56999969482422,1.1490158544778406,0,,,,,0,0,0.0,-3729129.74970459,0.0,46270870.25029541,,,,
2021-02-09,1835.300048828125,27.395999908447266,0.8525597627127436,0,,,,,0,0,0.0,-3729129.74970459,0.0,46270870.25029541,,,,
2021-02-10,1840.5999755859375,27.073999404907227,0.4179636051549712,0,,,,,0,0,0.0,-3729129.74970459,0.0,46270870.25029541,,,,
2021-02-11,1824.9000244140625,27.04199981689453,0.549385739641714,0,,,,,0,0,0.0,-3729129.74970459,0.0,46270870.25029541,,,,
2021-02-12,1821.5999755859375,27.322999954223633,0.789191718778118,0,,,,,0,0,0.0,-3729129.74970459,0.0,46270870.25029541,,,,
2021-02-13,1821.5999755859375,27.322999954223633,0.7121244714646947,0,,,,,0,0,0.0,-3729129.74970459,0.0,46270870.25029541,,,,
2021-02-14,1821.5999755859375,27.322999954223633,0.6413007127884593,0,,,,,0,0,0.0,-3729129.74970459,0.0,46270870.25029541,,,,
2021-02-15,1821.5999755859375,27.322999954223633,0.572073718464379,0,,,,,0,0,0.0,-3729129.74970459,0.0,46270870.25029541,,,,
2021-02-16,1797.199951171875,27.319000244140625,1.078097863091707,0,,,,,0,0,0.0,-3729129.74970459,0.0,46270870.25029541,,,,
2021-02-17,1771.0999755859375,27.31399917602539,1.642170660238452,0,,,,,0,0,0.0,-3729129.74970459,0.0,46270870.25029541,,,,
2021-02-18,1773.4000244140625,27.07699966430664,1.070509362112793,0,,,,,0,0,0.0,-3729129.74970459,0.0,46270870.25029541,,,,
2021-02-19,1775.800048828125,27.25200080871582,1.1777784611744067,0,,,,,0,0,0.0,-3729129.74970459,0.0,46270870.25029541,,,,
2021-02-20,1775.800048828125,27.25200080871582,1.0731897757158855,0,,,,,0,0,0.0,-3729129.74970459,0.0,46270870.25029541,,,,
2021-02-21,1775.800048828125,27.25200080871582,1.317890859736255,0,,,,,0,0,0.0,-3729129.74970459,0.0,46270870.25029541,,,,
2021-02-22,1806.699951171875,28.08300018310547,1.856274564674999,0,,,,,0,0,0.0,-3729129.74970459,0.0,46270870.25029541,,,,
2021-02-23,1804.4000244140625,27.68600082397461,1.0137070585170798,0,,,,,0,0,0.0,-3729129.74970459,0.0,46270870.25029541,,,,
2021-02-24,1796.4000244140625,27.85700035095215,1.5128840910052899,0,,,,,0,0,0.0,-3729129.74970459,0.0,46270870.25029541,,,,
2021-02-25,1774.4000244140625,27.636999130249023,1.583512500975946,0,,,,,0,0,0.0,-3729129.74970459,0.0,46270870.25029541,,,,
2021-02-26,1728.0999755859375,26.402000427246094,0.5038935669522849,0,,,,,0,0,0.0,-3729129.74970459,0.0,46270870.25029541,,,,
2021-02-27,1728.0999755859375,26.402000427246094,0.4385109873991296,0,,,,,0,0,0.0,-3729129.74970459,0.0,46270870.25029541,,,,
2021-02-28,1728.0999755859375,26.402000427246094,0.38737961048749525,0,,,,,0,0,0.0,-3729129.74970459,0.0,46270870.25029541,,,,
2021-03-01,1722.5,26.64699935913086,1.010596891013004,0,,,,,0,0,0.0,-3729129.74970459,0.0,46270870.25029541,,,,
2021-03-02,1733.0999755859375,26.850000381469727,1.04259151397246,0,,,,,0,0,0.0,-3729129.74970459,0.0,46270870.25029541,,,,
2021-03-03,1715.300048828125,26.35700035095215,0.4530298405812256,0,,,,,0,0,0.0,-3729129.74970459,0.0,46270870.25029541,,,,
2021-03-04,1700.199951171875,25.43400001525879,-1.5410616754118966,0,,,,,0,0,0.0,-3729129.74970459,0.0,46270870.25029541,,,,
2021-03-05,1698.0,25.256999969482422,-1.902733697307729,0,,,,,0,0,0.0,-3729129.74970459,0.0,46270870.25029541,,,,
2021-03-06,1698.0,25.256999969482422,-1.852920662407326,0,,,,,0,0,0.0,-3729129.74970459,0.0,46270870.25029541,,,,
2021-03-07,1698.0,25.256999969482422,-1.8060432787556733,0,,,,,0,0,0.0,-3729129.74970459,0.0,46270870.25029541,,,,
2021-03-08,1677.699951171875,25.239999771118164,-0.9174352676283546,0,,,,,0,0,0.0,-3729129.74970459,0.0,46270870.25029541,,,,
2021-03-09,1716.5999755859375,26.148000717163086,-0.1146747029971004,0,,,,,0,0,0.0,-3729129.74970459,0.0,46270870.25029541,,,,
2021-03-10,1721.5,26.101999282836914,-0.43492009778292984,0,,,,,0,0,0.0,-3729129.74970459,0.0,46270870.25029541,,,,
2021-03-11,1722.300048828125,26.16200065612793,-0.2754697694344657,0,,,,,0,0,0.0,-3729129.74970459,0.0,46270870.25029541,,,,
2021-03-12,1719.5,25.8799991607666,-0.8435832511701321,0,,,,,0,0,0.0,-3729129.74970459,0.0,46270870.25029541,,,,
2021-03-13,1719.5,25.8799991607666,-0.7716124724511761,0,,,,,0,0,0.0,-3729129.74970459,0.0,46270870.25029541,,,,
2021-03-14,1719.5,25.8799991607666,-0.6925145116343164,0,,,,,0,0,0.0,-3729129.74970459,0.0,46270870.25029541,,,,
2021-03-15,1728.9000244140625,26.253000259399414,-0.05159590142095675,0,,,,,0,0,0.0,-3729129.74970459,0.0,46270870.25029541,,,,
2021-03-16,1730.5999755859375,25.974000930786133,-0.8176215280832251,0,,,,,0,0,0.0,-3729129.74970459,0.0,46270870.25029541,,,,
2021-03-17,1726.800048828125,26.030000686645508,-0.401805515750864,0,,,,,0,0,0.0,-3729129.74970459,0.0,46270870.25029541,,,,
2021-03-18,1732.199951171875,26.320999145507812,0.2843885169118105,0,,,,,0,0,0.0,-3729129.74970459,0.0,46270870.25029541,,,,
2021-03-19,1741.4000244140625,26.29199981689453,-0.2447283033516765,0,,,,,0,0,0.0,-3729129.74970459,0.0,46270870.25029541,,,,
2021-03-20,1741.4000244140625,26.29199981689453,-0.19454638425308365,0,,,,,0,0,0.0,-3729129.74970459,0.0,46270870.25029541,,,,
2021-03-21,1741.4000244140625,26.29199981689453,-0.09472670493893535,0,,,,,0,0,0.0,-3729129.74970459,0.0,46270870.25029541,,,,
2021-03-22,1737.800048828125,25.740999221801758,-1.9625925204252936,0,,,,,0,0,0.0,-3729129.74970459,0.0,46270870.25029541,,,,
2021-03-23,1724.699951171875,25.200000762939453,-2.761445013640265,0,,,,,0,0,0.0,-3729129.74970459,0.0,46270870.25029541,,,,
2021-03-24,1732.9000244140625,25.201000213623047,-2.5187686689281135,0,,,,,0,0,0.0,-3729129.74970459,0.0,46270870.25029541,,,,
2021-03-25,1724.9000244140625,25.02199935913086,-2.2166777504662694,0,,,,,0,0,0.0,-3729129.74970459,0.0,46270870.25029541,,,,
2021-03-26,1732.199951171875,25.091999053955078,-1.9951687457554244,0,,,,,0,0,0.0,-3729129.74970459,0.0,46270870.25029541,,,,
2021-03-27,1732.199951171875,25.091999053955078,-1.7464117286651575,0,,,,,0,0,0.0,-3729129.74970459,0.0,46270870.25029541,,,,
2021-03-28,1732.199951171875,25.091999053955078,-1.5346172666609776,0,,,,,0,0,0.0,-3729129.74970459,0.0,46270870.25029541,,,,
2021-03-29,1712.0999755859375,24.746999740600586,-1.411269702776306,0,,,,,0,0,0.0,-3729129.74970459,0.0,46270870.25029541,,,,
2021-03-30,1683.9000244140625,24.121000289916992,-1.546381330933933,0,,,,,0,0,0.0,-3729129.74970459,0.0,46270870.25029541,,,,
2021-03-31,1713.800048828125,24.517000198364258,-1.5175406313230155,0,,,,,0,0,0.0,-3729129.74970459,0.0,46270870.25029541,,,,
2021-04-01,1726.5,24.934999465942383,-1.0170141477953774,0,,,,,0,0,0.0,-3729129.74970459,0.0,46270870.25029541,,,,
2021-04-02,1726.5,24.934999465942383,-0.9201739254922245,0,,,,,0,0,0.0,-3729129.74970459,0.0,46270870.25029541,,,,
2021-04-03,1726.5,24.934999465942383,-0.8315875340856407,0,,,,,0,0,0.0,-3729129.74970459,0.0,46270870.25029541,,,,
2021-04-04,1726.5,24.934999465942383,-0.7523731635742182,0,,,,,0,0,0.0,-3729129.74970459,0.0,46270870.25029541,,,,
2021-04-05,1727.0,24.76300048828125,-0.9964312249716312,0,,,,,0,0,0.0,-3729129.74970459,0.0,46270870.25029541,,,,
2021-04-06,1741.5,25.211999893188477,-0.5021177102029566,0,,,,,0,0,0.0,-3729129.74970459,0.0,46270870.25029541,,,,
2021-04-07,1740.0999755859375,25.232999801635742,-0.3291237424984064,0,,,,,0,0,0.0,-3729129.74970459,0.0,46270870.25029541,,,,
2021-04-08,1756.800048828125,25.569000244140625,-0.06436224381132234,0,,,,,0,0,0.0,-3729129.74970459,0.0,46270870.25029541,,,,
2021-04-09,1743.300048828125,25.31100082397461,-0.047777730614226556,0,,,,,0,0,0.0,-3729129.74970459,0.0,46270870.25029541,,,,
2021-04-10,1743.300048828125,25.31100082397461,0.2093812239390148,0,,,,,0,0,0.0,-3729129.74970459,0.0,46270870.25029541,,,,
2021-04-11,1743.300048828125,25.31100082397461,0.5341370086768672,0,,,,,0,0,0.0,-3729129.74970459,0.0,46270870.25029541,,,,
2021-04-12,1731.199951171875,24.85300064086914,-1.6289364602370142,0,,,,,0,0,0.0,-3729129.74970459,0.0,46270870.25029541,,,,
2021-04-13,1746.199951171875,25.41699981689453,1.3170540572563898,0,,,,,0,0,0.0,-3729129.74970459,0.0,46270870.25029541,,,,
2021-04-14,1734.9000244140625,25.514999389648438,2.829179101593859,0,,,,,0,0,0.0,-3729129.74970459,0.0,46270870.25029541,,,,
2021-04-15,1765.4000244140625,25.95599937438965,2.0719005966390465,0,,,,,0,0,0.0,-3729129.74970459,0.0,46270870.25029541,,,,
2021-04-16,1779.0,26.099000930786133,1.444054881898649,0,,,,,0,0,0.0,-3729129.74970459,0.0,46270870.25029541,,,,
2021-04-17,1779.0,26.099000930786133,1.3051589811962847,0,,,,,0,0,0.0,-3729129.74970459,0.0,46270870.25029541,,,,
2021-04-18,1779.0,26.099000930786133,1.1827884338466579,0,,,,,0,0,0.0,-3729129.74970459,0.0,46270870.25029541,,,,
2021-04-19,1769.4000244140625,25.83099937438965,0.5179756933774305,0,,,,,0,0,0.0,-3729129.74970459,0.0,46270870.25029541,,,,
2021-04-20,1777.300048828125,25.834999084472656,-0.2462653903359253,0,,,,,0,0,0.0,-3729129.74970459,0.0,46270870.25029541,,,,
2021-04-21,1792.300048828125,26.565000534057617,2.1584244463948226,0,,,,,0,0,0.0,-3729129.74970459,0.0,46270870.25029541,,,,
2021-04-22,1781.199951171875,26.173999786376953,0.9613323807358743,0,,,,,0,0,0.0,-3729129.74970459,0.0,46270870.25029541,,,,
2021-04-23,1777.0,26.07699966430664,0.7312388455053763,0,,,,,0,0,0.0,-3729129.74970459,0.0,46270870.25029541,,,,
2021-04-24,1777.0,26.07699966430664,0.655795312723135,0,,,,,0,0,0.0,-3729129.74970459,0.0,46270870.25029541,,,,
2021-04-25,1777.0,26.07699966430664,0.5873182578771244,0,,,,,0,0,0.0,-3729129.74970459,0.0,46270870.25029541,,,,
2021-04-26,1779.199951171875,26.211000442504883,1.056653821429034,0,,,,,0,0,0.0,-3729129.74970459,0.0,46270870.25029541,,,,
2021-04-27,1778.0,26.41200065612793,1.9901919466000273,0,,,,,0,0,0.0,-3729129.74970459,0.0,46270870.25029541,,,,
2021-04-28,1773.199951171875,26.08099937438965,0.5643780181337507,0,,,,,0,0,0.0,-3729129.74970459,0.0,46270870.25029541,,,,
2021-04-29,1768.0999755859375,26.05299949645996,0.7719669048641207,0,,,,,0,0,0.0,-3729129.74970459,0.0,46270870.25029541,,,,
2021-04-30,1767.300048828125,25.85300064086914,-0.3010190772746863,0,,,,,0,0,0.0,-3729129.74970459,0.0,46270870.25029541,,,,
2021-05-01,1767.300048828125,25.85300064086914,-0.35782050091312617,0,,,,,0,0,0.0,-3729129.74970459,0.0,46270870.25029541,,,,
2021-05-02,1767.300048828125,25.85300064086914,-0.6331033581839436,0,,,,,0,0,0.0,-3729129.74970459,0.0,46270870.25029541,,,,
2021-05-03,1791.4000244140625,26.94300079345703,3.158993137894623,0,,,,,0,0,0.0,-3729129.74970459,0.0,46270870.25029541,,,,
2021-05-04,1775.800048828125,26.538999557495117,1.9762969132202726,0,,,,,0,0,0.0,-3729129.74970459,0.0,46270870.25029541,,,,
2021-05-05,1784.0999755859375,26.50200080871582,1.058468676942913,0,,,,,0,0,0.0,-3729129.74970459,0.0,46270870.25029541,,,,
2021-05-06,1815.5,27.461999893188477,2.4634426726446046,0,,,,,0,0,0.0,-3729129.74970459,0.0,46270870.25029541,,,,
2021-05-07,1831.0999755859375,27.461999893188477,1.338908948144431,0,,,,,0,0,0.0,-3729129.74970459,0.0,46270870.25029541,,,,
2021-05-08,1831.0999755859375,27.461999893188477,1.2032785006401312,0,,,,,0,0,0.0,-3729129.74970459,0.0,46270870.25029541,,,,
2021-05-09,1831.0999755859375,27.461999893188477,1.0882422920125117,0,,,,,0,0,0.0,-3729129.74970459,0.0,46270870.25029541,,,,
2021-05-10,1837.5,27.479000091552734,0.7074630976373569,0,,,,,0,0,0.0,-3729129.74970459,0.0,46270870.25029541,,,,
2021-05-11,1835.9000244140625,27.656999588012695,1.3325980088655727,0,,,,,0,0,0.0,-3729129.74970459,0.0,46270870.25029541,,,,
2021-05-12,1822.5999755859375,27.231000900268555,0.5076940159857978,0,,,,,0,0,0.0,-3729129.74970459,0.0,46270870.25029541,,,,
2021-05-13,1823.800048828125,27.04400062561035,-0.28838348362799576,0,,,,,0,0,0.0,-3729129.74970459,0.0,46270870.25029541,,,,
2021-05-14,1837.9000244140625,27.35300064086914,-0.03800492436835101,0,,,,,0,0,0.0,-3729129.74970459,0.0,46270870.25029541,,,,
2021-05-15,1837.9000244140625,27.35300064086914,-0.0991708530406136,0,,,,,0,0,0.0,-3729129.74970459,0.0,46270870.25029541,,,,
2021-05-16,1837.9000244140625,27.35300064086914,-0.14206888115463115,0,,,,,0,0,0.0,-3729129.74970459,0.0,46270870.25029541,,,,
2021-05-17,1867.5,28.260000228881836,1.4522128218477532,0,,,,,0,0,0.0,-3729129.74970459,0.0,46270870.25029541,,,,
2021-05-18,1867.800048828125,28.31399917602539,1.4631655431391297,0,,,,,0,0,0.0,-3729129.74970459,0.0,46270870.25029541,,,,
2021-05-19,1881.300048828125,28.007999420166016,-0.5379938343742675,0,,,,,0,0,0.0,-3729129.74970459,0.0,46270870.25029541,,,,
2021-05-20,1881.800048828125,28.052000045776367,-0.5118389495771652,0,,,,,0,0,0.0,-3729129.74970459,0.0,46270870.25029541,,,,
2021-05-21,1876.699951171875,27.472999572753906,-2.400971630442385,0,,,,,0,0,0.0,-3729129.74970459,0.0,46270870.25029541,,,,
2021-05-22,1876.699951171875,27.472999572753906,-2.2411875978635076,0,,,,,0,0,0.0,-3729129.74970459,0.0,46270870.25029541,,,,
2021-05-23,1876.699951171875,27.472999572753906,-1.9049082473453984,0,,,,,0,0,0.0,-3729129.74970459,0.0,46270870.25029541,,,,
2021-05-24,1884.5999755859375,27.886999130249023,-0.8529565330214665,0,,,,,0,0,0.0,-3729129.74970459,0.0,46270870.25029541,,,,
2021-05-25,1898.0999755859375,28.03700065612793,-0.9982264622823034,0,,,,,0,0,0.0,-3729129.74970459,0.0,46270870.25029541,,,,
2021-05-26,1901.300048828125,27.85300064086914,-1.5794692955060663,0,,,,,0,0,0.0,-3729129.74970459,0.0,46270870.25029541,,,,
2021-05-27,1895.699951171875,27.91900062561035,-0.9778783636942899,0,,,,,0,0,0.0,-3729129.74970459,0.0,46270870.25029541,,,,
2021-05-28,1902.5,27.993000030517578,-0.985578764048641,0,,,,,0,0,0.0,-3729129.74970459,0.0,46270870.25029541,,,,
2021-05-29,1902.5,27.993000030517578,-0.8915809732284886,0,,,,,0,0,0.0,-3729129.74970459,0.0,46270870.25029541,,,,
2021-05-30,1902.5,27.993000030517578,-0.8069594893051407,0,,,,,0,0,0.0,-3729129.74970459,0.0,46270870.25029541,,,,
2021-05-31,1902.5,27.993000030517578,-0.7284084183238707,0,,,,,0,0,0.0,-3729129.74970459,0.0,46270870.25029541,,,,
2021-06-01,1902.9000244140625,28.08300018310547,-0.3876117890562917,0,,,,,0,0,0.0,-3729129.74970459,0.0,46270870.25029541,,,,
2021-06-02,1907.5,28.18600082397461,-0.2548645936555789,0,,,,,0,0,0.0,-3729129.74970459,0.0,46270870.25029541,,,,
2021-06-03,1871.199951171875,27.459999084472656,-0.668312380084242,0,,,,,0,0,0.0,-3729129.74970459,0.0,46270870.25029541,,,,
2021-06-04,1889.800048828125,27.878999710083008,-0.20922081525078595,0,,,,,0,0,0.0,-3729129.74970459,0.0,46270870.25029541,,,,
2021-06-05,1889.800048828125,27.878999710083008,-0.15877357804184963,0,,,,,0,0,0.0,-3729129.74970459,0.0,46270870.25029541,,,,
2021-06-06,1889.800048828125,27.878999710083008,-0.033839093328959624,0,,,,,0,0,0.0,-3729129.74970459,0.0,46270870.25029541,,,,
2021-06-07,1896.800048828125,28.000999450683594,0.29485619686031683,0,,,,,0,0,0.0,-3729129.74970459,0.0,46270870.25029541,,,,
2021-06-08,1892.199951171875,27.71500015258789,-1.1958935605168854,0,,,,,0,0,0.0,-3729129.74970459,0.0,46270870.25029541,,,,
2021-06-09,1893.199951171875,27.985000610351562,1.2447405702893912,0,,,,,0,0,0.0,-3729129.74970459,0.0,46270870.25029541,,,,
2021-06-10,1894.199951171875,28.014999389648438,1.262552872257325,0,,,,,0,0,0.0,-3729129.74970459,0.0,46270870.25029541,,,,
2021-06-11,1877.4000244140625,28.131000518798828,3.326453173159181,0,,,,,0,0,0.0,-3729129.74970459,0.0,46270870.25029541,,,,
2021-06-12,1877.4000244140625,28.131000518798828,2.573996607844032,0,,,,,0,0,0.0,-3729129.74970459,0.0,46270870.25029541,,,,
2021-06-13,1877.4000244140625,28.131000518798828,2.1446493701359377,0,,,,,0,0,0.0,-3729129.74970459,0.0,46270870.25029541,,,,
2021-06-14,1864.0,28.02400016784668,2.1922090743122706,0,,,,,0,0,0.0,-3729129.74970459,0.0,46270870.25029541,,,,
2021-06-15,1854.5,27.679000854492188,1.2254162881138473,0,,,,,0,0,0.0,-3729129.74970459,0.0,46270870.25029541,,,,
2021-06-16,1859.5,27.799999237060547,1.2553206185155992,0,,,,,0,0,0.0,-3729129.74970459,0.0,46270870.25029541,,,,
2021-06-17,1773.800048828125,25.8439998626709,-1.1195433267506072,0,,,,,0,0,0.0,-3729129.74970459,0.0,46270870.25029541,,,,
2021-06-18,1767.9000244140625,25.95800018310547,-0.2936386028253138,0,,,,,0,0,0.0,-3729129.74970459,0.0,46270870.25029541,,,,
2021-06-19,1767.9000244140625,25.95800018310547,-0.3260620270836906,0,,,,,0,0,0.0,-3729129.74970459,0.0,46270870.25029541,,,,
2021-06-20,1767.9000244140625,25.95800018310547,-0.3599980460955353,0,,,,,0,0,0.0,-3729129.74970459,0.0,46270870.25029541,,,,
2021-06-21,1781.800048828125,26.014999389648438,-1.0300750955505675,0,,,,,0,0,0.0,-3729129.74970459,0.0,46270870.25029541,,,,
2021-06-22,1776.300048828125,25.847999572753906,-1.260044177377151,0,,,,,0,0,0.0,-3729129.74970459,0.0,46270870.25029541,,,,
2021-06-23,1782.300048828125,26.107999801635742,-0.6215124435157331,0,,,,,0,0,0.0,-3729129.74970459,0.0,46270870.25029541,,,,
2021-06-24,1775.5999755859375,26.047000885009766,-0.43085357861420787,0,,,,,0,0,0.0,-3729129.74970459,0.0,46270870.25029541,,,,
2021-06-25,1776.5999755859375,26.082000732421875,-0.35878929292620926,0,,,,,0,0,0.0,-3729129.74970459,0.0,46270870.25029541,,,,
2021-06-26,1776.5999755859375,26.082000732421875,-0.3643942997865421,0,,,,,0,0,0.0,-3729129.74970459,0.0,46270870.25029541,,,,
2021-06-27,1776.5999755859375,26.082000732421875,-0.36775185413880773,0,,,,,0,0,0.0,-3729129.74970459,0.0,46270870.25029541,,,,
2021-06-28,1779.5999755859375,26.218000411987305,-0.07398567278301016,0,,,,,0,0,0.0,-3729129.74970459,0.0,46270870.25029541,,,,
2021-06-29,1762.800048828125,25.871999740600586,-0.3985724509772093,0,,,,,0,0,0.0,-3729129.74970459,0.0,46270870.25029541,,,,
2021-06-30,1770.800048828125,26.165000915527344,0.2834797147100011,0,,,,,0,0,0.0,-3729129.74970459,0.0,46270870.25029541,,,,
2021-07-01,1775.9000244140625,26.075000762939453,-0.3884649643524329,0,,,,,0,0,0.0,-3729129.74970459,0.0,46270870.25029541,,,,
2021-07-02,1782.5999755859375,26.481000900268555,1.0382912401871662,0,,,,,0,0,0.0,-3729129.74970459,0.0,46270870.25029541,,,,
2021-07-03,1782.5999755859375,26.481000900268555,1.1161188387634406,0,,,,,0,0,0.0,-3729129.74970459,0.0,46270870.25029541,,,,
2021-07-04,1782.5999755859375,26.481000900268555,1.3209456022777537,0,,,,,0,0,0.0,-3729129.74970459,0.0,46270870.25029541,,,,
2021-07-05,1782.5999755859375,26.481000900268555,1.3566672874254833,0,,,,,0,0,0.0,-3729129.74970459,0.0,46270870.25029541,,,,
2021-07-06,1793.5,26.15399932861328,-1.3875875074793487,0,,,,,0,0,0.0,-3729129.74970459,0.0,46270870.25029541,,,,
2021-07-07,1801.5,26.110000610351562,-2.146445800424825,0,,,,,0,0,0.0,-3729129.74970459,0.0,46270870.25029541,,,,
2021-07-08,1799.5999755859375,25.966999053955078,-2.2291617580353122,0,,,,,0,0,0.0,-3729129.74970459,0.0,46270870.25029541,,,,
2021-07-09,1810.0,26.211000442504883,-1.6410877475816281,0,,,,,0,0,0.0,-3729129.74970459,0.0,46270870.25029541,,,,
2021-07-10,1810.0,26.211000442504883,-1.4579700110486937,0,,,,,0,0,0.0,-3729129.74970459,0.0,46270870.25029541,,,,
2021-07-11,1810.0,26.211000442504883,-1.3416070090675372,0,,,,,0,0,0.0,-3729129.74970459,0.0,46270870.25029541,,,,
2021-07-12,1805.5,26.216999053955078,-1.0075922984245576,0,,,,,0,0,0.0,-3729129.74970459,0.0,46270870.25029541,,,,
2021-07-13,1809.4000244140625,26.114999771118164,-1.4505568242906712,0,,,,,0,0,0.0,-3729129.74970459,0.0,46270870.25029541,,,,
2021-07-14,1824.300048828125,26.246000289916992,-1.6038325765152894,0,,,,,0,0,0.0,-3729129.74970459,0.0,46270870.25029541,,,,
2021-07-15,1828.4000244140625,26.375,-1.256311056873888,0,,,,,0,0,0.0,-3729129.74970459,0.0,46270870.25029541,,,,
2021-07-16,1814.5,25.777000427246094,-2.0193052875409836,0,,,,,0,0,0.0,-3729129.74970459,0.0,46270870.25029541,,,,
2021-07-17,1814.5,25.777000427246094,-1.7394837894244513,0,,,,,0,0,0.0,-3729129.74970459,0.0,46270870.25029541,,,,
2021-07-18,1814.5,25.777000427246094,-1.5315990643214499,0,,,,,0,0,0.0,-3729129.74970459,0.0,46270870.25029541,,,,
2021-07-19,1808.699951171875,25.125999450683594,-2.2999730348300442,0,,,,,0,0,0.0,-3729129.74970459,0.0,46270870.25029541,,,,
2021-07-20,1810.9000244140625,24.976999282836914,-2.203282939498678,0,,,,,0,0,0.0,-3729129.74970459,0.0,46270870.25029541,,,,
2021-07-21,1802.9000244140625,25.238000869750977,-1.3340818625633823,0,,,,,0,0,0.0,-3729129.74970459,0.0,46270870.25029541,,,,
2021-07-22,1805.0,25.364999771118164,-1.0688459987162229,0,,,,,0,0,0.0,-3729129.74970459,0.0,46270870.25029541,,,,
2021-07-23,1801.4000244140625,25.218000411987305,-1.1325452688398232,0,,,,,0,0,0.0,-3729129.74970459,0.0,46270870.25029541,,,,
2021-07-24,1801.4000244140625,25.218000411987305,-1.0553116605551567,0,,,,,0,0,0.0,-3729129.74970459,0.0,46270870.25029541,,,,
2021-07-25,1801.4000244140625,25.218000411987305,-1.0032758920669682,0,,,,,0,0,0.0,-3729129.74970459,0.0,46270870.25029541,,,,
2021-07-26,1798.699951171875,25.295000076293945,-0.6544150787010492,0,,,,,0,0,0.0,-3729129.74970459,0.0,46270870.25029541,,,,
2021-07-27,1799.5,24.631999969482422,-1.924378125766742,0,,,,,0,0,0.0,-3729129.74970459,0.0,46270870.25029541,,,,
2021-07-28,1799.5,24.856000900268555,-1.2875816714422783,0,,,,,0,0,0.0,-3729129.74970459,0.0,46270870.25029541,,,,
2021-07-29,1831.199951171875,25.763999938964844,-0.36634940318508835,0,,,,,0,0,0.0,-3729129.74970459,0.0,46270870.25029541,,,,
2021-07-30,1812.5999755859375,25.527999877929688,-0.15307019777655767,0,,,,,0,0,0.0,-3729129.74970459,0.0,46270870.25029541,,,,
2021-07-31,1812.5999755859375,25.527999877929688,-0.07263197626585234,0,,,,,0,0,0.0,-3729129.74970459,0.0,46270870.25029541,,,,
2021-08-01,1812.5999755859375,25.527999877929688,0.03286964314904577,0,,,,,0,0,0.0,-3729129.74970459,0.0,46270870.25029541,,,,
2021-08-02,1818.0999755859375,25.55699920654297,-0.04148785027735509,0,,,,,0,0,0.0,-3729129.74970459,0.0,46270870.25029541,,,,
2021-08-03,1810.0999755859375,25.56599998474121,0.5144466321065063,0,,,,,0,0,0.0,-3729129.74970459,0.0,46270870.25029541,,,,
2021-08-04,1810.5,25.445999145507812,0.21976375949887259,0,,,,,0,0,0.0,-3729129.74970459,0.0,46270870.25029541,,,,
2021-08-05,1805.0999755859375,25.277000427246094,-0.052153436713992994,0,,,,,0,0,0.0,-3729129.74970459,0.0,46270870.25029541,,,,
2021-08-06,1760.0,24.312000274658203,-1.0083420392146136,0,,,,,0,0,0.0,-3729129.74970459,0.0,46270870.25029541,,,,
2021-08-07,1760.0,24.312000274658203,-0.927679787850681,0,,,,,0,0,0.0,-3729129.74970459,0.0,46270870.25029541,,,,
2021-08-08,1760.0,24.312000274658203,-0.9142344168491102,0,,,,,0,0,0.0,-3729129.74970459,0.0,46270870.25029541,,,,
2021-08-09,1723.4000244140625,23.2549991607666,-2.6259732320583917,0,,,,,0,0,0.0,-3729129.74970459,0.0,46270870.25029541,,,,
2021-08-10,1728.800048828125,23.37700080871582,-2.0564341477933454,0,,,,,0,0,0.0,-3729129.74970459,0.0,46270870.25029541,,,,
2021-08-11,1750.4000244140625,23.474000930786133,-2.3411751035164783,0,,,,,0,0,0.0,-3729129.74970459,0.0,46270870.25029541,,,,
2021-08-12,1749.0,23.104999542236328,-2.5632370235361743,0,,,,,0,0,0.0,-3729129.74970459,0.0,46270870.25029541,,,,
2021-08-13,1775.199951171875,23.76799964904785,-1.7091669528251743,0,,,,,0,0,0.0,-3729129.74970459,0.0,46270870.25029541,,,,
2021-08-14,1775.199951171875,23.76799964904785,-1.5053642916548886,0,,,,,0,0,0.0,-3729129.74970459,0.0,46270870.25029541,,,,
2021-08-15,1775.199951171875,23.76799964904785,-1.3448174696017436,0,,,,,0,0,0.0,-3729129.74970459,0.0,46270870.25029541,,,,
2021-08-16,1786.9000244140625,23.780000686645508,-1.534699590776156,0,,,,,0,0,0.0,-3729129.74970459,0.0,46270870.25029541,,,,
2021-08-17,1785.0,23.648000717163086,-1.527329529480149,0,,,,,0,0,0.0,-3729129.74970459,0.0,46270870.25029541,,,,
2021-08-18,1781.5999755859375,23.41200065612793,-1.6227050378145282,0,,,,,0,0,0.0,-3729129.74970459,0.0,46270870.25029541,,,,
2021-08-19,1780.199951171875,23.219999313354492,-1.6757298492936845,0,,,,,0,0,0.0,-3729129.74970459,0.0,46270870.25029541,,,,
2021-08-20,1781.0,23.104999542236328,-1.659647314171066,0,,,,,0,0,0.0,-3729129.74970459,0.0,46270870.25029541,,,,
2021-08-21,1781.0,23.104999542236328,-1.4882769308184054,0,,,,,0,0,0.0,-3729129.74970459,0.0,46270870.25029541,,,,
2021-08-22,1781.0,23.104999542236328,-1.3467880222446966,0,,,,,0,0,0.0,-3729129.74970459,0.0,46270870.25029541,,,,
2021-08-23,1803.199951171875,23.64900016784668,-0.979742998695921,0,,,,,0,0,0.0,-3729129.74970459,0.0,46270870.25029541,,,,
2021-08-24,1805.5999755859375,23.889999389648438,-0.5768824055624074,0,,,,,0,0,0.0,-3729129.74970459,0.0,46270870.25029541,,,,
2021-08-25,1788.199951171875,23.770999908447266,-0.20444864290677772,0,,,,,0,0,0.0,-3729129.74970459,0.0,46270870.25029541,,,,
2021-08-26,1792.199951171875,23.54599952697754,-0.7024791197136223,0,,,,,0,0,0.0,-3729129.74970459,0.0,46270870.25029541,,,,
2021-08-27,1816.5999755859375,24.059999465942383,-0.361860469503772,0,,,,,0,0,0.0,-3729129.74970459,0.0,46270870.25029541,,,,
2021-08-28,1816.5999755859375,24.059999465942383,-0.2702344725475912,0,,,,,0,0,0.0,-3729129.74970459,0.0,46270870.25029541,,,,
2021-08-29,1816.5999755859375,24.059999465942383,-0.18418800099719923,0,,,,,0,0,0.0,-3729129.74970459,0.0,46270870.25029541,,,,
2021-08-30,1809.0,23.959999084472656,0.004903199322849255,0,,,,,0,0,0.0,-3729129.74970459,0.0,46270870.25029541,,,,
2021-08-31,1815.0,23.959999084472656,-0.2831117239602696,0,,,,,0,0,0.0,-3729129.74970459,0.0,46270870.25029541,,,,
2021-09-01,1813.0999755859375,24.177000045776367,0.741118388079054,0,,,,,0,0,0.0,-3729129.74970459,0.0,46270870.25029541,,,,
2021-09-02,1808.699951171875,23.875,-0.14215644840915595,0,,,,,0,0,0.0,-3729129.74970459,0.0,46270870.25029541,,,,
2021-09-03,1830.9000244140625,24.761999130249023,2.1155543887359047,0,,,,,0,0,0.0,-3729129.74970459,0.0,46270870.25029541,,,,
2021-09-04,1830.9000244140625,24.761999130249023,2.011736547429324,0,,,,,0,0,0.0,-3729129.74970459,0.0,46270870.25029541,,,,
2021-09-05,1830.9000244140625,24.761999130249023,1.8085980624372482,0,,,,,0,0,0.0,-3729129.74970459,0.0,46270870.25029541,,,,
2021-09-06,1830.9000244140625,24.761999130249023,1.6132658712002397,0,,,,,0,0,0.0,-3729129.74970459,0.0,46270870.25029541,,,,
2021-09-07,1795.9000244140625,24.333999633789062,1.7910718609406604,0,,,,,0,0,0.0,-3729129.74970459,0.0,46270870.25029541,,,,
2021-09-08,1790.699951171875,24.011999130249023,0.9261013839375842,0,,,,,0,0,0.0,-3729129.74970459,0.0,46270870.25029541,,,,
2021-09-09,1797.4000244140625,24.132999420166016,0.8838644879140239,0,,,,,0,0,0.0,-3729129.74970459,0.0,46270870.25029541,,,,
2021-09-10,1789.5999755859375,23.854999542236328,0.2888109691446465,0,,,,,0,0,0.0,-3729129.74970459,0.0,46270870.25029541,,,,
2021-09-11,1789.5999755859375,23.854999542236328,0.19859166322949684,0,,,,,0,0,0.0,-3729129.74970459,0.0,46270870.25029541,,,,
2021-09-12,1789.5999755859375,23.854999542236328,0.11898084660833598,0,,,,,0,0,0.0,-3729129.74970459,0.0,46270870.25029541,,,,
2021-09-13,1792.0,23.753000259399414,-0.5313947650083738,0,,,,,0,0,0.0,-3729129.74970459,0.0,46270870.25029541,,,,
2021-09-14,1804.699951171875,23.841999053955078,-0.9805959757054078,0,,,,,0,0,0.0,-3729129.74970459,0.0,46270870.25029541,,,,
2021-09-15,1792.4000244140625,23.759000778198242,-0.5489264661878631,0,,,,,0,0,0.0,-3729129.74970459,0.0,46270870.25029541,,,,
2021-09-16,1754.5999755859375,22.75200080871582,-2.0744686794394593,0,,,,,0,0,0.0,-3729129.74970459,0.0,46270870.25029541,,,,
2021-09-17,1749.4000244140625,22.295000076293945,-2.717864142093317,0,,,,,0,0,0.0,-3729129.74970459,0.0,46270870.25029541,,,,
2021-09-18,1749.4000244140625,22.295000076293945,-2.233933239767867,0,,,,,0,0,0.0,-3729129.74970459,0.0,46270870.25029541,,,,
2021-09-19,1749.4000244140625,22.295000076293945,-1.9118534339913251,0,,,,,0,0,0.0,-3729129.74970459,0.0,46270870.25029541,,,,
2021-09-20,1761.800048828125,22.163000106811523,-2.2347163137049435,0,,,,,0,0,0.0,-3729129.74970459,0.0,46270870.25029541,,,,
2021-09-21,1776.0,22.572999954223633,-1.6164132495592765,0,,,,,0,0,0.0,-3729129.74970459,0.0,46270870.25029541,,,,
2021-09-22,1776.699951171875,22.868999481201172,-0.9829608459126722,0,,,,,0,0,0.0,-3729129.74970459,0.0,46270870.25029541,,,,
2021-09-23,1747.699951171875,22.642000198364258,-0.4611421055999223,0,,,,,0,0,0.0,-3729129.74970459,0.0,46270870.25029541,,,,
2021-09-24,1749.699951171875,22.38800048828125,-0.9217876900718205,0,,,,,0,0,0.0,-3729129.74970459,0.0,46270870.25029541,,,,
2021-09-25,1749.699951171875,22.38800048828125,-0.8335816605013019,0,,,,,0,0,0.0,-3729129.74970459,0.0,46270870.25029541,,,,
2021-09-26,1749.699951171875,22.38800048828125,-0.7515304616710047,0,,,,,0,0,0.0,-3729129.74970459,0.0,46270870.25029541,,,,
2021-09-27,1750.0,22.656999588012695,-0.1173037737173661,0,,,,,0,0,0.0,-3729129.74970459,0.0,46270870.25029541,,,,
2021-09-28,1735.800048828125,22.43000030517578,-0.037146230301862204,0,,,,,0,0,0.0,-3729129.74970459,0.0,46270870.25029541,,,,
2021-09-29,1721.5,21.458999633789062,-1.6594262316024133,0,,,,,0,0,0.0,-3729129.74970459,0.0,46270870.25029541,,,,
2021-09-30,1755.300048828125,22.020999908447266,-1.4637597365369344,0,,,,,0,0,0.0,-3729129.74970459,0.0,46270870.25029541,,,,
2021-10-01,1757.0,22.510000228881836,-0.2599622457668691,0,,,,,0,0,0.0,-3729129.74970459,0.0,46270870.25029541,,,,
2021-10-02,1757.0,22.510000228881836,-0.16954877150439066,0,,,,,0,0,0.0,-3729129.74970459,0.0,46270870.25029541,,,,
2021-10-03,1757.0,22.510000228881836,-0.07672065364790788,0,,,,,0,0,0.0,-3729129.74970459,0.0,46270870.25029541,,,,
2021-10-04,1766.199951171875,22.618000030517578,-0.11936641353188879,0,,,,,0,0,0.0,-3729129.74970459,0.0,46270870.25029541,,,,
2021-10-05,1759.5999755859375,22.582000732421875,0.3066022356873265,0,,,,,0,0,0.0,-3729129.74970459,0.0,46270870.25029541,,,,
2021-10-06,1760.5,22.506000518798828,-0.01857550060275082,0,,,,,0,0,0.0,-3729129.74970459,0.0,46270870.25029541,,,,
2021-10-07,1757.9000244140625,22.631999969482422,0.710354569011775,0,,,,,0,0,0.0,-3729129.74970459,0.0,46270870.25029541,,,,
2021-10-08,1756.300048828125,22.679000854492188,0.9590269494799304,0,,,,,0,0,0.0,-3729129.74970459,0.0,46270870.25029541,,,,
2021-10-09,1756.300048828125,22.679000854492188,0.8798662041430706,0,,,,,0,0,0.0,-3729129.74970459,0.0,46270870.25029541,,,,
2021-10-10,1756.300048828125,22.679000854492188,0.807931605905248,0,,,,,0,0,0.0,-3729129.74970459,0.0,46270870.25029541,,,,
2021-10-11,1754.5999755859375,22.639999389648438,0.6737102461788896,0,,,,,0,0,0.0,-3729129.74970459,0.0,46270870.25029541,,,,
2021-10-12,1758.300048828125,22.490999221801758,-0.3318015656468095,0,,,,,0,0,0.0,-3729129.74970459,0.0,46270870.25029541,,,,
2021-10-13,1793.699951171875,23.14900016784668,0.1679694111516935,0,,,,,0,0,0.0,-3729129.74970459,0.0,46270870.25029541,,,,
2021-10-14,1796.699951171875,23.45599937438965,1.3434290318227244,0,,,,,0,0,0.0,-3729129.74970459,0.0,46270870.25029541,,,,
2021-10-15,1767.199951171875,23.327999114990234,2.3796815383890686,0,,,,,0,0,0.0,-3729129.74970459,0.0,46270870.25029541,,,,
2021-10-16,1767.199951171875,23.327999114990234,1.989478768294318,0,,,,,0,0,0.0,-3729129.74970459,0.0,46270870.25029541,,,,
2021-10-17,1767.199951171875,23.327999114990234,1.7625260444291653,0,,,,,0,0,0.0,-3729129.74970459,0.0,46270870.25029541,,,,
2021-10-18,1764.800048828125,23.243000030517578,1.4668148626794038,0,,,,,0,0,0.0,-3729129.74970459,0.0,46270870.25029541,,,,
2021-10-19,1769.699951171875,23.86199951171875,2.5728821384675533,0,,,,,0,0,0.0,-3729129.74970459,0.0,46270870.25029541,,,,
2021-10-20,1784.0999755859375,24.423999786376953,2.7392551631701836,0,,,,,0,0,0.0,-3729129.74970459,0.0,46270870.25029541,,,,
2021-10-21,1781.199951171875,24.149999618530273,1.874865119677796,0,,,,,0,0,0.0,-3729129.74970459,0.0,46270870.25029541,,,,
2021-10-22,1795.5,24.429000854492188,1.7150256692200014,0,,,,,0,0,0.0,-3729129.74970459,0.0,46270870.25029541,,,,
2021-10-23,1795.5,24.429000854492188,1.5140049312914337,0,,,,,0,0,0.0,-3729129.74970459,0.0,46270870.25029541,,,,
2021-10-24,1795.5,24.429000854492188,1.3551072867205964,0,,,,,0,0,0.0,-3729129.74970459,0.0,46270870.25029541,,,,
2021-10-25,1806.0,24.57200050354004,1.1781382744411446,0,,,,,0,0,0.0,-3729129.74970459,0.0,46270870.25029541,,,,
2021-10-26,1792.699951171875,24.086000442504883,0.6009806796771865,0,,,,,0,0,0.0,-3729129.74970459,0.0,46270870.25029541,,,,
2021-10-27,1797.9000244140625,24.18899917602539,0.5653732723860476,0,,,,,0,0,0.0,-3729129.74970459,0.0,46270870.25029541,,,,
2021-10-28,1801.5999755859375,24.117000579833984,0.2451129103456941,0,,,,,0,0,0.0,-3729129.74970459,0.0,46270870.25029541,,,,
2021-10-29,1783.0,23.94499969482422,0.43346176031001715,0,,,,,0,0,0.0,-3729129.74970459,0.0,46270870.25029541,,,,
2021-10-30,1783.0,23.94499969482422,0.3623347247342655,0,,,,,0,0,0.0,-3729129.74970459,0.0,46270870.25029541,,,,
2021-10-31,1783.0,23.94499969482422,0.2868758266308652,0,,,,,0,0,0.0,-3729129.74970459,0.0,46270870.25029541,,,,
2021-11-01,1795.0999755859375,24.06399917602539,-0.007620957985117906,0,,,,,0,0,0.0,-3729129.74970459,0.0,46270870.25029541,,,,
2021-11-02,1788.699951171875,23.5,-1.529248257401751,0,,,,,0,0,0.0,-3729129.74970459,0.0,46270870.25029541,,,,
2021-11-03,1763.5999755859375,23.22599983215332,-1.276673681296362,0,,,,,0,0,0.0,-3729129.74970459,0.0,46270870.25029541,,,,
2021-11-04,1793.0,23.9060001373291,-0.6071464829144391,0,,,,,0,0,0.0,-3729129.74970459,0.0,46270870.25029541,,,,
2021-11-05,1816.4000244140625,24.152000427246094,-1.0808834111059586,0,,,,,0,0,0.0,-3729129.74970459,0.0,46270870.25029541,,,,
2021-11-06,1816.4000244140625,24.152000427246094,-1.0943949800547077,0,,,,,0,0,0.0,-3729129.74970459,0.0,46270870.25029541,,,,
2021-11-07,1816.4000244140625,24.152000427246094,-1.129731526278238,0,,,,,0,0,0.0,-3729129.74970459,0.0,46270870.25029541,,,,
2021-11-08,1827.4000244140625,24.53700065612793,-0.32555681111048446,0,,,,,0,0,0.0,-3729129.74970459,0.0,46270870.25029541,,,,
2021-11-09,1830.199951171875,24.312999725341797,-1.2254211794624663,0,,,,,0,0,0.0,-3729129.74970459,0.0,46270870.25029541,,,,
2021-11-10,1847.5999755859375,24.767000198364258,-0.4770593215855299,0,,,,,0,0,0.0,-3729129.74970459,0.0,46270870.25029541,,,,
2021-11-11,1863.199951171875,25.301000595092773,0.7473297348466983,0,,,,,0,0,0.0,-3729129.74970459,0.0,46270870.25029541,,,,
2021-11-12,1867.9000244140625,25.3439998626709,0.709513054232525,0,,,,,0,0,0.0,-3729129.74970459,0.0,46270870.25029541,,,,
2021-11-13,1867.9000244140625,25.3439998626709,0.8345377553073203,0,,,,,0,0,0.0,-3729129.74970459,0.0,46270870.25029541,,,,
2021-11-14,1867.9000244140625,25.3439998626709,0.9744939079578591,0,,,,,0,0,0.0,-3729129.74970459,0.0,46270870.25029541,,,,
2021-11-15,1866.0999755859375,25.10700035095215,-0.11565340559519174,0,,,,,0,0,0.0,-3729129.74970459,0.0,46270870.25029541,,,,
2021-11-16,1853.5999755859375,24.944000244140625,0.13579634122972684,0,,,,,0,0,0.0,-3729129.74970459,0.0,46270870.25029541,,,,
2021-11-17,1869.699951171875,25.16699981689453,-0.05391199204106084,0,,,,,0,0,0.0,-3729129.74970459,0.0,46270870.25029541,,,,
2021-11-18,1861.0,24.900999069213867,-0.6879206640602232,0,,,,,0,0,0.0,-3729129.74970459,0.0,46270870.25029541,,,,
2021-11-19,1851.199951171875,24.780000686645508,-0.4147131106190083,0,,,,,0,0,0.0,-3729129.74970459,0.0,46270870.25029541,,,,
2021-11-20,1851.199951171875,24.780000686645508,-0.3493482368987513,0,,,,,0,0,0.0,-3729129.74970459,0.0,46270870.25029541,,,,
2021-11-21,1851.199951171875,24.780000686645508,-0.29744708234947775,0,,,,,0,0,0.0,-3729129.74970459,0.0,46270870.25029541,,,,
2021-11-22,1806.0,24.297000885009766,1.1290247170019865,0,,,,,0,0,0.0,-3729129.74970459,0.0,46270870.25029541,,,,
2021-11-23,1783.5,23.434999465942383,-2.0289409163519188,0,,,,,0,0,0.0,-3729129.74970459,0.0,46270870.25029541,,,,
2021-11-24,1784.0999755859375,23.496000289916992,-1.5180976217920408,0,,,,,0,0,0.0,-3729129.74970459,0.0,46270870.25029541,,,,
2021-11-25,1784.0999755859375,23.496000289916992,-1.4145727790378224,0,,,,,0,0,0.0,-3729129.74970459,0.0,46270870.25029541,,,,
2021-11-26,1785.300048828125,23.10700035095215,-2.7385279965082474,0,,,,,0,0,0.0,-3729129.74970459,0.0,46270870.25029541,,,,
2021-11-27,1785.300048828125,23.10700035095215,-2.2374322109449483,0,,,,,0,0,0.0,-3729129.74970459,0.0,46270870.25029541,,,,
2021-11-28,1785.300048828125,23.10700035095215,-1.8938351944244836,0,,,,,0,0,0.0,-3729129.74970459,0.0,46270870.25029541,,,,
2021-11-29,1782.300048828125,22.798999786376953,-2.242029280858603,0,,,,,0,0,0.0,-3729129.74970459,0.0,46270870.25029541,,,,
2021-11-30,1773.5999755859375,22.764999389648438,-1.6837345817879474,0,,,,,0,0,0.0,-3729129.74970459,0.0,46270870.25029541,,,,
2021-12-01,1781.5999755859375,22.298999786376953,-2.5225658535799176,0,,,,,0,0,0.0,-3729129.74970459,0.0,46270870.25029541,,,,
2021-12-02,1760.699951171875,22.280000686645508,-1.612646123584,0,,,,,0,0,0.0,-3729129.74970459,0.0,46270870.25029541,,,,
2021-12-03,1782.0,22.44499969482422,-1.7349823435041245,0,,,,,0,0,0.0,-3729129.74970459,0.0,46270870.25029541,,,,
2021-12-04,1782.0,22.44499969482422,-1.547236942477687,0,,,,,0,0,0.0,-3729129.74970459,0.0,46270870.25029541,,,,
2021-12-05,1782.0,22.44499969482422,-1.3813048574958777,0,,,,,0,0,0.0,-3729129.74970459,0.0,46270870.25029541,,,,
2021-12-06,1777.5,22.22800064086914,-1.4753004451115626,0,,,,,0,0,0.0,-3729129.74970459,0.0,46270870.25029541,,,,
2021-12-07,1782.5999755859375,22.48699951171875,-1.0433083671046974,0,,,,,0,0,0.0,-3729129.74970459,0.0,46270870.25029541,,,,
2021-12-08,1783.4000244140625,22.389999389648438,-1.1280109398014024,0,,,,,0,0,0.0,-3729129.74970459,0.0,46270870.25029541,,,,
2021-12-09,1774.5999755859375,21.974000930786133,-1.4678224064048937,0,,,,,0,0,0.0,-3729129.74970459,0.0,46270870.25029541,,,,
2021-12-10,1782.9000244140625,22.15999984741211,-1.2489512764826798,0,,,,,0,0,0.0,-3729129.74970459,0.0,46270870.25029541,,,,
2021-12-11,1782.9000244140625,22.15999984741211,-1.1477650075373447,0,,,,,0,0,0.0,-3729129.74970459,0.0,46270870.25029541,,,,
2021-12-12,1782.9000244140625,22.15999984741211,-1.110577324746968,0,,,,,0,0,0.0,-3729129.74970459,0.0,46270870.25029541,,,,
2021-12-13,1786.300048828125,22.290000915527344,-0.867526065084719,0,,,,,0,0,0.0,-3729129.74970459,0.0,46270870.25029541,,,,
2021-12-14,1770.4000244140625,21.886999130249023,-1.142436828976162,0,,,,,0,0,0.0,-3729129.74970459,0.0,46270870.25029541,,,,
2021-12-15,1762.5999755859375,21.507999420166016,-1.7268404196653266,0,,,,,0,0,0.0,-3729129.74970459,0.0,46270870.25029541,,,,
2021-12-16,1796.5999755859375,22.454999923706055,-0.5471396087969247,0,,,,,0,0,0.0,-3729129.74970459,0.0,46270870.25029541,,,,
2021-12-17,1803.800048828125,22.506999969482422,-0.6697669360908489,0,,,,,0,0,0.0,-3729129.74970459,0.0,46270870.25029541,,,,
2021-12-18,1803.800048828125,22.506999969482422,-0.6134657919936617,0,,,,,0,0,0.0,-3729129.74970459,0.0,46270870.25029541,,,,
2021-12-19,1803.800048828125,22.506999969482422,-0.5404814682708198,0,,,,,0,0,0.0,-3729129.74970459,0.0,46270870.25029541,,,,
2021-12-20,1793.699951171875,22.274999618530273,-0.8354150186204861,0,,,,,0,0,0.0,-3729129.74970459,0.0,46270870.25029541,,,,
2021-12-21,1787.9000244140625,22.50200080871582,0.853109863034727,0,,,,,0,0,0.0,-3729129.74970459,0.0,46270870.25029541,,,,
2021-12-22,1801.5999755859375,22.79199981689453,1.3550947642375961,0,,,,,0,0,0.0,-3729129.74970459,0.0,46270870.25029541,,,,
2021-12-23,1811.199951171875,22.930999755859375,1.2551185149756567,0,,,,,0,0,0.0,-3729129.74970459,0.0,46270870.25029541,,,,
2021-12-24,1811.199951171875,22.930999755859375,1.2431590516091748,0,,,,,0,0,0.0,-3729129.74970459,0.0,46270870.25029541,,,,
2021-12-25,1811.199951171875,22.930999755859375,1.2314076271761452,0,,,,,0,0,0.0,-3729129.74970459,0.0,46270870.25029541,,,,
2021-12-26,1811.199951171875,22.930999755859375,1.145772288800446,0,,,,,0,0,0.0,-3729129.74970459,0.0,46270870.25029541,,,,
2021-12-27,1808.0999755859375,22.979000091552734,1.6003263437635642,0,,,,,0,0,0.0,-3729129.74970459,0.0,46270870.25029541,,,,
2021-12-28,1810.199951171875,23.111000061035156,1.853136313275662,0,,,,,0,0,0.0,-3729129.74970459,0.0,46270870.25029541,,,,
2021-12-29,1805.0999755859375,22.847999572753906,0.897201950962743,0,,,,,0,0,0.0,-3729129.74970459,0.0,46270870.25029541,,,,
2021-12-30,1812.699951171875,23.027999877929688,1.058555929247793,0,,,,,0,0,0.0,-3729129.74970459,0.0,46270870.25029541,,,,
2021-12-31,1827.5,23.327999114990234,1.2098519360029159,0,,,,,0,0,0.0,-3729129.74970459,0.0,46270870.25029541,,,,
2022-01-01,1827.5,23.327999114990234,1.0917076967580497,0,,,,,0,0,0.0,-3729129.74970459,0.0,46270870.25029541,,,,
2022-01-02,1827.5,23.327999114990234,0.9895578306912975,0,,,,,0,0,0.0,-3729129.74970459,0.0,46270870.25029541,,,,
2022-01-03,1799.4000244140625,22.790000915527344,0.5377899973870466,0,,,,,0,0,0.0,-3729129.74970459,0.0,46270870.25029541,,,,
2022-01-04,1814.0,23.038000106811523,0.5506979425932446,0,,,,,0,0,0.0,-3729129.74970459,0.0,46270870.25029541,,,,
2022-01-05,1824.5999755859375,23.149999618530273,0.14926999660445692,0,,,,,0,0,0.0,-3729129.74970459,0.0,46270870.25029541,,,,
2022-01-06,1788.699951171875,22.173999786376953,-2.101496590690646,0,,,,,0,0,0.0,-3729129.74970459,0.0,46270870.25029541,,,,
2022-01-07,1797.0,22.393999099731445,-1.6052991194091417,0,,,,,0,0,0.0,-3729129.74970459,0.0,46270870.25029541,,,,
2022-01-08,1797.0,22.393999099731445,-1.6014899699652128,0,,,,,0,0,0.0,-3729129.74970459,0.0,46270870.25029541,,,,
2022-01-09,1797.0,22.393999099731445,-1.680738719623855,0,,,,,0,0,0.0,-3729129.74970459,0.0,46270870.25029541,,,,
2022-01-10,1798.4000244140625,22.445999145507812,-1.3658939373637273,0,,,,,0,0,0.0,-3729129.74970459,0.0,46270870.25029541,,,,
2022-01-11,1818.5999755859375,22.805999755859375,-1.0648728689586058,0,,,,,0,0,0.0,-3729129.74970459,0.0,46270870.25029541,,,,
2022-01-12,1827.199951171875,23.200000762939453,0.3149295977923472,0,,,,,0,0,0.0,-3729129.74970459,0.0,46270870.25029541,,,,
2022-01-13,1821.199951171875,23.155000686645508,0.5719397224167099,0,,,,,0,0,0.0,-3729129.74970459,0.0,46270870.25029541,,,,
2022-01-14,1816.5,22.910999298095703,-0.3030538694471237,0,,,,,0,0,0.0,-3729129.74970459,0.0,46270870.25029541,,,,
2022-01-15,1816.5,22.910999298095703,-0.27479630635283997,0,,,,,0,0,0.0,-3729129.74970459,0.0,46270870.25029541,,,,
2022-01-16,1816.5,22.910999298095703,-0.22422528954114826,0,,,,,0,0,0.0,-3729129.74970459,0.0,46270870.25029541,,,,
2022-01-17,1816.5,22.910999298095703,-0.1506447841034629,0,,,,,0,0,0.0,-3729129.74970459,0.0,46270870.25029541,,,,
2022-01-18,1812.300048828125,23.48699951171875,2.67644327090023,0,,,,,0,0,0.0,-3729129.74970459,0.0,46270870.25029541,,,,
2022-01-19,1843.0999755859375,24.22599983215332,2.7693653314677,0,,,,,0,0,0.0,-3729129.74970459,0.0,46270870.25029541,,,,
2022-01-20,1842.5,24.711000442504883,3.028579808391126,0,,,,,0,0,0.0,-3729129.74970459,0.0,46270870.25029541,,,,
2022-01-21,1831.800048828125,24.31399917602539,2.0692719413146685,0,,,,,0,0,0.0,-3729129.74970459,0.0,46270870.25029541,,,,
2022-01-22,1831.800048828125,24.31399917602539,1.788497976167272,0,,,,,0,0,0.0,-3729129.74970459,0.0,46270870.25029541,,,,
2022-01-23,1831.800048828125,24.31399917602539,1.5721408574937918,0,,,,,0,0,0.0,-3729129.74970459,0.0,46270870.25029541,,,,
2022-01-24,1841.699951171875,23.795000076293945,0.31842111398366957,0,,,,,0,0,0.0,-3729129.74970459,0.0,46270870.25029541,,,,
2022-01-25,1852.699951171875,23.895999908447266,0.15541289769190553,0,,,,,0,0,0.0,-3729129.74970459,0.0,46270870.25029541,,,,
2022-01-26,1829.9000244140625,23.80699920654297,0.5842641755369375,0,,,,,0,0,0.0,-3729129.74970459,0.0,46270870.25029541,,,,
2022-01-27,1793.300048828125,22.67300033569336,-0.4702795322703552,0,,,,,0,0,0.0,-3729129.74970459,0.0,46270870.25029541,,,,
2022-01-28,1784.9000244140625,22.302000045776367,-0.9387278347008836,0,,,,,0,0,0.0,-3729129.74970459,0.0,46270870.25029541,,,,
2022-01-29,1784.9000244140625,22.302000045776367,-0.9590261197943085,0,,,,,0,0,0.0,-3729129.74970459,0.0,46270870.25029541,,,,
2022-01-30,1784.9000244140625,22.302000045776367,-0.9736902048043143,0,,,,,0,0,0.0,-3729129.74970459,0.0,46270870.25029541,,,,
2022-01-31,1795.0,22.395000457763672,-1.1027862889842166,0,,,,,0,0,0.0,-3729129.74970459,0.0,46270870.25029541,,,,
2022-02-01,1800.300048828125,22.59600067138672,-0.849639167478171,0,,,,,0,0,0.0,-3729129.74970459,0.0,46270870.25029541,,,,
2022-02-02,1809.199951171875,22.711000442504883,-0.865481850303937,0,,,,,0,0,0.0,-3729129.74970459,0.0,46270870.25029541,,,,
2022-02-03,1803.0,22.375,-1.2446872151590775,0,,,,,0,0,0.0,-3729129.74970459,0.0,46270870.25029541,,,,
2022-02-04,1806.5999755859375,22.475000381469727,-1.1151767720691785,0,,,,,0,0,0.0,-3729129.74970459,0.0,46270870.25029541,,,,
2022-02-05,1806.5999755859375,22.475000381469727,-1.0667178012678789,0,,,,,0,0,0.0,-3729129.74970459,0.0,46270870.25029541,,,,
2022-02-06,1806.5999755859375,22.475000381469727,-1.0213797187246392,0,,,,,0,0,0.0,-3729129.74970459,0.0,46270870.25029541,,,,
2022-02-07,1820.5999755859375,23.076000213623047,-0.32891130780111566,0,,,,,0,0,0.0,-3729129.74970459,0.0,46270870.25029541,,,,
2022-02-08,1826.5999755859375,23.19499969482422,-0.23020508666675457,0,,,,,0,0,0.0,-3729129.74970459,0.0,46270870.25029541,,,,
2022-02-09,1835.199951171875,23.336000442504883,-0.12859303351861848,0,,,,,0,0,0.0,-3729129.74970459,0.0,46270870.25029541,,,,
2022-02-10,1836.199951171875,23.518999099731445,0.33447103532988737,0,,,,,0,0,0.0,-3729129.74970459,0.0,46270870.25029541,,,,
2022-02-11,1840.800048828125,23.365999221801758,-0.06942343325278941,0,,,,,0,0,0.0,-3729129.74970459,0.0,46270870.25029541,,,,
2022-02-12,1840.800048828125,23.365999221801758,0.10774099685921487,0,,,,,0,0,0.0,-3729129.74970459,0.0,46270870.25029541,,,,
2022-02-13,1840.800048828125,23.365999221801758,0.1999862260891815,0,,,,,0,0,0.0,-3729129.74970459,0.0,46270870.25029541,,,,
2022-02-14,1868.0,23.844999313354492,0.4559842196195233,0,,,,,0,0,0.0,-3729129.74970459,0.0,46270870.25029541,,,,
2022-02-15,1854.800048828125,23.33799934387207,-0.8415066273540684,0,,,,,0,0,0.0,-3729129.74970459,0.0,46270870.25029541,,,,
2022-02-16,1870.199951171875,23.60099983215332,-0.6750692340606115,0,,,,,0,0,0.0,-3729129.74970459,0.0,46270870.25029541,,,,
2022-02-17,1900.699951171875,23.874000549316406,-1.7171646659651634,0,,,,,0,0,0.0,-3729129.74970459,0.0,46270870.25029541,,,,
2022-02-18,1898.5999755859375,23.990999221801758,-0.8465776793243166,0,,,,,0,0,0.0,-3729129.74970459,0.0,46270870.25029541,,,,
2022-02-19,1898.5999755859375,23.990999221801758,-0.7954689399258109,0,,,,,0,0,0.0,-3729129.74970459,0.0,46270870.25029541,,,,
2022-02-20,1898.5999755859375,23.990999221801758,-0.7683014261003269,0,,,,,0,0,0.0,-3729129.74970459,0.0,46270870.25029541,,,,
2022-02-21,1898.5999755859375,23.990999221801758,-0.7109354830792031,0,,,,,0,0,0.0,-3729129.74970459,0.0,46270870.25029541,,,,
2022-02-22,1906.0999755859375,24.31100082397461,0.2921831209119232,0,,,,,0,0,0.0,-3729129.74970459,0.0,46270870.25029541,,,,
2022-02-23,1909.199951171875,24.55500030517578,1.1550682514612887,0,,,,,0,0,0.0,-3729129.74970459,0.0,46270870.25029541,,,,
2022-02-24,1925.0999755859375,24.68600082397461,0.45708681108771,0,,,,,0,0,0.0,-3729129.74970459,0.0,46270870.25029541,,,,
2022-02-25,1886.5,23.996999740600586,0.043365555894359954,0,,,,,0,0,0.0,-3729129.74970459,0.0,46270870.25029541,,,,
2022-02-26,1886.5,23.996999740600586,-0.02128743596178258,0,,,,,0,0,0.0,-3729129.74970459,0.0,46270870.25029541,,,,
2022-02-27,1886.5,23.996999740600586,0.018018339780575918,0,,,,,0,0,0.0,-3729129.74970459,0.0,46270870.25029541,,,,
2022-02-28,1899.4000244140625,24.361000061035156,0.9147335453311981,0,,,,,0,0,0.0,-3729129.74970459,0.0,46270870.25029541,,,,
2022-03-01,1942.4000244140625,25.534000396728516,2.758154581959702,0,,,,,0,0,0.0,-3729129.74970459,0.0,46270870.25029541,,,,
2022-03-02,1920.9000244140625,25.183000564575195,2.3507517832117197,0,,,,,0,0,0.0,-3729129.74970459,0.0,46270870.25029541,,,,
2022-03-03,1934.4000244140625,25.204999923706055,1.431456078366844,0,,,,,0,0,0.0,-3729129.74970459,0.0,46270870.25029541,,,,
2022-03-04,1965.0999755859375,25.781999588012695,1.550125265881711,0,,,,,0,0,0.0,-3729129.74970459,0.0,46270870.25029541,,,,
2022-03-05,1965.0999755859375,25.781999588012695,1.3963318038027066,0,,,,,0,0,0.0,-3729129.74970459,0.0,46270870.25029541,,,,
2022-03-06,1965.0999755859375,25.781999588012695,1.2745020874917612,0,,,,,0,0,0.0,-3729129.74970459,0.0,46270870.25029541,,,,
2022-03-07,1993.9000244140625,25.71299934387207,-0.4137088039832242,0,,,,,0,0,0.0,-3729129.74970459,0.0,46270870.25029541,,,,
2022-03-08,2040.0999755859375,26.88800048828125,0.8632802078649882,0,,,,,0,0,0.0,-3729129.74970459,0.0,46270870.25029541,,,,
2022-03-09,1985.9000244140625,25.756999969482422,-0.03876651721628891,0,,,,,0,0,0.0,-3729129.74970459,0.0,46270870.25029541,,,,
2022-03-10,1998.0999755859375,26.20199966430664,0.7254615136716044,0,,,,,0,0,0.0,-3729129.74970459,0.0,46270870.25029541,,,,
2022-03-11,1982.699951171875,26.106000900268555,1.1476352534986918,0,,,,,0,0,0.0,-3729129.74970459,0.0,46270870.25029541,,,,
2022-03-12,1982.699951171875,26.106000900268555,1.0554290454304212,0,,,,,0,0,0.0,-3729129.74970459,0.0,46270870.25029541,,,,
2022-03-13,1982.699951171875,26.106000900268555,0.9800819928350757,0,,,,,0,0,0.0,-3729129.74970459,0.0,46270870.25029541,,,,
2022-03-14,1959.5999755859375,25.243999481201172,-1.0215161437484717,0,,,,,0,0,0.0,-3729129.74970459,0.0,46270870.25029541,,,,
2022-03-15,1928.5,25.12299919128418,0.4759678524530692,0,,,,,0,0,0.0,-3729129.74970459,0.0,46270870.25029541,,,,
2022-03-16,1908.0,24.670000076293945,-0.08440586822502436,0,,,,,0,0,0.0,-3729129.74970459,0.0,46270870.25029541,,,,
2022-03-17,1942.0999755859375,25.583999633789062,1.332157829735088,0,,,,,0,0,0.0,-3729129.74970459,0.0,46270870.25029541,,,,
2022-03-18,1928.199951171875,25.05500030517578,-0.06412340806982589,0,,,,,0,0,0.0,-3729129.74970459,0.0,46270870.25029541,,,,
2022-03-19,1928.199951171875,25.05500030517578,-0.17118654755669513,0,,,,,0,0,0.0,-3729129.74970459,0.0,46270870.25029541,,,,
2022-03-20,1928.199951171875,25.05500030517578,-0.2431741947794007,0,,,,,0,0,0.0,-3729129.74970459,0.0,46270870.25029541,,,,
2022-03-21,1928.5999755859375,25.281999588012695,0.972942660820845,0,,,,,0,0,0.0,-3729129.74970459,0.0,46270870.25029541,,,,
2022-03-22,1920.699951171875,24.885000228881836,-0.4401553780152821,0,,,,,0,0,0.0,-3729129.74970459,0.0,46270870.25029541,,,,
2022-03-23,1936.5999755859375,25.170000076293945,-0.2543662393597924,0,,,,,0,0,0.0,-3729129.74970459,0.0,46270870.25029541,,,,
2022-03-24,1961.5999755859375,25.899999618530273,1.467707085064811,0,,,,,0,0,0.0,-3729129.74970459,0.0,46270870.25029541,,,,
2022-03-25,1953.800048828125,25.594999313354492,0.5082552345451403,0,,,,,0,0,0.0,-3729129.74970459,0.0,46270870.25029541,,,,
2022-03-26,1953.800048828125,25.594999313354492,0.5100628852652954,0,,,,,0,0,0.0,-3729129.74970459,0.0,46270870.25029541,,,,
2022-03-27,1953.800048828125,25.594999313354492,0.43750656532035853,0,,,,,0,0,0.0,-3729129.74970459,0.0,46270870.25029541,,,,
2022-03-28,1939.5999755859375,25.176000595092773,-0.7339193342185256,0,,,,,0,0,0.0,-3729129.74970459,0.0,46270870.25029541,,,,
2022-03-29,1912.0,24.715999603271484,-0.9440024201796102,0,,,,,0,0,0.0,-3729129.74970459,0.0,46270870.25029541,,,,
2022-03-30,1933.5,25.10300064086914,-0.6407859455366258,0,,,,,0,0,0.0,-3729129.74970459,0.0,46270870.25029541,,,,
2022-03-31,1949.199951171875,25.121000289916992,-1.8729580220677415,0,,,,,0,0,0.0,-3729129.74970459,0.0,46270870.25029541,,,,
2022-04-01,1919.0999755859375,24.642000198364258,-1.6119672052460399,0,,,,,0,0,0.0,-3729129.74970459,0.0,46270870.25029541,,,,
2022-04-02,1919.0999755859375,24.642000198364258,-1.432274232437096,0,,,,,0,0,0.0,-3729129.74970459,0.0,46270870.25029541,,,,
2022-04-03,1919.0999755859375,24.642000198364258,-1.4797298552699716,0,,,,,0,0,0.0,-3729129.74970459,0.0,46270870.25029541,,,,
2022-04-04,1929.199951171875,24.583999633789062,-2.205758545517971,0,,,,,0,0,0.0,-3729129.74970459,0.0,46270870.25029541,,,,
2022-04-05,1922.9000244140625,24.527999877929688,-1.730112999861842,0,,,,,0,0,0.0,-3729129.74970459,0.0,46270870.25029541,,,,
2022-04-06,1918.4000244140625,24.454999923706055,-1.569200751192446,0,,,,,0,0,0.0,-3729129.74970459,0.0,46270870.25029541,,,,
2022-04-07,1933.800048828125,24.732999801635742,-1.2857113615215483,0,,,,,0,0,0.0,-3729129.74970459,0.0,46270870.25029541,,,,
2022-04-08,1941.5999755859375,24.819000244140625,-1.3000775830873867,0,,,,,0,0,0.0,-3729129.74970459,0.0,46270870.25029541,,,,
2022-04-09,1941.5999755859375,24.819000244140625,-1.1708239178294138,0,,,,,0,0,0.0,-3729129.74970459,0.0,46270870.25029541,,,,
2022-04-10,1941.5999755859375,24.819000244140625,-1.0718143360915542,0,,,,,0,0,0.0,-3729129.74970459,0.0,46270870.25029541,,,,
2022-04-11,1944.300048828125,24.97800064086914,-0.5433669991207982,0,,,,,0,0,0.0,-3729129.74970459,0.0,46270870.25029541,,,,
2022-04-12,1972.0999755859375,25.725000381469727,0.6832381066190508,0,,,,,0,0,0.0,-3729129.74970459,0.0,46270870.25029541,,,,
2022-04-13,1981.0,26.020000457763672,1.4490523943081601,0,,,,,0,0,0.0,-3729129.74970459,0.0,46270870.25029541,,,,
2022-04-14,1970.9000244140625,25.690000534057617,0.78820536091832,0,,,,,0,0,0.0,-3729129.74970459,0.0,46270870.25029541,,,,
2022-04-15,1970.9000244140625,25.690000534057617,0.8784723594424622,0,,,,,0,0,0.0,-3729129.74970459,0.0,46270870.25029541,,,,
2022-04-16,1970.9000244140625,25.690000534057617,0.9860787484943131,0,,,,,0,0,0.0,-3729129.74970459,0.0,46270870.25029541,,,,
2022-04-17,1970.9000244140625,25.690000534057617,0.9805564044013503,0,,,,,0,0,0.0,-3729129.74970459,0.0,46270870.25029541,,,,
2022-04-18,1982.9000244140625,26.139999389648438,2.0189305700231057,0,,,,,0,0,0.0,-3729129.74970459,0.0,46270870.25029541,,,,
2022-04-19,1955.699951171875,25.391000747680664,0.5812971951751099,0,,,,,0,0,0.0,-3729129.74970459,0.0,46270870.25029541,,,,
2022-04-20,1952.300048828125,25.270000457763672,0.2426855869483559,0,,,,,0,0,0.0,-3729129.74970459,0.0,46270870.25029541,,,,
2022-04-21,1944.9000244140625,24.621000289916992,-1.9339608445395982,0,,,,,0,0,0.0,-3729129.74970459,0.0,46270870.25029541,,,,
2022-04-22,1931.0,24.256999969482422,-2.0941437933545735,0,,,,,0,0,0.0,-3729129.74970459,0.0,46270870.25029541,,,,
2022-04-23,1931.0,24.256999969482422,-1.8006703571558285,0,,,,,0,0,0.0,-3729129.74970459,0.0,46270870.25029541,,,,
2022-04-24,1931.0,24.256999969482422,-1.6258049204197336,0,,,,,0,0,0.0,-3729129.74970459,0.0,46270870.25029541,,,,
2022-04-25,1893.199951171875,23.667999267578125,-1.425557217804669,0,,,,,0,0,0.0,-3729129.74970459,0.0,46270870.25029541,,,,
2022-04-26,1901.4000244140625,23.54199981689453,-1.8797919560191205,0,,,,,0,0,0.0,-3729129.74970459,0.0,46270870.25029541,,,,
2022-04-27,1885.9000244140625,23.45800018310547,-1.3088607690885066,0,,,,,0,0,0.0,-3729129.74970459,0.0,46270870.25029541,,,,
2022-04-28,1888.699951171875,23.128999710083008,-1.9160217767902135,0,,,,,0,0,0.0,-3729129.74970459,0.0,46270870.25029541,,,,
2022-04-29,1909.300048828125,23.040000915527344,-2.2908244260454103,0,,,,,0,0,0.0,-3729129.74970459,0.0,46270870.25029541,,,,
2022-04-30,1909.300048828125,23.040000915527344,-1.933950292083491,0,,,,,0,0,0.0,-3729129.74970459,0.0,46270870.25029541,,,,
2022-05-01,1909.300048828125,23.040000915527344,-1.6772206709335142,0,,,,,0,0,0.0,-3729129.74970459,0.0,46270870.25029541,,,,
2022-05-02,1861.800048828125,22.54400062561035,-1.1361777688276529,0,,,,,0,0,0.0,-3729129.74970459,0.0,46270870.25029541,,,,
2022-05-03,1868.800048828125,22.621000289916992,-1.0818414236510776,0,,,,,0,0,0.0,-3729129.74970459,0.0,46270870.25029541,,,,
2022-05-04,1867.0,22.36199951171875,-1.2961535630722765,0,,,,,0,0,0.0,-3729129.74970459,0.0,46270870.25029541,,,,
2022-05-05,1874.0,22.399999618530273,-1.2756508240763813,0,,,,,0,0,0.0,-3729129.74970459,0.0,46270870.25029541,,,,
2022-05-06,1881.199951171875,22.325000762939453,-1.4173239657617915,0,,,,,0,0,0.0,-3729129.74970459,0.0,46270870.25029541,,,,
2022-05-07,1881.199951171875,22.325000762939453,-1.2963548571779735,0,,,,,0,0,0.0,-3729129.74970459,0.0,46270870.25029541,,,,
2022-05-08,1881.199951171875,22.325000762939453,-1.24130075415298,0,,,,,0,0,0.0,-3729129.74970459,0.0,46270870.25029541,,,,
2022-05-09,1857.0999755859375,21.781999588012695,-1.4220213233694037,0,,,,,0,0,0.0,-3729129.74970459,0.0,46270870.25029541,,,,
2022-05-10,1839.9000244140625,21.389999389648438,-1.5626955017486417,0,,,,,0,0,0.0,-3729129.74970459,0.0,46270870.25029541,,,,
2022-05-11,1852.5999755859375,21.549999237060547,-1.494506565082729,0,,,,,0,0,0.0,-3729129.74970459,0.0,46270870.25029541,,,,
2022-05-12,1823.800048828125,20.756999969482422,-1.8744771505898954,0,,,,,0,0,0.0,-3729129.74970459,0.0,46270870.25029541,,,,
2022-05-13,1807.4000244140625,20.983999252319336,-0.8621828620122979,0,,,,,0,0,0.0,-3729129.74970459,0.0,46270870.25029541,,,,
2022-05-14,1807.4000244140625,20.983999252319336,-0.7863740055973599,0,,,,,0,0,0.0,-3729129.74970459,0.0,46270870.25029541,,,,
2022-05-15,1807.4000244140625,20.983999252319336,-0.7213531276366799,0,,,,,0,0,0.0,-3729129.74970459,0.0,46270870.25029541,,,,
2022-05-16,1813.5,21.53499984741211,0.4498306325257039,0,,,,,0,0,0.0,-3729129.74970459,0.0,46270870.25029541,,,,
2022-05-17,1818.199951171875,21.73699951171875,1.004794081067091,0,,,,,0,0,0.0,-3729129.74970459,0.0,46270870.25029541,,,,
2022-05-18,1815.9000244140625,21.533000946044922,0.6167829980098625,0,,,,,0,0,0.0,-3729129.74970459,0.0,46270870.25029541,,,,
2022-05-19,1841.199951171875,21.898000717163086,0.48918599693213927,0,,,,,0,0,0.0,-3729129.74970459,0.0,46270870.25029541,,,,
2022-05-20,1841.800048828125,21.66900062561035,-0.2531159643780903,0,,,,,0,0,0.0,-3729129.74970459,0.0,46270870.25029541,,,,
2022-05-21,1841.800048828125,21.66900062561035,-0.20817220254247523,0,,,,,0,0,0.0,-3729129.74970459,0.0,46270870.25029541,,,,
2022-05-22,1841.800048828125,21.66900062561035,-0.12472541185845241,0,,,,,0,0,0.0,-3729129.74970459,0.0,46270870.25029541,,,,
2022-05-23,1847.800048828125,21.722999572753906,-0.19531104829885101,0,,,,,0,0,0.0,-3729129.74970459,0.0,46270870.25029541,,,,
2022-05-24,1865.0999755859375,22.062999725341797,0.1111023361219057,0,,,,,0,0,0.0,-3729129.74970459,0.0,46270870.25029541,,,,
2022-05-25,1846.199951171875,21.860000610351562,0.5601254681527994,0,,,,,0,0,0.0,-3729129.74970459,0.0,46270870.25029541,,,,
2022-05-26,1847.4000244140625,21.94099998474121,0.7749045229741399,0,,,,,0,0,0.0,-3729129.74970459,0.0,46270870.25029541,,,,
2022-05-27,1851.300048828125,22.059999465942383,0.9408072989070636,0,,,,,0,0,0.0,-3729129.74970459,0.0,46270870.25029541,,,,
2022-05-28,1851.300048828125,22.059999465942383,0.8776822731485995,0,,,,,0,0,0.0,-3729129.74970459,0.0,46270870.25029541,,,,
2022-05-29,1851.300048828125,22.059999465942383,0.7975213114981214,0,,,,,0,0,0.0,-3729129.74970459,0.0,46270870.25029541,,,,
2022-05-30,1851.300048828125,22.059999465942383,0.7169341089454222,0,,,,,0,0,0.0,-3729129.74970459,0.0,46270870.25029541,,,,
2022-05-31,1842.699951171875,21.650999069213867,-0.450997394604911,0,,,,,0,0,0.0,-3729129.74970459,0.0,46270870.25029541,,,,
2022-06-01,1843.300048828125,21.884000778198242,0.45315695801180733,0,,,,,0,0,0.0,-3729129.74970459,0.0,46270870.25029541,,,,
2022-06-02,1866.5,22.253999710083008,0.3609116265473109,0,,,,,0,0,0.0,-3729129.74970459,0.0,46270870.25029541,,,,
2022-06-03,1845.4000244140625,21.889999389648438,0.1237564263149232,0,,,,,0,0,0.0,-3729129.74970459,0.0,46270870.25029541,,,,
2022-06-04,1845.4000244140625,21.889999389648438,0.026458431863516294,0,,,,,0,0,0.0,-3729129.74970459,0.0,46270870.25029541,,,,
2022-06-05,1845.4000244140625,21.889999389648438,0.08998915466881892,0,,,,,0,0,0.0,-3729129.74970459,0.0,46270870.25029541,,,,
2022-06-06,1839.199951171875,22.073999404907227,2.331347122825602,0,,,,,0,0,0.0,-3729129.74970459,0.0,46270870.25029541,,,,
2022-06-07,1847.5,22.159000396728516,1.7789220974893383,0,,,,,0,0,0.0,-3729129.74970459,0.0,46270870.25029541,,,,
2022-06-08,1851.9000244140625,22.073999404907227,0.6260573097015304,0,,,,,0,0,0.0,-3729129.74970459,0.0,46270870.25029541,,,,
2022-06-09,1848.800048828125,21.797000885009766,-1.0633649269016348,0,,,,,0,0,0.0,-3729129.74970459,0.0,46270870.25029541,,,,
2022-06-10,1871.5,21.913000106811523,-2.4191485446023147,0,,,,,0,0,0.0,-3729129.74970459,0.0,46270870.25029541,,,,
2022-06-11,1871.5,21.913000106811523,-2.092022303836835,0,,,,,0,0,0.0,-3729129.74970459,0.0,46270870.25029541,,,,
2022-06-12,1871.5,21.913000106811523,-1.88089698600028,0,,,,,0,0,0.0,-3729129.74970459,0.0,46270870.25029541,,,,
2022-06-13,1828.0,21.236000061035156,-1.5920004105028882,0,,,,,0,0,0.0,-3729129.74970459,0.0,46270870.25029541,,,,
2022-06-14,1809.5,20.93600082397461,-1.433186157527642,0,,,,,0,0,0.0,-3729129.74970459,0.0,46270870.25029541,,,,
2022-06-15,1815.300048828125,21.402000427246094,0.2906394865771933,0,,,,,0,0,0.0,-3729129.74970459,0.0,46270870.25029541,,,,
2022-06-16,1845.699951171875,21.867000579833984,0.20621905758190714,0,,,,,0,0,0.0,-3729129.74970459,0.0,46270870.25029541,,,,
2022-06-17,1835.5999755859375,21.572999954223633,-0.3567182627921062,0,,,,,0,0,0.0,-3729129.74970459,0.0,46270870.25029541,,,,
2022-06-18,1835.5999755859375,21.572999954223633,-0.30544573246651746,0,,,,,0,0,0.0,-3729129.74970459,0.0,46270870.25029541,,,,
2022-06-19,1835.5999755859375,21.572999954223633,-0.25370179224764616,0,,,,,0,0,0.0,-3729129.74970459,0.0,46270870.25029541,,,,
2022-06-20,1835.5999755859375,21.572999954223633,-0.2633366622211518,0,,,,,0,0,0.0,-3729129.74970459,0.0,46270870.25029541,,,,
2022-06-21,1834.5999755859375,21.753999710083008,0.6936321097435908,0,,,,,0,0,0.0,-3729129.74970459,0.0,46270870.25029541,,,,
2022-06-22,1834.300048828125,21.406999588012695,-0.8815591862081257,0,,,,,0,0,0.0,-3729129.74970459,0.0,46270870.25029541,,,,
2022-06-23,1825.699951171875,21.031999588012695,-1.741001960796193,0,,,,,0,0,0.0,-3729129.74970459,0.0,46270870.25029541,,,,
2022-06-24,1826.5,21.115999221801758,-1.2759207244191983,0,,,,,0,0,0.0,-3729129.74970459,0.0,46270870.25029541,,,,
2022-06-25,1826.5,21.115999221801758,-1.1489049954119388,0,,,,,0,0,0.0,-3729129.74970459,0.0,46270870.25029541,,,,
2022-06-26,1826.5,21.115999221801758,-1.0867866624681373,0,,,,,0,0,0.0,-3729129.74970459,0.0,46270870.25029541,,,,
2022-06-27,1820.9000244140625,21.159000396728516,-0.3984559696692549,0,,,,,0,0,0.0,-3729129.74970459,0.0,46270870.25029541,,,,
2022-06-28,1817.5,20.797000885009766,-1.8281356237767041,0,,,,,0,0,0.0,-3729129.74970459,0.0,46270870.25029541,,,,
2022-06-29,1813.699951171875,20.667999267578125,-1.8636647698928896,0,,,,,0,0,0.0,-3729129.74970459,0.0,46270870.25029541,,,,
2022-06-30,1804.0999755859375,20.281999588012695,-2.371855999002013,0,,,,,0,0,0.0,-3729129.74970459,0.0,46270870.25029541,,,,
2022-07-01,1798.9000244140625,19.597000122070312,-3.1088129813565937,0,,,,,0,0,0.0,-3729129.74970459,0.0,46270870.25029541,,,,
2022-07-02,1798.9000244140625,19.597000122070312,-2.4240044554070606,0,,,,,0,0,0.0,-3729129.74970459,0.0,46270870.25029541,,,,
2022-07-03,1798.9000244140625,19.597000122070312,-2.0192702141872076,0,,,,,0,0,0.0,-3729129.74970459,0.0,46270870.25029541,,,,
2022-07-04,1798.9000244140625,19.597000122070312,-1.7406170744464555,0,,,,,0,0,0.0,-3729129.74970459,0.0,46270870.25029541,,,,
2022-07-05,1761.800048828125,19.052000045776367,-1.4649663383226506,0,,,,,0,0,0.0,-3729129.74970459,0.0,46270870.25029541,,,,
2022-07-06,1734.9000244140625,19.084999084472656,-0.5737960419759046,0,,,,,0,0,0.0,-3729129.74970459,0.0,46270870.25029541,,,,
2022-07-07,1737.9000244140625,19.121999740600586,-0.5253355321516705,0,,,,,0,0,0.0,-3729129.74970459,0.0,46270870.25029541,,,,
2022-07-08,1740.5999755859375,19.16699981689453,-0.45439876298152787,0,,,,,0,0,0.0,-3729129.74970459,0.0,46270870.25029541,,,,
2022-07-09,1740.5999755859375,19.16699981689453,-0.3856428311654919,0,,,,,0,0,0.0,-3729129.74970459,0.0,46270870.25029541,,,,
2022-07-10,1740.5999755859375,19.16699981689453,-0.3145380379813144,0,,,,,0,0,0.0,-3729129.74970459,0.0,46270870.25029541,,,,
2022-07-11,1730.0,19.066999435424805,-0.07262511672442434,0,,,,,0,0,0.0,-3729129.74970459,0.0,46270870.25029541,,,,
2022-07-12,1723.300048828125,18.89900016784668,-0.13669187492530635,0,,,,,0,0,0.0,-3729129.74970459,0.0,46270870.25029541,,,,
2022-07-13,1734.199951171875,19.13800048828125,0.07464823855939223,0,,,,,0,0,0.0,-3729129.74970459,0.0,46270870.25029541,,,,
2022-07-14,1704.5,18.16900062561035,-1.0700200001789375,0,,,,,0,0,0.0,-3729129.74970459,0.0,46270870.25029541,,,,
2022-07-15,1702.4000244140625,18.54800033569336,0.07916674043888103,0,,,,,0,0,0.0,-3729129.74970459,0.0,46270870.25029541,,,,
2022-07-16,1702.4000244140625,18.54800033569336,0.1718540225012669,0,,,,,0,0,0.0,-3729129.74970459,0.0,46270870.25029541,,,,
2022-07-17,1702.4000244140625,18.54800033569336,0.32872228373650864,0,,,,,0,0,0.0,-3729129.74970459,0.0,46270870.25029541,,,,
2022-07-18,1709.199951171875,18.791000366210938,0.9110587130969945,0,,,,,0,0,0.0,-3729129.74970459,0.0,46270870.25029541,,,,
2022-07-19,1710.0,18.670000076293945,0.5008445524095342,0,,,,,0,0,0.0,-3729129.74970459,0.0,46270870.25029541,,,,
2022-07-20,1699.5,18.638999938964844,1.0501257120187528,0,,,,,0,0,0.0,-3729129.74970459,0.0,46270870.25029541,,,,
2022-07-21,1712.699951171875,18.687000274658203,0.30467222853292025,0,,,,,0,0,0.0,-3729129.74970459,0.0,46270870.25029541,,,,
2022-07-22,1727.0999755859375,18.584999084472656,-1.244794297894895,0,,,,,0,0,0.0,-3729129.74970459,0.0,46270870.25029541,,,,
2022-07-23,1727.0999755859375,18.584999084472656,-1.353996924758405,0,,,,,0,0,0.0,-3729129.74970459,0.0,46270870.25029541,,,,
2022-07-24,1727.0999755859375,18.584999084472656,-1.4852630902603303,0,,,,,0,0,0.0,-3729129.74970459,0.0,46270870.25029541,,,,
2022-07-25,1719.0,18.29400062561035,-2.215706263560548,0,,,,,0,0,0.0,-3729129.74970459,0.0,46270870.25029541,,,,
2022-07-26,1717.699951171875,18.48699951171875,-1.0380421543814013,0,,,,,0,0,0.0,-3729129.74970459,0.0,46270870.25029541,,,,
2022-07-27,1719.0999755859375,18.55299949645996,-0.7531976416423722,0,,,,,0,0,0.0,-3729129.74970459,0.0,46270870.25029541,,,,
2022-07-28,1750.300048828125,19.82699966430664,2.3867429329744114,0,,,,,0,0,0.0,-3729129.74970459,0.0,46270870.25029541,,,,
2022-07-29,1762.9000244140625,20.1560001373291,2.325728505715359,0,,,,,0,0,0.0,-3729129.74970459,0.0,46270870.25029541,,,,
2022-07-30,1762.9000244140625,20.1560001373291,1.968348907191483,0,,,,,0,0,0.0,-3729129.74970459,0.0,46270870.25029541,,,,
2022-07-31,1762.9000244140625,20.1560001373291,1.7256442565779353,0,,,,,0,0,0.0,-3729129.74970459,0.0,46270870.25029541,,,,
2022-08-01,1769.0,20.32200050354004,1.6713220591484819,0,,,,,0,0,0.0,-3729129.74970459,0.0,46270870.25029541,,,,
2022-08-02,1771.0999755859375,20.104999542236328,0.9636130555298779,0,,,,,0,0,0.0,-3729129.74970459,0.0,46270870.25029541,,,,
2022-08-03,1758.0,19.864999771118164,0.8050888057049731,0,,,,,0,0,0.0,-3729129.74970459,0.0,46270870.25029541,,,,
2022-08-04,1788.5,20.099000930786133,0.13820835551670455,0,,,,,0,0,0.0,-3729129.74970459,0.0,46270870.25029541,,,,
2022-08-05,1772.9000244140625,19.819000244140625,0.04758309496003064,0,,,,,0,0,0.0,-3729129.74970459,0.0,46270870.25029541,,,,
2022-08-06,1772.9000244140625,19.819000244140625,0.030321361439057934,0,,,,,0,0,0.0,-3729129.74970459,0.0,46270870.25029541,,,,
2022-08-07,1772.9000244140625,19.819000244140625,0.029872991099697033,0,,,,,0,0,0.0,-3729129.74970459,0.0,46270870.25029541,,,,
2022-08-08,1786.800048828125,20.591999053955078,1.276908111114032,0,,,,,0,0,0.0,-3729129.74970459,0.0,46270870.25029541,,,,
2022-08-09,1794.0,20.45800018310547,0.6283571829852064,0,,,,,0,0,0.0,-3729129.74970459,0.0,46270870.25029541,,,,
2022-08-10,1795.5999755859375,20.718000411987305,1.0770995190187653,0,,,,,0,0,0.0,-3729129.74970459,0.0,46270870.25029541,,,,
2022-08-11,1789.699951171875,20.326000213623047,0.31294353245027867,0,,,,,0,0,0.0,-3729129.74970459,0.0,46270870.25029541,,,,
2022-08-12,1798.5999755859375,20.677000045776367,0.7429556599664524,0,,,,,0,0,0.0,-3729129.74970459,0.0,46270870.25029541,,,,
2022-08-13,1798.5999755859375,20.677000045776367,0.6686189900902593,0,,,,,0,0,0.0,-3729129.74970459,0.0,46270870.25029541,,,,
2022-08-14,1798.5999755859375,20.677000045776367,0.6169217577357741,0,,,,,0,0,0.0,-3729129.74970459,0.0,46270870.25029541,,,,
2022-08-15,1781.4000244140625,20.250999450683594,-0.0005622157340864293,0,,,,,0,0,0.0,-3729129.74970459,0.0,46270870.25029541,,,,
2022-08-16,1773.199951171875,20.065000534057617,-0.4470598444340874,0,,,,,0,0,0.0,-3729129.74970459,0.0,46270870.25029541,,,,
2022-08-17,1760.300048828125,19.711000442504883,-1.0971011161477882,0,,,,,0,0,0.0,-3729129.74970459,0.0,46270870.25029541,,,,
2022-08-18,1755.300048828125,19.447999954223633,-1.7423762482784357,0,,,,,0,0,0.0,-3729129.74970459,0.0,46270870.25029541,,,,
2022-08-19,1747.5999755859375,19.058000564575195,-2.3775925426875686,0,,,,,0,0,0.0,-3729129.74970459,0.0,46270870.25029541,,,,
2022-08-20,1747.5999755859375,19.058000564575195,-2.0051193750506777,0,,,,,0,0,0.0,-3729129.74970459,0.0,46270870.25029541,,,,
2022-08-21,1747.5999755859375,19.058000564575195,-1.7613053258647249,0,,,,,0,0,0.0,-3729129.74970459,0.0,46270870.25029541,,,,
2022-08-22,1734.0,18.87299919128418,-1.4540640103353393,0,,,,,0,0,0.0,-3729129.74970459,0.0,46270870.25029541,,,,
2022-08-23,1746.800048828125,19.011999130249023,-1.4777502311648067,0,,,,,0,0,0.0,-3729129.74970459,0.0,46270870.25029541,,,,
2022-08-24,1747.800048828125,18.895000457763672,-1.6635755675870356,0,,,,,0,0,0.0,-3729129.74970459,0.0,46270870.25029541,,,,
2022-08-25,1757.699951171875,19.111000061035156,-1.3601223063745067,0,,,,,0,0,0.0,-3729129.74970459,0.0,46270870.25029541,,,,
2022-08-26,1736.0999755859375,18.739999771118164,-1.2939513485346417,0,,,,,0,0,0.0,-3729129.74970459,0.0,46270870.25029541,,,,
2022-08-27,1736.0999755859375,18.739999771118164,-1.1823220552049147,0,,,,,0,0,0.0,-3729129.74970459,0.0,46270870.25029541,,,,
2022-08-28,1736.0999755859375,18.739999771118164,-1.0787264018765605,0,,,,,0,0,0.0,-3729129.74970459,0.0,46270870.25029541,,,,
2022-08-29,1736.5999755859375,18.55500030517578,-1.3983504526858104,0,,,,,0,0,0.0,-3729129.74970459,0.0,46270870.25029541,,,,
2022-08-30,1723.199951171875,18.159000396728516,-1.659239699381291,0,,,,,0,0,0.0,-3729129.74970459,0.0,46270870.25029541,,,,
2022-08-31,1712.800048828125,17.761999130249023,-1.897885502345172,0,,,,,0,0,0.0,-3729129.74970459,0.0,46270870.25029541,,,,
2022-09-01,1696.5999755859375,17.551000595092773,-1.610803716883829,0,,,,,0,0,0.0,-3729129.74970459,0.0,46270870.25029541,,,,
2022-09-02,1709.800048828125,17.775999069213867,-1.4561567444641808,0,,,,,0,0,0.0,-3729129.74970459,0.0,46270870.25029541,,,,
2022-09-03,1709.800048828125,17.775999069213867,-1.3686160141615271,0,,,,,0,0,0.0,-3729129.74970459,0.0,46270870.25029541,,,,
2022-09-04,1709.800048828125,17.775999069213867,-1.2819672645637805,0,,,,,0,0,0.0,-3729129.74970459,0.0,46270870.25029541,,,,
2022-09-05,1709.800048828125,17.775999069213867,-1.2170345641835072,0,,,,,0,0,0.0,-3729129.74970459,0.0,46270870.25029541,,,,
2022-09-06,1700.4000244140625,17.795000076293945,-0.6672195323695382,0,,,,,0,0,0.0,-3729129.74970459,0.0,46270870.25029541,,,,
2022-09-07,1715.300048828125,18.136999130249023,-0.26061691669834086,0,,,,,0,0,0.0,-3729129.74970459,0.0,46270870.25029541,,,,
2022-09-08,1708.0,18.329999923706055,0.848689501975202,0,,,,,0,0,0.0,-3729129.74970459,0.0,46270870.25029541,,,,
2022-09-09,1716.199951171875,18.658000946044922,1.4850261125544542,0,,,,,0,0,0.0,-3729129.74970459,0.0,46270870.25029541,,,,
2022-09-10,1716.199951171875,18.658000946044922,1.432038205259273,0,,,,,0,0,0.0,-3729129.74970459,0.0,46270870.25029541,,,,
2022-09-11,1716.199951171875,18.658000946044922,1.3972031037274861,0,,,,,0,0,0.0,-3729129.74970459,0.0,46270870.25029541,,,,
2022-09-12,1728.0999755859375,19.7549991607666,3.0324208479543158,0,,,,,0,0,0.0,-3729129.74970459,0.0,46270870.25029541,,,,
2022-09-13,1705.0,19.389999389648438,2.401762538148003,0,,,,,0,0,0.0,-3729129.74970459,0.0,46270870.25029541,,,,
2022-09-14,1696.5,19.47100067138672,2.2787712020127064,0,,,,,0,0,0.0,-3729129.74970459,0.0,46270870.25029541,,,,
2022-09-15,1665.4000244140625,19.174999237060547,2.1463863722885965,0,,,,,0,0,0.0,-3729129.74970459,0.0,46270870.25029541,,,,
2022-09-16,1671.699951171875,19.29599952697754,1.8544949408782279,0,,,,,0,0,0.0,-3729129.74970459,0.0,46270870.25029541,,,,
2022-09-17,1671.699951171875,19.29599952697754,1.6211175365520274,0,,,,,0,0,0.0,-3729129.74970459,0.0,46270870.25029541,,,,
2022-09-18,1671.699951171875,19.29599952697754,1.4358443087275194,0,,,,,0,0,0.0,-3729129.74970459,0.0,46270870.25029541,,,,
2022-09-19,1666.199951171875,19.273000717163086,1.3463798236313191,0,,,,,0,0,0.0,-3729129.74970459,0.0,46270870.25029541,,,,
2022-09-20,1659.699951171875,19.101999282836914,1.1516914141519816,0,,,,,0,0,0.0,-3729129.74970459,0.0,46270870.25029541,,,,
2022-09-21,1664.5999755859375,19.410999298095703,1.2652910133453903,0,,,,,0,0,0.0,-3729129.74970459,0.0,46270870.25029541,,,,
2022-09-22,1670.800048828125,19.54800033569336,1.185144880932004,0,,,,,0,0,0.0,-3729129.74970459,0.0,46270870.25029541,,,,
2022-09-23,1645.300048828125,18.840999603271484,0.7796228471363005,0,,,,,0,0,0.0,-3729129.74970459,0.0,46270870.25029541,,,,
2022-09-24,1645.300048828125,18.840999603271484,0.703579811818853,0,,,,,0,0,0.0,-3729129.74970459,0.0,46270870.25029541,,,,
2022-09-25,1645.300048828125,18.840999603271484,0.6325681123065604,0,,,,,0,0,0.0,-3729129.74970459,0.0,46270870.25029541,,,,
2022-09-26,1623.300048828125,18.4060001373291,0.448369025015437,0,,,,,0,0,0.0,-3729129.74970459,0.0,46270870.25029541,,,,
2022-09-27,1626.699951171875,18.256999969482422,0.03430278429833128,0,,,,,0,0,0.0,-3729129.74970459,0.0,46270870.25029541,,,,
2022-09-28,1660.4000244140625,18.79599952697754,-0.08910446916246903,0,,,,,0,0,0.0,-3729129.74970459,0.0,46270870.25029541,,,,
2022-09-29,1658.5,18.611000061035156,-0.556853204005463,0,,,,,0,0,0.0,-3729129.74970459,0.0,46270870.25029541,,,,
2022-09-30,1662.4000244140625,18.959999084472656,-0.04407998219643751,0,,,,,0,0,0.0,-3729129.74970459,0.0,46270870.25029541,,,,
2022-10-01,1662.4000244140625,18.959999084472656,-0.352812987476532,0,,,,,0,0,0.0,-3729129.74970459,0.0,46270870.25029541,,,,
2022-10-02,1662.4000244140625,18.959999084472656,-0.44624517276421705,0,,,,,0,0,0.0,-3729129.74970459,0.0,46270870.25029541,,,,
2022-10-03,1692.9000244140625,20.518999099731445,3.283085848565785,0,,,,,0,0,0.0,-3729129.74970459,0.0,46270870.25029541,,,,
2022-10-04,1721.0999755859375,21.03700065612793,2.6295915128811083,0,,,,,0,0,0.0,-3729129.74970459,0.0,46270870.25029541,,,,
2022-10-05,1711.4000244140625,20.479000091552734,1.3318649302185508,0,,,,,0,0,0.0,-3729129.74970459,0.0,46270870.25029541,,,,
2022-10-06,1711.699951171875,20.594999313354492,1.4522000506333859,0,,,,,0,0,0.0,-3729129.74970459,0.0,46270870.25029541,,,,
2022-10-07,1700.5,20.191999435424805,0.8145896862614208,0,,,,,0,0,0.0,-3729129.74970459,0.0,46270870.25029541,,,,
2022-10-08,1700.5,20.191999435424805,0.7499468830463611,0,,,,,0,0,0.0,-3729129.74970459,0.0,46270870.25029541,,,,
2022-10-09,1700.5,20.191999435424805,0.6955352076092047,0,,,,,0,0,0.0,-3729129.74970459,0.0,46270870.25029541,,,,
2022-10-10,1667.300048828125,19.555999755859375,0.40575536725990585,0,,,,,0,0,0.0,-3729129.74970459,0.0,46270870.25029541,,,,
2022-10-11,1678.699951171875,19.427000045776367,-0.32896366380321007,0,,,,,0,0,0.0,-3729129.74970459,0.0,46270870.25029541,,,,
2022-10-12,1670.300048828125,18.878000259399414,-1.2057557001717671,0,,,,,0,0,0.0,-3729129.74970459,0.0,46270870.25029541,,,,
2022-10-13,1670.0,18.857999801635742,-1.1556576857133425,0,,,,,0,0,0.0,-3729129.74970459,0.0,46270870.25029541,,,,
2022-10-14,1641.699951171875,18.014999389648438,-1.7713433515545767,0,,,,,0,0,0.0,-3729129.74970459,0.0,46270870.25029541,,,,
2022-10-15,1641.699951171875,18.014999389648438,-1.5736406694252127,0,,,,,0,0,0.0,-3729129.74970459,0.0,46270870.25029541,,,,
2022-10-16,1641.699951171875,18.014999389648438,-1.4235106036905962,0,,,,,0,0,0.0,-3729129.74970459,0.0,46270870.25029541,,,,
2022-10-17,1657.0,18.673999786376953,-0.6694032643709201,0,,,,,0,0,0.0,-3729129.74970459,0.0,46270870.25029541,,,,
2022-10-18,1649.0,18.570999145507812,-0.6181304952440739,0,,,,,0,0,0.0,-3729129.74970459,0.0,46270870.25029541,,,,
2022-10-19,1627.5,18.336000442504883,-0.4455292912010445,0,,,,,0,0,0.0,-3729129.74970459,0.0,46270870.25029541,,,,
2022-10-20,1630.800048828125,18.666000366210938,0.038328803395744244,0,,,,,0,0,0.0,-3729129.74970459,0.0,46270870.25029541,,,,
2022-10-21,1651.0,19.042999267578125,0.10941066982941004,0,,,,,0,0,0.0,-3729129.74970459,0.0,46270870.25029541,,,,
2022-10-22,1651.0,19.042999267578125,0.08538390798492694,0,,,,,0,0,0.0,-3729129.74970459,0.0,46270870.25029541,,,,
2022-10-23,1651.0,19.042999267578125,0.1707446977889617,0,,,,,0,0,0.0,-3729129.74970459,0.0,46270870.25029541,,,,
2022-10-24,1648.699951171875,19.173999786376953,0.6292561456533378,0,,,,,0,0,0.0,-3729129.74970459,0.0,46270870.25029541,,,,
2022-10-25,1652.800048828125,19.339000701904297,0.8877271308473754,0,,,,,0,0,0.0,-3729129.74970459,0.0,46270870.25029541,,,,
2022-10-26,1664.0,19.479999542236328,0.8839724547624248,0,,,,,0,0,0.0,-3729129.74970459,0.0,46270870.25029541,,,,
2022-10-27,1660.699951171875,19.47800064086914,1.0227473348544798,0,,,,,0,0,0.0,-3729129.74970459,0.0,46270870.25029541,,,,
2022-10-28,1639.5999755859375,19.14699935913086,1.0600785029658326,0,,,,,0,0,0.0,-3729129.74970459,0.0,46270870.25029541,,,,
2022-10-29,1639.5999755859375,19.14699935913086,1.0781371992797264,0,,,,,0,0,0.0,-3729129.74970459,0.0,46270870.25029541,,,,
2022-10-30,1639.5999755859375,19.14699935913086,1.068628997718499,0,,,,,0,0,0.0,-3729129.74970459,0.0,46270870.25029541,,,,
2022-10-31,1635.9000244140625,19.125,1.077557086039086,0,,,,,0,0,0.0,-3729129.74970459,0.0,46270870.25029541,,,,
2022-11-01,1645.0,19.67300033569336,1.7387836179648526,0,,,,,0,0,0.0,-3729129.74970459,0.0,46270870.25029541,,,,
2022-11-02,1645.699951171875,19.600000381469727,1.3865867340137195,0,,,,,0,0,0.0,-3729129.74970459,0.0,46270870.25029541,,,,
2022-11-03,1627.300048828125,19.43600082397461,1.5322455289766348,0,,,,,0,0,0.0,-3729129.74970459,0.0,46270870.25029541,,,,
2022-11-04,1672.5,20.790000915527344,2.4482896976027293,0,,,,,0,0,0.0,-3729129.74970459,0.0,46270870.25029541,,,,
2022-11-05,1672.5,20.790000915527344,2.190436511021143,0,,,,,0,0,0.0,-3729129.74970459,0.0,46270870.25029541,,,,
2022-11-06,1672.5,20.790000915527344,1.9127157790045424,0,,,,,0,0,0.0,-3729129.74970459,0.0,46270870.25029541,,,,
2022-11-07,1676.5,20.898000717163086,1.7732178799987413,0,,,,,0,0,0.0,-3729129.74970459,0.0,46270870.25029541,,,,
2022-11-08,1712.0999755859375,21.476999282836914,1.6020977427385146,0,,,,,0,0,0.0,-3729129.74970459,0.0,46270870.25029541,,,,
2022-11-09,1710.0999755859375,21.29800033569336,1.2062621079276938,0,,,,,0,0,0.0,-3729129.74970459,0.0,46270870.25029541,,,,
2022-11-10,1750.300048828125,21.677000045776367,0.6482451924852602,0,,,,,0,0,0.0,-3729129.74970459,0.0,46270870.25029541,,,,
2022-11-11,1766.0,21.645999908447266,0.05829822502245486,0,,,,,0,0,0.0,-3729129.74970459,0.0,46270870.25029541,,,,
2022-11-12,1766.0,21.645999908447266,-0.015366981385384197,0,,,,,0,0,0.0,-3729129.74970459,0.0,46270870.25029541,,,,
2022-11-13,1766.0,21.645999908447266,-0.0785391525282148,0,,,,,0,0,0.0,-3729129.74970459,0.0,46270870.25029541,,,,
2022-11-14,1773.5999755859375,22.091999053955078,0.5410130325491328,0,,,,,0,0,0.0,-3729129.74970459,0.0,46270870.25029541,,,,
2022-11-15,1773.800048828125,21.499000549316406,-0.82130627323718,0,,,,,0,0,0.0,-3729129.74970459,0.0,46270870.25029541,,,,
2022-11-16,1773.0,21.503999710083008,-0.8287178892316769,0,,,,,0,0,0.0,-3729129.74970459,0.0,46270870.25029541,,,,
2022-11-17,1760.800048828125,20.954999923706055,-1.5942862130988107,0,,,,,0,0,0.0,-3729129.74970459,0.0,46270870.25029541,,,,
2022-11-18,1751.9000244140625,20.97599983215332,-1.2279475481908808,0,,,,,0,0,0.0,-3729129.74970459,0.0,46270870.25029541,,,,
2022-11-19,1751.9000244140625,20.97599983215332,-1.2348360945256682,0,,,,,0,0,0.0,-3729129.74970459,0.0,46270870.25029541,,,,
2022-11-20,1751.9000244140625,20.97599983215332,-1.2305376989018626,0,,,,,0,0,0.0,-3729129.74970459,0.0,46270870.25029541,,,,
2022-11-21,1737.4000244140625,20.849000930786133,-0.9313828953412169,0,,,,,0,0,0.0,-3729129.74970459,0.0,46270870.25029541,,,,
2022-11-22,1738.300048828125,21.034000396728516,-0.5426172265705336,0,,,,,0,0,0.0,-3729129.74970459,0.0,46270870.25029541,,,,
2022-11-23,1744.9000244140625,21.35700035095215,-0.06309359284401908,0,,,,,0,0,0.0,-3729129.74970459,0.0,46270870.25029541,,,,
2022-11-24,1744.9000244140625,21.35700035095215,0.0035986462066870304,0,,,,,0,0,0.0,-3729129.74970459,0.0,46270870.25029541,,,,
2022-11-25,1753.300048828125,21.424999237060547,-0.0798765745337166,0,,,,,0,0,0.0,-3729129.74970459,0.0,46270870.25029541,,,,
2022-11-26,1753.300048828125,21.424999237060547,0.002376206749634375,0,,,,,0,0,0.0,-3729129.74970459,0.0,46270870.25029541,,,,
2022-11-27,1753.300048828125,21.424999237060547,0.10756460117353149,0,,,,,0,0,0.0,-3729129.74970459,0.0,46270870.25029541,,,,
2022-11-28,1740.0999755859375,20.90999984741211,-0.7382855832974577,0,,,,,0,0,0.0,-3729129.74970459,0.0,46270870.25029541,,,,
2022-11-29,1748.4000244140625,21.20400047302246,-0.07875068165931158,0,,,,,0,0,0.0,-3729129.74970459,0.0,46270870.25029541,,,,
2022-11-30,1746.0,21.549999237060547,1.5138202126265043,0,,,,,0,0,0.0,-3729129.74970459,0.0,46270870.25029541,,,,
2022-12-01,1801.0999755859375,22.636999130249023,2.004938200469642,0,,,,,0,0,0.0,-3729129.74970459,0.0,46270870.25029541,,,,
2022-12-02,1795.9000244140625,23.038000106811523,2.760993241337398,0,,,,,0,0,0.0,-3729129.74970459,0.0,46270870.25029541,,,,
2022-12-03,1795.9000244140625,23.038000106811523,2.240355201335481,0,,,,,0,0,0.0,-3729129.74970459,0.0,46270870.25029541,,,,
2022-12-04,1795.9000244140625,23.038000106811523,1.9636432256241663,0,,,,,0,0,0.0,-3729129.74970459,0.0,46270870.25029541,,,,
2022-12-05,1767.4000244140625,22.198999404907227,1.0352799598592888,0,,,,,0,0,0.0,-3729129.74970459,0.0,46270870.25029541,,,,
2022-12-06,1769.300048828125,22.12299919128418,0.7357010191392703,0,,,,,0,0,0.0,-3729129.74970459,0.0,46270870.25029541,,,,
2022-12-07,1785.5,22.709999084472656,1.293426296547691,0,,,,,0,0,0.0,-3729129.74970459,0.0,46270870.25029541,,,,
2022-12-08,1788.699951171875,23.062999725341797,1.700945573248901,0,,,,,0,0,0.0,-3729129.74970459,0.0,46270870.25029541,,,,
2022-12-09,1798.0999755859375,23.53499984741211,2.013226949850516,0,,,,,0,0,0.0,-3729129.74970459,0.0,46270870.25029541,,,,
2022-12-10,1798.0999755859375,23.53499984741211,1.7749469078545261,0,,,,,0,0,0.0,-3729129.74970459,0.0,46270870.25029541,,,,
2022-12-11,1798.0999755859375,23.53499984741211,1.583216028101118,0,,,,,0,0,0.0,-3729129.74970459,0.0,46270870.25029541,,,,
2022-12-12,1780.5,23.219999313354492,1.3696093762928263,0,,,,,0,0,0.0,-3729129.74970459,0.0,46270870.25029541,,,,
2022-12-13,1813.9000244140625,23.801000595092773,1.2950256781230352,0,,,,,0,0,0.0,-3729129.74970459,0.0,46270870.25029541,,,,
2022-12-14,1807.5,23.945999145507812,1.5193250963956764,0,,,,,0,0,0.0,-3729129.74970459,0.0,46270870.25029541,,,,
2022-12-15,1777.199951171875,23.128000259399414,0.8857964598565924,0,,,,,0,0,0.0,-3729129.74970459,0.0,46270870.25029541,,,,
2022-12-16,1790.0,23.150999069213867,0.5076940108886479,0,,,,,0,0,0.0,-3729129.74970459,0.0,46270870.25029541,,,,
2022-12-17,1790.0,23.150999069213867,0.4334694959700502,0,,,,,0,0,0.0,-3729129.74970459,0.0,46270870.25029541,,,,
2022-12-18,1790.0,23.150999069213867,0.35158047206394866,0,,,,,0,0,0.0,-3729129.74970459,0.0,46270870.25029541,,,,
2022-12-19,1787.699951171875,23.02899932861328,0.048189135689520844,0,,,,,0,0,0.0,-3729129.74970459,0.0,46270870.25029541,,,,
2022-12-20,1815.9000244140625,24.0939998626709,1.5556584569145837,0,,,,,0,0,0.0,-3729129.74970459,0.0,46270870.25029541,,,,
2022-12-21,1815.9000244140625,24.03499984741211,1.2988381691496935,0,,,,,0,0,0.0,-3729129.74970459,0.0,46270870.25029541,,,,
2022-12-22,1787.0,23.47599983215332,0.9261683451775281,0,,,,,0,0,0.0,-3729129.74970459,0.0,46270870.25029541,,,,
2022-12-23,1795.9000244140625,23.763999938964844,1.209967422845879,0,,,,,0,0,0.0,-3729129.74970459,0.0,46270870.25029541,,,,
2022-12-24,1795.9000244140625,23.763999938964844,1.091849223617542,0,,,,,0,0,0.0,-3729129.74970459,0.0,46270870.25029541,,,,
2022-12-25,1795.9000244140625,23.763999938964844,1.0305234536268553,0,,,,,0,0,0.0,-3729129.74970459,0.0,46270870.25029541,,,,
2022-12-26,1795.9000244140625,23.763999938964844,1.057723450053919,0,,,,,0,0,0.0,-3729129.74970459,0.0,46270870.25029541,,,,
2022-12-27,1814.800048828125,24.040000915527344,0.9205030160267506,0,,,,,0,0,0.0,-3729129.74970459,0.0,46270870.25029541,,,,
2022-12-28,1807.9000244140625,23.663000106811523,-0.37128187641044114,0,,,,,0,0,0.0,-3729129.74970459,0.0,46270870.25029541,,,,
2022-12-29,1819.5,24.077999114990234,0.6802550073549152,0,,,,,0,0,0.0,-3729129.74970459,0.0,46270870.25029541,,,,
2022-12-30,1819.699951171875,23.86199951171875,-0.3649664767825616,0,,,,,0,0,0.0,-3729129.74970459,0.0,46270870.25029541,,,,
2022-12-31,1819.699951171875,23.86199951171875,-0.3595107027809108,0,,,,,0,0,0.0,-3729129.74970459,0.0,46270870.25029541,,,,
2023-01-01,1819.699951171875,23.86199951171875,-0.36268259932934616,0,,,,,0,0,0.0,-3729129.74970459,0.0,46270870.25029541,,,,
2023-01-02,1819.699951171875,23.86199951171875,-0.3541537007609498,0,,,,,0,0,0.0,-3729129.74970459,0.0,46270870.25029541,,,,
2023-01-03,1839.699951171875,24.05900001525879,-0.8581082221648509,0,,,,,0,0,0.0,-3729129.74970459,0.0,46270870.25029541,,,,
2023-01-04,1852.800048828125,23.79199981689453,-2.4731609519617788,0,,,,,0,0,0.0,-3729129.74970459,0.0,46270870.25029541,,,,
2023-01-05,1834.800048828125,23.257999420166016,-2.661494658482521,0,,,,,0,0,0.0,-3729129.74970459,0.0,46270870.25029541,,,,
2023-01-06,1864.199951171875,23.82200050354004,-2.039538510972184,0,,,,,0,0,0.0,-3729129.74970459,0.0,46270870.25029541,,,,
2023-01-07,1864.199951171875,23.82200050354004,-1.7977049764270148,0,,,,,0,0,0.0,-3729129.74970459,0.0,46270870.25029541,,,,
2023-01-08,1864.199951171875,23.82200050354004,-1.6289696133974145,0,,,,,0,0,0.0,-3729129.74970459,0.0,46270870.25029541,,,,
2023-01-09,1872.699951171875,23.711999893188477,-1.8925117374230926,0,,,,,0,0,0.0,-3729129.74970459,0.0,46270870.25029541,,,,
2023-01-10,1871.5999755859375,23.506999969482422,-1.9470156345408327,0,,,,,0,0,0.0,-3729129.74970459,0.0,46270870.25029541,,,,
2023-01-11,1874.5999755859375,23.32699966430664,-2.008275171589003,0,,,,,0,0,0.0,-3729129.74970459,0.0,46270870.25029541,,,,
2023-01-12,1895.5,23.863000869750977,-1.4679128809303845,0,,,,,0,0,0.0,-3729129.74970459,0.0,46270870.25029541,,,,
2023-01-13,1918.4000244140625,24.231000900268555,-1.3196469547364311,0,,,,,0,0,0.0,-3729129.74970459,0.0,46270870.25029541,,,,
2023-01-14,1918.4000244140625,24.231000900268555,-1.195460246602079,0,,,,,0,0,0.0,-3729129.74970459,0.0,46270870.25029541,,,,
2023-01-15,1918.4000244140625,24.231000900268555,-1.089665613811537,0,,,,,0,0,0.0,-3729129.74970459,0.0,46270870.25029541,,,,
2023-01-16,1918.4000244140625,24.231000900268555,-0.9967969519068853,0,,,,,0,0,0.0,-3729129.74970459,0.0,46270870.25029541,,,,
2023-01-17,1907.199951171875,23.944000244140625,-1.0789088402688825,0,,,,,0,0,0.0,-3729129.74970459,0.0,46270870.25029541,,,,
2023-01-18,1904.4000244140625,23.530000686645508,-1.5992877218956663,0,,,,,0,0,0.0,-3729129.74970459,0.0,46270870.25029541,,,,
2023-01-19,1922.0999755859375,23.753999710083008,-1.5466209780650937,0,,,,,0,0,0.0,-3729129.74970459,0.0,46270870.25029541,,,,
2023-01-20,1926.4000244140625,23.829999923706055,-1.4111410569121714,0,,,,,0,0,0.0,-3729129.74970459,0.0,46270870.25029541,,,,
2023-01-21,1926.4000244140625,23.829999923706055,-1.323417392885487,0,,,,,0,0,0.0,-3729129.74970459,0.0,46270870.25029541,,,,
2023-01-22,1926.4000244140625,23.829999923706055,-1.278225509591481,0,,,,,0,0,0.0,-3729129.74970459,0.0,46270870.25029541,,,,
2023-01-23,1927.0999755859375,23.45199966430664,-2.03389865969748,0,,,,,0,0,0.0,-3729129.74970459,0.0,46270870.25029541,,,,
2023-01-24,1933.9000244140625,23.64900016784668,-1.6470557666543801,0,,,,,0,0,0.0,-3729129.74970459,0.0,46270870.25029541,,,,
2023-01-25,1941.199951171875,23.839000701904297,-1.3283988713723909,0,,,,,0,0,0.0,-3729129.74970459,0.0,46270870.25029541,,,,
2023-01-26,1929.0999755859375,23.93000030517578,-0.5866391214550535,0,,,,,0,0,0.0,-3729129.74970459,0.0,46270870.25029541,,,,
2023-01-27,1928.5999755859375,23.527000427246094,-1.440916386484526,0,,,,,0,0,0.0,-3729129.74970459,0.0,46270870.25029541,,,,
2023-01-28,1928.5999755859375,23.527000427246094,-1.3560989371265197,0,,,,,0,0,0.0,-3729129.74970459,0.0,46270870.25029541,,,,
2023-01-29,1928.5999755859375,23.527000427246094,-1.2461771457919664,0,,,,,0,0,0.0,-3729129.74970459,0.0,46270870.25029541,,,,
2023-01-30,1922.9000244140625,23.645000457763672,-0.5836927051479072,0,,,,,0,0,0.0,-3729129.74970459,0.0,46270870.25029541,,,,
2023-01-31,1929.5,23.74799919128418,-0.5299113231688728,0,,,,,0,0,0.0,-3729129.74970459,0.0,46270870.25029541,,,,
2023-02-01,1927.800048828125,23.520999908447266,-1.0176510145193285,0,,,,,0,0,0.0,-3729129.74970459,0.0,46270870.25029541,,,,
2023-02-02,1916.300048828125,23.534000396728516,-0.3442273222400491,0,,,,,0,0,0.0,-3729129.74970459,0.0,46270870.25029541,,,,
2023-02-03,1862.9000244140625,22.333999633789062,-1.3474988160909638,0,,,,,0,0,0.0,-3729129.74970459,0.0,46270870.25029541,,,,
2023-02-04,1862.9000244140625,22.333999633789062,-1.2830052074491327,0,,,,,0,0,0.0,-3729129.74970459,0.0,46270870.25029541,,,,
2023-02-05,1862.9000244140625,22.333999633789062,-1.2760655521844306,0,,,,,0,0,0.0,-3729129.74970459,0.0,46270870.25029541,,,,
2023-02-06,1866.199951171875,22.177000045776367,-2.1188545346445693,0,,,,,0,0,0.0,-3729129.74970459,0.0,46270870.25029541,,,,
2023-02-07,1871.699951171875,22.117000579833984,-2.308168992917847,0,,,,,0,0,0.0,-3729129.74970459,0.0,46270870.25029541,,,,
2023-02-08,1877.4000244140625,22.367000579833984,-1.4706998289862672,0,,,,,0,0,0.0,-3729129.74970459,0.0,46270870.25029541,,,,
2023-02-09,1866.199951171875,22.097000122070312,-1.6245270517146864,0,,,,,0,0,0.0,-3729129.74970459,0.0,46270870.25029541,,,,
2023-02-10,1862.800048828125,22.034000396728516,-1.4893987878240804,0,,,,,0,0,0.0,-3729129.74970459,0.0,46270870.25029541,,,,
2023-02-11,1862.800048828125,22.034000396728516,-1.3571417879435517,0,,,,,0,0,0.0,-3729129.74970459,0.0,46270870.25029541,,,,
2023-02-12,1862.800048828125,22.034000396728516,-1.227978894420688,0,,,,,0,0,0.0,-3729129.74970459,0.0,46270870.25029541,,,,
2023-02-13,1851.9000244140625,21.81800079345703,-1.2388403902260705,0,,,,,0,0,0.0,-3729129.74970459,0.0,46270870.25029541,,,,
2023-02-14,1854.0,21.841999053955078,-1.1479741982701623,0,,,,,0,0,0.0,-3729129.74970459,0.0,46270870.25029541,,,,
2023-02-15,1834.199951171875,21.54599952697754,-1.0060092419323254,0,,,,,0,0,0.0,-3729129.74970459,0.0,46270870.25029541,,,,
2023-02-16,1842.0,21.68400001525879,-0.8662377511969762,0,,,,,0,0,0.0,-3729129.74970459,0.0,46270870.25029541,,,,
2023-02-17,1840.4000244140625,21.694000244140625,-0.6528208989262337,0,,,,,0,0,0.0,-3729129.74970459,0.0,46270870.25029541,,,,
2023-02-18,1840.4000244140625,21.694000244140625,-0.5814652544916182,0,,,,,0,0,0.0,-3729129.74970459,0.0,46270870.25029541,,,,
2023-02-19,1840.4000244140625,21.694000244140625,-0.5079916284917207,0,,,,,0,0,0.0,-3729129.74970459,0.0,46270870.25029541,,,,
2023-02-20,1840.4000244140625,21.694000244140625,-0.43431075040406225,0,,,,,0,0,0.0,-3729129.74970459,0.0,46270870.25029541,,,,
2023-02-21,1833.0,21.868999481201172,1.20871664100033,0,,,,,0,0,0.0,-3729129.74970459,0.0,46270870.25029541,,,,
2023-02-22,1832.0,21.660999298095703,0.40541310381247675,0,,,,,0,0,0.0,-3729129.74970459,0.0,46270870.25029541,,,,
2023-02-23,1818.0,21.298999786376953,-0.594616419705008,0,,,,,0,0,0.0,-3729129.74970459,0.0,46270870.25029541,,,,
2023-02-24,1808.800048828125,20.805999755859375,-2.809956944443689,0,,,,,0,0,0.0,-3729129.74970459,0.0,46270870.25029541,,,,
2023-02-25,1808.800048828125,20.805999755859375,-2.4091372759692122,0,,,,,0,0,0.0,-3729129.74970459,0.0,46270870.25029541,,,,
2023-02-26,1808.800048828125,20.805999755859375,-2.0119302506655043,0,,,,,0,0,0.0,-3729129.74970459,0.0,46270870.25029541,,,,
2023-02-27,1817.0,20.670000076293945,-2.6973188101986105,0,,,,,0,0,0.0,-3729129.74970459,0.0,46270870.25029541,,,,
2023-02-28,1828.9000244140625,20.961000442504883,-1.8879030097339766,0,,,,,0,0,0.0,-3729129.74970459,0.0,46270870.25029541,,,,
2023-03-01,1837.699951171875,20.958999633789062,-2.073811424819057,0,,,,,0,0,0.0,-3729129.74970459,0.0,46270870.25029541,,,,
2023-03-02,1833.5,20.766000747680664,-2.099878482159608,0,,,,,0,0,0.0,-3729129.74970459,0.0,46270870.25029541,,,,
2023-03-03,1847.699951171875,21.093000411987305,-1.5535839433107113,0,,,,,0,0,0.0,-3729129.74970459,0.0,46270870.25029541,,,,
2023-03-04,1847.699951171875,21.093000411987305,-1.381213357829403,0,,,,,0,0,0.0,-3729129.74970459,0.0,46270870.25029541,,,,
2023-03-05,1847.699951171875,21.093000411987305,-1.2389376367185942,0,,,,,0,0,0.0,-3729129.74970459,0.0,46270870.25029541,,,,
2023-03-06,1847.9000244140625,20.983999252319336,-1.38900697628913,0,,,,,0,0,0.0,-3729129.74970459,0.0,46270870.25029541,,,,
2023-03-07,1813.9000244140625,20.054000854492188,-2.0394671923189183,0,,,,,0,0,0.0,-3729129.74970459,0.0,46270870.25029541,,,,
2023-03-08,1812.699951171875,20.0049991607666,-1.8136996688546139,0,,,,,0,0,0.0,-3729129.74970459,0.0,46270870.25029541,,,,
2023-03-09,1829.300048828125,20.024999618530273,-2.0033953408389276,0,,,,,0,0,0.0,-3729129.74970459,0.0,46270870.25029541,,,,
2023-03-10,1862.0,20.375,-2.0011958167352044,0,,,,,0,0,0.0,-3729129.74970459,0.0,46270870.25029541,,,,
2023-03-11,1862.0,20.375,-1.7452294915865145,0,,,,,0,0,0.0,-3729129.74970459,0.0,46270870.25029541,,,,
2023-03-12,1862.0,20.375,-1.5522849821518223,0,,,,,0,0,0.0,-3729129.74970459,0.0,46270870.25029541,,,,
2023-03-13,1911.699951171875,21.792999267578125,-0.4019768036325538,0,,,,,0,0,0.0,-3729129.74970459,0.0,46270870.25029541,,,,
2023-03-14,1906.199951171875,21.929000854492188,0.12867954981665766,0,,,,,0,0,0.0,-3729129.74970459,0.0,46270870.25029541,,,,
2023-03-15,1926.5999755859375,21.77400016784668,-0.8207233570451806,0,,,,,0,0,0.0,-3729129.74970459,0.0,46270870.25029541,,,,
2023-03-16,1919.0,21.58799934387207,-0.8770130286236557,0,,,,,0,0,0.0,-3729129.74970459,0.0,46270870.25029541,,,,
2023-03-17,1969.800048828125,22.35099983215332,-0.9156383112451466,0,,,,,0,0,0.0,-3729129.74970459,0.0,46270870.25029541,,,,
2023-03-18,1969.800048828125,22.35099983215332,-0.8371785432032165,0,,,,,0,0,0.0,-3729129.74970459,0.0,46270870.25029541,,,,
2023-03-19,1969.800048828125,22.35099983215332,-0.7542963249537605,0,,,,,0,0,0.0,-3729129.74970459,0.0,46270870.25029541,,,,
2023-03-20,1979.199951171875,22.533000946044922,-0.5969346740971688,0,,,,,0,0,0.0,-3729129.74970459,0.0,46270870.25029541,,,,
2023-03-21,1938.0,22.323999404907227,0.754396636462652,0,,,,,0,0,0.0,-3729129.74970459,0.0,46270870.25029541,,,,
2023-03-22,1946.800048828125,22.674999237060547,1.3379985311792513,0,,,,,0,0,0.0,-3729129.74970459,0.0,46270870.25029541,,,,
2023-03-23,1993.800048828125,23.143999099731445,0.5737163046877233,0,,,,,0,0,0.0,-3729129.74970459,0.0,46270870.25029541,,,,
2023-03-24,1982.0999755859375,23.246999740600586,1.4630076666863445,0,,,,,0,0,0.0,-3729129.74970459,0.0,46270870.25029541,,,,
2023-03-25,1982.0999755859375,23.246999740600586,1.4667566508692842,0,,,,,0,0,0.0,-3729129.74970459,0.0,46270870.25029541,,,,
2023-03-26,1982.0999755859375,23.246999740600586,1.4200781364213813,0,,,,,0,0,0.0,-3729129.74970459,0.0,46270870.25029541,,,,
2023-03-27,1952.4000244140625,23.054000854492188,1.9220382608095277,0,,,,,0,0,0.0,-3729129.74970459,0.0,46270870.25029541,,,,
2023-03-28,1972.4000244140625,23.323999404907227,1.5675762909498916,0,,,,,0,0,0.0,-3729129.74970459,0.0,46270870.25029541,,,,
2023-03-29,1966.0999755859375,23.375999450683594,1.6943072454386339,0,,,,,0,0,0.0,-3729129.74970459,0.0,46270870.25029541,,,,
2023-03-30,1980.300048828125,23.902000427246094,2.0407783172392873,0,,,,,0,0,0.0,-3729129.74970459,0.0,46270870.25029541,,,,
2023-03-31,1969.0,24.076000213623047,2.3182446860002126,0,,,,,0,0,0.0,-3729129.74970459,0.0,46270870.25029541,,,,
2023-04-01,1969.0,24.076000213623047,2.005136501176618,0,,,,,0,0,0.0,-3729129.74970459,0.0,46270870.25029541,,,,
2023-04-02,1969.0,24.076000213623047,1.7291234216394085,0,,,,,0,0,0.0,-3729129.74970459,0.0,46270870.25029541,,,,
2023-04-03,1983.9000244140625,23.94099998474121,1.0099368208102077,0,,,,,0,0,0.0,-3729129.74970459,0.0,46270870.25029541,,,,
2023-04-04,2022.199951171875,25.02199935913086,1.5585891910391505,0,,,,,0,0,0.0,-3729129.74970459,0.0,46270870.25029541,,,,
2023-04-05,2020.9000244140625,24.96299934387207,1.3488534864855248,0,,,,,0,0,0.0,-3729129.74970459,0.0,46270870.25029541,,,,
2023-04-06,2011.9000244140625,25.024999618530273,1.5007406368199796,0,,,,,0,0,0.0,-3729129.74970459,0.0,46270870.25029541,,,,
2023-04-07,2011.9000244140625,25.024999618530273,1.3704959255828335,0,,,,,0,0,0.0,-3729129.74970459,0.0,46270870.25029541,,,,
2023-04-08,2011.9000244140625,25.024999618530273,1.2698923347571043,0,,,,,0,0,0.0,-3729129.74970459,0.0,46270870.25029541,,,,
2023-04-09,2011.9000244140625,25.024999618530273,1.1944060390465412,0,,,,,0,0,0.0,-3729129.74970459,0.0,46270870.25029541,,,,
2023-04-10,1989.0999755859375,24.84600067138672,1.3811082800055665,0,,,,,0,0,0.0,-3729129.74970459,0.0,46270870.25029541,,,,
2023-04-11,2004.800048828125,25.131000518798828,1.2980692585563234,0,,,,,0,0,0.0,-3729129.74970459,0.0,46270870.25029541,,,,
2023-04-12,2010.9000244140625,25.40399932861328,1.4898213250964791,0,,,,,0,0,0.0,-3729129.74970459,0.0,46270870.25029541,,,,
2023-04-13,2041.300048828125,25.874000549316406,1.334184247125535,0,,,,,0,0,0.0,-3729129.74970459,0.0,46270870.25029541,,,,
2023-04-14,2002.199951171875,25.423999786376953,1.5353713260398385,0,,,,,0,0,0.0,-3729129.74970459,0.0,46270870.25029541,,,,
2023-04-15,2002.199951171875,25.423999786376953,1.449029949802674,0,,,,,0,0,0.0,-3729129.74970459,0.0,46270870.25029541,,,,
2023-04-16,2002.199951171875,25.423999786376953,1.3424334938803872,0,,,,,0,0,0.0,-3729129.74970459,0.0,46270870.25029541,,,,
2023-04-17,1994.199951171875,25.05299949645996,0.7706108984169363,0,,,,,0,0,0.0,-3729129.74970459,0.0,46270870.25029541,,,,
2023-04-18,2007.4000244140625,25.24799919128418,0.6711160089244603,0,,,,,0,0,0.0,-3729129.74970459,0.0,46270870.25029541,,,,
2023-04-19,1995.199951171875,25.365999221801758,1.432160164806364,0,,,,,0,0,0.0,-3729129.74970459,0.0,46270870.25029541,,,,
2023-04-20,2007.5999755859375,25.368000030517578,0.777424182817412,0,,,,,0,0,0.0,-3729129.74970459,0.0,46270870.25029541,,,,
2023-04-21,1979.5,25.05299949645996,1.069626070689326,0,,,,,0,0,0.0,-3729129.74970459,0.0,46270870.25029541,,,,
2023-04-22,1979.5,25.05299949645996,0.973114128813523,0,,,,,0,0,0.0,-3729129.74970459,0.0,46270870.25029541,,,,
2023-04-23,1979.5,25.05299949645996,0.9796459435697775,0,,,,,0,0,0.0,-3729129.74970459,0.0,46270870.25029541,,,,
2023-04-24,1989.0999755859375,25.305999755859375,1.248202109265232,0,,,,,0,0,0.0,-3729129.74970459,0.0,46270870.25029541,,,,
2023-04-25,1994.0,24.87700080871582,-0.9010244721285297,0,,,,,0,0,0.0,-3729129.74970459,0.0,46270870.25029541,,,,
2023-04-26,1985.699951171875,24.871000289916992,-0.426802457176761,0,,,,,0,0,0.0,-3729129.74970459,0.0,46270870.25029541,,,,
2023-04-27,1989.9000244140625,24.982999801635742,-0.31694116021641094,0,,,,,0,0,0.0,-3729129.74970459,0.0,46270870.25029541,,,,
2023-04-28,1990.0999755859375,24.999000549316406,-0.37223846472738875,0,,,,,0,0,0.0,-3729129.74970459,0.0,46270870.25029541,,,,
2023-04-29,1990.0999755859375,24.999000549316406,-0.5379360194573873,0,,,,,0,0,0.0,-3729129.74970459,0.0,46270870.25029541,,,,
2023-04-30,1990.0999755859375,24.999000549316406,-0.6125355210406697,0,,,,,0,0,0.0,-3729129.74970459,0.0,46270870.25029541,,,,
2023-05-01,1983.4000244140625,25.009000778198242,0.1269633610398049,0,,,,,0,0,0.0,-3729129.74970459,0.0,46270870.25029541,,,,
2023-05-02,2014.300048828125,25.40399932861328,-0.5860687591481424,0,,,,,0,0,0.0,-3729129.74970459,0.0,46270870.25029541,,,,
2023-05-03,2028.5999755859375,25.47599983215332,-1.5422506053321012,0,,,,,0,0,0.0,-3729129.74970459,0.0,46270870.25029541,,,,
2023-05-04,2048.0,26.03499984741211,0.16033284326007335,0,,,,,0,0,0.0,-3729129.74970459,0.0,46270870.25029541,,,,
2023-05-05,2017.4000244140625,25.743000030517578,1.4620313086835592,0,,,,,0,0,0.0,-3729129.74970459,0.0,46270870.25029541,,,,
2023-05-06,2017.4000244140625,25.743000030517578,1.3941589643647396,0,,,,,0,0,0.0,-3729129.74970459,0.0,46270870.25029541,,,,
2023-05-07,2017.4000244140625,25.743000030517578,1.2495191382167439,0,,,,,0,0,0.0,-3729129.74970459,0.0,46270870.25029541,,,,
2023-05-08,2026.300048828125,25.63599967956543,-0.3440015481904711,0,,,,,0,0,0.0,-3729129.74970459,0.0,46270870.25029541,,,,
2023-05-09,2036.199951171875,25.697999954223633,-0.8695830631729285,0,,,,,0,0,0.0,-3729129.74970459,0.0,46270870.25029541,,,,
2023-05-10,2030.5,25.461000442504883,-1.5917577421357785,0,,,,,0,0,0.0,-3729129.74970459,0.0,46270870.25029541,,,,
2023-05-11,2014.699951171875,24.2549991607666,-3.6341775195965567,0,,,,,0,0,0.0,-3729129.74970459,0.0,46270870.25029541,,,,
2023-05-12,2014.5,23.992000579833984,-3.0055633565972246,0,,,,,0,0,0.0,-3729129.74970459,0.0,46270870.25029541,,,,
2023-05-13,2014.5,23.992000579833984,-2.3710181806422206,0,,,,,0,0,0.0,-3729129.74970459,0.0,46270870.25029541,,,,
2023-05-14,2014.5,23.992000579833984,-1.9944942436025872,0,,,,,0,0,0.0,-3729129.74970459,0.0,46270870.25029541,,,,
2023-05-15,2018.0,24.12700080871582,-1.6277507751213283,0,,,,,0,0,0.0,-3729129.74970459,0.0,46270870.25029541,,,,
2023-05-16,1988.4000244140625,23.73699951171875,-1.3325635515993577,0,,,,,0,0,0.0,-3729129.74970459,0.0,46270870.25029541,,,,
2023-05-17,1980.699951171875,23.75200080871582,-1.0179052739278966,0,,,,,0,0,0.0,-3729129.74970459,0.0,46270870.25029541,,,,
2023-05-18,1956.5,23.4950008392334,-0.746953192227033,0,,,,,0,0,0.0,-3729129.74970459,0.0,46270870.25029541,,,,
2023-05-19,1978.699951171875,23.920000076293945,-0.5829066246744408,0,,,,,0,0,0.0,-3729129.74970459,0.0,46270870.25029541,,,,
2023-05-20,1978.699951171875,23.920000076293945,-0.5208598924961187,0,,,,,0,0,0.0,-3729129.74970459,0.0,46270870.25029541,,,,
2023-05-21,1978.699951171875,23.920000076293945,-0.45537814315547953,0,,,,,0,0,0.0,-3729129.74970459,0.0,46270870.25029541,,,,
2023-05-22,1974.800048828125,23.71500015258789,-0.6001952497821451,0,,,,,0,0,0.0,-3729129.74970459,0.0,46270870.25029541,,,,
2023-05-23,1972.4000244140625,23.474000930786133,-0.8259637770750431,0,,,,,0,0,0.0,-3729129.74970459,0.0,46270870.25029541,,,,
2023-05-24,1962.800048828125,23.114999771118164,-1.0362038662939614,0,,,,,0,0,0.0,-3729129.74970459,0.0,46270870.25029541,,,,
2023-05-25,1943.0999755859375,22.785999298095703,-0.9741573050560859,0,,,,,0,0,0.0,-3729129.74970459,0.0,46270870.25029541,,,,
2023-05-26,1944.0999755859375,23.239999771118164,-0.1559652319670237,0,,,,,0,0,0.0,-3729129.74970459,0.0,46270870.25029541,,,,
2023-05-27,1944.0999755859375,23.239999771118164,-0.03887805789680466,0,,,,,0,0,0.0,-3729129.74970459,0.0,46270870.25029541,,,,
2023-05-28,1944.0999755859375,23.239999771118164,0.09632065420679255,0,,,,,0,0,0.0,-3729129.74970459,0.0,46270870.25029541,,,,
2023-05-29,1944.0999755859375,23.239999771118164,0.29215668586174187,0,,,,,0,0,0.0,-3729129.74970459,0.0,46270870.25029541,,,,
2023-05-30,1958.0,23.125,-0.9718059773457404,0,,,,,0,0,0.0,-3729129.74970459,0.0,46270870.25029541,,,,
2023-05-31,1963.9000244140625,23.474000930786133,0.28495410221582074,0,,,,,0,0,0.0,-3729129.74970459,0.0,46270870.25029541,,,,
2023-06-01,1978.0,23.875,1.0444380230781651,0,,,,,0,0,0.0,-3729129.74970459,0.0,46270870.25029541,,,,
2023-06-02,1952.4000244140625,23.64299964904785,1.7159802218584903,0,,,,,0,0,0.0,-3729129.74970459,0.0,46270870.25029541,,,,
2023-06-03,1952.4000244140625,23.64299964904785,1.5417570195944372,0,,,,,0,0,0.0,-3729129.74970459,0.0,46270870.25029541,,,,
2023-06-04,1952.4000244140625,23.64299964904785,1.3837399580960295,0,,,,,0,0,0.0,-3729129.74970459,0.0,46270870.25029541,,,,
2023-06-05,1958.0,23.534000396728516,0.3874451127718355,0,,,,,0,0,0.0,-3729129.74970459,0.0,46270870.25029541,,,,
2023-06-06,1965.5,23.573999404907227,-0.014817845423921972,0,,,,,0,0,0.0,-3729129.74970459,0.0,46270870.25029541,,,,
2023-06-07,1942.699951171875,23.43899917602539,1.029587285257073,0,,,,,0,0,0.0,-3729129.74970459,0.0,46270870.25029541,,,,
2023-06-08,1963.5999755859375,24.263999938964844,2.559309198346017,0,,,,,0,0,0.0,-3729129.74970459,0.0,46270870.25029541,,,,
2023-06-09,1962.199951171875,24.333999633789062,2.3316283997319625,0,,,,,0,0,0.0,-3729129.74970459,0.0,46270870.25029541,,,,
2023-06-10,1962.199951171875,24.333999633789062,1.9721038816985006,0,,,,,0,0,0.0,-3729129.74970459,0.0,46270870.25029541,,,,
2023-06-11,1962.199951171875,24.333999633789062,1.7059059261896756,0,,,,,0,0,0.0,-3729129.74970459,0.0,46270870.25029541,,,,
2023-06-12,1955.300048828125,23.985000610351562,0.9892704361931007,0,,,,,0,0,0.0,-3729129.74970459,0.0,46270870.25029541,,,,
2023-06-13,1944.5999755859375,23.756000518798828,0.764610099816182,0,,,,,0,0,0.0,-3729129.74970459,0.0,46270870.25029541,,,,
2023-06-14,1955.300048828125,24.04400062561035,1.0023340859935428,0,,,,,0,0,0.0,-3729129.74970459,0.0,46270870.25029541,,,,
2023-06-15,1957.800048828125,23.891000747680664,0.38433497182401927,0,,,,,0,0,0.0,-3729129.74970459,0.0,46270870.25029541,,,,
2023-06-16,1958.4000244140625,24.076000213623047,0.8143457844416441,0,,,,,0,0,0.0,-3729129.74970459,0.0,46270870.25029541,,,,
2023-06-17,1958.4000244140625,24.076000213623047,0.7335550142313685,0,,,,,0,0,0.0,-3729129.74970459,0.0,46270870.25029541,,,,
2023-06-18,1958.4000244140625,24.076000213623047,0.656730822365385,0,,,,,0,0,0.0,-3729129.74970459,0.0,46270870.25029541,,,,
2023-06-19,1958.4000244140625,24.076000213623047,0.5960077765175742,0,,,,,0,0,0.0,-3729129.74970459,0.0,46270870.25029541,,,,
2023-06-20,1935.5,23.19300079345703,-1.3347904164300186,0,,,,,0,0,0.0,-3729129.74970459,0.0,46270870.25029541,,,,
2023-06-21,1933.300048828125,22.77400016784668,-2.365521186840796,0,,,,,0,0,0.0,-3729129.74970459,0.0,46270870.25029541,,,,
2023-06-22,1912.699951171875,22.43600082397461,-2.0304827458019803,0,,,,,0,0,0.0,-3729129.74970459,0.0,46270870.25029541,,,,
2023-06-23,1919.0999755859375,22.327999114990234,-2.18033063480006,0,,,,,0,0,0.0,-3729129.74970459,0.0,46270870.25029541,,,,
2023-06-24,1919.0999755859375,22.327999114990234,-1.8722763877755293,0,,,,,0,0,0.0,-3729129.74970459,0.0,46270870.25029541,,,,
2023-06-25,1919.0999755859375,22.327999114990234,-1.675412841635307,0,,,,,0,0,0.0,-3729129.74970459,0.0,46270870.25029541,,,,
2023-06-26,1923.699951171875,22.80500030517578,-0.8176480102137724,0,,,,,0,0,0.0,-3729129.74970459,0.0,46270870.25029541,,,,
2023-06-27,1914.0,22.93899917602539,-0.21272896543836559,0,,,,,0,0,0.0,-3729129.74970459,0.0,46270870.25029541,,,,
2023-06-28,1912.300048828125,22.868000030517578,-0.24897778543168186,0,,,,,0,0,0.0,-3729129.74970459,0.0,46270870.25029541,,,,
2023-06-29,1909.199951171875,22.590999603271484,-0.6516278146865024,0,,,,,0,0,0.0,-3729129.74970459,0.0,46270870.25029541,,,,
2023-06-30,1921.0999755859375,22.809999465942383,-0.5185233819200101,0,,,,,0,0,0.0,-3729129.74970459,0.0,46270870.25029541,,,,
2023-07-01,1921.0999755859375,22.809999465942383,-0.44473958273014585,0,,,,,0,0,0.0,-3729129.74970459,0.0,46270870.25029541,,,,
2023-07-02,1921.0999755859375,22.809999465942383,-0.3804509944551191,0,,,,,0,0,0.0,-3729129.74970459,0.0,46270870.25029541,,,,
2023-07-03,1921.699951171875,22.895999908447266,-0.13707462260005718,0,,,,,0,0,0.0,-3729129.74970459,0.0,46270870.25029541,,,,
2023-07-04,1921.699951171875,22.895999908447266,-0.06403568288157903,0,,,,,0,0,0.0,-3729129.74970459,0.0,46270870.25029541,,,,
2023-07-05,1919.5999755859375,23.19700050354004,0.8488049103696365,0,,,,,0,0,0.0,-3729129.74970459,0.0,46270870.25029541,,,,
2023-07-06,1908.699951171875,22.68600082397461,0.02485151473735232,0,,,,,0,0,0.0,-3729129.74970459,0.0,46270870.25029541,,,,
2023-07-07,1926.199951171875,23.091999053955078,0.49231580674218983,0,,,,,0,0,0.0,-3729129.74970459,0.0,46270870.25029541,,,,
2023-07-08,1926.199951171875,23.091999053955078,0.6304255326238972,0,,,,,0,0,0.0,-3729129.74970459,0.0,46270870.25029541,,,,
2023-07-09,1926.199951171875,23.091999053955078,0.8257447917372551,0,,,,,0,0,0.0,-3729129.74970459,0.0,46270870.25029541,,,,
2023-07-10,1925.0,23.150999069213867,1.0927324040433601,0,,,,,0,0,0.0,-3729129.74970459,0.0,46270870.25029541,,,,
2023-07-11,1931.300048828125,23.086000442504883,0.371246925749707,0,,,,,0,0,0.0,-3729129.74970459,0.0,46270870.25029541,,,,
2023-07-12,1956.199951171875,24.118999481201172,2.3532777741090176,0,,,,,0,0,0.0,-3729129.74970459,0.0,46270870.25029541,,,,
2023-07-13,1959.199951171875,24.76799964904785,3.112077254239247,0,,,,,0,0,0.0,-3729129.74970459,0.0,46270870.25029541,,,,
2023-07-14,1960.0999755859375,25.013999938964844,2.802063610788983,0,,,,,0,0,0.0,-3729129.74970459,0.0,46270870.25029541,,,,
2023-07-15,1960.0999755859375,25.013999938964844,2.3190472006114966,0,,,,,0,0,0.0,-3729129.74970459,0.0,46270870.25029541,,,,
2023-07-16,1960.0999755859375,25.013999938964844,1.954692143270917,0,,,,,0,0,0.0,-3729129.74970459,0.0,46270870.25029541,,,,
2023-07-17,1952.4000244140625,24.8439998626709,1.6338190439225804,0,,,,,0,0,0.0,-3729129.74970459,0.0,46270870.25029541,,,,
2023-07-18,1977.199951171875,25.083999633789062,1.238939173065813,0,,,,,0,0,0.0,-3729129.74970459,0.0,46270870.25029541,,,,
2023-07-19,1977.5,25.2189998626709,1.2893432048866982,0,,,,,0,0,0.0,-3729129.74970459,0.0,46270870.25029541,,,,
2023-07-20,1968.300048828125,24.80500030517578,0.8039896754124319,0,,,,,0,0,0.0,-3729129.74970459,0.0,46270870.25029541,,,,
2023-07-21,1964.300048828125,24.697999954223633,0.6624144313862843,0,,,,,0,0,0.0,-3729129.74970459,0.0,46270870.25029541,,,,
2023-07-22,1964.300048828125,24.697999954223633,0.5879417962080566,0,,,,,0,0,0.0,-3729129.74970459,0.0,46270870.25029541,,,,
2023-07-23,1964.300048828125,24.697999954223633,0.516010901672544,0,,,,,0,0,0.0,-3729129.74970459,0.0,46270870.25029541,,,,
2023-07-24,1960.300048828125,24.43600082397461,0.12106565744942822,0,,,,,0,0,0.0,-3729129.74970459,0.0,46270870.25029541,,,,
2023-07-25,1962.0999755859375,24.68000030517578,0.43148241099457557,0,,,,,0,0,0.0,-3729129.74970459,0.0,46270870.25029541,,,,
2023-07-26,1968.9000244140625,24.825000762939453,0.41879364000386793,0,,,,,0,0,0.0,-3729129.74970459,0.0,46270870.25029541,,,,
2023-07-27,1945.4000244140625,24.236000061035156,-0.062181333851863,0,,,,,0,0,0.0,-3729129.74970459,0.0,46270870.25029541,,,,
2023-07-28,1960.4000244140625,24.3700008392334,-0.3861052370444019,0,,,,,0,0,0.0,-3729129.74970459,0.0,46270870.25029541,,,,
2023-07-29,1960.4000244140625,24.3700008392334,-0.5248262935090384,0,,,,,0,0,0.0,-3729129.74970459,0.0,46270870.25029541,,,,
2023-07-30,1960.4000244140625,24.3700008392334,-0.6921163006396905,0,,,,,0,0,0.0,-3729129.74970459,0.0,46270870.25029541,,,,
2023-07-31,1970.5,24.854000091552734,0.08667109529681868,0,,,,,0,0,0.0,-3729129.74970459,0.0,46270870.25029541,,,,
2023-08-01,1940.699951171875,24.20800018310547,-0.7263030314807336,0,,,,,0,0,0.0,-3729129.74970459,0.0,46270870.25029541,,,,
2023-08-02,1937.4000244140625,23.753999710083008,-2.0807819073984657,0,,,,,0,0,0.0,-3729129.74970459,0.0,46270870.25029541,,,,
2023-08-03,1932.0,23.586000442504883,-2.0531946689351406,0,,,,,0,0,0.0,-3729129.74970459,0.0,46270870.25029541,,,,
2023-08-04,1939.5999755859375,23.617000579833984,-2.052852971026137,0,,,,,0,0,0.0,-3729129.74970459,0.0,46270870.25029541,,,,
2023-08-05,1939.5999755859375,23.617000579833984,-1.8232103986447834,0,,,,,0,0,0.0,-3729129.74970459,0.0,46270870.25029541,,,,
2023-08-06,1939.5999755859375,23.617000579833984,-1.6425088770482639,0,,,,,0,0,0.0,-3729129.74970459,0.0,46270870.25029541,,,,
2023-08-07,1933.5,23.142000198364258,-2.339653459819161,0,,,,,0,0,0.0,-3729129.74970459,0.0,46270870.25029541,,,,
2023-08-08,1924.0999755859375,22.716999053955078,-2.518273919223329,0,,,,,0,0,0.0,-3729129.74970459,0.0,46270870.25029541,,,,
2023-08-09,1915.4000244140625,22.649999618530273,-1.9721807064875307,0,,,,,0,0,0.0,-3729129.74970459,0.0,46270870.25029541,,,,
2023-08-10,1914.4000244140625,22.746000289916992,-1.5158344798670937,0,,,,,0,0,0.0,-3729129.74970459,0.0,46270870.25029541,,,,
2023-08-11,1912.9000244140625,22.673999786376953,-1.4412169907400498,0,,,,,0,0,0.0,-3729129.74970459,0.0,46270870.25029541,,,,
2023-08-12,1912.9000244140625,22.673999786376953,-1.295308931101351,0,,,,,0,0,0.0,-3729129.74970459,0.0,46270870.25029541,,,,
2023-08-13,1912.9000244140625,22.673999786376953,-1.1656450228241075,0,,,,,0,0,0.0,-3729129.74970459,0.0,46270870.25029541,,,,
2023-08-14,1910.5999755859375,22.643999099731445,-1.0475261090911094,0,,,,,0,0,0.0,-3729129.74970459,0.0,46270870.25029541,,,,
2023-08-15,1902.5,22.594999313354492,-0.7986862730350842,0,,,,,0,0,0.0,-3729129.74970459,0.0,46270870.25029541,,,,
2023-08-16,1896.0999755859375,22.479999542236328,-0.743184673746941,0,,,,,0,0,0.0,-3729129.74970459,0.0,46270870.25029541,,,,
2023-08-17,1884.0999755859375,22.670000076293945,0.17966200764525914,0,,,,,0,0,0.0,-3729129.74970459,0.0,46270870.25029541,,,,
2023-08-18,1886.0999755859375,22.69499969482422,0.2295970792610842,0,,,,,0,0,0.0,-3729129.74970459,0.0,46270870.25029541,,,,
2023-08-19,1886.0999755859375,22.69499969482422,0.3050333633196389,0,,,,,0,0,0.0,-3729129.74970459,0.0,46270870.25029541,,,,
2023-08-20,1886.0999755859375,22.69499969482422,0.4910771198949657,0,,,,,0,0,0.0,-3729129.74970459,0.0,46270870.25029541,,,,
2023-08-21,1893.300048828125,23.304000854492188,2.16695565426402,0,,,,,0,0,0.0,-3729129.74970459,0.0,46270870.25029541,,,,
2023-08-22,1896.4000244140625,23.420000076293945,2.1231922631546327,0,,,,,0,0,0.0,-3729129.74970459,0.0,46270870.25029541,,,,
2023-08-23,1918.5,24.363000869750977,2.842346679528223,0,,,,,0,0,0.0,-3729129.74970459,0.0,46270870.25029541,,,,
2023-08-24,1918.199951171875,24.211000442504883,2.09518242615131,0,,,,,0,0,0.0,-3729129.74970459,0.0,46270870.25029541,,,,
2023-08-25,1911.0999755859375,24.219999313354492,1.9801144425764325,0,,,,,0,0,0.0,-3729129.74970459,0.0,46270870.25029541,,,,
2023-08-26,1911.0999755859375,24.219999313354492,1.7245672035276018,0,,,,,0,0,0.0,-3729129.74970459,0.0,46270870.25029541,,,,
2023-08-27,1911.0999755859375,24.219999313354492,1.517446524814424,0,,,,,0,0,0.0,-3729129.74970459,0.0,46270870.25029541,,,,
2023-08-28,1917.9000244140625,24.238000869750977,1.2416767713055248,0,,,,,0,0,0.0,-3729129.74970459,0.0,46270870.25029541,,,,
2023-08-29,1936.5,24.777000427246094,1.43048922128141,0,,,,,0,0,0.0,-3729129.74970459,0.0,46270870.25029541,,,,
2023-08-30,1944.300048828125,24.733999252319336,1.0699513152977242,0,,,,,0,0,0.0,-3729129.74970459,0.0,46270870.25029541,,,,
2023-08-31,1938.199951171875,24.472000122070312,0.7476386231496033,0,,,,,0,0,0.0,-3729129.74970459,0.0,46270870.25029541,,,,
2023-09-01,1939.800048828125,24.23200035095215,0.27740839211662927,0,,,,,0,0,0.0,-3729129.74970459,0.0,46270870.25029541,,,,
2023-09-02,1939.800048828125,24.23200035095215,0.20124385929588287,0,,,,,0,0,0.0,-3729129.74970459,0.0,46270870.25029541,,,,
2023-09-03,1939.800048828125,24.23200035095215,0.11638945438441481,0,,,,,0,0,0.0,-3729129.74970459,0.0,46270870.25029541,,,,
2023-09-04,1939.800048828125,24.23200035095215,0.023239685125324323,0,,,,,0,0,0.0,-3729129.74970459,0.0,46270870.25029541,,,,
2023-09-05,1926.199951171875,23.558000564575195,-1.068890647655038,0,,,,,0,0,0.0,-3729129.74970459,0.0,46270870.25029541,,,,
2023-09-06,1918.0999755859375,23.20599937438965,-1.5650857007588581,0,,,,,0,0,0.0,-3729129.74970459,0.0,46270870.25029541,,,,
2023-09-07,1917.5,22.950000762939453,-1.987217526763714,0,,,,,0,0,0.0,-3729129.74970459,0.0,46270870.25029541,,,,
2023-09-08,1918.4000244140625,22.892000198364258,-1.9834755390428125,0,,,,,0,0,0.0,-3729129.74970459,0.0,46270870.25029541,,,,
2023-09-09,1918.4000244140625,22.892000198364258,-1.8499103119267615,0,,,,,0,0,0.0,-3729129.74970459,0.0,46270870.25029541,,,,
2023-09-10,1918.4000244140625,22.892000198364258,-1.6387826451977308,0,,,,,0,0,0.0,-3729129.74970459,0.0,46270870.25029541,,,,
2023-09-11,1923.300048828125,23.10300064086914,-1.2774128472418878,0,,,,,0,0,0.0,-3729129.74970459,0.0,46270870.25029541,,,,
2023-09-12,1911.300048828125,23.12700080871582,-0.8240044270543817,0,,,,,0,0,0.0,-3729129.74970459,0.0,46270870.25029541,,,,
2023-09-13,1909.0999755859375,22.91200065612793,-1.0205054516949956,0,,,,,0,0,0.0,-3729129.74970459,0.0,46270870.25029541,,,,
2023-09-14,1910.0,22.74799919128418,-1.1925029314879674,0,,,,,0,0,0.0,-3729129.74970459,0.0,46270870.25029541,,,,
2023-09-15,1923.699951171875,23.125999450683594,-0.8407579216526777,0,,,,,0,0,0.0,-3729129.74970459,0.0,46270870.25029541,,,,
2023-09-16,1923.699951171875,23.125999450683594,-0.7591589232291075,0,,,,,0,0,0.0,-3729129.74970459,0.0,46270870.25029541,,,,
2023-09-17,1923.699951171875,23.125999450683594,-0.6807464486048407,0,,,,,0,0,0.0,-3729129.74970459,0.0,46270870.25029541,,,,
2023-09-18,1931.5,23.23200035095215,-0.6512915944051122,0,,,,,0,0,0.0,-3729129.74970459,0.0,46270870.25029541,,,,
2023-09-19,1932.0,23.194000244140625,-0.6849791240179111,0,,,,,0,0,0.0,-3729129.74970459,0.0,46270870.25029541,,,,
2023-09-20,1945.5999755859375,23.57900047302246,-0.19945826382698784,0,,,,,0,0,0.0,-3729129.74970459,0.0,46270870.25029541,,,,
2023-09-21,1919.199951171875,23.444000244140625,0.704656127323799,0,,,,,0,0,0.0,-3729129.74970459,0.0,46270870.25029541,,,,
2023-09-22,1925.4000244140625,23.59600067138672,1.018739417701938,0,,,,,0,0,0.0,-3729129.74970459,0.0,46270870.25029541,,,,
2023-09-23,1925.4000244140625,23.59600067138672,1.2435464493790047,0,,,,,0,0,0.0,-3729129.74970459,0.0,46270870.25029541,,,,
2023-09-24,1925.4000244140625,23.59600067138672,1.6069963832582705,0,,,,,0,0,0.0,-3729129.74970459,0.0,46270870.25029541,,,,
2023-09-25,1916.5999755859375,23.145000457763672,0.2655699254800479,0,,,,,0,0,0.0,-3729129.74970459,0.0,46270870.25029541,,,,
2023-09-26,1900.4000244140625,22.950000762939453,0.572464569749368,0,,,,,0,0,0.0,-3729129.74970459,0.0,46270870.25029541,,,,
2023-09-27,1871.5999755859375,22.476999282836914,0.4661156382373007,0,,,,,0,0,0.0,-3729129.74970459,0.0,46270870.25029541,,,,
2023-09-28,1860.4000244140625,22.514999389648438,1.3681691957192215,0,,,,,0,0,0.0,-3729129.74970459,0.0,46270870.25029541,,,,
2023-09-29,1848.0999755859375,22.236000061035156,0.8896185299402902,0,,,,,0,0,0.0,-3729129.74970459,0.0,46270870.25029541,,,,
2023-09-30,1848.0999755859375,22.236000061035156,0.8067504562826238,0,,,,,0,0,0.0,-3729129.74970459,0.0,46270870.25029541,,,,
2023-10-01,1848.0999755859375,22.236000061035156,0.7267818880887735,0,,,,,0,0,0.0,-3729129.74970459,0.0,46270870.25029541,,,,
2023-10-02,1830.0,21.218000411987305,-2.3801921263440184,0,,,,,0,0,0.0,-3729129.74970459,0.0,46270870.25029541,,,,
2023-10-03,1824.5999755859375,21.17799949645996,-1.8961760869254063,0,,,,,0,0,0.0,-3729129.74970459,0.0,46270870.25029541,,,,
2023-10-04,1818.5,20.95599937438965,-2.090054366373969,0,,,,,0,0,0.0,-3729129.74970459,0.0,46270870.25029541,,,,
2023-10-05,1816.5999755859375,20.847999572753906,-2.0053351390692997,0,,,,,0,0,0.0,-3729129.74970459,0.0,46270870.25029541,,,,
2023-10-06,1830.199951171875,21.540000915527344,-0.5253088480016507,0,,,,,0,0,0.0,-3729129.74970459,0.0,46270870.25029541,,,,
2023-10-07,1830.199951171875,21.540000915527344,-0.509989141396238,0,,,,,0,0,0.0,-3729129.74970459,0.0,46270870.25029541,,,,
2023-10-08,1830.199951171875,21.540000915527344,-0.4983122255155421,0,,,,,0,0,0.0,-3729129.74970459,0.0,46270870.25029541,,,,
2023-10-09,1849.5,21.740999221801758,-0.8024492835274863,0,,,,,0,0,0.0,-3729129.74970459,0.0,46270870.25029541,,,,
2023-10-10,1861.0,21.775999069213867,-1.1436797674251553,0,,,,,0,0,0.0,-3729129.74970459,0.0,46270870.25029541,,,,
2023-10-11,1872.800048828125,21.957000732421875,-1.0567908928793273,0,,,,,0,0,0.0,-3729129.74970459,0.0,46270870.25029541,,,,
2023-10-12,1869.300048828125,21.79199981689453,-1.239777792716334,0,,,,,0,0,0.0,-3729129.74970459,0.0,46270870.25029541,,,,
2023-10-13,1927.4000244140625,22.726999282836914,-1.1278117726485115,0,,,,,0,0,0.0,-3729129.74970459,0.0,46270870.25029541,,,,
2023-10-14,1927.4000244140625,22.726999282836914,-1.0338649879061517,0,,,,,0,0,0.0,-3729129.74970459,0.0,46270870.25029541,,,,
2023-10-15,1927.4000244140625,22.726999282836914,-0.9359815546582839,0,,,,,0,0,0.0,-3729129.74970459,0.0,46270870.25029541,,,,
2023-10-16,1921.0999755859375,22.610000610351562,-0.8897935367085451,0,,,,,0,0,0.0,-3729129.74970459,0.0,46270870.25029541,,,,
2023-10-17,1922.699951171875,22.863000869750977,-0.13421524254041786,0,,,,,0,0,0.0,-3729129.74970459,0.0,46270870.25029541,,,,
2023-10-18,1955.300048828125,22.944000244140625,-1.4417301665547617,0,,,,,0,0,0.0,-3729129.74970459,0.0,46270870.25029541,,,,
2023-10-19,1968.4000244140625,22.886999130249023,-2.084378319732413,0,,,,,0,0,0.0,-3729129.74970459,0.0,46270870.25029541,,,,
2023-10-20,1982.5,23.35099983215332,-1.2519640112432244,0,,,,,0,0,0.0,-3729129.74970459,0.0,46270870.25029541,,,,
2023-10-21,1982.5,23.35099983215332,-1.2668425194096744,0,,,,,0,0,0.0,-3729129.74970459,0.0,46270870.25029541,,,,
2023-10-22,1982.5,23.35099983215332,-1.15310298564453,0,,,,,0,0,0.0,-3729129.74970459,0.0,46270870.25029541,,,,
2023-10-23,1976.300048828125,23.07200050354004,-1.6528047869291767,0,,,,,0,0,0.0,-3729129.74970459,0.0,46270870.25029541,,,,
2023-10-24,1975.0,22.979999542236328,-1.6822721757749068,0,,,,,0,0,0.0,-3729129.74970459,0.0,46270870.25029541,,,,
2023-10-25,1984.0999755859375,22.87700080871582,-2.1229221152914435,0,,,,,0,0,0.0,-3729129.74970459,0.0,46270870.25029541,,,,
2023-10-26,1987.199951171875,22.78700065612793,-2.148243575795407,0,,,,,0,0,0.0,-3729129.74970459,0.0,46270870.25029541,,,,
2023-10-27,1988.5999755859375,22.770000457763672,-1.9558613413024295,0,,,,,0,0,0.0,-3729129.74970459,0.0,46270870.25029541,,,,
2023-10-28,1988.5999755859375,22.770000457763672,-1.7411740859782123,0,,,,,0,0,0.0,-3729129.74970459,0.0,46270870.25029541,,,,
2023-10-29,1988.5999755859375,22.770000457763672,-1.5588030271285667,0,,,,,0,0,0.0,-3729129.74970459,0.0,46270870.25029541,,,,
2023-10-30,1996.199951171875,23.281999588012695,-0.49949325511792775,0,,,,,0,0,0.0,-3729129.74970459,0.0,46270870.25029541,,,,
2023-10-31,1985.199951171875,22.840999603271484,-1.0796532777890822,0,,,,,0,0,0.0,-3729129.74970459,0.0,46270870.25029541,,,,
2023-11-01,1978.800048828125,22.684999465942383,-1.1029376839070775,0,,,,,0,0,0.0,-3729129.74970459,0.0,46270870.25029541,,,,
2023-11-02,1985.5999755859375,22.750999450683594,-1.1032025160191539,0,,,,,0,0,0.0,-3729129.74970459,0.0,46270870.25029541,,,,
2023-11-03,1991.5,23.201000213623047,-0.0933225512039793,0,,,,,0,0,0.0,-3729129.74970459,0.0,46270870.25029541,,,,
2023-11-04,1991.5,23.201000213623047,-0.016808245148015787,0,,,,,0,0,0.0,-3729129.74970459,0.0,46270870.25029541,,,,
2023-11-05,1991.5,23.201000213623047,0.06835279375236943,0,,,,,0,0,0.0,-3729129.74970459,0.0,46270870.25029541,,,,
2023-11-06,1981.5999755859375,23.14900016784668,0.6350215033162238,0,,,,,0,0,0.0,-3729129.74970459,0.0,46270870.25029541,,,,
2023-11-07,1966.800048828125,22.507999420166016,-0.8635627563192425,0,,,,,0,0,0.0,-3729129.74970459,0.0,46270870.25029541,,,,
2023-11-08,1951.5,22.64699935913086,0.708264037027518,0,,,,,0,0,0.0,-3729129.74970459,0.0,46270870.25029541,,,,
2023-11-09,1964.199951171875,22.83099937438965,0.7110356698974598,0,,,,,0,0,0.0,-3729129.74970459,0.0,46270870.25029541,,,,
2023-11-10,1932.5999755859375,22.21500015258789,0.34387164303982665,0,,,,,0,0,0.0,-3729129.74970459,0.0,46270870.25029541,,,,
2023-11-11,1932.5999755859375,22.21500015258789,0.46994675475145736,0,,,,,0,0,0.0,-3729129.74970459,0.0,46270870.25029541,,,,
2023-11-12,1932.5999755859375,22.21500015258789,0.5308262112552615,0,,,,,0,0,0.0,-3729129.74970459,0.0,46270870.25029541,,,,
2023-11-13,1945.5,22.298999786376953,-0.08737097170472176,0,,,,,0,0,0.0,-3729129.74970459,0.0,46270870.25029541,,,,
2023-11-14,1961.800048828125,23.07900047302246,2.254897076155983,0,,,,,0,0,0.0,-3729129.74970459,0.0,46270870.25029541,,,,
2023-11-15,1960.0999755859375,23.485000610351562,2.9804679191885897,0,,,,,0,0,0.0,-3729129.74970459,0.0,46270870.25029541,,,,
2023-11-16,1983.9000244140625,23.892000198364258,2.4299105018991503,0,,,,,0,0,0.0,-3729129.74970459,0.0,46270870.25029541,,,,
2023-11-17,1981.5999755859375,23.80900001525879,1.9549122100063587,0,,,,,0,0,0.0,-3729129.74970459,0.0,46270870.25029541,,,,
2023-11-18,1981.5999755859375,23.80900001525879,1.7147412549253467,0,,,,,0,0,0.0,-3729129.74970459,0.0,46270870.25029541,,,,
2023-11-19,1981.5999755859375,23.80900001525879,1.512434276503221,0,,,,,0,0,0.0,-3729129.74970459,0.0,46270870.25029541,,,,
2023-11-20,1977.699951171875,23.57900047302246,0.9968493298496687,0,,,,,0,0,0.0,-3729129.74970459,0.0,46270870.25029541,,,,
2023-11-21,1999.300048828125,23.843000411987305,0.7116185751851423,0,,,,,0,0,0.0,-3729129.74970459,0.0,46270870.25029541,,,,
2023-11-22,1991.4000244140625,23.672000885009766,0.5253286013458537,0,,,,,0,0,0.0,-3729129.74970459,0.0,46270870.25029541,,,,
2023-11-23,1991.4000244140625,23.672000885009766,0.46627955103590457,0,,,,,0,0,0.0,-3729129.74970459,0.0,46270870.25029541,,,,
2023-11-24,2002.199951171875,24.32900047302246,1.5608964058113302,0,,,,,0,0,0.0,-3729129.74970459,0.0,46270870.25029541,,,,
2023-11-25,2002.199951171875,24.32900047302246,1.390140889332043,0,,,,,0,0,0.0,-3729129.74970459,0.0,46270870.25029541,,,,
2023-11-26,2002.199951171875,24.32900047302246,1.2461505989825539,0,,,,,0,0,0.0,-3729129.74970459,0.0,46270870.25029541,,,,
2023-11-27,2011.800048828125,24.672000885009766,1.5619856343802894,0,,,,,0,0,0.0,-3729129.74970459,0.0,46270870.25029541,,,,
2023-11-28,2039.699951171875,24.93000030517578,0.9884496198062145,0,,,,,0,0,0.0,-3729129.74970459,0.0,46270870.25029541,,,,
2023-11-29,2047.0999755859375,25.07200050354004,0.9480538714958867,0,,,,,0,0,0.0,-3729129.74970459,0.0,46270870.25029541,,,,
2023-11-30,2038.0999755859375,25.292999267578125,1.6792225817853914,0,,,,,0,0,0.0,-3729129.74970459,0.0,46270870.25029541,,,,
2023-12-01,2071.0,25.499000549316406,0.8014239371365925,0,,,,,0,0,0.0,-3729129.74970459,0.0,46270870.25029541,,,,
2023-12-02,2071.0,25.499000549316406,0.7403175516898162,0,,,,,0,0,0.0,-3729129.74970459,0.0,46270870.25029541,,,,
2023-12-03,2071.0,25.499000549316406,0.7411681504355789,0,,,,,0,0,0.0,-3729129.74970459,0.0,46270870.25029541,,,,
2023-12-04,2024.0999755859375,24.55500030517578,-0.1212304650757589,0,,,,,0,0,0.0,-3729129.74970459,0.0,46270870.25029541,,,,
2023-12-05,2018.5,24.201000213623047,-1.1984371160339293,0,,,,,0,0,0.0,-3729129.74970459,0.0,46270870.25029541,,,,
2023-12-06,2030.5,23.888999938964844,-2.556273981890948,0,,,,,0,0,0.0,-3729129.74970459,0.0,46270870.25029541,,,,
2023-12-07,2029.9000244140625,23.73200035095215,-2.4040933848332884,0,,,,,0,0,0.0,-3729129.74970459,0.0,46270870.25029541,,,,
2023-12-08,1998.300048828125,22.97100067138672,-2.429355637808207,0,,,,,0,0,0.0,-3729129.74970459,0.0,46270870.25029541,,,,
2023-12-09,1998.300048828125,22.97100067138672,-2.0242569977411704,0,,,,,0,0,0.0,-3729129.74970459,0.0,46270870.25029541,,,,
2023-12-10,1998.300048828125,22.97100067138672,-1.7566569718741147,0,,,,,0,0,0.0,-3729129.74970459,0.0,46270870.25029541,,,,
2023-12-11,1978.0,22.773000717163086,-1.3740488319689423,0,,,,,0,0,0.0,-3729129.74970459,0.0,46270870.25029541,,,,
2023-12-12,1977.800048828125,22.72800064086914,-1.3167118784738494,0,,,,,0,0,0.0,-3729129.74970459,0.0,46270870.25029541,,,,
2023-12-13,1982.300048828125,22.638999938964844,-1.425120330901004,0,,,,,0,0,0.0,-3729129.74970459,0.0,46270870.25029541,,,,
2023-12-14,2030.199951171875,24.09600067138672,-0.29365879705274356,0,,,,,0,0,0.0,-3729129.74970459,0.0,46270870.25029541,,,,
2023-12-15,2021.0999755859375,23.8700008392334,-0.36498600581811236,0,,,,,0,0,0.0,-3729129.74970459,0.0,46270870.25029541,,,,
2023-12-16,2021.0999755859375,23.8700008392334,-0.3090071740140814,0,,,,,0,0,0.0,-3729129.74970459,0.0,46270870.25029541,,,,
2023-12-17,2021.0999755859375,23.8700008392334,-0.24104748577395388,0,,,,,0,0,0.0,-3729129.74970459,0.0,46270870.25029541,,,,
2023-12-18,2026.300048828125,23.83099937438965,-0.38715167886195273,0,,,,,0,0,0.0,-3729129.74970459,0.0,46270870.25029541,,,,
2023-12-19,2038.4000244140625,24.040000915527344,-0.2942450778172772,0,,,,,0,0,0.0,-3729129.74970459,0.0,46270870.25029541,,,,
2023-12-20,2034.5,24.347000122070312,0.5312607631851187,0,,,,,0,0,0.0,-3729129.74970459,0.0,46270870.25029541,,,,
2023-12-21,2039.0999755859375,24.30699920654297,0.39628260565621226,0,,,,,0,0,0.0,-3729129.74970459,0.0,46270870.25029541,,,,
2023-12-22,2057.10009765625,24.290000915527344,-0.2098215768041899,0,,,,,0,0,0.0,-3729129.74970459,0.0,46270870.25029541,,,,
2023-12-23,2057.10009765625,24.290000915527344,-0.10037039928861076,0,,,,,0,0,0.0,-3729129.74970459,0.0,46270870.25029541,,,,
2023-12-24,2057.10009765625,24.290000915527344,0.023750516588262615,0,,,,,0,0,0.0,-3729129.74970459,0.0,46270870.25029541,,,,
2023-12-25,2057.10009765625,24.290000915527344,0.13421415415610818,0,,,,,0,0,0.0,-3729129.74970459,0.0,46270870.25029541,,,,
2023-12-26,2058.199951171875,24.143999099731445,-0.4868546530540034,0,,,,,0,0,0.0,-3729129.74970459,0.0,46270870.25029541,,,,
2023-12-27,2081.89990234375,24.375,-1.023994930221253,0,,,,,0,0,0.0,-3729129.74970459,0.0,46270870.25029541,,,,
2023-12-28,2073.89990234375,24.134000778198242,-1.4326011828826208,0,,,,,0,0,0.0,-3729129.74970459,0.0,46270870.25029541,,,,
2023-12-29,2062.39990234375,23.85300064086914,-1.6990988300739844,0,,,,,0,0,0.0,-3729129.74970459,0.0,46270870.25029541,,,,
2023-12-30,2062.39990234375,23.85300064086914,-1.6072359298044627,0,,,,,0,0,0.0,-3729129.74970459,0.0,46270870.25029541,,,,
2023-12-31,2062.39990234375,23.85300064086914,-1.4767127359759848,0,,,,,0,0,0.0,-3729129.74970459,0.0,46270870.25029541,,,,
2024-01-01,2062.39990234375,23.85300064086914,-1.3773549876059148,0,,,,,0,0,0.0,-3729129.74970459,0.0,46270870.25029541,,,,
2024-01-02,2064.39990234375,23.732999801635742,-1.7355766695619579,0,,,,,0,0,0.0,-3729129.74970459,0.0,46270870.25029541,,,,
2024-01-03,2034.199951171875,22.945999145507812,-2.1873487144052945,0,,,,,0,0,0.0,-3729129.74970459,0.0,46270870.25029541,,,,
2024-01-04,2042.300048828125,22.98900032043457,-2.028543472027311,0,,,,,0,0,0.0,-3729129.74970459,0.0,46270870.25029541,,,,
2024-01-05,2042.4000244140625,23.121999740600586,-1.5110633228736516,0,,,,,0,0,0.0,-3729129.74970459,0.0,46270870.25029541,,,,
2024-01-06,2042.4000244140625,23.121999740600586,-1.352382698484665,0,,,,,0,0,0.0,-3729129.74970459,0.0,46270870.25029541,,,,
2024-01-07,2042.4000244140625,23.121999740600586,-1.2149682743935302,0,,,,,0,0,0.0,-3729129.74970459,0.0,46270870.25029541,,,,
2024-01-08,2026.5999755859375,23.1200008392334,-0.5821585338559659,0,,,,,0,0,0.0,-3729129.74970459,0.0,46270870.25029541,,,,
2024-01-09,2026.4000244140625,22.90399932861328,-0.9966847990439068,0,,,,,0,0,0.0,-3729129.74970459,0.0,46270870.25029541,,,,
2024-01-10,2021.699951171875,22.884000778198242,-0.7956090919589762,0,,,,,0,0,0.0,-3729129.74970459,0.0,46270870.25029541,,,,
2024-01-11,2014.300048828125,22.53700065612793,-1.2947260780219567,0,,,,,0,0,0.0,-3729129.74970459,0.0,46270870.25029541,,,,
2024-01-12,2046.699951171875,23.16200065612793,-0.9254339395915289,0,,,,,0,0,0.0,-3729129.74970459,0.0,46270870.25029541,,,,
2024-01-13,2046.699951171875,23.16200065612793,-0.8589593224277925,0,,,,,0,0,0.0,-3729129.74970459,0.0,46270870.25029541,,,,
2024-01-14,2046.699951171875,23.16200065612793,-0.8134916296355064,0,,,,,0,0,0.0,-3729129.74970459,0.0,46270870.25029541,,,,
2024-01-15,2046.699951171875,23.16200065612793,-0.7596968123516582,0,,,,,0,0,0.0,-3729129.74970459,0.0,46270870.25029541,,,,
2024-01-16,2026.0,22.933000564575195,-0.227088729163298,0,,,,,0,0,0.0,-3729129.74970459,0.0,46270870.25029541,,,,
2024-01-17,2002.5999755859375,22.516000747680664,-0.3429331717769529,0,,,,,0,0,0.0,-3729129.74970459,0.0,46270870.25029541,,,,
2024-01-18,2018.5999755859375,22.66699981689453,-0.8340290601209381,0,,,,,0,0,0.0,-3729129.74970459,0.0,46270870.25029541,,,,
2024-01-19,2026.5,22.570999145507812,-1.9053089109281784,0,,,,,0,0,0.0,-3729129.74970459,0.0,46270870.25029541,,,,
2024-01-20,2026.5,22.570999145507812,-1.7829692575658258,0,,,,,0,0,0.0,-3729129.74970459,0.0,46270870.25029541,,,,
2024-01-21,2026.5,22.570999145507812,-1.744603005019525,0,,,,,0,0,0.0,-3729129.74970459,0.0,46270870.25029541,,,,
2024-01-22,2019.800048828125,22.163000106811523,-2.8572492842847406,0,,,,,0,0,0.0,-3729129.74970459,0.0,46270870.25029541,,,,
2024-01-23,2023.699951171875,22.333999633789062,-1.914091720699362,0,,,,,0,0,0.0,-3729129.74970459,0.0,46270870.25029541,,,,
2024-01-24,2013.9000244140625,22.7549991607666,0.847797166209227,0,,,,,0,0,0.0,-3729129.74970459,0.0,46270870.25029541,,,,
2024-01-25,2016.9000244140625,22.808000564575195,0.8349020037354353,0,,,,,0,0,0.0,-3729129.74970459,0.0,46270870.25029541,,,,
2024-01-26,2016.800048828125,22.7549991607666,0.5781377428952639,0,,,,,0,0,0.0,-3729129.74970459,0.0,46270870.25029541,,,,
2024-01-27,2016.800048828125,22.7549991607666,0.5647016984495817,0,,,,,0,0,0.0,-3729129.74970459,0.0,46270870.25029541,,,,
2024-01-28,2016.800048828125,22.7549991607666,0.6499573853104812,0,,,,,0,0,0.0,-3729129.74970459,0.0,46270870.25029541,,,,
2024-01-29,2025.199951171875,23.13800048828125,1.6860686522078043,0,,,,,0,0,0.0,-3729129.74970459,0.0,46270870.25029541,,,,
2024-01-30,2031.5,23.10700035095215,1.0467371019507479,0,,,,,0,0,0.0,-3729129.74970459,0.0,46270870.25029541,,,,
2024-01-31,2048.39990234375,23.051000595092773,-0.43170783204930296,0,,,,,0,0,0.0,-3729129.74970459,0.0,46270870.25029541,,,,
2024-02-01,2053.0,23.1299991607666,-0.3777403261633337,0,,,,,0,0,0.0,-3729129.74970459,0.0,46270870.25029541,,,,
2024-02-02,2036.0999755859375,22.701000213623047,-0.9944237337638336,0,,,,,0,0,0.0,-3729129.74970459,0.0,46270870.25029541,,,,
2024-02-03,2036.0999755859375,22.701000213623047,-0.9109795254193348,0,,,,,0,0,0.0,-3729129.74970459,0.0,46270870.25029541,,,,
2024-02-04,2036.0999755859375,22.701000213623047,-0.8346362662727537,0,,,,,0,0,0.0,-3729129.74970459,0.0,46270870.25029541,,,,
2024-02-05,2025.699951171875,22.334999084472656,-1.4812579815430016,0,,,,,0,0,0.0,-3729129.74970459,0.0,46270870.25029541,,,,
2024-02-06,2034.5,22.39299964904785,-1.5922949381465794,0,,,,,0,0,0.0,-3729129.74970459,0.0,46270870.25029541,,,,
2024-02-07,2035.199951171875,22.277999877929688,-1.7782255640508446,0,,,,,0,0,0.0,-3729129.74970459,0.0,46270870.25029541,,,,
2024-02-08,2032.199951171875,22.565000534057617,-0.5914582734331497,0,,,,,0,0,0.0,-3729129.74970459,0.0,46270870.25029541,,,,
2024-02-09,2023.300048828125,22.527999877929688,-0.22694984426691756,0,,,,,0,0,0.0,-3729129.74970459,0.0,46270870.25029541,,,,
2024-02-10,2023.300048828125,22.527999877929688,-0.22849515948429708,0,,,,,0,0,0.0,-3729129.74970459,0.0,46270870.25029541,,,,
2024-02-11,2023.300048828125,22.527999877929688,-0.2951131413157453,0,,,,,0,0,0.0,-3729129.74970459,0.0,46270870.25029541,,,,
2024-02-12,2018.199951171875,22.708999633789062,0.5835752944681648,0,,,,,0,0,0.0,-3729129.74970459,0.0,46270870.25029541,,,,
2024-02-13,1992.9000244140625,22.09600067138672,-0.1208217490084847,0,,,,,0,0,0.0,-3729129.74970459,0.0,46270870.25029541,,,,
2024-02-14,1990.300048828125,22.33099937438965,0.9487880896556831,0,,,,,0,0,0.0,-3729129.74970459,0.0,46270870.25029541,,,,
2024-02-15,2002.0999755859375,22.91200065612793,2.1118693648908082,0,,,,,0,0,0.0,-3729129.74970459,0.0,46270870.25029541,,,,
2024-02-16,2011.5,23.43899917602539,2.614890174169241,0,,,,,0,0,0.0,-3729129.74970459,0.0,46270870.25029541,,,,
2024-02-17,2011.5,23.43899917602539,2.1725708334072094,0,,,,,0,0,0.0,-3729129.74970459,0.0,46270870.25029541,,,,
2024-02-18,2011.5,23.43899917602539,1.9285249576423988,0,,,,,0,0,0.0,-3729129.74970459,0.0,46270870.25029541,,,,
2024-02-19,2011.5,23.43899917602539,1.712811716350798,0,,,,,0,0,0.0,-3729129.74970459,0.0,46270870.25029541,,,,
2024-02-20,2027.5,23.106000900268555,0.494387457915048,0,,,,,0,0,0.0,-3729129.74970459,0.0,46270870.25029541,,,,
2024-02-21,2022.300048828125,22.85099983215332,0.13340881050889347,0,,,,,0,0,0.0,-3729129.74970459,0.0,46270870.25029541,,,,
2024-02-22,2019.699951171875,22.764999389648438,0.013222292401986418,0,,,,,0,0,0.0,-3729129.74970459,0.0,46270870.25029541,,,,
2024-02-23,2038.5999755859375,22.9689998626709,-0.21244369761776172,0,,,,,0,0,0.0,-3729129.74970459,0.0,46270870.25029541,,,,
2024-02-24,2038.5999755859375,22.9689998626709,-0.23818967996858348,0,,,,,0,0,0.0,-3729129.74970459,0.0,46270870.25029541,,,,
2024-02-25,2038.5999755859375,22.9689998626709,-0.2914355939915141,0,,,,,0,0,0.0,-3729129.74970459,0.0,46270870.25029541,,,,
2024-02-26,2028.5,22.517000198364258,-0.9561036514012754,0,,,,,0,0,0.0,-3729129.74970459,0.0,46270870.25029541,,,,
2024-02-27,2034.0,22.523000717163086,-1.2193915529709274,0,,,,,0,0,0.0,-3729129.74970459,0.0,46270870.25029541,,,,
2024-02-28,2033.0,22.40999984741211,-1.3873517046829218,0,,,,,0,0,0.0,-3729129.74970459,0.0,46270870.25029541,,,,
2024-02-29,2045.699951171875,22.666000366210938,-1.215530729568035,0,,,,,0,0,0.0,-3729129.74970459,0.0,46270870.25029541,,,,
2024-03-01,2086.89990234375,23.149999618530273,-1.484031462011315,0,,,,,0,0,0.0,-3729129.74970459,0.0,46270870.25029541,,,,
2024-03-02,2086.89990234375,23.149999618530273,-1.3808171418266613,0,,,,,0,0,0.0,-3729129.74970459,0.0,46270870.25029541,,,,
2024-03-03,2086.89990234375,23.149999618530273,-1.256472213974992,0,,,,,0,0,0.0,-3729129.74970459,0.0,46270870.25029541,,,,
2024-03-04,2117.699951171875,23.77899932861328,-0.9524779973823313,0,,,,,0,0,0.0,-3729129.74970459,0.0,46270870.25029541,,,,
2024-03-05,2133.5,23.76300048828125,-1.306089385268234,0,,,,,0,0,0.0,-3729129.74970459,0.0,46270870.25029541,,,,
2024-03-06,2150.300048828125,24.27199935913086,-0.7999061899810994,0,,,,,0,0,0.0,-3729129.74970459,0.0,46270870.25029541,,,,
2024-03-07,2158.0,24.3700008392334,-0.77023925737461,0,,,,,0,0,0.0,-3729129.74970459,0.0,46270870.25029541,,,,
2024-03-08,2178.60009765625,24.339000701904297,-1.3692685501595594,0,,,,,0,0,0.0,-3729129.74970459,0.0,46270870.25029541,,,,
2024-03-09,2178.60009765625,24.339000701904297,-1.3281639040101767,0,,,,,0,0,0.0,-3729129.74970459,0.0,46270870.25029541,,,,
2024-03-10,2178.60009765625,24.339000701904297,-1.3797961421433074,0,,,,,0,0,0.0,-3729129.74970459,0.0,46270870.25029541,,,,
2024-03-11,2182.5,24.511999130249023,-1.00837623002272,0,,,,,0,0,0.0,-3729129.74970459,0.0,46270870.25029541,,,,
2024-03-12,2160.39990234375,24.194000244140625,-0.8218586594717758,0,,,,,0,0,0.0,-3729129.74970459,0.0,46270870.25029541,,,,
2024-03-13,2175.39990234375,24.958999633789062,0.9977060495454431,0,,,,,0,0,0.0,-3729129.74970459,0.0,46270870.25029541,,,,
2024-03-14,2163.0,24.874000549316406,1.4559906745555713,0,,,,,0,0,0.0,-3729129.74970459,0.0,46270870.25029541,,,,
2024-03-15,2157.300048828125,25.200000762939453,2.558362006061108,0,,,,,0,0,0.0,-3729129.74970459,0.0,46270870.25029541,,,,
2024-03-16,2157.300048828125,25.200000762939453,2.2722304208828286,0,,,,,0,0,0.0,-3729129.74970459,0.0,46270870.25029541,,,,
2024-03-17,2157.300048828125,25.200000762939453,1.9538330684298568,0,,,,,0,0,0.0,-3729129.74970459,0.0,46270870.25029541,,,,
2024-03-18,2160.699951171875,25.090999603271484,1.385336849189404,0,,,,,0,0,0.0,-3729129.74970459,0.0,46270870.25029541,,,,
2024-03-19,2156.300048828125,24.964000701904297,1.1365422832348548,0,,,,,0,0,0.0,-3729129.74970459,0.0,46270870.25029541,,,,
2024-03-20,2157.89990234375,24.933000564575195,0.9264046093782686,0,,,,,0,0,0.0,-3729129.74970459,0.0,46270870.25029541,,,,
2024-03-21,2182.39990234375,24.849000930786133,-0.18908056213269647,0,,,,,0,0,0.0,-3729129.74970459,0.0,46270870.25029541,,,,
2024-03-22,2158.10009765625,24.691999435424805,0.3067169283484354,0,,,,,0,0,0.0,-3729129.74970459,0.0,46270870.25029541,,,,
2024-03-23,2158.10009765625,24.691999435424805,0.2628895321247509,0,,,,,0,0,0.0,-3729129.74970459,0.0,46270870.25029541,,,,
2024-03-24,2158.10009765625,24.691999435424805,0.23250744206384508,0,,,,,0,0,0.0,-3729129.74970459,0.0,46270870.25029541,,,,
2024-03-25,2174.800048828125,24.7450008392334,-0.31938321191330793,0,,,,,0,0,0.0,-3729129.74970459,0.0,46270870.25029541,,,,
2024-03-26,2175.60009765625,24.482999801635742,-0.9416079412373826,0,,,,,0,0,0.0,-3729129.74970459,0.0,46270870.25029541,,,,
2024-03-27,2190.60009765625,24.625,-1.113744306236615,0,,,,,0,0,0.0,-3729129.74970459,0.0,46270870.25029541,,,,
2024-03-28,2217.39990234375,24.797000885009766,-1.6423273075878686,0,,,,,0,0,0.0,-3729129.74970459,0.0,46270870.25029541,,,,
2024-03-29,2217.39990234375,24.797000885009766,-1.579675284110756,0,,,,,0,0,0.0,-3729129.74970459,0.0,46270870.25029541,,,,
2024-03-30,2217.39990234375,24.797000885009766,-1.5218945553992316,0,,,,,0,0,0.0,-3729129.74970459,0.0,46270870.25029541,,,,
2024-03-31,2217.39990234375,24.797000885009766,-1.439641071000464,0,,,,,0,0,0.0,-3729129.74970459,0.0,46270870.25029541,,,,
2024-04-01,2236.5,24.95400047302246,-1.6024551850416322,0,,,,,0,0,0.0,-3729129.74970459,0.0,46270870.25029541,,,,
2024-04-02,2261.0,25.804000854492188,-0.6648449332154817,0,,,,,0,0,0.0,-3729129.74970459,0.0,46270870.25029541,,,,
2024-04-03,2294.39990234375,26.94499969482422,0.4939200138782879,0,,,,,0,0,0.0,-3729129.74970459,0.0,46270870.25029541,,,,
2024-04-04,2288.800048828125,27.139999389648438,1.0798745353505725,0,,,,,0,0,0.0,-3729129.74970459,0.0,46270870.25029541,,,,
2024-04-05,2325.699951171875,27.399999618530273,0.5026523963139846,0,,,,,0,0,0.0,-3729129.74970459,0.0,46270870.25029541,,,,
2024-04-06,2325.699951171875,27.399999618530273,0.5904335065617169,0,,,,,0,0,0.0,-3729129.74970459,0.0,46270870.25029541,,,,
2024-04-07,2325.699951171875,27.399999618530273,0.6544756218558093,0,,,,,0,0,0.0,-3729129.74970459,0.0,46270870.25029541,,,,
2024-04-08,2331.699951171875,27.711999893188477,1.1680338144754345,0,,,,,0,0,0.0,-3729129.74970459,0.0,46270870.25029541,,,,
2024-04-09,2343.5,27.891000747680664,1.1506899566149973,0,,,,,0,0,0.0,-3729129.74970459,0.0,46270870.25029541,,,,
2024-04-10,2329.60009765625,27.961000442504883,1.6147377732981527,0,,,,,0,0,0.0,-3729129.74970459,0.0,46270870.25029541,,,,
2024-04-11,2354.800048828125,28.176000595092773,1.1376802021481112,0,,,,,0,0,0.0,-3729129.74970459,0.0,46270870.25029541,,,,
2024-04-12,2356.199951171875,28.2549991607666,1.1757943357651184,0,,,,,0,0,0.0,-3729129.74970459,0.0,46270870.25029541,,,,
2024-04-13,2356.199951171875,28.2549991607666,1.1040454885033966,0,,,,,0,0,0.0,-3729129.74970459,0.0,46270870.25029541,,,,
2024-04-14,2356.199951171875,28.2549991607666,1.0158695278295564,0,,,,,0,0,0.0,-3729129.74970459,0.0,46270870.25029541,,,,
2024-04-15,2365.800048828125,28.650999069213867,1.3163730895033163,0,,,,,0,0,0.0,-3729129.74970459,0.0,46270870.25029541,,,,
2024-04-16,2390.800048828125,28.31800079345703,-0.0696459084026165,0,,,,,0,0,0.0,-3729129.74970459,0.0,46270870.25029541,,,,
2024-04-17,2371.699951171875,28.34600067138672,0.48153591012825475,0,,,,,0,0,0.0,-3729129.74970459,0.0,46270870.25029541,,,,
2024-04-18,2382.300048828125,28.32900047302246,0.027705065267833267,0,,,,,0,0,0.0,-3729129.74970459,0.0,46270870.25029541,,,,
2024-04-19,2398.39990234375,28.808000564575195,0.4192941560917657,0,,,,,0,0,0.0,-3729129.74970459,0.0,46270870.25029541,,,,
2024-04-20,2398.39990234375,28.808000564575195,0.33606128711376976,0,,,,,0,0,0.0,-3729129.74970459,0.0,46270870.25029541,,,,
2024-04-21,2398.39990234375,28.808000564575195,0.23951338259671073,0,,,,,0,0,0.0,-3729129.74970459,0.0,46270870.25029541,,,,
2024-04-22,2332.199951171875,27.21299934387207,-2.2271049324100747,0,,,,,0,0,0.0,-3729129.74970459,0.0,46270870.25029541,,,,
2024-04-23,2327.699951171875,27.33099937438965,-1.2700482724698834,0,,,,,0,0,0.0,-3729129.74970459,0.0,46270870.25029541,,,,
2024-04-24,2324.5,27.323999404907227,-0.9710212643688085,0,,,,,0,0,0.0,-3729129.74970459,0.0,46270870.25029541,,,,
2024-04-25,2329.800048828125,27.341999053955078,-1.2056454818325817,0,,,,,0,0,0.0,-3729129.74970459,0.0,46270870.25029541,,,,
2024-04-26,2334.800048828125,27.240999221801758,-1.7648862659691613,0,,,,,0,0,0.0,-3729129.74970459,0.0,46270870.25029541,,,,
2024-04-27,2334.800048828125,27.240999221801758,-1.5942584759272875,0,,,,,0,0,0.0,-3729129.74970459,0.0,46270870.25029541,,,,
2024-04-28,2334.800048828125,27.240999221801758,-1.416728437824674,0,,,,,0,0,0.0,-3729129.74970459,0.0,46270870.25029541,,,,
2024-04-29,2345.39990234375,27.37299919128418,-1.38107459019031,0,,,,,0,0,0.0,-3729129.74970459,0.0,46270870.25029541,,,,
2024-04-30,2291.39990234375,26.391000747680664,-1.5726933146670277,0,,,,,0,0,0.0,-3729129.74970459,0.0,46270870.25029541,,,,
2024-05-01,2299.89990234375,26.48900032043457,-1.5018447603450753,0,,,,,0,0,0.0,-3729129.74970459,0.0,46270870.25029541,,,,
2024-05-02,2299.199951171875,26.58300018310547,-1.064525083263205,0,,,,,0,0,0.0,-3729129.74970459,0.0,46270870.25029541,,,,
2024-05-03,2299.0,26.44499969482422,-1.3435630109433565,0,,,,,0,0,0.0,-3729129.74970459,0.0,46270870.25029541,,,,
2024-05-04,2299.0,26.44499969482422,-1.2257372582869248,0,,,,,0,0,0.0,-3729129.74970459,0.0,46270870.25029541,,,,
2024-05-05,2299.0,26.44499969482422,-1.2092511258482683,0,,,,,0,0,0.0,-3729129.74970459,0.0,46270870.25029541,,,,
2024-05-06,2321.60009765625,27.368999481201172,0.8102646343581972,0,,,,,0,0,0.0,-3729129.74970459,0.0,46270870.25029541,,,,
2024-05-07,2315.199951171875,27.30299949645996,0.9994254839824049,0,,,,,0,0,0.0,-3729129.74970459,0.0,46270870.25029541,,,,
2024-05-08,2313.60009765625,27.361000061035156,1.2520091510141513,0,,,,,0,0,0.0,-3729129.74970459,0.0,46270870.25029541,,,,
2024-05-09,2332.10009765625,28.131999969482422,2.514051109782542,0,,,,,0,0,0.0,-3729129.74970459,0.0,46270870.25029541,,,,
2024-05-10,2367.300048828125,28.274999618530273,1.1948594631346006,0,,,,,0,0,0.0,-3729129.74970459,0.0,46270870.25029541,,,,
2024-05-11,2367.300048828125,28.274999618530273,1.2083656647497678,0,,,,,0,0,0.0,-3729129.74970459,0.0,46270870.25029541,,,,
2024-05-12,2367.300048828125,28.274999618530273,1.0951855357560074,0,,,,,0,0,0.0,-3729129.74970459,0.0,46270870.25029541,,,,
2024-05-13,2336.10009765625,28.22100067138672,2.067348776672364,0,,,,,0,0,0.0,-3729129.74970459,0.0,46270870.25029541,,,,
2024-05-14,2353.39990234375,28.485000610351562,1.7614940185761767,0,,,,,0,0,0.0,-3729129.74970459,0.0,46270870.25029541,,,,
2024-05-15,2388.699951171875,29.513999938964844,2.3077989150596965,0,,,,,0,0,0.0,-3729129.74970459,0.0,46270870.25029541,,,,
2024-05-16,2380.0,29.665000915527344,2.3159290830495785,0,,,,,0,0,0.0,-3729129.74970459,0.0,46270870.25029541,,,,
2024-05-17,2412.199951171875,31.047000885009766,2.7690001378440634,0,,,,,0,0,0.0,-3729129.74970459,0.0,46270870.25029541,,,,
2024-05-18,2412.199951171875,31.047000885009766,2.2364610789359056,0,,,,,0,0,0.0,-3729129.74970459,0.0,46270870.25029541,,,,
2024-05-19,2412.199951171875,31.047000885009766,1.898101638758965,0,,,,,0,0,0.0,-3729129.74970459,0.0,46270870.25029541,,,,
2024-05-20,2433.89990234375,32.20500183105469,2.239159716247025,0,,,,,0,0,0.0,-3729129.74970459,0.0,46270870.25029541,,,,
2024-05-21,2421.699951171875,31.868000030517578,1.8193402792128461,0,,,,,0,0,0.0,-3729129.74970459,0.0,46270870.25029541,,,,
2024-05-22,2389.199951171875,31.295000076293945,1.567056341708509,0,,,,,0,0,0.0,-3729129.74970459,0.0,46270870.25029541,,,,
2024-05-23,2335.0,30.284000396728516,1.3101350699407575,0,,,,,0,0,0.0,-3729129.74970459,0.0,46270870.25029541,,,,
2024-05-24,2332.5,30.329999923706055,1.253733010912503,0,,,,,0,0,0.0,-3729129.74970459,0.0,46270870.25029541,,,,
2024-05-25,2332.5,30.329999923706055,1.1485155943705994,0,,,,,0,0,0.0,-3729129.74970459,0.0,46270870.25029541,,,,
2024-05-26,2332.5,30.329999923706055,1.0423009958303584,0,,,,,0,0,0.0,-3729129.74970459,0.0,46270870.25029541,,,,
2024-05-27,2332.5,30.329999923706055,0.9476400234118837,0,,,,,0,0,0.0,-3729129.74970459,0.0,46270870.25029541,,,,
2024-05-28,2355.199951171875,31.97100067138672,1.8141433125121367,0,,,,,0,0,0.0,-3729129.74970459,0.0,46270870.25029541,,,,
2024-05-29,2340.300048828125,32.202999114990234,1.8951117390705932,0,,,,,0,0,0.0,-3729129.74970459,0.0,46270870.25029541,,,,
2024-05-30,2342.89990234375,31.38800048828125,1.124868656015167,0,,,,,0,0,0.0,-3729129.74970459,0.0,46270870.25029541,,,,
2024-05-31,2322.89990234375,30.297000885009766,0.4304925544920938,0,,,,,0,0,0.0,-3729129.74970459,0.0,46270870.25029541,,,,
2024-06-01,2322.89990234375,30.297000885009766,0.3493644788484564,0,,,,,0,0,0.0,-3729129.74970459,0.0,46270870.25029541,,,,
2024-06-02,2322.89990234375,30.297000885009766,0.2646047103961896,0,,,,,0,0,0.0,-3729129.74970459,0.0,46270870.25029541,,,,
2024-06-03,2346.60009765625,30.641000747680664,0.1186125268032056,0,,,,,0,0,0.0,-3729129.74970459,0.0,46270870.25029541,,,,
2024-06-04,2325.5,29.488000869750977,-1.1133049627991887,0,,,,,0,0,0.0,-3729129.74970459,0.0,46270870.25029541,,,,
2024-06-05,2354.10009765625,29.947999954223633,-1.2811768770040426,0,,,,,0,0,0.0,-3729129.74970459,0.0,46270870.25029541,,,,
2024-06-06,2370.300048828125,31.246999740600586,0.30909720280391856,0,,,,,0,0,0.0,-3729129.74970459,0.0,46270870.25029541,,,,
2024-06-07,2305.199951171875,29.334999084472656,-1.105896447910025,0,,,,,0,0,0.0,-3729129.74970459,0.0,46270870.25029541,,,,
2024-06-08,2305.199951171875,29.334999084472656,-1.1075575038670202,0,,,,,0,0,0.0,-3729129.74970459,0.0,46270870.25029541,,,,
2024-06-09,2305.199951171875,29.334999084472656,-1.0131591339916044,0,,,,,0,0,0.0,-3729129.74970459,0.0,46270870.25029541,,,,
2024-06-10,2307.699951171875,29.768999099731445,-0.36408321739959054,0,,,,,0,0,0.0,-3729129.74970459,0.0,46270870.25029541,,,,
2024-06-11,2307.5,29.132999420166016,-1.243203006155092,0,,,,,0,0,0.0,-3729129.74970459,0.0,46270870.25029541,,,,
2024-06-12,2336.0,30.176000595092773,-0.3465557513464766,0,,,,,0,0,0.0,-3729129.74970459,0.0,46270870.25029541,,,,
2024-06-13,2300.199951171875,28.989999771118164,-1.1613647967005811,0,,,,,0,0,0.0,-3729129.74970459,0.0,46270870.25029541,,,,
2024-06-14,2331.39990234375,29.402000427246094,-1.1777432547594142,0,,,,,0,0,0.0,-3729129.74970459,0.0,46270870.25029541,,,,
2024-06-15,2331.39990234375,29.402000427246094,-1.0779381435015896,0,,,,,0,0,0.0,-3729129.74970459,0.0,46270870.25029541,,,,
2024-06-16,2331.39990234375,29.402000427246094,-0.9891029531878991,0,,,,,0,0,0.0,-3729129.74970459,0.0,46270870.25029541,,,,
2024-06-17,2312.39990234375,29.325000762939453,-0.617911787801835,0,,,,,0,0,0.0,-3729129.74970459,0.0,46270870.25029541,,,,
2024-06-18,2330.39990234375,29.5049991607666,-0.7994001608545491,0,,,,,0,0,0.0,-3729129.74970459,0.0,46270870.25029541,,,,
2024-06-19,2330.39990234375,29.5049991607666,-0.771451442845744,0,,,,,0,0,0.0,-3729129.74970459,0.0,46270870.25029541,,,,
2024-06-20,2353.800048828125,30.775999069213867,1.3676919696796654,0,,,,,0,0,0.0,-3729129.74970459,0.0,46270870.25029541,,,,
2024-06-21,2316.39990234375,29.572999954223633,0.0035761890441123336,0,,,,,0,0,0.0,-3729129.74970459,0.0,46270870.25029541,,,,
2024-06-22,2316.39990234375,29.572999954223633,0.0883673543641464,0,,,,,0,0,0.0,-3729129.74970459,0.0,46270870.25029541,,,,
2024-06-23,2316.39990234375,29.572999954223633,0.18248413758330476,0,,,,,0,0,0.0,-3729129.74970459,0.0,46270870.25029541,,,,
2024-06-24,2330.0,29.48900032043457,-0.700488141333348,0,,,,,0,0,0.0,-3729129.74970459,0.0,46270870.25029541,,,,
2024-06-25,2316.60009765625,28.836999893188477,-1.7534415737425333,0,,,,,0,0,0.0,-3729129.74970459,0.0,46270870.25029541,,,,
2024-06-26,2299.199951171875,28.909000396728516,-0.7680416603887167,0,,,,,0,0,0.0,-3729129.74970459,0.0,46270870.25029541,,,,
2024-06-27,2324.5,28.917999267578125,-1.7673535597915921,0,,,,,0,0,0.0,-3729129.74970459,0.0,46270870.25029541,,,,
2024-06-28,2327.699951171875,29.23699951171875,-0.8929868768573364,0,,,,,0,0,0.0,-3729129.74970459,0.0,46270870.25029541,,,,
2024-06-29,2327.699951171875,29.23699951171875,-0.8153758066079736,0,,,,,0,0,0.0,-3729129.74970459,0.0,46270870.25029541,,,,
2024-06-30,2327.699951171875,29.23699951171875,-0.7389850802788644,0,,,,,0,0,0.0,-3729129.74970459,0.0,46270870.25029541,,,,
2024-07-01,2327.60009765625,29.299999237060547,-0.5145525702424126,0,,,,,0,0,0.0,-3729129.74970459,0.0,46270870.25029541,,,,
2024-07-02,2323.0,29.35300064086914,-0.04108684048055152,0,,,,,0,0,0.0,-3729129.74970459,0.0,46270870.25029541,,,,
2024-07-03,2359.800048828125,30.54800033569336,1.7013320903119902,0,,,,,0,0,0.0,-3729129.74970459,0.0,46270870.25029541,,,,
2024-07-04,2359.800048828125,30.54800033569336,1.5002366907474094,0,,,,,0,0,0.0,-3729129.74970459,0.0,46270870.25029541,,,,
2024-07-05,2388.5,31.38800048828125,2.1167896745308514,0,,,,,0,0,0.0,-3729129.74970459,0.0,46270870.25029541,,,,
2024-07-06,2388.5,31.38800048828125,1.8096352331058507,0,,,,,0,0,0.0,-3729129.74970459,0.0,46270870.25029541,,,,
2024-07-07,2388.5,31.38800048828125,1.590239734962946,0,,,,,0,0,0.0,-3729129.74970459,0.0,46270870.25029541,,,,
2024-07-08,2355.199951171875,30.618000030517578,0.9979361047624254,0,,,,,0,0,0.0,-3729129.74970459,0.0,46270870.25029541,,,,
2024-07-09,2360.10009765625,30.77199935913086,1.0447961859079928,0,,,,,0,0,0.0,-3729129.74970459,0.0,46270870.25029541,,,,
2024-07-10,2372.199951171875,30.726999282836914,0.6207045728889802,0,,,,,0,0,0.0,-3729129.74970459,0.0,46270870.25029541,,,,
2024-07-11,2415.0,31.393999099731445,0.5475612052870953,0,,,,,0,0,0.0,-3729129.74970459,0.0,46270870.25029541,,,,
2024-07-12,2414.0,30.88599967956543,-0.4358621101318558,0,,,,,0,0,0.0,-3729129.74970459,0.0,46270870.25029541,,,,
2024-07-13,2414.0,30.88599967956543,-0.4077941228536001,0,,,,,0,0,0.0,-3729129.74970459,0.0,46270870.25029541,,,,
2024-07-14,2414.0,30.88599967956543,-0.41342174726287023,0,,,,,0,0,0.0,-3729129.74970459,0.0,46270870.25029541,,,,
2024-07-15,2422.89990234375,30.672000885009766,-1.1760805472911615,0,,,,,0,0,0.0,-3729129.74970459,0.0,46270870.25029541,,,,
2024-07-16,2462.39990234375,31.19499969482422,-1.3241591670642467,0,,,,,0,0,0.0,-3729129.74970459,0.0,46270870.25029541,,,,
2024-07-17,2454.800048828125,30.136999130249023,-2.609658816626827,0,,,,,0,0,0.0,-3729129.74970459,0.0,46270870.25029541,,,,
2024-07-18,2451.800048828125,29.9950008392334,-2.277998918797636,0,,,,,0,0,0.0,-3729129.74970459,0.0,46270870.25029541,,,,
2024-07-19,2395.5,29.08799934387207,-1.9581057306827725,0,,,,,0,0,0.0,-3729129.74970459,0.0,46270870.25029541,,,,
2024-07-20,2395.5,29.08799934387207,-1.7234259410016421,0,,,,,0,0,0.0,-3729129.74970459,0.0,46270870.25029541,,,,
2024-07-21,2395.5,29.08799934387207,-1.5366117053617376,0,,,,,0,0,0.0,-3729129.74970459,0.0,46270870.25029541,,,,
2024-07-22,2392.0,29.124000549316406,-1.2966121330936466,0,,,,,0,0,0.0,-3729129.74970459,0.0,46270870.25029541,,,,
2024-07-23,2404.60009765625,29.131999969482422,-1.3381843799406405,0,,,,,0,0,0.0,-3729129.74970459,0.0,46270870.25029541,,,,
2024-07-24,2413.300048828125,29.115999221801758,-1.334953832806941,0,,,,,0,0,0.0,-3729129.74970459,0.0,46270870.25029541,,,,
2024-07-25,2351.89990234375,27.80699920654297,-1.4769087058710104,0,,,,,0,0,0.0,-3729129.74970459,0.0,46270870.25029541,,,,
2024-07-26,2380.0,27.860000610351562,-1.6546601211526488,0,,,,,0,0,0.0,-3729129.74970459,0.0,46270870.25029541,,,,
2024-07-27,2380.0,27.860000610351562,-1.49880450314228,0,,,,,0,0,0.0,-3729129.74970459,0.0,46270870.25029541,,,,
2024-07-28,2380.0,27.860000610351562,-1.3625133201516204,0,,,,,0,0,0.0,-3729129.74970459,0.0,46270870.25029541,,,,
2024-07-29,2377.300048828125,27.702999114990234,-1.3554938764601874,0,,,,,0,0,0.0,-3729129.74970459,0.0,46270870.25029541,,,,
2024-07-30,2405.0,28.364999771118164,-1.0573364162798,0,,,,,0,0,0.0,-3729129.74970459,0.0,46270870.25029541,,,,
2024-07-31,2426.5,28.777999877929688,-0.9206681690230224,0,,,,,0,0,0.0,-3729129.74970459,0.0,46270870.25029541,,,,
2024-08-01,2435.0,28.33099937438965,-1.4467471164731935,0,,,,,0,0,0.0,-3729129.74970459,0.0,46270870.25029541,,,,
2024-08-02,2425.699951171875,28.246000289916992,-1.285819531684353,0,,,,,0,0,0.0,-3729129.74970459,0.0,46270870.25029541,,,,
2024-08-03,2425.699951171875,28.246000289916992,-1.2384396372147646,0,,,,,0,0,0.0,-3729129.74970459,0.0,46270870.25029541,,,,
2024-08-04,2425.699951171875,28.246000289916992,-1.1863452325424468,0,,,,,0,0,0.0,-3729129.74970459,0.0,46270870.25029541,,,,
2024-08-05,2401.699951171875,27.076000213623047,-2.1968902402946378,0,,,,,0,0,0.0,-3729129.74970459,0.0,46270870.25029541,,,,
2024-08-06,2389.10009765625,27.09600067138672,-1.6362589101786156,0,,,,,0,0,0.0,-3729129.74970459,0.0,46270870.25029541,,,,
2024-08-07,2390.5,26.829999923706055,-1.79877746380277,0,,,,,0,0,0.0,-3729129.74970459,0.0,46270870.25029541,,,,
2024-08-08,2422.199951171875,27.5,-1.4138841067883037,0,,,,,0,0,0.0,-3729129.74970459,0.0,46270870.25029541,,,,
2024-08-09,2432.10009765625,27.48699951171875,-1.4904365262821597,0,,,,,0,0,0.0,-3729129.74970459,0.0,46270870.25029541,,,,
2024-08-10,2432.10009765625,27.48699951171875,-1.3616274062991667,0,,,,,0,0,0.0,-3729129.74970459,0.0,46270870.25029541,,,,
2024-08-11,2432.10009765625,27.48699951171875,-1.2740086996772297,0,,,,,0,0,0.0,-3729129.74970459,0.0,46270870.25029541,,,,
2024-08-12,2462.39990234375,27.91699981689453,-1.2717522902297507,0,,,,,0,0,0.0,-3729129.74970459,0.0,46270870.25029541,,,,
2024-08-13,2466.699951171875,27.69499969482422,-1.6056943900711285,0,,,,,0,0,0.0,-3729129.74970459,0.0,46270870.25029541,,,,
2024-08-14,2439.39990234375,27.253999710083008,-1.4684261402190877,0,,,,,0,0,0.0,-3729129.74970459,0.0,46270870.25029541,,,,
2024-08-15,2453.10009765625,28.341999053955078,0.03667952950643053,0,,,,,0,0,0.0,-3729129.74970459,0.0,46270870.25029541,,,,
2024-08-16,2498.60009765625,28.777999877929688,-0.4049314896196576,0,,,,,0,0,0.0,-3729129.74970459,0.0,46270870.25029541,,,,
2024-08-17,2498.60009765625,28.777999877929688,-0.3328770888360841,0,,,,,0,0,0.0,-3729129.74970459,0.0,46270870.25029541,,,,
2024-08-18,2498.60009765625,28.777999877929688,-0.2625306409991063,0,,,,,0,0,0.0,-3729129.74970459,0.0,46270870.25029541,,,,
2024-08-19,2501.800048828125,29.239999771118164,0.688532993634586,0,,,,,0,0,0.0,-3729129.74970459,0.0,46270870.25029541,,,,
2024-08-20,2511.300048828125,29.454999923706055,1.0458070220752913,0,,,,,0,0,0.0,-3729129.74970459,0.0,46270870.25029541,,,,
2024-08-21,2508.39990234375,29.47599983215332,1.2305925960304203,0,,,,,0,0,0.0,-3729129.74970459,0.0,46270870.25029541,,,,
2024-08-22,2478.89990234375,29.006000518798828,1.2771306558943152,0,,,,,0,0,0.0,-3729129.74970459,0.0,46270870.25029541,,,,
2024-08-23,2508.39990234375,29.785999298095703,1.9509134620817765,0,,,,,0,0,0.0,-3729129.74970459,0.0,46270870.25029541,,,,
2024-08-24,2508.39990234375,29.785999298095703,1.8416390541426961,0,,,,,0,0,0.0,-3729129.74970459,0.0,46270870.25029541,,,,
2024-08-25,2508.39990234375,29.785999298095703,1.6075110351981858,0,,,,,0,0,0.0,-3729129.74970459,0.0,46270870.25029541,,,,
2024-08-26,2517.699951171875,29.976999282836914,1.5053524365284086,0,,,,,0,0,0.0,-3729129.74970459,0.0,46270870.25029541,,,,
2024-08-27,2516.0,29.951000213623047,1.3449784356422174,0,,,,,0,0,0.0,-3729129.74970459,0.0,46270870.25029541,,,,
2024-08-28,2501.0,29.176000595092773,0.23384544765428786,0,,,,,0,0,0.0,-3729129.74970459,0.0,46270870.25029541,,,,
2024-08-29,2525.699951171875,29.55699920654297,0.1475074112389041,0,,,,,0,0,0.0,-3729129.74970459,0.0,46270870.25029541,,,,
2024-08-30,2493.800048828125,28.731000900268555,-0.5385481136534986,0,,,,,0,0,0.0,-3729129.74970459,0.0,46270870.25029541,,,,
2024-08-31,2493.800048828125,28.731000900268555,-0.5786332919062962,0,,,,,0,0,0.0,-3729129.74970459,0.0,46270870.25029541,,,,
2024-09-01,2493.800048828125,28.731000900268555,-0.6332444480347924,0,,,,,0,0,0.0,-3729129.74970459,0.0,46270870.25029541,,,,
2024-09-02,2493.800048828125,28.731000900268555,-0.7782808484925153,0,,,,,0,0,0.0,-3729129.74970459,0.0,46270870.25029541,,,,
2024-09-03,2489.89990234375,27.951000213623047,-2.4626828727802486,0,,,,,0,0,0.0,-3729129.74970459,0.0,46270870.25029541,,,,
2024-09-04,2493.39990234375,28.16699981689453,-1.7947456950338296,0,,,,,0,0,0.0,-3729129.74970459,0.0,46270870.25029541,,,,
2024-09-05,2511.39990234375,28.719999313354492,-1.1595583531992355,0,,,,,0,0,0.0,-3729129.74970459,0.0,46270870.25029541,,,,
2024-09-06,2493.5,27.808000564575195,-2.098936024207911,0,,,,,0,0,0.0,-3729129.74970459,0.0,46270870.25029541,,,,
2024-09-07,2493.5,27.808000564575195,-1.8296449998275275,0,,,,,0,0,0.0,-3729129.74970459,0.0,46270870.25029541,,,,
2024-09-08,2493.5,27.808000564575195,-1.599290220849519,0,,,,,0,0,0.0,-3729129.74970459,0.0,46270870.25029541,,,,
2024-09-09,2501.800048828125,28.291000366210938,-0.9530310778957042,0,,,,,0,0,0.0,-3729129.74970459,0.0,46270870.25029541,,,,
2024-09-10,2512.300048828125,28.256999969482422,-1.1408700375034262,0,,,,,0,0,0.0,-3729129.74970459,0.0,46270870.25029541,,,,
2024-09-11,2512.10009765625,28.562999725341797,-0.6048742454898627,0,,,,,0,0,0.0,-3729129.74970459,0.0,46270870.25029541,,,,
2024-09-12,2551.199951171875,29.743000030517578,0.3047272772485241,0,,,,,0,0,0.0,-3729129.74970459,0.0,46270870.25029541,,,,
2024-09-13,2581.300048828125,30.698999404907227,1.112475332079965,0,,,,,0,0,0.0,-3729129.74970459,0.0,46270870.25029541,,,,
2024-09-14,2581.300048828125,30.698999404907227,1.1695638444051768,0,,,,,0,0,0.0,-3729129.74970459,0.0,46270870.25029541,,,,
2024-09-15,2581.300048828125,30.698999404907227,1.244244550839769,0,,,,,0,0,0.0,-3729129.74970459,0.0,46270870.25029541,,,,
2024-09-16,2580.39990234375,30.770999908447266,1.464095631021994,0,,,,,0,0,0.0,-3729129.74970459,0.0,46270870.25029541,,,,
2024-09-17,2564.300048828125,30.618999481201172,1.543686393876393,0,,,,,0,0,0.0,-3729129.74970459,0.0,46270870.25029541,,,,
2024-09-18,2570.699951171875,30.340999603271484,0.8709254463060933,0,,,,,0,0,0.0,-3729129.74970459,0.0,46270870.25029541,,,,
2024-09-19,2588.0,31.0939998626709,1.5160746971707275,0,,,,,0,0,0.0,-3729129.74970459,0.0,46270870.25029541,,,,
2024-09-20,2619.89990234375,31.176000595092773,0.7704999820389525,0,,,,,0,0,0.0,-3729129.74970459,0.0,46270870.25029541,,,,
2024-09-21,2619.89990234375,31.176000595092773,0.7265831491862819,0,,,,,0,0,0.0,-3729129.74970459,0.0,46270870.25029541,,,,
2024-09-22,2619.89990234375,31.176000595092773,0.6848085341931788,0,,,,,0,0,0.0,-3729129.74970459,0.0,46270870.25029541,,,,
2024-09-23,2626.5,30.767000198364258,-0.16850102264298555,0,,,,,0,0,0.0,-3729129.74970459,0.0,46270870.25029541,,,,
2024-09-24,2651.199951171875,32.111000061035156,1.2134966765923556,0,,,,,0,0,0.0,-3729129.74970459,0.0,46270870.25029541,,,,
2024-09-25,2659.199951171875,31.697999954223633,0.31625207925812066,0,,,,,0,0,0.0,-3729129.74970459,0.0,46270870.25029541,,,,
2024-09-26,2669.89990234375,32.025001525878906,0.486287945434447,0,,,,,0,0,0.0,-3729129.74970459,0.0,46270870.25029541,,,,
2024-09-27,2644.300048828125,31.518999099731445,0.24027796368144458,0,,,,,0,0,0.0,-3729129.74970459,0.0,46270870.25029541,,,,
2024-09-28,2644.300048828125,31.518999099731445,0.13845479372571365,0,,,,,0,0,0.0,-3729129.74970459,0.0,46270870.25029541,,,,
2024-09-29,2644.300048828125,31.518999099731445,0.03942996240778865,0,,,,,0,0,0.0,-3729129.74970459,0.0,46270870.25029541,,,,
2024-09-30,2636.10009765625,31.163999557495117,-0.8136547412947452,0,,,,,0,0,0.0,-3729129.74970459,0.0,46270870.25029541,,,,
2024-10-01,2667.300048828125,31.44499969482422,-1.8743463324118355,0,,,,,0,0,0.0,-3729129.74970459,0.0,46270870.25029541,,,,
2024-10-02,2647.10009765625,31.628000259399414,-0.009310877013526933,0,,,,,0,0,0.0,-3729129.74970459,0.0,46270870.25029541,,,,
2024-10-03,2657.10009765625,32.18899917602539,1.446917316066966,0,,,,,0,0,0.0,-3729129.74970459,0.0,46270870.25029541,,,,
2024-10-04,2645.800048828125,32.12799835205078,1.686180548428731,0,,,,,0,0,0.0,-3729129.74970459,0.0,46270870.25029541,,,,
2024-10-05,2645.800048828125,32.12799835205078,1.5160818172414425,0,,,,,0,0,0.0,-3729129.74970459,0.0,46270870.25029541,,,,
2024-10-06,2645.800048828125,32.12799835205078,1.395648033540253,0,,,,,0,0,0.0,-3729129.74970459,0.0,46270870.25029541,,,,
2024-10-07,2644.800048828125,31.7450008392334,0.2895730731484218,0,,,,,0,0,0.0,-3729129.74970459,0.0,46270870.25029541,,,,
2024-10-08,2615.0,30.354999542236328,-2.1376948874746393,0,,,,,0,0,0.0,-3729129.74970459,0.0,46270870.25029541,,,,
2024-10-09,2606.0,30.424999237060547,-1.3873941390949946,0,,,,,0,0,0.0,-3729129.74970459,0.0,46270870.25029541,,,,
2024-10-10,2620.60009765625,31.0049991607666,-0.4415690120435554,0,,,,,0,0,0.0,-3729129.74970459,0.0,46270870.25029541,,,,
2024-10-11,2657.60009765625,31.520000457763672,-0.6124134390566623,0,,,,,0,0,0.0,-3729129.74970459,0.0,46270870.25029541,,,,
2024-10-12,2657.60009765625,31.520000457763672,-0.5728500361843301,0,,,,,0,0,0.0,-3729129.74970459,0.0,46270870.25029541,,,,
2024-10-13,2657.60009765625,31.520000457763672,-0.6258568428592626,0,,,,,0,0,0.0,-3729129.74970459,0.0,46270870.25029541,,,,
2024-10-14,2647.800048828125,31.08300018310547,-1.2443382467583277,0,,,,,0,0,0.0,-3729129.74970459,0.0,46270870.25029541,,,,
2024-10-15,2661.39990234375,31.527000427246094,-0.6062731226876634,0,,,,,0,0,0.0,-3729129.74970459,0.0,46270870.25029541,,,,
2024-10-16,2674.0,31.760000228881836,-0.4803007899097393,0,,,,,0,0,0.0,-3729129.74970459,0.0,46270870.25029541,,,,
2024-10-17,2691.0,31.572999954223633,-1.503788506047877,0,,,,,0,0,0.0,-3729129.74970459,0.0,46270870.25029541,,,,
2024-10-18,2713.699951171875,33.03200149536133,1.118031986344774,0,,,,,0,0,0.0,-3729129.74970459,0.0,46270870.25029541,,,,
2024-10-19,2713.699951171875,33.03200149536133,1.0388530169959587,0,,,,,0,0,0.0,-3729129.74970459,0.0,46270870.25029541,,,,
2024-10-20,2713.699951171875,33.03200149536133,0.9467688605547497,0,,,,,0,0,0.0,-3729129.74970459,0.0,46270870.25029541,,,,
2024-10-21,2723.10009765625,33.86899948120117,2.086785325073071,0,,,,,0,0,0.0,-3729129.74970459,0.0,46270870.25029541,,,,
2024-10-22,2744.199951171875,34.83100128173828,2.5492088680234453,0,,,,,0,0,0.0,-3729129.74970459,0.0,46270870.25029541,,,,
2024-10-23,2714.39990234375,33.63999938964844,1.2938353794761006,0,,,,,0,0,0.0,-3729129.74970459,0.0,46270870.25029541,,,,
2024-10-24,2734.89990234375,33.611000061035156,0.7274543561145591,0,,,,,0,0,0.0,-3729129.74970459,0.0,46270870.25029541,,,,
2024-10-25,2740.89990234375,33.60300064086914,0.5704554027673583,0,,,,,0,0,0.0,-3729129.74970459,0.0,46270870.25029541,,,,
2024-10-26,2740.89990234375,33.60300064086914,0.5762977848459122,0,,,,,0,0,0.0,-3729129.74970459,0.0,46270870.25029541,,,,
2024-10-27,2740.89990234375,33.60300064086914,0.5473400794817652,0,,,,,0,0,0.0,-3729129.74970459,0.0,46270870.25029541,,,,
2024-10-28,2742.89990234375,33.83000183105469,0.7677073661366196,0,,,,,0,0,0.0,-3729129.74970459,0.0,46270870.25029541,,,,
2024-10-29,2768.39990234375,34.26900100708008,0.7326895972419206,0,,,,,0,0,0.0,-3729129.74970459,0.0,46270870.25029541,,,,
2024-10-30,2788.5,33.91400146484375,-0.40936822008855644,0,,,,,0,0,0.0,-3729129.74970459,0.0,46270870.25029541,,,,
2024-10-31,2738.300048828125,32.65299987792969,-1.136255211966373,0,,,,,0,0,0.0,-3729129.74970459,0.0,46270870.25029541,,,,
2024-11-01,2738.60009765625,32.54199981689453,-1.2706674717454354,0,,,,,0,0,0.0,-3729129.74970459,0.0,46270870.25029541,,,,
2024-11-02,2738.60009765625,32.54199981689453,-1.2186581049751108,0,,,,,0,0,0.0,-3729129.74970459,0.0,46270870.25029541,,,,
2024-11-03,2738.60009765625,32.54199981689453,-1.2183969459746955,0,,,,,0,0,0.0,-3729129.74970459,0.0,46270870.25029541,,,,
2024-11-04,2736.10009765625,32.47999954223633,-1.207440395732715,0,,,,,0,0,0.0,-3729129.74970459,0.0,46270870.25029541,,,,
2024-11-05,2740.300048828125,32.654998779296875,-1.0169616569452615,0,,,,,0,0,0.0,-3729129.74970459,0.0,46270870.25029541,,,,
2024-11-06,2667.60009765625,31.22100067138672,-1.423692112026531,0,,,,,0,0,0.0,-3729129.74970459,0.0,46270870.25029541,,,,
2024-11-07,2698.39990234375,31.764999389648438,-1.2200744173785008,0,,,,,0,0,0.0,-3729129.74970459,0.0,46270870.25029541,,,,
2024-11-08,2687.5,31.358999252319336,-1.387286330124622,0,,,,,0,0,0.0,-3729129.74970459,0.0,46270870.25029541,,,,
2024-11-09,2687.5,31.358999252319336,-1.2476024268154173,0,,,,,0,0,0.0,-3729129.74970459,0.0,46270870.25029541,,,,
2024-11-10,2687.5,31.358999252319336,-1.1345047022764203,0,,,,,0,0,0.0,-3729129.74970459,0.0,46270870.25029541,,,,
2024-11-11,2611.199951171875,30.540000915527344,-0.5230461298495899,0,,,,,0,0,0.0,-3729129.74970459,0.0,46270870.25029541,,,,
2024-11-12,2600.0,30.68600082397461,0.08829146263837412,0,,,,,0,0,0.0,-3729129.74970459,0.0,46270870.25029541,,,,
2024-11-13,2580.800048828125,30.59000015258789,0.5301110359780395,0,,,,,0,0,0.0,-3729129.74970459,0.0,46270870.25029541,,,,
2024-11-14,2568.199951171875,30.507999420166016,0.8052471723422838,0,,,,,0,0,0.0,-3729129.74970459,0.0,46270870.25029541,,,,
2024-11-15,2565.699951171875,30.371000289916992,0.691905649126101,0,,,,,0,0,0.0,-3729129.74970459,0.0,46270870.25029541,,,,
2024-11-16,2565.699951171875,30.371000289916992,0.770743978594492,0,,,,,0,0,0.0,-3729129.74970459,0.0,46270870.25029541,,,,
2024-11-17,2565.699951171875,30.371000289916992,0.9267624306355244,0,,,,,0,0,0.0,-3729129.74970459,0.0,46270870.25029541,,,,
2024-11-18,2610.60009765625,31.163000106811523,1.326597396437448,0,,,,,0,0,0.0,-3729129.74970459,0.0,46270870.25029541,,,,
2024-11-19,2627.10009765625,31.20800018310547,0.7680437260422196,0,,,,,0,0,0.0,-3729129.74970459,0.0,46270870.25029541,,,,
2024-11-20,2648.199951171875,30.95599937438965,-0.7746725849188904,0,,,,,0,0,0.0,-3729129.74970459,0.0,46270870.25029541,,,,
2024-11-21,2672.10009765625,30.91200065612793,-1.690142860697756,0,,,,,0,0,0.0,-3729129.74970459,0.0,46270870.25029541,,,,
2024-11-22,2709.89990234375,31.30900001525879,-1.8943592261032618,0,,,,,0,0,0.0,-3729129.74970459,0.0,46270870.25029541,,,,
2024-11-23,2709.89990234375,31.30900001525879,-1.666817833691419,0,,,,,0,0,0.0,-3729129.74970459,0.0,46270870.25029541,,,,
2024-11-24,2709.89990234375,31.30900001525879,-1.4910775033008485,0,,,,,0,0,0.0,-3729129.74970459,0.0,46270870.25029541,,,,
2024-11-25,2616.800048828125,30.209999084472656,-0.6869006852788688,0,,,,,0,0,0.0,-3729129.74970459,0.0,46270870.25029541,,,,
2024-11-26,2620.300048828125,30.38800048828125,-0.45203012612090504,0,,,,,0,0,0.0,-3729129.74970459,0.0,46270870.25029541,,,,
2024-11-27,2639.89990234375,30.111000061035156,-1.4050292487101683,0,,,,,0,0,0.0,-3729129.74970459,0.0,46270870.25029541,,,,
2024-11-28,2639.89990234375,30.111000061035156,-1.3077862625701409,0,,,,,0,0,0.0,-3729129.74970459,0.0,46270870.25029541,,,,
2024-11-29,2657.0,30.684999465942383,-0.7800737346187617,0,,,,,0,0,0.0,-3729129.74970459,0.0,46270870.25029541,,,,
2024-11-30,2657.0,30.684999465942383,-0.7572432650895947,0,,,,,0,0,0.0,-3729129.74970459,0.0,46270870.25029541,,,,
2024-12-01,2657.0,30.684999465942383,-0.699635948864794,0,,,,,0,0,0.0,-3729129.74970459,0.0,46270870.25029541,,,,
2024-12-02,2634.89990234375,30.448999404907227,-0.44508601091848554,0,,,,,0,0,0.0,-3729129.74970459,0.0,46270870.25029541,,,,
2024-12-03,2644.699951171875,31.07699966430664,0.3919682258014695,0,,,,,0,0,0.0,-3729129.74970459,0.0,46270870.25029541,,,,
2024-12-04,2653.800048828125,31.5049991607666,0.9491972060970228,0,,,,,0,0,0.0,-3729129.74970459,0.0,46270870.25029541,,,,
2024-12-05,2626.60009765625,31.134000778198242,1.1173853381022993,0,,,,,0,0,0.0,-3729129.74970459,0.0,46270870.25029541,,,,
2024-12-06,2638.60009765625,31.18600082397461,0.9300301715018566,0,,,,,0,0,0.0,-3729129.74970459,0.0,46270870.25029541,,,,
2024-12-07,2638.60009765625,31.18600082397461,1.0130180358905787,0,,,,,0,0,0.0,-3729129.74970459,0.0,46270870.25029541,,,,
2024-12-08,2638.60009765625,31.18600082397461,1.1346835869889116,0,,,,,0,0,0.0,-3729129.74970459,0.0,46270870.25029541,,,,
2024-12-09,2664.89990234375,32.215999603271484,2.2163716862684146,0,,,,,0,0,0.0,-3729129.74970459,0.0,46270870.25029541,,,,
2024-12-10,2697.60009765625,32.362998962402344,1.3297964543993672,0,,,,,0,0,0.0,-3729129.74970459,0.0,46270870.25029541,,,,
2024-12-11,2733.800048828125,32.5620002746582,0.5408763478514935,0,,,,,0,0,0.0,-3729129.74970459,0.0,46270870.25029541,,,,
2024-12-12,2687.5,31.22800064086914,-0.6254436023783645,0,,,,,0,0,0.0,-3729129.74970459,0.0,46270870.25029541,,,,
2024-12-13,2656.0,30.655000686645508,-0.7932139371550513,0,,,,,0,0,0.0,-3729129.74970459,0.0,46270870.25029541,,,,
2024-12-14,2656.0,30.655000686645508,-0.8336833933312479,0,,,,,0,0,0.0,-3729129.74970459,0.0,46270870.25029541,,,,
2024-12-15,2656.0,30.655000686645508,-0.8045848365497523,0,,,,,0,0,0.0,-3729129.74970459,0.0,46270870.25029541,,,,
2024-12-16,2651.39990234375,30.69700050354004,-0.546872154331927,0,,,,,0,0,0.0,-3729129.74970459,0.0,46270870.25029541,,,,
2024-12-17,2644.39990234375,30.572999954223633,-0.6349790158712562,0,,,,,0,0,0.0,-3729129.74970459,0.0,46270870.25029541,,,,
2024-12-18,2636.5,30.40999984741211,-0.7813195557712865,0,,,,,0,0,0.0,-3729129.74970459,0.0,46270870.25029541,,,,
2024-12-19,2592.199951171875,29.0939998626709,-1.874543956595889,0,,,,,0,0,0.0,-3729129.74970459,0.0,46270870.25029541,,,,
2024-12-20,2628.699951171875,29.65999984741211,-1.7276182640056632,0,,,,,0,0,0.0,-3729129.74970459,0.0,46270870.25029541,,,,
2024-12-21,2628.699951171875,29.65999984741211,-1.5745714217616913,0,,,,,0,0,0.0,-3729129.74970459,0.0,46270870.25029541,,,,
2024-12-22,2628.699951171875,29.65999984741211,-1.430927853174346,0,,,,,0,0,0.0,-3729129.74970459,0.0,46270870.25029541,,,,
2024-12-23,2612.300048828125,29.88800048828125,-0.5589640158691305,0,,,,,0,0,0.0,-3729129.74970459,0.0,46270870.25029541,,,,
2024-12-24,2620.0,29.974000930786133,-0.5511945925419327,0,,,,,0,0,0.0,-3729129.74970459,0.0,46270870.25029541,,,,
2024-12-25,2620.0,29.974000930786133,-0.47973110727563956,0,,,,,0,0,0.0,-3729129.74970459,0.0,46270870.25029541,,,,
2024-12-26,2638.800048828125,30.047000885009766,-0.7962293611876061,0,,,,,0,0,0.0,-3729129.74970459,0.0,46270870.25029541,,,,
2024-12-27,2617.199951171875,29.655000686645508,-0.7911341737410843,0,,,,,0,0,0.0,-3729129.74970459,0.0,46270870.25029541,,,,
2024-12-28,2617.199951171875,29.655000686645508,-0.7115808152976605,0,,,,,0,0,0.0,-3729129.74970459,0.0,46270870.25029541,,,,
2024-12-29,2617.199951171875,29.655000686645508,-0.6938255084226087,0,,,,,0,0,0.0,-3729129.74970459,0.0,46270870.25029541,,,,
2024-12-30,2606.10009765625,29.106000900268555,-1.685584415543816,0,,,,,0,0,0.0,-3729129.74970459,0.0,46270870.25029541,,,,
2024-12-31,2629.199951171875,28.940000534057617,-2.8005226283338205,0,,,,,0,0,0.0,-3729129.74970459,0.0,46270870.25029541,,,,
2025-01-01,2629.199951171875,28.940000534057617,-2.26826049028672,0,,,,,0,0,0.0,-3729129.74970459,0.0,46270870.25029541,,,,
2025-01-02,2658.89990234375,29.621999740600586,-1.5587994081168641,0,,,,,0,0,0.0,-3729129.74970459,0.0,46270870.25029541,,,,
2025-01-03,2645.0,29.805999755859375,-0.5529552179274787,0,,,,,0,0,0.0,-3729129.74970459,0.0,46270870.25029541,,,,
2025-01-04,2645.0,29.805999755859375,-0.4854644752992531,0,,,,,0,0,0.0,-3729129.74970459,0.0,46270870.25029541,,,,
2025-01-05,2645.0,29.805999755859375,-0.4124087958578701,0,,,,,0,0,0.0,-3729129.74970459,0.0,46270870.25029541,,,,
2025-01-06,2638.39990234375,30.341999053955078,1.2534574466172121,0,,,,,0,0,0.0,-3729129.74970459,0.0,46270870.25029541,,,,
2025-01-07,2656.699951171875,30.44700050354004,0.8404286665461589,0,,,,,0,0,0.0,-3729129.74970459,0.0,46270870.25029541,,,,
2025-01-08,2664.5,30.45199966430664,0.48452230669206814,0,,,,,0,0,0.0,-3729129.74970459,0.0,46270870.25029541,,,,
2025-01-09,2683.800048828125,30.791000366210938,0.5246528590624886,0,,,,,0,0,0.0,-3729129.74970459,0.0,46270870.25029541,,,,
2025-01-10,2708.5,31.090999603271484,0.2448735999124253,0,,,,,0,0,0.0,-3729129.74970459,0.0,46270870.25029541,,,,
2025-01-11,2708.5,31.090999603271484,0.2250037031176876,0,,,,,0,0,0.0,-3729129.74970459,0.0,46270870.25029541,,,,
2025-01-12,2708.5,31.090999603271484,0.28062678880590375,0,,,,,0,0,0.0,-3729129.74970459,0.0,46270870.25029541,,,,
2025-01-13,2673.5,30.090999603271484,-0.8378295068272171,0,,,,,0,0,0.0,-3729129.74970459,0.0,46270870.25029541,,,,
2025-01-14,2677.5,30.131999969482422,-0.816991835067834,0,,,,,0,0,0.0,-3729129.74970459,0.0,46270870.25029541,,,,
2025-01-15,2712.5,31.319000244140625,0.9594650603720581,0,,,,,0,0,0.0,-3729129.74970459,0.0,46270870.25029541,,,,
2025-01-16,2746.39990234375,31.523000717163086,0.01652613415284687,0,,,,,0,0,0.0,-3729129.74970459,0.0,46270870.25029541,,,,
2025-01-17,2744.300048828125,30.951000213623047,-1.3645562631660428,0,,,,,0,0,0.0,-3729129.74970459,0.0,46270870.25029541,,,,
2025-01-18,2744.300048828125,30.951000213623047,-1.2245358019441586,0,,,,,0,0,0.0,-3729129.74970459,0.0,46270870.25029541,,,,
2025-01-19,2744.300048828125,30.951000213623047,-1.1329473291201677,0,,,,,0,0,0.0,-3729129.74970459,0.0,46270870.25029541,,,,
2025-01-20,2744.300048828125,30.951000213623047,-1.1889824688999744,0,,,,,0,0,0.0,-3729129.74970459,0.0,46270870.25029541,,,,
2025-01-21,2755.0,31.31100082397461,-0.781254424434521,0,,,,,0,0,0.0,-3729129.74970459,0.0,46270870.25029541,,,,
2025-01-22,2767.60009765625,31.23900032043457,-1.4999663689018827,0,,,,,0,0,0.0,-3729129.74970459,0.0,46270870.25029541,,,,
2025-01-23,2763.10009765625,30.67300033569336,-2.2895244364020253,0,,,,,0,0,0.0,-3729129.74970459,0.0,46270870.25029541,,,,
2025-01-24,2777.300048828125,31.023000717163086,-1.7360558719884356,0,,,,,0,0,0.0,-3729129.74970459,0.0,46270870.25029541,,,,
2025-01-25,2777.300048828125,31.023000717163086,-1.5309951906834687,0,,,,,0,0,0.0,-3729129.74970459,0.0,46270870.25029541,,,,
2025-01-26,2777.300048828125,31.023000717163086,-1.3960593532246859,0,,,,,0,0,0.0,-3729129.74970459,0.0,46270870.25029541,,,,
2025-01-27,2737.5,30.253999710083008,-1.4856489635035586,0,,,,,0,0,0.0,-3729129.74970459,0.0,46270870.25029541,,,,
2025-01-28,2766.800048828125,30.726999282836914,-1.3355087429740826,0,,,,,0,0,0.0,-3729129.74970459,0.0,46270870.25029541,,,,
2025-01-29,2769.10009765625,31.238000869750977,-0.3316478383203556,0,,,,,0,0,0.0,-3729129.74970459,0.0,46270870.25029541,,,,
2025-01-30,2823.0,32.36399841308594,0.28007728924885467,0,,,,,0,0,0.0,-3729129.74970459,0.0,46270870.25029541,,,,
2025-01-31,2812.5,32.12799835205078,0.21680591868471627,0,,,,,0,0,0.0,-3729129.74970459,0.0,46270870.25029541,,,,
2025-02-01,2812.5,32.12799835205078,0.3172558286939056,0,,,,,0,0,0.0,-3729129.74970459,0.0,46270870.25029541,,,,
2025-02-02,2812.5,32.12799835205078,0.3480581224682679,0,,,,,0,0,0.0,-3729129.74970459,0.0,46270870.25029541,,,,
2025-02-03,2833.89990234375,32.391998291015625,0.17622163698250104,0,,,,,0,0,0.0,-3729129.74970459,0.0,46270870.25029541,,,,
2025-02-04,2853.300048828125,32.88800048828125,0.9100549597211989,0,,,,,0,0,0.0,-3729129.74970459,0.0,46270870.25029541,,,,
2025-02-05,2871.60009765625,32.856998443603516,-0.0211013354749743,0,,,,,0,0,0.0,-3729129.74970459,0.0,46270870.25029541,,,,
2025-02-06,2856.0,32.518001556396484,-0.3007926753323565,0,,,,,0,0,0.0,-3729129.74970459,0.0,46270870.25029541,,,,
2025-02-07,2867.300048828125,32.334999084472656,-1.4440079426599894,0,,,,,0,0,0.0,-3729129.74970459,0.0,46270870.25029541,,,,
2025-02-08,2867.300048828125,32.334999084472656,-1.2912330118999926,0,,,,,0,0,0.0,-3729129.74970459,0.0,46270870.25029541,,,,
2025-02-09,2867.300048828125,32.334999084472656,-1.1621405662543518,0,,,,,0,0,0.0,-3729129.74970459,0.0,46270870.25029541,,,,
2025-02-10,2914.300048828125,32.391998291015625,-2.6411984987429014,0,,,,,0,0,0.0,-3729129.74970459,0.0,46270870.25029541,,,,
2025-02-11,2912.5,32.23099899291992,-2.3637964161876663,0,,,,,0,0,0.0,-3729129.74970459,0.0,46270870.25029541,,,,
2025-02-12,2909.0,32.69499969482422,-1.1194689123703776,0,,,,,0,0,0.0,-3729129.74970459,0.0,46270870.25029541,,,,
2025-02-13,2925.89990234375,32.650001525878906,-1.6024874697147145,0,,,,,0,0,0.0,-3729129.74970459,0.0,46270870.25029541,,,,
2025-02-14,2883.60009765625,32.80099868774414,0.07646913429587637,0,,,,,0,0,0.0,-3729129.74970459,0.0,46270870.25029541,,,,
2025-02-15,2883.60009765625,32.80099868774414,0.06953031157575211,0,,,,,0,0,0.0,-3729129.74970459,0.0,46270870.25029541,,,,
2025-02-16,2883.60009765625,32.80099868774414,0.04967005243690139,0,,,,,0,0,0.0,-3729129.74970459,0.0,46270870.25029541,,,,
2025-02-17,2883.60009765625,32.80099868774414,0.029883610113840373,0,,,,,0,0,0.0,-3729129.74970459,0.0,46270870.25029541,,,,
2025-02-18,2931.60009765625,33.31700134277344,-0.4399536649588965,0,,,,,0,0,0.0,-3729129.74970459,0.0,46270870.25029541,,,,
2025-02-19,2919.39990234375,32.99300003051758,-0.6257881428420513,0,,,,,0,0,0.0,-3729129.74970459,0.0,46270870.25029541,,,,
2025-02-20,2940.0,33.444000244140625,-0.30670210488769073,0,,,,,0,0,0.0,-3729129.74970459,0.0,46270870.25029541,,,,
2025-02-21,2937.60009765625,32.97600173950195,-1.1345527671859315,0,,,,,0,0,0.0,-3729129.74970459,0.0,46270870.25029541,,,,
2025-02-22,2937.60009765625,32.97600173950195,-1.0371499167854465,0,,,,,0,0,0.0,-3729129.74970459,0.0,46270870.25029541,,,,
2025-02-23,2937.60009765625,32.97600173950195,-0.9465131322267113,0,,,,,0,0,0.0,-3729129.74970459,0.0,46270870.25029541,,,,
2025-02-24,2947.89990234375,32.57500076293945,-2.071355328891702,0,,,,,0,0,0.0,-3729129.74970459,0.0,46270870.25029541,,,,
2025-02-25,2904.5,31.801000595092773,-1.958589560831704,0,,,,,0,0,0.0,-3729129.74970459,0.0,46270870.25029541,,,,
2025-02-26,2916.800048828125,32.25299835205078,-1.2620488358727153,0,,,,,0,0,0.0,-3729129.74970459,0.0,46270870.25029541,,,,
2025-02-27,2883.199951171875,31.801000595092773,-0.9602825818504922,0,,,,,0,0,0.0,-3729129.74970459,0.0,46270870.25029541,,,,
2025-02-28,2836.800048828125,31.2189998626709,-0.525668501704932,0,,,,,0,0,0.0,-3729129.74970459,0.0,46270870.25029541,,,,
2025-03-01,2836.800048828125,31.2189998626709,-0.4621920288734734,0,,,,,0,0,0.0,-3729129.74970459,0.0,46270870.25029541,,,,
2025-03-02,2836.800048828125,31.2189998626709,-0.47303909257404375,0,,,,,0,0,0.0,-3729129.74970459,0.0,46270870.25029541,,,,
2025-03-03,2890.199951171875,32.03200149536133,-0.6076017045010593,0,,,,,0,0,0.0,-3729129.74970459,0.0,46270870.25029541,,,,
2025-03-04,2909.60009765625,32.108001708984375,-1.0622154309721616,0,,,,,0,0,0.0,-3729129.74970459,0.0,46270870.25029541,,,,
2025-03-05,2915.300048828125,32.858001708984375,0.4046280019383063,0,,,,,0,0,0.0,-3729129.74970459,0.0,46270870.25029541,,,,
2025-03-06,2916.60009765625,33.0629997253418,0.89184042191567,0,,,,,0,0,0.0,-3729129.74970459,0.0,46270870.25029541,,,,
2025-03-07,2904.699951171875,32.54800033569336,0.20403610336384456,0,,,,,0,0,0.0,-3729129.74970459,0.0,46270870.25029541,,,,
2025-03-08,2904.699951171875,32.54800033569336,0.30501034418776485,0,,,,,0,0,0.0,-3729129.74970459,0.0,46270870.25029541,,,,
2025-03-09,2904.699951171875,32.54800033569336,0.4342104140122784,0,,,,,0,0,0.0,-3729129.74970459,0.0,46270870.25029541,,,,
2025-03-10,2891.0,32.275001525878906,0.3515406249999594,0,,,,,0,0,0.0,-3729129.74970459,0.0,46270870.25029541,,,,
2025-03-11,2912.89990234375,32.88800048828125,1.217601215141879,0,,,,,0,0,0.0,-3729129.74970459,0.0,46270870.25029541,,,,
2025-03-12,2939.10009765625,33.48400115966797,1.7601208566447366,0,,,,,0,0,0.0,-3729129.74970459,0.0,46270870.25029541,,,,
2025-03-13,2984.300048828125,34.05099868774414,1.1419529733007812,0,,,,,0,0,0.0,-3729129.74970459,0.0,46270870.25029541,,,,
2025-03-14,2994.5,34.1870002746582,0.9802331768109288,0,,,,,0,0,0.0,-3729129.74970459,0.0,46270870.25029541,,,,
2025-03-15,2994.5,34.1870002746582,0.9131466689957578,0,,,,,0,0,0.0,-3729129.74970459,0.0,46270870.25029541,,,,
2025-03-16,2994.5,34.1870002746582,0.8359746736453401,0,,,,,0,0,0.0,-3729129.74970459,0.0,46270870.25029541,,,,
2025-03-17,3000.0,34.07400131225586,0.08683138238636079,0,,,,,0,0,0.0,-3729129.74970459,0.0,46270870.25029541,,,,
2025-03-18,3035.10009765625,34.57899856567383,-0.23160809436150953,0,,,,,0,0,0.0,-3729129.74970459,0.0,46270870.25029541,,,,
2025-03-19,3035.89990234375,33.974998474121094,-2.382477102381016,0,,,,,0,0,0.0,-3729129.74970459,0.0,46270870.25029541,,,,
2025-03-20,3040.0,33.7859992980957,-2.5712893664925,0,,,,,0,0,0.0,-3729129.74970459,0.0,46270870.25029541,,,,
2025-03-21,3018.199951171875,33.290000915527344,-2.3921000460188226,0,,,,,0,0,0.0,-3729129.74970459,0.0,46270870.25029541,,,,
2025-03-22,3018.199951171875,33.290000915527344,-2.020015142865492,0,,,,,0,0,0.0,-3729129.74970459,0.0,46270870.25029541,,,,
2025-03-23,3018.199951171875,33.290000915527344,-1.7639155317975344,0,,,,,0,0,0.0,-3729129.74970459,0.0,46270870.25029541,,,,
2025-03-24,3013.10009765625,33.26499938964844,-1.5154311552549125,0,,,,,0,0,0.0,-3729129.74970459,0.0,46270870.25029541,,,,
2025-03-25,3023.699951171875,34.00199890136719,-0.41354806768840763,0,,,,,0,0,0.0,-3729129.74970459,0.0,46270870.25029541,,,,
2025-03-26,3020.89990234375,34.03300094604492,-0.21209661583127865,0,,,,,0,0,0.0,-3729129.74970459,0.0,46270870.25029541,,,,
2025-03-27,3060.199951171875,34.89699935913086,0.24972856948776084,0,,,,,0,0,0.0,-3729129.74970459,0.0,46270870.25029541,,,,
2025-03-28,3086.5,34.64400100708008,-0.9596984220945332,0,,,,,0,0,0.0,-3729129.74970459,0.0,46270870.25029541,,,,
2025-03-29,3086.5,34.64400100708008,-0.8714627913663138,0,,,,,0,0,0.0,-3729129.74970459,0.0,46270870.25029541,,,,
2025-03-30,3086.5,34.64400100708008,-0.7921941553584528,0,,,,,0,0,0.0,-3729129.74970459,0.0,46270870.25029541,,,,
2025-03-31,3122.800048828125,34.457000732421875,-1.9097163640205197,0,,,,,0,0,0.0,-3729129.74970459,0.0,46270870.25029541,,,,
2025-04-01,3118.89990234375,34.15800094604492,-2.0057884803591794,0,,,,,0,0,0.0,-3729129.74970459,0.0,46270870.25029541,,,,
2025-04-02,3139.89990234375,34.499000549316406,-1.759287360151739,0,,,,,0,0,0.0,-3729129.74970459,0.0,46270870.25029541,,,,
2025-04-03,3097.0,31.8439998626709,-3.1787669346470655,0,,,,,0,0,0.0,-3729129.74970459,0.0,46270870.25029541,,,,
2025-04-04,3012.0,29.115999221801758,-3.1117992813294855,0,,,,,0,0,0.0,-3729129.74970459,0.0,46270870.25029541,,,,
2025-04-05,3012.0,29.115999221801758,-2.450206905217483,0,,,,,0,0,0.0,-3729129.74970459,0.0,46270870.25029541,,,,
2025-04-06,3012.0,29.115999221801758,-2.049072838564206,0,,,,,0,0,0.0,-3729129.74970459,0.0,46270870.25029541,,,,
2025-04-07,2951.300048828125,29.510000228881836,-1.1167868855143126,0,,,,,0,0,0.0,-3729129.74970459,0.0,46270870.25029541,,,,
2025-04-08,2968.39990234375,29.591999053955078,-1.1093894865243352,0,,,,,0,0,0.0,-3729129.74970459,0.0,46270870.25029541,,,,
2025-04-09,3056.5,30.322999954223633,-1.3403197658447217,0,,,,,0,0,0.0,-3729129.74970459,0.0,46270870.25029541,,,,
2025-04-10,3155.199951171875,30.67099952697754,-1.743897315454408,0,,,,,0,0,0.0,-3729129.74970459,0.0,46270870.25029541,,,,
2025-04-11,3222.199951171875,31.823999404907227,-1.5033360529352475,0,,,,,0,0,0.0,-3729129.74970459,0.0,46270870.25029541,,,,
2025-04-12,3222.199951171875,31.823999404907227,-1.3410295977906423,0,,,,,0,0,0.0,-3729129.74970459,0.0,46270870.25029541,,,,
2025-04-13,3222.199951171875,31.823999404907227,-1.205771276750327,0,,,,,0,0,0.0,-3729129.74970459,0.0,46270870.25029541,,,,
2025-04-14,3204.800048828125,32.09199905395508,-0.8656726847621046,0,,,,,0,0,0.0,-3729129.74970459,0.0,46270870.25029541,,,,
2025-04-15,3218.699951171875,32.22700119018555,-0.8232813779110402,0,,,,,0,0,0.0,-3729129.74970459,0.0,46270870.25029541,,,,
2025-04-16,3326.60009765625,32.92599868774414,-1.2313042511575318,0,,,,,0,0,0.0,-3729129.74970459,0.0,46270870.25029541,,,,
2025-04-17,3308.699951171875,32.41999816894531,-1.2360418633826773,0,,,,,0,0,0.0,-3729129.74970459,0.0,46270870.25029541,,,,
2025-04-18,3308.699951171875,32.41999816894531,-1.1542823943177702,0,,,,,0,0,0.0,-3729129.74970459,0.0,46270870.25029541,,,,
2025-04-19,3308.699951171875,32.41999816894531,-1.1026985966498457,0,,,,,0,0,0.0,-3729129.74970459,0.0,46270870.25029541,,,,
2025-04-20,3308.699951171875,32.41999816894531,-1.0454333317891291,0,,,,,0,0,0.0,-3729129.74970459,0.0,46270870.25029541,,,,
2025-04-21,3406.199951171875,32.49599838256836,-1.956147404268179,0,,,,,0,0,0.0,-3729129.74970459,0.0,46270870.25029541,,,,
2025-04-22,3400.800048828125,32.880001068115234,-1.6422299698320644,0,,,,,0,0,0.0,-3729129.74970459,0.0,46270870.25029541,,,,
2025-04-23,3276.300048828125,33.518001556396484,0.7071999610000107,0,,,,,0,0,0.0,-3729129.74970459,0.0,46270870.25029541,,,,
2025-04-24,3332.0,33.481998443603516,-0.10788677266425582,0,,,,,0,0,0.0,-3729129.74970459,0.0,46270870.25029541,,,,
2025-04-25,3282.39990234375,32.98899841308594,0.19611990934726148,0,,,,,0,0,0.0,-3729129.74970459,0.0,46270870.25029541,,,,
2025-04-26,3282.39990234375,32.98899841308594,0.2204121191783035,0,,,,,0,0,0.0,-3729129.74970459,0.0,46270870.25029541,,,,
2025-04-27,3282.39990234375,32.98899841308594,0.34447534483698417,0,,,,,0,0,0.0,-3729129.74970459,0.0,46270870.25029541,,,,
2025-04-28,3332.5,32.9900016784668,-0.4260879952299059,0,,,,,0,0,0.0,-3729129.74970459,0.0,46270870.25029541,,,,
2025-04-29,3318.800048828125,33.275001525878906,0.28022514113092123,0,,,,,0,0,0.0,-3729129.74970459,0.0,46270870.25029541,,,,
2025-04-30,3305.0,32.53099822998047,-0.3668009544195499,0,,,,,0,0,0.0,-3729129.74970459,0.0,46270870.25029541,,,,
2025-05-01,3210.0,32.18899917602539,1.113322578626867,0,,,,,0,0,0.0,-3729129.74970459,0.0,46270870.25029541,,,,
2025-05-02,3231.89990234375,31.98900032043457,0.41186551158205864,0,,,,,0,0,0.0,-3729129.74970459,0.0,46270870.25029541,,,,
2025-05-03,3231.89990234375,31.98900032043457,0.4111942583302295,0,,,,,0,0,0.0,-3729129.74970459,0.0,46270870.25029541,,,,
2025-05-04,3231.89990234375,31.98900032043457,0.45824247165051357,0,,,,,0,0,0.0,-3729129.74970459,0.0,46270870.25029541,,,,
2025-05-05,3311.300048828125,32.20500183105469,-0.8373445584292135,0,,,,,0,0,0.0,-3729129.74970459,0.0,46270870.25029541,,,,
2025-05-06,3411.39990234375,33.112998962402344,-1.568963048073842,0,,,,,0,0,0.0,-3729129.74970459,0.0,46270870.25029541,,,,
2025-05-07,3381.39990234375,32.53099822998047,-1.5244118864015248,0,,,,,0,0,0.0,-3729129.74970459,0.0,46270870.25029541,,,,
2025-05-08,3296.60009765625,32.37799835205078,-0.13932630066663662,0,,,,,0,0,0.0,-3729129.74970459,0.0,46270870.25029541,,,,
2025-05-09,3335.39990234375,32.67599868774414,-0.5032960332454959,0,,,,,0,0,0.0,-3729129.74970459,0.0,46270870.25029541,,,,
2025-05-10,3335.39990234375,32.67599868774414,-0.4912856716480101,0,,,,,0,0,0.0,-3729129.74970459,0.0,46270870.25029541,,,,
2025-05-11,3335.39990234375,32.67599868774414,-0.6351191117166894,0,,,,,0,0,0.0,-3729129.74970459,0.0,46270870.25029541,,,,
2025-05-12,3220.0,32.38800048828125,1.2735683986320845,0,,,,,0,0,0.0,-3729129.74970459,0.0,46270870.25029541,,,,
2025-05-13,3240.300048828125,32.86800003051758,1.495221050170652,0,,,,,0,0,0.0,-3729129.74970459,0.0,46270870.25029541,,,,
2025-05-14,3181.39990234375,32.22600173950195,1.6837578245553377,0,,,,,0,0,0.0,-3729129.74970459,0.0,46270870.25029541,,,,
2025-05-15,3220.699951171875,32.48099899291992,1.1530588287448504,0,,,,,0,0,0.0,-3729129.74970459,0.0,46270870.25029541,,,,
2025-05-16,3182.0,32.15800094604492,1.3981925121489232,0,,,,,0,0,0.0,-3729129.74970459,0.0,46270870.25029541,,,,
2025-05-17,3182.0,32.15800094604492,1.297340932482327,0,,,,,0,0,0.0,-3729129.74970459,0.0,46270870.25029541,,,,
2025-05-18,3182.0,32.15800094604492,1.1696891546678911,0,,,,,0,0,0.0,-3729129.74970459,0.0,46270870.25029541,,,,
2025-05-19,3228.89990234375,32.3129997253418,0.5009005121150684,0,,,,,0,0,0.0,-3729129.74970459,0.0,46270870.25029541,,,,
2025-05-20,3280.300048828125,32.97999954223633,0.2887998083939501,0,,,,,0,0,0.0,-3729129.74970459,0.0,46270870.25029541,,,,
2025-05-21,3309.300048828125,33.4630012512207,0.3266384397820506,0,,,,,0,0,0.0,-3729129.74970459,0.0,46270870.25029541,,,,
2025-05-22,3292.300048828125,33.047000885009766,0.16841425137852892,0,,,,,0,0,0.0,-3729129.74970459,0.0,46270870.25029541,,,,
2025-05-23,3363.60009765625,33.44200134277344,-0.5983640050786925,0,,,,,0,0,0.0,-3729129.74970459,0.0,46270870.25029541,,,,
2025-05-24,3363.60009765625,33.44200134277344,-0.5582546915406258,0,,,,,0,0,0.0,-3729129.74970459,0.0,46270870.25029541,,,,
2025-05-25,3363.60009765625,33.44200134277344,-0.5893329488839881,0,,,,,0,0,0.0,-3729129.74970459,0.0,46270870.25029541,,,,
2025-05-26,3363.60009765625,33.44200134277344,-0.7032382797960821,0,,,,,0,0,0.0,-3729129.74970459,0.0,46270870.25029541,,,,
2025-05-27,3299.10009765625,33.145999908447266,0.05512516807731458,0,,,,,0,0,0.0,-3729129.74970459,0.0,46270870.25029541,,,,
2025-05-28,3293.60009765625,33.0,-0.06856931860137251,0,,,,,0,0,0.0,-3729129.74970459,0.0,46270870.25029541,,,,
2025-05-29,3317.10009765625,33.28300094604492,-0.2765405096750316,0,,,,,0,0,0.0,-3729129.74970459,0.0,46270870.25029541,,,,
2025-05-30,3288.89990234375,32.891998291015625,-0.2750876193444595,0,,,,,0,0,0.0,-3729129.74970459,0.0,46270870.25029541,,,,
2025-05-31,3288.89990234375,32.891998291015625,-0.38474281664270543,0,,,,,0,0,0.0,-3729129.74970459,0.0,46270870.25029541,,,,
2025-06-01,3288.89990234375,32.891998291015625,-0.3357750263468899,0,,,,,0,0,0.0,-3729129.74970459,0.0,46270870.25029541,,,,
2025-06-02,3370.60009765625,34.5629997253418,0.3260604737327847,0,,,,,0,0,0.0,-3729129.74970459,0.0,46270870.25029541,,,,
2025-06-03,3350.199951171875,34.50299835205078,0.8864555841599229,0,,,,,0,0,0.0,-3729129.74970459,0.0,46270870.25029541,,,,
2025-06-04,3373.5,34.51900100708008,0.2609337120793806,0,,,,,0,0,0.0,-3729129.74970459,0.0,46270870.25029541,,,,
2025-06-05,3350.699951171875,35.68899917602539,2.6554234963690906,0,,,,,0,0,0.0,-3729129.74970459,0.0,46270870.25029541,,,,
2025-06-06,3322.699951171875,36.025001525878906,2.9139347980247923,0,,,,,0,0,0.0,-3729129.74970459,0.0,46270870.25029541,,,,
2025-06-07,3322.699951171875,36.025001525878906,2.384720503386134,0,,,,,0,0,0.0,-3729129.74970459,0.0,46270870.25029541,,,,
2025-06-08,3322.699951171875,36.025001525878906,2.001131291063403,0,,,,,0,0,0.0,-3729129.74970459,0.0,46270870.25029541,,,,
2025-06-09,3332.10009765625,36.6879997253418,2.054232949329727,0,,,,,0,0,0.0,-3729129.74970459,0.0,46270870.25029541,,,,
2025-06-10,3320.89990234375,36.54199981689453,1.7859271891554924,0,,,,,0,0,0.0,-3729129.74970459,0.0,46270870.25029541,,,,
2025-06-11,3321.300048828125,36.16600036621094,1.3399424848181882,0,,,,,0,0,0.0,-3729129.74970459,0.0,46270870.25029541,,,,
2025-06-12,3380.89990234375,36.2130012512207,0.6188813585926,0,,,,,0,0,0.0,-3729129.74970459,0.0,46270870.25029541,,,,
2025-06-13,3431.199951171875,36.28099822998047,0.018898466282980222,0,,,,,0,0,0.0,-3729129.74970459,0.0,46270870.25029541,,,,
2025-06-14,3431.199951171875,36.28099822998047,-0.04964230943797857,0,,,,,0,0,0.0,-3729129.74970459,0.0,46270870.25029541,,,,
2025-06-15,3431.199951171875,36.28099822998047,-0.12657539264003714,0,,,,,0,0,0.0,-3729129.74970459,0.0,46270870.25029541,,,,
2025-06-16,3396.39990234375,36.37900161743164,0.3660174165633104,0,,,,,0,0,0.0,-3729129.74970459,0.0,46270870.25029541,,,,
2025-06-17,3386.60009765625,37.09000015258789,1.0108398594063102,0,,,,,0,0,0.0,-3729129.74970459,0.0,46270870.25029541,,,,
2025-06-18,3389.800048828125,36.86600112915039,0.6922212547550545,0,,,,,0,0,0.0,-3729129.74970459,0.0,46270870.25029541,,,,
2025-06-19,3389.800048828125,36.86600112915039,0.6158538145836385,0,,,,,0,0,0.0,-3729129.74970459,0.0,46270870.25029541,,,,
2025-06-20,3368.10009765625,35.97600173950195,0.0182187360881664,0,,,,,0,0,0.0,-3729129.74970459,0.0,46270870.25029541,,,,
2025-06-21,3368.10009765625,35.97600173950195,-0.082721765264986,0,,,,,0,0,0.0,-3729129.74970459,0.0,46270870.25029541,,,,
2025-06-22,3368.10009765625,35.97600173950195,-0.18097985694232885,0,,,,,0,0,0.0,-3729129.74970459,0.0,46270870.25029541,,,,
2025-06-23,3377.699951171875,36.15299987792969,-0.2471656260865286,0,,,,,0,0,0.0,-3729129.74970459,0.0,46270870.25029541,,,,
2025-06-24,3317.39990234375,35.70100021362305,0.37244564435960226,0,,,,,0,0,0.0,-3729129.74970459,0.0,46270870.25029541,,,,
2025-06-25,3327.10009765625,36.084999084472656,0.6746608690946257,0,,,,,0,0,0.0,-3729129.74970459,0.0,46270870.25029541,,,,
2025-06-26,3333.5,36.58599853515625,1.2439273946846956,0,,,,,0,0,0.0,-3729129.74970459,0.0,46270870.25029541,,,,
2025-06-27,3273.699951171875,36.0369987487793,1.6929464626876773,0,,,,,0,0,0.0,-3729129.74970459,0.0,46270870.25029541,,,,
2025-06-28,3273.699951171875,36.0369987487793,1.5367033260413105,0,,,,,0,0,0.0,-3729129.74970459,0.0,46270870.25029541,,,,
2025-06-29,3273.699951171875,36.0369987487793,1.4771392540699237,0,,,,,0,0,0.0,-3729129.74970459,0.0,46270870.25029541,,,,
2025-06-30,3294.39990234375,35.85200119018555,0.8243774681810591,0,,,,,0,0,0.0,-3729129.74970459,0.0,46270870.25029541,,,,
2025-07-01,3336.699951171875,36.082000732421875,0.24267550489952844,0,,,,,0,0,0.0,-3729129.74970459,0.0,46270870.25029541,,,,
2025-07-02,3348.0,36.42599868774414,0.414589285873945,0,,,,,0,0,0.0,-3729129.74970459,0.0,46270870.25029541,,,,
2025-07-03,3331.60009765625,36.784000396728516,1.164669034363181,0,,,,,0,0,0.0,-3729129.74970459,0.0,46270870.25029541,,,,
2025-07-04,3332.5,36.775001525878906,1.05502256345817,0,,,,,0,0,0.0,-3729129.74970459,0.0,46270870.25029541,,,,
2025-07-05,3332.5,36.775001525878906,1.004569472192889,0,,,,,0,0,0.0,-3729129.74970459,0.0,46270870.25029541,,,,
2025-07-06,3332.5,36.775001525878906,0.9154208950674296,0,,,,,0,0,0.0,-3729129.74970459,0.0,46270870.25029541,,,,
2025-07-07,3332.199951171875,36.6150016784668,0.5993334764359087,0,,,,,0,0,0.0,-3729129.74970459,0.0,46270870.25029541,,,,
2025-07-08,3307.0,36.47200012207031,0.9607247322791855,0,,,,,0,0,0.0,-3729129.74970459,0.0,46270870.25029541,,,,
2025-07-09,3311.60009765625,36.35100173950195,0.5624015597521572,0,,,,,0,0,0.0,-3729129.74970459,0.0,46270870.25029541,,,,
2025-07-10,3317.39990234375,37.03799819946289,1.4558254313815242,0,,,,,0,0,0.0,-3729129.74970459,0.0,46270870.25029541,,,,
2025-07-11,3356.0,38.67599868774414,2.6209986388674964,0,,,,,0,0,0.0,-3729129.74970459,0.0,46270870.25029541,,,,
2025-07-12,3356.0,38.67599868774414,2.2562098586484867,0,,,,,0,0,0.0,-3729129.74970459,0.0,46270870.25029541,,,,
2025-07-13,3356.0,38.67599868774414,2.018770334461677,0,,,,,0,0,0.0,-3729129.74970459,0.0,46270870.25029541,,,,
2025-07-14,3351.5,38.46200180053711,1.6169555607611041,0,,,,,0,0,0.0,-3729129.74970459,0.0,46270870.25029541,,,,
2025-07-15,3329.800048828125,37.83399963378906,1.1112371886167984,0,,,,,0,0,0.0,-3729129.74970459,0.0,46270870.25029541,,,,
2025-07-16,3352.5,37.85300064086914,0.5619421057204529,0,,,,,0,0,0.0,-3729129.74970459,0.0,46270870.25029541,,,,
2025-07-17,3340.10009765625,38.055999755859375,1.031811543004867,0,,,,,0,0,0.0,-3729129.74970459,0.0,46270870.25029541,,,,
2025-07-18,3353.0,38.222999572753906,0.8953265750212753,0,,,,,0,0,0.0,-3729129.74970459,0.0,46270870.25029541,,,,
2025-07-19,3353.0,38.222999572753906,0.8209457102490384,0,,,,,0,0,0.0,-3729129.74970459,0.0,46270870.25029541,,,,
2025-07-20,3353.0,38.222999572753906,0.7391669376129629,0,,,,,0,0,0.0,-3729129.74970459,0.0,46270870.25029541,,,,
2025-07-21,3401.89990234375,39.10100173950195,0.7901221785258185,0,,,,,0,0,0.0,-3729129.74970459,0.0,46270870.25029541,,,,
2025-07-22,3439.199951171875,39.31999969482422,0.1470231841017891,0,,,,,0,0,0.0,-3729129.74970459,0.0,46270870.25029541,,,,
2025-07-23,3394.10009765625,39.27799987792969,1.130012437928528,0,,,,,0,0,0.0,-3729129.74970459,0.0,46270870.25029541,,,,
2025-07-24,3371.0,39.020999908447266,1.1941087814465399,0,,,,,0,0,0.0,-3729129.74970459,0.0,46270870.25029541,,,,
2025-07-25,3334.0,38.16699981689453,0.694150952822715,0,,,,,0,0,0.0,-3729129.74970459,0.0,46270870.25029541,,,,
2025-07-26,3334.0,38.16699981689453,0.619335636287811,0,,,,,0,0,0.0,-3729129.74970459,0.0,46270870.25029541,,,,
2025-07-27,3334.0,38.16699981689453,0.5535800086112214,0,,,,,0,0,0.0,-3729129.74970459,0.0,46270870.25029541,,,,
2025-07-28,3309.10009765625,38.0260009765625,1.0526388477731052,0,,,,,0,0,0.0,-3729129.74970459,0.0,46270870.25029541,,,,
2025-07-29,3323.39990234375,38.08399963378906,0.647671845805658,0,,,,,0,0,0.0,-3729129.74970459,0.0,46270870.25029541,,,,
2025-07-30,3295.800048828125,37.566001892089844,0.31724107966989545,0,,,,,0,0,0.0,-3729129.74970459,0.0,46270870.25029541,,,,
2025-07-31,3293.199951171875,36.551998138427734,-2.700599379188596,0,,,,,0,0,0.0,-3729129.74970459,0.0,46270870.25029541,,,,
2025-08-01,3347.699951171875,36.7869987487793,-3.116192913436158,0,,,,,0,0,0.0,-3729129.74970459,0.0,46270870.25029541,,,,
2025-08-02,3347.699951171875,36.7869987487793,-2.4367577000875693,0,,,,,0,0,0.0,-3729129.74970459,0.0,46270870.25029541,,,,
2025-08-03,3347.699951171875,36.7869987487793,-2.027698793654122,0,,,,,0,0,0.0,-3729129.74970459,0.0,46270870.25029541,,,,
2025-08-04,3374.39990234375,37.19200134277344,-1.7777621726820672,0,,,,,0,0,0.0,-3729129.74970459,0.0,46270870.25029541,,,,
2025-08-05,3381.89990234375,37.6870002746582,-1.1260869155068798,0,,,,,0,0,0.0,-3729129.74970459,0.0,46270870.25029541,,,,
2025-08-06,3380.0,37.76599884033203,-0.8830119573883706,0,,,,,0,0,0.0,-3729129.74970459,0.0,46270870.25029541,,,,
2025-08-07,3400.300048828125,38.15800094604492,-0.7227930782865578,0,,,,,0,0,0.0,-3729129.74970459,0.0,46270870.25029541,,,,
2025-08-08,3439.10009765625,38.41699981689453,-1.1200840826195997,0,,,,,0,0,0.0,-3729129.74970459,0.0,46270870.25029541,,,,
2025-08-09,3439.10009765625,38.41699981689453,-1.0157432314152859,0,,,,,0,0,0.0,-3729129.74970459,0.0,46270870.25029541,,,,
2025-08-10,3439.10009765625,38.41699981689453,-0.9203913910271273,0,,,,,0,0,0.0,-3729129.74970459,0.0,46270870.25029541,,,,
2025-08-11,3353.10009765625,37.6619987487793,-0.0680931701571789,0,,,,,0,0,0.0,-3729129.74970459,0.0,46270870.25029541,,,,
2025-08-12,3348.89990234375,37.89899826049805,0.3952109228480242,0,,,,,0,0,0.0,-3729129.74970459,0.0,46270870.25029541,,,,
2025-08-13,3358.699951171875,38.499000549316406,1.0604703869770342,0,,,,,0,0,0.0,-3729129.74970459,0.0,46270870.25029541,,,,
2025-08-14,3335.199951171875,37.981998443603516,0.890924497537383,0,,,,,0,0,0.0,-3729129.74970459,0.0,46270870.25029541,,,,
2025-08-15,3336.0,37.89400100708008,0.7850890763526928,0,,,,,0,0,0.0,-3729129.74970459,0.0,46270870.25029541,,,,
2025-08-16,3336.0,37.89400100708008,0.82807216345054,0,,,,,0,0,0.0,-3729129.74970459,0.0,46270870.25029541,,,,
2025-08-17,3336.0,37.89400100708008,0.9259692204699633,0,,,,,0,0,0.0,-3729129.74970459,0.0,46270870.25029541,,,,
2025-08-18,3331.699951171875,37.95100021362305,1.1881611686268683,0,,,,,0,0,0.0,-3729129.74970459,0.0,46270870.25029541,,,,
2025-08-19,3313.39990234375,37.26100158691406,0.6117164243289557,0,,,,,0,0,0.0,-3729129.74970459,0.0,46270870.25029541,,,,
2025-08-20,3343.39990234375,37.70500183105469,0.509720273810198,0,,,,,0,0,0.0,-3729129.74970459,0.0,46270870.25029541,,,,
2025-08-21,3336.89990234375,38.027000427246094,1.1393086056042439,0,,,,,0,0,0.0,-3729129.74970459,0.0,46270870.25029541,,,,
2025-08-22,3374.39990234375,39.00299835205078,1.6009435541772836,0,,,,,0,0,0.0,-3729129.74970459,0.0,46270870.25029541,,,,
2025-08-23,3374.39990234375,39.00299835205078,1.4502692074473553,0,,,,,0,0,0.0,-3729129.74970459,0.0,46270870.25029541,,,,
2025-08-24,3374.39990234375,39.00299835205078,1.3363191814850568,0,,,,,0,0,0.0,-3729129.74970459,0.0,46270870.25029541,,,,
2025-08-25,3373.800048828125,38.676998138427734,0.6936304421393248,0,,,,,0,0,0.0,-3729129.74970459,0.0,46270870.25029541,,,,
2025-08-26,3388.60009765625,38.582000732421875,0.02160456372059204,0,,,,,0,0,0.0,-3729129.74970459,0.0,46270870.25029541,,,,
2025-08-27,3404.60009765625,38.68899917602539,-0.31993227931419904,0,,,,,0,0,0.0,-3729129.74970459,0.0,46270870.25029541,,,,
2025-08-28,3431.800048828125,39.189998626708984,-0.3170198546404476,0,,,,,0,0,0.0,-3729129.74970459,0.0,46270870.25029541,,,,
2025-08-29,3473.699951171875,40.20000076293945,0.3455586774372312,0,,,,,0,0,0.0,-3729129.74970459,0.0,46270870.25029541,,,,
2025-08-30,3473.699951171875,40.20000076293945,0.2501774544729962,0,,,,,0,0,0.0,-3729129.74970459,0.0,46270870.25029541,,,,
2025-08-31,3473.699951171875,40.20000076293945,0.16025791542724974,0,,,,,0,0,0.0,-3729129.74970459,0.0,46270870.25029541,,,,
2025-09-01,3473.699951171875,40.20000076293945,0.10506973810139525,0,,,,,0,0,0.0,-3729129.74970459,0.0,46270870.25029541,,,,
2025-09-02,3549.39990234375,41.07099914550781,-1.1735688078920115,0,,,,,0,0,0.0,-3729129.74970459,0.0,46270870.25029541,,,,
2025-09-03,3593.199951171875,41.54199981689453,-1.798857884400039,0,,,,,0,0,0.0,-3729129.74970459,0.0,46270870.25029541,,,,
2025-09-04,3565.800048828125,40.9109992980957,-2.064294190844266,0,,,,,0,0,0.0,-3729129.74970459,0.0,46270870.25029541,,,,
2025-09-05,3613.199951171875,41.07400131225586,-2.8110542783558303,0,,,,,0,0,0.0,-3729129.74970459,0.0,46270870.25029541,,,,
2025-09-06,3613.199951171875,41.07400131225586,-2.256614910738614,0,,,,,0,0,0.0,-3729129.74970459,0.0,46270870.25029541,,,,
2025-09-07,3613.199951171875,41.07400131225586,-1.907167959662505,0,,,,,0,0,0.0,-3729129.74970459,0.0,46270870.25029541,,,,
2025-09-08,3638.10009765625,41.42599868774414,-1.7341977251264618,0,,,,,0,0,0.0,-3729129.74970459,0.0,46270870.25029541,,,,
2025-09-09,3643.300048828125,40.87799835205078,-2.2415290583716274,0,,,,,0,0,0.0,-3729129.74970459,0.0,46270870.25029541,,,,
2025-09-10,3643.60009765625,41.132999420166016,-1.6462019200699396,0,,,,,0,0,0.0,-3729129.74970459,0.0,46270870.25029541,,,,
2025-09-11,3636.89990234375,41.696998596191406,-0.689781923390253,0,,,,,0,0,0.0,-3729129.74970459,0.0,46270870.25029541,,,,
2025-09-12,3649.39990234375,42.387001037597656,0.040201962581835365,0,,,,,0,0,0.0,-3729129.74970459,0.0,46270870.25029541,,,,
2025-09-13,3649.39990234375,42.387001037597656,0.12198844379819457,0,,,,,0,0,0.0,-3729129.74970459,0.0,46270870.25029541,,,,
2025-09-14,3649.39990234375,42.387001037597656,0.18451657040389122,0,,,,,0,0,0.0,-3729129.74970459,0.0,46270870.25029541,,,,
2025-09-15,3682.199951171875,42.516998291015625,-0.3889015431262772,0,,,,,0,0,0.0,-3729129.74970459,0.0,46270870.25029541,,,,
2025-09-16,3688.89990234375,42.47100067138672,-0.5738094290938112,0,,,,,0,0,0.0,-3729129.74970459,0.0,46270870.25029541,,,,
2025-09-17,3681.800048828125,41.72200012207031,-1.4177381356699401,0,,,,,0,0,0.0,-3729129.74970459,0.0,46270870.25029541,,,,
2025-09-18,3643.699951171875,41.707000732421875,-0.4197878180980428,0,,,,,0,0,0.0,-3729129.74970459,0.0,46270870.25029541,,,,
2025-09-19,3671.5,42.5359992980957,0.29249874921141766,0,,,,,0,0,0.0,-3729129.74970459,0.0,46270870.25029541,,,,
2025-09-20,3671.5,42.5359992980957,0.40166033276610646,0,,,,,0,0,0.0,-3729129.74970459,0.0,46270870.25029541,,,,
2025-09-21,3671.5,42.5359992980957,0.54473741064457,0,,,,,0,0,0.0,-3729129.74970459,0.0,46270870.25029541,,,,
2025-09-22,3740.699951171875,43.79899978637695,0.9573156470814724,0,,,,,0,0,0.0,-3729129.74970459,0.0,46270870.25029541,,,,
2025-09-23,3780.60009765625,44.19200134277344,0.44692819253830807,0,,,,,0,0,0.0,-3729129.74970459,0.0,46270870.25029541,,,,
2025-09-24,3732.10009765625,43.777000427246094,1.258429810921846,0,,,,,0,0,0.0,-3729129.74970459,0.0,46270870.25029541,,,,
2025-09-25,3736.89990234375,44.696998596191406,2.4763505467033213,0,,,,,0,0,0.0,-3729129.74970459,0.0,46270870.25029541,,,,
2025-09-26,3775.300048828125,46.22100067138672,2.9118729780615213,0,,,,,0,0,0.0,-3729129.74970459,0.0,46270870.25029541,,,,
2025-09-27,3775.300048828125,46.22100067138672,2.3178310383318395,0,,,,,0,0,0.0,-3729129.74970459,0.0,46270870.25029541,,,,
2025-09-28,3775.300048828125,46.22100067138672,1.9528147836956258,0,,,,,0,0,0.0,-3729129.74970459,0.0,46270870.25029541,,,,
2025-09-29,3820.89990234375,46.61199951171875,1.4396367684007203,0,,,,,0,0,0.0,-3729129.74970459,0.0,46270870.25029541,,,,
2025-09-30,3840.800048828125,46.25299835205078,0.6340338479582884,0,,,,,0,0,0.0,-3729129.74970459,0.0,46270870.25029541,,,,
2025-10-01,3867.5,47.290000915527344,1.1831658525210487,0,,,,,0,0,0.0,-3729129.74970459,0.0,46270870.25029541,,,,
2025-10-02,3839.699951171875,46.0,0.2286425666298249,0,,,,,0,0,0.0,-3729129.74970459,0.0,46270870.25029541,,,,
2025-10-03,3880.800048828125,47.59700012207031,1.1372159513896494,0,,,,,0,0,0.0,-3729129.74970459,0.0,46270870.25029541,,,,
2025-10-04,3880.800048828125,47.59700012207031,1.0320785160027408,0,,,,,0,0,0.0,-3729129.74970459,0.0,46270870.25029541,,,,
2025-10-05,3880.800048828125,47.59700012207031,0.9337808198183356,0,,,,,0,0,0.0,-3729129.74970459,0.0,46270870.25029541,,,,
2025-10-06,3948.5,48.082000732421875,0.2426979968583577,0,,,,,0,0,0.0,-3729129.74970459,0.0,46270870.25029541,,,,
2025-10-07,3976.60009765625,47.17900085449219,-1.347234254697147,0,,,,,0,0,0.0,-3729129.74970459,0.0,46270870.25029541,,,,
2025-10-08,4043.300048828125,48.65599822998047,-0.9467980633999971,0,,,,,0,0,0.0,-3729129.74970459,0.0,46270870.25029541,,,,
2025-10-09,3946.300048828125,46.849998474121094,-1.2266963753842854,0,,,,,0,0,0.0,-3729129.74970459,0.0,46270870.25029541,,,,
2025-10-10,3975.89990234375,46.9379997253418,-1.5935162878486895,0,,,,,0,0,0.0,-3729129.74970459,0.0,46270870.25029541,,,,
2025-10-11,3975.89990234375,46.9379997253418,-1.5081500666015644,0,,,,,0,0,0.0,-3729129.74970459,0.0,46270870.25029541,,,,
2025-10-12,3975.89990234375,46.9379997253418,-1.4138558136247903,0,,,,,0,0,0.0,-3729129.74970459,0.0,46270870.25029541,,,,
2025-10-13,4108.60009765625,50.130001068115234,-0.3365418010646477,0,,,,,0,0,0.0,-3729129.74970459,0.0,46270870.25029541,,,,
2025-10-14,4138.7001953125,50.31399917602539,-0.6623864175007325,0,,,,,0,0,0.0,-3729129.74970459,0.0,46270870.25029541,,,,
2025-10-15,4176.89990234375,51.073001861572266,-0.4652424348465853,0,,,,,0,0,0.0,-3729129.74970459,0.0,46270870.25029541,,,,
2025-10-16,4280.2001953125,53.02299880981445,-0.08561306082857328,0,,,,,0,0,0.0,-3729129.74970459,0.0,46270870.25029541,,,,
2025-10-17,4189.89990234375,49.86399841308594,-1.779551823205529,0,,,,,0,0,0.0,-3729129.74970459,0.0,46270870.25029541,,,,
2025-10-18,4189.89990234375,49.86399841308594,-1.6015459860284726,0,,,,,0,0,0.0,-3729129.74970459,0.0,46270870.25029541,,,,
2025-10-19,4189.89990234375,49.86399841308594,-1.439470348410765,0,,,,,0,0,0.0,-3729129.74970459,0.0,46270870.25029541,,,,
2025-10-20,4336.39990234375,51.11899948120117,-2.1454178743820607,0,,,,,0,0,0.0,-3729129.74970459,0.0,46270870.25029541,,,,
2025-10-21,4087.699951171875,47.45000076293945,-1.6309270179940565,0,,,,,0,0,0.0,-3729129.74970459,0.0,46270870.25029541,,,,
2025-10-22,4044.39990234375,47.46099853515625,-0.894941781812542,0,,,,,0,0,0.0,-3729129.74970459,0.0,46270870.25029541,,,,
2025-10-23,4125.5,48.481998443603516,-1.0587780981022832,0,,,,,0,0,0.0,-3729129.74970459,0.0,46270870.25029541,,,,
2025-10-24,4118.39990234375,48.37699890136719,-0.9762104028777387,0,,,,,0,0,0.0,-3729129.74970459,0.0,46270870.25029541,,,,
2025-10-25,4118.39990234375,48.37699890136719,-0.9241716476706918,0,,,,,0,0,0.0,-3729129.74970459,0.0,46270870.25029541,,,,
2025-10-26,4118.39990234375,48.37699890136719,-0.8549991940629782,0,,,,,0,0,0.0,-3729129.74970459,0.0,46270870.25029541,,,,
2025-10-27,4001.89990234375,46.5620002746582,-0.7131506146284277,0,,,,,0,0,0.0,-3729129.74970459,0.0,46270870.25029541,,,,
2025-10-28,3966.199951171875,47.125,0.7184765673737707,0,,,,,0,0,0.0,-3729129.74970459,0.0,46270870.25029541,,,,
2025-10-29,3983.699951171875,47.72100067138672,1.0781143072155162,0,,,,,0,0,0.0,-3729129.74970459,0.0,46270870.25029541,,,,
2025-10-30,4001.300048828125,48.428001403808594,1.445567492260183,0,,,,,0,0,0.0,-3729129.74970459,0.0,46270870.25029541,,,,
2025-10-31,3982.199951171875,47.99399948120117,1.193849712344062,0,,,,,0,0,0.0,-3729129.74970459,0.0,46270870.25029541,,,,
2025-11-01,3982.199951171875,47.99399948120117,1.1020306488814675,0,,,,,0,0,0.0,-3729129.74970459,0.0,46270870.25029541,,,,
2025-11-02,3982.199951171875,47.99399948120117,1.115197227742249,0,,,,,0,0,0.0,-3729129.74970459,0.0,46270870.25029541,,,,
2025-11-03,4000.300048828125,47.88800048828125,0.7012835915758803,0,,,,,0,0,0.0,-3729129.74970459,0.0,46270870.25029541,,,,
2025-11-04,3947.699951171875,47.130001068115234,0.8233639050604634,0,,,,,0,0,0.0,-3729129.74970459,0.0,46270870.25029541,,,,
2025-11-05,3980.300048828125,47.862998962402344,1.1016140847908935,0,,,,,0,0,0.0,-3729129.74970459,0.0,46270870.25029541,,,,
2025-11-06,3979.89990234375,47.79399871826172,0.9377026770933763,0,,,,,0,0,0.0,-3729129.74970459,0.0,46270870.25029541,,,,
2025-11-07,3999.39990234375,48.016998291015625,0.7616749980351024,0,,,,,0,0,0.0,-3729129.74970459,0.0,46270870.25029541,,,,
2025-11-08,3999.39990234375,48.016998291015625,0.6915966967479599,0,,,,,0,0,0.0,-3729129.74970459,0.0,46270870.25029541,,,,
2025-11-09,3999.39990234375,48.016998291015625,0.6208208570307823,0,,,,,0,0,0.0,-3729129.74970459,0.0,46270870.25029541,,,,
2025-11-10,4111.7998046875,50.176998138427734,0.9745909873904879,0,,,,,0,0,0.0,-3729129.74970459,0.0,46270870.25029541,,,,
2025-11-11,4106.7998046875,50.61800003051758,1.4770169978925562,0,,,,,0,0,0.0,-3729129.74970459,0.0,46270870.25029541,,,,
2025-11-12,4204.39990234375,53.332000732421875,2.4123627759114825,0,,,,,0,0,0.0,-3729129.74970459,0.0,46270870.25029541,,,,
2025-11-13,4186.89990234375,53.07400131225586,2.105127295678708,0,,,,,0,0,0.0,-3729129.74970459,0.0,46270870.25029541,,,,
2025-11-14,4087.60009765625,50.59000015258789,1.0729239315472168,0,,,,,0,0,0.0,-3729129.74970459,0.0,46270870.25029541,,,,
2025-11-15,4087.60009765625,50.59000015258789,1.011933983789434,0,,,,,0,0,0.0,-3729129.74970459,0.0,46270870.25029541,,,,
2025-11-16,4087.60009765625,50.59000015258789,0.9791557152031906,0,,,,,0,0,0.0,-3729129.74970459,0.0,46270870.25029541,,,,
2025-11-17,4068.300048828125,50.625,1.330982981963324,0,,,,,0,0,0.0,-3729129.74970459,0.0,46270870.25029541,,,,
2025-11-18,4061.300048828125,50.45000076293945,1.1197079827424434,0,,,,,0,0,0.0,-3729129.74970459,0.0,46270870.25029541,,,,
2025-11-19,4077.699951171875,50.790000915527344,1.1116113785172879,0,,,,,0,0,0.0,-3729129.74970459,0.0,46270870.25029541,,,,
2025-11-20,4056.5,50.24700164794922,0.7588049919926337,0,,,,,0,0,0.0,-3729129.74970459,0.0,46270870.25029541,,,,
2025-11-21,4076.699951171875,49.87300109863281,-0.21765287802429192,0,,,,,0,0,0.0,-3729129.74970459,0.0,46270870.25029541,,,,
2025-11-22,4076.699951171875,49.87300109863281,-0.24539959172216272,0,,,,,0,0,0.0,-3729129.74970459,0.0,46270870.25029541,,,,
2025-11-23,4076.699951171875,49.87300109863281,-0.3121560907134719,0,,,,,0,0,0.0,-3729129.74970459,0.0,46270870.25029541,,,,
2025-11-24,4091.89990234375,50.29499816894531,-0.12059823244741344,0,,,,,0,0,0.0,-3729129.74970459,0.0,46270870.25029541,,,,
2025-11-25,4139.2001953125,50.933998107910156,-0.3569478872688297,0,,,,,0,0,0.0,-3729129.74970459,0.0,46270870.25029541,,,,
2025-11-26,4165.2001953125,52.91600036621094,1.8338463857916631,0,,,,,0,0,0.0,-3729129.74970459,0.0,46270870.25029541,,,,
2025-11-27,4165.2001953125,52.91600036621094,1.6426489944426343,0,,,,,0,0,0.0,-3729129.74970459,0.0,46270870.25029541,,,,
2025-11-28,4218.2998046875,56.44599914550781,3.3948474799979578,0,,,,,0,0,0.0,-3729129.74970459,0.0,46270870.25029541,,,,
2025-11-29,4218.2998046875,56.44599914550781,2.615653418877599,0,,,,,0,0,0.0,-3729129.74970459,0.0,46270870.25029541,,,,
2025-11-30,4218.2998046875,56.44599914550781,2.1574845330086934,0,,,,,0,0,0.0,-3729129.74970459,0.0,46270870.25029541,,,,
2025-12-01,4239.2998046875,58.417999267578125,2.5275243838212185,0,,,,,0,0,0.0,-3729129.74970459,0.0,46270870.25029541,,,,
2025-12-02,4186.60009765625,57.983001708984375,2.2314982338222005,0,,,,,0,0,0.0,-3729129.74970459,0.0,46270870.25029541,,,,
2025-12-03,4199.2998046875,57.92100143432617,1.8025286719141627,0,,,,,0,0,0.0,-3729129.74970459,0.0,46270870.25029541,,,,
2025-12-04,4211.7998046875,56.84700012207031,1.119383683354578,0,,,,,0,0,0.0,-3729129.74970459,0.0,46270870.25029541,,,,
2025-12-05,4212.89990234375,58.422000885009766,1.5680158232792993,0,,,,,0,0,0.0,-3729129.74970459,0.0,46270870.25029541,,,,
2025-12-06,4212.89990234375,58.422000885009766,1.3940963228432686,0,,,,,0,0,0.0,-3729129.74970459,0.0,46270870.25029541,,,,
2025-12-07,4212.89990234375,58.422000885009766,1.24953442872076,0,,,,,0,0,0.0,-3729129.74970459,0.0,46270870.25029541,,,,
2025-12-08,4187.2001953125,57.77899932861328,1.0503856648616345,0,,,,,0,0,0.0,-3729129.74970459,0.0,46270870.25029541,,,,
2025-12-09,4206.7001953125,60.16899871826172,1.6012119529946083,0,,,,,0,0,0.0,-3729129.74970459,0.0,46270870.25029541,,,,
2025-12-10,4196.39990234375,60.37900161743164,1.53506934432839,0,,,,,0,0,0.0,-3729129.74970459,0.0,46270870.25029541,,,,
2025-12-11,4285.5,63.92900085449219,1.9497891492439494,0,,,,,0,0,0.0,-3729129.74970459,0.0,46270870.25029541,,,,
2025-12-12,4300.10009765625,61.36199951171875,0.961923724739517,0,,,,,0,0,0.0,-3729129.74970459,0.0,46270870.25029541,,,,
2025-12-13,4300.10009765625,61.36199951171875,0.8830764588206532,0,,,,,0,0,0.0,-3729129.74970459,0.0,46270870.25029541,,,,
2025-12-14,4300.10009765625,61.36199951171875,0.8136704188307539,0,,,,,0,0,0.0,-3729129.74970459,0.0,46270870.25029541,,,,
2025-12-15,4306.7001953125,62.939998626708984,1.3353391023601981,0,,,,,0,0,0.0,-3729129.74970459,0.0,46270870.25029541,,,,
2025-12-16,4304.5,62.70000076293945,1.1799446004188687,0,,,,,0,0,0.0,-3729129.74970459,0.0,46270870.25029541,,,,
2025-12-17,4347.5,66.23699951171875,2.282576215136482,0,,,,,0,0,0.0,-3729129.74970459,0.0,46270870.25029541,,,,
2025-12-18,4339.5,64.59200286865234,1.415798494549873,0,,,,,0,0,0.0,-3729129.74970459,0.0,46270870.25029541,,,,
2025-12-19,4361.39990234375,66.84500122070312,1.9910173000311786,0,,,,,0,0,0.0,-3729129.74970459,0.0,46270870.25029541,,,,
2025-12-20,4361.39990234375,66.84500122070312,1.7727628037522125,0,,,,,0,0,0.0,-3729129.74970459,0.0,46270870.25029541,,,,
2025-12-21,4361.39990234375,66.84500122070312,1.5635489252335355,0,,,,,0,0,0.0,-3729129.74970459,0.0,46270870.25029541,,,,
2025-12-22,4444.60009765625,67.90599822998047,1.2983553940923565,0,,,,,0,0,0.0,-3729129.74970459,0.0,46270870.25029541,,,,
2025-12-23,4482.7998046875,70.48500061035156,1.8073163797880325,0,,,,,0,0,0.0,-3729129.74970459,0.0,46270870.25029541,,,,
2025-12-24,4480.60009765625,71.03099822998047,1.8133238190493088,0,,,,,0,0,0.0,-3729129.74970459,0.0,46270870.25029541,,,,
2025-12-25,4480.60009765625,71.03099822998047,1.608866612326822,0,,,,,0,0,0.0,-3729129.74970459,0.0,46270870.25029541,,,,
2025-12-26,4529.10009765625,76.48600006103516,2.5716817347791903,0,,,,,0,0,0.0,-3729129.74970459,0.0,46270870.25029541,,,,
2025-12-27,4529.10009765625,76.48600006103516,2.1586007202664894,0,,,,,0,0,0.0,-3729129.74970459,0.0,46270870.25029541,,,,
2025-12-28,4529.10009765625,76.48600006103516,1.888125631073124,0,,,,,0,0,0.0,-3729129.74970459,0.0,46270870.25029541,,,,
2025-12-29,4325.10009765625,69.85600280761719,0.9129213926190772,0,,,,,0,0,0.0,-3729129.74970459,0.0,46270870.25029541,,,,
2025-12-30,4370.10009765625,77.3740005493164,2.2185895452431157,0,,,,,0,0,0.0,-3729129.74970459,0.0,46270870.25029541,,,,
2025-12-31,4325.60009765625,70.13400268554688,0.6352614750628808,0,,,,,0,0,0.0,-3729129.74970459,0.0,46270870.25029541,,,,
2026-01-01,4325.60009765625,70.13400268554688,0.5606304336442401,0,,,,,0,0,0.0,-3729129.74970459,0.0,46270870.25029541,,,,
2026-01-02,4314.39990234375,70.55599975585938,0.6297796150046439,0,,,,,0,0,0.0,-3729129.74970459,0.0,46270870.25029541,,,,
2026-01-03,4314.39990234375,70.55599975585938,0.554962322845508,0,,,,,0,0,0.0,-3729129.74970459,0.0,46270870.25029541,,,,
2026-01-04,4314.39990234375,70.55599975585938,0.4802378239419503,0,,,,,0,0,0.0,-3729129.74970459,0.0,46270870.25029541,,,,
2026-01-05,4436.89990234375,76.16400146484375,1.424035667563696,0,,,,,0,0,0.0,-3729129.74970459,0.0,46270870.25029541,,,,
2026-01-06,4482.2001953125,80.52999877929688,2.1076175460181283,0,,,,,0,0,0.0,-3729129.74970459,0.0,46270870.25029541,,,,
2026-01-07,4449.2998046875,77.13500213623047,1.222047737826513,0,,,,,0,0,0.0,-3729129.74970459,0.0,46270870.25029541,,,,
2026-01-08,4449.7001953125,74.71600341796875,0.4680612086452372,0,,,,,0,0,0.0,-3729129.74970459,0.0,46270870.25029541,,,,
2026-01-09,4490.2998046875,78.88400268554688,1.35930951343414,0,,,,,0,0,0.0,-3729129.74970459,0.0,46270870.25029541,,,,
2026-01-10,4490.2998046875,78.88400268554688,1.248129330855017,0,,,,,0,0,0.0,-3729129.74970459,0.0,46270870.25029541,,,,
2026-01-11,4490.2998046875,78.88400268554688,1.1683379368557223,0,,,,,0,0,0.0,-3729129.74970459,0.0,46270870.25029541,,,,
2026-01-12,4604.2998046875,84.61000061035156,2.0831923929993548,0,,,,,0,0,0.0,-3729129.74970459,0.0,46270870.25029541,,,,
2026-01-13,4589.2001953125,85.87699890136719,2.145071351044118,0,,,,,0,0,0.0,-3729129.74970459,0.0,46270870.25029541,,,,
2026-01-14,4626.2998046875,90.86900329589844,2.620981397204239,0,,,,,0,0,0.0,-3729129.74970459,0.0,46270870.25029541,,,,
2026-01-15,4616.2998046875,91.8759994506836,2.302634745281674,0,,,,,0,0,0.0,-3729129.74970459,0.0,46270870.25029541,,,,
2026-01-16,4588.39990234375,88.09100341796875,1.457552235190595,0,,,,,0,0,0.0,-3729129.74970459,0.0,46270870.25029541,,,,
2026-01-17,4588.39990234375,88.09100341796875,1.3030226503044378,0,,,,,0,0,0.0,-3729129.74970459,0.0,46270870.25029541,,,,
2026-01-18,4588.39990234375,88.09100341796875,1.1791351151507345,0,,,,,0,0,0.0,-3729129.74970459,0.0,46270870.25029541,,,,
2026-01-19,4588.39990234375,88.09100341796875,1.0788228146744308,0,,,,,0,0,0.0,-3729129.74970459,0.0,46270870.25029541,,,,
2026-01-20,4759.60009765625,94.20600128173828,1.4843903807865144,0,,,,,0,0,0.0,-3729129.74970459,0.0,46270870.25029541,,,,
2026-01-21,4831.7998046875,92.20999908447266,0.8639113960004955,0,,,,,0,0,0.0,-3729129.74970459,0.0,46270870.25029541,,,,
2026-01-22,4908.7998046875,95.97599792480469,1.1955338469451264,0,,,,,0,0,0.0,-3729129.74970459,0.0,46270870.25029541,,,,
2026-01-23,4976.2001953125,100.92500305175781,1.7029883537737194,0,,,,,0,0,0.0,-3729129.74970459,0.0,46270870.25029541,,,,
2026-01-24,4976.2001953125,100.92500305175781,1.570050340928767,0,,,,,0,0,0.0,-3729129.74970459,0.0,46270870.25029541,,,,
2026-01-25,4976.2001953125,100.92500305175781,1.4181316242212587,0,,,,,0,0,0.0,-3729129.74970459,0.0,46270870.25029541,,,,
2026-01-26,5079.7001953125,115.08000183105469,2.7243210458627174,0,,,,,0,0,0.0,-3729129.74970459,0.0,46270870.25029541,,,,
2026-01-27,5079.89990234375,105.52300262451172,1.2255092652185782,0,,,,,0,0,0.0,-3729129.74970459,0.0,46270870.25029541,,,,
2026-01-28,5301.60009765625,113.11100006103516,1.6455964814450414,0,,,,,0,0,0.0,-3729129.74970459,0.0,46270870.25029541,,,,
2026-01-29,5318.39990234375,114.03700256347656,1.5633322416523467,0,,,,,0,0,0.0,-3729129.74970459,0.0,46270870.25029541,,,,
2026-01-30,4713.89990234375,78.29000091552734,-2.0331397902996655,0,,,,,0,0,0.0,-3729129.74970459,0.0,46270870.25029541,,,,
2026-01-31,4713.89990234375,78.29000091552734,-1.9078638392339249,0,,,,,0,0,0.0,-3729129.74970459,0.0,46270870.25029541,,,,
2026-02-01,4713.89990234375,78.29000091552734,-1.7305831596431283,0,,,,,0,0,0.0,-3729129.74970459,0.0,46270870.25029541,,,,
2026-02-02,4622.5,76.77799987792969,-1.5726745813396283,0,,,,,0,0,0.0,-3729129.74970459,0.0,46270870.25029541,,,,
2026-02-03,4903.7001953125,83.04199981689453,-1.2483511355599948,0,,,,,0,0,0.0,-3729129.74970459,0.0,46270870.25029541,,,,
2026-02-04,4920.39990234375,84.16500091552734,-1.0549252573150016,0,,,,,0,0,0.0,-3729129.74970459,0.0,46270870.25029541,,,,
2026-02-05,4861.39990234375,76.52899932861328,-1.5568591530322669,0,,,,,0,0,0.0,-3729129.74970459,0.0,46270870.25029541,,,,
2026-02-06,4951.2001953125,76.73500061035156,-1.4922838813611246,0,,,,,0,0,0.0,-3729129.74970459,0.0,46270870.25029541,,,,
2026-02-07,4951.2001953125,76.73500061035156,-1.3415952890529488,0,,,,,0,0,0.0,-3729129.74970459,0.0,46270870.25029541,,,,
2026-02-08,4951.2001953125,76.73500061035156,-1.2148674736116443,0,,,,,0,0,0.0,-3729129.74970459,0.0,46270870.25029541,,,,
2026-02-09,5050.89990234375,82.06500244140625,-0.824577132991482,0,,,,,0,0,0.0,-3729129.74970459,0.0,46270870.25029541,,,,
2026-02-10,5003.7998046875,80.21800231933594,-0.8387470352596338,0,,,,,0,0,0.0,-3729129.74970459,0.0,46270870.25029541,,,,
2026-02-11,5071.60009765625,83.75399780273438,-0.5808837582384098,0,,,,,0,0,0.0,-3729129.74970459,0.0,46270870.25029541,,,,
2026-02-12,4923.7001953125,75.5459976196289,-0.9511222318048884,0,,,,,0,0,0.0,-3729129.74970459,0.0,46270870.25029541,,,,
2026-02-13,5022.0,77.85099792480469,-0.8062092395149201,0,,,,,0,0,0.0,-3729129.74970459,0.0,46270870.25029541,,,,
2026-02-14,5022.0,77.85099792480469,-0.7250973448459535,0,,,,,0,0,0.0,-3729129.74970459,0.0,46270870.25029541,,,,
2026-02-15,5022.0,77.85099792480469,-0.6739759306520418,0,,,,,0,0,0.0,-3729129.74970459,0.0,46270870.25029541,,,,
2026-02-16,5022.0,77.85099792480469,-0.6045839831261777,0,,,,,0,0,0.0,-3729129.74970459,0.0,46270870.25029541,,,,
2026-02-17,4882.89990234375,73.4469985961914,-0.850130029338799,0,,,,,0,0,0.0,-3729129.74970459,0.0,46270870.25029541,,,,
2026-02-18,4986.5,77.50900268554688,-0.6965406894729803,0,,,,,0,0,0.0,-3729129.74970459,0.0,46270870.25029541,,,,
2026-02-19,4975.89990234375,77.56500244140625,-0.551400969129938,0,,,,,0,0,0.0,-3729129.74970459,0.0,46270870.25029541,,,,
2026-02-20,5059.2998046875,82.28299713134766,0.6286049859389167,0,,,,,0,0,0.0,-3729129.74970459,0.0,46270870.25029541,,,,
2026-02-21,5059.2998046875,82.28299713134766,0.6732599726192489,0,,,,,0,0,0.0,-3729129.74970459,0.0,46270870.25029541,,,,
2026-02-22,5059.2998046875,82.28299713134766,0.7200446421992444,0,,,,,0,0,0.0,-3729129.74970459,0.0,46270870.25029541,,,,
2026-02-23,5204.7001953125,86.52300262451172,1.506054277743878,0,,,,,0,0,0.0,-3729129.74970459,0.0,46270870.25029541,,,,
2026-02-24,5155.7998046875,87.45700073242188,2.2231256601506786,0,,,,,0,0,0.0,-3729129.74970459,0.0,46270870.25029541,,,,
2026-02-25,5206.39990234375,90.93900299072266,2.5021932498646398,0,,,,,0,0,0.0,-3729129.74970459,0.0,46270870.25029541,,,,
2026-02-26,5176.5,86.99800109863281,1.2611886968220534,0,,,,,0,0,0.0,-3729129.74970459,0.0,46270870.25029541,,,,
2026-02-27,5230.5,92.68199920654297,2.2194052092973533,0,,,,,0,0,0.0,-3729129.74970459,0.0,46270870.25029541,,,,
2026-02-28,5230.5,92.68199920654297,1.8876639198418739,0,,,,,0,0,0.0,-3729129.74970459,0.0,46270870.25029541,,,,
2026-03-01,5230.5,92.68199920654297,1.6527367694959967,0,,,,,0,0,0.0,-3729129.74970459,0.0,46270870.25029541,,,,
2026-03-02,5294.39990234375,88.28399658203125,0.4031588146212995,0,,,,,0,0,0.0,-3729129.74970459,0.0,46270870.25029541,,,,
2026-03-03,5107.39990234375,82.9229965209961,-0.10563350949175643,0,,,,,0,0,0.0,-3729129.74970459,0.0,46270870.25029541,,,,
2026-03-04,5120.2001953125,82.63300323486328,-0.26846526255333836,0,,,,,0,0,0.0,-3729129.74970459,0.0,46270870.25029541,,,,
2026-03-05,5065.2998046875,81.68699645996094,-0.32749351507618635,0,,,,,0,0,0.0,-3729129.74970459,0.0,46270870.25029541,,,,
2026-03-06,5146.10009765625,83.81600189208984,-0.18414148188598745,0,,,,,0,0,0.0,-3729129.74970459,0.0,46270870.25029541,,,,
2026-03-07,5146.10009765625,83.81600189208984,-0.24121480704931,0,,,,,0,0,0.0,-3729129.74970459,0.0,46270870.25029541,,,,
2026-03-08,5146.10009765625,83.81600189208984,-0.3040356069780264,0,,,,,0,0,0.0,-3729129.74970459,0.0,46270870.25029541,,,,
2026-03-09,5091.5,84.03199768066406,-0.12406162102795773,0,,,,,0,0,0.0,-3729129.74970459,0.0,46270870.25029541,,,,
2026-03-10,5229.7001953125,89.08300018310547,0.6369135907121861,0,,,,,0,0,0.0,-3729129.74970459,0.0,46270870.25029541,,,,
2026-03-11,5167.39990234375,85.06500244140625,-0.41349407269456306,0,,,,,0,0,0.0,-3729129.74970459,0.0,46270870.25029541,,,,
2026-03-12,5115.7998046875,84.66999816894531,-0.2944317556870585,0,,,,,0,0,0.0,-3729129.74970459,0.0,46270870.25029541,,,,
2026-03-13,5052.5,80.91400146484375,-1.1934343533499008,0,,,,,0,0,0.0,-3729129.74970459,0.0,46270870.25029541,,,,
2026-03-14,5052.5,80.91400146484375,-1.1474083741650865,0,,,,,0,0,0.0,-3729129.74970459,0.0,46270870.25029541,,,,
2026-03-15,5052.5,80.91400146484375,-1.0606437347527846,0,,,,,0,0,0.0,-3729129.74970459,0.0,46270870.25029541,,,,
2026-03-16,4994.0,80.26300048828125,-0.8807624211974553,0,,,,,0,0,0.0,-3729129.74970459,0.0,46270870.25029541,,,,
2026-03-17,5001.0,79.52999877929688,-1.0483852163488565,0,,,,,0,0,0.0,-3729129.74970459,0.0,46270870.25029541,,,,
2026-03-18,4889.89990234375,77.23799896240234,-1.0971149507298872,0,,,,,0,0,0.0,-3729129.74970459,0.0,46270870.25029541,,,,
2026-03-19,4600.7001953125,70.9020004272461,-1.5385465384937573,0,,,,,0,0,0.0,-3729129.74970459,0.0,46270870.25029541,,,,
2026-03-20,4570.39990234375,69.36000061035156,-1.8298053233510905,0,,,,,0,0,0.0,-3729129.74970459,0.0,46270870.25029541,,,,
2026-03-21,4570.39990234375,69.36000061035156,-1.910101607213567,0,,,,,0,0,0.0,-3729129.74970459,0.0,46270870.25029541,,,,
2026-03-22,4570.39990234375,69.36000061035156,-1.6852822445499813,0,,,,,0,0,0.0,-3729129.74970459,0.0,46270870.25029541,,,,
2026-03-23,4404.10009765625,69.04900360107422,-0.6298765402186904,0,,,,,0,0,0.0,-3729129.74970459,0.0,46270870.25029541,,,,
2026-03-24,4399.2998046875,69.27400207519531,-0.46421352714752195,0,,,,,0,0,0.0,-3729129.74970459,0.0,46270870.25029541,,,,
2026-03-25,4549.7998046875,72.36100006103516,-0.16473942669753266,0,,,,,0,0,0.0,-3729129.74970459,0.0,46270870.25029541,,,,
2026-03-26,4375.5,67.6709976196289,-0.8649272792797024,0,,,,,0,0,0.0,-3729129.74970459,0.0,46270870.25029541,,,,
2026-03-27,4492.0,69.54499816894531,-0.7840219599999061,0,,,,,0,0,0.0,-3729129.74970459,0.0,46270870.25029541,,,,
2026-03-28,4492.0,69.54499816894531,-0.7083683098142891,0,,,,,0,0,0.0,-3729129.74970459,0.0,46270870.25029541,,,,
2026-03-29,4492.0,69.54499816894531,-0.6315067750079449,0,,,,,0,0,0.0,-3729129.74970459,0.0,46270870.25029541,,,,
2026-03-30,4526.0,70.3239974975586,-0.47438399979794127,0,,,,,0,0,0.0,-3729129.74970459,0.0,46270870.25029541,,,,
2026-03-31,4647.60009765625,74.69000244140625,0.9751789010843729,0,,,,,0,0,0.0,-3729129.74970459,0.0,46270870.25029541,,,,
2026-04-01,4783.2001953125,75.86699676513672,0.5809328915299045,0,,,,,0,0,0.0,-3729129.74970459,0.0,46270870.25029541,,,,
2026-04-02,4651.5,72.73500061035156,-0.08862349166166278,0,,,,,0,0,0.0,-3729129.74970459,0.0,46270870.25029541,,,,
2026-04-03,4651.5,72.73500061035156,-0.025321716465255783,0,,,,,0,0,0.0,-3729129.74970459,0.0,46270870.25029541,,,,
2026-04-04,4651.5,72.73500061035156,0.04388133220177874,0,,,,,0,0,0.0,-3729129.74970459,0.0,46270870.25029541,,,,
2026-04-05,4651.5,72.73500061035156,0.13749073584844215,0,,,,,0,0,0.0,-3729129.74970459,0.0,46270870.25029541,,,,
2026-04-06,4656.7998046875,72.66100311279297,0.057543629644957815,0,,,,,0,0,0.0,-3729129.74970459,0.0,46270870.25029541,,,,
2026-04-07,4657.10009765625,71.82599639892578,-0.6464905594110513,0,,,,,0,0,0.0,-3729129.74970459,0.0,46270870.25029541,,,,
2026-04-08,4749.5,75.2239990234375,1.0259259289431877,0,,,,,0,0,0.0,-3729129.74970459,0.0,46270870.25029541,,,,
2026-04-09,4792.2001953125,76.2770004272461,1.2592159449606062,0,,,,,0,0,0.0,-3729129.74970459,0.0,46270870.25029541,,,,
2026-04-10,4761.89990234375,76.3239974975586,1.6410272110887587,0,,,,,0,0,0.0,-3729129.74970459,0.0,46270870.25029541,,,,
2026-04-11,4761.89990234375,76.3239974975586,1.5730164781398135,0,,,,,0,0,0.0,-3729129.74970459,0.0,46270870.25029541,,,,
2026-04-12,4761.89990234375,76.3239974975586,1.4073619863373543,0,,,,,0,0,0.0,-3729129.74970459,0.0,46270870.25029541,,,,
2026-04-13,4742.39990234375,75.52300262451172,0.8594580707445275,0,,,,,0,0,0.0,-3729129.74970459,0.0,46270870.25029541,,,,
2026-04-14,4825.0,79.39099884033203,2.610625449220599,0,,,,,0,0,0.0,-3729129.74970459,0.0,46270870.25029541,,,,
2026-04-15,4800.0,79.49099731445312,2.388364886692679,0,,,,,0,0,0.0,-3729129.74970459,0.0,46270870.25029541,,,,
2026-04-16,4785.39990234375,78.60600280761719,1.697983406867074,0,,,,,0,0,0.0,-3729129.74970459,0.0,46270870.25029541,,,,
2026-04-17,4857.60009765625,81.73799896240234,2.364900653804974,0,,,,,0,0,0.0,-3729129.74970459,0.0,46270870.25029541,,,,
2026-04-18,4857.60009765625,81.73799896240234,2.0011116898399046,0,,,,,0,0,0.0,-3729129.74970459,0.0,46270870.25029541,,,,
2026-04-19,4857.60009765625,81.73799896240234,1.7398863308172228,0,,,,,0,0,0.0,-3729129.74970459,0.0,46270870.25029541,,,,
2026-04-20,4806.60009765625,79.95099639892578,1.1736147473092557,0,,,,,0,0,0.0,-3729129.74970459,0.0,46270870.25029541,,,,
2026-04-21,4698.39990234375,76.41100311279297,0.3174951112668008,0,,,,,0,0,0.0,-3729129.74970459,0.0,46270870.25029541,,,,
2026-04-22,4732.5,77.89299774169922,0.6651086979801709,0,,,,,0,0,0.0,-3729129.74970459,0.0,46270870.25029541,,,,
2026-04-23,4705.10009765625,75.46499633789062,-0.30622589190345534,0,,,,,0,0,0.0,-3729129.74970459,0.0,46270870.25029541,,,,
2026-04-24,4722.2998046875,76.38300323486328,-0.062347840152845044,0,,,,,0,0,0.0,-3729129.74970459,0.0,46270870.25029541,,,,
2026-04-25,4722.2998046875,76.38300323486328,-0.13114479398434545,0,,,,,0,0,0.0,-3729129.74970459,0.0,46270870.25029541,,,,
2026-04-26,4722.2998046875,76.38300323486328,-0.21504895511339672,0,,,,,0,0,0.0,-3729129.74970459,0.0,46270870.25029541,,,,
2026-04-27,4675.39990234375,75.00299835205078,-0.7410054409885172,0,,,,,0,0,0.0,-3729129.74970459,0.0,46270870.25029541,,,,
2026-04-28,4591.5,73.20500183105469,-1.0688299315209684,0,,,,,0,0,0.0,-3729129.74970459,0.0,46270870.25029541,,,,
2026-04-29,4545.2001953125,71.56900024414062,-1.5745723108753242,0,,,,,0,0,0.0,-3729129.74970459,0.0,46270870.25029541,,,,
2026-04-30,4614.7001953125,73.53399658203125,-1.0112696626736388,0,,,,,0,0,0.0,-3729129.74970459,0.0,46270870.25029541,,,,
2026-05-01,4629.89990234375,75.95099639892578,0.2982470373445009,0,,,,,0,0,0.0,-3729129.74970459,0.0,46270870.25029541,,,,
2026-05-02,4629.89990234375,75.95099639892578,0.24687278877585098,0,,,,,0,0,0.0,-3729129.74970459,0.0,46270870.25029541,,,,
2026-05-03,4629.89990234375,75.95099639892578,0.18189083741280343,0,,,,,0,0,0.0,-3729129.74970459,0.0,46270870.25029541,,,,
2026-05-04,4519.5,73.0719985961914,-0.5107502008956727,0,,,,,0,0,0.0,-3729129.74970459,0.0,46270870.25029541,,,,
2026-05-05,4555.7998046875,73.10800170898438,-0.794466943532991,0,,,,,0,0,0.0,-3729129.74970459,0.0,46270870.25029541,,,,
2026-05-06,4681.89990234375,76.81099700927734,0.3310517632247153,0,,,,,0,0,0.0,-3729129.74970459,0.0,46270870.25029541,,,,
2026-05-07,4699.7998046875,79.70099639892578,1.9923754077997329,0,,,,,0,0,0.0,-3729129.74970459,0.0,46270870.25029541,,,,
2026-05-08,4720.39990234375,80.3949966430664,2.084056685127986,0,,,,,0,0,0.0,-3729129.74970459,0.0,46270870.25029541,,,,
2026-05-09,4720.39990234375,80.3949966430664,1.9609904061769998,0,,,,,0,0,0.0,-3729129.74970459,0.0,46270870.25029541,,,,
2026-05-10,4720.39990234375,80.3949966430664,1.7726405613869007,0,,,,,0,0,0.0,-3729129.74970459,0.0,46270870.25029541,,,,
2026-05-11,4718.7001953125,85.48500061035156,3.031038522942623,0,,,,,0,0,0.0,-3729129.74970459,0.0,46270870.25029541,,,,
2026-05-12,4677.60009765625,85.12999725341797,2.44681388589821,0,,,,,0,0,0.0,-3729129.74970459,0.0,46270870.25029541,,,,
2026-05-13,4697.7001953125,88.88800048828125,2.633008248295672,0,,,,,0,0,0.0,-3729129.74970459,0.0,46270870.25029541,,,,
2026-05-14,4678.10009765625,84.91200256347656,1.5162584649244728,0,,,,,0,0,0.0,-3729129.74970459,0.0,46270870.25029541,,,,
2026-05-15,4555.7998046875,77.16100311279297,0.12178690647993286,0,,,,,0,0,0.0,-3729129.74970459,0.0,46270870.25029541,,,,
2026-05-16,4555.7998046875,77.16100311279297,0.08193034142775572,0,,,,,0,0,0.0,-3729129.74970459,0.0,46270870.25029541,,,,
2026-05-17,4555.7998046875,77.16100311279297,0.03366745887069393,0,,,,,0,0,0.0,-3729129.74970459,0.0,46270870.25029541,,,,
2026-05-18,4552.5,77.072998046875,-0.03118257989123707,0,,,,,0,0,0.0,-3729129.74970459,0.0,46270870.25029541,,,,
2026-05-19,4506.2998046875,74.8280029296875,-0.48633370131945286,0,,,,,0,0,0.0,-3729129.74970459,0.0,46270870.25029541,,,,
2026-05-20,4531.2998046875,75.85099792480469,-0.3861682321777857,0,,,,,0,0,0.0,-3729129.74970459,0.0,46270870.25029541,,,,
2026-05-21,4539.7998046875,76.41400146484375,-0.29832260500207214,0,,,,,0,0,0.0,-3729129.74970459,0.0,46270870.25029541,,,,
2026-05-22,4521.0,75.89299774169922,-0.39059446951761556,0,,,,,0,0,0.0,-3729129.74970459,0.0,46270870.25029541,,,,
2026-05-23,4521.0,75.89299774169922,-0.4221133336660567,0,,,,,0,0,0.0,-3729129.74970459,0.0,46270870.25029541,,,,
2026-05-24,4521.0,75.89299774169922,-0.4812339970380082,0,,,,,0,0,0.0,-3729129.74970459,0.0,46270870.25029541,,,,
2026-05-25,4521.0,75.89299774169922,-0.5639001783123876,0,,,,,0,0,0.0,-3729129.74970459,0.0,46270870.25029541,,,,
2026-05-26,4500.39990234375,76.30500030517578,-0.3741482181235293,0,,,,,0,0,0.0,-3729129.74970459,0.0,46270870.25029541,,,,
2026-05-27,4447.5,74.5989990234375,-0.6362489721314484,0,,,,,0,0,0.0,-3729129.74970459,0.0,46270870.25029541,,,,
2026-05-28,4499.2998046875,75.6449966430664,-0.5421458823609017,0,,,,,0,0,0.0,-3729129.74970459,0.0,46270870.25029541,,,,
2026-05-29,4560.5,75.61599731445312,-0.8229129159129348,0,,,,,0,0,0.0,-3729129.74970459,0.0,46270870.25029541,,,,
2026-05-30,4560.5,75.61599731445312,-0.7744553923933092,0,,,,,0,0,0.0,-3729129.74970459,0.0,46270870.25029541,,,,
2026-05-31,4560.5,75.61599731445312,-0.6972968859639047,0,,,,,0,0,0.0,-3729129.74970459,0.0,46270870.25029541,,,,
2026-06-01,4475.2001953125,75.00700378417969,-0.3617053219688563,0,,,,,0,0,0.0,-3729129.74970459,0.0,46270870.25029541,,,,
2026-06-02,4489.10009765625,75.31099700927734,-0.24508885866461955,0,,,,,0,0,0.0,-3729129.74970459,0.0,46270870.25029541,,,,
2026-06-03,4436.7001953125,73.47599792480469,-1.6557260501244935,0,,,,,0,0,0.0,-3729129.74970459,0.0,46270870.25029541,,,,
2026-06-04,4475.7998046875,73.77899932861328,-1.8988861828613899,0,,,,,0,0,0.0,-3729129.74970459,0.0,46270870.25029541,,,,
2026-06-05,4337.10009765625,68.94300079345703,-3.4502361984648875,0,,,,,0,0,0.0,-3729129.74970459,0.0,46270870.25029541,,,,
2026-06-06,4337.10009765625,68.94300079345703,-2.621718591651328,0,,,,,0,0,0.0,-3729129.74970459,0.0,46270870.25029541,,,,
2026-06-07,4337.10009765625,68.94300079345703,-2.16349019110014,0,,,,,0,0,0.0,-3729129.74970459,0.0,46270870.25029541,,,,
2026-06-08,4335.89990234375,68.42500305175781,-2.0780123845573315,0,,,,,0,0,0.0,-3729129.74970459,0.0,46270870.25029541,,,,
2026-06-09,4260.0,65.09400177001953,-2.5482567505239455,0,,,,,0,0,0.0,-3729129.74970459,0.0,46270870.25029541,,,,
2026-06-10,4108.2001953125,64.5989990234375,-1.4191919286484427,0,,,,,0,0,0.0,-3729129.74970459,0.0,46270870.25029541,,,,
2026-06-11,4090.300048828125,63.8849983215332,-1.4345426369127674,0,,,,,0,0,0.0,-3729129.74970459,0.0,46270870.25029541,,,,
2026-06-12,4215.0,67.85900115966797,-0.49089009731155975,0,,,,,0,0,0.0,-3729129.74970459,0.0,46270870.25029541,,,,
2026-06-13,4215.0,67.85900115966797,-0.42837542137339324,0,,,,,0,0,0.0,-3729129.74970459,0.0,46270870.25029541,,,,
2026-06-14,4215.0,67.85900115966797,-0.3656415135194919,0,,,,,0,0,0.0,-3729129.74970459,0.0,46270870.25029541,,,,
2026-06-15,4328.0,70.06600189208984,-0.10537363890113555,0,,,,,0,0,0.0,-3729129.74970459,0.0,46270870.25029541,,,,
2026-06-16,4330.89990234375,69.89900207519531,-0.14793592955683083,0,,,,,0,0,0.0,-3729129.74970459,0.0,46270870.25029541,,,,
2026-06-17,4358.89990234375,70.69599914550781,0.1117507731374264,0,,,,,0,0,0.0,-3729129.74970459,0.0,46270870.25029541,,,,
2026-06-18,4224.10009765625,66.25499725341797,-1.0487994340554023,0,,,,,0,0,0.0,-3729129.74970459,0.0,46270870.25029541,,,,
2026-06-19,4224.10009765625,66.25499725341797,-0.9506922716973499,0,,,,,0,0,0.0,-3729129.74970459,0.0,46270870.25029541,,,,
2026-06-20,4224.10009765625,66.25499725341797,-0.8618710279867051,0,,,,,0,0,0.0,-3729129.74970459,0.0,46270870.25029541,,,,
2026-06-21,4224.10009765625,66.25499725341797,-0.7940684565561102,0,,,,,0,0,0.0,-3729129.74970459,0.0,46270870.25029541,,,,
2026-06-22,4181.89990234375,65.5270004272461,-0.7795507481988081,0,,,,,0,0,0.0,-3729129.74970459,0.0,46270870.25029541,,,,
2026-06-23,4129.89990234375,62.02000045776367,-2.3861161509470143,0,,,,,0,0,0.0,-3729129.74970459,0.0,46270870.25029541,,,,
2026-06-24,3990.300048828125,58.051998138427734,-2.8086979300105734,0,,,,,0,0,0.0,-3729129.74970459,0.0,46270870.25029541,,,,
2026-06-25,4030.5,58.347999572753906,-2.371649544902496,0,,,,,0,0,0.0,-3729129.74970459,0.0,46270870.25029541,,,,
2026-06-26,4078.699951171875,59.21699905395508,-1.9527319811589015,0,,,,,0,0,0.0,-3729129.74970459,0.0,46270870.25029541,,,,
2026-06-27,4078.699951171875,59.21699905395508,-1.6907064745102047,0,,,,,0,0,0.0,-3729129.74970459,0.0,46270870.25029541,,,,
2026-06-28,4078.699951171875,59.21699905395508,-1.49204797965629,0,,,,,0,0,0.0,-3729129.74970459,0.0,46270870.25029541,,,,
2026-06-29,4022.300048828125,58.17499923706055,-1.4057322788288626,0,,,,,0,0,0.0,-3729129.74970459,0.0,46270870.25029541,,,,
2026-06-30,4022.89990234375,59.47700119018555,-0.8543285862529868,0,,,,,0,0,0.0,-3729129.74970459,0.0,46270870.25029541,,,,
2026-07-01,4068.300048828125,60.084999084472656,-0.8231000154238557,0,,,,,0,0,0.0,-3729129.74970459,0.0,46270870.25029541,,,,
2026-07-02,4112.7001953125,60.643001556396484,-0.7925137164253968,0,,,,,0,0,0.0,-3729129.74970459,0.0,46270870.25029541,,,,
2026-07-03,4112.7001953125,60.643001556396484,-0.7120812005505303,0,,,,,0,0,0.0,-3729129.74970459,0.0,46270870.25029541,,,,
2026-07-04,4112.7001953125,60.643001556396484,-0.6350436582531761,0,,,,,0,0,0.0,-3729129.74970459,0.0,46270870.25029541,,,,
2026-07-05,4112.7001953125,60.643001556396484,-0.5602141809998052,0,,,,,0,0,0.0,-3729129.74970459,0.0,46270870.25029541,,,,
2026-07-06,4155.10009765625,61.91999816894531,-0.23033192292418,0,,,,,0,0,0.0,-3729129.74970459,0.0,46270870.25029541,,,,
2026-07-07,4145.2998046875,60.930999755859375,-0.5451195574239208,0,,,,,0,0,0.0,-3729129.74970459,0.0,46270870.25029541,,,,
2026-07-08,4070.89990234375,58.16400146484375,-1.272773197144323,0,,,,,0,0,0.0,-3729129.74970459,0.0,46270870.25029541,,,,
2026-07-09,4130.60009765625,60.37799835205078,-0.5075904540956985,0,,,,,0,0,0.0,-3729129.74970459,0.0,46270870.25029541,,,,
2026-07-10,4104.10009765625,59.808998107910156,-0.5254690624443797,0,,,,,0,0,0.0,-3729129.74970459,0.0,46270870.25029541,,,,
2026-07-11,4104.10009765625,59.808998107910156,-0.46484229322733156,0,,,,,0,0,0.0,-3729129.74970459,0.0,46270870.25029541,,,,
2026-07-12,4104.10009765625,59.808998107910156,-0.46016043254473693,0,,,,,0,0,0.0,-3729129.74970459,0.0,46270870.25029541,,,,
2026-07-13,3997.0,57.63399887084961,-1.1054156102482147,0,,,,,0,0,0.0,-3729129.74970459,0.0,46270870.25029541,,,,
2026-07-14,4061.10009765625,58.77199935913086,-0.8685517223559838,0,,,,,0,0,0.0,-3729129.74970459,0.0,46270870.25029541,,,,
2026-07-15,4044.0,57.11000061035156,-2.5162186492022474,0,,,,,0,0,0.0,-3729129.74970459,0.0,46270870.25029541,,,,
2026-07-16,3985.60009765625,55.89799880981445,-2.324736105321302,0,,,,,0,0,0.0,-3729129.74970459,0.0,46270870.25029541,,,,
2026-07-17,4012.699951171875,56.03799819946289,-2.18483508081029,0,,,,,0,0,0.0,-3729129.74970459,0.0,46270870.25029541,,,,
2026-07-18,4012.699951171875,56.03799819946289,-1.8683322753723308,0,,,,,0,0,0.0,-3729129.74970459,0.0,46270870.25029541,,,,
2026-07-19,4012.699951171875,56.03799819946289,-1.6421733205521594,0,,,,,0,0,0.0,-3729129.74970459,0.0,46270870.25029541,,,,
2026-07-20,4010.300048828125,56.801998138427734,-0.8891484850602863,0,,,,,0,0,0.0,-3729129.74970459,0.0,46270870.25029541,,,,
2026-07-21,4071.10009765625,58.834999084472656,0.04067965405293801,0,,,,,0,0,0.0,-3729129.74970459,0.0,46270870.25029541,,,,
2026-07-22,4146.89990234375,60.01900100708008,0.06273451047090166,0,,,,,0,0,0.0,-3729129.74970459,0.0,46270870.25029541,,,,
2026-07-23,4046.60009765625,57.79800033569336,-0.4066504863368914,0,,,,,0,0,0.0,-3729129.74970459,0.0,46270870.25029541,,,,
2026-07-24,4067.60009765625,58.65599822998047,0.12854184897098667,0,,,,,0,0,0.0,-3729129.74970459,0.0,46270870.25029541,,,,
2026-07-25,4067.60009765625,58.65599822998047,0.19795398090982685,0,,,,,0,0,0.0,-3729129.74970459,0.0,46270870.25029541,,,,
2026-07-26,4067.60009765625,58.65599822998047,0.33041724605548867,0,,,,,0,0,0.0,-3729129.74970459,0.0,46270870.25029541,,,,
2026-07-27,4074.5,58.47200012207031,0.0758185454720723,0,,,,,0,0,0.0,-3729129.74970459,0.0,46270870.25029541,,,,
2026-07-28,4036.300048828125,57.29600143432617,-0.5802674709498296,0,,,,,0,0,0.0,-3729129.74970459,0.0,46270870.25029541,,,,
2026-07-29,4034.699951171875,57.862998962402344,0.19892435563395858,0,,,,,0,0,0.0,-3729129.74970459,0.0,46270870.25029541,,,,
2026-07-30,4100.10009765625,58.814998626708984,0.13774117262806282,0,,,,,0,0,0.0,-3729129.74970459,0.0,46270870.25029541,,,,
2026-07-31,4049.10009765625,57.590999603271484,-0.32213657947126195,0,,,,,0,0,0.0,-3729129.74970459,0.0,46270870.25029541,,,,
2026-08-01,4049.10009765625,57.590999603271484,-0.24575629295464588,0,,,,,0,0,0.0,-3729129.74970459,0.0,46270870.25029541,,,,
2026-08-02,4049.10009765625,57.590999603271484,-0.18618585498904483,0,,,,,0,0,0.0,-3729129.74970459,0.0,46270870.25029541,,,,
2026-08-03,4033.699951171875,57.66699981689453,0.37692125840335966,0,,,,,0,0,0.0,-3729129.74970459,0.0,46270870.25029541,,,,
2026-08-04,4095.39990234375,60.055999755859375,2.1472367024576506,0,,,,,0,0,0.0,-3729129.74970459,0.0,46270870.25029541,,,,
2026-08-05,4245.7998046875,62.0989990234375,1.4489062224923137,0,,,,,0,0,0.0,-3729129.74970459,0.0,46270870.25029541,,,,
2026-08-06,4242.0,61.43899917602539,0.5476587812960282,0,,,,,0,0,0.0,-3729129.74970459,0.0,46270870.25029541,,,,
2026-08-07,4340.7001953125,63.332000732421875,0.9481649440821668,0,,,,,0,0,0.0,-3729129.74970459,0.0,46270870.25029541,,,,
2026-08-08,4340.7001953125,63.332000732421875,0.9251765210864448,0,,,,,0,0,0.0,-3729129.74970459,0.0,46270870.25029541,,,,
2026-08-09,4340.7001953125,63.332000732421875,0.8416116935837445,0,,,,,0,0,0.0,-3729129.74970459,0.0,46270870.25029541,,,,
2026-08-10,4361.7998046875,65.10600280761719,2.775298284683219,0,,,,,0,0,0.0,-3729129.74970459,0.0,46270870.25029541,,,,
2026-08-11,4383.0,64.76899719238281,1.5256420378742754,0,,,,,0,0,0.0,-3729129.74970459,0.0,46270870.25029541,,,,
2026-08-12,4408.89990234375,65.55500030517578,1.7795760453708724,0,,,,,0,0,0.0,-3729129.74970459,0.0,46270870.25029541,,,,
2026-08-13,4363.60009765625,64.87300109863281,1.613957912307287,0,,,,,0,0,0.0,-3729129.74970459,0.0,46270870.25029541,,,,
2026-08-14,4380.39990234375,64.98799896240234,1.2768681609877077,0,,,,,0,0,0.0,-3729129.74970459,0.0,46270870.25029541,,,,
2026-08-15,4380.39990234375,64.98799896240234,1.1561144589483465,0,,,,,0,0,0.0,-3729129.74970459,0.0,46270870.25029541,,,,
2026-08-16,4380.39990234375,64.98799896240234,1.0449800998407055,0,,,,,0,0,0.0,-3729129.74970459,0.0,46270870.25029541,,,,
2026-08-17,4417.7998046875,66.12100219726562,1.486437369469486,0,,,,,0,0,0.0,-3729129.74970459,0.0,46270870.25029541,,,,
2026-08-18,4366.0,63.941001892089844,-0.07965261281697536,0,,,,,0,0,0.0,-3729129.74970459,0.0,46270870.25029541,,,,
2026-08-19,4489.39990234375,65.73400115966797,-0.3488530881736825,0,,,,,0,0,0.0,-3729129.74970459,0.0,46270870.25029541,,,,
2026-08-20,4516.2998046875,68.0260009765625,1.6761570426798222,0,,,,,0,0,0.0,-3729129.74970459,0.0,46270870.25029541,,,,
2026-08-21,4624.10009765625,69.46600341796875,1.23623719522092,0,,,,,0,0,0.0,-3729129.74970459,0.0,46270870.25029541,,,,
2026-08-22,4624.10009765625,69.46600341796875,1.1737218527514606,0,,,,,0,0,0.0,-3729129.74970459,0.0,46270870.25029541,,,,
2026-08-23,4624.10009765625,69.46600341796875,1.10656299723849,0,,,,,0,0,0.0,-3729129.74970459,0.0,46270870.25029541,,,,
2026-08-24,4640.7998046875,68.54100036621094,-0.6313812708531068,0,,,,,0,0,0.0,-3729129.74970459,0.0,46270870.25029541,,,,
2026-08-25,4638.10009765625,68.63600158691406,-0.4501098707660346,0,,,,,0,0,0.0,-3729129.74970459,0.0,46270870.25029541,,,,
2026-08-26,4598.2001953125,67.98999786376953,-0.558031370141025,0,,,,,0,0,0.0,-3729129.74970459,0.0,46270870.25029541,,,,
2026-08-27,4609.7001953125,69.42900085449219,1.3110271764018218,0,,,,,0,0,0.0,-3729129.74970459,0.0,46270870.25029541,,,,
2026-08-28,4478.10009765625,66.99500274658203,0.7229625511987293,0,,,,,0,0,0.0,-3729129.74970459,0.0,46270870.25029541,,,,
2026-08-29,4478.10009765625,66.99500274658203,0.6498336667167126,0,,,,,0,0,0.0,-3729129.74970459,0.0,46270870.25029541,,,,
2026-08-30,4478.10009765625,66.99500274658203,0.6473880611334617,0,,,,,0,0,0.0,-3729129.74970459,0.0,46270870.25029541,,,,
2026-08-31,4431.10009765625,66.22100067138672,0.5532254088756408,0,,,,,0,0,0.0,-3729129.74970459,0.0,46270870.25029541,,,,
2026-09-01,4348.0,64.61799621582031,0.058205295129298416,0,,,,,0,0,0.0,-3729129.74970459,0.0,46270870.25029541,,,,
2026-09-02,4366.2998046875,64.7229995727539,-0.2722216835129112,0,,,,,0,0,0.0,-3729129.74970459,0.0,46270870.25029541,,,,
2026-09-03,4491.7001953125,66.9729995727539,0.13880684179129052,0,,,,,0,0,0.0,-3729129.74970459,0.0,46270870.25029541,,,,
2026-09-04,4429.7998046875,66.0469970703125,0.2423089752065892,0,,,,,0,0,0.0,-3729129.74970459,0.0,46270870.25029541,,,,
2026-09-05,4429.7998046875,66.0469970703125,0.21805473106644946,0,,,,,0,0,0.0,-3729129.74970459,0.0,46270870.25029541,,,,
2026-09-06,4429.7998046875,66.0469970703125,0.24566065280154653,0,,,,,0,0,0.0,-3729129.74970459,0.0,46270870.25029541,,,,
2026-09-07,4429.7998046875,66.0469970703125,0.15938708409637148,0,,,,,0,0,0.0,-3729129.74970459,0.0,46270870.25029541,,,,
2026-09-08,4393.89990234375,66.2969970703125,1.8114424677752163,0,,,,,0,0,0.0,-3729129.74970459,0.0,46270870.25029541,,,,
2026-09-09,4416.0,67.94200134277344,3.174179295078963,0,,,,,0,0,0.0,-3729129.74970459,0.0,46270870.25029541,,,,
2026-09-10,4364.5,64.28399658203125,-1.1642985567130595,0,,,,,0,0,0.0,-3729129.74970459,0.0,46270870.25029541,,,,
2026-09-11,4366.2001953125,64.55400085449219,-0.7291482729268393,0,,,,,0,0,0.0,-3729129.74970459,0.0,46270870.25029541,,,,
2026-09-12,4366.2001953125,64.55400085449219,-0.6666491003682038,0,,,,,0,0,0.0,-3729129.74970459,0.0,46270870.25029541,,,,
2026-09-13,4396.10009765625,64.88500213623047,-0.934052218235968,0,,,,,0,0,0.0,-3729129.74970459,0.0,46270870.25029541,,,,
2026-09-14,4396.10009765625,64.88500213623047,-0.9562675192977255,0,,,,,0,0,0.0,-3729129.74970459,0.0,46270870.25029541,,,,
